Logging terminal output to /home/jesse/oran_lab/logs/run_ue/run_ue_20260526_095101_pid3141571.log
UE cores: 20,21,22,23
UE sample advance: 0
VRTSIM shared memory is ready; starting UE without waiting for non-zero DL samples.
CMDLINE: "./nr-uesoftmodem" "-O" "/home/jesse/oran_lab/ue_test.conf" "-C" "4049760000" "-r" "24" "--numerology" "1" "--band" "77" "--ssb" "24" "-A" "0" "--device.name" "vrtsim" "--vrtsim.role" "client" "--ue-nb-ant-tx" "1" "--ue-nb-ant-rx" "1" 
[UTIL]   running in SA mode (no --phy-test, --do-ra, --nsa option present)
[0m[UTIL]   threadCreate() for Tpool0_-1: creating thread with affinity ffffffff, priority 97
[0m[UTIL]   threadCreate() for Tpool1_-1: creating thread with affinity ffffffff, priority 97
[0m[UTIL]   threadCreate() for Tpool2_-1: creating thread with affinity ffffffff, priority 97
[0m[UTIL]   threadCreate() for Tpool3_-1: creating thread with affinity ffffffff, priority 97
[0m[UTIL]   threadCreate() for Tpool4_-1: creating thread with affinity ffffffff, priority 97
[0m[UTIL]   threadCreate() for Tpool5_-1: creating thread with affinity ffffffff, priority 97
[0m[UTIL]   threadCreate() for Tpool6_-1: creating thread with affinity ffffffff, priority 97
[0m[UTIL]   threadCreate() for Tpool7_-1: creating thread with affinity ffffffff, priority 97
[0m[UTIL]   threadCreate() for Tpool8_-1: creating thread with affinity ffffffff, priority 97
[0m[UTIL]   threadCreate() for Tpool9_-1: creating thread with affinity ffffffff, priority 97
[0m[UTIL]   threadCreate() for Tpool10_-1: creating thread with affinity ffffffff, priority 97
[0m[UTIL]   threadCreate() for Tpool11_-1: creating thread with affinity ffffffff, priority 97
[0m[OPT]    OPT disabled
[0m[HW]     Version: Branch: compression-plus-timing-fix Abrev. Hash: 13fa21ea91 Date: Mon May 25 14:33:49 2026 -0700
[0m[NR_RRC] create TASK_RRC_NRUE 
[0m[UTIL]   threadCreate() for TASK_RRC_NRUE: creating thread with affinity ffffffff, priority 50
[0m[UTIL]   threadCreate() for TASK_NAS_NRUE: creating thread with affinity ffffffff, priority 50
[0m[SIM]    UICC simulation: IMSI=2089900007487, IMEISV=6754567890123413, Ki=fec86ba6eb707ed08905757b1bb44b8f, OPc=C42449363BBAD02B66D16BC975D77CC1
[0m[SIM]    overriding potential uicc0.dnn/nssai_sst/nssai_sd from uicc0.pdu_sessions
[0m[SIM]    will request PDU session ID 1, type 1, DNN oai, NSSAI 1.ffffff
[0m[NR_MAC] [UE0] Initializing MAC
[0m[NR_MAC] Initializing dl and ul config_request. num_slots = 20
[0m[RLC]    Activated srb0 for UE 0
[0m[UTIL]   threadCreate() for time source realtime: creating thread with affinity ffffffff, priority 2
[0m[UTIL]   time manager configuration: [time source: reatime] [mode: standalone] [server IP: 127.0.0.1} [server port: 7374] (server IP/port not used)
[0m[PHY]    Set UE nb_rx_antenna 1, nb_tx_antenna 1, threequarter_fs 0, ofdm_offset_divisor 8
[0m[PHY]    SA init parameters. DL freq 4049760000 UL offset 0 SSB numerology 1 N_RB_DL 24
[0m[PHY]    Init: N_RB_DL 24, first_carrier_offset 368, nb_prefix_samples 36,nb_prefix_samples0 44, ofdm_symbol_size 512
[0m[93m[PHY]    samples_per_subframe 15360/per second 15360000, wCP 14336
[0m[PHY]    Set UE_fo_compensation 0, UE_scan_carrier 0, UE_no_timing_correction 0 
, chest-freq 0, chest-time 0
[0m[UTIL]   threadCreate() for SYNC__actor: creating thread with affinity ffffffff, priority 97
[0m[UTIL]   threadCreate() for DL__actor: creating thread with affinity ffffffff, priority 97
[0m[UTIL]   threadCreate() for DL__actor: creating thread with affinity ffffffff, priority 97
[0m[UTIL]   threadCreate() for DL__actor: creating thread with affinity ffffffff, priority 97
[0m[UTIL]   threadCreate() for DL__actor: creating thread with affinity ffffffff, priority 97
[0m[UTIL]   threadCreate() for UL__actor: creating thread with affinity ffffffff, priority 97
[0m[UTIL]   threadCreate() for UL__actor: creating thread with affinity ffffffff, priority 97
[0m[PHY]    Initializing UE vars for gNB TXant 1, UE RXant 1
[0m[PHY]    prs_config configuration NOT found..!! Skipped configuring UE for the PRS reception
[0m[PHY]    HW: Configuring ru_id 0, sample_rate 15360000.000000, tx/rx num_channels 1/1, duplex_mode TDD
[0m[PHY]    HW: Configuring channel 0 (rf_chain 0): setting tx_freq 4049760000 Hz, rx_freq 4049760000 Hz, tune_offset 0
[0m[PHY]    HW: Configuring channel 0 (rf_chain 0): setting tx_gain 0, rx_gain 110
[0m[UTIL]   threadCreate() for ru_start_thread: creating thread with affinity ffffffff, priority 97
[0m[HW]     VRTSIM: TX sample advance 4096 samples
[0m[HW]     Running as client: will connect to a vrtsim server
[0m[HW]     [RAU] has loaded RFSIMULATOR device.
[0m[HW]     VRTSIM: UE 0/1 - 1x1 antennas, UL offset=0, DL offset=0
[0m[HW]     VRTSIM: client RX aligned to frame boundary current_sample=397675681 aligned_sample=397824000 samples_per_frame=153600
[0m[PHY]    Intializing UE Threads for instance 0 ...
[0m[UTIL]   threadCreate() for UEthread_0: creating thread with affinity ffffffff, priority 97
[0m[UTIL]   threadCreate() for L1_UE_stats_0: creating thread with affinity ffffffff, priority 1
[0m[93m[PHY]    SSB position provided
[0m[93m[NR_PHY] Starting sync detection
[0m[PHY]    [UE thread Synch] Running Initial Synch 
[0m[NR_PHY] Starting cell search with center freq: 4049760000, bandwidth: 24. Scanning for 1 number of GSCN.
[0m[NR_PHY] Scanning GSCN: 0, with SSB offset: 24, SSB Freq: 0.000000
[0m[32m[PHY]    Initial sync: pbch decoded sucessfully, ssb index 0
[0m[PHY]    pbch rx ok. rsrp:74 dB/RE, adjust_rxgain:-24 dB
[0m[NR_PHY] Cell Detected with GSCN: 0, SSB SC offset: 24, SSB Ref: 0.000000, PSS Corr peak: 113 dB, PSS Corr Average: 80
[0m[PHY]    [UE0] In synch, rx_offset 4376 samples
[0m[PHY]    [UE 0] Measured Carrier Frequency offset 2 Hz
[0m[32m[PHY]    Initial sync successful, PCI: 0
[0m[PHY]    HW: Configuring channel 0 (rf_chain 0): setting tx_freq 4049760002 Hz, rx_freq 4049760002 Hz, tune_offset 0
[0m[PHY]    Got synch: hw_slot_offset 1, carrier off 2 Hz
[0m[NR_RRC] [UE 0] BCCH update: phyCellID 0->0, arfcn_ssb 0->669984
[0m[32m[PHY]    UE synchronized! decoded_frame_rx=894 UE->init_sync_frame=1 trashed_frames=2
[0m[PHY]    Resynchronizing RX by 4376 samples
[0m[HW]     received write reorder clear context
[0m[PHY]    max_pos_acc = 0, shiftForNextFrame = 0
[0m[32m[NR_RRC] SIB1 decoded
[0m[NR_MAC] [UE 0] Initial cell selection: dl_frequency=4045440 kHz (from command-line, band=77, scs=1)
[0m[NR_MAC] Initial cell selection: uplink_frequency=4045440 kHz (from dl_frequency=4045440 kHz)
[0m[NR_MAC] TDD period index = 5, based on the sum of dl_UL_TransmissionPeriodicity from Pattern1 (2.500000 ms) and Pattern2 (0.000000 ms): Total = 2.500000 ms
[0m[NR_MAC] Set TDD configuration period to: 4 DL slots, 2 UL slots, 5 slots per period (NR_TDD_UL_DL_Pattern is 3 DL slots, 1 UL slots, 6 DL symbols, 4 UL symbols)
[0m[NR_MAC] Configured 1 TDD patterns (total slots: pattern1 = 5, pattern2 = 0)
[0m[PHY]    N_TA_offset changed from 0 to 200
[0m[MAC]    Initialization of 4-Step CBRA procedure
[0m[NR_MAC] PRACH scheduler: Selected RO Frame 898, Slot 19, Symbol 0, Fdm 0
[0m[PHY]    PRACH [UE 0] in frame.slot 898.19, placing PRACH in position 740, Msg1/MsgA-Preamble frequency start 0 (k1 0), preamble_offset 11, first_nonzero_root_idx 0, preambleIndex = 11
[0m[PHY]    [UE 0] RAR-Msg2 decoded
[0m[NR_MAC] [UE 0][RAPROC][RA-RNTI 010b] Got BI RAR subPDU 5 ms
[0m[NR_MAC] [UE 0][RAPROC][RA-RNTI 010b] Got RAPID RAR subPDU
[0m[32m[NR_MAC] [UE 0][RAPROC][899.10] Found RAR with the intended RAPID 11
[0m[93m[MAC]    received TA command 31
[0m[32m[NR_MAC] [RAPROC][899.18] RA-Msg3 transmitted
[0m[NR_MAC] [RAPROC][900.18] RA-Msg3 retransmitted
[0m[32m[NR_MAC] [UE 0][901.10][RAPROC] 4-Step RA procedure succeeded. CBRA: Contention Resolution is successful.
[0m[NR_RRC] [UE0][RAPROC] Logical Channel DL-CCCH (SRB0), Received NR_RRCSetup
[0m[RLC]    Added srb 1 to UE 0
[0m[NR_RRC] State = NR_RRC_CONNECTED
[0m[NAS]    Generate Initial NAS Message: Registration Request
[0m[MAC]    [UE 0] Applying CellGroupConfig from gNodeB
[0m[NR_RRC] [UE 0][RAPROC] Logical Channel UL-DCCH (SRB1), Generating RRCSetupComplete (bytes32)
[0m[NAS]    [UE 0] Received NR_NAS_CONN_ESTABLISH_IND: asCause 0
[0m[NAS]    [UE 0] Received NAS_DOWNLINK_DATA_IND type FGS_AUTHENTICATION_REQUEST with length 42
[0m[NAS]    [UE 0] Received NAS_DOWNLINK_DATA_IND type FGS_SECURITY_MODE_COMMAND with length 21
[0m[NAS]    Generate Initial NAS Message: Registration Request
[0m[NR_RRC] Received securityModeCommand (gNB 0)
[0m[NR_RRC] Receiving from SRB1 (DL-DCCH), Processing securityModeCommand
[0m[NR_RRC] Security algorithm is set to nea0
[0m[NR_RRC] Integrity protection algorithm is set to nia2
[0m[NR_RRC] Receiving from SRB1 (DL-DCCH), encoding securityModeComplete, rrc_TransactionIdentifier: 0
[0m[NR_RRC] Received Capability Enquiry (gNB 0)
[0m[NR_RRC] Receiving from SRB1 (DL-DCCH), Processing UECapabilityEnquiry
[0m[CONFIG] function config_libconfig_init returned 0
Initializing random number generator, seed 4646979712508747609
Waiting for server to create shared memory segment
UE threads created by 3141578
TYPE <CTRL-C> TO TERMINATE
kausf:f4 be 12 d1 46 d2 d7 2e 74 be 4c 4f e3 38 ca 72 95 a3 e4 ec ab 2b 48 1d 70 4b f2 f6 d4 17 fc dc 
kseaf:72 3e d 1a ba d4 40 e3 12 f7 ff b7 1e cc 89 6a 7c d a2 4f 12 25 87 54 5e d8 d4 92 55 7f 53 72 
kamf:5b c2 e7 1e cb ca f6 1b 43 16 92 38 68 b8 ac 20 92 97 a0 98 23 80 3d 78 37 91 35 b2 67 d5 77 0 
knas_int: fc 9 2d 21 66 81 19 20 6d d fa 50 bc 65 b0 d8 
knas_enc: 76 4b 8c 2c f1 20 33 19 43 8d 78 b0 15 8f 81 a1 
mac f0 8e 1a f7 
[NR_RRC] deriving kRRCenc, kRRCint from KgNB=d0 8b 51 89 76 08 cc 51 35 a3 20 5a 82 03 6d 9b 0e 2a 4c 6a b5 20 6d e0 48 f8 4a e3 7c 31 6b e0 [0m
[NR_RRC] securityModeComplete payload: 28 00 00 00 00 00 00 00 c0 4d 00 30 7b 76 00 00 [0m
<UE-NR-Capability>
    <accessStratumRelease><rel15/></accessStratumRelease>
    <pdcp-Parameters>
        <supportedROHC-Profiles>
            <profile0x0000><false/></profile0x0000>
            <profile0x0001><false/></profile0x0001>
            <profile0x0002><false/></profile0x0002>
            <profile0x0003><false/></profile0x0003>
            <profile0x0004><false/></profile0x0004>
            <profile0x0006><false/></profile0x0006>
            <profile0x0101><false/></profile0x0101>
            <profile0x0102><false/></profile0x0102>
            <profile0x0103><false/></profile0x0103>
            <profile0x0104><false/></profile0x0104>
        </supportedROHC-Profiles>
        <maxNumberROHC-ContextSessions><cs2/></maxNumberROHC-ContextSessions>
    </pdcp-Parameters>
    <phy-Parameters>
    </phy-Parameters>
    <rf-Parameters>
        <supportedBandListNR>
            <BandNR>
                <bandNR>1</bandNR>
            </BandNR>
        </supportedBandListNR>
    </rf-Parameters>
</UE-NR-Capability>
[PHY]    [RRC]UE NR Capability encoded, 10 bytes (86 bits)
[0m[NR_RRC] UECapabilityInformation Encoded 106 bits (14 bytes)
[0m[NAS]    [UE 0] Received NAS_DOWNLINK_DATA_IND type FGS_REGISTRATION_ACCEPT with length 53
[0m[NAS]    Received Registration Accept with result 3GPP
[0m[NAS]    SMS not allowed in 5GS Registration Result
[0m[NR_RRC] 5G-GUTI: AMF pointer 1, AMF Set ID 1, 5G-TMSI 3237143325 
[0m[NAS]    Send NAS_UPLINK_DATA_REQ message(RegistrationComplete)
[0m[NAS]    requested PDU session ID 1 type 1 NSSAI 1.16777215 DNN oai
[0m[NAS]    Send NAS_UPLINK_DATA_REQ message(PduSessionEstablishRequest)
[0m[RLC]    Added srb 2 to UE 0
[0m[RLC]    Added drb 1 to UE 0
[0m[RLC]    Added DRB to UE 0
[0m[NR_RRC] RRCReconfiguration includes radio Bearer Configuration
[0m[MAC]    [UE 0] Applying CellGroupConfig from gNodeB
[0m[SDAP]   Default DRB for the created SDAP entity: DRB 1 
[0m[PDCP]   Added DRB 1 to UE ID 0
[0m[NR_RRC] State = NR_RRC_CONNECTED
[0m[NR_RRC] RRCReconfiguration includes Measurement Configuration
[0m[93m[NR_RRC] Measurement gaps not yet supported!
[0m[NR_RRC] rrcReconfigurationComplete Encoded 10 bits (2 bytes)
[0m[NR_RRC]  Logical Channel UL-DCCH (SRB1), Generating RRCReconfigurationComplete (bytes 2)
[0m[93m[NR_RRC] (active_cell_rsrp) -123 + (rsrp_hysteresis) 0 < (rsrp_threshold) -97
[0m[NAS]    [UE 0] Received NAS_CONN_ESTABLI_CNF: errCode 1, length 98
[0m[NAS]    Received PDU Session Establishment Accept, UE IPv4: 10.0.0.31
[0m[32m[OIP]    TUN Interface oaitun_ue1 successfully configured, IPv4 10.0.0.31, IPv6 (null)
[0m[NR_RRC] MeasurementReport Encoded 53 bits (7 bytes)
[0m[UTIL]   threadCreate() for ue_tun_read_0_p1: creating thread with affinity ffffffff, priority 1
[0m[NR_RRC] MeasurementReport Encoded 53 bits (7 bytes)
[0m[NR_MAC] UE 0 RNTI 5e5d stats sfn: 0.4, cumulated bad DCI 0
    DL harq: 22/0/0/0
    UL harq: 86/78/38/10 avg code rate 0.1, avg bit/symbol 2.1, avg per TB: (nb RBs 5.1, nb symbols 12.9)
[0m[NR_RRC] MeasurementReport Encoded 53 bits (7 bytes)
[0m[NR_RRC] MeasurementReport Encoded 53 bits (7 bytes)
[0m[NR_MAC] UE 0 RNTI 5e5d stats sfn: 128.4, cumulated bad DCI 0
    DL harq: 27/0/0/0
    UL harq: 104/96/49/11 avg code rate 0.1, avg bit/symbol 2.1, avg per TB: (nb RBs 5.1, nb symbols 12.9)
[0m[NR_MAC] [176.1] Received TA_COMMAND 30 TAGID 0 CC_id 0 
[0m[NR_MAC] UE 0 RNTI 5e5d stats sfn: 256.4, cumulated bad DCI 0
    DL harq: 28/0/0/0
    UL harq: 114/106/60/11 avg code rate 0.1, avg bit/symbol 2.0, avg per TB: (nb RBs 5.1, nb symbols 12.9)
[0m[NR_MAC] [276.1] Received TA_COMMAND 32 TAGID 0 CC_id 0 
[0m[NR_MAC] UE 0 RNTI 5e5d stats sfn: 384.4, cumulated bad DCI 0
    DL harq: 31/0/0/0
    UL harq: 133/125/76/12 avg code rate 0.1, avg bit/symbol 2.0, avg per TB: (nb RBs 5.1, nb symbols 12.9)
[0m[NR_MAC] UE 0 RNTI 5e5d stats sfn: 512.4, cumulated bad DCI 0
    DL harq: 32/0/0/0
    UL harq: 144/135/86/12 avg code rate 0.1, avg bit/symbol 2.0, avg per TB: (nb RBs 5.0, nb symbols 12.9)
[0m[NR_MAC] UE 0 RNTI 5e5d stats sfn: 640.4, cumulated bad DCI 0
    DL harq: 33/0/0/0
    UL harq: 154/146/97/12 avg code rate 0.1, avg bit/symbol 2.0, avg per TB: (nb RBs 5.0, nb symbols 13.0)
[0m[NR_MAC] UE 0 RNTI 5e5d stats sfn: 768.4, cumulated bad DCI 0
    DL harq: 34/0/0/0
    UL harq: 165/157/108/12 avg code rate 0.1, avg bit/symbol 2.0, avg per TB: (nb RBs 5.0, nb symbols 13.0)
[0m[NR_MAC] UE 0 RNTI 5e5d stats sfn: 896.4, cumulated bad DCI 0
    DL harq: 36/0/0/0
    UL harq: 176/167/118/12 avg code rate 0.1, avg bit/symbol 2.0, avg per TB: (nb RBs 5.0, nb symbols 13.0)
[0m[NR_MAC] UE 0 RNTI 5e5d stats sfn: 0.4, cumulated bad DCI 0
    DL harq: 37/0/0/0
    UL harq: 186/178/129/12 avg code rate 0.1, avg bit/symbol 2.0, avg per TB: (nb RBs 5.0, nb symbols 13.0)
[0m[NR_MAC] UE 0 RNTI 5e5d stats sfn: 128.4, cumulated bad DCI 0
    DL harq: 39/0/0/0
    UL harq: 211/203/150/16 avg code rate 0.1, avg bit/symbol 2.0, avg per TB: (nb RBs 5.0, nb symbols 13.0)
[0m[NR_MAC] UE 0 RNTI 5e5d stats sfn: 256.4, cumulated bad DCI 0
    DL harq: 41/0/0/0
    UL harq: 222/214/161/16 avg code rate 0.1, avg bit/symbol 2.0, avg per TB: (nb RBs 5.0, nb symbols 13.0)
[0m[NR_MAC] UE 0 RNTI 5e5d stats sfn: 384.4, cumulated bad DCI 0
    DL harq: 42/0/0/0
    UL harq: 233/224/171/16 avg code rate 0.1, avg bit/symbol 2.0, avg per TB: (nb RBs 5.0, nb symbols 13.0)
[0m[NR_MAC] UE 0 RNTI 5e5d stats sfn: 512.4, cumulated bad DCI 0
    DL harq: 43/0/0/0
    UL harq: 243/235/182/16 avg code rate 0.1, avg bit/symbol 2.0, avg per TB: (nb RBs 5.0, nb symbols 13.0)
[0m[NR_MAC] UE 0 RNTI 5e5d stats sfn: 640.4, cumulated bad DCI 0
    DL harq: 44/0/0/0
    UL harq: 254/246/193/16 avg code rate 0.1, avg bit/symbol 2.0, avg per TB: (nb RBs 5.0, nb symbols 13.0)
[0m[NR_MAC] UE 0 RNTI 5e5d stats sfn: 768.4, cumulated bad DCI 0
    DL harq: 46/0/0/0
    UL harq: 265/256/203/16 avg code rate 0.1, avg bit/symbol 2.0, avg per TB: (nb RBs 5.0, nb symbols 13.0)
[0m[NR_MAC] UE 0 RNTI 5e5d stats sfn: 896.4, cumulated bad DCI 0
    DL harq: 47/0/0/0
    UL harq: 275/267/214/16 avg code rate 0.1, avg bit/symbol 2.0, avg per TB: (nb RBs 5.0, nb symbols 13.0)
[0m[NR_MAC] UE 0 RNTI 5e5d stats sfn: 0.4, cumulated bad DCI 0
    DL harq: 48/0/0/0
    UL harq: 286/278/225/16 avg code rate 0.1, avg bit/symbol 2.0, avg per TB: (nb RBs 5.0, nb symbols 13.0)
[0m[NR_MAC] UE 0 RNTI 5e5d stats sfn: 128.4, cumulated bad DCI 0
    DL harq: 50/0/0/0
    UL harq: 297/288/235/16 avg code rate 0.1, avg bit/symbol 2.0, avg per TB: (nb RBs 5.0, nb symbols 13.0)
[0m[NR_MAC] UE 0 RNTI 5e5d stats sfn: 256.4, cumulated bad DCI 0
    DL harq: 51/0/0/0
    UL harq: 307/299/246/16 avg code rate 0.1, avg bit/symbol 2.0, avg per TB: (nb RBs 5.0, nb symbols 13.0)
[0m[NR_MAC] UE 0 RNTI 5e5d stats sfn: 384.4, cumulated bad DCI 0
    DL harq: 52/0/0/0
    UL harq: 318/310/257/16 avg code rate 0.1, avg bit/symbol 2.0, avg per TB: (nb RBs 5.0, nb symbols 13.0)
[0m[NR_MAC] UE 0 RNTI 5e5d stats sfn: 512.4, cumulated bad DCI 0
    DL harq: 57/0/0/0
    UL harq: 342/334/275/21 avg code rate 0.1, avg bit/symbol 2.0, avg per TB: (nb RBs 5.0, nb symbols 13.0)
[0m[NR_MAC] UE 0 RNTI 5e5d stats sfn: 640.4, cumulated bad DCI 0
    DL harq: 59/0/0/0
    UL harq: 353/345/286/21 avg code rate 0.1, avg bit/symbol 2.0, avg per TB: (nb RBs 5.0, nb symbols 13.0)
[0m[NR_MAC] UE 0 RNTI 5e5d stats sfn: 768.4, cumulated bad DCI 0
    DL harq: 60/0/0/0
    UL harq: 364/355/296/21 avg code rate 0.1, avg bit/symbol 2.0, avg per TB: (nb RBs 5.0, nb symbols 13.0)
[0m[NR_MAC] UE 0 RNTI 5e5d stats sfn: 896.4, cumulated bad DCI 0
    DL harq: 61/0/0/0
    UL harq: 374/366/307/21 avg code rate 0.1, avg bit/symbol 2.0, avg per TB: (nb RBs 5.0, nb symbols 13.0)
[0m[NR_MAC] UE 0 RNTI 5e5d stats sfn: 0.4, cumulated bad DCI 0
    DL harq: 62/0/0/0
    UL harq: 385/377/318/21 avg code rate 0.1, avg bit/symbol 2.0, avg per TB: (nb RBs 5.0, nb symbols 13.0)
[0m[NR_MAC] UE 0 RNTI 5e5d stats sfn: 128.4, cumulated bad DCI 0
    DL harq: 64/0/0/0
    UL harq: 396/387/328/21 avg code rate 0.1, avg bit/symbol 2.0, avg per TB: (nb RBs 5.0, nb symbols 13.0)
[0m[NR_MAC] UE 0 RNTI 5e5d stats sfn: 256.4, cumulated bad DCI 0
    DL harq: 65/0/0/0
    UL harq: 406/398/339/21 avg code rate 0.1, avg bit/symbol 2.0, avg per TB: (nb RBs 5.0, nb symbols 13.0)
[0m[NR_MAC] UE 0 RNTI 5e5d stats sfn: 384.4, cumulated bad DCI 0
    DL harq: 66/0/0/0
    UL harq: 417/409/350/21 avg code rate 0.1, avg bit/symbol 2.0, avg per TB: (nb RBs 5.0, nb symbols 13.0)
[0m[NR_MAC] UE 0 RNTI 5e5d stats sfn: 512.4, cumulated bad DCI 0
    DL harq: 76/0/0/0
    UL harq: 482/474/398/31 avg code rate 0.1, avg bit/symbol 2.0, avg per TB: (nb RBs 5.0, nb symbols 13.0)
[0m[NR_MAC] [604.1] Received TA_COMMAND 30 TAGID 0 CC_id 0 
[0m[NR_MAC] UE 0 RNTI 5e5d stats sfn: 640.4, cumulated bad DCI 0
    DL harq: 103/0/0/0
    UL harq: 650/641/506/65 avg code rate 0.1, avg bit/symbol 2.0, avg per TB: (nb RBs 5.0, nb symbols 13.0)
[0m[NR_MAC] [704.1] Received TA_COMMAND 32 TAGID 0 CC_id 0 
[0m[NR_MAC] UE 0 RNTI 5e5d stats sfn: 768.4, cumulated bad DCI 0
    DL harq: 134/0/0/0
    UL harq: 828/817/621/108 avg code rate 0.1, avg bit/symbol 2.0, avg per TB: (nb RBs 5.0, nb symbols 13.0)
[0m[NR_MAC] UE 0 RNTI 5e5d stats sfn: 896.4, cumulated bad DCI 0
    DL harq: 162/0/0/0
    UL harq: 1005/989/739/153 avg code rate 0.1, avg bit/symbol 2.0, avg per TB: (nb RBs 5.0, nb symbols 13.0)
[0m[1;31m[RLC]    bad NACK, bigger than ACK (nack 15 ack 16) (tx_next_ack 16 tx_next 16)
[0m[1;31m[RLC]    error decoding control PDU, discarding
[0m[1;31m[RLC]    bad NACK, bigger than ACK (nack 15 ack 16) (tx_next_ack 16 tx_next 16)
[0m[1;31m[RLC]    error decoding control PDU, discarding
[0m[1;31m[RLC]    bad NACK, bigger than ACK (nack 15 ack 16) (tx_next_ack 16 tx_next 16)
[0m[1;31m[RLC]    error decoding control PDU, discarding
[0m[1;31m[RLC]    bad NACK, bigger than ACK (nack 15 ack 16) (tx_next_ack 16 tx_next 16)
[0m[1;31m[RLC]    error decoding control PDU, discarding
[0m[1;31m[RLC]    bad NACK, bigger than ACK (nack 15 ack 16) (tx_next_ack 16 tx_next 16)
[0m[1;31m[RLC]    error decoding control PDU, discarding
[0m[1;31m[RLC]    bad NACK, bigger than ACK (nack 15 ack 16) (tx_next_ack 16 tx_next 16)
[0m[1;31m[RLC]    error decoding control PDU, discarding
[0m[1;31m[RLC]    bad NACK, bigger than ACK (nack 15 ack 16) (tx_next_ack 16 tx_next 16)
[0m[1;31m[RLC]    error decoding control PDU, discarding
[0m[1;31m[RLC]    bad NACK, bigger than ACK (nack 15 ack 16) (tx_next_ack 16 tx_next 16)
[0m[1;31m[RLC]    error decoding control PDU, discarding
[0m[1;31m[RLC]    bad NACK, bigger than ACK (nack 15 ack 16) (tx_next_ack 16 tx_next 16)
[0m[1;31m[RLC]    error decoding control PDU, discarding
[0m[1;31m[RLC]    bad NACK, bigger than ACK (nack 15 ack 16) (tx_next_ack 16 tx_next 16)
[0m[1;31m[RLC]    error decoding control PDU, discarding
[0m[1;31m[RLC]    bad NACK, bigger than ACK (nack 15 ack 16) (tx_next_ack 16 tx_next 16)
[0m[1;31m[RLC]    error decoding control PDU, discarding
[0m[1;31m[RLC]    bad NACK, bigger than ACK (nack 15 ack 16) (tx_next_ack 16 tx_next 16)
[0m[1;31m[RLC]    error decoding control PDU, discarding
[0m[1;31m[RLC]    bad NACK, bigger than ACK (nack 15 ack 16) (tx_next_ack 16 tx_next 16)
[0m[1;31m[RLC]    error decoding control PDU, discarding
[0m[1;31m[RLC]    bad NACK, bigger than ACK (nack 15 ack 16) (tx_next_ack 16 tx_next 16)
[0m[1;31m[RLC]    error decoding control PDU, discarding
[0m[1;31m[RLC]    bad NACK, bigger than ACK (nack 15 ack 16) (tx_next_ack 16 tx_next 16)
[0m[1;31m[RLC]    error decoding control PDU, discarding
[0m[1;31m[RLC]    bad NACK, bigger than ACK (nack 15 ack 16) (tx_next_ack 16 tx_next 16)
[0m[1;31m[RLC]    error decoding control PDU, discarding
[0m[1;31m[RLC]    bad NACK, bigger than ACK (nack 15 ack 16) (tx_next_ack 16 tx_next 16)
[0m[1;31m[RLC]    error decoding control PDU, discarding
[0m[1;31m[RLC]    bad NACK, bigger than ACK (nack 15 ack 16) (tx_next_ack 16 tx_next 16)
[0m[1;31m[RLC]    error decoding control PDU, discarding
[0m[NR_MAC] UE 0 RNTI 5e5d stats sfn: 0.4, cumulated bad DCI 0
    DL harq: 208/0/0/0
    UL harq: 1176/1159/866/197 avg code rate 0.1, avg bit/symbol 2.0, avg per TB: (nb RBs 5.0, nb symbols 13.0)
[0m[1;31m[RLC]    bad NACK, bigger than ACK (nack 15 ack 16) (tx_next_ack 16 tx_next 16)
[0m[1;31m[RLC]    error decoding control PDU, discarding
[0m[1;31m[RLC]    bad NACK, bigger than ACK (nack 15 ack 16) (tx_next_ack 16 tx_next 16)
[0m[1;31m[RLC]    error decoding control PDU, discarding
[0m[1;31m[RLC]    bad NACK, bigger than ACK (nack 15 ack 16) (tx_next_ack 16 tx_next 16)
[0m[1;31m[RLC]    error decoding control PDU, discarding
[0m[1;31m[RLC]    bad NACK, bigger than ACK (nack 15 ack 16) (tx_next_ack 16 tx_next 16)
[0m[1;31m[RLC]    error decoding control PDU, discarding
[0m[1;31m[RLC]    bad NACK, bigger than ACK (nack 15 ack 16) (tx_next_ack 16 tx_next 16)
[0m[1;31m[RLC]    error decoding control PDU, discarding
[0m[1;31m[RLC]    bad NACK, bigger than ACK (nack 15 ack 16) (tx_next_ack 16 tx_next 16)
[0m[1;31m[RLC]    error decoding control PDU, discarding
[0m[1;31m[RLC]    bad NACK, bigger than ACK (nack 15 ack 16) (tx_next_ack 16 tx_next 16)
[0m[1;31m[RLC]    error decoding control PDU, discarding
[0m[1;31m[RLC]    bad NACK, bigger than ACK (nack 15 ack 16) (tx_next_ack 16 tx_next 16)
[0m[1;31m[RLC]    error decoding control PDU, discarding
[0m[1;31m[RLC]    bad NACK, bigger than ACK (nack 15 ack 16) (tx_next_ack 16 tx_next 16)
[0m[1;31m[RLC]    error decoding control PDU, discarding
[0m[1;31m[RLC]    bad NACK, bigger than ACK (nack 15 ack 16) (tx_next_ack 16 tx_next 16)
[0m[1;31m[RLC]    error decoding control PDU, discarding
[0m[1;31m[RLC]    bad NACK, bigger than ACK (nack 15 ack 16) (tx_next_ack 16 tx_next 16)
[0m[1;31m[RLC]    error decoding control PDU, discarding
[0m[1;31m[RLC]    bad NACK, bigger than ACK (nack 15 ack 16) (tx_next_ack 16 tx_next 16)
[0m[1;31m[RLC]    error decoding control PDU, discarding
[0m[1;31m[RLC]    bad NACK, bigger than ACK (nack 15 ack 16) (tx_next_ack 16 tx_next 16)
[0m[1;31m[RLC]    error decoding control PDU, discarding
[0m[1;31m[RLC]    bad NACK, bigger than ACK (nack 15 ack 16) (tx_next_ack 16 tx_next 16)
[0m[1;31m[RLC]    error decoding control PDU, discarding
[0m[1;31m[RLC]    bad NACK, bigger than ACK (nack 15 ack 16) (tx_next_ack 16 tx_next 16)
[0m[1;31m[RLC]    error decoding control PDU, discarding
[0m[1;31m[RLC]    bad NACK, bigger than ACK (nack 15 ack 16) (tx_next_ack 16 tx_next 16)
[0m[1;31m[RLC]    error decoding control PDU, discarding
[0m[1;31m[RLC]    bad NACK, bigger than ACK (nack 15 ack 16) (tx_next_ack 16 tx_next 16)
[0m[1;31m[RLC]    error decoding control PDU, discarding
[0m[1;31m[RLC]    bad NACK, bigger than ACK (nack 15 ack 16) (tx_next_ack 16 tx_next 16)
[0m[1;31m[RLC]    error decoding control PDU, discarding
[0m[1;31m[RLC]    bad NACK, bigger than ACK (nack 15 ack 16) (tx_next_ack 16 tx_next 16)
[0m[1;31m[RLC]    error decoding control PDU, discarding
[0m[1;31m[RLC]    bad NACK, bigger than ACK (nack 15 ack 16) (tx_next_ack 16 tx_next 16)
[0m[1;31m[RLC]    error decoding control PDU, discarding
[0m[1;31m[RLC]    bad NACK, bigger than ACK (nack 15 ack 16) (tx_next_ack 16 tx_next 17)
[0m[1;31m[RLC]    error decoding control PDU, discarding
[0m[1;31m[RLC]    bad NACK, bigger than ACK (nack 15 ack 16) (tx_next_ack 16 tx_next 17)
[0m[1;31m[RLC]    error decoding control PDU, discarding
[0m[1;31m[RLC]    bad NACK, bigger than ACK (nack 15 ack 17) (tx_next_ack 16 tx_next 17)
[0m[1;31m[RLC]    error decoding control PDU, discarding
[0m[1;31m[RLC]    bad NACK, bigger than ACK (nack 15 ack 17) (tx_next_ack 16 tx_next 17)
[0m[1;31m[RLC]    error decoding control PDU, discarding
[0m[1;31m[RLC]    bad NACK, bigger than ACK (nack 15 ack 17) (tx_next_ack 16 tx_next 17)
[0m[1;31m[RLC]    error decoding control PDU, discarding
[0m[1;31m[RLC]    bad NACK, bigger than ACK (nack 15 ack 17) (tx_next_ack 16 tx_next 17)
[0m[1;31m[RLC]    error decoding control PDU, discarding
[0m[1;31m[RLC]    bad NACK, bigger than ACK (nack 15 ack 17) (tx_next_ack 16 tx_next 17)
[0m[1;31m[RLC]    error decoding control PDU, discarding
[0m[1;31m[RLC]    bad NACK, bigger than ACK (nack 15 ack 17) (tx_next_ack 16 tx_next 17)
[0m[1;31m[RLC]    error decoding control PDU, discarding
[0m[1;31m[RLC]    bad NACK, bigger than ACK (nack 15 ack 17) (tx_next_ack 16 tx_next 17)
[0m[1;31m[RLC]    error decoding control PDU, discarding
[0m[1;31m[RLC]    bad NACK, bigger than ACK (nack 15 ack 17) (tx_next_ack 16 tx_next 17)
[0m[1;31m[RLC]    error decoding control PDU, discarding
[0m[1;31m[RLC]    bad NACK, bigger than ACK (nack 15 ack 17) (tx_next_ack 16 tx_next 17)
[0m[1;31m[RLC]    error decoding control PDU, discarding
[0m[1;31m[RLC]    bad NACK, bigger than ACK (nack 15 ack 17) (tx_next_ack 16 tx_next 17)
[0m[1;31m[RLC]    error decoding control PDU, discarding
[0m[1;31m[RLC]    bad NACK, bigger than ACK (nack 15 ack 17) (tx_next_ack 16 tx_next 17)
[0m[1;31m[RLC]    error decoding control PDU, discarding
[0m[1;31m[RLC]    bad NACK, bigger than ACK (nack 15 ack 17) (tx_next_ack 16 tx_next 17)
[0m[1;31m[RLC]    error decoding control PDU, discarding
[0m[1;31m[RLC]    bad NACK, bigger than ACK (nack 15 ack 17) (tx_next_ack 16 tx_next 17)
[0m[1;31m[RLC]    error decoding control PDU, discarding
[0m[1;31m[RLC]    bad NACK, bigger than ACK (nack 15 ack 17) (tx_next_ack 16 tx_next 17)
[0m[1;31m[RLC]    error decoding control PDU, discarding
[0m[1;31m[RLC]    bad NACK, bigger than ACK (nack 15 ack 17) (tx_next_ack 16 tx_next 17)
[0m[1;31m[RLC]    error decoding control PDU, discarding
[0m[1;31m[RLC]    bad NACK, bigger than ACK (nack 15 ack 17) (tx_next_ack 16 tx_next 17)
[0m[1;31m[RLC]    error decoding control PDU, discarding
[0m[1;31m[RLC]    bad NACK, bigger than ACK (nack 15 ack 17) (tx_next_ack 16 tx_next 17)
[0m[1;31m[RLC]    error decoding control PDU, discarding
[0m[1;31m[RLC]    bad NACK, bigger than ACK (nack 15 ack 17) (tx_next_ack 16 tx_next 17)
[0m[1;31m[RLC]    error decoding control PDU, discarding
[0m[1;31m[RLC]    bad NACK, bigger than ACK (nack 15 ack 17) (tx_next_ack 16 tx_next 17)
[0m[1;31m[RLC]    error decoding control PDU, discarding
[0m[1;31m[RLC]    bad NACK, bigger than ACK (nack 15 ack 17) (tx_next_ack 16 tx_next 17)
[0m[1;31m[RLC]    error decoding control PDU, discarding
[0m[1;31m[RLC]    bad NACK, bigger than ACK (nack 15 ack 17) (tx_next_ack 16 tx_next 17)
[0m[1;31m[RLC]    error decoding control PDU, discarding
[0m[NR_MAC] [80.1] Received TA_COMMAND 30 TAGID 0 CC_id 0 
[0m[1;31m[RLC]    bad NACK, bigger than ACK (nack 15 ack 17) (tx_next_ack 16 tx_next 17)
[0m[1;31m[RLC]    error decoding control PDU, discarding
[0m[1;31m[RLC]    bad NACK, bigger than ACK (nack 15 ack 17) (tx_next_ack 16 tx_next 17)
[0m[1;31m[RLC]    error decoding control PDU, discarding
[0m[1;31m[RLC]    bad NACK, bigger than ACK (nack 15 ack 17) (tx_next_ack 16 tx_next 17)
[0m[1;31m[RLC]    error decoding control PDU, discarding
[0m[1;31m[RLC]    bad NACK, bigger than ACK (nack 15 ack 17) (tx_next_ack 16 tx_next 17)
[0m[1;31m[RLC]    error decoding control PDU, discarding
[0m[1;31m[RLC]    bad NACK, bigger than ACK (nack 15 ack 17) (tx_next_ack 16 tx_next 17)
[0m[1;31m[RLC]    error decoding control PDU, discarding
[0m[1;31m[RLC]    bad NACK, bigger than ACK (nack 15 ack 17) (tx_next_ack 16 tx_next 17)
[0m[1;31m[RLC]    error decoding control PDU, discarding
[0m[1;31m[RLC]    bad NACK, bigger than ACK (nack 15 ack 17) (tx_next_ack 16 tx_next 17)
[0m[1;31m[RLC]    error decoding control PDU, discarding
[0m[1;31m[RLC]    bad NACK, bigger than ACK (nack 15 ack 17) (tx_next_ack 16 tx_next 17)
[0m[1;31m[RLC]    error decoding control PDU, discarding
[0m[1;31m[RLC]    bad NACK, bigger than ACK (nack 15 ack 17) (tx_next_ack 16 tx_next 17)
[0m[1;31m[RLC]    error decoding control PDU, discarding
[0m[1;31m[RLC]    bad NACK, bigger than ACK (nack 15 ack 17) (tx_next_ack 16 tx_next 17)
[0m[1;31m[RLC]    error decoding control PDU, discarding
[0m[1;31m[RLC]    bad NACK, bigger than ACK (nack 15 ack 17) (tx_next_ack 16 tx_next 17)
[0m[1;31m[RLC]    error decoding control PDU, discarding
[0m[1;31m[RLC]    bad NACK, bigger than ACK (nack 15 ack 17) (tx_next_ack 16 tx_next 17)
[0m[1;31m[RLC]    error decoding control PDU, discarding
[0m[1;31m[RLC]    bad NACK, bigger than ACK (nack 15 ack 17) (tx_next_ack 16 tx_next 17)
[0m[1;31m[RLC]    error decoding control PDU, discarding
[0m[1;31m[RLC]    bad NACK, bigger than ACK (nack 15 ack 17) (tx_next_ack 16 tx_next 17)
[0m[1;31m[RLC]    error decoding control PDU, discarding
[0m[1;31m[RLC]    bad NACK, bigger than ACK (nack 15 ack 17) (tx_next_ack 16 tx_next 17)
[0m[1;31m[RLC]    error decoding control PDU, discarding
[0m[1;31m[RLC]    bad NACK, bigger than ACK (nack 15 ack 17) (tx_next_ack 16 tx_next 17)
[0m[1;31m[RLC]    error decoding control PDU, discarding
[0m[1;31m[RLC]    bad NACK, bigger than ACK (nack 15 ack 17) (tx_next_ack 16 tx_next 17)
[0m[1;31m[RLC]    error decoding control PDU, discarding
[0m[1;31m[RLC]    bad NACK, bigger than ACK (nack 15 ack 17) (tx_next_ack 16 tx_next 17)
[0m[1;31m[RLC]    error decoding control PDU, discarding
[0m[1;31m[RLC]    bad NACK, bigger than ACK (nack 15 ack 17) (tx_next_ack 16 tx_next 17)
[0m[1;31m[RLC]    error decoding control PDU, discarding
[0m[1;31m[RLC]    bad NACK, bigger than ACK (nack 15 ack 17) (tx_next_ack 16 tx_next 17)
[0m[1;31m[RLC]    error decoding control PDU, discarding
[0m[1;31m[RLC]    bad NACK, bigger than ACK (nack 15 ack 17) (tx_next_ack 16 tx_next 17)
[0m[1;31m[RLC]    error decoding control PDU, discarding
[0m[1;31m[RLC]    bad NACK, bigger than ACK (nack 15 ack 17) (tx_next_ack 16 tx_next 17)
[0m[1;31m[RLC]    error decoding control PDU, discarding
[0m[1;31m[RLC]    bad NACK, bigger than ACK (nack 15 ack 17) (tx_next_ack 16 tx_next 17)
[0m[1;31m[RLC]    error decoding control PDU, discarding
[0m[1;31m[RLC]    bad NACK, bigger than ACK (nack 15 ack 17) (tx_next_ack 16 tx_next 17)
[0m[1;31m[RLC]    error decoding control PDU, discarding
[0m[1;31m[RLC]    bad NACK, bigger than ACK (nack 15 ack 17) (tx_next_ack 16 tx_next 17)
[0m[1;31m[RLC]    error decoding control PDU, discarding
[0m[1;31m[RLC]    bad NACK, bigger than ACK (nack 15 ack 17) (tx_next_ack 16 tx_next 17)
[0m[1;31m[RLC]    error decoding control PDU, discarding
[0m[1;31m[RLC]    bad NACK, bigger than ACK (nack 15 ack 17) (tx_next_ack 16 tx_next 17)
[0m[1;31m[RLC]    error decoding control PDU, discarding
[0m[1;31m[RLC]    bad NACK, bigger than ACK (nack 15 ack 17) (tx_next_ack 16 tx_next 17)
[0m[1;31m[RLC]    error decoding control PDU, discarding
[0m[NR_MAC] UE 0 RNTI 5e5d stats sfn: 128.4, cumulated bad DCI 0
    DL harq: 281/0/0/0
    UL harq: 1356/1337/977/240 avg code rate 0.1, avg bit/symbol 2.0, avg per TB: (nb RBs 5.0, nb symbols 13.0)
[0m[1;31m[RLC]    bad NACK, bigger than ACK (nack 15 ack 17) (tx_next_ack 16 tx_next 17)
[0m[1;31m[RLC]    error decoding control PDU, discarding
[0m[1;31m[RLC]    bad NACK, bigger than ACK (nack 15 ack 17) (tx_next_ack 16 tx_next 17)
[0m[1;31m[RLC]    error decoding control PDU, discarding
[0m[1;31m[RLC]    bad NACK, bigger than ACK (nack 15 ack 17) (tx_next_ack 16 tx_next 17)
[0m[1;31m[RLC]    error decoding control PDU, discarding
[0m[1;31m[RLC]    bad NACK, bigger than ACK (nack 15 ack 17) (tx_next_ack 16 tx_next 17)
[0m[1;31m[RLC]    error decoding control PDU, discarding
[0m[1;31m[RLC]    bad NACK, bigger than ACK (nack 15 ack 17) (tx_next_ack 16 tx_next 17)
[0m[1;31m[RLC]    error decoding control PDU, discarding
[0m[1;31m[RLC]    bad NACK, bigger than ACK (nack 15 ack 17) (tx_next_ack 16 tx_next 17)
[0m[1;31m[RLC]    error decoding control PDU, discarding
[0m[1;31m[RLC]    bad NACK, bigger than ACK (nack 15 ack 17) (tx_next_ack 16 tx_next 17)
[0m[1;31m[RLC]    error decoding control PDU, discarding
[0m[1;31m[RLC]    bad NACK, bigger than ACK (nack 15 ack 17) (tx_next_ack 16 tx_next 17)
[0m[1;31m[RLC]    error decoding control PDU, discarding
[0m[1;31m[RLC]    bad NACK, bigger than ACK (nack 15 ack 17) (tx_next_ack 16 tx_next 17)
[0m[1;31m[RLC]    error decoding control PDU, discarding
[0m[1;31m[RLC]    bad NACK, bigger than ACK (nack 15 ack 17) (tx_next_ack 16 tx_next 17)
[0m[1;31m[RLC]    error decoding control PDU, discarding
[0m[1;31m[RLC]    bad NACK, bigger than ACK (nack 15 ack 17) (tx_next_ack 16 tx_next 18)
[0m[1;31m[RLC]    error decoding control PDU, discarding
[0m[1;31m[RLC]    bad NACK, bigger than ACK (nack 15 ack 17) (tx_next_ack 16 tx_next 18)
[0m[1;31m[RLC]    error decoding control PDU, discarding
[0m[1;31m[RLC]    bad NACK, bigger than ACK (nack 15 ack 17) (tx_next_ack 16 tx_next 18)
[0m[1;31m[RLC]    error decoding control PDU, discarding
[0m[1;31m[RLC]    bad NACK, bigger than ACK (nack 15 ack 18) (tx_next_ack 16 tx_next 18)
[0m[1;31m[RLC]    error decoding control PDU, discarding
[0m[1;31m[RLC]    bad NACK, bigger than ACK (nack 15 ack 18) (tx_next_ack 16 tx_next 18)
[0m[1;31m[RLC]    error decoding control PDU, discarding
[0m[1;31m[RLC]    bad NACK, bigger than ACK (nack 15 ack 18) (tx_next_ack 16 tx_next 18)
[0m[1;31m[RLC]    error decoding control PDU, discarding
[0m[1;31m[RLC]    bad NACK, bigger than ACK (nack 15 ack 18) (tx_next_ack 16 tx_next 18)
[0m[1;31m[RLC]    error decoding control PDU, discarding
[0m[1;31m[RLC]    bad NACK, bigger than ACK (nack 15 ack 18) (tx_next_ack 16 tx_next 18)
[0m[1;31m[RLC]    error decoding control PDU, discarding
[0m[1;31m[RLC]    bad NACK, bigger than ACK (nack 15 ack 18) (tx_next_ack 16 tx_next 18)
[0m[1;31m[RLC]    error decoding control PDU, discarding
[0m[1;31m[RLC]    bad NACK, bigger than ACK (nack 15 ack 18) (tx_next_ack 16 tx_next 18)
[0m[1;31m[RLC]    error decoding control PDU, discarding
[0m[1;31m[RLC]    bad NACK, bigger than ACK (nack 15 ack 18) (tx_next_ack 16 tx_next 18)
[0m[1;31m[RLC]    error decoding control PDU, discarding
[0m[1;31m[RLC]    bad NACK, bigger than ACK (nack 15 ack 18) (tx_next_ack 16 tx_next 18)
[0m[1;31m[RLC]    error decoding control PDU, discarding
[0m[1;31m[RLC]    bad NACK, bigger than ACK (nack 15 ack 18) (tx_next_ack 16 tx_next 18)
[0m[1;31m[RLC]    error decoding control PDU, discarding
[0m[1;31m[RLC]    bad NACK, bigger than ACK (nack 15 ack 18) (tx_next_ack 16 tx_next 18)
[0m[1;31m[RLC]    error decoding control PDU, discarding
[0m[1;31m[RLC]    bad NACK, bigger than ACK (nack 15 ack 18) (tx_next_ack 16 tx_next 18)
[0m[1;31m[RLC]    error decoding control PDU, discarding
[0m[1;31m[RLC]    bad NACK, bigger than ACK (nack 15 ack 18) (tx_next_ack 16 tx_next 18)
[0m[1;31m[RLC]    error decoding control PDU, discarding
[0m[1;31m[RLC]    bad NACK, bigger than ACK (nack 15 ack 18) (tx_next_ack 16 tx_next 18)
[0m[1;31m[RLC]    error decoding control PDU, discarding
[0m[1;31m[RLC]    bad NACK, bigger than ACK (nack 15 ack 18) (tx_next_ack 16 tx_next 18)
[0m[1;31m[RLC]    error decoding control PDU, discarding
[0m[1;31m[RLC]    bad NACK, bigger than ACK (nack 15 ack 18) (tx_next_ack 16 tx_next 18)
[0m[1;31m[RLC]    error decoding control PDU, discarding
[0m[1;31m[RLC]    bad NACK, bigger than ACK (nack 15 ack 18) (tx_next_ack 16 tx_next 18)
[0m[1;31m[RLC]    error decoding control PDU, discarding
[0m[NR_MAC] [180.1] Received TA_COMMAND 32 TAGID 0 CC_id 0 
[0m[1;31m[RLC]    bad NACK, bigger than ACK (nack 15 ack 18) (tx_next_ack 16 tx_next 18)
[0m[1;31m[RLC]    error decoding control PDU, discarding
[0m[1;31m[RLC]    bad NACK, bigger than ACK (nack 15 ack 18) (tx_next_ack 16 tx_next 18)
[0m[1;31m[RLC]    error decoding control PDU, discarding
[0m[1;31m[RLC]    bad NACK, bigger than ACK (nack 15 ack 18) (tx_next_ack 16 tx_next 18)
[0m[1;31m[RLC]    error decoding control PDU, discarding
[0m[1;31m[RLC]    bad NACK, bigger than ACK (nack 15 ack 18) (tx_next_ack 16 tx_next 18)
[0m[1;31m[RLC]    error decoding control PDU, discarding
[0m[1;31m[RLC]    bad NACK, bigger than ACK (nack 15 ack 18) (tx_next_ack 16 tx_next 18)
[0m[1;31m[RLC]    error decoding control PDU, discarding
[0m[1;31m[RLC]    bad NACK, bigger than ACK (nack 15 ack 18) (tx_next_ack 16 tx_next 18)
[0m[1;31m[RLC]    error decoding control PDU, discarding
[0m[1;31m[RLC]    bad NACK, bigger than ACK (nack 15 ack 18) (tx_next_ack 16 tx_next 18)
[0m[1;31m[RLC]    error decoding control PDU, discarding
[0m[1;31m[RLC]    bad NACK, bigger than ACK (nack 15 ack 18) (tx_next_ack 16 tx_next 18)
[0m[1;31m[RLC]    error decoding control PDU, discarding
[0m[1;31m[RLC]    bad NACK, bigger than ACK (nack 15 ack 18) (tx_next_ack 16 tx_next 18)
[0m[1;31m[RLC]    error decoding control PDU, discarding
[0m[1;31m[RLC]    bad NACK, bigger than ACK (nack 15 ack 18) (tx_next_ack 16 tx_next 18)
[0m[1;31m[RLC]    error decoding control PDU, discarding
[0m[1;31m[RLC]    bad NACK, bigger than ACK (nack 15 ack 18) (tx_next_ack 16 tx_next 18)
[0m[1;31m[RLC]    error decoding control PDU, discarding
[0m[1;31m[RLC]    bad NACK, bigger than ACK (nack 15 ack 18) (tx_next_ack 16 tx_next 18)
[0m[1;31m[RLC]    error decoding control PDU, discarding
[0m[1;31m[RLC]    bad NACK, bigger than ACK (nack 15 ack 18) (tx_next_ack 16 tx_next 18)
[0m[1;31m[RLC]    error decoding control PDU, discarding
[0m[1;31m[RLC]    bad NACK, bigger than ACK (nack 15 ack 18) (tx_next_ack 16 tx_next 18)
[0m[1;31m[RLC]    error decoding control PDU, discarding
[0m[1;31m[RLC]    bad NACK, bigger than ACK (nack 15 ack 18) (tx_next_ack 16 tx_next 18)
[0m[1;31m[RLC]    error decoding control PDU, discarding
[0m[1;31m[RLC]    bad NACK, bigger than ACK (nack 15 ack 18) (tx_next_ack 16 tx_next 18)
[0m[1;31m[RLC]    error decoding control PDU, discarding
[0m[1;31m[RLC]    bad NACK, bigger than ACK (nack 15 ack 18) (tx_next_ack 16 tx_next 18)
[0m[1;31m[RLC]    error decoding control PDU, discarding
[0m[1;31m[RLC]    bad NACK, bigger than ACK (nack 15 ack 18) (tx_next_ack 16 tx_next 18)
[0m[1;31m[RLC]    error decoding control PDU, discarding
[0m[1;31m[RLC]    bad NACK, bigger than ACK (nack 15 ack 18) (tx_next_ack 16 tx_next 18)
[0m[1;31m[RLC]    error decoding control PDU, discarding
[0m[1;31m[RLC]    bad NACK, bigger than ACK (nack 15 ack 18) (tx_next_ack 16 tx_next 18)
[0m[1;31m[RLC]    error decoding control PDU, discarding
[0m[1;31m[RLC]    bad NACK, bigger than ACK (nack 15 ack 18) (tx_next_ack 16 tx_next 18)
[0m[1;31m[RLC]    error decoding control PDU, discarding
[0m[1;31m[RLC]    bad NACK, bigger than ACK (nack 15 ack 18) (tx_next_ack 16 tx_next 18)
[0m[1;31m[RLC]    error decoding control PDU, discarding
[0m[1;31m[RLC]    bad NACK, bigger than ACK (nack 15 ack 18) (tx_next_ack 16 tx_next 18)
[0m[1;31m[RLC]    error decoding control PDU, discarding
[0m[1;31m[RLC]    bad NACK, bigger than ACK (nack 15 ack 18) (tx_next_ack 16 tx_next 18)
[0m[1;31m[RLC]    error decoding control PDU, discarding
[0m[1;31m[RLC]    bad NACK, bigger than ACK (nack 15 ack 18) (tx_next_ack 16 tx_next 18)
[0m[1;31m[RLC]    error decoding control PDU, discarding
[0m[1;31m[RLC]    bad NACK, bigger than ACK (nack 15 ack 18) (tx_next_ack 16 tx_next 18)
[0m[1;31m[RLC]    error decoding control PDU, discarding
[0m[1;31m[RLC]    bad NACK, bigger than ACK (nack 15 ack 18) (tx_next_ack 16 tx_next 18)
[0m[1;31m[RLC]    error decoding control PDU, discarding
[0m[1;31m[RLC]    bad NACK, bigger than ACK (nack 15 ack 18) (tx_next_ack 16 tx_next 18)
[0m[1;31m[RLC]    error decoding control PDU, discarding
[0m[1;31m[RLC]    bad NACK, bigger than ACK (nack 15 ack 18) (tx_next_ack 16 tx_next 18)
[0m[1;31m[RLC]    error decoding control PDU, discarding
[0m[1;31m[RLC]    bad NACK, bigger than ACK (nack 15 ack 18) (tx_next_ack 16 tx_next 18)
[0m[1;31m[RLC]    error decoding control PDU, discarding
[0m[1;31m[RLC]    bad NACK, bigger than ACK (nack 15 ack 18) (tx_next_ack 16 tx_next 18)
[0m[1;31m[RLC]    error decoding control PDU, discarding
[0m[1;31m[RLC]    bad NACK, bigger than ACK (nack 15 ack 18) (tx_next_ack 16 tx_next 18)
[0m[1;31m[RLC]    error decoding control PDU, discarding
[0m[1;31m[RLC]    bad NACK, bigger than ACK (nack 15 ack 18) (tx_next_ack 16 tx_next 18)
[0m[1;31m[RLC]    error decoding control PDU, discarding
[0m[1;31m[RLC]    bad NACK, bigger than ACK (nack 15 ack 18) (tx_next_ack 16 tx_next 18)
[0m[1;31m[RLC]    error decoding control PDU, discarding
[0m[1;31m[RLC]    bad NACK, bigger than ACK (nack 15 ack 18) (tx_next_ack 16 tx_next 18)
[0m[1;31m[RLC]    error decoding control PDU, discarding
[0m[1;31m[RLC]    bad NACK, bigger than ACK (nack 15 ack 18) (tx_next_ack 16 tx_next 18)
[0m[1;31m[RLC]    error decoding control PDU, discarding
[0m[1;31m[RLC]    bad NACK, bigger than ACK (nack 15 ack 18) (tx_next_ack 16 tx_next 18)
[0m[1;31m[RLC]    error decoding control PDU, discarding
[0m[1;31m[RLC]    bad NACK, bigger than ACK (nack 15 ack 18) (tx_next_ack 16 tx_next 18)
[0m[1;31m[RLC]    error decoding control PDU, discarding
[0m[1;31m[RLC]    bad NACK, bigger than ACK (nack 15 ack 18) (tx_next_ack 16 tx_next 18)
[0m[1;31m[RLC]    error decoding control PDU, discarding
[0m[1;31m[RLC]    bad NACK, bigger than ACK (nack 15 ack 18) (tx_next_ack 16 tx_next 18)
[0m[1;31m[RLC]    error decoding control PDU, discarding
[0m[1;31m[RLC]    bad NACK, bigger than ACK (nack 15 ack 18) (tx_next_ack 16 tx_next 18)
[0m[1;31m[RLC]    error decoding control PDU, discarding
[0m[1;31m[RLC]    bad NACK, bigger than ACK (nack 15 ack 18) (tx_next_ack 16 tx_next 19)
[0m[1;31m[RLC]    error decoding control PDU, discarding
[0m[1;31m[RLC]    bad NACK, bigger than ACK (nack 15 ack 18) (tx_next_ack 16 tx_next 19)
[0m[1;31m[RLC]    error decoding control PDU, discarding
[0m[1;31m[RLC]    bad NACK, bigger than ACK (nack 15 ack 18) (tx_next_ack 16 tx_next 19)
[0m[1;31m[RLC]    error decoding control PDU, discarding
[0m[NR_MAC] UE 0 RNTI 5e5d stats sfn: 256.4, cumulated bad DCI 0
    DL harq: 355/13/1/0
    UL harq: 1538/1518/1083/283 avg code rate 0.1, avg bit/symbol 2.0, avg per TB: (nb RBs 5.0, nb symbols 13.0)
[0m[1;31m[RLC]    bad NACK, bigger than ACK (nack 15 ack 18) (tx_next_ack 16 tx_next 19)
[0m[1;31m[RLC]    error decoding control PDU, discarding
[0m[1;31m[RLC]    bad NACK, bigger than ACK (nack 15 ack 19) (tx_next_ack 16 tx_next 19)
[0m[1;31m[RLC]    error decoding control PDU, discarding
[0m[1;31m[RLC]    bad NACK, bigger than ACK (nack 15 ack 19) (tx_next_ack 16 tx_next 19)
[0m[1;31m[RLC]    error decoding control PDU, discarding
[0m[1;31m[RLC]    bad NACK, bigger than ACK (nack 15 ack 19) (tx_next_ack 16 tx_next 19)
[0m[1;31m[RLC]    error decoding control PDU, discarding
[0m[1;31m[RLC]    bad NACK, bigger than ACK (nack 15 ack 19) (tx_next_ack 16 tx_next 19)
[0m[1;31m[RLC]    error decoding control PDU, discarding
[0m[1;31m[RLC]    bad NACK, bigger than ACK (nack 15 ack 19) (tx_next_ack 16 tx_next 19)
[0m[1;31m[RLC]    error decoding control PDU, discarding
[0m[1;31m[RLC]    bad NACK, bigger than ACK (nack 15 ack 19) (tx_next_ack 16 tx_next 19)
[0m[1;31m[RLC]    error decoding control PDU, discarding
[0m[1;31m[RLC]    bad NACK, bigger than ACK (nack 15 ack 19) (tx_next_ack 16 tx_next 19)
[0m[1;31m[RLC]    error decoding control PDU, discarding
[0m[1;31m[RLC]    bad NACK, bigger than ACK (nack 15 ack 19) (tx_next_ack 16 tx_next 19)
[0m[1;31m[RLC]    error decoding control PDU, discarding
[0m[1;31m[RLC]    bad NACK, bigger than ACK (nack 15 ack 19) (tx_next_ack 16 tx_next 19)
[0m[1;31m[RLC]    error decoding control PDU, discarding
[0m[1;31m[RLC]    bad NACK, bigger than ACK (nack 15 ack 19) (tx_next_ack 16 tx_next 19)
[0m[1;31m[RLC]    error decoding control PDU, discarding
[0m[1;31m[RLC]    bad NACK, bigger than ACK (nack 15 ack 19) (tx_next_ack 16 tx_next 19)
[0m[1;31m[RLC]    error decoding control PDU, discarding
[0m[1;31m[RLC]    bad NACK, bigger than ACK (nack 15 ack 19) (tx_next_ack 16 tx_next 19)
[0m[1;31m[RLC]    error decoding control PDU, discarding
[0m[1;31m[RLC]    bad NACK, bigger than ACK (nack 15 ack 19) (tx_next_ack 16 tx_next 19)
[0m[1;31m[RLC]    error decoding control PDU, discarding
[0m[1;31m[RLC]    bad NACK, bigger than ACK (nack 15 ack 19) (tx_next_ack 16 tx_next 19)
[0m[1;31m[RLC]    error decoding control PDU, discarding
[0m[1;31m[RLC]    bad NACK, bigger than ACK (nack 15 ack 19) (tx_next_ack 16 tx_next 19)
[0m[1;31m[RLC]    error decoding control PDU, discarding
[0m[1;31m[RLC]    bad NACK, bigger than ACK (nack 15 ack 19) (tx_next_ack 16 tx_next 19)
[0m[1;31m[RLC]    error decoding control PDU, discarding
[0m[1;31m[RLC]    bad NACK, bigger than ACK (nack 15 ack 19) (tx_next_ack 16 tx_next 19)
[0m[1;31m[RLC]    error decoding control PDU, discarding
[0m[1;31m[RLC]    bad NACK, bigger than ACK (nack 15 ack 19) (tx_next_ack 16 tx_next 19)
[0m[1;31m[RLC]    error decoding control PDU, discarding
[0m[1;31m[RLC]    bad NACK, bigger than ACK (nack 15 ack 19) (tx_next_ack 16 tx_next 19)
[0m[1;31m[RLC]    error decoding control PDU, discarding
[0m[1;31m[RLC]    bad NACK, bigger than ACK (nack 15 ack 19) (tx_next_ack 16 tx_next 19)
[0m[1;31m[RLC]    error decoding control PDU, discarding
[0m[1;31m[RLC]    bad NACK, bigger than ACK (nack 15 ack 19) (tx_next_ack 16 tx_next 19)
[0m[1;31m[RLC]    error decoding control PDU, discarding
[0m[1;31m[RLC]    bad NACK, bigger than ACK (nack 15 ack 19) (tx_next_ack 16 tx_next 19)
[0m[1;31m[RLC]    error decoding control PDU, discarding
[0m[1;31m[RLC]    bad NACK, bigger than ACK (nack 15 ack 19) (tx_next_ack 16 tx_next 19)
[0m[1;31m[RLC]    error decoding control PDU, discarding
[0m[1;31m[RLC]    bad NACK, bigger than ACK (nack 15 ack 19) (tx_next_ack 16 tx_next 19)
[0m[1;31m[RLC]    error decoding control PDU, discarding
[0m[1;31m[RLC]    1 SDU rejected, SDU buffer full
[0m[1;31m[RLC]    bad NACK, bigger than ACK (nack 15 ack 19) (tx_next_ack 16 tx_next 19)
[0m[1;31m[RLC]    error decoding control PDU, discarding
[0m[1;31m[RLC]    bad NACK, bigger than ACK (nack 15 ack 19) (tx_next_ack 16 tx_next 19)
[0m[1;31m[RLC]    error decoding control PDU, discarding
[0m[1;31m[RLC]    bad NACK, bigger than ACK (nack 15 ack 19) (tx_next_ack 16 tx_next 19)
[0m[1;31m[RLC]    error decoding control PDU, discarding
[0m[1;31m[RLC]    bad NACK, bigger than ACK (nack 15 ack 19) (tx_next_ack 16 tx_next 19)
[0m[1;31m[RLC]    error decoding control PDU, discarding
[0m[1;31m[RLC]    bad NACK, bigger than ACK (nack 15 ack 19) (tx_next_ack 16 tx_next 19)
[0m[1;31m[RLC]    error decoding control PDU, discarding
[0m[1;31m[RLC]    bad NACK, bigger than ACK (nack 15 ack 19) (tx_next_ack 16 tx_next 19)
[0m[1;31m[RLC]    error decoding control PDU, discarding
[0m[1;31m[RLC]    bad NACK, bigger than ACK (nack 15 ack 19) (tx_next_ack 16 tx_next 19)
[0m[1;31m[RLC]    error decoding control PDU, discarding
[0m[1;31m[RLC]    bad NACK, bigger than ACK (nack 15 ack 19) (tx_next_ack 16 tx_next 19)
[0m[1;31m[RLC]    error decoding control PDU, discarding
[0m[1;31m[RLC]    bad NACK, bigger than ACK (nack 15 ack 19) (tx_next_ack 16 tx_next 19)
[0m[1;31m[RLC]    error decoding control PDU, discarding
[0m[1;31m[RLC]    bad NACK, bigger than ACK (nack 15 ack 19) (tx_next_ack 16 tx_next 19)
[0m[1;31m[RLC]    error decoding control PDU, discarding
[0m[1;31m[RLC]    bad NACK, bigger than ACK (nack 15 ack 19) (tx_next_ack 16 tx_next 19)
[0m[1;31m[RLC]    error decoding control PDU, discarding
[0m[1;31m[RLC]    bad NACK, bigger than ACK (nack 15 ack 19) (tx_next_ack 16 tx_next 19)
[0m[1;31m[RLC]    error decoding control PDU, discarding
[0m[1;31m[RLC]    bad NACK, bigger than ACK (nack 15 ack 19) (tx_next_ack 16 tx_next 19)
[0m[1;31m[RLC]    error decoding control PDU, discarding
[0m[1;31m[RLC]    bad NACK, bigger than ACK (nack 15 ack 19) (tx_next_ack 16 tx_next 19)
[0m[1;31m[RLC]    error decoding control PDU, discarding
[0m[1;31m[RLC]    bad NACK, bigger than ACK (nack 15 ack 19) (tx_next_ack 16 tx_next 19)
[0m[1;31m[RLC]    error decoding control PDU, discarding
[0m[1;31m[RLC]    bad NACK, bigger than ACK (nack 15 ack 19) (tx_next_ack 16 tx_next 19)
[0m[1;31m[RLC]    error decoding control PDU, discarding
[0m[1;31m[RLC]    bad NACK, bigger than ACK (nack 15 ack 19) (tx_next_ack 16 tx_next 19)
[0m[1;31m[RLC]    error decoding control PDU, discarding
[0m[1;31m[RLC]    bad NACK, bigger than ACK (nack 15 ack 19) (tx_next_ack 16 tx_next 19)
[0m[1;31m[RLC]    error decoding control PDU, discarding
[0m[1;31m[RLC]    bad NACK, bigger than ACK (nack 15 ack 19) (tx_next_ack 16 tx_next 19)
[0m[1;31m[RLC]    error decoding control PDU, discarding
[0m[1;31m[RLC]    bad NACK, bigger than ACK (nack 15 ack 19) (tx_next_ack 16 tx_next 19)
[0m[1;31m[RLC]    error decoding control PDU, discarding
[0m[1;31m[RLC]    bad NACK, bigger than ACK (nack 15 ack 19) (tx_next_ack 16 tx_next 19)
[0m[1;31m[RLC]    error decoding control PDU, discarding
[0m[1;31m[RLC]    bad NACK, bigger than ACK (nack 15 ack 19) (tx_next_ack 16 tx_next 19)
[0m[1;31m[RLC]    error decoding control PDU, discarding
[0m[1;31m[RLC]    bad NACK, bigger than ACK (nack 15 ack 19) (tx_next_ack 16 tx_next 19)
[0m[1;31m[RLC]    error decoding control PDU, discarding
[0m[1;31m[RLC]    bad NACK, bigger than ACK (nack 15 ack 18) (tx_next_ack 16 tx_next 19)
[0m[1;31m[RLC]    error decoding control PDU, discarding
[0m[1;31m[RLC]    bad NACK, bigger than ACK (nack 15 ack 19) (tx_next_ack 16 tx_next 19)
[0m[1;31m[RLC]    error decoding control PDU, discarding
[0m[1;31m[RLC]    bad NACK, bigger than ACK (nack 15 ack 19) (tx_next_ack 16 tx_next 19)
[0m[1;31m[RLC]    error decoding control PDU, discarding
[0m[1;31m[RLC]    bad NACK, bigger than ACK (nack 15 ack 19) (tx_next_ack 16 tx_next 19)
[0m[1;31m[RLC]    error decoding control PDU, discarding
[0m[1;31m[RLC]    bad NACK, bigger than ACK (nack 15 ack 19) (tx_next_ack 16 tx_next 19)
[0m[1;31m[RLC]    error decoding control PDU, discarding
[0m[1;31m[RLC]    bad NACK, bigger than ACK (nack 15 ack 19) (tx_next_ack 16 tx_next 19)
[0m[1;31m[RLC]    error decoding control PDU, discarding
[0m[1;31m[RLC]    bad NACK, bigger than ACK (nack 15 ack 19) (tx_next_ack 16 tx_next 19)
[0m[1;31m[RLC]    error decoding control PDU, discarding
[0m[1;31m[RLC]    bad NACK, bigger than ACK (nack 15 ack 18) (tx_next_ack 16 tx_next 19)
[0m[1;31m[RLC]    error decoding control PDU, discarding
[0m[1;31m[RLC]    bad NACK, bigger than ACK (nack 15 ack 19) (tx_next_ack 16 tx_next 20)
[0m[1;31m[RLC]    error decoding control PDU, discarding
[0m[1;31m[RLC]    bad NACK, bigger than ACK (nack 15 ack 19) (tx_next_ack 16 tx_next 20)
[0m[1;31m[RLC]    error decoding control PDU, discarding
[0m[1;31m[RLC]    bad NACK, bigger than ACK (nack 15 ack 19) (tx_next_ack 16 tx_next 20)
[0m[1;31m[RLC]    error decoding control PDU, discarding
[0m[1;31m[RLC]    bad NACK, bigger than ACK (nack 15 ack 18) (tx_next_ack 16 tx_next 20)
[0m[1;31m[RLC]    error decoding control PDU, discarding
[0m[1;31m[RLC]    bad NACK, bigger than ACK (nack 15 ack 20) (tx_next_ack 16 tx_next 20)
[0m[1;31m[RLC]    error decoding control PDU, discarding
[0m[1;31m[RLC]    bad NACK, bigger than ACK (nack 15 ack 20) (tx_next_ack 16 tx_next 20)
[0m[1;31m[RLC]    error decoding control PDU, discarding
[0m[1;31m[RLC]    bad NACK, bigger than ACK (nack 15 ack 20) (tx_next_ack 16 tx_next 20)
[0m[1;31m[RLC]    error decoding control PDU, discarding
[0m[1;31m[RLC]    bad NACK, bigger than ACK (nack 15 ack 20) (tx_next_ack 16 tx_next 20)
[0m[1;31m[RLC]    error decoding control PDU, discarding
[0m[1;31m[RLC]    bad NACK, bigger than ACK (nack 15 ack 18) (tx_next_ack 16 tx_next 20)
[0m[1;31m[RLC]    error decoding control PDU, discarding
[0m[1;31m[RLC]    bad NACK, bigger than ACK (nack 15 ack 20) (tx_next_ack 16 tx_next 20)
[0m[1;31m[RLC]    error decoding control PDU, discarding
[0m[1;31m[RLC]    bad NACK, bigger than ACK (nack 15 ack 20) (tx_next_ack 16 tx_next 20)
[0m[1;31m[RLC]    error decoding control PDU, discarding
[0m[1;31m[RLC]    bad NACK, bigger than ACK (nack 15 ack 20) (tx_next_ack 16 tx_next 20)
[0m[1;31m[RLC]    error decoding control PDU, discarding
[0m[1;31m[RLC]    bad NACK, bigger than ACK (nack 15 ack 20) (tx_next_ack 16 tx_next 20)
[0m[1;31m[RLC]    error decoding control PDU, discarding
[0m[NR_MAC] UE 0 RNTI 5e5d stats sfn: 384.4, cumulated bad DCI 0
    DL harq: 428/25/10/1
    UL harq: 1716/1691/1206/321 avg code rate 0.1, avg bit/symbol 2.0, avg per TB: (nb RBs 5.0, nb symbols 13.0)
[0m[1;31m[RLC]    bad NACK, bigger than ACK (nack 15 ack 18) (tx_next_ack 16 tx_next 20)
[0m[1;31m[RLC]    error decoding control PDU, discarding
[0m[1;31m[RLC]    bad NACK, bigger than ACK (nack 15 ack 20) (tx_next_ack 16 tx_next 20)
[0m[1;31m[RLC]    error decoding control PDU, discarding
[0m[1;31m[RLC]    bad NACK, bigger than ACK (nack 15 ack 20) (tx_next_ack 16 tx_next 20)
[0m[1;31m[RLC]    error decoding control PDU, discarding
[0m[1;31m[RLC]    bad NACK, bigger than ACK (nack 15 ack 18) (tx_next_ack 16 tx_next 20)
[0m[1;31m[RLC]    error decoding control PDU, discarding
[0m[1;31m[RLC]    bad NACK, bigger than ACK (nack 15 ack 20) (tx_next_ack 16 tx_next 20)
[0m[1;31m[RLC]    error decoding control PDU, discarding
[0m[1;31m[RLC]    bad NACK, bigger than ACK (nack 15 ack 20) (tx_next_ack 16 tx_next 20)
[0m[1;31m[RLC]    error decoding control PDU, discarding
[0m[1;31m[RLC]    bad NACK, bigger than ACK (nack 15 ack 20) (tx_next_ack 16 tx_next 20)
[0m[1;31m[RLC]    error decoding control PDU, discarding
[0m[1;31m[RLC]    bad NACK, bigger than ACK (nack 15 ack 20) (tx_next_ack 16 tx_next 20)
[0m[1;31m[RLC]    error decoding control PDU, discarding
[0m[1;31m[RLC]    bad NACK, bigger than ACK (nack 15 ack 20) (tx_next_ack 16 tx_next 20)
[0m[1;31m[RLC]    error decoding control PDU, discarding
[0m[1;31m[RLC]    bad NACK, bigger than ACK (nack 15 ack 20) (tx_next_ack 16 tx_next 20)
[0m[1;31m[RLC]    error decoding control PDU, discarding
[0m[1;31m[RLC]    bad NACK, bigger than ACK (nack 15 ack 18) (tx_next_ack 16 tx_next 20)
[0m[1;31m[RLC]    error decoding control PDU, discarding
[0m[1;31m[RLC]    4319 SDU rejected, SDU buffer full
[0m[1;31m[RLC]    bad NACK, bigger than ACK (nack 15 ack 20) (tx_next_ack 16 tx_next 20)
[0m[1;31m[RLC]    error decoding control PDU, discarding
[0m[1;31m[RLC]    bad NACK, bigger than ACK (nack 15 ack 20) (tx_next_ack 16 tx_next 20)
[0m[1;31m[RLC]    error decoding control PDU, discarding
[0m[1;31m[RLC]    bad NACK, bigger than ACK (nack 15 ack 20) (tx_next_ack 16 tx_next 20)
[0m[1;31m[RLC]    error decoding control PDU, discarding
[0m[1;31m[RLC]    bad NACK, bigger than ACK (nack 15 ack 20) (tx_next_ack 16 tx_next 20)
[0m[1;31m[RLC]    error decoding control PDU, discarding
[0m[1;31m[RLC]    bad NACK, bigger than ACK (nack 15 ack 20) (tx_next_ack 16 tx_next 20)
[0m[1;31m[RLC]    error decoding control PDU, discarding
[0m[1;31m[RLC]    bad NACK, bigger than ACK (nack 15 ack 18) (tx_next_ack 16 tx_next 20)
[0m[1;31m[RLC]    error decoding control PDU, discarding
[0m[1;31m[RLC]    bad NACK, bigger than ACK (nack 15 ack 20) (tx_next_ack 16 tx_next 20)
[0m[1;31m[RLC]    error decoding control PDU, discarding
[0m[1;31m[RLC]    bad NACK, bigger than ACK (nack 15 ack 20) (tx_next_ack 16 tx_next 20)
[0m[1;31m[RLC]    error decoding control PDU, discarding
[0m[1;31m[RLC]    bad NACK, bigger than ACK (nack 15 ack 20) (tx_next_ack 16 tx_next 20)
[0m[1;31m[RLC]    error decoding control PDU, discarding
[0m[1;31m[RLC]    bad NACK, bigger than ACK (nack 15 ack 20) (tx_next_ack 16 tx_next 20)
[0m[1;31m[RLC]    error decoding control PDU, discarding
[0m[1;31m[RLC]    bad NACK, bigger than ACK (nack 15 ack 18) (tx_next_ack 16 tx_next 20)
[0m[1;31m[RLC]    error decoding control PDU, discarding
[0m[1;31m[RLC]    bad NACK, bigger than ACK (nack 15 ack 20) (tx_next_ack 16 tx_next 20)
[0m[1;31m[RLC]    error decoding control PDU, discarding
[0m[1;31m[RLC]    bad NACK, bigger than ACK (nack 15 ack 20) (tx_next_ack 16 tx_next 20)
[0m[1;31m[RLC]    error decoding control PDU, discarding
[0m[1;31m[RLC]    bad NACK, bigger than ACK (nack 15 ack 20) (tx_next_ack 16 tx_next 20)
[0m[1;31m[RLC]    error decoding control PDU, discarding
[0m[1;31m[RLC]    bad NACK, bigger than ACK (nack 15 ack 20) (tx_next_ack 16 tx_next 20)
[0m[1;31m[RLC]    error decoding control PDU, discarding
[0m[1;31m[RLC]    bad NACK, bigger than ACK (nack 15 ack 20) (tx_next_ack 16 tx_next 20)
[0m[1;31m[RLC]    error decoding control PDU, discarding
[0m[1;31m[RLC]    bad NACK, bigger than ACK (nack 15 ack 20) (tx_next_ack 16 tx_next 20)
[0m[1;31m[RLC]    error decoding control PDU, discarding
[0m[1;31m[RLC]    bad NACK, bigger than ACK (nack 15 ack 20) (tx_next_ack 16 tx_next 20)
[0m[1;31m[RLC]    error decoding control PDU, discarding
[0m[1;31m[RLC]    bad NACK, bigger than ACK (nack 15 ack 20) (tx_next_ack 16 tx_next 20)
[0m[1;31m[RLC]    error decoding control PDU, discarding
[0m[1;31m[RLC]    bad NACK, bigger than ACK (nack 15 ack 18) (tx_next_ack 16 tx_next 20)
[0m[1;31m[RLC]    error decoding control PDU, discarding
[0m[1;31m[RLC]    bad NACK, bigger than ACK (nack 15 ack 20) (tx_next_ack 16 tx_next 20)
[0m[1;31m[RLC]    error decoding control PDU, discarding
[0m[1;31m[RLC]    bad NACK, bigger than ACK (nack 15 ack 20) (tx_next_ack 16 tx_next 20)
[0m[1;31m[RLC]    error decoding control PDU, discarding
[0m[1;31m[RLC]    bad NACK, bigger than ACK (nack 15 ack 20) (tx_next_ack 16 tx_next 20)
[0m[1;31m[RLC]    error decoding control PDU, discarding
[0m[1;31m[RLC]    bad NACK, bigger than ACK (nack 15 ack 20) (tx_next_ack 16 tx_next 20)
[0m[1;31m[RLC]    error decoding control PDU, discarding
[0m[1;31m[RLC]    bad NACK, bigger than ACK (nack 15 ack 20) (tx_next_ack 16 tx_next 20)
[0m[1;31m[RLC]    error decoding control PDU, discarding
[0m[1;31m[RLC]    bad NACK, bigger than ACK (nack 15 ack 20) (tx_next_ack 16 tx_next 20)
[0m[1;31m[RLC]    error decoding control PDU, discarding
[0m[1;31m[RLC]    bad NACK, bigger than ACK (nack 15 ack 20) (tx_next_ack 16 tx_next 20)
[0m[1;31m[RLC]    error decoding control PDU, discarding
[0m[1;31m[RLC]    bad NACK, bigger than ACK (nack 15 ack 18) (tx_next_ack 16 tx_next 20)
[0m[1;31m[RLC]    error decoding control PDU, discarding
[0m[1;31m[RLC]    bad NACK, bigger than ACK (nack 15 ack 20) (tx_next_ack 16 tx_next 20)
[0m[1;31m[RLC]    error decoding control PDU, discarding
[0m[1;31m[RLC]    bad NACK, bigger than ACK (nack 15 ack 20) (tx_next_ack 16 tx_next 20)
[0m[1;31m[RLC]    error decoding control PDU, discarding
[0m[1;31m[RLC]    bad NACK, bigger than ACK (nack 15 ack 20) (tx_next_ack 16 tx_next 20)
[0m[1;31m[RLC]    error decoding control PDU, discarding
[0m[1;31m[RLC]    bad NACK, bigger than ACK (nack 15 ack 20) (tx_next_ack 16 tx_next 20)
[0m[1;31m[RLC]    error decoding control PDU, discarding
[0m[1;31m[RLC]    bad NACK, bigger than ACK (nack 15 ack 18) (tx_next_ack 16 tx_next 20)
[0m[1;31m[RLC]    error decoding control PDU, discarding
[0m[1;31m[RLC]    bad NACK, bigger than ACK (nack 15 ack 20) (tx_next_ack 16 tx_next 20)
[0m[1;31m[RLC]    error decoding control PDU, discarding
[0m[1;31m[RLC]    bad NACK, bigger than ACK (nack 15 ack 20) (tx_next_ack 16 tx_next 20)
[0m[1;31m[RLC]    error decoding control PDU, discarding
[0m[1;31m[RLC]    bad NACK, bigger than ACK (nack 15 ack 20) (tx_next_ack 16 tx_next 20)
[0m[1;31m[RLC]    error decoding control PDU, discarding
[0m[1;31m[RLC]    bad NACK, bigger than ACK (nack 15 ack 18) (tx_next_ack 16 tx_next 20)
[0m[1;31m[RLC]    error decoding control PDU, discarding
[0m[1;31m[RLC]    bad NACK, bigger than ACK (nack 15 ack 20) (tx_next_ack 16 tx_next 20)
[0m[1;31m[RLC]    error decoding control PDU, discarding
[0m[1;31m[RLC]    bad NACK, bigger than ACK (nack 15 ack 20) (tx_next_ack 16 tx_next 20)
[0m[1;31m[RLC]    error decoding control PDU, discarding
[0m[1;31m[RLC]    bad NACK, bigger than ACK (nack 15 ack 20) (tx_next_ack 16 tx_next 20)
[0m[1;31m[RLC]    error decoding control PDU, discarding
[0m[1;31m[RLC]    bad NACK, bigger than ACK (nack 15 ack 20) (tx_next_ack 16 tx_next 20)
[0m[1;31m[RLC]    error decoding control PDU, discarding
[0m[1;31m[RLC]    bad NACK, bigger than ACK (nack 15 ack 20) (tx_next_ack 16 tx_next 21)
[0m[1;31m[RLC]    error decoding control PDU, discarding
[0m[1;31m[RLC]    bad NACK, bigger than ACK (nack 15 ack 18) (tx_next_ack 16 tx_next 21)
[0m[1;31m[RLC]    error decoding control PDU, discarding
[0m[1;31m[RLC]    bad NACK, bigger than ACK (nack 15 ack 20) (tx_next_ack 16 tx_next 21)
[0m[1;31m[RLC]    error decoding control PDU, discarding
[0m[1;31m[RLC]    bad NACK, bigger than ACK (nack 15 ack 21) (tx_next_ack 16 tx_next 21)
[0m[1;31m[RLC]    error decoding control PDU, discarding
[0m[1;31m[RLC]    bad NACK, bigger than ACK (nack 15 ack 18) (tx_next_ack 16 tx_next 21)
[0m[1;31m[RLC]    error decoding control PDU, discarding
[0m[1;31m[RLC]    bad NACK, bigger than ACK (nack 15 ack 21) (tx_next_ack 16 tx_next 21)
[0m[1;31m[RLC]    error decoding control PDU, discarding
[0m[1;31m[RLC]    bad NACK, bigger than ACK (nack 15 ack 21) (tx_next_ack 16 tx_next 21)
[0m[1;31m[RLC]    error decoding control PDU, discarding
[0m[1;31m[RLC]    bad NACK, bigger than ACK (nack 15 ack 21) (tx_next_ack 16 tx_next 21)
[0m[1;31m[RLC]    error decoding control PDU, discarding
[0m[1;31m[RLC]    bad NACK, bigger than ACK (nack 15 ack 21) (tx_next_ack 16 tx_next 21)
[0m[1;31m[RLC]    error decoding control PDU, discarding
[0m[1;31m[RLC]    bad NACK, bigger than ACK (nack 15 ack 21) (tx_next_ack 16 tx_next 21)
[0m[1;31m[RLC]    error decoding control PDU, discarding
[0m[1;31m[RLC]    bad NACK, bigger than ACK (nack 15 ack 21) (tx_next_ack 16 tx_next 21)
[0m[1;31m[RLC]    error decoding control PDU, discarding
[0m[1;31m[RLC]    bad NACK, bigger than ACK (nack 15 ack 21) (tx_next_ack 16 tx_next 21)
[0m[1;31m[RLC]    error decoding control PDU, discarding
[0m[1;31m[RLC]    bad NACK, bigger than ACK (nack 15 ack 21) (tx_next_ack 16 tx_next 21)
[0m[1;31m[RLC]    error decoding control PDU, discarding
[0m[1;31m[RLC]    4321 SDU rejected, SDU buffer full
[0m[1;31m[RLC]    bad NACK, bigger than ACK (nack 15 ack 21) (tx_next_ack 16 tx_next 21)
[0m[1;31m[RLC]    error decoding control PDU, discarding
[0m[1;31m[RLC]    bad NACK, bigger than ACK (nack 15 ack 21) (tx_next_ack 16 tx_next 21)
[0m[1;31m[RLC]    error decoding control PDU, discarding
[0m[1;31m[RLC]    bad NACK, bigger than ACK (nack 15 ack 18) (tx_next_ack 16 tx_next 21)
[0m[1;31m[RLC]    error decoding control PDU, discarding
[0m[1;31m[RLC]    bad NACK, bigger than ACK (nack 15 ack 21) (tx_next_ack 16 tx_next 21)
[0m[1;31m[RLC]    error decoding control PDU, discarding
[0m[NR_MAC] UE 0 RNTI 5e5d stats sfn: 512.4, cumulated bad DCI 0
    DL harq: 500/33/10/1
    UL harq: 1886/1859/1332/369 avg code rate 0.1, avg bit/symbol 2.0, avg per TB: (nb RBs 5.0, nb symbols 13.0)
[0m[1;31m[RLC]    bad NACK, bigger than ACK (nack 15 ack 21) (tx_next_ack 16 tx_next 21)
[0m[1;31m[RLC]    error decoding control PDU, discarding
[0m[1;31m[RLC]    bad NACK, bigger than ACK (nack 15 ack 21) (tx_next_ack 16 tx_next 21)
[0m[1;31m[RLC]    error decoding control PDU, discarding
[0m[1;31m[RLC]    bad NACK, bigger than ACK (nack 15 ack 21) (tx_next_ack 16 tx_next 21)
[0m[1;31m[RLC]    error decoding control PDU, discarding
[0m[1;31m[RLC]    bad NACK, bigger than ACK (nack 15 ack 18) (tx_next_ack 16 tx_next 21)
[0m[1;31m[RLC]    error decoding control PDU, discarding
[0m[1;31m[RLC]    bad NACK, bigger than ACK (nack 15 ack 21) (tx_next_ack 16 tx_next 21)
[0m[1;31m[RLC]    error decoding control PDU, discarding
[0m[1;31m[RLC]    bad NACK, bigger than ACK (nack 15 ack 21) (tx_next_ack 16 tx_next 21)
[0m[1;31m[RLC]    error decoding control PDU, discarding
[0m[1;31m[RLC]    bad NACK, bigger than ACK (nack 15 ack 21) (tx_next_ack 16 tx_next 21)
[0m[1;31m[RLC]    error decoding control PDU, discarding
[0m[1;31m[RLC]    bad NACK, bigger than ACK (nack 15 ack 21) (tx_next_ack 16 tx_next 21)
[0m[1;31m[RLC]    error decoding control PDU, discarding
[0m[1;31m[RLC]    bad NACK, bigger than ACK (nack 15 ack 21) (tx_next_ack 16 tx_next 21)
[0m[1;31m[RLC]    error decoding control PDU, discarding
[0m[1;31m[RLC]    bad NACK, bigger than ACK (nack 15 ack 17) (tx_next_ack 16 tx_next 21)
[0m[1;31m[RLC]    error decoding control PDU, discarding
[0m[1;31m[RLC]    bad NACK, bigger than ACK (nack 15 ack 21) (tx_next_ack 16 tx_next 21)
[0m[1;31m[RLC]    error decoding control PDU, discarding
[0m[1;31m[RLC]    bad NACK, bigger than ACK (nack 15 ack 21) (tx_next_ack 16 tx_next 21)
[0m[1;31m[RLC]    error decoding control PDU, discarding
[0m[1;31m[RLC]    bad NACK, bigger than ACK (nack 15 ack 17) (tx_next_ack 16 tx_next 21)
[0m[1;31m[RLC]    error decoding control PDU, discarding
[0m[1;31m[RLC]    bad NACK, bigger than ACK (nack 15 ack 21) (tx_next_ack 16 tx_next 21)
[0m[1;31m[RLC]    error decoding control PDU, discarding
[0m[1;31m[RLC]    bad NACK, bigger than ACK (nack 15 ack 21) (tx_next_ack 16 tx_next 21)
[0m[1;31m[RLC]    error decoding control PDU, discarding
[0m[1;31m[RLC]    bad NACK, bigger than ACK (nack 15 ack 21) (tx_next_ack 16 tx_next 21)
[0m[1;31m[RLC]    error decoding control PDU, discarding
[0m[1;31m[RLC]    bad NACK, bigger than ACK (nack 15 ack 21) (tx_next_ack 16 tx_next 21)
[0m[1;31m[RLC]    error decoding control PDU, discarding
[0m[1;31m[RLC]    bad NACK, bigger than ACK (nack 15 ack 21) (tx_next_ack 16 tx_next 21)
[0m[1;31m[RLC]    error decoding control PDU, discarding
[0m[1;31m[RLC]    bad NACK, bigger than ACK (nack 15 ack 21) (tx_next_ack 16 tx_next 21)
[0m[1;31m[RLC]    error decoding control PDU, discarding
[0m[1;31m[RLC]    bad NACK, bigger than ACK (nack 15 ack 21) (tx_next_ack 16 tx_next 21)
[0m[1;31m[RLC]    error decoding control PDU, discarding
[0m[1;31m[RLC]    bad NACK, bigger than ACK (nack 15 ack 17) (tx_next_ack 16 tx_next 21)
[0m[1;31m[RLC]    error decoding control PDU, discarding
[0m[1;31m[RLC]    bad NACK, bigger than ACK (nack 15 ack 21) (tx_next_ack 16 tx_next 21)
[0m[1;31m[RLC]    error decoding control PDU, discarding
[0m[1;31m[RLC]    bad NACK, bigger than ACK (nack 15 ack 21) (tx_next_ack 16 tx_next 21)
[0m[1;31m[RLC]    error decoding control PDU, discarding
[0m[1;31m[RLC]    bad NACK, bigger than ACK (nack 15 ack 21) (tx_next_ack 16 tx_next 21)
[0m[1;31m[RLC]    error decoding control PDU, discarding
[0m[1;31m[RLC]    bad NACK, bigger than ACK (nack 15 ack 21) (tx_next_ack 16 tx_next 21)
[0m[1;31m[RLC]    error decoding control PDU, discarding
[0m[1;31m[RLC]    bad NACK, bigger than ACK (nack 15 ack 21) (tx_next_ack 16 tx_next 21)
[0m[1;31m[RLC]    error decoding control PDU, discarding
[0m[1;31m[RLC]    bad NACK, bigger than ACK (nack 15 ack 21) (tx_next_ack 16 tx_next 21)
[0m[1;31m[RLC]    error decoding control PDU, discarding
[0m[1;31m[RLC]    bad NACK, bigger than ACK (nack 15 ack 21) (tx_next_ack 16 tx_next 21)
[0m[1;31m[RLC]    error decoding control PDU, discarding
[0m[1;31m[RLC]    bad NACK, bigger than ACK (nack 15 ack 21) (tx_next_ack 16 tx_next 21)
[0m[1;31m[RLC]    error decoding control PDU, discarding
[0m[1;31m[RLC]    bad NACK, bigger than ACK (nack 15 ack 21) (tx_next_ack 16 tx_next 21)
[0m[1;31m[RLC]    error decoding control PDU, discarding
[0m[1;31m[RLC]    bad NACK, bigger than ACK (nack 15 ack 17) (tx_next_ack 16 tx_next 21)
[0m[1;31m[RLC]    error decoding control PDU, discarding
[0m[1;31m[RLC]    bad NACK, bigger than ACK (nack 15 ack 21) (tx_next_ack 16 tx_next 21)
[0m[1;31m[RLC]    error decoding control PDU, discarding
[0m[1;31m[RLC]    bad NACK, bigger than ACK (nack 15 ack 21) (tx_next_ack 16 tx_next 21)
[0m[1;31m[RLC]    error decoding control PDU, discarding
[0m[1;31m[RLC]    bad NACK, bigger than ACK (nack 15 ack 21) (tx_next_ack 16 tx_next 21)
[0m[1;31m[RLC]    error decoding control PDU, discarding
[0m[1;31m[RLC]    bad NACK, bigger than ACK (nack 15 ack 21) (tx_next_ack 16 tx_next 21)
[0m[1;31m[RLC]    error decoding control PDU, discarding
[0m[1;31m[RLC]    bad NACK, bigger than ACK (nack 15 ack 17) (tx_next_ack 16 tx_next 21)
[0m[1;31m[RLC]    error decoding control PDU, discarding
[0m[1;31m[RLC]    bad NACK, bigger than ACK (nack 15 ack 21) (tx_next_ack 16 tx_next 21)
[0m[1;31m[RLC]    error decoding control PDU, discarding
[0m[1;31m[RLC]    bad NACK, bigger than ACK (nack 15 ack 21) (tx_next_ack 16 tx_next 21)
[0m[1;31m[RLC]    error decoding control PDU, discarding
[0m[1;31m[RLC]    bad NACK, bigger than ACK (nack 15 ack 21) (tx_next_ack 16 tx_next 21)
[0m[1;31m[RLC]    error decoding control PDU, discarding
[0m[1;31m[RLC]    bad NACK, bigger than ACK (nack 15 ack 21) (tx_next_ack 16 tx_next 21)
[0m[1;31m[RLC]    error decoding control PDU, discarding
[0m[1;31m[RLC]    bad NACK, bigger than ACK (nack 15 ack 21) (tx_next_ack 16 tx_next 21)
[0m[1;31m[RLC]    error decoding control PDU, discarding
[0m[1;31m[RLC]    bad NACK, bigger than ACK (nack 15 ack 21) (tx_next_ack 16 tx_next 21)
[0m[1;31m[RLC]    error decoding control PDU, discarding
[0m[1;31m[RLC]    bad NACK, bigger than ACK (nack 15 ack 17) (tx_next_ack 16 tx_next 21)
[0m[1;31m[RLC]    error decoding control PDU, discarding
[0m[1;31m[RLC]    bad NACK, bigger than ACK (nack 15 ack 21) (tx_next_ack 16 tx_next 22)
[0m[1;31m[RLC]    error decoding control PDU, discarding
[0m[1;31m[RLC]    bad NACK, bigger than ACK (nack 15 ack 21) (tx_next_ack 16 tx_next 22)
[0m[1;31m[RLC]    error decoding control PDU, discarding
[0m[1;31m[RLC]    bad NACK, bigger than ACK (nack 15 ack 21) (tx_next_ack 16 tx_next 22)
[0m[1;31m[RLC]    error decoding control PDU, discarding
[0m[1;31m[RLC]    bad NACK, bigger than ACK (nack 15 ack 21) (tx_next_ack 16 tx_next 22)
[0m[1;31m[RLC]    error decoding control PDU, discarding
[0m[1;31m[RLC]    bad NACK, bigger than ACK (nack 15 ack 21) (tx_next_ack 16 tx_next 22)
[0m[1;31m[RLC]    error decoding control PDU, discarding
[0m[1;31m[RLC]    bad NACK, bigger than ACK (nack 15 ack 17) (tx_next_ack 16 tx_next 22)
[0m[1;31m[RLC]    error decoding control PDU, discarding
[0m[1;31m[RLC]    bad NACK, bigger than ACK (nack 15 ack 21) (tx_next_ack 16 tx_next 22)
[0m[1;31m[RLC]    error decoding control PDU, discarding
[0m[1;31m[RLC]    bad NACK, bigger than ACK (nack 15 ack 21) (tx_next_ack 16 tx_next 22)
[0m[1;31m[RLC]    error decoding control PDU, discarding
[0m[1;31m[RLC]    4325 SDU rejected, SDU buffer full
[0m[1;31m[RLC]    bad NACK, bigger than ACK (nack 15 ack 17) (tx_next_ack 16 tx_next 22)
[0m[1;31m[RLC]    error decoding control PDU, discarding
[0m[1;31m[RLC]    bad NACK, bigger than ACK (nack 15 ack 21) (tx_next_ack 16 tx_next 22)
[0m[1;31m[RLC]    error decoding control PDU, discarding
[0m[1;31m[RLC]    bad NACK, bigger than ACK (nack 15 ack 21) (tx_next_ack 16 tx_next 22)
[0m[1;31m[RLC]    error decoding control PDU, discarding
[0m[1;31m[RLC]    bad NACK, bigger than ACK (nack 15 ack 21) (tx_next_ack 16 tx_next 22)
[0m[1;31m[RLC]    error decoding control PDU, discarding
[0m[1;31m[RLC]    bad NACK, bigger than ACK (nack 15 ack 21) (tx_next_ack 16 tx_next 22)
[0m[1;31m[RLC]    error decoding control PDU, discarding
[0m[1;31m[RLC]    bad NACK, bigger than ACK (nack 15 ack 21) (tx_next_ack 16 tx_next 22)
[0m[1;31m[RLC]    error decoding control PDU, discarding
[0m[1;31m[RLC]    bad NACK, bigger than ACK (nack 15 ack 21) (tx_next_ack 16 tx_next 22)
[0m[1;31m[RLC]    error decoding control PDU, discarding
[0m[1;31m[RLC]    bad NACK, bigger than ACK (nack 15 ack 21) (tx_next_ack 16 tx_next 22)
[0m[1;31m[RLC]    error decoding control PDU, discarding
[0m[1;31m[RLC]    bad NACK, bigger than ACK (nack 15 ack 17) (tx_next_ack 16 tx_next 22)
[0m[1;31m[RLC]    error decoding control PDU, discarding
[0m[1;31m[RLC]    bad NACK, bigger than ACK (nack 15 ack 21) (tx_next_ack 16 tx_next 22)
[0m[1;31m[RLC]    error decoding control PDU, discarding
[0m[1;31m[RLC]    bad NACK, bigger than ACK (nack 15 ack 21) (tx_next_ack 16 tx_next 22)
[0m[1;31m[RLC]    error decoding control PDU, discarding
[0m[1;31m[RLC]    bad NACK, bigger than ACK (nack 15 ack 21) (tx_next_ack 16 tx_next 22)
[0m[1;31m[RLC]    error decoding control PDU, discarding
[0m[1;31m[RLC]    bad NACK, bigger than ACK (nack 15 ack 21) (tx_next_ack 16 tx_next 22)
[0m[1;31m[RLC]    error decoding control PDU, discarding
[0m[1;31m[RLC]    bad NACK, bigger than ACK (nack 15 ack 21) (tx_next_ack 16 tx_next 22)
[0m[1;31m[RLC]    error decoding control PDU, discarding
[0m[1;31m[RLC]    bad NACK, bigger than ACK (nack 15 ack 21) (tx_next_ack 16 tx_next 22)
[0m[1;31m[RLC]    error decoding control PDU, discarding
[0m[1;31m[RLC]    bad NACK, bigger than ACK (nack 15 ack 21) (tx_next_ack 16 tx_next 22)
[0m[1;31m[RLC]    error decoding control PDU, discarding
[0m[1;31m[RLC]    bad NACK, bigger than ACK (nack 15 ack 17) (tx_next_ack 16 tx_next 22)
[0m[1;31m[RLC]    error decoding control PDU, discarding
[0m[1;31m[RLC]    bad NACK, bigger than ACK (nack 15 ack 21) (tx_next_ack 16 tx_next 22)
[0m[1;31m[RLC]    error decoding control PDU, discarding
[0m[1;31m[RLC]    bad NACK, bigger than ACK (nack 15 ack 21) (tx_next_ack 16 tx_next 22)
[0m[1;31m[RLC]    error decoding control PDU, discarding
[0m[1;31m[RLC]    bad NACK, bigger than ACK (nack 15 ack 21) (tx_next_ack 16 tx_next 22)
[0m[1;31m[RLC]    error decoding control PDU, discarding
[0m[1;31m[RLC]    bad NACK, bigger than ACK (nack 15 ack 21) (tx_next_ack 16 tx_next 22)
[0m[1;31m[RLC]    error decoding control PDU, discarding
[0m[NR_MAC] UE 0 RNTI 5e5d stats sfn: 640.4, cumulated bad DCI 0
    DL harq: 573/34/10/1
    UL harq: 2064/2027/1449/418 avg code rate 0.1, avg bit/symbol 2.0, avg per TB: (nb RBs 5.0, nb symbols 13.0)
[0m[1;31m[RLC]    bad NACK, bigger than ACK (nack 15 ack 17) (tx_next_ack 16 tx_next 22)
[0m[1;31m[RLC]    error decoding control PDU, discarding
[0m[1;31m[RLC]    bad NACK, bigger than ACK (nack 15 ack 21) (tx_next_ack 16 tx_next 22)
[0m[1;31m[RLC]    error decoding control PDU, discarding
[0m[1;31m[RLC]    bad NACK, bigger than ACK (nack 15 ack 21) (tx_next_ack 16 tx_next 22)
[0m[1;31m[RLC]    error decoding control PDU, discarding
[0m[1;31m[RLC]    bad NACK, bigger than ACK (nack 15 ack 21) (tx_next_ack 16 tx_next 22)
[0m[1;31m[RLC]    error decoding control PDU, discarding
[0m[1;31m[RLC]    bad NACK, bigger than ACK (nack 15 ack 21) (tx_next_ack 16 tx_next 22)
[0m[1;31m[RLC]    error decoding control PDU, discarding
[0m[1;31m[RLC]    bad NACK, bigger than ACK (nack 15 ack 17) (tx_next_ack 16 tx_next 22)
[0m[1;31m[RLC]    error decoding control PDU, discarding
[0m[1;31m[RLC]    bad NACK, bigger than ACK (nack 15 ack 21) (tx_next_ack 16 tx_next 22)
[0m[1;31m[RLC]    error decoding control PDU, discarding
[0m[1;31m[RLC]    bad NACK, bigger than ACK (nack 15 ack 21) (tx_next_ack 16 tx_next 22)
[0m[1;31m[RLC]    error decoding control PDU, discarding
[0m[1;31m[RLC]    bad NACK, bigger than ACK (nack 15 ack 17) (tx_next_ack 16 tx_next 22)
[0m[1;31m[RLC]    error decoding control PDU, discarding
[0m[1;31m[RLC]    bad NACK, bigger than ACK (nack 15 ack 21) (tx_next_ack 16 tx_next 22)
[0m[1;31m[RLC]    error decoding control PDU, discarding
[0m[1;31m[RLC]    bad NACK, bigger than ACK (nack 15 ack 21) (tx_next_ack 16 tx_next 22)
[0m[1;31m[RLC]    error decoding control PDU, discarding
[0m[1;31m[RLC]    bad NACK, bigger than ACK (nack 15 ack 17) (tx_next_ack 16 tx_next 22)
[0m[1;31m[RLC]    error decoding control PDU, discarding
[0m[1;31m[RLC]    bad NACK, bigger than ACK (nack 15 ack 21) (tx_next_ack 16 tx_next 22)
[0m[1;31m[RLC]    error decoding control PDU, discarding
[0m[1;31m[RLC]    bad NACK, bigger than ACK (nack 15 ack 21) (tx_next_ack 16 tx_next 22)
[0m[1;31m[RLC]    error decoding control PDU, discarding
[0m[1;31m[RLC]    bad NACK, bigger than ACK (nack 15 ack 21) (tx_next_ack 16 tx_next 22)
[0m[1;31m[RLC]    error decoding control PDU, discarding
[0m[1;31m[RLC]    bad NACK, bigger than ACK (nack 15 ack 21) (tx_next_ack 16 tx_next 22)
[0m[1;31m[RLC]    error decoding control PDU, discarding
[0m[1;31m[RLC]    bad NACK, bigger than ACK (nack 15 ack 21) (tx_next_ack 16 tx_next 22)
[0m[1;31m[RLC]    error decoding control PDU, discarding
[0m[1;31m[RLC]    bad NACK, bigger than ACK (nack 15 ack 21) (tx_next_ack 16 tx_next 22)
[0m[1;31m[RLC]    error decoding control PDU, discarding
[0m[1;31m[RLC]    bad NACK, bigger than ACK (nack 15 ack 17) (tx_next_ack 16 tx_next 22)
[0m[1;31m[RLC]    error decoding control PDU, discarding
[0m[1;31m[RLC]    bad NACK, bigger than ACK (nack 15 ack 21) (tx_next_ack 16 tx_next 22)
[0m[1;31m[RLC]    error decoding control PDU, discarding
[0m[1;31m[RLC]    bad NACK, bigger than ACK (nack 15 ack 21) (tx_next_ack 16 tx_next 22)
[0m[1;31m[RLC]    error decoding control PDU, discarding
[0m[1;31m[RLC]    bad NACK, bigger than ACK (nack 15 ack 21) (tx_next_ack 16 tx_next 22)
[0m[1;31m[RLC]    error decoding control PDU, discarding
[0m[1;31m[RLC]    bad NACK, bigger than ACK (nack 15 ack 21) (tx_next_ack 16 tx_next 22)
[0m[1;31m[RLC]    error decoding control PDU, discarding
[0m[1;31m[RLC]    bad NACK, bigger than ACK (nack 15 ack 21) (tx_next_ack 16 tx_next 22)
[0m[1;31m[RLC]    error decoding control PDU, discarding
[0m[1;31m[RLC]    bad NACK, bigger than ACK (nack 15 ack 21) (tx_next_ack 16 tx_next 22)
[0m[1;31m[RLC]    error decoding control PDU, discarding
[0m[1;31m[RLC]    bad NACK, bigger than ACK (nack 15 ack 21) (tx_next_ack 16 tx_next 22)
[0m[1;31m[RLC]    error decoding control PDU, discarding
[0m[1;31m[RLC]    bad NACK, bigger than ACK (nack 15 ack 21) (tx_next_ack 16 tx_next 22)
[0m[1;31m[RLC]    error decoding control PDU, discarding
[0m[1;31m[RLC]    bad NACK, bigger than ACK (nack 15 ack 17) (tx_next_ack 16 tx_next 22)
[0m[1;31m[RLC]    error decoding control PDU, discarding
[0m[1;31m[RLC]    bad NACK, bigger than ACK (nack 15 ack 21) (tx_next_ack 16 tx_next 22)
[0m[1;31m[RLC]    error decoding control PDU, discarding
[0m[1;31m[RLC]    bad NACK, bigger than ACK (nack 15 ack 21) (tx_next_ack 16 tx_next 22)
[0m[1;31m[RLC]    error decoding control PDU, discarding
[0m[1;31m[RLC]    bad NACK, bigger than ACK (nack 15 ack 17) (tx_next_ack 16 tx_next 22)
[0m[1;31m[RLC]    error decoding control PDU, discarding
[0m[1;31m[RLC]    bad NACK, bigger than ACK (nack 15 ack 21) (tx_next_ack 16 tx_next 22)
[0m[1;31m[RLC]    error decoding control PDU, discarding
[0m[1;31m[RLC]    bad NACK, bigger than ACK (nack 15 ack 21) (tx_next_ack 16 tx_next 22)
[0m[1;31m[RLC]    error decoding control PDU, discarding
[0m[1;31m[RLC]    bad NACK, bigger than ACK (nack 15 ack 21) (tx_next_ack 16 tx_next 23)
[0m[1;31m[RLC]    error decoding control PDU, discarding
[0m[1;31m[RLC]    bad NACK, bigger than ACK (nack 15 ack 21) (tx_next_ack 16 tx_next 23)
[0m[1;31m[RLC]    error decoding control PDU, discarding
[0m[1;31m[RLC]    4316 SDU rejected, SDU buffer full
[0m[1;31m[RLC]    bad NACK, bigger than ACK (nack 15 ack 21) (tx_next_ack 16 tx_next 23)
[0m[1;31m[RLC]    error decoding control PDU, discarding
[0m[1;31m[RLC]    bad NACK, bigger than ACK (nack 15 ack 21) (tx_next_ack 16 tx_next 23)
[0m[1;31m[RLC]    error decoding control PDU, discarding
[0m[1;31m[RLC]    bad NACK, bigger than ACK (nack 15 ack 22) (tx_next_ack 16 tx_next 23)
[0m[1;31m[RLC]    error decoding control PDU, discarding
[0m[1;31m[RLC]    bad NACK, bigger than ACK (nack 15 ack 18) (tx_next_ack 16 tx_next 23)
[0m[1;31m[RLC]    error decoding control PDU, discarding
[0m[1;31m[RLC]    bad NACK, bigger than ACK (nack 15 ack 22) (tx_next_ack 16 tx_next 23)
[0m[1;31m[RLC]    error decoding control PDU, discarding
[0m[1;31m[RLC]    bad NACK, bigger than ACK (nack 15 ack 22) (tx_next_ack 16 tx_next 23)
[0m[1;31m[RLC]    error decoding control PDU, discarding
[0m[1;31m[RLC]    bad NACK, bigger than ACK (nack 15 ack 22) (tx_next_ack 16 tx_next 23)
[0m[1;31m[RLC]    error decoding control PDU, discarding
[0m[1;31m[RLC]    bad NACK, bigger than ACK (nack 15 ack 22) (tx_next_ack 16 tx_next 23)
[0m[1;31m[RLC]    error decoding control PDU, discarding
[0m[1;31m[RLC]    bad NACK, bigger than ACK (nack 15 ack 22) (tx_next_ack 16 tx_next 23)
[0m[1;31m[RLC]    error decoding control PDU, discarding
[0m[1;31m[RLC]    bad NACK, bigger than ACK (nack 15 ack 18) (tx_next_ack 16 tx_next 23)
[0m[1;31m[RLC]    error decoding control PDU, discarding
[0m[1;31m[RLC]    bad NACK, bigger than ACK (nack 15 ack 22) (tx_next_ack 16 tx_next 23)
[0m[1;31m[RLC]    error decoding control PDU, discarding
[0m[1;31m[RLC]    bad NACK, bigger than ACK (nack 15 ack 22) (tx_next_ack 16 tx_next 23)
[0m[1;31m[RLC]    error decoding control PDU, discarding
[0m[1;31m[RLC]    bad NACK, bigger than ACK (nack 15 ack 18) (tx_next_ack 16 tx_next 23)
[0m[1;31m[RLC]    error decoding control PDU, discarding
[0m[1;31m[RLC]    bad NACK, bigger than ACK (nack 15 ack 22) (tx_next_ack 16 tx_next 23)
[0m[1;31m[RLC]    error decoding control PDU, discarding
[0m[1;31m[RLC]    bad NACK, bigger than ACK (nack 15 ack 22) (tx_next_ack 16 tx_next 23)
[0m[1;31m[RLC]    error decoding control PDU, discarding
[0m[1;31m[RLC]    bad NACK, bigger than ACK (nack 15 ack 22) (tx_next_ack 16 tx_next 23)
[0m[1;31m[RLC]    error decoding control PDU, discarding
[0m[1;31m[RLC]    bad NACK, bigger than ACK (nack 15 ack 18) (tx_next_ack 16 tx_next 23)
[0m[1;31m[RLC]    error decoding control PDU, discarding
[0m[1;31m[RLC]    bad NACK, bigger than ACK (nack 15 ack 22) (tx_next_ack 16 tx_next 23)
[0m[1;31m[RLC]    error decoding control PDU, discarding
[0m[1;31m[RLC]    bad NACK, bigger than ACK (nack 15 ack 22) (tx_next_ack 16 tx_next 23)
[0m[1;31m[RLC]    error decoding control PDU, discarding
[0m[1;31m[RLC]    bad NACK, bigger than ACK (nack 15 ack 18) (tx_next_ack 16 tx_next 23)
[0m[1;31m[RLC]    error decoding control PDU, discarding
[0m[1;31m[RLC]    bad NACK, bigger than ACK (nack 15 ack 22) (tx_next_ack 16 tx_next 23)
[0m[1;31m[RLC]    error decoding control PDU, discarding
[0m[1;31m[RLC]    bad NACK, bigger than ACK (nack 15 ack 22) (tx_next_ack 16 tx_next 23)
[0m[1;31m[RLC]    error decoding control PDU, discarding
[0m[1;31m[RLC]    bad NACK, bigger than ACK (nack 15 ack 22) (tx_next_ack 16 tx_next 23)
[0m[1;31m[RLC]    error decoding control PDU, discarding
[0m[1;31m[RLC]    bad NACK, bigger than ACK (nack 15 ack 22) (tx_next_ack 16 tx_next 23)
[0m[1;31m[RLC]    error decoding control PDU, discarding
[0m[93m[PHY]    Deadline missed for tx slot 745.9 (current time 1779814314815074 us, deadline 1779814314815066 us, missed by 8)
[0m[1;31m[RLC]    bad NACK, bigger than ACK (nack 15 ack 22) (tx_next_ack 16 tx_next 23)
[0m[1;31m[RLC]    error decoding control PDU, discarding
[0m[1;31m[RLC]    bad NACK, bigger than ACK (nack 15 ack 21) (tx_next_ack 16 tx_next 23)
[0m[1;31m[RLC]    error decoding control PDU, discarding
[0m[1;31m[RLC]    bad NACK, bigger than ACK (nack 15 ack 21) (tx_next_ack 16 tx_next 23)
[0m[1;31m[RLC]    error decoding control PDU, discarding
[0m[1;31m[RLC]    bad NACK, bigger than ACK (nack 15 ack 21) (tx_next_ack 16 tx_next 23)
[0m[1;31m[RLC]    error decoding control PDU, discarding
[0m[1;31m[RLC]    bad NACK, bigger than ACK (nack 15 ack 17) (tx_next_ack 16 tx_next 23)
[0m[1;31m[RLC]    error decoding control PDU, discarding
[0m[1;31m[RLC]    bad NACK, bigger than ACK (nack 15 ack 21) (tx_next_ack 16 tx_next 23)
[0m[1;31m[RLC]    error decoding control PDU, discarding
[0m[1;31m[RLC]    bad NACK, bigger than ACK (nack 15 ack 21) (tx_next_ack 16 tx_next 23)
[0m[1;31m[RLC]    error decoding control PDU, discarding
[0m[1;31m[RLC]    bad NACK, bigger than ACK (nack 15 ack 21) (tx_next_ack 16 tx_next 23)
[0m[1;31m[RLC]    error decoding control PDU, discarding
[0m[1;31m[RLC]    bad NACK, bigger than ACK (nack 15 ack 21) (tx_next_ack 16 tx_next 23)
[0m[1;31m[RLC]    error decoding control PDU, discarding
[0m[1;31m[RLC]    bad NACK, bigger than ACK (nack 15 ack 21) (tx_next_ack 16 tx_next 23)
[0m[1;31m[RLC]    error decoding control PDU, discarding
[0m[1;31m[RLC]    bad NACK, bigger than ACK (nack 15 ack 21) (tx_next_ack 16 tx_next 23)
[0m[1;31m[RLC]    error decoding control PDU, discarding
[0m[NR_MAC] UE 0 RNTI 5e5d stats sfn: 768.4, cumulated bad DCI 0
    DL harq: 644/48/10/1
    UL harq: 2236/2193/1572/469 avg code rate 0.1, avg bit/symbol 2.0, avg per TB: (nb RBs 5.0, nb symbols 13.0)
[0m[1;31m[RLC]    bad NACK, bigger than ACK (nack 15 ack 21) (tx_next_ack 16 tx_next 23)
[0m[1;31m[RLC]    error decoding control PDU, discarding
[0m[1;31m[RLC]    bad NACK, bigger than ACK (nack 15 ack 20) (tx_next_ack 16 tx_next 23)
[0m[1;31m[RLC]    error decoding control PDU, discarding
[0m[1;31m[RLC]    bad NACK, bigger than ACK (nack 15 ack 20) (tx_next_ack 16 tx_next 23)
[0m[1;31m[RLC]    error decoding control PDU, discarding
[0m[1;31m[RLC]    bad NACK, bigger than ACK (nack 15 ack 20) (tx_next_ack 16 tx_next 23)
[0m[1;31m[RLC]    error decoding control PDU, discarding
[0m[1;31m[RLC]    bad NACK, bigger than ACK (nack 15 ack 20) (tx_next_ack 16 tx_next 23)
[0m[1;31m[RLC]    error decoding control PDU, discarding
[0m[1;31m[RLC]    bad NACK, bigger than ACK (nack 15 ack 20) (tx_next_ack 16 tx_next 23)
[0m[1;31m[RLC]    error decoding control PDU, discarding
[0m[1;31m[RLC]    bad NACK, bigger than ACK (nack 15 ack 20) (tx_next_ack 16 tx_next 23)
[0m[1;31m[RLC]    error decoding control PDU, discarding
[0m[NR_MAC] [780.1] Received TA_COMMAND 30 TAGID 0 CC_id 0 
[0m[1;31m[RLC]    bad NACK, bigger than ACK (nack 15 ack 20) (tx_next_ack 16 tx_next 23)
[0m[1;31m[RLC]    error decoding control PDU, discarding
[0m[1;31m[RLC]    bad NACK, bigger than ACK (nack 15 ack 20) (tx_next_ack 16 tx_next 23)
[0m[1;31m[RLC]    error decoding control PDU, discarding
[0m[1;31m[RLC]    bad NACK, bigger than ACK (nack 15 ack 17) (tx_next_ack 16 tx_next 23)
[0m[1;31m[RLC]    error decoding control PDU, discarding
[0m[1;31m[RLC]    bad NACK, bigger than ACK (nack 15 ack 20) (tx_next_ack 16 tx_next 23)
[0m[1;31m[RLC]    error decoding control PDU, discarding
[0m[1;31m[RLC]    bad NACK, bigger than ACK (nack 15 ack 20) (tx_next_ack 16 tx_next 23)
[0m[1;31m[RLC]    error decoding control PDU, discarding
[0m[1;31m[RLC]    bad NACK, bigger than ACK (nack 15 ack 20) (tx_next_ack 16 tx_next 23)
[0m[1;31m[RLC]    error decoding control PDU, discarding
[0m[1;31m[RLC]    bad NACK, bigger than ACK (nack 15 ack 20) (tx_next_ack 16 tx_next 23)
[0m[1;31m[RLC]    error decoding control PDU, discarding
[0m[1;31m[RLC]    bad NACK, bigger than ACK (nack 15 ack 20) (tx_next_ack 16 tx_next 23)
[0m[1;31m[RLC]    error decoding control PDU, discarding
[0m[1;31m[RLC]    bad NACK, bigger than ACK (nack 15 ack 17) (tx_next_ack 16 tx_next 23)
[0m[1;31m[RLC]    error decoding control PDU, discarding
[0m[1;31m[RLC]    bad NACK, bigger than ACK (nack 15 ack 20) (tx_next_ack 16 tx_next 23)
[0m[1;31m[RLC]    error decoding control PDU, discarding
[0m[1;31m[RLC]    bad NACK, bigger than ACK (nack 15 ack 20) (tx_next_ack 16 tx_next 23)
[0m[1;31m[RLC]    error decoding control PDU, discarding
[0m[1;31m[RLC]    bad NACK, bigger than ACK (nack 15 ack 20) (tx_next_ack 16 tx_next 23)
[0m[1;31m[RLC]    error decoding control PDU, discarding
[0m[1;31m[RLC]    bad NACK, bigger than ACK (nack 15 ack 20) (tx_next_ack 16 tx_next 23)
[0m[1;31m[RLC]    error decoding control PDU, discarding
[0m[1;31m[RLC]    4325 SDU rejected, SDU buffer full
[0m[1;31m[RLC]    bad NACK, bigger than ACK (nack 15 ack 20) (tx_next_ack 16 tx_next 23)
[0m[1;31m[RLC]    error decoding control PDU, discarding
[0m[1;31m[RLC]    bad NACK, bigger than ACK (nack 15 ack 17) (tx_next_ack 16 tx_next 23)
[0m[1;31m[RLC]    error decoding control PDU, discarding
[0m[1;31m[RLC]    bad NACK, bigger than ACK (nack 15 ack 20) (tx_next_ack 16 tx_next 23)
[0m[1;31m[RLC]    error decoding control PDU, discarding
[0m[1;31m[RLC]    bad NACK, bigger than ACK (nack 15 ack 20) (tx_next_ack 16 tx_next 23)
[0m[1;31m[RLC]    error decoding control PDU, discarding
[0m[1;31m[RLC]    bad NACK, bigger than ACK (nack 15 ack 20) (tx_next_ack 16 tx_next 23)
[0m[1;31m[RLC]    error decoding control PDU, discarding
[0m[1;31m[RLC]    bad NACK, bigger than ACK (nack 15 ack 20) (tx_next_ack 16 tx_next 24)
[0m[1;31m[RLC]    error decoding control PDU, discarding
[0m[1;31m[RLC]    bad NACK, bigger than ACK (nack 15 ack 20) (tx_next_ack 16 tx_next 24)
[0m[1;31m[RLC]    error decoding control PDU, discarding
[0m[1;31m[RLC]    bad NACK, bigger than ACK (nack 15 ack 20) (tx_next_ack 16 tx_next 24)
[0m[1;31m[RLC]    error decoding control PDU, discarding
[0m[1;31m[RLC]    bad NACK, bigger than ACK (nack 15 ack 20) (tx_next_ack 16 tx_next 24)
[0m[1;31m[RLC]    error decoding control PDU, discarding
[0m[1;31m[RLC]    bad NACK, bigger than ACK (nack 15 ack 20) (tx_next_ack 16 tx_next 24)
[0m[1;31m[RLC]    error decoding control PDU, discarding
[0m[1;31m[RLC]    bad NACK, bigger than ACK (nack 15 ack 17) (tx_next_ack 16 tx_next 24)
[0m[1;31m[RLC]    error decoding control PDU, discarding
[0m[1;31m[RLC]    bad NACK, bigger than ACK (nack 15 ack 20) (tx_next_ack 16 tx_next 24)
[0m[1;31m[RLC]    error decoding control PDU, discarding
[0m[1;31m[RLC]    bad NACK, bigger than ACK (nack 15 ack 20) (tx_next_ack 16 tx_next 24)
[0m[1;31m[RLC]    error decoding control PDU, discarding
[0m[1;31m[RLC]    bad NACK, bigger than ACK (nack 15 ack 17) (tx_next_ack 16 tx_next 24)
[0m[1;31m[RLC]    error decoding control PDU, discarding
[0m[1;31m[RLC]    bad NACK, bigger than ACK (nack 15 ack 20) (tx_next_ack 16 tx_next 24)
[0m[1;31m[RLC]    error decoding control PDU, discarding
[0m[1;31m[RLC]    bad NACK, bigger than ACK (nack 15 ack 20) (tx_next_ack 16 tx_next 24)
[0m[1;31m[RLC]    error decoding control PDU, discarding
[0m[1;31m[RLC]    bad NACK, bigger than ACK (nack 15 ack 20) (tx_next_ack 16 tx_next 24)
[0m[1;31m[RLC]    error decoding control PDU, discarding
[0m[1;31m[RLC]    bad NACK, bigger than ACK (nack 15 ack 17) (tx_next_ack 16 tx_next 24)
[0m[1;31m[RLC]    error decoding control PDU, discarding
[0m[1;31m[RLC]    bad NACK, bigger than ACK (nack 15 ack 20) (tx_next_ack 16 tx_next 24)
[0m[1;31m[RLC]    error decoding control PDU, discarding
[0m[1;31m[RLC]    bad NACK, bigger than ACK (nack 15 ack 20) (tx_next_ack 16 tx_next 24)
[0m[1;31m[RLC]    error decoding control PDU, discarding
[0m[1;31m[RLC]    bad NACK, bigger than ACK (nack 15 ack 20) (tx_next_ack 16 tx_next 24)
[0m[1;31m[RLC]    error decoding control PDU, discarding
[0m[1;31m[RLC]    bad NACK, bigger than ACK (nack 15 ack 20) (tx_next_ack 16 tx_next 24)
[0m[1;31m[RLC]    error decoding control PDU, discarding
[0m[1;31m[RLC]    bad NACK, bigger than ACK (nack 15 ack 17) (tx_next_ack 16 tx_next 24)
[0m[1;31m[RLC]    error decoding control PDU, discarding
[0m[1;31m[RLC]    bad NACK, bigger than ACK (nack 15 ack 20) (tx_next_ack 16 tx_next 24)
[0m[1;31m[RLC]    error decoding control PDU, discarding
[0m[1;31m[RLC]    bad NACK, bigger than ACK (nack 15 ack 20) (tx_next_ack 16 tx_next 24)
[0m[1;31m[RLC]    error decoding control PDU, discarding
[0m[1;31m[RLC]    bad NACK, bigger than ACK (nack 15 ack 20) (tx_next_ack 16 tx_next 24)
[0m[1;31m[RLC]    error decoding control PDU, discarding
[0m[1;31m[RLC]    bad NACK, bigger than ACK (nack 15 ack 20) (tx_next_ack 16 tx_next 24)
[0m[1;31m[RLC]    error decoding control PDU, discarding
[0m[1;31m[RLC]    bad NACK, bigger than ACK (nack 15 ack 20) (tx_next_ack 16 tx_next 24)
[0m[1;31m[RLC]    error decoding control PDU, discarding
[0m[1;31m[RLC]    bad NACK, bigger than ACK (nack 15 ack 17) (tx_next_ack 16 tx_next 24)
[0m[1;31m[RLC]    error decoding control PDU, discarding
[0m[1;31m[RLC]    bad NACK, bigger than ACK (nack 15 ack 20) (tx_next_ack 16 tx_next 24)
[0m[1;31m[RLC]    error decoding control PDU, discarding
[0m[1;31m[RLC]    bad NACK, bigger than ACK (nack 15 ack 20) (tx_next_ack 16 tx_next 24)
[0m[1;31m[RLC]    error decoding control PDU, discarding
[0m[1;31m[RLC]    bad NACK, bigger than ACK (nack 15 ack 20) (tx_next_ack 16 tx_next 24)
[0m[1;31m[RLC]    error decoding control PDU, discarding
[0m[1;31m[RLC]    bad NACK, bigger than ACK (nack 15 ack 20) (tx_next_ack 16 tx_next 24)
[0m[1;31m[RLC]    error decoding control PDU, discarding
[0m[1;31m[RLC]    bad NACK, bigger than ACK (nack 15 ack 17) (tx_next_ack 16 tx_next 24)
[0m[1;31m[RLC]    error decoding control PDU, discarding
[0m[1;31m[RLC]    bad NACK, bigger than ACK (nack 15 ack 20) (tx_next_ack 16 tx_next 24)
[0m[1;31m[RLC]    error decoding control PDU, discarding
[0m[1;31m[RLC]    bad NACK, bigger than ACK (nack 15 ack 20) (tx_next_ack 16 tx_next 24)
[0m[1;31m[RLC]    error decoding control PDU, discarding
[0m[1;31m[RLC]    bad NACK, bigger than ACK (nack 15 ack 20) (tx_next_ack 16 tx_next 24)
[0m[1;31m[RLC]    error decoding control PDU, discarding
[0m[1;31m[RLC]    bad NACK, bigger than ACK (nack 15 ack 20) (tx_next_ack 16 tx_next 24)
[0m[1;31m[RLC]    error decoding control PDU, discarding
[0m[1;31m[RLC]    bad NACK, bigger than ACK (nack 15 ack 17) (tx_next_ack 16 tx_next 24)
[0m[1;31m[RLC]    error decoding control PDU, discarding
[0m[1;31m[RLC]    bad NACK, bigger than ACK (nack 15 ack 20) (tx_next_ack 16 tx_next 24)
[0m[1;31m[RLC]    error decoding control PDU, discarding
[0m[1;31m[RLC]    bad NACK, bigger than ACK (nack 15 ack 17) (tx_next_ack 16 tx_next 24)
[0m[1;31m[RLC]    error decoding control PDU, discarding
[0m[1;31m[RLC]    bad NACK, bigger than ACK (nack 15 ack 20) (tx_next_ack 16 tx_next 24)
[0m[1;31m[RLC]    error decoding control PDU, discarding
[0m[1;31m[RLC]    bad NACK, bigger than ACK (nack 15 ack 20) (tx_next_ack 16 tx_next 24)
[0m[1;31m[RLC]    error decoding control PDU, discarding
[0m[1;31m[RLC]    bad NACK, bigger than ACK (nack 15 ack 20) (tx_next_ack 16 tx_next 24)
[0m[1;31m[RLC]    error decoding control PDU, discarding
[0m[1;31m[RLC]    bad NACK, bigger than ACK (nack 15 ack 20) (tx_next_ack 16 tx_next 24)
[0m[1;31m[RLC]    error decoding control PDU, discarding
[0m[1;31m[RLC]    bad NACK, bigger than ACK (nack 15 ack 20) (tx_next_ack 16 tx_next 24)
[0m[1;31m[RLC]    error decoding control PDU, discarding
[0m[NR_MAC] [880.1] Received TA_COMMAND 32 TAGID 0 CC_id 0 
[0m[1;31m[RLC]    bad NACK, bigger than ACK (nack 15 ack 20) (tx_next_ack 16 tx_next 24)
[0m[1;31m[RLC]    error decoding control PDU, discarding
[0m[1;31m[RLC]    bad NACK, bigger than ACK (nack 15 ack 20) (tx_next_ack 16 tx_next 24)
[0m[1;31m[RLC]    error decoding control PDU, discarding
[0m[1;31m[RLC]    bad NACK, bigger than ACK (nack 15 ack 17) (tx_next_ack 16 tx_next 24)
[0m[1;31m[RLC]    error decoding control PDU, discarding
[0m[1;31m[RLC]    bad NACK, bigger than ACK (nack 15 ack 20) (tx_next_ack 16 tx_next 24)
[0m[1;31m[RLC]    error decoding control PDU, discarding
[0m[1;31m[RLC]    bad NACK, bigger than ACK (nack 15 ack 20) (tx_next_ack 16 tx_next 24)
[0m[1;31m[RLC]    error decoding control PDU, discarding
[0m[1;31m[RLC]    bad NACK, bigger than ACK (nack 15 ack 20) (tx_next_ack 16 tx_next 24)
[0m[1;31m[RLC]    error decoding control PDU, discarding
[0m[1;31m[RLC]    bad NACK, bigger than ACK (nack 15 ack 20) (tx_next_ack 16 tx_next 24)
[0m[1;31m[RLC]    error decoding control PDU, discarding
[0m[1;31m[RLC]    bad NACK, bigger than ACK (nack 15 ack 17) (tx_next_ack 16 tx_next 24)
[0m[1;31m[RLC]    error decoding control PDU, discarding
[0m[1;31m[RLC]    bad NACK, bigger than ACK (nack 15 ack 21) (tx_next_ack 16 tx_next 24)
[0m[1;31m[RLC]    error decoding control PDU, discarding
[0m[NR_MAC] UE 0 RNTI 5e5d stats sfn: 896.4, cumulated bad DCI 0
    DL harq: 721/48/10/1
    UL harq: 2424/2377/1672/509 avg code rate 0.1, avg bit/symbol 2.0, avg per TB: (nb RBs 5.0, nb symbols 13.0)
[0m[1;31m[RLC]    bad NACK, bigger than ACK (nack 15 ack 21) (tx_next_ack 16 tx_next 24)
[0m[1;31m[RLC]    error decoding control PDU, discarding
[0m[1;31m[RLC]    bad NACK, bigger than ACK (nack 15 ack 21) (tx_next_ack 16 tx_next 24)
[0m[1;31m[RLC]    error decoding control PDU, discarding
[0m[1;31m[RLC]    bad NACK, bigger than ACK (nack 15 ack 21) (tx_next_ack 16 tx_next 24)
[0m[1;31m[RLC]    error decoding control PDU, discarding
[0m[1;31m[RLC]    bad NACK, bigger than ACK (nack 15 ack 21) (tx_next_ack 16 tx_next 24)
[0m[1;31m[RLC]    error decoding control PDU, discarding
[0m[1;31m[RLC]    4320 SDU rejected, SDU buffer full
[0m[1;31m[RLC]    bad NACK, bigger than ACK (nack 15 ack 21) (tx_next_ack 16 tx_next 24)
[0m[1;31m[RLC]    error decoding control PDU, discarding
[0m[1;31m[RLC]    bad NACK, bigger than ACK (nack 15 ack 17) (tx_next_ack 16 tx_next 24)
[0m[1;31m[RLC]    error decoding control PDU, discarding
[0m[1;31m[RLC]    bad NACK, bigger than ACK (nack 15 ack 21) (tx_next_ack 16 tx_next 24)
[0m[1;31m[RLC]    error decoding control PDU, discarding
[0m[1;31m[RLC]    bad NACK, bigger than ACK (nack 15 ack 21) (tx_next_ack 16 tx_next 24)
[0m[1;31m[RLC]    error decoding control PDU, discarding
[0m[1;31m[RLC]    bad NACK, bigger than ACK (nack 15 ack 21) (tx_next_ack 16 tx_next 24)
[0m[1;31m[RLC]    error decoding control PDU, discarding
[0m[1;31m[RLC]    bad NACK, bigger than ACK (nack 15 ack 21) (tx_next_ack 16 tx_next 24)
[0m[1;31m[RLC]    error decoding control PDU, discarding
[0m[1;31m[RLC]    bad NACK, bigger than ACK (nack 15 ack 21) (tx_next_ack 16 tx_next 25)
[0m[1;31m[RLC]    error decoding control PDU, discarding
[0m[1;31m[RLC]    bad NACK, bigger than ACK (nack 15 ack 17) (tx_next_ack 16 tx_next 25)
[0m[1;31m[RLC]    error decoding control PDU, discarding
[0m[1;31m[RLC]    bad NACK, bigger than ACK (nack 15 ack 21) (tx_next_ack 16 tx_next 25)
[0m[1;31m[RLC]    error decoding control PDU, discarding
[0m[1;31m[RLC]    bad NACK, bigger than ACK (nack 15 ack 21) (tx_next_ack 16 tx_next 25)
[0m[1;31m[RLC]    error decoding control PDU, discarding
[0m[1;31m[RLC]    bad NACK, bigger than ACK (nack 15 ack 21) (tx_next_ack 16 tx_next 25)
[0m[1;31m[RLC]    error decoding control PDU, discarding
[0m[1;31m[RLC]    bad NACK, bigger than ACK (nack 15 ack 17) (tx_next_ack 16 tx_next 25)
[0m[1;31m[RLC]    error decoding control PDU, discarding
[0m[1;31m[RLC]    bad NACK, bigger than ACK (nack 15 ack 21) (tx_next_ack 16 tx_next 25)
[0m[1;31m[RLC]    error decoding control PDU, discarding
[0m[1;31m[RLC]    bad NACK, bigger than ACK (nack 15 ack 21) (tx_next_ack 16 tx_next 25)
[0m[1;31m[RLC]    error decoding control PDU, discarding
[0m[1;31m[RLC]    bad NACK, bigger than ACK (nack 15 ack 21) (tx_next_ack 16 tx_next 25)
[0m[1;31m[RLC]    error decoding control PDU, discarding
[0m[1;31m[RLC]    bad NACK, bigger than ACK (nack 15 ack 21) (tx_next_ack 16 tx_next 25)
[0m[1;31m[RLC]    error decoding control PDU, discarding
[0m[1;31m[RLC]    bad NACK, bigger than ACK (nack 15 ack 17) (tx_next_ack 16 tx_next 25)
[0m[1;31m[RLC]    error decoding control PDU, discarding
[0m[1;31m[RLC]    bad NACK, bigger than ACK (nack 15 ack 21) (tx_next_ack 16 tx_next 25)
[0m[1;31m[RLC]    error decoding control PDU, discarding
[0m[1;31m[RLC]    bad NACK, bigger than ACK (nack 15 ack 21) (tx_next_ack 16 tx_next 25)
[0m[1;31m[RLC]    error decoding control PDU, discarding
[0m[1;31m[RLC]    bad NACK, bigger than ACK (nack 15 ack 21) (tx_next_ack 16 tx_next 25)
[0m[1;31m[RLC]    error decoding control PDU, discarding
[0m[1;31m[RLC]    bad NACK, bigger than ACK (nack 15 ack 21) (tx_next_ack 16 tx_next 25)
[0m[1;31m[RLC]    error decoding control PDU, discarding
[0m[1;31m[RLC]    bad NACK, bigger than ACK (nack 15 ack 21) (tx_next_ack 16 tx_next 25)
[0m[1;31m[RLC]    error decoding control PDU, discarding
[0m[1;31m[RLC]    bad NACK, bigger than ACK (nack 15 ack 17) (tx_next_ack 16 tx_next 25)
[0m[1;31m[RLC]    error decoding control PDU, discarding
[0m[1;31m[RLC]    bad NACK, bigger than ACK (nack 15 ack 21) (tx_next_ack 16 tx_next 25)
[0m[1;31m[RLC]    error decoding control PDU, discarding
[0m[1;31m[RLC]    bad NACK, bigger than ACK (nack 15 ack 21) (tx_next_ack 16 tx_next 25)
[0m[1;31m[RLC]    error decoding control PDU, discarding
[0m[1;31m[RLC]    bad NACK, bigger than ACK (nack 15 ack 17) (tx_next_ack 16 tx_next 25)
[0m[1;31m[RLC]    error decoding control PDU, discarding
[0m[1;31m[RLC]    bad NACK, bigger than ACK (nack 15 ack 21) (tx_next_ack 16 tx_next 25)
[0m[1;31m[RLC]    error decoding control PDU, discarding
[0m[1;31m[RLC]    bad NACK, bigger than ACK (nack 15 ack 21) (tx_next_ack 16 tx_next 25)
[0m[1;31m[RLC]    error decoding control PDU, discarding
[0m[1;31m[RLC]    bad NACK, bigger than ACK (nack 15 ack 21) (tx_next_ack 16 tx_next 25)
[0m[1;31m[RLC]    error decoding control PDU, discarding
[0m[1;31m[RLC]    bad NACK, bigger than ACK (nack 15 ack 21) (tx_next_ack 16 tx_next 25)
[0m[1;31m[RLC]    error decoding control PDU, discarding
[0m[1;31m[RLC]    bad NACK, bigger than ACK (nack 15 ack 21) (tx_next_ack 16 tx_next 25)
[0m[1;31m[RLC]    error decoding control PDU, discarding
[0m[1;31m[RLC]    bad NACK, bigger than ACK (nack 15 ack 21) (tx_next_ack 16 tx_next 25)
[0m[1;31m[RLC]    error decoding control PDU, discarding
[0m[1;31m[RLC]    bad NACK, bigger than ACK (nack 15 ack 21) (tx_next_ack 16 tx_next 25)
[0m[1;31m[RLC]    error decoding control PDU, discarding
[0m[1;31m[RLC]    bad NACK, bigger than ACK (nack 15 ack 21) (tx_next_ack 16 tx_next 25)
[0m[1;31m[RLC]    error decoding control PDU, discarding
[0m[1;31m[RLC]    bad NACK, bigger than ACK (nack 15 ack 21) (tx_next_ack 16 tx_next 25)
[0m[1;31m[RLC]    error decoding control PDU, discarding
[0m[1;31m[RLC]    bad NACK, bigger than ACK (nack 15 ack 21) (tx_next_ack 16 tx_next 25)
[0m[1;31m[RLC]    error decoding control PDU, discarding
[0m[1;31m[RLC]    bad NACK, bigger than ACK (nack 15 ack 17) (tx_next_ack 16 tx_next 25)
[0m[1;31m[RLC]    error decoding control PDU, discarding
[0m[1;31m[RLC]    bad NACK, bigger than ACK (nack 15 ack 21) (tx_next_ack 16 tx_next 25)
[0m[1;31m[RLC]    error decoding control PDU, discarding
[0m[1;31m[RLC]    bad NACK, bigger than ACK (nack 15 ack 21) (tx_next_ack 16 tx_next 25)
[0m[1;31m[RLC]    error decoding control PDU, discarding
[0m[1;31m[RLC]    bad NACK, bigger than ACK (nack 15 ack 21) (tx_next_ack 16 tx_next 25)
[0m[1;31m[RLC]    error decoding control PDU, discarding
[0m[1;31m[RLC]    bad NACK, bigger than ACK (nack 15 ack 21) (tx_next_ack 16 tx_next 25)
[0m[1;31m[RLC]    error decoding control PDU, discarding
[0m[1;31m[RLC]    bad NACK, bigger than ACK (nack 15 ack 17) (tx_next_ack 16 tx_next 25)
[0m[1;31m[RLC]    error decoding control PDU, discarding
[0m[1;31m[RLC]    bad NACK, bigger than ACK (nack 15 ack 21) (tx_next_ack 16 tx_next 25)
[0m[1;31m[RLC]    error decoding control PDU, discarding
[0m[1;31m[RLC]    bad NACK, bigger than ACK (nack 15 ack 21) (tx_next_ack 16 tx_next 25)
[0m[1;31m[RLC]    error decoding control PDU, discarding
[0m[1;31m[RLC]    bad NACK, bigger than ACK (nack 15 ack 21) (tx_next_ack 16 tx_next 25)
[0m[1;31m[RLC]    error decoding control PDU, discarding
[0m[1;31m[RLC]    bad NACK, bigger than ACK (nack 15 ack 21) (tx_next_ack 16 tx_next 25)
[0m[1;31m[RLC]    error decoding control PDU, discarding
[0m[1;31m[RLC]    bad NACK, bigger than ACK (nack 15 ack 21) (tx_next_ack 16 tx_next 25)
[0m[1;31m[RLC]    error decoding control PDU, discarding
[0m[1;31m[RLC]    bad NACK, bigger than ACK (nack 15 ack 22) (tx_next_ack 16 tx_next 25)
[0m[1;31m[RLC]    error decoding control PDU, discarding
[0m[1;31m[RLC]    bad NACK, bigger than ACK (nack 15 ack 18) (tx_next_ack 16 tx_next 25)
[0m[1;31m[RLC]    error decoding control PDU, discarding
[0m[1;31m[RLC]    bad NACK, bigger than ACK (nack 15 ack 22) (tx_next_ack 16 tx_next 25)
[0m[1;31m[RLC]    error decoding control PDU, discarding
[0m[1;31m[RLC]    bad NACK, bigger than ACK (nack 15 ack 22) (tx_next_ack 16 tx_next 25)
[0m[1;31m[RLC]    error decoding control PDU, discarding
[0m[1;31m[RLC]    bad NACK, bigger than ACK (nack 15 ack 22) (tx_next_ack 16 tx_next 25)
[0m[1;31m[RLC]    error decoding control PDU, discarding
[0m[1;31m[RLC]    bad NACK, bigger than ACK (nack 15 ack 22) (tx_next_ack 16 tx_next 25)
[0m[1;31m[RLC]    error decoding control PDU, discarding
[0m[1;31m[RLC]    bad NACK, bigger than ACK (nack 15 ack 22) (tx_next_ack 16 tx_next 25)
[0m[1;31m[RLC]    error decoding control PDU, discarding
[0m[1;31m[RLC]    bad NACK, bigger than ACK (nack 15 ack 22) (tx_next_ack 16 tx_next 25)
[0m[1;31m[RLC]    error decoding control PDU, discarding
[0m[1;31m[RLC]    bad NACK, bigger than ACK (nack 15 ack 18) (tx_next_ack 16 tx_next 25)
[0m[1;31m[RLC]    error decoding control PDU, discarding
[0m[1;31m[RLC]    4321 SDU rejected, SDU buffer full
[0m[1;31m[RLC]    bad NACK, bigger than ACK (nack 15 ack 22) (tx_next_ack 16 tx_next 25)
[0m[1;31m[RLC]    error decoding control PDU, discarding
[0m[1;31m[RLC]    bad NACK, bigger than ACK (nack 15 ack 18) (tx_next_ack 16 tx_next 25)
[0m[1;31m[RLC]    error decoding control PDU, discarding
[0m[1;31m[RLC]    bad NACK, bigger than ACK (nack 15 ack 22) (tx_next_ack 16 tx_next 25)
[0m[1;31m[RLC]    error decoding control PDU, discarding
[0m[1;31m[RLC]    bad NACK, bigger than ACK (nack 15 ack 22) (tx_next_ack 16 tx_next 25)
[0m[1;31m[RLC]    error decoding control PDU, discarding
[0m[1;31m[RLC]    bad NACK, bigger than ACK (nack 15 ack 22) (tx_next_ack 16 tx_next 25)
[0m[1;31m[RLC]    error decoding control PDU, discarding
[0m[1;31m[RLC]    bad NACK, bigger than ACK (nack 15 ack 22) (tx_next_ack 16 tx_next 25)
[0m[1;31m[RLC]    error decoding control PDU, discarding
[0m[1;31m[RLC]    bad NACK, bigger than ACK (nack 15 ack 22) (tx_next_ack 16 tx_next 25)
[0m[1;31m[RLC]    error decoding control PDU, discarding
[0m[1;31m[RLC]    bad NACK, bigger than ACK (nack 15 ack 22) (tx_next_ack 16 tx_next 25)
[0m[1;31m[RLC]    error decoding control PDU, discarding
[0m[1;31m[RLC]    bad NACK, bigger than ACK (nack 15 ack 22) (tx_next_ack 16 tx_next 25)
[0m[1;31m[RLC]    error decoding control PDU, discarding
[0m[1;31m[RLC]    bad NACK, bigger than ACK (nack 15 ack 22) (tx_next_ack 16 tx_next 25)
[0m[1;31m[RLC]    error decoding control PDU, discarding
[0m[1;31m[RLC]    bad NACK, bigger than ACK (nack 15 ack 22) (tx_next_ack 16 tx_next 25)
[0m[1;31m[RLC]    error decoding control PDU, discarding
[0m[NR_MAC] UE 0 RNTI 5e5d stats sfn: 0.4, cumulated bad DCI 0
    DL harq: 793/62/10/1
    UL harq: 2598/2542/1795/559 avg code rate 0.1, avg bit/symbol 2.0, avg per TB: (nb RBs 5.0, nb symbols 13.0)
[0m[1;31m[RLC]    bad NACK, bigger than ACK (nack 15 ack 18) (tx_next_ack 16 tx_next 25)
[0m[1;31m[RLC]    error decoding control PDU, discarding
[0m[1;31m[RLC]    bad NACK, bigger than ACK (nack 15 ack 22) (tx_next_ack 16 tx_next 26)
[0m[1;31m[RLC]    error decoding control PDU, discarding
[0m[1;31m[RLC]    bad NACK, bigger than ACK (nack 15 ack 21) (tx_next_ack 16 tx_next 26)
[0m[1;31m[RLC]    error decoding control PDU, discarding
[0m[1;31m[RLC]    bad NACK, bigger than ACK (nack 15 ack 21) (tx_next_ack 16 tx_next 26)
[0m[1;31m[RLC]    error decoding control PDU, discarding
[0m[1;31m[RLC]    bad NACK, bigger than ACK (nack 15 ack 21) (tx_next_ack 16 tx_next 26)
[0m[1;31m[RLC]    error decoding control PDU, discarding
[0m[1;31m[RLC]    bad NACK, bigger than ACK (nack 15 ack 21) (tx_next_ack 16 tx_next 26)
[0m[1;31m[RLC]    error decoding control PDU, discarding
[0m[1;31m[RLC]    bad NACK, bigger than ACK (nack 15 ack 21) (tx_next_ack 16 tx_next 26)
[0m[1;31m[RLC]    error decoding control PDU, discarding
[0m[1;31m[RLC]    bad NACK, bigger than ACK (nack 15 ack 21) (tx_next_ack 16 tx_next 26)
[0m[1;31m[RLC]    error decoding control PDU, discarding
[0m[1;31m[RLC]    bad NACK, bigger than ACK (nack 15 ack 21) (tx_next_ack 16 tx_next 26)
[0m[1;31m[RLC]    error decoding control PDU, discarding
[0m[1;31m[RLC]    bad NACK, bigger than ACK (nack 15 ack 21) (tx_next_ack 16 tx_next 26)
[0m[1;31m[RLC]    error decoding control PDU, discarding
[0m[1;31m[RLC]    bad NACK, bigger than ACK (nack 15 ack 21) (tx_next_ack 16 tx_next 26)
[0m[1;31m[RLC]    error decoding control PDU, discarding
[0m[1;31m[RLC]    bad NACK, bigger than ACK (nack 15 ack 21) (tx_next_ack 16 tx_next 26)
[0m[1;31m[RLC]    error decoding control PDU, discarding
[0m[1;31m[RLC]    bad NACK, bigger than ACK (nack 15 ack 17) (tx_next_ack 16 tx_next 26)
[0m[1;31m[RLC]    error decoding control PDU, discarding
[0m[1;31m[RLC]    bad NACK, bigger than ACK (nack 15 ack 21) (tx_next_ack 16 tx_next 26)
[0m[1;31m[RLC]    error decoding control PDU, discarding
[0m[1;31m[RLC]    bad NACK, bigger than ACK (nack 15 ack 20) (tx_next_ack 16 tx_next 26)
[0m[1;31m[RLC]    error decoding control PDU, discarding
[0m[1;31m[RLC]    bad NACK, bigger than ACK (nack 15 ack 20) (tx_next_ack 16 tx_next 26)
[0m[1;31m[RLC]    error decoding control PDU, discarding
[0m[1;31m[RLC]    bad NACK, bigger than ACK (nack 15 ack 17) (tx_next_ack 16 tx_next 26)
[0m[1;31m[RLC]    error decoding control PDU, discarding
[0m[1;31m[RLC]    bad NACK, bigger than ACK (nack 15 ack 20) (tx_next_ack 16 tx_next 26)
[0m[1;31m[RLC]    error decoding control PDU, discarding
[0m[1;31m[RLC]    bad NACK, bigger than ACK (nack 15 ack 20) (tx_next_ack 16 tx_next 26)
[0m[1;31m[RLC]    error decoding control PDU, discarding
[0m[1;31m[RLC]    bad NACK, bigger than ACK (nack 15 ack 20) (tx_next_ack 16 tx_next 26)
[0m[1;31m[RLC]    error decoding control PDU, discarding
[0m[1;31m[RLC]    bad NACK, bigger than ACK (nack 15 ack 20) (tx_next_ack 16 tx_next 26)
[0m[1;31m[RLC]    error decoding control PDU, discarding
[0m[1;31m[RLC]    bad NACK, bigger than ACK (nack 15 ack 20) (tx_next_ack 16 tx_next 26)
[0m[1;31m[RLC]    error decoding control PDU, discarding
[0m[1;31m[RLC]    bad NACK, bigger than ACK (nack 15 ack 17) (tx_next_ack 16 tx_next 26)
[0m[1;31m[RLC]    error decoding control PDU, discarding
[0m[1;31m[RLC]    bad NACK, bigger than ACK (nack 15 ack 20) (tx_next_ack 16 tx_next 26)
[0m[1;31m[RLC]    error decoding control PDU, discarding
[0m[1;31m[RLC]    bad NACK, bigger than ACK (nack 15 ack 20) (tx_next_ack 16 tx_next 26)
[0m[1;31m[RLC]    error decoding control PDU, discarding
[0m[1;31m[RLC]    bad NACK, bigger than ACK (nack 15 ack 20) (tx_next_ack 16 tx_next 26)
[0m[1;31m[RLC]    error decoding control PDU, discarding
[0m[1;31m[RLC]    bad NACK, bigger than ACK (nack 15 ack 20) (tx_next_ack 16 tx_next 26)
[0m[1;31m[RLC]    error decoding control PDU, discarding
[0m[1;31m[RLC]    bad NACK, bigger than ACK (nack 15 ack 20) (tx_next_ack 16 tx_next 26)
[0m[1;31m[RLC]    error decoding control PDU, discarding
[0m[1;31m[RLC]    bad NACK, bigger than ACK (nack 15 ack 20) (tx_next_ack 16 tx_next 26)
[0m[1;31m[RLC]    error decoding control PDU, discarding
[0m[1;31m[RLC]    bad NACK, bigger than ACK (nack 15 ack 20) (tx_next_ack 16 tx_next 26)
[0m[1;31m[RLC]    error decoding control PDU, discarding
[0m[1;31m[RLC]    bad NACK, bigger than ACK (nack 15 ack 20) (tx_next_ack 16 tx_next 26)
[0m[1;31m[RLC]    error decoding control PDU, discarding
[0m[1;31m[RLC]    bad NACK, bigger than ACK (nack 15 ack 20) (tx_next_ack 16 tx_next 26)
[0m[1;31m[RLC]    error decoding control PDU, discarding
[0m[1;31m[RLC]    bad NACK, bigger than ACK (nack 15 ack 17) (tx_next_ack 16 tx_next 26)
[0m[1;31m[RLC]    error decoding control PDU, discarding
[0m[1;31m[RLC]    bad NACK, bigger than ACK (nack 15 ack 20) (tx_next_ack 16 tx_next 26)
[0m[1;31m[RLC]    error decoding control PDU, discarding
[0m[1;31m[RLC]    bad NACK, bigger than ACK (nack 15 ack 20) (tx_next_ack 16 tx_next 26)
[0m[1;31m[RLC]    error decoding control PDU, discarding
[0m[1;31m[RLC]    bad NACK, bigger than ACK (nack 15 ack 17) (tx_next_ack 16 tx_next 26)
[0m[1;31m[RLC]    error decoding control PDU, discarding
[0m[1;31m[RLC]    bad NACK, bigger than ACK (nack 15 ack 20) (tx_next_ack 16 tx_next 26)
[0m[1;31m[RLC]    error decoding control PDU, discarding
[0m[1;31m[RLC]    bad NACK, bigger than ACK (nack 15 ack 20) (tx_next_ack 16 tx_next 26)
[0m[1;31m[RLC]    error decoding control PDU, discarding
[0m[1;31m[RLC]    bad NACK, bigger than ACK (nack 15 ack 20) (tx_next_ack 16 tx_next 26)
[0m[1;31m[RLC]    error decoding control PDU, discarding
[0m[1;31m[RLC]    bad NACK, bigger than ACK (nack 15 ack 17) (tx_next_ack 16 tx_next 26)
[0m[1;31m[RLC]    error decoding control PDU, discarding
[0m[1;31m[RLC]    bad NACK, bigger than ACK (nack 15 ack 20) (tx_next_ack 16 tx_next 26)
[0m[1;31m[RLC]    error decoding control PDU, discarding
[0m[1;31m[RLC]    bad NACK, bigger than ACK (nack 15 ack 20) (tx_next_ack 16 tx_next 26)
[0m[1;31m[RLC]    error decoding control PDU, discarding
[0m[1;31m[RLC]    bad NACK, bigger than ACK (nack 15 ack 20) (tx_next_ack 16 tx_next 26)
[0m[1;31m[RLC]    error decoding control PDU, discarding
[0m[1;31m[RLC]    4321 SDU rejected, SDU buffer full
[0m[1;31m[RLC]    bad NACK, bigger than ACK (nack 15 ack 20) (tx_next_ack 16 tx_next 26)
[0m[1;31m[RLC]    error decoding control PDU, discarding
[0m[1;31m[RLC]    bad NACK, bigger than ACK (nack 15 ack 20) (tx_next_ack 16 tx_next 26)
[0m[1;31m[RLC]    error decoding control PDU, discarding
[0m[1;31m[RLC]    bad NACK, bigger than ACK (nack 15 ack 17) (tx_next_ack 16 tx_next 26)
[0m[1;31m[RLC]    error decoding control PDU, discarding
[0m[1;31m[RLC]    bad NACK, bigger than ACK (nack 15 ack 20) (tx_next_ack 16 tx_next 26)
[0m[1;31m[RLC]    error decoding control PDU, discarding
[0m[1;31m[RLC]    bad NACK, bigger than ACK (nack 15 ack 20) (tx_next_ack 16 tx_next 26)
[0m[1;31m[RLC]    error decoding control PDU, discarding
[0m[1;31m[RLC]    bad NACK, bigger than ACK (nack 15 ack 17) (tx_next_ack 16 tx_next 26)
[0m[1;31m[RLC]    error decoding control PDU, discarding
[0m[1;31m[RLC]    bad NACK, bigger than ACK (nack 15 ack 20) (tx_next_ack 16 tx_next 26)
[0m[1;31m[RLC]    error decoding control PDU, discarding
[0m[1;31m[RLC]    bad NACK, bigger than ACK (nack 15 ack 20) (tx_next_ack 16 tx_next 26)
[0m[1;31m[RLC]    error decoding control PDU, discarding
[0m[1;31m[RLC]    bad NACK, bigger than ACK (nack 15 ack 20) (tx_next_ack 16 tx_next 26)
[0m[1;31m[RLC]    error decoding control PDU, discarding
[0m[1;31m[RLC]    bad NACK, bigger than ACK (nack 15 ack 20) (tx_next_ack 16 tx_next 26)
[0m[1;31m[RLC]    error decoding control PDU, discarding
[0m[1;31m[RLC]    bad NACK, bigger than ACK (nack 15 ack 20) (tx_next_ack 16 tx_next 26)
[0m[1;31m[RLC]    error decoding control PDU, discarding
[0m[1;31m[RLC]    bad NACK, bigger than ACK (nack 15 ack 17) (tx_next_ack 16 tx_next 26)
[0m[1;31m[RLC]    error decoding control PDU, discarding
[0m[1;31m[RLC]    bad NACK, bigger than ACK (nack 15 ack 20) (tx_next_ack 16 tx_next 26)
[0m[1;31m[RLC]    error decoding control PDU, discarding
[0m[1;31m[RLC]    bad NACK, bigger than ACK (nack 15 ack 20) (tx_next_ack 16 tx_next 26)
[0m[1;31m[RLC]    error decoding control PDU, discarding
[0m[1;31m[RLC]    bad NACK, bigger than ACK (nack 15 ack 20) (tx_next_ack 16 tx_next 26)
[0m[1;31m[RLC]    error decoding control PDU, discarding
[0m[1;31m[RLC]    bad NACK, bigger than ACK (nack 15 ack 20) (tx_next_ack 16 tx_next 26)
[0m[1;31m[RLC]    error decoding control PDU, discarding
[0m[1;31m[RLC]    bad NACK, bigger than ACK (nack 15 ack 20) (tx_next_ack 16 tx_next 26)
[0m[1;31m[RLC]    error decoding control PDU, discarding
[0m[1;31m[RLC]    bad NACK, bigger than ACK (nack 15 ack 17) (tx_next_ack 16 tx_next 26)
[0m[1;31m[RLC]    error decoding control PDU, discarding
[0m[1;31m[RLC]    bad NACK, bigger than ACK (nack 15 ack 20) (tx_next_ack 16 tx_next 26)
[0m[1;31m[RLC]    error decoding control PDU, discarding
[0m[1;31m[RLC]    bad NACK, bigger than ACK (nack 15 ack 20) (tx_next_ack 16 tx_next 26)
[0m[1;31m[RLC]    error decoding control PDU, discarding
[0m[1;31m[RLC]    bad NACK, bigger than ACK (nack 15 ack 20) (tx_next_ack 16 tx_next 26)
[0m[1;31m[RLC]    error decoding control PDU, discarding
[0m[1;31m[RLC]    bad NACK, bigger than ACK (nack 15 ack 20) (tx_next_ack 16 tx_next 27)
[0m[1;31m[RLC]    error decoding control PDU, discarding
[0m[1;31m[RLC]    bad NACK, bigger than ACK (nack 15 ack 20) (tx_next_ack 16 tx_next 27)
[0m[1;31m[RLC]    error decoding control PDU, discarding
[0m[1;31m[RLC]    bad NACK, bigger than ACK (nack 15 ack 17) (tx_next_ack 16 tx_next 27)
[0m[1;31m[RLC]    error decoding control PDU, discarding
[0m[1;31m[RLC]    bad NACK, bigger than ACK (nack 15 ack 20) (tx_next_ack 16 tx_next 27)
[0m[1;31m[RLC]    error decoding control PDU, discarding
[0m[1;31m[RLC]    bad NACK, bigger than ACK (nack 15 ack 20) (tx_next_ack 16 tx_next 27)
[0m[1;31m[RLC]    error decoding control PDU, discarding
[0m[1;31m[RLC]    bad NACK, bigger than ACK (nack 15 ack 17) (tx_next_ack 16 tx_next 27)
[0m[1;31m[RLC]    error decoding control PDU, discarding
[0m[NR_MAC] UE 0 RNTI 5e5d stats sfn: 128.4, cumulated bad DCI 0
    DL harq: 864/62/10/1
    UL harq: 2770/2707/1924/605 avg code rate 0.1, avg bit/symbol 2.0, avg per TB: (nb RBs 5.0, nb symbols 13.0)
[0m[1;31m[RLC]    bad NACK, bigger than ACK (nack 15 ack 20) (tx_next_ack 16 tx_next 27)
[0m[1;31m[RLC]    error decoding control PDU, discarding
[0m[1;31m[RLC]    bad NACK, bigger than ACK (nack 15 ack 20) (tx_next_ack 16 tx_next 27)
[0m[1;31m[RLC]    error decoding control PDU, discarding
[0m[1;31m[RLC]    bad NACK, bigger than ACK (nack 15 ack 20) (tx_next_ack 16 tx_next 27)
[0m[1;31m[RLC]    error decoding control PDU, discarding
[0m[1;31m[RLC]    bad NACK, bigger than ACK (nack 15 ack 17) (tx_next_ack 16 tx_next 27)
[0m[1;31m[RLC]    error decoding control PDU, discarding
[0m[1;31m[RLC]    bad NACK, bigger than ACK (nack 15 ack 20) (tx_next_ack 16 tx_next 27)
[0m[1;31m[RLC]    error decoding control PDU, discarding
[0m[1;31m[RLC]    bad NACK, bigger than ACK (nack 15 ack 20) (tx_next_ack 16 tx_next 27)
[0m[1;31m[RLC]    error decoding control PDU, discarding
[0m[1;31m[RLC]    bad NACK, bigger than ACK (nack 15 ack 20) (tx_next_ack 16 tx_next 27)
[0m[1;31m[RLC]    error decoding control PDU, discarding
[0m[1;31m[RLC]    bad NACK, bigger than ACK (nack 15 ack 20) (tx_next_ack 16 tx_next 27)
[0m[1;31m[RLC]    error decoding control PDU, discarding
[0m[1;31m[RLC]    bad NACK, bigger than ACK (nack 15 ack 20) (tx_next_ack 16 tx_next 27)
[0m[1;31m[RLC]    error decoding control PDU, discarding
[0m[1;31m[RLC]    bad NACK, bigger than ACK (nack 15 ack 20) (tx_next_ack 16 tx_next 27)
[0m[1;31m[RLC]    error decoding control PDU, discarding
[0m[1;31m[RLC]    bad NACK, bigger than ACK (nack 15 ack 17) (tx_next_ack 16 tx_next 27)
[0m[1;31m[RLC]    error decoding control PDU, discarding
[0m[1;31m[RLC]    bad NACK, bigger than ACK (nack 15 ack 21) (tx_next_ack 16 tx_next 27)
[0m[1;31m[RLC]    error decoding control PDU, discarding
[0m[1;31m[RLC]    bad NACK, bigger than ACK (nack 15 ack 21) (tx_next_ack 16 tx_next 27)
[0m[1;31m[RLC]    error decoding control PDU, discarding
[0m[1;31m[RLC]    bad NACK, bigger than ACK (nack 15 ack 21) (tx_next_ack 16 tx_next 27)
[0m[1;31m[RLC]    error decoding control PDU, discarding
[0m[1;31m[RLC]    bad NACK, bigger than ACK (nack 15 ack 21) (tx_next_ack 16 tx_next 27)
[0m[1;31m[RLC]    error decoding control PDU, discarding
[0m[1;31m[RLC]    bad NACK, bigger than ACK (nack 15 ack 17) (tx_next_ack 16 tx_next 27)
[0m[1;31m[RLC]    error decoding control PDU, discarding
[0m[1;31m[RLC]    bad NACK, bigger than ACK (nack 15 ack 21) (tx_next_ack 16 tx_next 27)
[0m[1;31m[RLC]    error decoding control PDU, discarding
[0m[1;31m[RLC]    bad NACK, bigger than ACK (nack 15 ack 21) (tx_next_ack 16 tx_next 27)
[0m[1;31m[RLC]    error decoding control PDU, discarding
[0m[1;31m[RLC]    bad NACK, bigger than ACK (nack 15 ack 21) (tx_next_ack 16 tx_next 27)
[0m[1;31m[RLC]    error decoding control PDU, discarding
[0m[1;31m[RLC]    bad NACK, bigger than ACK (nack 15 ack 21) (tx_next_ack 16 tx_next 27)
[0m[1;31m[RLC]    error decoding control PDU, discarding
[0m[1;31m[RLC]    bad NACK, bigger than ACK (nack 15 ack 17) (tx_next_ack 16 tx_next 27)
[0m[1;31m[RLC]    error decoding control PDU, discarding
[0m[1;31m[RLC]    bad NACK, bigger than ACK (nack 15 ack 21) (tx_next_ack 16 tx_next 27)
[0m[1;31m[RLC]    error decoding control PDU, discarding
[0m[1;31m[RLC]    bad NACK, bigger than ACK (nack 15 ack 21) (tx_next_ack 16 tx_next 27)
[0m[1;31m[RLC]    error decoding control PDU, discarding
[0m[1;31m[RLC]    bad NACK, bigger than ACK (nack 15 ack 21) (tx_next_ack 16 tx_next 27)
[0m[1;31m[RLC]    error decoding control PDU, discarding
[0m[1;31m[RLC]    bad NACK, bigger than ACK (nack 15 ack 21) (tx_next_ack 16 tx_next 27)
[0m[1;31m[RLC]    error decoding control PDU, discarding
[0m[1;31m[RLC]    bad NACK, bigger than ACK (nack 15 ack 21) (tx_next_ack 16 tx_next 27)
[0m[1;31m[RLC]    error decoding control PDU, discarding
[0m[1;31m[RLC]    bad NACK, bigger than ACK (nack 15 ack 21) (tx_next_ack 16 tx_next 27)
[0m[1;31m[RLC]    error decoding control PDU, discarding
[0m[1;31m[RLC]    bad NACK, bigger than ACK (nack 15 ack 22) (tx_next_ack 16 tx_next 27)
[0m[1;31m[RLC]    error decoding control PDU, discarding
[0m[1;31m[RLC]    bad NACK, bigger than ACK (nack 15 ack 22) (tx_next_ack 16 tx_next 27)
[0m[1;31m[RLC]    error decoding control PDU, discarding
[0m[1;31m[RLC]    bad NACK, bigger than ACK (nack 15 ack 18) (tx_next_ack 16 tx_next 27)
[0m[1;31m[RLC]    error decoding control PDU, discarding
[0m[1;31m[RLC]    4320 SDU rejected, SDU buffer full
[0m[1;31m[RLC]    bad NACK, bigger than ACK (nack 15 ack 22) (tx_next_ack 16 tx_next 27)
[0m[1;31m[RLC]    error decoding control PDU, discarding
[0m[1;31m[RLC]    bad NACK, bigger than ACK (nack 15 ack 22) (tx_next_ack 16 tx_next 27)
[0m[1;31m[RLC]    error decoding control PDU, discarding
[0m[1;31m[RLC]    bad NACK, bigger than ACK (nack 15 ack 22) (tx_next_ack 16 tx_next 27)
[0m[1;31m[RLC]    error decoding control PDU, discarding
[0m[1;31m[RLC]    bad NACK, bigger than ACK (nack 15 ack 18) (tx_next_ack 16 tx_next 27)
[0m[1;31m[RLC]    error decoding control PDU, discarding
[0m[1;31m[RLC]    bad NACK, bigger than ACK (nack 15 ack 22) (tx_next_ack 16 tx_next 27)
[0m[1;31m[RLC]    error decoding control PDU, discarding
[0m[1;31m[RLC]    bad NACK, bigger than ACK (nack 15 ack 18) (tx_next_ack 16 tx_next 27)
[0m[1;31m[RLC]    error decoding control PDU, discarding
[0m[1;31m[RLC]    bad NACK, bigger than ACK (nack 15 ack 22) (tx_next_ack 16 tx_next 27)
[0m[1;31m[RLC]    error decoding control PDU, discarding
[0m[1;31m[RLC]    bad NACK, bigger than ACK (nack 15 ack 22) (tx_next_ack 16 tx_next 27)
[0m[1;31m[RLC]    error decoding control PDU, discarding
[0m[1;31m[RLC]    bad NACK, bigger than ACK (nack 15 ack 22) (tx_next_ack 16 tx_next 27)
[0m[1;31m[RLC]    error decoding control PDU, discarding
[0m[1;31m[RLC]    bad NACK, bigger than ACK (nack 15 ack 22) (tx_next_ack 16 tx_next 27)
[0m[1;31m[RLC]    error decoding control PDU, discarding
[0m[1;31m[RLC]    bad NACK, bigger than ACK (nack 15 ack 22) (tx_next_ack 16 tx_next 27)
[0m[1;31m[RLC]    error decoding control PDU, discarding
[0m[1;31m[RLC]    bad NACK, bigger than ACK (nack 15 ack 18) (tx_next_ack 16 tx_next 27)
[0m[1;31m[RLC]    error decoding control PDU, discarding
[0m[1;31m[RLC]    bad NACK, bigger than ACK (nack 15 ack 22) (tx_next_ack 16 tx_next 27)
[0m[1;31m[RLC]    error decoding control PDU, discarding
[0m[1;31m[RLC]    bad NACK, bigger than ACK (nack 15 ack 22) (tx_next_ack 16 tx_next 27)
[0m[1;31m[RLC]    error decoding control PDU, discarding
[0m[1;31m[RLC]    bad NACK, bigger than ACK (nack 15 ack 22) (tx_next_ack 16 tx_next 27)
[0m[1;31m[RLC]    error decoding control PDU, discarding
[0m[1;31m[RLC]    bad NACK, bigger than ACK (nack 15 ack 22) (tx_next_ack 16 tx_next 27)
[0m[1;31m[RLC]    error decoding control PDU, discarding
[0m[1;31m[RLC]    bad NACK, bigger than ACK (nack 15 ack 22) (tx_next_ack 16 tx_next 27)
[0m[1;31m[RLC]    error decoding control PDU, discarding
[0m[1;31m[RLC]    bad NACK, bigger than ACK (nack 15 ack 22) (tx_next_ack 16 tx_next 27)
[0m[1;31m[RLC]    error decoding control PDU, discarding
[0m[1;31m[RLC]    bad NACK, bigger than ACK (nack 15 ack 21) (tx_next_ack 16 tx_next 27)
[0m[1;31m[RLC]    error decoding control PDU, discarding
[0m[1;31m[RLC]    bad NACK, bigger than ACK (nack 15 ack 21) (tx_next_ack 16 tx_next 27)
[0m[1;31m[RLC]    error decoding control PDU, discarding
[0m[1;31m[RLC]    bad NACK, bigger than ACK (nack 15 ack 21) (tx_next_ack 16 tx_next 27)
[0m[1;31m[RLC]    error decoding control PDU, discarding
[0m[1;31m[RLC]    bad NACK, bigger than ACK (nack 15 ack 21) (tx_next_ack 16 tx_next 27)
[0m[1;31m[RLC]    error decoding control PDU, discarding
[0m[1;31m[RLC]    bad NACK, bigger than ACK (nack 15 ack 21) (tx_next_ack 16 tx_next 28)
[0m[1;31m[RLC]    error decoding control PDU, discarding
[0m[1;31m[RLC]    bad NACK, bigger than ACK (nack 15 ack 17) (tx_next_ack 16 tx_next 28)
[0m[1;31m[RLC]    error decoding control PDU, discarding
[0m[1;31m[RLC]    bad NACK, bigger than ACK (nack 15 ack 21) (tx_next_ack 16 tx_next 28)
[0m[1;31m[RLC]    error decoding control PDU, discarding
[0m[1;31m[RLC]    bad NACK, bigger than ACK (nack 15 ack 21) (tx_next_ack 16 tx_next 28)
[0m[1;31m[RLC]    error decoding control PDU, discarding
[0m[1;31m[RLC]    bad NACK, bigger than ACK (nack 15 ack 21) (tx_next_ack 16 tx_next 28)
[0m[1;31m[RLC]    error decoding control PDU, discarding
[0m[1;31m[RLC]    bad NACK, bigger than ACK (nack 15 ack 21) (tx_next_ack 16 tx_next 28)
[0m[1;31m[RLC]    error decoding control PDU, discarding
[0m[1;31m[RLC]    bad NACK, bigger than ACK (nack 15 ack 21) (tx_next_ack 16 tx_next 28)
[0m[1;31m[RLC]    error decoding control PDU, discarding
[0m[1;31m[RLC]    bad NACK, bigger than ACK (nack 15 ack 17) (tx_next_ack 16 tx_next 28)
[0m[1;31m[RLC]    error decoding control PDU, discarding
[0m[1;31m[RLC]    bad NACK, bigger than ACK (nack 15 ack 21) (tx_next_ack 16 tx_next 28)
[0m[1;31m[RLC]    error decoding control PDU, discarding
[0m[1;31m[RLC]    bad NACK, bigger than ACK (nack 15 ack 21) (tx_next_ack 16 tx_next 28)
[0m[1;31m[RLC]    error decoding control PDU, discarding
[0m[1;31m[RLC]    bad NACK, bigger than ACK (nack 15 ack 21) (tx_next_ack 16 tx_next 28)
[0m[1;31m[RLC]    error decoding control PDU, discarding
[0m[1;31m[RLC]    bad NACK, bigger than ACK (nack 15 ack 21) (tx_next_ack 16 tx_next 28)
[0m[1;31m[RLC]    error decoding control PDU, discarding
[0m[1;31m[RLC]    bad NACK, bigger than ACK (nack 15 ack 21) (tx_next_ack 16 tx_next 28)
[0m[1;31m[RLC]    error decoding control PDU, discarding
[0m[1;31m[RLC]    bad NACK, bigger than ACK (nack 15 ack 17) (tx_next_ack 16 tx_next 28)
[0m[1;31m[RLC]    error decoding control PDU, discarding
[0m[1;31m[RLC]    bad NACK, bigger than ACK (nack 15 ack 21) (tx_next_ack 16 tx_next 28)
[0m[1;31m[RLC]    error decoding control PDU, discarding
[0m[NR_MAC] UE 0 RNTI 5e5d stats sfn: 256.4, cumulated bad DCI 0
    DL harq: 935/73/10/1
    UL harq: 2948/2874/2044/652 avg code rate 0.1, avg bit/symbol 2.0, avg per TB: (nb RBs 5.0, nb symbols 13.0)
[0m[1;31m[RLC]    bad NACK, bigger than ACK (nack 15 ack 21) (tx_next_ack 16 tx_next 28)
[0m[1;31m[RLC]    error decoding control PDU, discarding
[0m[1;31m[RLC]    bad NACK, bigger than ACK (nack 15 ack 17) (tx_next_ack 16 tx_next 28)
[0m[1;31m[RLC]    error decoding control PDU, discarding
[0m[1;31m[RLC]    bad NACK, bigger than ACK (nack 15 ack 21) (tx_next_ack 16 tx_next 28)
[0m[1;31m[RLC]    error decoding control PDU, discarding
[0m[1;31m[RLC]    bad NACK, bigger than ACK (nack 15 ack 21) (tx_next_ack 16 tx_next 28)
[0m[1;31m[RLC]    error decoding control PDU, discarding
[0m[1;31m[RLC]    bad NACK, bigger than ACK (nack 15 ack 21) (tx_next_ack 16 tx_next 28)
[0m[1;31m[RLC]    error decoding control PDU, discarding
[0m[1;31m[RLC]    bad NACK, bigger than ACK (nack 15 ack 21) (tx_next_ack 16 tx_next 28)
[0m[1;31m[RLC]    error decoding control PDU, discarding
[0m[1;31m[RLC]    bad NACK, bigger than ACK (nack 15 ack 17) (tx_next_ack 16 tx_next 28)
[0m[1;31m[RLC]    error decoding control PDU, discarding
[0m[1;31m[RLC]    bad NACK, bigger than ACK (nack 15 ack 21) (tx_next_ack 16 tx_next 28)
[0m[1;31m[RLC]    error decoding control PDU, discarding
[0m[1;31m[RLC]    bad NACK, bigger than ACK (nack 15 ack 21) (tx_next_ack 16 tx_next 28)
[0m[1;31m[RLC]    error decoding control PDU, discarding
[0m[1;31m[RLC]    bad NACK, bigger than ACK (nack 15 ack 21) (tx_next_ack 16 tx_next 28)
[0m[1;31m[RLC]    error decoding control PDU, discarding
[0m[1;31m[RLC]    bad NACK, bigger than ACK (nack 15 ack 21) (tx_next_ack 16 tx_next 28)
[0m[1;31m[RLC]    error decoding control PDU, discarding
[0m[1;31m[RLC]    bad NACK, bigger than ACK (nack 15 ack 17) (tx_next_ack 16 tx_next 28)
[0m[1;31m[RLC]    error decoding control PDU, discarding
[0m[1;31m[RLC]    bad NACK, bigger than ACK (nack 15 ack 21) (tx_next_ack 16 tx_next 28)
[0m[1;31m[RLC]    error decoding control PDU, discarding
[0m[1;31m[RLC]    4321 SDU rejected, SDU buffer full
[0m[1;31m[RLC]    bad NACK, bigger than ACK (nack 15 ack 21) (tx_next_ack 16 tx_next 28)
[0m[1;31m[RLC]    error decoding control PDU, discarding
[0m[1;31m[RLC]    bad NACK, bigger than ACK (nack 15 ack 21) (tx_next_ack 16 tx_next 28)
[0m[1;31m[RLC]    error decoding control PDU, discarding
[0m[1;31m[RLC]    bad NACK, bigger than ACK (nack 15 ack 17) (tx_next_ack 16 tx_next 28)
[0m[1;31m[RLC]    error decoding control PDU, discarding
[0m[1;31m[RLC]    bad NACK, bigger than ACK (nack 15 ack 21) (tx_next_ack 16 tx_next 28)
[0m[1;31m[RLC]    error decoding control PDU, discarding
[0m[1;31m[RLC]    bad NACK, bigger than ACK (nack 15 ack 21) (tx_next_ack 16 tx_next 28)
[0m[1;31m[RLC]    error decoding control PDU, discarding
[0m[1;31m[RLC]    bad NACK, bigger than ACK (nack 15 ack 21) (tx_next_ack 16 tx_next 28)
[0m[1;31m[RLC]    error decoding control PDU, discarding
[0m[1;31m[RLC]    bad NACK, bigger than ACK (nack 15 ack 21) (tx_next_ack 16 tx_next 28)
[0m[1;31m[RLC]    error decoding control PDU, discarding
[0m[1;31m[RLC]    bad NACK, bigger than ACK (nack 15 ack 21) (tx_next_ack 16 tx_next 28)
[0m[1;31m[RLC]    error decoding control PDU, discarding
[0m[1;31m[RLC]    bad NACK, bigger than ACK (nack 15 ack 17) (tx_next_ack 16 tx_next 28)
[0m[1;31m[RLC]    error decoding control PDU, discarding
[0m[1;31m[RLC]    bad NACK, bigger than ACK (nack 15 ack 21) (tx_next_ack 16 tx_next 28)
[0m[1;31m[RLC]    error decoding control PDU, discarding
[0m[1;31m[RLC]    bad NACK, bigger than ACK (nack 15 ack 21) (tx_next_ack 16 tx_next 28)
[0m[1;31m[RLC]    error decoding control PDU, discarding
[0m[1;31m[RLC]    bad NACK, bigger than ACK (nack 15 ack 21) (tx_next_ack 16 tx_next 28)
[0m[1;31m[RLC]    error decoding control PDU, discarding
[0m[1;31m[RLC]    bad NACK, bigger than ACK (nack 15 ack 17) (tx_next_ack 16 tx_next 28)
[0m[1;31m[RLC]    error decoding control PDU, discarding
[0m[1;31m[RLC]    bad NACK, bigger than ACK (nack 15 ack 21) (tx_next_ack 16 tx_next 28)
[0m[1;31m[RLC]    error decoding control PDU, discarding
[0m[1;31m[RLC]    bad NACK, bigger than ACK (nack 15 ack 17) (tx_next_ack 16 tx_next 28)
[0m[1;31m[RLC]    error decoding control PDU, discarding
[0m[1;31m[RLC]    bad NACK, bigger than ACK (nack 15 ack 21) (tx_next_ack 16 tx_next 28)
[0m[1;31m[RLC]    error decoding control PDU, discarding
[0m[1;31m[RLC]    bad NACK, bigger than ACK (nack 15 ack 21) (tx_next_ack 16 tx_next 28)
[0m[1;31m[RLC]    error decoding control PDU, discarding
[0m[1;31m[RLC]    bad NACK, bigger than ACK (nack 15 ack 21) (tx_next_ack 16 tx_next 28)
[0m[1;31m[RLC]    error decoding control PDU, discarding
[0m[1;31m[RLC]    bad NACK, bigger than ACK (nack 15 ack 21) (tx_next_ack 16 tx_next 28)
[0m[1;31m[RLC]    error decoding control PDU, discarding
[0m[1;31m[RLC]    bad NACK, bigger than ACK (nack 15 ack 21) (tx_next_ack 16 tx_next 28)
[0m[1;31m[RLC]    error decoding control PDU, discarding
[0m[1;31m[RLC]    bad NACK, bigger than ACK (nack 15 ack 21) (tx_next_ack 16 tx_next 28)
[0m[1;31m[RLC]    error decoding control PDU, discarding
[0m[1;31m[RLC]    bad NACK, bigger than ACK (nack 15 ack 21) (tx_next_ack 16 tx_next 28)
[0m[1;31m[RLC]    error decoding control PDU, discarding
[0m[1;31m[RLC]    bad NACK, bigger than ACK (nack 15 ack 17) (tx_next_ack 16 tx_next 28)
[0m[1;31m[RLC]    error decoding control PDU, discarding
[0m[1;31m[RLC]    bad NACK, bigger than ACK (nack 15 ack 21) (tx_next_ack 16 tx_next 28)
[0m[1;31m[RLC]    error decoding control PDU, discarding
[0m[1;31m[RLC]    bad NACK, bigger than ACK (nack 15 ack 21) (tx_next_ack 16 tx_next 28)
[0m[1;31m[RLC]    error decoding control PDU, discarding
[0m[1;31m[RLC]    bad NACK, bigger than ACK (nack 15 ack 21) (tx_next_ack 16 tx_next 28)
[0m[1;31m[RLC]    error decoding control PDU, discarding
[0m[1;31m[RLC]    bad NACK, bigger than ACK (nack 15 ack 21) (tx_next_ack 16 tx_next 28)
[0m[1;31m[RLC]    error decoding control PDU, discarding
[0m[1;31m[RLC]    bad NACK, bigger than ACK (nack 15 ack 21) (tx_next_ack 16 tx_next 28)
[0m[1;31m[RLC]    error decoding control PDU, discarding
[0m[1;31m[RLC]    bad NACK, bigger than ACK (nack 15 ack 17) (tx_next_ack 16 tx_next 28)
[0m[1;31m[RLC]    error decoding control PDU, discarding
[0m[1;31m[RLC]    bad NACK, bigger than ACK (nack 15 ack 21) (tx_next_ack 16 tx_next 28)
[0m[1;31m[RLC]    error decoding control PDU, discarding
[0m[1;31m[RLC]    bad NACK, bigger than ACK (nack 15 ack 21) (tx_next_ack 16 tx_next 28)
[0m[1;31m[RLC]    error decoding control PDU, discarding
[0m[1;31m[RLC]    bad NACK, bigger than ACK (nack 15 ack 21) (tx_next_ack 16 tx_next 28)
[0m[1;31m[RLC]    error decoding control PDU, discarding
[0m[1;31m[RLC]    bad NACK, bigger than ACK (nack 15 ack 21) (tx_next_ack 16 tx_next 28)
[0m[1;31m[RLC]    error decoding control PDU, discarding
[0m[1;31m[RLC]    bad NACK, bigger than ACK (nack 15 ack 21) (tx_next_ack 16 tx_next 28)
[0m[1;31m[RLC]    error decoding control PDU, discarding
[0m[1;31m[RLC]    bad NACK, bigger than ACK (nack 15 ack 21) (tx_next_ack 16 tx_next 29)
[0m[1;31m[RLC]    error decoding control PDU, discarding
[0m[1;31m[RLC]    bad NACK, bigger than ACK (nack 15 ack 21) (tx_next_ack 16 tx_next 29)
[0m[1;31m[RLC]    error decoding control PDU, discarding
[0m[1;31m[RLC]    bad NACK, bigger than ACK (nack 15 ack 21) (tx_next_ack 16 tx_next 29)
[0m[1;31m[RLC]    error decoding control PDU, discarding
[0m[1;31m[RLC]    bad NACK, bigger than ACK (nack 15 ack 17) (tx_next_ack 16 tx_next 29)
[0m[1;31m[RLC]    error decoding control PDU, discarding
[0m[1;31m[RLC]    bad NACK, bigger than ACK (nack 15 ack 21) (tx_next_ack 16 tx_next 29)
[0m[1;31m[RLC]    error decoding control PDU, discarding
[0m[1;31m[RLC]    bad NACK, bigger than ACK (nack 15 ack 21) (tx_next_ack 16 tx_next 29)
[0m[1;31m[RLC]    error decoding control PDU, discarding
[0m[1;31m[RLC]    bad NACK, bigger than ACK (nack 15 ack 21) (tx_next_ack 16 tx_next 29)
[0m[1;31m[RLC]    error decoding control PDU, discarding
[0m[1;31m[RLC]    bad NACK, bigger than ACK (nack 15 ack 21) (tx_next_ack 16 tx_next 29)
[0m[1;31m[RLC]    error decoding control PDU, discarding
[0m[NR_MAC] [356.1] Received TA_COMMAND 30 TAGID 0 CC_id 0 
[0m[1;31m[RLC]    bad NACK, bigger than ACK (nack 15 ack 17) (tx_next_ack 16 tx_next 29)
[0m[1;31m[RLC]    error decoding control PDU, discarding
[0m[1;31m[RLC]    bad NACK, bigger than ACK (nack 15 ack 21) (tx_next_ack 16 tx_next 29)
[0m[1;31m[RLC]    error decoding control PDU, discarding
[0m[1;31m[RLC]    bad NACK, bigger than ACK (nack 15 ack 21) (tx_next_ack 16 tx_next 29)
[0m[1;31m[RLC]    error decoding control PDU, discarding
[0m[1;31m[RLC]    bad NACK, bigger than ACK (nack 15 ack 21) (tx_next_ack 16 tx_next 29)
[0m[1;31m[RLC]    error decoding control PDU, discarding
[0m[1;31m[RLC]    bad NACK, bigger than ACK (nack 15 ack 21) (tx_next_ack 16 tx_next 29)
[0m[1;31m[RLC]    error decoding control PDU, discarding
[0m[1;31m[RLC]    bad NACK, bigger than ACK (nack 15 ack 21) (tx_next_ack 16 tx_next 29)
[0m[1;31m[RLC]    error decoding control PDU, discarding
[0m[1;31m[RLC]    bad NACK, bigger than ACK (nack 15 ack 21) (tx_next_ack 16 tx_next 29)
[0m[1;31m[RLC]    error decoding control PDU, discarding
[0m[1;31m[RLC]    bad NACK, bigger than ACK (nack 15 ack 21) (tx_next_ack 16 tx_next 29)
[0m[1;31m[RLC]    error decoding control PDU, discarding
[0m[1;31m[RLC]    bad NACK, bigger than ACK (nack 15 ack 21) (tx_next_ack 16 tx_next 29)
[0m[1;31m[RLC]    error decoding control PDU, discarding
[0m[1;31m[RLC]    bad NACK, bigger than ACK (nack 15 ack 17) (tx_next_ack 16 tx_next 29)
[0m[1;31m[RLC]    error decoding control PDU, discarding
[0m[1;31m[RLC]    bad NACK, bigger than ACK (nack 15 ack 21) (tx_next_ack 16 tx_next 29)
[0m[1;31m[RLC]    error decoding control PDU, discarding
[0m[1;31m[RLC]    bad NACK, bigger than ACK (nack 15 ack 21) (tx_next_ack 16 tx_next 29)
[0m[1;31m[RLC]    error decoding control PDU, discarding
[0m[1;31m[RLC]    bad NACK, bigger than ACK (nack 15 ack 21) (tx_next_ack 16 tx_next 29)
[0m[1;31m[RLC]    error decoding control PDU, discarding
[0m[1;31m[RLC]    bad NACK, bigger than ACK (nack 15 ack 21) (tx_next_ack 16 tx_next 29)
[0m[1;31m[RLC]    error decoding control PDU, discarding
[0m[1;31m[RLC]    4321 SDU rejected, SDU buffer full
[0m[1;31m[RLC]    bad NACK, bigger than ACK (nack 15 ack 22) (tx_next_ack 16 tx_next 29)
[0m[1;31m[RLC]    error decoding control PDU, discarding
[0m[1;31m[RLC]    bad NACK, bigger than ACK (nack 15 ack 22) (tx_next_ack 16 tx_next 29)
[0m[1;31m[RLC]    error decoding control PDU, discarding
[0m[1;31m[RLC]    bad NACK, bigger than ACK (nack 15 ack 18) (tx_next_ack 16 tx_next 29)
[0m[1;31m[RLC]    error decoding control PDU, discarding
[0m[NR_MAC] UE 0 RNTI 5e5d stats sfn: 384.4, cumulated bad DCI 0
    DL harq: 1008/75/10/1
    UL harq: 3125/3047/2160/698 avg code rate 0.1, avg bit/symbol 2.0, avg per TB: (nb RBs 5.0, nb symbols 13.0)
[0m[1;31m[RLC]    bad NACK, bigger than ACK (nack 15 ack 22) (tx_next_ack 16 tx_next 29)
[0m[1;31m[RLC]    error decoding control PDU, discarding
[0m[1;31m[RLC]    bad NACK, bigger than ACK (nack 15 ack 22) (tx_next_ack 16 tx_next 29)
[0m[1;31m[RLC]    error decoding control PDU, discarding
[0m[1;31m[RLC]    bad NACK, bigger than ACK (nack 15 ack 22) (tx_next_ack 16 tx_next 29)
[0m[1;31m[RLC]    error decoding control PDU, discarding
[0m[1;31m[RLC]    bad NACK, bigger than ACK (nack 15 ack 22) (tx_next_ack 16 tx_next 29)
[0m[1;31m[RLC]    error decoding control PDU, discarding
[0m[1;31m[RLC]    bad NACK, bigger than ACK (nack 15 ack 22) (tx_next_ack 16 tx_next 29)
[0m[1;31m[RLC]    error decoding control PDU, discarding
[0m[1;31m[RLC]    bad NACK, bigger than ACK (nack 15 ack 22) (tx_next_ack 16 tx_next 29)
[0m[1;31m[RLC]    error decoding control PDU, discarding
[0m[1;31m[RLC]    bad NACK, bigger than ACK (nack 15 ack 22) (tx_next_ack 16 tx_next 29)
[0m[1;31m[RLC]    error decoding control PDU, discarding
[0m[1;31m[RLC]    bad NACK, bigger than ACK (nack 15 ack 18) (tx_next_ack 16 tx_next 29)
[0m[1;31m[RLC]    error decoding control PDU, discarding
[0m[1;31m[RLC]    bad NACK, bigger than ACK (nack 15 ack 22) (tx_next_ack 16 tx_next 29)
[0m[1;31m[RLC]    error decoding control PDU, discarding
[0m[1;31m[RLC]    bad NACK, bigger than ACK (nack 15 ack 22) (tx_next_ack 16 tx_next 29)
[0m[1;31m[RLC]    error decoding control PDU, discarding
[0m[1;31m[RLC]    bad NACK, bigger than ACK (nack 15 ack 22) (tx_next_ack 16 tx_next 29)
[0m[1;31m[RLC]    error decoding control PDU, discarding
[0m[1;31m[RLC]    bad NACK, bigger than ACK (nack 15 ack 18) (tx_next_ack 16 tx_next 29)
[0m[1;31m[RLC]    error decoding control PDU, discarding
[0m[1;31m[RLC]    bad NACK, bigger than ACK (nack 15 ack 22) (tx_next_ack 16 tx_next 29)
[0m[1;31m[RLC]    error decoding control PDU, discarding
[0m[1;31m[RLC]    bad NACK, bigger than ACK (nack 15 ack 22) (tx_next_ack 16 tx_next 29)
[0m[1;31m[RLC]    error decoding control PDU, discarding
[0m[1;31m[RLC]    bad NACK, bigger than ACK (nack 15 ack 22) (tx_next_ack 16 tx_next 29)
[0m[1;31m[RLC]    error decoding control PDU, discarding
[0m[1;31m[RLC]    bad NACK, bigger than ACK (nack 15 ack 22) (tx_next_ack 16 tx_next 29)
[0m[1;31m[RLC]    error decoding control PDU, discarding
[0m[1;31m[RLC]    bad NACK, bigger than ACK (nack 15 ack 18) (tx_next_ack 16 tx_next 29)
[0m[1;31m[RLC]    error decoding control PDU, discarding
[0m[1;31m[RLC]    bad NACK, bigger than ACK (nack 15 ack 22) (tx_next_ack 16 tx_next 29)
[0m[1;31m[RLC]    error decoding control PDU, discarding
[0m[1;31m[RLC]    bad NACK, bigger than ACK (nack 15 ack 22) (tx_next_ack 16 tx_next 29)
[0m[1;31m[RLC]    error decoding control PDU, discarding
[0m[1;31m[RLC]    bad NACK, bigger than ACK (nack 15 ack 22) (tx_next_ack 16 tx_next 29)
[0m[1;31m[RLC]    error decoding control PDU, discarding
[0m[1;31m[RLC]    bad NACK, bigger than ACK (nack 15 ack 22) (tx_next_ack 16 tx_next 29)
[0m[1;31m[RLC]    error decoding control PDU, discarding
[0m[1;31m[RLC]    bad NACK, bigger than ACK (nack 15 ack 22) (tx_next_ack 16 tx_next 29)
[0m[1;31m[RLC]    error decoding control PDU, discarding
[0m[1;31m[RLC]    bad NACK, bigger than ACK (nack 15 ack 22) (tx_next_ack 16 tx_next 29)
[0m[1;31m[RLC]    error decoding control PDU, discarding
[0m[1;31m[RLC]    bad NACK, bigger than ACK (nack 15 ack 22) (tx_next_ack 16 tx_next 29)
[0m[1;31m[RLC]    error decoding control PDU, discarding
[0m[1;31m[RLC]    bad NACK, bigger than ACK (nack 15 ack 22) (tx_next_ack 16 tx_next 29)
[0m[1;31m[RLC]    error decoding control PDU, discarding
[0m[1;31m[RLC]    bad NACK, bigger than ACK (nack 15 ack 22) (tx_next_ack 16 tx_next 29)
[0m[1;31m[RLC]    error decoding control PDU, discarding
[0m[1;31m[RLC]    bad NACK, bigger than ACK (nack 15 ack 18) (tx_next_ack 16 tx_next 29)
[0m[1;31m[RLC]    error decoding control PDU, discarding
[0m[1;31m[RLC]    bad NACK, bigger than ACK (nack 15 ack 22) (tx_next_ack 16 tx_next 29)
[0m[1;31m[RLC]    error decoding control PDU, discarding
[0m[1;31m[RLC]    bad NACK, bigger than ACK (nack 15 ack 22) (tx_next_ack 16 tx_next 29)
[0m[1;31m[RLC]    error decoding control PDU, discarding
[0m[1;31m[RLC]    bad NACK, bigger than ACK (nack 15 ack 22) (tx_next_ack 16 tx_next 29)
[0m[1;31m[RLC]    error decoding control PDU, discarding
[0m[1;31m[RLC]    bad NACK, bigger than ACK (nack 15 ack 22) (tx_next_ack 16 tx_next 29)
[0m[1;31m[RLC]    error decoding control PDU, discarding
[0m[1;31m[RLC]    bad NACK, bigger than ACK (nack 15 ack 18) (tx_next_ack 16 tx_next 29)
[0m[1;31m[RLC]    error decoding control PDU, discarding
[0m[1;31m[RLC]    bad NACK, bigger than ACK (nack 15 ack 22) (tx_next_ack 16 tx_next 29)
[0m[1;31m[RLC]    error decoding control PDU, discarding
[0m[1;31m[RLC]    bad NACK, bigger than ACK (nack 15 ack 22) (tx_next_ack 16 tx_next 29)
[0m[1;31m[RLC]    error decoding control PDU, discarding
[0m[1;31m[RLC]    bad NACK, bigger than ACK (nack 15 ack 22) (tx_next_ack 16 tx_next 30)
[0m[1;31m[RLC]    error decoding control PDU, discarding
[0m[1;31m[RLC]    bad NACK, bigger than ACK (nack 15 ack 22) (tx_next_ack 16 tx_next 30)
[0m[1;31m[RLC]    error decoding control PDU, discarding
[0m[1;31m[RLC]    bad NACK, bigger than ACK (nack 15 ack 22) (tx_next_ack 16 tx_next 30)
[0m[1;31m[RLC]    error decoding control PDU, discarding
[0m[1;31m[RLC]    bad NACK, bigger than ACK (nack 15 ack 18) (tx_next_ack 16 tx_next 30)
[0m[1;31m[RLC]    error decoding control PDU, discarding
[0m[1;31m[RLC]    bad NACK, bigger than ACK (nack 15 ack 22) (tx_next_ack 16 tx_next 30)
[0m[1;31m[RLC]    error decoding control PDU, discarding
[0m[1;31m[RLC]    bad NACK, bigger than ACK (nack 15 ack 22) (tx_next_ack 16 tx_next 30)
[0m[1;31m[RLC]    error decoding control PDU, discarding
[0m[1;31m[RLC]    bad NACK, bigger than ACK (nack 15 ack 22) (tx_next_ack 16 tx_next 30)
[0m[1;31m[RLC]    error decoding control PDU, discarding
[0m[NR_MAC] [456.1] Received TA_COMMAND 32 TAGID 0 CC_id 0 
[0m[1;31m[RLC]    bad NACK, bigger than ACK (nack 15 ack 22) (tx_next_ack 16 tx_next 30)
[0m[1;31m[RLC]    error decoding control PDU, discarding
[0m[1;31m[RLC]    bad NACK, bigger than ACK (nack 15 ack 18) (tx_next_ack 16 tx_next 30)
[0m[1;31m[RLC]    error decoding control PDU, discarding
[0m[1;31m[RLC]    bad NACK, bigger than ACK (nack 15 ack 22) (tx_next_ack 16 tx_next 30)
[0m[1;31m[RLC]    error decoding control PDU, discarding
[0m[1;31m[RLC]    bad NACK, bigger than ACK (nack 15 ack 22) (tx_next_ack 16 tx_next 30)
[0m[1;31m[RLC]    error decoding control PDU, discarding
[0m[1;31m[RLC]    bad NACK, bigger than ACK (nack 15 ack 22) (tx_next_ack 16 tx_next 30)
[0m[1;31m[RLC]    error decoding control PDU, discarding
[0m[1;31m[RLC]    bad NACK, bigger than ACK (nack 15 ack 22) (tx_next_ack 16 tx_next 30)
[0m[1;31m[RLC]    error decoding control PDU, discarding
[0m[1;31m[RLC]    bad NACK, bigger than ACK (nack 15 ack 22) (tx_next_ack 16 tx_next 30)
[0m[1;31m[RLC]    error decoding control PDU, discarding
[0m[1;31m[RLC]    bad NACK, bigger than ACK (nack 15 ack 22) (tx_next_ack 16 tx_next 30)
[0m[1;31m[RLC]    error decoding control PDU, discarding
[0m[1;31m[RLC]    bad NACK, bigger than ACK (nack 15 ack 18) (tx_next_ack 16 tx_next 30)
[0m[1;31m[RLC]    error decoding control PDU, discarding
[0m[1;31m[RLC]    bad NACK, bigger than ACK (nack 15 ack 22) (tx_next_ack 16 tx_next 30)
[0m[1;31m[RLC]    error decoding control PDU, discarding
[0m[1;31m[RLC]    bad NACK, bigger than ACK (nack 15 ack 22) (tx_next_ack 16 tx_next 30)
[0m[1;31m[RLC]    error decoding control PDU, discarding
[0m[1;31m[RLC]    bad NACK, bigger than ACK (nack 15 ack 22) (tx_next_ack 16 tx_next 30)
[0m[1;31m[RLC]    error decoding control PDU, discarding
[0m[1;31m[RLC]    bad NACK, bigger than ACK (nack 15 ack 22) (tx_next_ack 16 tx_next 30)
[0m[1;31m[RLC]    error decoding control PDU, discarding
[0m[1;31m[RLC]    bad NACK, bigger than ACK (nack 15 ack 18) (tx_next_ack 16 tx_next 30)
[0m[1;31m[RLC]    error decoding control PDU, discarding
[0m[1;31m[RLC]    4320 SDU rejected, SDU buffer full
[0m[1;31m[RLC]    bad NACK, bigger than ACK (nack 15 ack 22) (tx_next_ack 16 tx_next 30)
[0m[1;31m[RLC]    error decoding control PDU, discarding
[0m[1;31m[RLC]    bad NACK, bigger than ACK (nack 15 ack 22) (tx_next_ack 16 tx_next 30)
[0m[1;31m[RLC]    error decoding control PDU, discarding
[0m[1;31m[RLC]    bad NACK, bigger than ACK (nack 15 ack 22) (tx_next_ack 16 tx_next 30)
[0m[1;31m[RLC]    error decoding control PDU, discarding
[0m[1;31m[RLC]    bad NACK, bigger than ACK (nack 15 ack 22) (tx_next_ack 16 tx_next 30)
[0m[1;31m[RLC]    error decoding control PDU, discarding
[0m[1;31m[RLC]    bad NACK, bigger than ACK (nack 15 ack 22) (tx_next_ack 16 tx_next 30)
[0m[1;31m[RLC]    error decoding control PDU, discarding
[0m[1;31m[RLC]    bad NACK, bigger than ACK (nack 15 ack 22) (tx_next_ack 16 tx_next 30)
[0m[1;31m[RLC]    error decoding control PDU, discarding
[0m[1;31m[RLC]    bad NACK, bigger than ACK (nack 15 ack 22) (tx_next_ack 16 tx_next 30)
[0m[1;31m[RLC]    error decoding control PDU, discarding
[0m[1;31m[RLC]    bad NACK, bigger than ACK (nack 15 ack 22) (tx_next_ack 16 tx_next 30)
[0m[1;31m[RLC]    error decoding control PDU, discarding
[0m[1;31m[RLC]    bad NACK, bigger than ACK (nack 15 ack 22) (tx_next_ack 16 tx_next 30)
[0m[1;31m[RLC]    error decoding control PDU, discarding
[0m[1;31m[RLC]    bad NACK, bigger than ACK (nack 15 ack 22) (tx_next_ack 16 tx_next 30)
[0m[1;31m[RLC]    error decoding control PDU, discarding
[0m[1;31m[RLC]    bad NACK, bigger than ACK (nack 15 ack 18) (tx_next_ack 16 tx_next 30)
[0m[1;31m[RLC]    error decoding control PDU, discarding
[0m[1;31m[RLC]    bad NACK, bigger than ACK (nack 15 ack 22) (tx_next_ack 16 tx_next 30)
[0m[1;31m[RLC]    error decoding control PDU, discarding
[0m[1;31m[RLC]    bad NACK, bigger than ACK (nack 15 ack 22) (tx_next_ack 16 tx_next 30)
[0m[1;31m[RLC]    error decoding control PDU, discarding
[0m[1;31m[RLC]    bad NACK, bigger than ACK (nack 15 ack 22) (tx_next_ack 16 tx_next 30)
[0m[1;31m[RLC]    error decoding control PDU, discarding
[0m[1;31m[RLC]    bad NACK, bigger than ACK (nack 15 ack 22) (tx_next_ack 16 tx_next 30)
[0m[1;31m[RLC]    error decoding control PDU, discarding
[0m[1;31m[RLC]    bad NACK, bigger than ACK (nack 15 ack 22) (tx_next_ack 16 tx_next 30)
[0m[1;31m[RLC]    error decoding control PDU, discarding
[0m[1;31m[RLC]    bad NACK, bigger than ACK (nack 15 ack 18) (tx_next_ack 16 tx_next 30)
[0m[1;31m[RLC]    error decoding control PDU, discarding
[0m[1;31m[RLC]    bad NACK, bigger than ACK (nack 15 ack 22) (tx_next_ack 16 tx_next 30)
[0m[1;31m[RLC]    error decoding control PDU, discarding
[0m[NR_MAC] UE 0 RNTI 5e5d stats sfn: 512.4, cumulated bad DCI 0
    DL harq: 1082/82/10/1
    UL harq: 3310/3224/2263/745 avg code rate 0.1, avg bit/symbol 2.0, avg per TB: (nb RBs 5.0, nb symbols 13.0)
[0m[1;31m[RLC]    bad NACK, bigger than ACK (nack 15 ack 22) (tx_next_ack 16 tx_next 30)
[0m[1;31m[RLC]    error decoding control PDU, discarding
[0m[1;31m[RLC]    bad NACK, bigger than ACK (nack 15 ack 22) (tx_next_ack 16 tx_next 30)
[0m[1;31m[RLC]    error decoding control PDU, discarding
[0m[1;31m[RLC]    bad NACK, bigger than ACK (nack 15 ack 22) (tx_next_ack 16 tx_next 30)
[0m[1;31m[RLC]    error decoding control PDU, discarding
[0m[1;31m[RLC]    bad NACK, bigger than ACK (nack 15 ack 18) (tx_next_ack 16 tx_next 30)
[0m[1;31m[RLC]    error decoding control PDU, discarding
[0m[1;31m[RLC]    bad NACK, bigger than ACK (nack 15 ack 22) (tx_next_ack 16 tx_next 30)
[0m[1;31m[RLC]    error decoding control PDU, discarding
[0m[1;31m[RLC]    bad NACK, bigger than ACK (nack 15 ack 22) (tx_next_ack 16 tx_next 30)
[0m[1;31m[RLC]    error decoding control PDU, discarding
[0m[1;31m[RLC]    bad NACK, bigger than ACK (nack 15 ack 22) (tx_next_ack 16 tx_next 30)
[0m[1;31m[RLC]    error decoding control PDU, discarding
[0m[1;31m[RLC]    bad NACK, bigger than ACK (nack 15 ack 18) (tx_next_ack 16 tx_next 30)
[0m[1;31m[RLC]    error decoding control PDU, discarding
[0m[1;31m[RLC]    bad NACK, bigger than ACK (nack 15 ack 22) (tx_next_ack 16 tx_next 30)
[0m[1;31m[RLC]    error decoding control PDU, discarding
[0m[1;31m[RLC]    bad NACK, bigger than ACK (nack 15 ack 22) (tx_next_ack 16 tx_next 30)
[0m[1;31m[RLC]    error decoding control PDU, discarding
[0m[1;31m[RLC]    bad NACK, bigger than ACK (nack 15 ack 22) (tx_next_ack 16 tx_next 30)
[0m[1;31m[RLC]    error decoding control PDU, discarding
[0m[1;31m[RLC]    bad NACK, bigger than ACK (nack 15 ack 18) (tx_next_ack 16 tx_next 30)
[0m[1;31m[RLC]    error decoding control PDU, discarding
[0m[1;31m[RLC]    bad NACK, bigger than ACK (nack 15 ack 22) (tx_next_ack 16 tx_next 30)
[0m[1;31m[RLC]    error decoding control PDU, discarding
[0m[1;31m[RLC]    bad NACK, bigger than ACK (nack 15 ack 22) (tx_next_ack 16 tx_next 30)
[0m[1;31m[RLC]    error decoding control PDU, discarding
[0m[1;31m[RLC]    bad NACK, bigger than ACK (nack 15 ack 22) (tx_next_ack 16 tx_next 30)
[0m[1;31m[RLC]    error decoding control PDU, discarding
[0m[1;31m[RLC]    bad NACK, bigger than ACK (nack 15 ack 18) (tx_next_ack 16 tx_next 30)
[0m[1;31m[RLC]    error decoding control PDU, discarding
[0m[1;31m[RLC]    bad NACK, bigger than ACK (nack 15 ack 22) (tx_next_ack 16 tx_next 30)
[0m[1;31m[RLC]    error decoding control PDU, discarding
[0m[1;31m[RLC]    bad NACK, bigger than ACK (nack 15 ack 22) (tx_next_ack 16 tx_next 30)
[0m[1;31m[RLC]    error decoding control PDU, discarding
[0m[1;31m[RLC]    bad NACK, bigger than ACK (nack 15 ack 22) (tx_next_ack 16 tx_next 30)
[0m[1;31m[RLC]    error decoding control PDU, discarding
[0m[1;31m[RLC]    bad NACK, bigger than ACK (nack 15 ack 22) (tx_next_ack 16 tx_next 30)
[0m[1;31m[RLC]    error decoding control PDU, discarding
[0m[1;31m[RLC]    bad NACK, bigger than ACK (nack 15 ack 18) (tx_next_ack 16 tx_next 30)
[0m[1;31m[RLC]    error decoding control PDU, discarding
[0m[1;31m[RLC]    bad NACK, bigger than ACK (nack 15 ack 22) (tx_next_ack 16 tx_next 30)
[0m[1;31m[RLC]    error decoding control PDU, discarding
[0m[1;31m[RLC]    bad NACK, bigger than ACK (nack 15 ack 22) (tx_next_ack 16 tx_next 31)
[0m[1;31m[RLC]    error decoding control PDU, discarding
[0m[1;31m[RLC]    bad NACK, bigger than ACK (nack 15 ack 22) (tx_next_ack 16 tx_next 31)
[0m[1;31m[RLC]    error decoding control PDU, discarding
[0m[1;31m[RLC]    bad NACK, bigger than ACK (nack 15 ack 22) (tx_next_ack 16 tx_next 31)
[0m[1;31m[RLC]    error decoding control PDU, discarding
[0m[1;31m[RLC]    bad NACK, bigger than ACK (nack 15 ack 18) (tx_next_ack 16 tx_next 31)
[0m[1;31m[RLC]    error decoding control PDU, discarding
[0m[1;31m[RLC]    bad NACK, bigger than ACK (nack 15 ack 22) (tx_next_ack 16 tx_next 31)
[0m[1;31m[RLC]    error decoding control PDU, discarding
[0m[1;31m[RLC]    bad NACK, bigger than ACK (nack 15 ack 22) (tx_next_ack 16 tx_next 31)
[0m[1;31m[RLC]    error decoding control PDU, discarding
[0m[1;31m[RLC]    bad NACK, bigger than ACK (nack 15 ack 22) (tx_next_ack 16 tx_next 31)
[0m[1;31m[RLC]    error decoding control PDU, discarding
[0m[1;31m[RLC]    bad NACK, bigger than ACK (nack 15 ack 22) (tx_next_ack 16 tx_next 31)
[0m[1;31m[RLC]    error decoding control PDU, discarding
[0m[1;31m[RLC]    bad NACK, bigger than ACK (nack 15 ack 18) (tx_next_ack 16 tx_next 31)
[0m[1;31m[RLC]    error decoding control PDU, discarding
[0m[1;31m[RLC]    bad NACK, bigger than ACK (nack 15 ack 18) (tx_next_ack 16 tx_next 31)
[0m[1;31m[RLC]    error decoding control PDU, discarding
[0m[1;31m[RLC]    bad NACK, bigger than ACK (nack 15 ack 22) (tx_next_ack 16 tx_next 31)
[0m[1;31m[RLC]    error decoding control PDU, discarding
[0m[1;31m[RLC]    bad NACK, bigger than ACK (nack 15 ack 22) (tx_next_ack 16 tx_next 31)
[0m[1;31m[RLC]    error decoding control PDU, discarding
[0m[1;31m[RLC]    bad NACK, bigger than ACK (nack 15 ack 22) (tx_next_ack 16 tx_next 31)
[0m[1;31m[RLC]    error decoding control PDU, discarding
[0m[1;31m[RLC]    4321 SDU rejected, SDU buffer full
[0m[1;31m[RLC]    bad NACK, bigger than ACK (nack 15 ack 22) (tx_next_ack 16 tx_next 31)
[0m[1;31m[RLC]    error decoding control PDU, discarding
[0m[1;31m[RLC]    bad NACK, bigger than ACK (nack 15 ack 18) (tx_next_ack 16 tx_next 31)
[0m[1;31m[RLC]    error decoding control PDU, discarding
[0m[1;31m[RLC]    bad NACK, bigger than ACK (nack 15 ack 22) (tx_next_ack 16 tx_next 31)
[0m[1;31m[RLC]    error decoding control PDU, discarding
[0m[1;31m[RLC]    bad NACK, bigger than ACK (nack 15 ack 22) (tx_next_ack 16 tx_next 31)
[0m[1;31m[RLC]    error decoding control PDU, discarding
[0m[1;31m[RLC]    bad NACK, bigger than ACK (nack 15 ack 18) (tx_next_ack 16 tx_next 31)
[0m[1;31m[RLC]    error decoding control PDU, discarding
[0m[1;31m[RLC]    bad NACK, bigger than ACK (nack 15 ack 22) (tx_next_ack 16 tx_next 31)
[0m[1;31m[RLC]    error decoding control PDU, discarding
[0m[1;31m[RLC]    bad NACK, bigger than ACK (nack 15 ack 22) (tx_next_ack 16 tx_next 31)
[0m[1;31m[RLC]    error decoding control PDU, discarding
[0m[1;31m[RLC]    bad NACK, bigger than ACK (nack 15 ack 22) (tx_next_ack 16 tx_next 31)
[0m[1;31m[RLC]    error decoding control PDU, discarding
[0m[1;31m[RLC]    bad NACK, bigger than ACK (nack 15 ack 22) (tx_next_ack 16 tx_next 31)
[0m[1;31m[RLC]    error decoding control PDU, discarding
[0m[1;31m[RLC]    bad NACK, bigger than ACK (nack 15 ack 22) (tx_next_ack 16 tx_next 31)
[0m[1;31m[RLC]    error decoding control PDU, discarding
[0m[1;31m[RLC]    bad NACK, bigger than ACK (nack 15 ack 22) (tx_next_ack 16 tx_next 31)
[0m[1;31m[RLC]    error decoding control PDU, discarding
[0m[1;31m[RLC]    bad NACK, bigger than ACK (nack 15 ack 22) (tx_next_ack 16 tx_next 31)
[0m[1;31m[RLC]    error decoding control PDU, discarding
[0m[1;31m[RLC]    bad NACK, bigger than ACK (nack 15 ack 22) (tx_next_ack 16 tx_next 31)
[0m[1;31m[RLC]    error decoding control PDU, discarding
[0m[1;31m[RLC]    bad NACK, bigger than ACK (nack 15 ack 18) (tx_next_ack 16 tx_next 31)
[0m[1;31m[RLC]    error decoding control PDU, discarding
[0m[1;31m[RLC]    bad NACK, bigger than ACK (nack 15 ack 22) (tx_next_ack 16 tx_next 31)
[0m[1;31m[RLC]    error decoding control PDU, discarding
[0m[1;31m[RLC]    bad NACK, bigger than ACK (nack 15 ack 22) (tx_next_ack 16 tx_next 31)
[0m[1;31m[RLC]    error decoding control PDU, discarding
[0m[1;31m[RLC]    bad NACK, bigger than ACK (nack 15 ack 22) (tx_next_ack 16 tx_next 31)
[0m[1;31m[RLC]    error decoding control PDU, discarding
[0m[1;31m[RLC]    bad NACK, bigger than ACK (nack 15 ack 22) (tx_next_ack 16 tx_next 31)
[0m[1;31m[RLC]    error decoding control PDU, discarding
[0m[1;31m[RLC]    bad NACK, bigger than ACK (nack 15 ack 18) (tx_next_ack 16 tx_next 31)
[0m[1;31m[RLC]    error decoding control PDU, discarding
[0m[1;31m[RLC]    bad NACK, bigger than ACK (nack 15 ack 22) (tx_next_ack 16 tx_next 31)
[0m[1;31m[RLC]    error decoding control PDU, discarding
[0m[1;31m[RLC]    bad NACK, bigger than ACK (nack 15 ack 22) (tx_next_ack 16 tx_next 31)
[0m[1;31m[RLC]    error decoding control PDU, discarding
[0m[1;31m[RLC]    bad NACK, bigger than ACK (nack 15 ack 18) (tx_next_ack 16 tx_next 31)
[0m[1;31m[RLC]    error decoding control PDU, discarding
[0m[1;31m[RLC]    bad NACK, bigger than ACK (nack 15 ack 22) (tx_next_ack 16 tx_next 31)
[0m[1;31m[RLC]    error decoding control PDU, discarding
[0m[1;31m[RLC]    bad NACK, bigger than ACK (nack 15 ack 22) (tx_next_ack 16 tx_next 31)
[0m[1;31m[RLC]    error decoding control PDU, discarding
[0m[1;31m[RLC]    bad NACK, bigger than ACK (nack 15 ack 22) (tx_next_ack 16 tx_next 31)
[0m[1;31m[RLC]    error decoding control PDU, discarding
[0m[1;31m[RLC]    bad NACK, bigger than ACK (nack 15 ack 22) (tx_next_ack 16 tx_next 31)
[0m[1;31m[RLC]    error decoding control PDU, discarding
[0m[1;31m[RLC]    bad NACK, bigger than ACK (nack 15 ack 18) (tx_next_ack 16 tx_next 31)
[0m[1;31m[RLC]    error decoding control PDU, discarding
[0m[1;31m[RLC]    bad NACK, bigger than ACK (nack 15 ack 22) (tx_next_ack 16 tx_next 31)
[0m[1;31m[RLC]    error decoding control PDU, discarding
[0m[1;31m[RLC]    bad NACK, bigger than ACK (nack 15 ack 22) (tx_next_ack 16 tx_next 31)
[0m[1;31m[RLC]    error decoding control PDU, discarding
[0m[1;31m[RLC]    bad NACK, bigger than ACK (nack 15 ack 22) (tx_next_ack 16 tx_next 31)
[0m[1;31m[RLC]    error decoding control PDU, discarding
[0m[1;31m[RLC]    bad NACK, bigger than ACK (nack 15 ack 22) (tx_next_ack 16 tx_next 31)
[0m[1;31m[RLC]    error decoding control PDU, discarding
[0m[NR_MAC] UE 0 RNTI 5e5d stats sfn: 640.4, cumulated bad DCI 0
    DL harq: 1152/88/10/1
    UL harq: 3487/3391/2384/792 avg code rate 0.1, avg bit/symbol 2.0, avg per TB: (nb RBs 5.0, nb symbols 13.0)
[0m[1;31m[RLC]    bad NACK, bigger than ACK (nack 15 ack 22) (tx_next_ack 16 tx_next 31)
[0m[1;31m[RLC]    error decoding control PDU, discarding
[0m[1;31m[RLC]    bad NACK, bigger than ACK (nack 15 ack 18) (tx_next_ack 16 tx_next 31)
[0m[1;31m[RLC]    error decoding control PDU, discarding
[0m[1;31m[RLC]    bad NACK, bigger than ACK (nack 15 ack 22) (tx_next_ack 16 tx_next 31)
[0m[1;31m[RLC]    error decoding control PDU, discarding
[0m[1;31m[RLC]    bad NACK, bigger than ACK (nack 15 ack 22) (tx_next_ack 16 tx_next 31)
[0m[1;31m[RLC]    error decoding control PDU, discarding
[0m[1;31m[RLC]    bad NACK, bigger than ACK (nack 15 ack 22) (tx_next_ack 16 tx_next 31)
[0m[1;31m[RLC]    error decoding control PDU, discarding
[0m[1;31m[RLC]    bad NACK, bigger than ACK (nack 15 ack 22) (tx_next_ack 16 tx_next 31)
[0m[1;31m[RLC]    error decoding control PDU, discarding
[0m[1;31m[RLC]    bad NACK, bigger than ACK (nack 15 ack 18) (tx_next_ack 16 tx_next 31)
[0m[1;31m[RLC]    error decoding control PDU, discarding
[0m[1;31m[RLC]    bad NACK, bigger than ACK (nack 15 ack 22) (tx_next_ack 16 tx_next 31)
[0m[1;31m[RLC]    error decoding control PDU, discarding
[0m[NR_MAC] [656.1] Received TA_COMMAND 37 TAGID 0 CC_id 0 
[0m[1;31m[RLC]    bad NACK, bigger than ACK (nack 15 ack 22) (tx_next_ack 16 tx_next 31)
[0m[1;31m[RLC]    error decoding control PDU, discarding
[0m[1;31m[RLC]    bad NACK, bigger than ACK (nack 15 ack 22) (tx_next_ack 16 tx_next 31)
[0m[1;31m[RLC]    error decoding control PDU, discarding
[0m[1;31m[RLC]    bad NACK, bigger than ACK (nack 15 ack 22) (tx_next_ack 16 tx_next 31)
[0m[1;31m[RLC]    error decoding control PDU, discarding
[0m[1;31m[RLC]    bad NACK, bigger than ACK (nack 15 ack 21) (tx_next_ack 16 tx_next 31)
[0m[1;31m[RLC]    error decoding control PDU, discarding
[0m[1;31m[RLC]    bad NACK, bigger than ACK (nack 15 ack 17) (tx_next_ack 16 tx_next 32)
[0m[1;31m[RLC]    error decoding control PDU, discarding
[0m[1;31m[RLC]    bad NACK, bigger than ACK (nack 15 ack 21) (tx_next_ack 16 tx_next 32)
[0m[1;31m[RLC]    error decoding control PDU, discarding
[0m[1;31m[RLC]    bad NACK, bigger than ACK (nack 15 ack 21) (tx_next_ack 16 tx_next 32)
[0m[1;31m[RLC]    error decoding control PDU, discarding
[0m[1;31m[RLC]    bad NACK, bigger than ACK (nack 15 ack 21) (tx_next_ack 16 tx_next 32)
[0m[1;31m[RLC]    error decoding control PDU, discarding
[0m[1;31m[RLC]    bad NACK, bigger than ACK (nack 15 ack 21) (tx_next_ack 16 tx_next 32)
[0m[1;31m[RLC]    error decoding control PDU, discarding
[0m[1;31m[RLC]    bad NACK, bigger than ACK (nack 15 ack 21) (tx_next_ack 16 tx_next 32)
[0m[1;31m[RLC]    error decoding control PDU, discarding
[0m[1;31m[RLC]    bad NACK, bigger than ACK (nack 15 ack 21) (tx_next_ack 16 tx_next 32)
[0m[1;31m[RLC]    error decoding control PDU, discarding
[0m[1;31m[RLC]    4320 SDU rejected, SDU buffer full
[0m[1;31m[RLC]    bad NACK, bigger than ACK (nack 15 ack 21) (tx_next_ack 16 tx_next 32)
[0m[1;31m[RLC]    error decoding control PDU, discarding
[0m[1;31m[RLC]    bad NACK, bigger than ACK (nack 15 ack 20) (tx_next_ack 16 tx_next 32)
[0m[1;31m[RLC]    error decoding control PDU, discarding
[0m[1;31m[RLC]    bad NACK, bigger than ACK (nack 15 ack 17) (tx_next_ack 16 tx_next 32)
[0m[1;31m[RLC]    error decoding control PDU, discarding
[0m[1;31m[RLC]    bad NACK, bigger than ACK (nack 15 ack 20) (tx_next_ack 16 tx_next 32)
[0m[1;31m[RLC]    error decoding control PDU, discarding
[0m[1;31m[RLC]    bad NACK, bigger than ACK (nack 15 ack 20) (tx_next_ack 16 tx_next 32)
[0m[1;31m[RLC]    error decoding control PDU, discarding
[0m[1;31m[RLC]    bad NACK, bigger than ACK (nack 15 ack 20) (tx_next_ack 16 tx_next 32)
[0m[1;31m[RLC]    error decoding control PDU, discarding
[0m[1;31m[RLC]    bad NACK, bigger than ACK (nack 15 ack 20) (tx_next_ack 16 tx_next 32)
[0m[1;31m[RLC]    error decoding control PDU, discarding
[0m[1;31m[RLC]    bad NACK, bigger than ACK (nack 15 ack 20) (tx_next_ack 16 tx_next 32)
[0m[1;31m[RLC]    error decoding control PDU, discarding
[0m[1;31m[RLC]    bad NACK, bigger than ACK (nack 15 ack 20) (tx_next_ack 16 tx_next 32)
[0m[1;31m[RLC]    error decoding control PDU, discarding
[0m[1;31m[RLC]    bad NACK, bigger than ACK (nack 15 ack 20) (tx_next_ack 16 tx_next 32)
[0m[1;31m[RLC]    error decoding control PDU, discarding
[0m[1;31m[RLC]    bad NACK, bigger than ACK (nack 15 ack 20) (tx_next_ack 16 tx_next 32)
[0m[1;31m[RLC]    error decoding control PDU, discarding
[0m[1;31m[RLC]    bad NACK, bigger than ACK (nack 15 ack 20) (tx_next_ack 16 tx_next 32)
[0m[1;31m[RLC]    error decoding control PDU, discarding
[0m[1;31m[RLC]    bad NACK, bigger than ACK (nack 15 ack 20) (tx_next_ack 16 tx_next 32)
[0m[1;31m[RLC]    error decoding control PDU, discarding
[0m[1;31m[RLC]    bad NACK, bigger than ACK (nack 15 ack 20) (tx_next_ack 16 tx_next 32)
[0m[1;31m[RLC]    error decoding control PDU, discarding
[0m[1;31m[RLC]    bad NACK, bigger than ACK (nack 15 ack 17) (tx_next_ack 16 tx_next 32)
[0m[1;31m[RLC]    error decoding control PDU, discarding
[0m[1;31m[RLC]    bad NACK, bigger than ACK (nack 15 ack 17) (tx_next_ack 16 tx_next 32)
[0m[1;31m[RLC]    error decoding control PDU, discarding
[0m[1;31m[RLC]    bad NACK, bigger than ACK (nack 15 ack 20) (tx_next_ack 16 tx_next 32)
[0m[1;31m[RLC]    error decoding control PDU, discarding
[0m[1;31m[RLC]    bad NACK, bigger than ACK (nack 15 ack 20) (tx_next_ack 16 tx_next 32)
[0m[1;31m[RLC]    error decoding control PDU, discarding
[0m[1;31m[RLC]    bad NACK, bigger than ACK (nack 15 ack 20) (tx_next_ack 16 tx_next 32)
[0m[1;31m[RLC]    error decoding control PDU, discarding
[0m[1;31m[RLC]    bad NACK, bigger than ACK (nack 15 ack 20) (tx_next_ack 16 tx_next 32)
[0m[1;31m[RLC]    error decoding control PDU, discarding
[0m[1;31m[RLC]    bad NACK, bigger than ACK (nack 15 ack 17) (tx_next_ack 16 tx_next 32)
[0m[1;31m[RLC]    error decoding control PDU, discarding
[0m[1;31m[RLC]    bad NACK, bigger than ACK (nack 15 ack 20) (tx_next_ack 16 tx_next 32)
[0m[1;31m[RLC]    error decoding control PDU, discarding
[0m[1;31m[RLC]    bad NACK, bigger than ACK (nack 15 ack 20) (tx_next_ack 16 tx_next 32)
[0m[1;31m[RLC]    error decoding control PDU, discarding
[0m[1;31m[RLC]    bad NACK, bigger than ACK (nack 15 ack 20) (tx_next_ack 16 tx_next 32)
[0m[1;31m[RLC]    error decoding control PDU, discarding
[0m[1;31m[RLC]    bad NACK, bigger than ACK (nack 15 ack 20) (tx_next_ack 16 tx_next 32)
[0m[1;31m[RLC]    error decoding control PDU, discarding
[0m[1;31m[RLC]    bad NACK, bigger than ACK (nack 15 ack 20) (tx_next_ack 16 tx_next 32)
[0m[1;31m[RLC]    error decoding control PDU, discarding
[0m[1;31m[RLC]    bad NACK, bigger than ACK (nack 15 ack 20) (tx_next_ack 16 tx_next 32)
[0m[1;31m[RLC]    error decoding control PDU, discarding
[0m[1;31m[RLC]    bad NACK, bigger than ACK (nack 15 ack 20) (tx_next_ack 16 tx_next 32)
[0m[1;31m[RLC]    error decoding control PDU, discarding
[0m[1;31m[RLC]    bad NACK, bigger than ACK (nack 15 ack 17) (tx_next_ack 16 tx_next 32)
[0m[1;31m[RLC]    error decoding control PDU, discarding
[0m[1;31m[RLC]    bad NACK, bigger than ACK (nack 15 ack 20) (tx_next_ack 16 tx_next 32)
[0m[1;31m[RLC]    error decoding control PDU, discarding
[0m[1;31m[RLC]    bad NACK, bigger than ACK (nack 15 ack 20) (tx_next_ack 16 tx_next 32)
[0m[1;31m[RLC]    error decoding control PDU, discarding
[0m[1;31m[RLC]    bad NACK, bigger than ACK (nack 15 ack 20) (tx_next_ack 16 tx_next 32)
[0m[1;31m[RLC]    error decoding control PDU, discarding
[0m[1;31m[RLC]    bad NACK, bigger than ACK (nack 15 ack 20) (tx_next_ack 16 tx_next 32)
[0m[1;31m[RLC]    error decoding control PDU, discarding
[0m[1;31m[RLC]    bad NACK, bigger than ACK (nack 15 ack 17) (tx_next_ack 16 tx_next 32)
[0m[1;31m[RLC]    error decoding control PDU, discarding
[0m[1;31m[RLC]    bad NACK, bigger than ACK (nack 15 ack 20) (tx_next_ack 16 tx_next 32)
[0m[1;31m[RLC]    error decoding control PDU, discarding
[0m[1;31m[RLC]    bad NACK, bigger than ACK (nack 15 ack 20) (tx_next_ack 16 tx_next 32)
[0m[1;31m[RLC]    error decoding control PDU, discarding
[0m[1;31m[RLC]    bad NACK, bigger than ACK (nack 15 ack 20) (tx_next_ack 16 tx_next 32)
[0m[1;31m[RLC]    error decoding control PDU, discarding
[0m[NR_MAC] [756.1] Received TA_COMMAND 25 TAGID 0 CC_id 0 
[0m[1;31m[RLC]    bad NACK, bigger than ACK (nack 15 ack 20) (tx_next_ack 16 tx_next 32)
[0m[1;31m[RLC]    error decoding control PDU, discarding
[0m[1;31m[RLC]    bad NACK, bigger than ACK (nack 15 ack 20) (tx_next_ack 16 tx_next 32)
[0m[1;31m[RLC]    error decoding control PDU, discarding
[0m[1;31m[RLC]    bad NACK, bigger than ACK (nack 15 ack 17) (tx_next_ack 16 tx_next 32)
[0m[1;31m[RLC]    error decoding control PDU, discarding
[0m[1;31m[RLC]    bad NACK, bigger than ACK (nack 15 ack 20) (tx_next_ack 16 tx_next 32)
[0m[1;31m[RLC]    error decoding control PDU, discarding
[0m[1;31m[RLC]    bad NACK, bigger than ACK (nack 15 ack 20) (tx_next_ack 16 tx_next 32)
[0m[1;31m[RLC]    error decoding control PDU, discarding
[0m[1;31m[RLC]    bad NACK, bigger than ACK (nack 15 ack 17) (tx_next_ack 16 tx_next 32)
[0m[1;31m[RLC]    error decoding control PDU, discarding
[0m[1;31m[RLC]    bad NACK, bigger than ACK (nack 15 ack 20) (tx_next_ack 16 tx_next 32)
[0m[1;31m[RLC]    error decoding control PDU, discarding
[0m[NR_MAC] UE 0 RNTI 5e5d stats sfn: 768.4, cumulated bad DCI 0
    DL harq: 1216/96/10/1
    UL harq: 3644/3546/2510/866 avg code rate 0.1, avg bit/symbol 2.0, avg per TB: (nb RBs 5.0, nb symbols 13.0)
[0m[1;31m[RLC]    bad NACK, bigger than ACK (nack 15 ack 20) (tx_next_ack 16 tx_next 32)
[0m[1;31m[RLC]    error decoding control PDU, discarding
[0m[1;31m[RLC]    bad NACK, bigger than ACK (nack 15 ack 20) (tx_next_ack 16 tx_next 32)
[0m[1;31m[RLC]    error decoding control PDU, discarding
[0m[1;31m[RLC]    bad NACK, bigger than ACK (nack 15 ack 20) (tx_next_ack 16 tx_next 32)
[0m[1;31m[RLC]    error decoding control PDU, discarding
[0m[1;31m[RLC]    bad NACK, bigger than ACK (nack 15 ack 20) (tx_next_ack 16 tx_next 32)
[0m[1;31m[RLC]    error decoding control PDU, discarding
[0m[1;31m[RLC]    bad NACK, bigger than ACK (nack 15 ack 20) (tx_next_ack 16 tx_next 32)
[0m[1;31m[RLC]    error decoding control PDU, discarding
[0m[1;31m[RLC]    bad NACK, bigger than ACK (nack 15 ack 20) (tx_next_ack 16 tx_next 32)
[0m[1;31m[RLC]    error decoding control PDU, discarding
[0m[1;31m[RLC]    bad NACK, bigger than ACK (nack 15 ack 20) (tx_next_ack 16 tx_next 32)
[0m[1;31m[RLC]    error decoding control PDU, discarding
[0m[1;31m[RLC]    4321 SDU rejected, SDU buffer full
[0m[1;31m[RLC]    bad NACK, bigger than ACK (nack 15 ack 20) (tx_next_ack 16 tx_next 32)
[0m[1;31m[RLC]    error decoding control PDU, discarding
[0m[1;31m[RLC]    bad NACK, bigger than ACK (nack 15 ack 20) (tx_next_ack 16 tx_next 32)
[0m[1;31m[RLC]    error decoding control PDU, discarding
[0m[1;31m[RLC]    bad NACK, bigger than ACK (nack 15 ack 20) (tx_next_ack 16 tx_next 32)
[0m[1;31m[RLC]    error decoding control PDU, discarding
[0m[1;31m[RLC]    bad NACK, bigger than ACK (nack 15 ack 20) (tx_next_ack 16 tx_next 32)
[0m[1;31m[RLC]    error decoding control PDU, discarding
[0m[1;31m[RLC]    bad NACK, bigger than ACK (nack 15 ack 20) (tx_next_ack 16 tx_next 32)
[0m[1;31m[RLC]    error decoding control PDU, discarding
[0m[1;31m[RLC]    bad NACK, bigger than ACK (nack 15 ack 17) (tx_next_ack 16 tx_next 32)
[0m[1;31m[RLC]    error decoding control PDU, discarding
[0m[1;31m[RLC]    bad NACK, bigger than ACK (nack 15 ack 20) (tx_next_ack 16 tx_next 33)
[0m[1;31m[RLC]    error decoding control PDU, discarding
[0m[1;31m[RLC]    bad NACK, bigger than ACK (nack 15 ack 20) (tx_next_ack 16 tx_next 33)
[0m[1;31m[RLC]    error decoding control PDU, discarding
[0m[1;31m[RLC]    bad NACK, bigger than ACK (nack 15 ack 20) (tx_next_ack 16 tx_next 33)
[0m[1;31m[RLC]    error decoding control PDU, discarding
[0m[1;31m[RLC]    bad NACK, bigger than ACK (nack 15 ack 20) (tx_next_ack 16 tx_next 33)
[0m[1;31m[RLC]    error decoding control PDU, discarding
[0m[1;31m[RLC]    bad NACK, bigger than ACK (nack 15 ack 17) (tx_next_ack 16 tx_next 33)
[0m[1;31m[RLC]    error decoding control PDU, discarding
[0m[1;31m[RLC]    bad NACK, bigger than ACK (nack 15 ack 20) (tx_next_ack 16 tx_next 33)
[0m[1;31m[RLC]    error decoding control PDU, discarding
[0m[1;31m[RLC]    bad NACK, bigger than ACK (nack 15 ack 20) (tx_next_ack 16 tx_next 33)
[0m[1;31m[RLC]    error decoding control PDU, discarding
[0m[1;31m[RLC]    bad NACK, bigger than ACK (nack 15 ack 17) (tx_next_ack 16 tx_next 33)
[0m[1;31m[RLC]    error decoding control PDU, discarding
[0m[1;31m[RLC]    bad NACK, bigger than ACK (nack 15 ack 20) (tx_next_ack 16 tx_next 33)
[0m[1;31m[RLC]    error decoding control PDU, discarding
[0m[1;31m[RLC]    bad NACK, bigger than ACK (nack 15 ack 20) (tx_next_ack 16 tx_next 33)
[0m[1;31m[RLC]    error decoding control PDU, discarding
[0m[1;31m[RLC]    bad NACK, bigger than ACK (nack 15 ack 20) (tx_next_ack 16 tx_next 33)
[0m[1;31m[RLC]    error decoding control PDU, discarding
[0m[1;31m[RLC]    bad NACK, bigger than ACK (nack 15 ack 20) (tx_next_ack 16 tx_next 33)
[0m[1;31m[RLC]    error decoding control PDU, discarding
[0m[1;31m[RLC]    bad NACK, bigger than ACK (nack 15 ack 20) (tx_next_ack 16 tx_next 33)
[0m[1;31m[RLC]    error decoding control PDU, discarding
[0m[1;31m[RLC]    bad NACK, bigger than ACK (nack 15 ack 20) (tx_next_ack 16 tx_next 33)
[0m[1;31m[RLC]    error decoding control PDU, discarding
[0m[1;31m[RLC]    bad NACK, bigger than ACK (nack 15 ack 17) (tx_next_ack 16 tx_next 33)
[0m[1;31m[RLC]    error decoding control PDU, discarding
[0m[1;31m[RLC]    bad NACK, bigger than ACK (nack 15 ack 20) (tx_next_ack 16 tx_next 33)
[0m[1;31m[RLC]    error decoding control PDU, discarding
[0m[1;31m[RLC]    bad NACK, bigger than ACK (nack 15 ack 20) (tx_next_ack 16 tx_next 33)
[0m[1;31m[RLC]    error decoding control PDU, discarding
[0m[1;31m[RLC]    bad NACK, bigger than ACK (nack 15 ack 20) (tx_next_ack 16 tx_next 33)
[0m[1;31m[RLC]    error decoding control PDU, discarding
[0m[1;31m[RLC]    bad NACK, bigger than ACK (nack 15 ack 21) (tx_next_ack 16 tx_next 33)
[0m[1;31m[RLC]    error decoding control PDU, discarding
[0m[1;31m[RLC]    bad NACK, bigger than ACK (nack 15 ack 21) (tx_next_ack 16 tx_next 33)
[0m[1;31m[RLC]    error decoding control PDU, discarding
[0m[1;31m[RLC]    bad NACK, bigger than ACK (nack 15 ack 21) (tx_next_ack 16 tx_next 33)
[0m[1;31m[RLC]    error decoding control PDU, discarding
[0m[1;31m[RLC]    bad NACK, bigger than ACK (nack 15 ack 21) (tx_next_ack 16 tx_next 33)
[0m[1;31m[RLC]    error decoding control PDU, discarding
[0m[1;31m[RLC]    bad NACK, bigger than ACK (nack 15 ack 17) (tx_next_ack 16 tx_next 33)
[0m[1;31m[RLC]    error decoding control PDU, discarding
[0m[1;31m[RLC]    bad NACK, bigger than ACK (nack 15 ack 21) (tx_next_ack 16 tx_next 33)
[0m[1;31m[RLC]    error decoding control PDU, discarding
[0m[1;31m[RLC]    bad NACK, bigger than ACK (nack 15 ack 21) (tx_next_ack 16 tx_next 33)
[0m[1;31m[RLC]    error decoding control PDU, discarding
[0m[1;31m[RLC]    bad NACK, bigger than ACK (nack 15 ack 21) (tx_next_ack 16 tx_next 33)
[0m[1;31m[RLC]    error decoding control PDU, discarding
[0m[1;31m[RLC]    bad NACK, bigger than ACK (nack 15 ack 21) (tx_next_ack 16 tx_next 33)
[0m[1;31m[RLC]    error decoding control PDU, discarding
[0m[1;31m[RLC]    bad NACK, bigger than ACK (nack 15 ack 17) (tx_next_ack 16 tx_next 33)
[0m[1;31m[RLC]    error decoding control PDU, discarding
[0m[1;31m[RLC]    bad NACK, bigger than ACK (nack 15 ack 21) (tx_next_ack 16 tx_next 33)
[0m[1;31m[RLC]    error decoding control PDU, discarding
[0m[1;31m[RLC]    bad NACK, bigger than ACK (nack 15 ack 22) (tx_next_ack 16 tx_next 33)
[0m[1;31m[RLC]    error decoding control PDU, discarding
[0m[1;31m[RLC]    bad NACK, bigger than ACK (nack 15 ack 18) (tx_next_ack 16 tx_next 33)
[0m[1;31m[RLC]    error decoding control PDU, discarding
[0m[1;31m[RLC]    bad NACK, bigger than ACK (nack 15 ack 22) (tx_next_ack 16 tx_next 33)
[0m[1;31m[RLC]    error decoding control PDU, discarding
[0m[1;31m[RLC]    bad NACK, bigger than ACK (nack 15 ack 22) (tx_next_ack 16 tx_next 33)
[0m[1;31m[RLC]    error decoding control PDU, discarding
[0m[1;31m[RLC]    bad NACK, bigger than ACK (nack 15 ack 22) (tx_next_ack 16 tx_next 33)
[0m[1;31m[RLC]    error decoding control PDU, discarding
[0m[NR_MAC] [856.1] Received TA_COMMAND 30 TAGID 0 CC_id 0 
[0m[1;31m[RLC]    bad NACK, bigger than ACK (nack 15 ack 22) (tx_next_ack 16 tx_next 33)
[0m[1;31m[RLC]    error decoding control PDU, discarding
[0m[1;31m[RLC]    bad NACK, bigger than ACK (nack 15 ack 22) (tx_next_ack 16 tx_next 33)
[0m[1;31m[RLC]    error decoding control PDU, discarding
[0m[1;31m[RLC]    bad NACK, bigger than ACK (nack 15 ack 22) (tx_next_ack 16 tx_next 33)
[0m[1;31m[RLC]    error decoding control PDU, discarding
[0m[1;31m[RLC]    bad NACK, bigger than ACK (nack 15 ack 22) (tx_next_ack 16 tx_next 33)
[0m[1;31m[RLC]    error decoding control PDU, discarding
[0m[1;31m[RLC]    bad NACK, bigger than ACK (nack 15 ack 22) (tx_next_ack 16 tx_next 33)
[0m[1;31m[RLC]    error decoding control PDU, discarding
[0m[1;31m[RLC]    bad NACK, bigger than ACK (nack 15 ack 22) (tx_next_ack 16 tx_next 33)
[0m[1;31m[RLC]    error decoding control PDU, discarding
[0m[1;31m[RLC]    bad NACK, bigger than ACK (nack 15 ack 18) (tx_next_ack 16 tx_next 33)
[0m[1;31m[RLC]    error decoding control PDU, discarding
[0m[1;31m[RLC]    bad NACK, bigger than ACK (nack 15 ack 22) (tx_next_ack 16 tx_next 33)
[0m[1;31m[RLC]    error decoding control PDU, discarding
[0m[1;31m[RLC]    bad NACK, bigger than ACK (nack 15 ack 22) (tx_next_ack 16 tx_next 33)
[0m[1;31m[RLC]    error decoding control PDU, discarding
[0m[1;31m[RLC]    bad NACK, bigger than ACK (nack 15 ack 22) (tx_next_ack 16 tx_next 33)
[0m[1;31m[RLC]    error decoding control PDU, discarding
[0m[1;31m[RLC]    bad NACK, bigger than ACK (nack 15 ack 22) (tx_next_ack 16 tx_next 33)
[0m[1;31m[RLC]    error decoding control PDU, discarding
[0m[1;31m[RLC]    bad NACK, bigger than ACK (nack 15 ack 18) (tx_next_ack 16 tx_next 33)
[0m[1;31m[RLC]    error decoding control PDU, discarding
[0m[1;31m[RLC]    bad NACK, bigger than ACK (nack 15 ack 22) (tx_next_ack 16 tx_next 33)
[0m[1;31m[RLC]    error decoding control PDU, discarding
[0m[1;31m[RLC]    bad NACK, bigger than ACK (nack 15 ack 22) (tx_next_ack 16 tx_next 33)
[0m[1;31m[RLC]    error decoding control PDU, discarding
[0m[1;31m[RLC]    4321 SDU rejected, SDU buffer full
[0m[1;31m[RLC]    bad NACK, bigger than ACK (nack 15 ack 22) (tx_next_ack 16 tx_next 33)
[0m[1;31m[RLC]    error decoding control PDU, discarding
[0m[1;31m[RLC]    bad NACK, bigger than ACK (nack 15 ack 22) (tx_next_ack 16 tx_next 33)
[0m[1;31m[RLC]    error decoding control PDU, discarding
[0m[1;31m[RLC]    bad NACK, bigger than ACK (nack 15 ack 22) (tx_next_ack 16 tx_next 33)
[0m[1;31m[RLC]    error decoding control PDU, discarding
[0m[1;31m[RLC]    bad NACK, bigger than ACK (nack 15 ack 21) (tx_next_ack 16 tx_next 33)
[0m[1;31m[RLC]    error decoding control PDU, discarding
[0m[1;31m[RLC]    bad NACK, bigger than ACK (nack 15 ack 21) (tx_next_ack 16 tx_next 33)
[0m[1;31m[RLC]    error decoding control PDU, discarding
[0m[1;31m[RLC]    bad NACK, bigger than ACK (nack 15 ack 17) (tx_next_ack 16 tx_next 33)
[0m[1;31m[RLC]    error decoding control PDU, discarding
[0m[1;31m[RLC]    bad NACK, bigger than ACK (nack 15 ack 21) (tx_next_ack 16 tx_next 33)
[0m[1;31m[RLC]    error decoding control PDU, discarding
[0m[1;31m[RLC]    bad NACK, bigger than ACK (nack 15 ack 21) (tx_next_ack 16 tx_next 33)
[0m[1;31m[RLC]    error decoding control PDU, discarding
[0m[1;31m[RLC]    bad NACK, bigger than ACK (nack 15 ack 21) (tx_next_ack 16 tx_next 33)
[0m[1;31m[RLC]    error decoding control PDU, discarding
[0m[NR_MAC] UE 0 RNTI 5e5d stats sfn: 896.4, cumulated bad DCI 0
    DL harq: 1288/108/11/1
    UL harq: 3815/3719/2629/915 avg code rate 0.1, avg bit/symbol 2.0, avg per TB: (nb RBs 5.0, nb symbols 13.0)
[0m[1;31m[RLC]    bad NACK, bigger than ACK (nack 15 ack 21) (tx_next_ack 16 tx_next 33)
[0m[1;31m[RLC]    error decoding control PDU, discarding
[0m[1;31m[RLC]    bad NACK, bigger than ACK (nack 15 ack 17) (tx_next_ack 16 tx_next 33)
[0m[1;31m[RLC]    error decoding control PDU, discarding
[0m[1;31m[RLC]    bad NACK, bigger than ACK (nack 15 ack 21) (tx_next_ack 16 tx_next 33)
[0m[1;31m[RLC]    error decoding control PDU, discarding
[0m[1;31m[RLC]    bad NACK, bigger than ACK (nack 15 ack 21) (tx_next_ack 16 tx_next 33)
[0m[1;31m[RLC]    error decoding control PDU, discarding
[0m[1;31m[RLC]    bad NACK, bigger than ACK (nack 15 ack 21) (tx_next_ack 16 tx_next 33)
[0m[1;31m[RLC]    error decoding control PDU, discarding
[0m[1;31m[RLC]    bad NACK, bigger than ACK (nack 15 ack 21) (tx_next_ack 16 tx_next 33)
[0m[1;31m[RLC]    error decoding control PDU, discarding
[0m[1;31m[RLC]    bad NACK, bigger than ACK (nack 15 ack 17) (tx_next_ack 16 tx_next 34)
[0m[1;31m[RLC]    error decoding control PDU, discarding
[0m[1;31m[RLC]    bad NACK, bigger than ACK (nack 15 ack 20) (tx_next_ack 16 tx_next 34)
[0m[1;31m[RLC]    error decoding control PDU, discarding
[0m[1;31m[RLC]    bad NACK, bigger than ACK (nack 15 ack 20) (tx_next_ack 16 tx_next 34)
[0m[1;31m[RLC]    error decoding control PDU, discarding
[0m[1;31m[RLC]    bad NACK, bigger than ACK (nack 15 ack 20) (tx_next_ack 16 tx_next 34)
[0m[1;31m[RLC]    error decoding control PDU, discarding
[0m[1;31m[RLC]    bad NACK, bigger than ACK (nack 15 ack 20) (tx_next_ack 16 tx_next 34)
[0m[1;31m[RLC]    error decoding control PDU, discarding
[0m[1;31m[RLC]    bad NACK, bigger than ACK (nack 15 ack 20) (tx_next_ack 16 tx_next 34)
[0m[1;31m[RLC]    error decoding control PDU, discarding
[0m[1;31m[RLC]    bad NACK, bigger than ACK (nack 15 ack 20) (tx_next_ack 16 tx_next 34)
[0m[1;31m[RLC]    error decoding control PDU, discarding
[0m[1;31m[RLC]    bad NACK, bigger than ACK (nack 15 ack 17) (tx_next_ack 16 tx_next 34)
[0m[1;31m[RLC]    error decoding control PDU, discarding
[0m[1;31m[RLC]    bad NACK, bigger than ACK (nack 15 ack 20) (tx_next_ack 16 tx_next 34)
[0m[1;31m[RLC]    error decoding control PDU, discarding
[0m[1;31m[RLC]    bad NACK, bigger than ACK (nack 15 ack 20) (tx_next_ack 16 tx_next 34)
[0m[1;31m[RLC]    error decoding control PDU, discarding
[0m[1;31m[RLC]    bad NACK, bigger than ACK (nack 15 ack 20) (tx_next_ack 16 tx_next 34)
[0m[1;31m[RLC]    error decoding control PDU, discarding
[0m[1;31m[RLC]    bad NACK, bigger than ACK (nack 15 ack 20) (tx_next_ack 16 tx_next 34)
[0m[1;31m[RLC]    error decoding control PDU, discarding
[0m[1;31m[RLC]    bad NACK, bigger than ACK (nack 15 ack 20) (tx_next_ack 16 tx_next 34)
[0m[1;31m[RLC]    error decoding control PDU, discarding
[0m[1;31m[RLC]    bad NACK, bigger than ACK (nack 15 ack 20) (tx_next_ack 16 tx_next 34)
[0m[1;31m[RLC]    error decoding control PDU, discarding
[0m[1;31m[RLC]    bad NACK, bigger than ACK (nack 15 ack 20) (tx_next_ack 16 tx_next 34)
[0m[1;31m[RLC]    error decoding control PDU, discarding
[0m[1;31m[RLC]    bad NACK, bigger than ACK (nack 15 ack 17) (tx_next_ack 16 tx_next 34)
[0m[1;31m[RLC]    error decoding control PDU, discarding
[0m[1;31m[RLC]    bad NACK, bigger than ACK (nack 15 ack 20) (tx_next_ack 16 tx_next 34)
[0m[1;31m[RLC]    error decoding control PDU, discarding
[0m[1;31m[RLC]    bad NACK, bigger than ACK (nack 15 ack 20) (tx_next_ack 16 tx_next 34)
[0m[1;31m[RLC]    error decoding control PDU, discarding
[0m[1;31m[RLC]    bad NACK, bigger than ACK (nack 15 ack 17) (tx_next_ack 16 tx_next 34)
[0m[1;31m[RLC]    error decoding control PDU, discarding
[0m[1;31m[RLC]    bad NACK, bigger than ACK (nack 15 ack 20) (tx_next_ack 16 tx_next 34)
[0m[1;31m[RLC]    error decoding control PDU, discarding
[0m[1;31m[RLC]    bad NACK, bigger than ACK (nack 15 ack 20) (tx_next_ack 16 tx_next 34)
[0m[1;31m[RLC]    error decoding control PDU, discarding
[0m[1;31m[RLC]    bad NACK, bigger than ACK (nack 15 ack 20) (tx_next_ack 16 tx_next 34)
[0m[1;31m[RLC]    error decoding control PDU, discarding
[0m[1;31m[RLC]    bad NACK, bigger than ACK (nack 15 ack 20) (tx_next_ack 16 tx_next 34)
[0m[1;31m[RLC]    error decoding control PDU, discarding
[0m[1;31m[RLC]    bad NACK, bigger than ACK (nack 15 ack 17) (tx_next_ack 16 tx_next 34)
[0m[1;31m[RLC]    error decoding control PDU, discarding
[0m[1;31m[RLC]    bad NACK, bigger than ACK (nack 15 ack 20) (tx_next_ack 16 tx_next 34)
[0m[1;31m[RLC]    error decoding control PDU, discarding
[0m[1;31m[RLC]    bad NACK, bigger than ACK (nack 15 ack 20) (tx_next_ack 16 tx_next 34)
[0m[1;31m[RLC]    error decoding control PDU, discarding
[0m[1;31m[RLC]    bad NACK, bigger than ACK (nack 15 ack 20) (tx_next_ack 16 tx_next 34)
[0m[1;31m[RLC]    error decoding control PDU, discarding
[0m[1;31m[RLC]    bad NACK, bigger than ACK (nack 15 ack 20) (tx_next_ack 16 tx_next 34)
[0m[1;31m[RLC]    error decoding control PDU, discarding
[0m[1;31m[RLC]    bad NACK, bigger than ACK (nack 15 ack 20) (tx_next_ack 16 tx_next 34)
[0m[1;31m[RLC]    error decoding control PDU, discarding
[0m[1;31m[RLC]    bad NACK, bigger than ACK (nack 15 ack 20) (tx_next_ack 16 tx_next 34)
[0m[1;31m[RLC]    error decoding control PDU, discarding
[0m[NR_MAC] [956.1] Received TA_COMMAND 32 TAGID 0 CC_id 0 
[0m[1;31m[RLC]    bad NACK, bigger than ACK (nack 15 ack 17) (tx_next_ack 16 tx_next 34)
[0m[1;31m[RLC]    error decoding control PDU, discarding
[0m[1;31m[RLC]    bad NACK, bigger than ACK (nack 15 ack 20) (tx_next_ack 16 tx_next 34)
[0m[1;31m[RLC]    error decoding control PDU, discarding
[0m[1;31m[RLC]    bad NACK, bigger than ACK (nack 15 ack 20) (tx_next_ack 16 tx_next 34)
[0m[1;31m[RLC]    error decoding control PDU, discarding
[0m[1;31m[RLC]    bad NACK, bigger than ACK (nack 15 ack 20) (tx_next_ack 16 tx_next 34)
[0m[1;31m[RLC]    error decoding control PDU, discarding
[0m[1;31m[RLC]    bad NACK, bigger than ACK (nack 15 ack 20) (tx_next_ack 16 tx_next 34)
[0m[1;31m[RLC]    error decoding control PDU, discarding
[0m[1;31m[RLC]    bad NACK, bigger than ACK (nack 15 ack 20) (tx_next_ack 16 tx_next 34)
[0m[1;31m[RLC]    error decoding control PDU, discarding
[0m[1;31m[RLC]    bad NACK, bigger than ACK (nack 15 ack 17) (tx_next_ack 16 tx_next 34)
[0m[1;31m[RLC]    error decoding control PDU, discarding
[0m[1;31m[RLC]    bad NACK, bigger than ACK (nack 15 ack 20) (tx_next_ack 16 tx_next 34)
[0m[1;31m[RLC]    error decoding control PDU, discarding
[0m[1;31m[RLC]    bad NACK, bigger than ACK (nack 15 ack 20) (tx_next_ack 16 tx_next 34)
[0m[1;31m[RLC]    error decoding control PDU, discarding
[0m[1;31m[RLC]    bad NACK, bigger than ACK (nack 15 ack 20) (tx_next_ack 16 tx_next 34)
[0m[1;31m[RLC]    error decoding control PDU, discarding
[0m[1;31m[RLC]    bad NACK, bigger than ACK (nack 15 ack 20) (tx_next_ack 16 tx_next 34)
[0m[1;31m[RLC]    error decoding control PDU, discarding
[0m[1;31m[RLC]    bad NACK, bigger than ACK (nack 15 ack 20) (tx_next_ack 16 tx_next 34)
[0m[1;31m[RLC]    error decoding control PDU, discarding
[0m[1;31m[RLC]    bad NACK, bigger than ACK (nack 15 ack 17) (tx_next_ack 16 tx_next 34)
[0m[1;31m[RLC]    error decoding control PDU, discarding
[0m[1;31m[RLC]    bad NACK, bigger than ACK (nack 15 ack 20) (tx_next_ack 16 tx_next 34)
[0m[1;31m[RLC]    error decoding control PDU, discarding
[0m[1;31m[RLC]    4320 SDU rejected, SDU buffer full
[0m[1;31m[RLC]    bad NACK, bigger than ACK (nack 15 ack 20) (tx_next_ack 16 tx_next 34)
[0m[1;31m[RLC]    error decoding control PDU, discarding
[0m[1;31m[RLC]    bad NACK, bigger than ACK (nack 15 ack 20) (tx_next_ack 16 tx_next 34)
[0m[1;31m[RLC]    error decoding control PDU, discarding
[0m[1;31m[RLC]    bad NACK, bigger than ACK (nack 15 ack 20) (tx_next_ack 16 tx_next 34)
[0m[1;31m[RLC]    error decoding control PDU, discarding
[0m[1;31m[RLC]    bad NACK, bigger than ACK (nack 15 ack 17) (tx_next_ack 16 tx_next 34)
[0m[1;31m[RLC]    error decoding control PDU, discarding
[0m[1;31m[RLC]    bad NACK, bigger than ACK (nack 15 ack 20) (tx_next_ack 16 tx_next 34)
[0m[1;31m[RLC]    error decoding control PDU, discarding
[0m[1;31m[RLC]    bad NACK, bigger than ACK (nack 15 ack 20) (tx_next_ack 16 tx_next 34)
[0m[1;31m[RLC]    error decoding control PDU, discarding
[0m[1;31m[RLC]    bad NACK, bigger than ACK (nack 15 ack 20) (tx_next_ack 16 tx_next 34)
[0m[1;31m[RLC]    error decoding control PDU, discarding
[0m[1;31m[RLC]    bad NACK, bigger than ACK (nack 15 ack 20) (tx_next_ack 16 tx_next 34)
[0m[1;31m[RLC]    error decoding control PDU, discarding
[0m[1;31m[RLC]    bad NACK, bigger than ACK (nack 15 ack 20) (tx_next_ack 16 tx_next 34)
[0m[1;31m[RLC]    error decoding control PDU, discarding
[0m[1;31m[RLC]    bad NACK, bigger than ACK (nack 15 ack 17) (tx_next_ack 16 tx_next 34)
[0m[1;31m[RLC]    error decoding control PDU, discarding
[0m[1;31m[RLC]    bad NACK, bigger than ACK (nack 15 ack 20) (tx_next_ack 16 tx_next 34)
[0m[1;31m[RLC]    error decoding control PDU, discarding
[0m[1;31m[RLC]    bad NACK, bigger than ACK (nack 15 ack 20) (tx_next_ack 16 tx_next 34)
[0m[1;31m[RLC]    error decoding control PDU, discarding
[0m[1;31m[RLC]    bad NACK, bigger than ACK (nack 15 ack 17) (tx_next_ack 16 tx_next 34)
[0m[1;31m[RLC]    error decoding control PDU, discarding
[0m[1;31m[RLC]    bad NACK, bigger than ACK (nack 15 ack 20) (tx_next_ack 16 tx_next 34)
[0m[1;31m[RLC]    error decoding control PDU, discarding
[0m[1;31m[RLC]    bad NACK, bigger than ACK (nack 15 ack 20) (tx_next_ack 16 tx_next 34)
[0m[1;31m[RLC]    error decoding control PDU, discarding
[0m[1;31m[RLC]    bad NACK, bigger than ACK (nack 15 ack 17) (tx_next_ack 16 tx_next 34)
[0m[1;31m[RLC]    error decoding control PDU, discarding
[0m[1;31m[RLC]    bad NACK, bigger than ACK (nack 15 ack 20) (tx_next_ack 16 tx_next 34)
[0m[1;31m[RLC]    error decoding control PDU, discarding
[0m[1;31m[RLC]    bad NACK, bigger than ACK (nack 15 ack 20) (tx_next_ack 16 tx_next 35)
[0m[1;31m[RLC]    error decoding control PDU, discarding
[0m[1;31m[RLC]    bad NACK, bigger than ACK (nack 15 ack 20) (tx_next_ack 16 tx_next 35)
[0m[1;31m[RLC]    error decoding control PDU, discarding
[0m[1;31m[RLC]    bad NACK, bigger than ACK (nack 15 ack 20) (tx_next_ack 16 tx_next 35)
[0m[1;31m[RLC]    error decoding control PDU, discarding
[0m[1;31m[RLC]    bad NACK, bigger than ACK (nack 15 ack 20) (tx_next_ack 16 tx_next 35)
[0m[1;31m[RLC]    error decoding control PDU, discarding
[0m[1;31m[RLC]    bad NACK, bigger than ACK (nack 15 ack 17) (tx_next_ack 16 tx_next 35)
[0m[1;31m[RLC]    error decoding control PDU, discarding
[0m[1;31m[RLC]    bad NACK, bigger than ACK (nack 15 ack 20) (tx_next_ack 16 tx_next 35)
[0m[1;31m[RLC]    error decoding control PDU, discarding
[0m[1;31m[RLC]    bad NACK, bigger than ACK (nack 15 ack 20) (tx_next_ack 16 tx_next 35)
[0m[1;31m[RLC]    error decoding control PDU, discarding
[0m[1;31m[RLC]    bad NACK, bigger than ACK (nack 15 ack 21) (tx_next_ack 16 tx_next 35)
[0m[1;31m[RLC]    error decoding control PDU, discarding
[0m[NR_MAC] UE 0 RNTI 5e5d stats sfn: 0.4, cumulated bad DCI 0
    DL harq: 1364/108/11/1
    UL harq: 4001/3901/2732/956 avg code rate 0.1, avg bit/symbol 2.0, avg per TB: (nb RBs 5.0, nb symbols 13.0)
[0m[1;31m[RLC]    bad NACK, bigger than ACK (nack 15 ack 21) (tx_next_ack 16 tx_next 35)
[0m[1;31m[RLC]    error decoding control PDU, discarding
[0m[1;31m[RLC]    bad NACK, bigger than ACK (nack 15 ack 21) (tx_next_ack 16 tx_next 35)
[0m[1;31m[RLC]    error decoding control PDU, discarding
[0m[1;31m[RLC]    bad NACK, bigger than ACK (nack 15 ack 21) (tx_next_ack 16 tx_next 35)
[0m[1;31m[RLC]    error decoding control PDU, discarding
[0m[1;31m[RLC]    bad NACK, bigger than ACK (nack 15 ack 21) (tx_next_ack 16 tx_next 35)
[0m[1;31m[RLC]    error decoding control PDU, discarding
[0m[1;31m[RLC]    bad NACK, bigger than ACK (nack 15 ack 21) (tx_next_ack 16 tx_next 35)
[0m[1;31m[RLC]    error decoding control PDU, discarding
[0m[1;31m[RLC]    bad NACK, bigger than ACK (nack 15 ack 17) (tx_next_ack 16 tx_next 35)
[0m[1;31m[RLC]    error decoding control PDU, discarding
[0m[1;31m[RLC]    bad NACK, bigger than ACK (nack 15 ack 21) (tx_next_ack 16 tx_next 35)
[0m[1;31m[RLC]    error decoding control PDU, discarding
[0m[1;31m[RLC]    bad NACK, bigger than ACK (nack 15 ack 21) (tx_next_ack 16 tx_next 35)
[0m[1;31m[RLC]    error decoding control PDU, discarding
[0m[1;31m[RLC]    bad NACK, bigger than ACK (nack 15 ack 17) (tx_next_ack 16 tx_next 35)
[0m[1;31m[RLC]    error decoding control PDU, discarding
[0m[1;31m[RLC]    bad NACK, bigger than ACK (nack 15 ack 21) (tx_next_ack 16 tx_next 35)
[0m[1;31m[RLC]    error decoding control PDU, discarding
[0m[1;31m[RLC]    bad NACK, bigger than ACK (nack 15 ack 22) (tx_next_ack 16 tx_next 35)
[0m[1;31m[RLC]    error decoding control PDU, discarding
[0m[1;31m[RLC]    bad NACK, bigger than ACK (nack 15 ack 22) (tx_next_ack 16 tx_next 35)
[0m[1;31m[RLC]    error decoding control PDU, discarding
[0m[1;31m[RLC]    bad NACK, bigger than ACK (nack 15 ack 22) (tx_next_ack 16 tx_next 35)
[0m[1;31m[RLC]    error decoding control PDU, discarding
[0m[1;31m[RLC]    bad NACK, bigger than ACK (nack 15 ack 18) (tx_next_ack 16 tx_next 35)
[0m[1;31m[RLC]    error decoding control PDU, discarding
[0m[1;31m[RLC]    bad NACK, bigger than ACK (nack 15 ack 22) (tx_next_ack 16 tx_next 35)
[0m[1;31m[RLC]    error decoding control PDU, discarding
[0m[1;31m[RLC]    bad NACK, bigger than ACK (nack 15 ack 22) (tx_next_ack 16 tx_next 35)
[0m[1;31m[RLC]    error decoding control PDU, discarding
[0m[1;31m[RLC]    bad NACK, bigger than ACK (nack 15 ack 22) (tx_next_ack 16 tx_next 35)
[0m[1;31m[RLC]    error decoding control PDU, discarding
[0m[1;31m[RLC]    bad NACK, bigger than ACK (nack 15 ack 22) (tx_next_ack 16 tx_next 35)
[0m[1;31m[RLC]    error decoding control PDU, discarding
[0m[1;31m[RLC]    bad NACK, bigger than ACK (nack 15 ack 18) (tx_next_ack 16 tx_next 35)
[0m[1;31m[RLC]    error decoding control PDU, discarding
[0m[1;31m[RLC]    bad NACK, bigger than ACK (nack 15 ack 22) (tx_next_ack 16 tx_next 35)
[0m[1;31m[RLC]    error decoding control PDU, discarding
[0m[1;31m[RLC]    bad NACK, bigger than ACK (nack 15 ack 22) (tx_next_ack 16 tx_next 35)
[0m[1;31m[RLC]    error decoding control PDU, discarding
[0m[1;31m[RLC]    bad NACK, bigger than ACK (nack 15 ack 22) (tx_next_ack 16 tx_next 35)
[0m[1;31m[RLC]    error decoding control PDU, discarding
[0m[1;31m[RLC]    bad NACK, bigger than ACK (nack 15 ack 22) (tx_next_ack 16 tx_next 35)
[0m[1;31m[RLC]    error decoding control PDU, discarding
[0m[1;31m[RLC]    bad NACK, bigger than ACK (nack 15 ack 18) (tx_next_ack 16 tx_next 35)
[0m[1;31m[RLC]    error decoding control PDU, discarding
[0m[1;31m[RLC]    bad NACK, bigger than ACK (nack 15 ack 22) (tx_next_ack 16 tx_next 35)
[0m[1;31m[RLC]    error decoding control PDU, discarding
[0m[1;31m[RLC]    bad NACK, bigger than ACK (nack 15 ack 22) (tx_next_ack 16 tx_next 35)
[0m[1;31m[RLC]    error decoding control PDU, discarding
[0m[1;31m[RLC]    bad NACK, bigger than ACK (nack 15 ack 22) (tx_next_ack 16 tx_next 35)
[0m[1;31m[RLC]    error decoding control PDU, discarding
[0m[1;31m[RLC]    bad NACK, bigger than ACK (nack 15 ack 22) (tx_next_ack 16 tx_next 35)
[0m[1;31m[RLC]    error decoding control PDU, discarding
[0m[1;31m[RLC]    bad NACK, bigger than ACK (nack 15 ack 18) (tx_next_ack 16 tx_next 35)
[0m[1;31m[RLC]    error decoding control PDU, discarding
[0m[1;31m[RLC]    bad NACK, bigger than ACK (nack 15 ack 22) (tx_next_ack 16 tx_next 35)
[0m[1;31m[RLC]    error decoding control PDU, discarding
[0m[1;31m[RLC]    bad NACK, bigger than ACK (nack 15 ack 22) (tx_next_ack 16 tx_next 35)
[0m[1;31m[RLC]    error decoding control PDU, discarding
[0m[1;31m[RLC]    bad NACK, bigger than ACK (nack 15 ack 22) (tx_next_ack 16 tx_next 35)
[0m[1;31m[RLC]    error decoding control PDU, discarding
[0m[1;31m[RLC]    bad NACK, bigger than ACK (nack 15 ack 22) (tx_next_ack 16 tx_next 35)
[0m[1;31m[RLC]    error decoding control PDU, discarding
[0m[1;31m[RLC]    4321 SDU rejected, SDU buffer full
[0m[1;31m[RLC]    bad NACK, bigger than ACK (nack 15 ack 22) (tx_next_ack 16 tx_next 35)
[0m[1;31m[RLC]    error decoding control PDU, discarding
[0m[1;31m[RLC]    bad NACK, bigger than ACK (nack 15 ack 21) (tx_next_ack 16 tx_next 35)
[0m[1;31m[RLC]    error decoding control PDU, discarding
[0m[1;31m[RLC]    bad NACK, bigger than ACK (nack 15 ack 21) (tx_next_ack 16 tx_next 35)
[0m[1;31m[RLC]    error decoding control PDU, discarding
[0m[1;31m[RLC]    bad NACK, bigger than ACK (nack 15 ack 21) (tx_next_ack 16 tx_next 35)
[0m[1;31m[RLC]    error decoding control PDU, discarding
[0m[1;31m[RLC]    bad NACK, bigger than ACK (nack 15 ack 21) (tx_next_ack 16 tx_next 35)
[0m[1;31m[RLC]    error decoding control PDU, discarding
[0m[1;31m[RLC]    bad NACK, bigger than ACK (nack 15 ack 17) (tx_next_ack 16 tx_next 35)
[0m[1;31m[RLC]    error decoding control PDU, discarding
[0m[1;31m[RLC]    bad NACK, bigger than ACK (nack 15 ack 21) (tx_next_ack 16 tx_next 35)
[0m[1;31m[RLC]    error decoding control PDU, discarding
[0m[1;31m[RLC]    bad NACK, bigger than ACK (nack 15 ack 21) (tx_next_ack 16 tx_next 35)
[0m[1;31m[RLC]    error decoding control PDU, discarding
[0m[1;31m[RLC]    bad NACK, bigger than ACK (nack 15 ack 21) (tx_next_ack 16 tx_next 35)
[0m[1;31m[RLC]    error decoding control PDU, discarding
[0m[1;31m[RLC]    bad NACK, bigger than ACK (nack 15 ack 21) (tx_next_ack 16 tx_next 35)
[0m[1;31m[RLC]    error decoding control PDU, discarding
[0m[1;31m[RLC]    bad NACK, bigger than ACK (nack 15 ack 17) (tx_next_ack 16 tx_next 35)
[0m[1;31m[RLC]    error decoding control PDU, discarding
[0m[1;31m[RLC]    bad NACK, bigger than ACK (nack 15 ack 21) (tx_next_ack 16 tx_next 35)
[0m[1;31m[RLC]    error decoding control PDU, discarding
[0m[1;31m[RLC]    bad NACK, bigger than ACK (nack 15 ack 21) (tx_next_ack 16 tx_next 35)
[0m[1;31m[RLC]    error decoding control PDU, discarding
[0m[1;31m[RLC]    bad NACK, bigger than ACK (nack 15 ack 20) (tx_next_ack 16 tx_next 35)
[0m[1;31m[RLC]    error decoding control PDU, discarding
[0m[1;31m[RLC]    bad NACK, bigger than ACK (nack 15 ack 20) (tx_next_ack 16 tx_next 35)
[0m[1;31m[RLC]    error decoding control PDU, discarding
[0m[1;31m[RLC]    bad NACK, bigger than ACK (nack 15 ack 20) (tx_next_ack 16 tx_next 35)
[0m[1;31m[RLC]    error decoding control PDU, discarding
[0m[1;31m[RLC]    bad NACK, bigger than ACK (nack 15 ack 17) (tx_next_ack 16 tx_next 35)
[0m[1;31m[RLC]    error decoding control PDU, discarding
[0m[1;31m[RLC]    bad NACK, bigger than ACK (nack 15 ack 20) (tx_next_ack 16 tx_next 35)
[0m[1;31m[RLC]    error decoding control PDU, discarding
[0m[1;31m[RLC]    bad NACK, bigger than ACK (nack 15 ack 20) (tx_next_ack 16 tx_next 35)
[0m[1;31m[RLC]    error decoding control PDU, discarding
[0m[1;31m[RLC]    bad NACK, bigger than ACK (nack 15 ack 20) (tx_next_ack 16 tx_next 35)
[0m[1;31m[RLC]    error decoding control PDU, discarding
[0m[1;31m[RLC]    bad NACK, bigger than ACK (nack 15 ack 20) (tx_next_ack 16 tx_next 35)
[0m[1;31m[RLC]    error decoding control PDU, discarding
[0m[1;31m[RLC]    bad NACK, bigger than ACK (nack 15 ack 20) (tx_next_ack 16 tx_next 35)
[0m[1;31m[RLC]    error decoding control PDU, discarding
[0m[1;31m[RLC]    bad NACK, bigger than ACK (nack 15 ack 20) (tx_next_ack 16 tx_next 35)
[0m[1;31m[RLC]    error decoding control PDU, discarding
[0m[1;31m[RLC]    bad NACK, bigger than ACK (nack 15 ack 20) (tx_next_ack 16 tx_next 36)
[0m[1;31m[RLC]    error decoding control PDU, discarding
[0m[1;31m[RLC]    bad NACK, bigger than ACK (nack 15 ack 20) (tx_next_ack 16 tx_next 36)
[0m[1;31m[RLC]    error decoding control PDU, discarding
[0m[1;31m[RLC]    bad NACK, bigger than ACK (nack 15 ack 17) (tx_next_ack 16 tx_next 36)
[0m[1;31m[RLC]    error decoding control PDU, discarding
[0m[1;31m[RLC]    bad NACK, bigger than ACK (nack 15 ack 20) (tx_next_ack 16 tx_next 36)
[0m[1;31m[RLC]    error decoding control PDU, discarding
[0m[1;31m[RLC]    bad NACK, bigger than ACK (nack 15 ack 20) (tx_next_ack 16 tx_next 36)
[0m[1;31m[RLC]    error decoding control PDU, discarding
[0m[1;31m[RLC]    bad NACK, bigger than ACK (nack 15 ack 20) (tx_next_ack 16 tx_next 36)
[0m[1;31m[RLC]    error decoding control PDU, discarding
[0m[1;31m[RLC]    bad NACK, bigger than ACK (nack 15 ack 17) (tx_next_ack 16 tx_next 36)
[0m[1;31m[RLC]    error decoding control PDU, discarding
[0m[1;31m[RLC]    bad NACK, bigger than ACK (nack 15 ack 20) (tx_next_ack 16 tx_next 36)
[0m[1;31m[RLC]    error decoding control PDU, discarding
[0m[1;31m[RLC]    bad NACK, bigger than ACK (nack 15 ack 20) (tx_next_ack 16 tx_next 36)
[0m[1;31m[RLC]    error decoding control PDU, discarding
[0m[1;31m[RLC]    bad NACK, bigger than ACK (nack 15 ack 20) (tx_next_ack 16 tx_next 36)
[0m[1;31m[RLC]    error decoding control PDU, discarding
[0m[1;31m[RLC]    bad NACK, bigger than ACK (nack 15 ack 20) (tx_next_ack 16 tx_next 36)
[0m[1;31m[RLC]    error decoding control PDU, discarding
[0m[1;31m[RLC]    bad NACK, bigger than ACK (nack 15 ack 17) (tx_next_ack 16 tx_next 36)
[0m[1;31m[RLC]    error decoding control PDU, discarding
[0m[1;31m[RLC]    bad NACK, bigger than ACK (nack 15 ack 20) (tx_next_ack 16 tx_next 36)
[0m[1;31m[RLC]    error decoding control PDU, discarding
[0m[1;31m[RLC]    bad NACK, bigger than ACK (nack 15 ack 20) (tx_next_ack 16 tx_next 36)
[0m[1;31m[RLC]    error decoding control PDU, discarding
[0m[1;31m[RLC]    bad NACK, bigger than ACK (nack 15 ack 20) (tx_next_ack 16 tx_next 36)
[0m[1;31m[RLC]    error decoding control PDU, discarding
[0m[1;31m[RLC]    bad NACK, bigger than ACK (nack 15 ack 20) (tx_next_ack 16 tx_next 36)
[0m[1;31m[RLC]    error decoding control PDU, discarding
[0m[1;31m[RLC]    bad NACK, bigger than ACK (nack 15 ack 20) (tx_next_ack 16 tx_next 36)
[0m[1;31m[RLC]    error decoding control PDU, discarding
[0m[1;31m[RLC]    bad NACK, bigger than ACK (nack 15 ack 17) (tx_next_ack 16 tx_next 36)
[0m[1;31m[RLC]    error decoding control PDU, discarding
[0m[NR_MAC] UE 0 RNTI 5e5d stats sfn: 128.4, cumulated bad DCI 0
    DL harq: 1439/121/11/1
    UL harq: 4179/4073/2847/1003 avg code rate 0.1, avg bit/symbol 2.0, avg per TB: (nb RBs 5.0, nb symbols 13.0)
[0m[1;31m[RLC]    bad NACK, bigger than ACK (nack 15 ack 20) (tx_next_ack 16 tx_next 36)
[0m[1;31m[RLC]    error decoding control PDU, discarding
[0m[1;31m[RLC]    bad NACK, bigger than ACK (nack 15 ack 20) (tx_next_ack 16 tx_next 36)
[0m[1;31m[RLC]    error decoding control PDU, discarding
[0m[1;31m[RLC]    bad NACK, bigger than ACK (nack 15 ack 20) (tx_next_ack 16 tx_next 36)
[0m[1;31m[RLC]    error decoding control PDU, discarding
[0m[1;31m[RLC]    bad NACK, bigger than ACK (nack 15 ack 17) (tx_next_ack 16 tx_next 36)
[0m[1;31m[RLC]    error decoding control PDU, discarding
[0m[1;31m[RLC]    bad NACK, bigger than ACK (nack 15 ack 20) (tx_next_ack 16 tx_next 36)
[0m[1;31m[RLC]    error decoding control PDU, discarding
[0m[1;31m[RLC]    bad NACK, bigger than ACK (nack 15 ack 20) (tx_next_ack 16 tx_next 36)
[0m[1;31m[RLC]    error decoding control PDU, discarding
[0m[1;31m[RLC]    bad NACK, bigger than ACK (nack 15 ack 20) (tx_next_ack 16 tx_next 36)
[0m[1;31m[RLC]    error decoding control PDU, discarding
[0m[1;31m[RLC]    bad NACK, bigger than ACK (nack 15 ack 20) (tx_next_ack 16 tx_next 36)
[0m[1;31m[RLC]    error decoding control PDU, discarding
[0m[1;31m[RLC]    bad NACK, bigger than ACK (nack 15 ack 17) (tx_next_ack 16 tx_next 36)
[0m[1;31m[RLC]    error decoding control PDU, discarding
[0m[1;31m[RLC]    bad NACK, bigger than ACK (nack 15 ack 20) (tx_next_ack 16 tx_next 36)
[0m[1;31m[RLC]    error decoding control PDU, discarding
[0m[1;31m[RLC]    bad NACK, bigger than ACK (nack 15 ack 20) (tx_next_ack 16 tx_next 36)
[0m[1;31m[RLC]    error decoding control PDU, discarding
[0m[1;31m[RLC]    bad NACK, bigger than ACK (nack 15 ack 20) (tx_next_ack 16 tx_next 36)
[0m[1;31m[RLC]    error decoding control PDU, discarding
[0m[1;31m[RLC]    bad NACK, bigger than ACK (nack 15 ack 20) (tx_next_ack 16 tx_next 36)
[0m[1;31m[RLC]    error decoding control PDU, discarding
[0m[1;31m[RLC]    bad NACK, bigger than ACK (nack 15 ack 20) (tx_next_ack 16 tx_next 36)
[0m[1;31m[RLC]    error decoding control PDU, discarding
[0m[1;31m[RLC]    bad NACK, bigger than ACK (nack 15 ack 20) (tx_next_ack 16 tx_next 36)
[0m[1;31m[RLC]    error decoding control PDU, discarding
[0m[1;31m[RLC]    bad NACK, bigger than ACK (nack 15 ack 20) (tx_next_ack 16 tx_next 36)
[0m[1;31m[RLC]    error decoding control PDU, discarding
[0m[1;31m[RLC]    4320 SDU rejected, SDU buffer full
[0m[1;31m[RLC]    bad NACK, bigger than ACK (nack 15 ack 20) (tx_next_ack 16 tx_next 36)
[0m[1;31m[RLC]    error decoding control PDU, discarding
[0m[1;31m[RLC]    bad NACK, bigger than ACK (nack 15 ack 17) (tx_next_ack 16 tx_next 36)
[0m[1;31m[RLC]    error decoding control PDU, discarding
[0m[1;31m[RLC]    bad NACK, bigger than ACK (nack 15 ack 20) (tx_next_ack 16 tx_next 36)
[0m[1;31m[RLC]    error decoding control PDU, discarding
[0m[1;31m[RLC]    bad NACK, bigger than ACK (nack 15 ack 20) (tx_next_ack 16 tx_next 36)
[0m[1;31m[RLC]    error decoding control PDU, discarding
[0m[1;31m[RLC]    bad NACK, bigger than ACK (nack 15 ack 20) (tx_next_ack 16 tx_next 36)
[0m[1;31m[RLC]    error decoding control PDU, discarding
[0m[1;31m[RLC]    bad NACK, bigger than ACK (nack 15 ack 17) (tx_next_ack 16 tx_next 36)
[0m[1;31m[RLC]    error decoding control PDU, discarding
[0m[1;31m[RLC]    bad NACK, bigger than ACK (nack 15 ack 20) (tx_next_ack 16 tx_next 36)
[0m[1;31m[RLC]    error decoding control PDU, discarding
[0m[1;31m[RLC]    bad NACK, bigger than ACK (nack 15 ack 20) (tx_next_ack 16 tx_next 36)
[0m[1;31m[RLC]    error decoding control PDU, discarding
[0m[1;31m[RLC]    bad NACK, bigger than ACK (nack 15 ack 20) (tx_next_ack 16 tx_next 36)
[0m[1;31m[RLC]    error decoding control PDU, discarding
[0m[1;31m[RLC]    bad NACK, bigger than ACK (nack 15 ack 20) (tx_next_ack 16 tx_next 36)
[0m[1;31m[RLC]    error decoding control PDU, discarding
[0m[1;31m[RLC]    bad NACK, bigger than ACK (nack 15 ack 20) (tx_next_ack 16 tx_next 36)
[0m[1;31m[RLC]    error decoding control PDU, discarding
[0m[1;31m[RLC]    bad NACK, bigger than ACK (nack 15 ack 17) (tx_next_ack 16 tx_next 36)
[0m[1;31m[RLC]    error decoding control PDU, discarding
[0m[1;31m[RLC]    bad NACK, bigger than ACK (nack 15 ack 20) (tx_next_ack 16 tx_next 36)
[0m[1;31m[RLC]    error decoding control PDU, discarding
[0m[1;31m[RLC]    bad NACK, bigger than ACK (nack 15 ack 20) (tx_next_ack 16 tx_next 36)
[0m[1;31m[RLC]    error decoding control PDU, discarding
[0m[1;31m[RLC]    bad NACK, bigger than ACK (nack 15 ack 20) (tx_next_ack 16 tx_next 36)
[0m[1;31m[RLC]    error decoding control PDU, discarding
[0m[1;31m[RLC]    bad NACK, bigger than ACK (nack 15 ack 20) (tx_next_ack 16 tx_next 36)
[0m[1;31m[RLC]    error decoding control PDU, discarding
[0m[1;31m[RLC]    bad NACK, bigger than ACK (nack 15 ack 17) (tx_next_ack 16 tx_next 36)
[0m[1;31m[RLC]    error decoding control PDU, discarding
[0m[1;31m[RLC]    bad NACK, bigger than ACK (nack 15 ack 20) (tx_next_ack 16 tx_next 36)
[0m[1;31m[RLC]    error decoding control PDU, discarding
[0m[1;31m[RLC]    bad NACK, bigger than ACK (nack 15 ack 20) (tx_next_ack 16 tx_next 36)
[0m[1;31m[RLC]    error decoding control PDU, discarding
[0m[1;31m[RLC]    bad NACK, bigger than ACK (nack 15 ack 20) (tx_next_ack 16 tx_next 36)
[0m[1;31m[RLC]    error decoding control PDU, discarding
[0m[1;31m[RLC]    bad NACK, bigger than ACK (nack 15 ack 20) (tx_next_ack 16 tx_next 36)
[0m[1;31m[RLC]    error decoding control PDU, discarding
[0m[1;31m[RLC]    bad NACK, bigger than ACK (nack 15 ack 17) (tx_next_ack 16 tx_next 36)
[0m[1;31m[RLC]    error decoding control PDU, discarding
[0m[1;31m[RLC]    bad NACK, bigger than ACK (nack 15 ack 21) (tx_next_ack 16 tx_next 36)
[0m[1;31m[RLC]    error decoding control PDU, discarding
[0m[1;31m[RLC]    bad NACK, bigger than ACK (nack 15 ack 21) (tx_next_ack 16 tx_next 36)
[0m[1;31m[RLC]    error decoding control PDU, discarding
[0m[1;31m[RLC]    bad NACK, bigger than ACK (nack 15 ack 17) (tx_next_ack 16 tx_next 36)
[0m[1;31m[RLC]    error decoding control PDU, discarding
[0m[1;31m[RLC]    bad NACK, bigger than ACK (nack 15 ack 21) (tx_next_ack 16 tx_next 36)
[0m[1;31m[RLC]    error decoding control PDU, discarding
[0m[1;31m[RLC]    bad NACK, bigger than ACK (nack 15 ack 21) (tx_next_ack 16 tx_next 36)
[0m[1;31m[RLC]    error decoding control PDU, discarding
[0m[1;31m[RLC]    bad NACK, bigger than ACK (nack 15 ack 21) (tx_next_ack 16 tx_next 36)
[0m[1;31m[RLC]    error decoding control PDU, discarding
[0m[1;31m[RLC]    bad NACK, bigger than ACK (nack 15 ack 17) (tx_next_ack 16 tx_next 36)
[0m[1;31m[RLC]    error decoding control PDU, discarding
[0m[1;31m[RLC]    bad NACK, bigger than ACK (nack 15 ack 21) (tx_next_ack 16 tx_next 36)
[0m[1;31m[RLC]    error decoding control PDU, discarding
[0m[1;31m[RLC]    bad NACK, bigger than ACK (nack 15 ack 21) (tx_next_ack 16 tx_next 37)
[0m[1;31m[RLC]    error decoding control PDU, discarding
[0m[1;31m[RLC]    bad NACK, bigger than ACK (nack 15 ack 21) (tx_next_ack 16 tx_next 37)
[0m[1;31m[RLC]    error decoding control PDU, discarding
[0m[1;31m[RLC]    bad NACK, bigger than ACK (nack 15 ack 21) (tx_next_ack 16 tx_next 37)
[0m[1;31m[RLC]    error decoding control PDU, discarding
[0m[1;31m[RLC]    bad NACK, bigger than ACK (nack 15 ack 21) (tx_next_ack 16 tx_next 37)
[0m[1;31m[RLC]    error decoding control PDU, discarding
[0m[1;31m[RLC]    bad NACK, bigger than ACK (nack 15 ack 21) (tx_next_ack 16 tx_next 37)
[0m[1;31m[RLC]    error decoding control PDU, discarding
[0m[1;31m[RLC]    bad NACK, bigger than ACK (nack 15 ack 21) (tx_next_ack 16 tx_next 37)
[0m[1;31m[RLC]    error decoding control PDU, discarding
[0m[1;31m[RLC]    bad NACK, bigger than ACK (nack 15 ack 17) (tx_next_ack 16 tx_next 37)
[0m[1;31m[RLC]    error decoding control PDU, discarding
[0m[1;31m[RLC]    bad NACK, bigger than ACK (nack 15 ack 21) (tx_next_ack 16 tx_next 37)
[0m[1;31m[RLC]    error decoding control PDU, discarding
[0m[1;31m[RLC]    bad NACK, bigger than ACK (nack 15 ack 21) (tx_next_ack 16 tx_next 37)
[0m[1;31m[RLC]    error decoding control PDU, discarding
[0m[1;31m[RLC]    bad NACK, bigger than ACK (nack 15 ack 17) (tx_next_ack 16 tx_next 37)
[0m[1;31m[RLC]    error decoding control PDU, discarding
[0m[1;31m[RLC]    bad NACK, bigger than ACK (nack 15 ack 21) (tx_next_ack 16 tx_next 37)
[0m[1;31m[RLC]    error decoding control PDU, discarding
[0m[1;31m[RLC]    bad NACK, bigger than ACK (nack 15 ack 21) (tx_next_ack 16 tx_next 37)
[0m[1;31m[RLC]    error decoding control PDU, discarding
[0m[1;31m[RLC]    bad NACK, bigger than ACK (nack 15 ack 21) (tx_next_ack 16 tx_next 37)
[0m[1;31m[RLC]    error decoding control PDU, discarding
[0m[1;31m[RLC]    bad NACK, bigger than ACK (nack 15 ack 21) (tx_next_ack 16 tx_next 37)
[0m[1;31m[RLC]    error decoding control PDU, discarding
[0m[1;31m[RLC]    bad NACK, bigger than ACK (nack 15 ack 17) (tx_next_ack 16 tx_next 37)
[0m[1;31m[RLC]    error decoding control PDU, discarding
[0m[1;31m[RLC]    bad NACK, bigger than ACK (nack 15 ack 21) (tx_next_ack 16 tx_next 37)
[0m[1;31m[RLC]    error decoding control PDU, discarding
[0m[1;31m[RLC]    bad NACK, bigger than ACK (nack 15 ack 21) (tx_next_ack 16 tx_next 37)
[0m[1;31m[RLC]    error decoding control PDU, discarding
[0m[1;31m[RLC]    bad NACK, bigger than ACK (nack 15 ack 21) (tx_next_ack 16 tx_next 37)
[0m[1;31m[RLC]    error decoding control PDU, discarding
[0m[1;31m[RLC]    bad NACK, bigger than ACK (nack 15 ack 21) (tx_next_ack 16 tx_next 37)
[0m[1;31m[RLC]    error decoding control PDU, discarding
[0m[1;31m[RLC]    bad NACK, bigger than ACK (nack 15 ack 17) (tx_next_ack 16 tx_next 37)
[0m[1;31m[RLC]    error decoding control PDU, discarding
[0m[1;31m[RLC]    bad NACK, bigger than ACK (nack 15 ack 21) (tx_next_ack 16 tx_next 37)
[0m[1;31m[RLC]    error decoding control PDU, discarding
[0m[1;31m[RLC]    bad NACK, bigger than ACK (nack 15 ack 21) (tx_next_ack 16 tx_next 37)
[0m[1;31m[RLC]    error decoding control PDU, discarding
[0m[1;31m[RLC]    bad NACK, bigger than ACK (nack 15 ack 21) (tx_next_ack 16 tx_next 37)
[0m[1;31m[RLC]    error decoding control PDU, discarding
[0m[1;31m[RLC]    bad NACK, bigger than ACK (nack 15 ack 21) (tx_next_ack 16 tx_next 37)
[0m[1;31m[RLC]    error decoding control PDU, discarding
[0m[1;31m[RLC]    bad NACK, bigger than ACK (nack 15 ack 17) (tx_next_ack 16 tx_next 37)
[0m[1;31m[RLC]    error decoding control PDU, discarding
[0m[1;31m[RLC]    bad NACK, bigger than ACK (nack 15 ack 21) (tx_next_ack 16 tx_next 37)
[0m[1;31m[RLC]    error decoding control PDU, discarding
[0m[1;31m[RLC]    bad NACK, bigger than ACK (nack 15 ack 21) (tx_next_ack 16 tx_next 37)
[0m[1;31m[RLC]    error decoding control PDU, discarding
[0m[NR_MAC] UE 0 RNTI 5e5d stats sfn: 256.4, cumulated bad DCI 0
    DL harq: 1514/123/11/1
    UL harq: 4349/4241/2972/1052 avg code rate 0.1, avg bit/symbol 2.0, avg per TB: (nb RBs 5.0, nb symbols 13.0)
[0m[1;31m[RLC]    4321 SDU rejected, SDU buffer full
[0m[1;31m[RLC]    bad NACK, bigger than ACK (nack 15 ack 21) (tx_next_ack 16 tx_next 37)
[0m[1;31m[RLC]    error decoding control PDU, discarding
[0m[1;31m[RLC]    bad NACK, bigger than ACK (nack 15 ack 21) (tx_next_ack 16 tx_next 37)
[0m[1;31m[RLC]    error decoding control PDU, discarding
[0m[1;31m[RLC]    bad NACK, bigger than ACK (nack 15 ack 22) (tx_next_ack 16 tx_next 37)
[0m[1;31m[RLC]    error decoding control PDU, discarding
[0m[1;31m[RLC]    bad NACK, bigger than ACK (nack 15 ack 22) (tx_next_ack 16 tx_next 37)
[0m[1;31m[RLC]    error decoding control PDU, discarding
[0m[1;31m[RLC]    bad NACK, bigger than ACK (nack 15 ack 22) (tx_next_ack 16 tx_next 37)
[0m[1;31m[RLC]    error decoding control PDU, discarding
[0m[1;31m[RLC]    bad NACK, bigger than ACK (nack 15 ack 22) (tx_next_ack 16 tx_next 37)
[0m[1;31m[RLC]    error decoding control PDU, discarding
[0m[1;31m[RLC]    bad NACK, bigger than ACK (nack 15 ack 22) (tx_next_ack 16 tx_next 37)
[0m[1;31m[RLC]    error decoding control PDU, discarding
[0m[1;31m[RLC]    bad NACK, bigger than ACK (nack 15 ack 18) (tx_next_ack 16 tx_next 37)
[0m[1;31m[RLC]    error decoding control PDU, discarding
[0m[1;31m[RLC]    bad NACK, bigger than ACK (nack 15 ack 22) (tx_next_ack 16 tx_next 37)
[0m[1;31m[RLC]    error decoding control PDU, discarding
[0m[1;31m[RLC]    bad NACK, bigger than ACK (nack 15 ack 22) (tx_next_ack 16 tx_next 37)
[0m[1;31m[RLC]    error decoding control PDU, discarding
[0m[1;31m[RLC]    bad NACK, bigger than ACK (nack 15 ack 22) (tx_next_ack 16 tx_next 37)
[0m[1;31m[RLC]    error decoding control PDU, discarding
[0m[1;31m[RLC]    bad NACK, bigger than ACK (nack 15 ack 22) (tx_next_ack 16 tx_next 37)
[0m[1;31m[RLC]    error decoding control PDU, discarding
[0m[1;31m[RLC]    bad NACK, bigger than ACK (nack 15 ack 18) (tx_next_ack 16 tx_next 37)
[0m[1;31m[RLC]    error decoding control PDU, discarding
[0m[1;31m[RLC]    bad NACK, bigger than ACK (nack 15 ack 22) (tx_next_ack 16 tx_next 37)
[0m[1;31m[RLC]    error decoding control PDU, discarding
[0m[1;31m[RLC]    bad NACK, bigger than ACK (nack 15 ack 22) (tx_next_ack 16 tx_next 37)
[0m[1;31m[RLC]    error decoding control PDU, discarding
[0m[1;31m[RLC]    bad NACK, bigger than ACK (nack 15 ack 22) (tx_next_ack 16 tx_next 37)
[0m[1;31m[RLC]    error decoding control PDU, discarding
[0m[1;31m[RLC]    bad NACK, bigger than ACK (nack 15 ack 22) (tx_next_ack 16 tx_next 37)
[0m[1;31m[RLC]    error decoding control PDU, discarding
[0m[1;31m[RLC]    bad NACK, bigger than ACK (nack 15 ack 22) (tx_next_ack 16 tx_next 37)
[0m[1;31m[RLC]    error decoding control PDU, discarding
[0m[1;31m[RLC]    bad NACK, bigger than ACK (nack 15 ack 22) (tx_next_ack 16 tx_next 37)
[0m[1;31m[RLC]    error decoding control PDU, discarding
[0m[1;31m[RLC]    bad NACK, bigger than ACK (nack 15 ack 22) (tx_next_ack 16 tx_next 37)
[0m[1;31m[RLC]    error decoding control PDU, discarding
[0m[1;31m[RLC]    bad NACK, bigger than ACK (nack 15 ack 22) (tx_next_ack 16 tx_next 37)
[0m[1;31m[RLC]    error decoding control PDU, discarding
[0m[1;31m[RLC]    bad NACK, bigger than ACK (nack 15 ack 22) (tx_next_ack 16 tx_next 37)
[0m[1;31m[RLC]    error decoding control PDU, discarding
[0m[1;31m[RLC]    bad NACK, bigger than ACK (nack 15 ack 22) (tx_next_ack 16 tx_next 37)
[0m[1;31m[RLC]    error decoding control PDU, discarding
[0m[1;31m[RLC]    bad NACK, bigger than ACK (nack 15 ack 22) (tx_next_ack 16 tx_next 37)
[0m[1;31m[RLC]    error decoding control PDU, discarding
[0m[1;31m[RLC]    bad NACK, bigger than ACK (nack 15 ack 18) (tx_next_ack 16 tx_next 37)
[0m[1;31m[RLC]    error decoding control PDU, discarding
[0m[1;31m[RLC]    bad NACK, bigger than ACK (nack 15 ack 21) (tx_next_ack 16 tx_next 37)
[0m[1;31m[RLC]    error decoding control PDU, discarding
[0m[1;31m[RLC]    bad NACK, bigger than ACK (nack 15 ack 21) (tx_next_ack 16 tx_next 37)
[0m[1;31m[RLC]    error decoding control PDU, discarding
[0m[1;31m[RLC]    bad NACK, bigger than ACK (nack 15 ack 17) (tx_next_ack 16 tx_next 37)
[0m[1;31m[RLC]    error decoding control PDU, discarding
[0m[1;31m[RLC]    bad NACK, bigger than ACK (nack 15 ack 21) (tx_next_ack 16 tx_next 37)
[0m[1;31m[RLC]    error decoding control PDU, discarding
[0m[1;31m[RLC]    bad NACK, bigger than ACK (nack 15 ack 21) (tx_next_ack 16 tx_next 37)
[0m[1;31m[RLC]    error decoding control PDU, discarding
[0m[1;31m[RLC]    bad NACK, bigger than ACK (nack 15 ack 21) (tx_next_ack 16 tx_next 37)
[0m[1;31m[RLC]    error decoding control PDU, discarding
[0m[1;31m[RLC]    bad NACK, bigger than ACK (nack 15 ack 21) (tx_next_ack 16 tx_next 37)
[0m[1;31m[RLC]    error decoding control PDU, discarding
[0m[1;31m[RLC]    bad NACK, bigger than ACK (nack 15 ack 21) (tx_next_ack 16 tx_next 37)
[0m[1;31m[RLC]    error decoding control PDU, discarding
[0m[1;31m[RLC]    bad NACK, bigger than ACK (nack 15 ack 21) (tx_next_ack 16 tx_next 37)
[0m[1;31m[RLC]    error decoding control PDU, discarding
[0m[1;31m[RLC]    bad NACK, bigger than ACK (nack 15 ack 21) (tx_next_ack 16 tx_next 37)
[0m[1;31m[RLC]    error decoding control PDU, discarding
[0m[1;31m[RLC]    bad NACK, bigger than ACK (nack 15 ack 21) (tx_next_ack 16 tx_next 37)
[0m[1;31m[RLC]    error decoding control PDU, discarding
[0m[1;31m[RLC]    bad NACK, bigger than ACK (nack 15 ack 17) (tx_next_ack 16 tx_next 37)
[0m[1;31m[RLC]    error decoding control PDU, discarding
[0m[1;31m[RLC]    bad NACK, bigger than ACK (nack 15 ack 20) (tx_next_ack 16 tx_next 38)
[0m[1;31m[RLC]    error decoding control PDU, discarding
[0m[1;31m[RLC]    bad NACK, bigger than ACK (nack 15 ack 20) (tx_next_ack 16 tx_next 38)
[0m[1;31m[RLC]    error decoding control PDU, discarding
[0m[1;31m[RLC]    bad NACK, bigger than ACK (nack 15 ack 20) (tx_next_ack 16 tx_next 38)
[0m[1;31m[RLC]    error decoding control PDU, discarding
[0m[1;31m[RLC]    bad NACK, bigger than ACK (nack 15 ack 20) (tx_next_ack 16 tx_next 38)
[0m[1;31m[RLC]    error decoding control PDU, discarding
[0m[1;31m[RLC]    bad NACK, bigger than ACK (nack 15 ack 20) (tx_next_ack 16 tx_next 38)
[0m[1;31m[RLC]    error decoding control PDU, discarding
[0m[1;31m[RLC]    bad NACK, bigger than ACK (nack 15 ack 20) (tx_next_ack 16 tx_next 38)
[0m[1;31m[RLC]    error decoding control PDU, discarding
[0m[1;31m[RLC]    bad NACK, bigger than ACK (nack 15 ack 20) (tx_next_ack 16 tx_next 38)
[0m[1;31m[RLC]    error decoding control PDU, discarding
[0m[1;31m[RLC]    bad NACK, bigger than ACK (nack 15 ack 20) (tx_next_ack 16 tx_next 38)
[0m[1;31m[RLC]    error decoding control PDU, discarding
[0m[1;31m[RLC]    bad NACK, bigger than ACK (nack 15 ack 17) (tx_next_ack 16 tx_next 38)
[0m[1;31m[RLC]    error decoding control PDU, discarding
[0m[1;31m[RLC]    bad NACK, bigger than ACK (nack 15 ack 20) (tx_next_ack 16 tx_next 38)
[0m[1;31m[RLC]    error decoding control PDU, discarding
[0m[1;31m[RLC]    bad NACK, bigger than ACK (nack 15 ack 20) (tx_next_ack 16 tx_next 38)
[0m[1;31m[RLC]    error decoding control PDU, discarding
[0m[1;31m[RLC]    bad NACK, bigger than ACK (nack 15 ack 20) (tx_next_ack 16 tx_next 38)
[0m[1;31m[RLC]    error decoding control PDU, discarding
[0m[1;31m[RLC]    bad NACK, bigger than ACK (nack 15 ack 20) (tx_next_ack 16 tx_next 38)
[0m[1;31m[RLC]    error decoding control PDU, discarding
[0m[1;31m[RLC]    bad NACK, bigger than ACK (nack 15 ack 17) (tx_next_ack 16 tx_next 38)
[0m[1;31m[RLC]    error decoding control PDU, discarding
[0m[1;31m[RLC]    bad NACK, bigger than ACK (nack 15 ack 20) (tx_next_ack 16 tx_next 38)
[0m[1;31m[RLC]    error decoding control PDU, discarding
[0m[1;31m[RLC]    bad NACK, bigger than ACK (nack 15 ack 20) (tx_next_ack 16 tx_next 38)
[0m[1;31m[RLC]    error decoding control PDU, discarding
[0m[1;31m[RLC]    bad NACK, bigger than ACK (nack 15 ack 17) (tx_next_ack 16 tx_next 38)
[0m[1;31m[RLC]    error decoding control PDU, discarding
[0m[1;31m[RLC]    bad NACK, bigger than ACK (nack 15 ack 20) (tx_next_ack 16 tx_next 38)
[0m[1;31m[RLC]    error decoding control PDU, discarding
[0m[1;31m[RLC]    bad NACK, bigger than ACK (nack 15 ack 20) (tx_next_ack 16 tx_next 38)
[0m[1;31m[RLC]    error decoding control PDU, discarding
[0m[1;31m[RLC]    4321 SDU rejected, SDU buffer full
[0m[1;31m[RLC]    bad NACK, bigger than ACK (nack 15 ack 20) (tx_next_ack 16 tx_next 38)
[0m[1;31m[RLC]    error decoding control PDU, discarding
[0m[1;31m[RLC]    bad NACK, bigger than ACK (nack 15 ack 20) (tx_next_ack 16 tx_next 38)
[0m[1;31m[RLC]    error decoding control PDU, discarding
[0m[1;31m[RLC]    bad NACK, bigger than ACK (nack 15 ack 20) (tx_next_ack 16 tx_next 38)
[0m[1;31m[RLC]    error decoding control PDU, discarding
[0m[1;31m[RLC]    bad NACK, bigger than ACK (nack 15 ack 20) (tx_next_ack 16 tx_next 38)
[0m[1;31m[RLC]    error decoding control PDU, discarding
[0m[1;31m[RLC]    bad NACK, bigger than ACK (nack 15 ack 20) (tx_next_ack 16 tx_next 38)
[0m[1;31m[RLC]    error decoding control PDU, discarding
[0m[1;31m[RLC]    bad NACK, bigger than ACK (nack 15 ack 20) (tx_next_ack 16 tx_next 38)
[0m[1;31m[RLC]    error decoding control PDU, discarding
[0m[1;31m[RLC]    bad NACK, bigger than ACK (nack 15 ack 17) (tx_next_ack 16 tx_next 38)
[0m[1;31m[RLC]    error decoding control PDU, discarding
[0m[1;31m[RLC]    bad NACK, bigger than ACK (nack 15 ack 20) (tx_next_ack 16 tx_next 38)
[0m[1;31m[RLC]    error decoding control PDU, discarding
[0m[1;31m[RLC]    bad NACK, bigger than ACK (nack 15 ack 20) (tx_next_ack 16 tx_next 38)
[0m[1;31m[RLC]    error decoding control PDU, discarding
[0m[1;31m[RLC]    bad NACK, bigger than ACK (nack 15 ack 20) (tx_next_ack 16 tx_next 38)
[0m[1;31m[RLC]    error decoding control PDU, discarding
[0m[1;31m[RLC]    bad NACK, bigger than ACK (nack 15 ack 20) (tx_next_ack 16 tx_next 38)
[0m[1;31m[RLC]    error decoding control PDU, discarding
[0m[1;31m[RLC]    bad NACK, bigger than ACK (nack 15 ack 20) (tx_next_ack 16 tx_next 38)
[0m[1;31m[RLC]    error decoding control PDU, discarding
[0m[1;31m[RLC]    bad NACK, bigger than ACK (nack 15 ack 20) (tx_next_ack 16 tx_next 38)
[0m[1;31m[RLC]    error decoding control PDU, discarding
[0m[1;31m[RLC]    bad NACK, bigger than ACK (nack 15 ack 20) (tx_next_ack 16 tx_next 38)
[0m[1;31m[RLC]    error decoding control PDU, discarding
[0m[NR_MAC] UE 0 RNTI 5e5d stats sfn: 384.4, cumulated bad DCI 0
    DL harq: 1585/134/11/1
    UL harq: 4521/4408/3090/1107 avg code rate 0.1, avg bit/symbol 2.0, avg per TB: (nb RBs 5.0, nb symbols 13.0)
[0m[1;31m[RLC]    bad NACK, bigger than ACK (nack 15 ack 20) (tx_next_ack 16 tx_next 38)
[0m[1;31m[RLC]    error decoding control PDU, discarding
[0m[1;31m[RLC]    bad NACK, bigger than ACK (nack 15 ack 20) (tx_next_ack 16 tx_next 38)
[0m[1;31m[RLC]    error decoding control PDU, discarding
[0m[1;31m[RLC]    bad NACK, bigger than ACK (nack 15 ack 17) (tx_next_ack 16 tx_next 38)
[0m[1;31m[RLC]    error decoding control PDU, discarding
[0m[1;31m[RLC]    bad NACK, bigger than ACK (nack 15 ack 20) (tx_next_ack 16 tx_next 38)
[0m[1;31m[RLC]    error decoding control PDU, discarding
[0m[1;31m[RLC]    bad NACK, bigger than ACK (nack 15 ack 20) (tx_next_ack 16 tx_next 38)
[0m[1;31m[RLC]    error decoding control PDU, discarding
[0m[1;31m[RLC]    bad NACK, bigger than ACK (nack 15 ack 20) (tx_next_ack 16 tx_next 38)
[0m[1;31m[RLC]    error decoding control PDU, discarding
[0m[1;31m[RLC]    bad NACK, bigger than ACK (nack 15 ack 20) (tx_next_ack 16 tx_next 38)
[0m[1;31m[RLC]    error decoding control PDU, discarding
[0m[1;31m[RLC]    bad NACK, bigger than ACK (nack 15 ack 17) (tx_next_ack 16 tx_next 38)
[0m[1;31m[RLC]    error decoding control PDU, discarding
[0m[1;31m[RLC]    bad NACK, bigger than ACK (nack 15 ack 20) (tx_next_ack 16 tx_next 38)
[0m[1;31m[RLC]    error decoding control PDU, discarding
[0m[1;31m[RLC]    bad NACK, bigger than ACK (nack 15 ack 20) (tx_next_ack 16 tx_next 38)
[0m[1;31m[RLC]    error decoding control PDU, discarding
[0m[1;31m[RLC]    bad NACK, bigger than ACK (nack 15 ack 20) (tx_next_ack 16 tx_next 38)
[0m[1;31m[RLC]    error decoding control PDU, discarding
[0m[1;31m[RLC]    bad NACK, bigger than ACK (nack 15 ack 20) (tx_next_ack 16 tx_next 38)
[0m[1;31m[RLC]    error decoding control PDU, discarding
[0m[1;31m[RLC]    bad NACK, bigger than ACK (nack 15 ack 20) (tx_next_ack 16 tx_next 38)
[0m[1;31m[RLC]    error decoding control PDU, discarding
[0m[1;31m[RLC]    bad NACK, bigger than ACK (nack 15 ack 20) (tx_next_ack 16 tx_next 38)
[0m[1;31m[RLC]    error decoding control PDU, discarding
[0m[1;31m[RLC]    bad NACK, bigger than ACK (nack 15 ack 20) (tx_next_ack 16 tx_next 38)
[0m[1;31m[RLC]    error decoding control PDU, discarding
[0m[1;31m[RLC]    bad NACK, bigger than ACK (nack 15 ack 20) (tx_next_ack 16 tx_next 38)
[0m[1;31m[RLC]    error decoding control PDU, discarding
[0m[1;31m[RLC]    bad NACK, bigger than ACK (nack 15 ack 17) (tx_next_ack 16 tx_next 38)
[0m[1;31m[RLC]    error decoding control PDU, discarding
[0m[1;31m[RLC]    bad NACK, bigger than ACK (nack 15 ack 20) (tx_next_ack 16 tx_next 38)
[0m[1;31m[RLC]    error decoding control PDU, discarding
[0m[1;31m[RLC]    bad NACK, bigger than ACK (nack 15 ack 20) (tx_next_ack 16 tx_next 38)
[0m[1;31m[RLC]    error decoding control PDU, discarding
[0m[1;31m[RLC]    bad NACK, bigger than ACK (nack 15 ack 20) (tx_next_ack 16 tx_next 38)
[0m[1;31m[RLC]    error decoding control PDU, discarding
[0m[1;31m[RLC]    bad NACK, bigger than ACK (nack 15 ack 20) (tx_next_ack 16 tx_next 38)
[0m[1;31m[RLC]    error decoding control PDU, discarding
[0m[1;31m[RLC]    bad NACK, bigger than ACK (nack 15 ack 17) (tx_next_ack 16 tx_next 38)
[0m[1;31m[RLC]    error decoding control PDU, discarding
[0m[1;31m[RLC]    bad NACK, bigger than ACK (nack 15 ack 20) (tx_next_ack 16 tx_next 38)
[0m[1;31m[RLC]    error decoding control PDU, discarding
[0m[1;31m[RLC]    bad NACK, bigger than ACK (nack 15 ack 20) (tx_next_ack 16 tx_next 38)
[0m[1;31m[RLC]    error decoding control PDU, discarding
[0m[1;31m[RLC]    bad NACK, bigger than ACK (nack 15 ack 20) (tx_next_ack 16 tx_next 38)
[0m[1;31m[RLC]    error decoding control PDU, discarding
[0m[1;31m[RLC]    bad NACK, bigger than ACK (nack 15 ack 20) (tx_next_ack 16 tx_next 38)
[0m[1;31m[RLC]    error decoding control PDU, discarding
[0m[1;31m[RLC]    bad NACK, bigger than ACK (nack 15 ack 17) (tx_next_ack 16 tx_next 38)
[0m[1;31m[RLC]    error decoding control PDU, discarding
[0m[1;31m[RLC]    bad NACK, bigger than ACK (nack 15 ack 20) (tx_next_ack 16 tx_next 38)
[0m[1;31m[RLC]    error decoding control PDU, discarding
[0m[1;31m[RLC]    bad NACK, bigger than ACK (nack 15 ack 20) (tx_next_ack 16 tx_next 39)
[0m[1;31m[RLC]    error decoding control PDU, discarding
[0m[1;31m[RLC]    bad NACK, bigger than ACK (nack 15 ack 20) (tx_next_ack 16 tx_next 39)
[0m[1;31m[RLC]    error decoding control PDU, discarding
[0m[1;31m[RLC]    bad NACK, bigger than ACK (nack 15 ack 20) (tx_next_ack 16 tx_next 39)
[0m[1;31m[RLC]    error decoding control PDU, discarding
[0m[1;31m[RLC]    bad NACK, bigger than ACK (nack 15 ack 20) (tx_next_ack 16 tx_next 39)
[0m[1;31m[RLC]    error decoding control PDU, discarding
[0m[1;31m[RLC]    bad NACK, bigger than ACK (nack 15 ack 20) (tx_next_ack 16 tx_next 39)
[0m[1;31m[RLC]    error decoding control PDU, discarding
[0m[1;31m[RLC]    bad NACK, bigger than ACK (nack 15 ack 20) (tx_next_ack 16 tx_next 39)
[0m[1;31m[RLC]    error decoding control PDU, discarding
[0m[1;31m[RLC]    bad NACK, bigger than ACK (nack 15 ack 17) (tx_next_ack 16 tx_next 39)
[0m[1;31m[RLC]    error decoding control PDU, discarding
[0m[1;31m[RLC]    bad NACK, bigger than ACK (nack 15 ack 21) (tx_next_ack 16 tx_next 39)
[0m[1;31m[RLC]    error decoding control PDU, discarding
[0m[1;31m[RLC]    bad NACK, bigger than ACK (nack 15 ack 21) (tx_next_ack 16 tx_next 39)
[0m[1;31m[RLC]    error decoding control PDU, discarding
[0m[1;31m[RLC]    bad NACK, bigger than ACK (nack 15 ack 21) (tx_next_ack 16 tx_next 39)
[0m[1;31m[RLC]    error decoding control PDU, discarding
[0m[1;31m[RLC]    bad NACK, bigger than ACK (nack 15 ack 21) (tx_next_ack 16 tx_next 39)
[0m[1;31m[RLC]    error decoding control PDU, discarding
[0m[1;31m[RLC]    bad NACK, bigger than ACK (nack 15 ack 21) (tx_next_ack 16 tx_next 39)
[0m[1;31m[RLC]    error decoding control PDU, discarding
[0m[1;31m[RLC]    4316 SDU rejected, SDU buffer full
[0m[1;31m[RLC]    bad NACK, bigger than ACK (nack 15 ack 21) (tx_next_ack 16 tx_next 39)
[0m[1;31m[RLC]    error decoding control PDU, discarding
[0m[1;31m[RLC]    bad NACK, bigger than ACK (nack 15 ack 17) (tx_next_ack 16 tx_next 39)
[0m[1;31m[RLC]    error decoding control PDU, discarding
[0m[1;31m[RLC]    bad NACK, bigger than ACK (nack 15 ack 21) (tx_next_ack 16 tx_next 39)
[0m[1;31m[RLC]    error decoding control PDU, discarding
[0m[1;31m[RLC]    bad NACK, bigger than ACK (nack 15 ack 21) (tx_next_ack 16 tx_next 39)
[0m[1;31m[RLC]    error decoding control PDU, discarding
[0m[1;31m[RLC]    bad NACK, bigger than ACK (nack 15 ack 21) (tx_next_ack 16 tx_next 39)
[0m[1;31m[RLC]    error decoding control PDU, discarding
[0m[1;31m[RLC]    bad NACK, bigger than ACK (nack 15 ack 22) (tx_next_ack 16 tx_next 39)
[0m[1;31m[RLC]    error decoding control PDU, discarding
[0m[1;31m[RLC]    bad NACK, bigger than ACK (nack 15 ack 22) (tx_next_ack 16 tx_next 39)
[0m[1;31m[RLC]    error decoding control PDU, discarding
[0m[1;31m[RLC]    bad NACK, bigger than ACK (nack 15 ack 18) (tx_next_ack 16 tx_next 39)
[0m[1;31m[RLC]    error decoding control PDU, discarding
[0m[1;31m[RLC]    bad NACK, bigger than ACK (nack 15 ack 22) (tx_next_ack 16 tx_next 39)
[0m[1;31m[RLC]    error decoding control PDU, discarding
[0m[1;31m[RLC]    bad NACK, bigger than ACK (nack 15 ack 22) (tx_next_ack 16 tx_next 39)
[0m[1;31m[RLC]    error decoding control PDU, discarding
[0m[1;31m[RLC]    bad NACK, bigger than ACK (nack 15 ack 22) (tx_next_ack 16 tx_next 39)
[0m[1;31m[RLC]    error decoding control PDU, discarding
[0m[1;31m[RLC]    bad NACK, bigger than ACK (nack 15 ack 22) (tx_next_ack 16 tx_next 39)
[0m[1;31m[RLC]    error decoding control PDU, discarding
[0m[1;31m[RLC]    bad NACK, bigger than ACK (nack 15 ack 18) (tx_next_ack 16 tx_next 39)
[0m[1;31m[RLC]    error decoding control PDU, discarding
[0m[1;31m[RLC]    bad NACK, bigger than ACK (nack 15 ack 22) (tx_next_ack 16 tx_next 39)
[0m[1;31m[RLC]    error decoding control PDU, discarding
[0m[1;31m[RLC]    bad NACK, bigger than ACK (nack 15 ack 22) (tx_next_ack 16 tx_next 39)
[0m[1;31m[RLC]    error decoding control PDU, discarding
[0m[1;31m[RLC]    bad NACK, bigger than ACK (nack 15 ack 22) (tx_next_ack 16 tx_next 39)
[0m[1;31m[RLC]    error decoding control PDU, discarding
[0m[1;31m[RLC]    bad NACK, bigger than ACK (nack 15 ack 22) (tx_next_ack 16 tx_next 39)
[0m[1;31m[RLC]    error decoding control PDU, discarding
[0m[1;31m[RLC]    bad NACK, bigger than ACK (nack 15 ack 22) (tx_next_ack 16 tx_next 39)
[0m[1;31m[RLC]    error decoding control PDU, discarding
[0m[1;31m[RLC]    bad NACK, bigger than ACK (nack 15 ack 22) (tx_next_ack 16 tx_next 39)
[0m[1;31m[RLC]    error decoding control PDU, discarding
[0m[1;31m[RLC]    bad NACK, bigger than ACK (nack 15 ack 18) (tx_next_ack 16 tx_next 39)
[0m[1;31m[RLC]    error decoding control PDU, discarding
[0m[1;31m[RLC]    bad NACK, bigger than ACK (nack 15 ack 22) (tx_next_ack 16 tx_next 39)
[0m[1;31m[RLC]    error decoding control PDU, discarding
[0m[1;31m[RLC]    bad NACK, bigger than ACK (nack 15 ack 22) (tx_next_ack 16 tx_next 39)
[0m[1;31m[RLC]    error decoding control PDU, discarding
[0m[1;31m[RLC]    bad NACK, bigger than ACK (nack 15 ack 22) (tx_next_ack 16 tx_next 39)
[0m[1;31m[RLC]    error decoding control PDU, discarding
[0m[1;31m[RLC]    bad NACK, bigger than ACK (nack 15 ack 22) (tx_next_ack 16 tx_next 39)
[0m[1;31m[RLC]    error decoding control PDU, discarding
[0m[1;31m[RLC]    bad NACK, bigger than ACK (nack 15 ack 18) (tx_next_ack 16 tx_next 39)
[0m[1;31m[RLC]    error decoding control PDU, discarding
[0m[1;31m[RLC]    bad NACK, bigger than ACK (nack 15 ack 22) (tx_next_ack 16 tx_next 39)
[0m[1;31m[RLC]    error decoding control PDU, discarding
[0m[1;31m[RLC]    bad NACK, bigger than ACK (nack 15 ack 22) (tx_next_ack 16 tx_next 39)
[0m[1;31m[RLC]    error decoding control PDU, discarding
[0m[1;31m[RLC]    bad NACK, bigger than ACK (nack 15 ack 22) (tx_next_ack 16 tx_next 39)
[0m[1;31m[RLC]    error decoding control PDU, discarding
[0m[1;31m[RLC]    bad NACK, bigger than ACK (nack 15 ack 22) (tx_next_ack 16 tx_next 39)
[0m[1;31m[RLC]    error decoding control PDU, discarding
[0m[NR_MAC] UE 0 RNTI 5e5d stats sfn: 512.4, cumulated bad DCI 0
    DL harq: 1655/137/11/1
    UL harq: 4694/4574/3215/1155 avg code rate 0.1, avg bit/symbol 2.0, avg per TB: (nb RBs 5.0, nb symbols 13.0)
[0m[1;31m[RLC]    bad NACK, bigger than ACK (nack 15 ack 18) (tx_next_ack 16 tx_next 39)
[0m[1;31m[RLC]    error decoding control PDU, discarding
[0m[1;31m[RLC]    bad NACK, bigger than ACK (nack 15 ack 22) (tx_next_ack 16 tx_next 39)
[0m[1;31m[RLC]    error decoding control PDU, discarding
[0m[1;31m[RLC]    bad NACK, bigger than ACK (nack 15 ack 22) (tx_next_ack 16 tx_next 39)
[0m[1;31m[RLC]    error decoding control PDU, discarding
[0m[1;31m[RLC]    bad NACK, bigger than ACK (nack 15 ack 22) (tx_next_ack 16 tx_next 39)
[0m[1;31m[RLC]    error decoding control PDU, discarding
[0m[1;31m[RLC]    bad NACK, bigger than ACK (nack 15 ack 22) (tx_next_ack 16 tx_next 39)
[0m[1;31m[RLC]    error decoding control PDU, discarding
[0m[1;31m[RLC]    bad NACK, bigger than ACK (nack 15 ack 18) (tx_next_ack 16 tx_next 39)
[0m[1;31m[RLC]    error decoding control PDU, discarding
[0m[1;31m[RLC]    bad NACK, bigger than ACK (nack 15 ack 22) (tx_next_ack 16 tx_next 39)
[0m[1;31m[RLC]    error decoding control PDU, discarding
[0m[1;31m[RLC]    bad NACK, bigger than ACK (nack 15 ack 22) (tx_next_ack 16 tx_next 39)
[0m[1;31m[RLC]    error decoding control PDU, discarding
[0m[1;31m[RLC]    bad NACK, bigger than ACK (nack 15 ack 22) (tx_next_ack 16 tx_next 39)
[0m[1;31m[RLC]    error decoding control PDU, discarding
[0m[1;31m[RLC]    bad NACK, bigger than ACK (nack 15 ack 22) (tx_next_ack 16 tx_next 39)
[0m[1;31m[RLC]    error decoding control PDU, discarding
[0m[NR_MAC] [532.1] Received TA_COMMAND 30 TAGID 0 CC_id 0 
[0m[1;31m[RLC]    bad NACK, bigger than ACK (nack 15 ack 22) (tx_next_ack 16 tx_next 39)
[0m[1;31m[RLC]    error decoding control PDU, discarding
[0m[1;31m[RLC]    bad NACK, bigger than ACK (nack 15 ack 22) (tx_next_ack 16 tx_next 39)
[0m[1;31m[RLC]    error decoding control PDU, discarding
[0m[1;31m[RLC]    bad NACK, bigger than ACK (nack 15 ack 18) (tx_next_ack 16 tx_next 39)
[0m[1;31m[RLC]    error decoding control PDU, discarding
[0m[1;31m[RLC]    bad NACK, bigger than ACK (nack 15 ack 22) (tx_next_ack 16 tx_next 39)
[0m[1;31m[RLC]    error decoding control PDU, discarding
[0m[1;31m[RLC]    bad NACK, bigger than ACK (nack 15 ack 22) (tx_next_ack 16 tx_next 39)
[0m[1;31m[RLC]    error decoding control PDU, discarding
[0m[1;31m[RLC]    bad NACK, bigger than ACK (nack 15 ack 22) (tx_next_ack 16 tx_next 39)
[0m[1;31m[RLC]    error decoding control PDU, discarding
[0m[1;31m[RLC]    bad NACK, bigger than ACK (nack 15 ack 22) (tx_next_ack 16 tx_next 39)
[0m[1;31m[RLC]    error decoding control PDU, discarding
[0m[1;31m[RLC]    bad NACK, bigger than ACK (nack 15 ack 18) (tx_next_ack 16 tx_next 39)
[0m[1;31m[RLC]    error decoding control PDU, discarding
[0m[1;31m[RLC]    bad NACK, bigger than ACK (nack 15 ack 22) (tx_next_ack 16 tx_next 39)
[0m[1;31m[RLC]    error decoding control PDU, discarding
[0m[1;31m[RLC]    bad NACK, bigger than ACK (nack 15 ack 18) (tx_next_ack 16 tx_next 39)
[0m[1;31m[RLC]    error decoding control PDU, discarding
[0m[1;31m[RLC]    bad NACK, bigger than ACK (nack 15 ack 22) (tx_next_ack 16 tx_next 40)
[0m[1;31m[RLC]    error decoding control PDU, discarding
[0m[1;31m[RLC]    bad NACK, bigger than ACK (nack 15 ack 22) (tx_next_ack 16 tx_next 40)
[0m[1;31m[RLC]    error decoding control PDU, discarding
[0m[1;31m[RLC]    bad NACK, bigger than ACK (nack 15 ack 22) (tx_next_ack 16 tx_next 40)
[0m[1;31m[RLC]    error decoding control PDU, discarding
[0m[1;31m[RLC]    bad NACK, bigger than ACK (nack 15 ack 22) (tx_next_ack 16 tx_next 40)
[0m[1;31m[RLC]    error decoding control PDU, discarding
[0m[1;31m[RLC]    bad NACK, bigger than ACK (nack 15 ack 18) (tx_next_ack 16 tx_next 40)
[0m[1;31m[RLC]    error decoding control PDU, discarding
[0m[1;31m[RLC]    bad NACK, bigger than ACK (nack 15 ack 22) (tx_next_ack 16 tx_next 40)
[0m[1;31m[RLC]    error decoding control PDU, discarding
[0m[1;31m[RLC]    bad NACK, bigger than ACK (nack 15 ack 22) (tx_next_ack 16 tx_next 40)
[0m[1;31m[RLC]    error decoding control PDU, discarding
[0m[1;31m[RLC]    bad NACK, bigger than ACK (nack 15 ack 22) (tx_next_ack 16 tx_next 40)
[0m[1;31m[RLC]    error decoding control PDU, discarding
[0m[1;31m[RLC]    bad NACK, bigger than ACK (nack 15 ack 18) (tx_next_ack 16 tx_next 40)
[0m[1;31m[RLC]    error decoding control PDU, discarding
[0m[1;31m[RLC]    bad NACK, bigger than ACK (nack 15 ack 21) (tx_next_ack 16 tx_next 40)
[0m[1;31m[RLC]    error decoding control PDU, discarding
[0m[1;31m[RLC]    bad NACK, bigger than ACK (nack 15 ack 21) (tx_next_ack 16 tx_next 40)
[0m[1;31m[RLC]    error decoding control PDU, discarding
[0m[1;31m[RLC]    bad NACK, bigger than ACK (nack 15 ack 21) (tx_next_ack 16 tx_next 40)
[0m[1;31m[RLC]    error decoding control PDU, discarding
[0m[1;31m[RLC]    647 SDU rejected, SDU buffer full
[0m[1;31m[RLC]    bad NACK, bigger than ACK (nack 15 ack 21) (tx_next_ack 16 tx_next 40)
[0m[1;31m[RLC]    error decoding control PDU, discarding
[0m[1;31m[RLC]    bad NACK, bigger than ACK (nack 15 ack 21) (tx_next_ack 16 tx_next 40)
[0m[1;31m[RLC]    error decoding control PDU, discarding
[0m[1;31m[RLC]    bad NACK, bigger than ACK (nack 15 ack 21) (tx_next_ack 16 tx_next 40)
[0m[1;31m[RLC]    error decoding control PDU, discarding
[0m[1;31m[RLC]    bad NACK, bigger than ACK (nack 15 ack 21) (tx_next_ack 16 tx_next 40)
[0m[1;31m[RLC]    error decoding control PDU, discarding
[0m[1;31m[RLC]    bad NACK, bigger than ACK (nack 15 ack 21) (tx_next_ack 16 tx_next 40)
[0m[1;31m[RLC]    error decoding control PDU, discarding
[0m[1;31m[RLC]    bad NACK, bigger than ACK (nack 15 ack 17) (tx_next_ack 16 tx_next 40)
[0m[1;31m[RLC]    error decoding control PDU, discarding
[0m[1;31m[RLC]    bad NACK, bigger than ACK (nack 15 ack 21) (tx_next_ack 16 tx_next 40)
[0m[1;31m[RLC]    error decoding control PDU, discarding
[0m[1;31m[RLC]    bad NACK, bigger than ACK (nack 15 ack 21) (tx_next_ack 16 tx_next 40)
[0m[1;31m[RLC]    error decoding control PDU, discarding
[0m[1;31m[RLC]    bad NACK, bigger than ACK (nack 15 ack 21) (tx_next_ack 16 tx_next 40)
[0m[1;31m[RLC]    error decoding control PDU, discarding
[0m[1;31m[RLC]    bad NACK, bigger than ACK (nack 15 ack 21) (tx_next_ack 16 tx_next 40)
[0m[1;31m[RLC]    error decoding control PDU, discarding
[0m[1;31m[RLC]    bad NACK, bigger than ACK (nack 15 ack 20) (tx_next_ack 16 tx_next 40)
[0m[1;31m[RLC]    error decoding control PDU, discarding
[0m[1;31m[RLC]    bad NACK, bigger than ACK (nack 15 ack 17) (tx_next_ack 16 tx_next 40)
[0m[1;31m[RLC]    error decoding control PDU, discarding
[0m[1;31m[RLC]    bad NACK, bigger than ACK (nack 15 ack 20) (tx_next_ack 16 tx_next 40)
[0m[1;31m[RLC]    error decoding control PDU, discarding
[0m[1;31m[RLC]    bad NACK, bigger than ACK (nack 15 ack 20) (tx_next_ack 16 tx_next 40)
[0m[1;31m[RLC]    error decoding control PDU, discarding
[0m[1;31m[RLC]    bad NACK, bigger than ACK (nack 15 ack 20) (tx_next_ack 16 tx_next 40)
[0m[1;31m[RLC]    error decoding control PDU, discarding
[0m[1;31m[RLC]    bad NACK, bigger than ACK (nack 15 ack 20) (tx_next_ack 16 tx_next 40)
[0m[1;31m[RLC]    error decoding control PDU, discarding
[0m[1;31m[RLC]    bad NACK, bigger than ACK (nack 15 ack 20) (tx_next_ack 16 tx_next 40)
[0m[1;31m[RLC]    error decoding control PDU, discarding
[0m[1;31m[RLC]    bad NACK, bigger than ACK (nack 15 ack 17) (tx_next_ack 16 tx_next 40)
[0m[1;31m[RLC]    error decoding control PDU, discarding
[0m[1;31m[RLC]    bad NACK, bigger than ACK (nack 15 ack 20) (tx_next_ack 16 tx_next 40)
[0m[1;31m[RLC]    error decoding control PDU, discarding
[0m[1;31m[RLC]    bad NACK, bigger than ACK (nack 15 ack 20) (tx_next_ack 16 tx_next 40)
[0m[1;31m[RLC]    error decoding control PDU, discarding
[0m[1;31m[RLC]    bad NACK, bigger than ACK (nack 15 ack 20) (tx_next_ack 16 tx_next 40)
[0m[1;31m[RLC]    error decoding control PDU, discarding
[0m[1;31m[RLC]    bad NACK, bigger than ACK (nack 15 ack 20) (tx_next_ack 16 tx_next 40)
[0m[1;31m[RLC]    error decoding control PDU, discarding
[0m[1;31m[RLC]    bad NACK, bigger than ACK (nack 15 ack 17) (tx_next_ack 16 tx_next 40)
[0m[1;31m[RLC]    error decoding control PDU, discarding
[0m[1;31m[RLC]    bad NACK, bigger than ACK (nack 15 ack 20) (tx_next_ack 16 tx_next 40)
[0m[1;31m[RLC]    error decoding control PDU, discarding
[0m[1;31m[RLC]    bad NACK, bigger than ACK (nack 15 ack 20) (tx_next_ack 16 tx_next 40)
[0m[1;31m[RLC]    error decoding control PDU, discarding
[0m[1;31m[RLC]    bad NACK, bigger than ACK (nack 15 ack 20) (tx_next_ack 16 tx_next 40)
[0m[1;31m[RLC]    error decoding control PDU, discarding
[0m[1;31m[RLC]    bad NACK, bigger than ACK (nack 15 ack 20) (tx_next_ack 16 tx_next 40)
[0m[1;31m[RLC]    error decoding control PDU, discarding
[0m[1;31m[RLC]    bad NACK, bigger than ACK (nack 15 ack 17) (tx_next_ack 16 tx_next 40)
[0m[1;31m[RLC]    error decoding control PDU, discarding
[0m[1;31m[RLC]    bad NACK, bigger than ACK (nack 15 ack 20) (tx_next_ack 16 tx_next 40)
[0m[1;31m[RLC]    error decoding control PDU, discarding
[0m[1;31m[RLC]    bad NACK, bigger than ACK (nack 15 ack 20) (tx_next_ack 16 tx_next 40)
[0m[1;31m[RLC]    error decoding control PDU, discarding
[0m[1;31m[RLC]    bad NACK, bigger than ACK (nack 15 ack 20) (tx_next_ack 16 tx_next 40)
[0m[1;31m[RLC]    error decoding control PDU, discarding
[0m[1;31m[RLC]    bad NACK, bigger than ACK (nack 15 ack 20) (tx_next_ack 16 tx_next 40)
[0m[1;31m[RLC]    error decoding control PDU, discarding
[0m[1;31m[RLC]    bad NACK, bigger than ACK (nack 15 ack 20) (tx_next_ack 16 tx_next 40)
[0m[1;31m[RLC]    error decoding control PDU, discarding
[0m[1;31m[RLC]    bad NACK, bigger than ACK (nack 15 ack 20) (tx_next_ack 16 tx_next 40)
[0m[1;31m[RLC]    error decoding control PDU, discarding
[0m[1;31m[RLC]    bad NACK, bigger than ACK (nack 15 ack 17) (tx_next_ack 16 tx_next 40)
[0m[1;31m[RLC]    error decoding control PDU, discarding
[0m[1;31m[RLC]    bad NACK, bigger than ACK (nack 15 ack 20) (tx_next_ack 16 tx_next 40)
[0m[1;31m[RLC]    error decoding control PDU, discarding
[0m[NR_MAC] [632.1] Received TA_COMMAND 32 TAGID 0 CC_id 0 
[0m[1;31m[RLC]    bad NACK, bigger than ACK (nack 15 ack 20) (tx_next_ack 16 tx_next 40)
[0m[1;31m[RLC]    error decoding control PDU, discarding
[0m[1;31m[RLC]    bad NACK, bigger than ACK (nack 15 ack 20) (tx_next_ack 16 tx_next 40)
[0m[1;31m[RLC]    error decoding control PDU, discarding
[0m[1;31m[RLC]    bad NACK, bigger than ACK (nack 15 ack 20) (tx_next_ack 16 tx_next 40)
[0m[1;31m[RLC]    error decoding control PDU, discarding
[0m[1;31m[RLC]    bad NACK, bigger than ACK (nack 15 ack 20) (tx_next_ack 16 tx_next 40)
[0m[1;31m[RLC]    error decoding control PDU, discarding
[0m[1;31m[RLC]    bad NACK, bigger than ACK (nack 15 ack 17) (tx_next_ack 16 tx_next 40)
[0m[1;31m[RLC]    error decoding control PDU, discarding
[0m[NR_MAC] UE 0 RNTI 5e5d stats sfn: 640.4, cumulated bad DCI 0
    DL harq: 1731/148/13/1
    UL harq: 4883/4756/3311/1200 avg code rate 0.1, avg bit/symbol 2.0, avg per TB: (nb RBs 5.0, nb symbols 13.0)
[0m[1;31m[RLC]    bad NACK, bigger than ACK (nack 15 ack 20) (tx_next_ack 16 tx_next 40)
[0m[1;31m[RLC]    error decoding control PDU, discarding
[0m[1;31m[RLC]    bad NACK, bigger than ACK (nack 15 ack 20) (tx_next_ack 16 tx_next 40)
[0m[1;31m[RLC]    error decoding control PDU, discarding
[0m[1;31m[RLC]    bad NACK, bigger than ACK (nack 15 ack 20) (tx_next_ack 16 tx_next 40)
[0m[1;31m[RLC]    error decoding control PDU, discarding
[0m[1;31m[RLC]    bad NACK, bigger than ACK (nack 15 ack 20) (tx_next_ack 16 tx_next 40)
[0m[1;31m[RLC]    error decoding control PDU, discarding
[0m[1;31m[RLC]    bad NACK, bigger than ACK (nack 15 ack 17) (tx_next_ack 16 tx_next 40)
[0m[1;31m[RLC]    error decoding control PDU, discarding
[0m[1;31m[RLC]    bad NACK, bigger than ACK (nack 15 ack 20) (tx_next_ack 16 tx_next 40)
[0m[1;31m[RLC]    error decoding control PDU, discarding
[0m[1;31m[RLC]    bad NACK, bigger than ACK (nack 15 ack 20) (tx_next_ack 16 tx_next 40)
[0m[1;31m[RLC]    error decoding control PDU, discarding
[0m[1;31m[RLC]    bad NACK, bigger than ACK (nack 15 ack 20) (tx_next_ack 16 tx_next 41)
[0m[1;31m[RLC]    error decoding control PDU, discarding
[0m[1;31m[RLC]    bad NACK, bigger than ACK (nack 15 ack 20) (tx_next_ack 16 tx_next 41)
[0m[1;31m[RLC]    error decoding control PDU, discarding
[0m[1;31m[RLC]    bad NACK, bigger than ACK (nack 15 ack 17) (tx_next_ack 16 tx_next 41)
[0m[1;31m[RLC]    error decoding control PDU, discarding
[0m[1;31m[RLC]    bad NACK, bigger than ACK (nack 15 ack 20) (tx_next_ack 16 tx_next 41)
[0m[1;31m[RLC]    error decoding control PDU, discarding
[0m[1;31m[RLC]    bad NACK, bigger than ACK (nack 15 ack 20) (tx_next_ack 16 tx_next 41)
[0m[1;31m[RLC]    error decoding control PDU, discarding
[0m[1;31m[RLC]    bad NACK, bigger than ACK (nack 15 ack 20) (tx_next_ack 16 tx_next 41)
[0m[1;31m[RLC]    error decoding control PDU, discarding
[0m[1;31m[RLC]    bad NACK, bigger than ACK (nack 15 ack 17) (tx_next_ack 16 tx_next 41)
[0m[1;31m[RLC]    error decoding control PDU, discarding
[0m[1;31m[RLC]    bad NACK, bigger than ACK (nack 15 ack 20) (tx_next_ack 16 tx_next 41)
[0m[1;31m[RLC]    error decoding control PDU, discarding
[0m[1;31m[RLC]    bad NACK, bigger than ACK (nack 15 ack 20) (tx_next_ack 16 tx_next 41)
[0m[1;31m[RLC]    error decoding control PDU, discarding
[0m[1;31m[RLC]    bad NACK, bigger than ACK (nack 15 ack 20) (tx_next_ack 16 tx_next 41)
[0m[1;31m[RLC]    error decoding control PDU, discarding
[0m[1;31m[RLC]    bad NACK, bigger than ACK (nack 15 ack 20) (tx_next_ack 16 tx_next 41)
[0m[1;31m[RLC]    error decoding control PDU, discarding
[0m[1;31m[RLC]    bad NACK, bigger than ACK (nack 15 ack 17) (tx_next_ack 16 tx_next 41)
[0m[1;31m[RLC]    error decoding control PDU, discarding
[0m[1;31m[RLC]    bad NACK, bigger than ACK (nack 15 ack 20) (tx_next_ack 16 tx_next 41)
[0m[1;31m[RLC]    error decoding control PDU, discarding
[0m[1;31m[RLC]    bad NACK, bigger than ACK (nack 15 ack 20) (tx_next_ack 16 tx_next 41)
[0m[1;31m[RLC]    error decoding control PDU, discarding
[0m[1;31m[RLC]    bad NACK, bigger than ACK (nack 15 ack 20) (tx_next_ack 16 tx_next 41)
[0m[1;31m[RLC]    error decoding control PDU, discarding
[0m[1;31m[RLC]    bad NACK, bigger than ACK (nack 15 ack 20) (tx_next_ack 16 tx_next 41)
[0m[1;31m[RLC]    error decoding control PDU, discarding
[0m[1;31m[RLC]    bad NACK, bigger than ACK (nack 15 ack 20) (tx_next_ack 16 tx_next 41)
[0m[1;31m[RLC]    error decoding control PDU, discarding
[0m[1;31m[RLC]    bad NACK, bigger than ACK (nack 15 ack 20) (tx_next_ack 16 tx_next 41)
[0m[1;31m[RLC]    error decoding control PDU, discarding
[0m[1;31m[RLC]    bad NACK, bigger than ACK (nack 15 ack 20) (tx_next_ack 16 tx_next 41)
[0m[1;31m[RLC]    error decoding control PDU, discarding
[0m[1;31m[RLC]    bad NACK, bigger than ACK (nack 15 ack 20) (tx_next_ack 16 tx_next 41)
[0m[1;31m[RLC]    error decoding control PDU, discarding
[0m[1;31m[RLC]    bad NACK, bigger than ACK (nack 15 ack 20) (tx_next_ack 16 tx_next 41)
[0m[1;31m[RLC]    error decoding control PDU, discarding
[0m[1;31m[RLC]    bad NACK, bigger than ACK (nack 15 ack 17) (tx_next_ack 16 tx_next 41)
[0m[1;31m[RLC]    error decoding control PDU, discarding
[0m[1;31m[RLC]    bad NACK, bigger than ACK (nack 15 ack 20) (tx_next_ack 16 tx_next 41)
[0m[1;31m[RLC]    error decoding control PDU, discarding
[0m[1;31m[RLC]    bad NACK, bigger than ACK (nack 15 ack 20) (tx_next_ack 16 tx_next 41)
[0m[1;31m[RLC]    error decoding control PDU, discarding
[0m[1;31m[RLC]    bad NACK, bigger than ACK (nack 15 ack 20) (tx_next_ack 16 tx_next 41)
[0m[1;31m[RLC]    error decoding control PDU, discarding
[0m[1;31m[RLC]    bad NACK, bigger than ACK (nack 15 ack 20) (tx_next_ack 16 tx_next 41)
[0m[1;31m[RLC]    error decoding control PDU, discarding
[0m[1;31m[RLC]    bad NACK, bigger than ACK (nack 15 ack 20) (tx_next_ack 16 tx_next 41)
[0m[1;31m[RLC]    error decoding control PDU, discarding
[0m[1;31m[RLC]    bad NACK, bigger than ACK (nack 15 ack 20) (tx_next_ack 16 tx_next 41)
[0m[1;31m[RLC]    error decoding control PDU, discarding
[0m[1;31m[RLC]    bad NACK, bigger than ACK (nack 15 ack 21) (tx_next_ack 16 tx_next 41)
[0m[1;31m[RLC]    error decoding control PDU, discarding
[0m[1;31m[RLC]    bad NACK, bigger than ACK (nack 15 ack 17) (tx_next_ack 16 tx_next 41)
[0m[1;31m[RLC]    error decoding control PDU, discarding
[0m[1;31m[RLC]    bad NACK, bigger than ACK (nack 15 ack 21) (tx_next_ack 16 tx_next 41)
[0m[1;31m[RLC]    error decoding control PDU, discarding
[0m[1;31m[RLC]    bad NACK, bigger than ACK (nack 15 ack 21) (tx_next_ack 16 tx_next 41)
[0m[1;31m[RLC]    error decoding control PDU, discarding
[0m[1;31m[RLC]    bad NACK, bigger than ACK (nack 15 ack 21) (tx_next_ack 16 tx_next 41)
[0m[1;31m[RLC]    error decoding control PDU, discarding
[0m[1;31m[RLC]    bad NACK, bigger than ACK (nack 15 ack 21) (tx_next_ack 16 tx_next 41)
[0m[1;31m[RLC]    error decoding control PDU, discarding
[0m[1;31m[RLC]    bad NACK, bigger than ACK (nack 15 ack 21) (tx_next_ack 16 tx_next 41)
[0m[1;31m[RLC]    error decoding control PDU, discarding
[0m[1;31m[RLC]    bad NACK, bigger than ACK (nack 15 ack 21) (tx_next_ack 16 tx_next 41)
[0m[1;31m[RLC]    error decoding control PDU, discarding
[0m[1;31m[RLC]    bad NACK, bigger than ACK (nack 15 ack 17) (tx_next_ack 16 tx_next 41)
[0m[1;31m[RLC]    error decoding control PDU, discarding
[0m[1;31m[RLC]    bad NACK, bigger than ACK (nack 15 ack 21) (tx_next_ack 16 tx_next 41)
[0m[1;31m[RLC]    error decoding control PDU, discarding
[0m[1;31m[RLC]    bad NACK, bigger than ACK (nack 15 ack 21) (tx_next_ack 16 tx_next 41)
[0m[1;31m[RLC]    error decoding control PDU, discarding
[0m[1;31m[RLC]    bad NACK, bigger than ACK (nack 15 ack 22) (tx_next_ack 16 tx_next 41)
[0m[1;31m[RLC]    error decoding control PDU, discarding
[0m[1;31m[RLC]    bad NACK, bigger than ACK (nack 15 ack 22) (tx_next_ack 16 tx_next 41)
[0m[1;31m[RLC]    error decoding control PDU, discarding
[0m[1;31m[RLC]    bad NACK, bigger than ACK (nack 15 ack 22) (tx_next_ack 16 tx_next 41)
[0m[1;31m[RLC]    error decoding control PDU, discarding
[0m[1;31m[RLC]    bad NACK, bigger than ACK (nack 15 ack 22) (tx_next_ack 16 tx_next 41)
[0m[1;31m[RLC]    error decoding control PDU, discarding
[0m[1;31m[RLC]    bad NACK, bigger than ACK (nack 15 ack 22) (tx_next_ack 16 tx_next 41)
[0m[1;31m[RLC]    error decoding control PDU, discarding
[0m[1;31m[RLC]    bad NACK, bigger than ACK (nack 15 ack 22) (tx_next_ack 16 tx_next 41)
[0m[1;31m[RLC]    error decoding control PDU, discarding
[0m[1;31m[RLC]    bad NACK, bigger than ACK (nack 15 ack 22) (tx_next_ack 16 tx_next 41)
[0m[1;31m[RLC]    error decoding control PDU, discarding
[0m[1;31m[RLC]    bad NACK, bigger than ACK (nack 15 ack 22) (tx_next_ack 16 tx_next 41)
[0m[1;31m[RLC]    error decoding control PDU, discarding
[0m[1;31m[RLC]    bad NACK, bigger than ACK (nack 15 ack 22) (tx_next_ack 16 tx_next 41)
[0m[1;31m[RLC]    error decoding control PDU, discarding
[0m[1;31m[RLC]    bad NACK, bigger than ACK (nack 15 ack 18) (tx_next_ack 16 tx_next 41)
[0m[1;31m[RLC]    error decoding control PDU, discarding
[0m[1;31m[RLC]    bad NACK, bigger than ACK (nack 15 ack 22) (tx_next_ack 16 tx_next 41)
[0m[1;31m[RLC]    error decoding control PDU, discarding
[0m[1;31m[RLC]    bad NACK, bigger than ACK (nack 15 ack 22) (tx_next_ack 16 tx_next 41)
[0m[1;31m[RLC]    error decoding control PDU, discarding
[0m[1;31m[RLC]    bad NACK, bigger than ACK (nack 15 ack 22) (tx_next_ack 16 tx_next 41)
[0m[1;31m[RLC]    error decoding control PDU, discarding
[0m[1;31m[RLC]    bad NACK, bigger than ACK (nack 15 ack 18) (tx_next_ack 16 tx_next 41)
[0m[1;31m[RLC]    error decoding control PDU, discarding
[0m[1;31m[RLC]    bad NACK, bigger than ACK (nack 15 ack 22) (tx_next_ack 16 tx_next 41)
[0m[1;31m[RLC]    error decoding control PDU, discarding
[0m[1;31m[RLC]    bad NACK, bigger than ACK (nack 15 ack 22) (tx_next_ack 16 tx_next 41)
[0m[1;31m[RLC]    error decoding control PDU, discarding
[0m[1;31m[RLC]    bad NACK, bigger than ACK (nack 15 ack 22) (tx_next_ack 16 tx_next 41)
[0m[1;31m[RLC]    error decoding control PDU, discarding
[0m[1;31m[RLC]    bad NACK, bigger than ACK (nack 15 ack 22) (tx_next_ack 16 tx_next 41)
[0m[1;31m[RLC]    error decoding control PDU, discarding
[0m[1;31m[RLC]    bad NACK, bigger than ACK (nack 15 ack 18) (tx_next_ack 16 tx_next 42)
[0m[1;31m[RLC]    error decoding control PDU, discarding
[0m[1;31m[RLC]    bad NACK, bigger than ACK (nack 15 ack 22) (tx_next_ack 16 tx_next 42)
[0m[1;31m[RLC]    error decoding control PDU, discarding
[0m[1;31m[RLC]    bad NACK, bigger than ACK (nack 15 ack 18) (tx_next_ack 16 tx_next 42)
[0m[1;31m[RLC]    error decoding control PDU, discarding
[0m[1;31m[RLC]    bad NACK, bigger than ACK (nack 15 ack 22) (tx_next_ack 16 tx_next 42)
[0m[1;31m[RLC]    error decoding control PDU, discarding
[0m[NR_MAC] UE 0 RNTI 5e5d stats sfn: 768.4, cumulated bad DCI 0
    DL harq: 1801/159/13/1
    UL harq: 5061/4924/3429/1248 avg code rate 0.1, avg bit/symbol 2.0, avg per TB: (nb RBs 5.0, nb symbols 13.0)
[0m[1;31m[RLC]    bad NACK, bigger than ACK (nack 15 ack 22) (tx_next_ack 16 tx_next 42)
[0m[1;31m[RLC]    error decoding control PDU, discarding
[0m[1;31m[RLC]    bad NACK, bigger than ACK (nack 15 ack 22) (tx_next_ack 16 tx_next 42)
[0m[1;31m[RLC]    error decoding control PDU, discarding
[0m[1;31m[RLC]    bad NACK, bigger than ACK (nack 15 ack 22) (tx_next_ack 16 tx_next 42)
[0m[1;31m[RLC]    error decoding control PDU, discarding
[0m[1;31m[RLC]    bad NACK, bigger than ACK (nack 15 ack 22) (tx_next_ack 16 tx_next 42)
[0m[1;31m[RLC]    error decoding control PDU, discarding
[0m[1;31m[RLC]    bad NACK, bigger than ACK (nack 15 ack 17) (tx_next_ack 16 tx_next 42)
[0m[1;31m[RLC]    error decoding control PDU, discarding
[0m[1;31m[RLC]    bad NACK, bigger than ACK (nack 15 ack 21) (tx_next_ack 16 tx_next 42)
[0m[1;31m[RLC]    error decoding control PDU, discarding
[0m[1;31m[RLC]    bad NACK, bigger than ACK (nack 15 ack 21) (tx_next_ack 16 tx_next 42)
[0m[1;31m[RLC]    error decoding control PDU, discarding
[0m[1;31m[RLC]    bad NACK, bigger than ACK (nack 15 ack 21) (tx_next_ack 16 tx_next 42)
[0m[1;31m[RLC]    error decoding control PDU, discarding
[0m[1;31m[RLC]    bad NACK, bigger than ACK (nack 15 ack 21) (tx_next_ack 16 tx_next 42)
[0m[1;31m[RLC]    error decoding control PDU, discarding
[0m[1;31m[RLC]    bad NACK, bigger than ACK (nack 15 ack 21) (tx_next_ack 16 tx_next 42)
[0m[1;31m[RLC]    error decoding control PDU, discarding
[0m[1;31m[RLC]    bad NACK, bigger than ACK (nack 15 ack 21) (tx_next_ack 16 tx_next 42)
[0m[1;31m[RLC]    error decoding control PDU, discarding
[0m[1;31m[RLC]    bad NACK, bigger than ACK (nack 15 ack 21) (tx_next_ack 16 tx_next 42)
[0m[1;31m[RLC]    error decoding control PDU, discarding
[0m[1;31m[RLC]    bad NACK, bigger than ACK (nack 15 ack 21) (tx_next_ack 16 tx_next 42)
[0m[1;31m[RLC]    error decoding control PDU, discarding
[0m[1;31m[RLC]    bad NACK, bigger than ACK (nack 15 ack 17) (tx_next_ack 16 tx_next 42)
[0m[1;31m[RLC]    error decoding control PDU, discarding
[0m[1;31m[RLC]    bad NACK, bigger than ACK (nack 15 ack 21) (tx_next_ack 16 tx_next 42)
[0m[1;31m[RLC]    error decoding control PDU, discarding
[0m[1;31m[RLC]    bad NACK, bigger than ACK (nack 15 ack 21) (tx_next_ack 16 tx_next 42)
[0m[1;31m[RLC]    error decoding control PDU, discarding
[0m[1;31m[RLC]    bad NACK, bigger than ACK (nack 15 ack 17) (tx_next_ack 16 tx_next 42)
[0m[1;31m[RLC]    error decoding control PDU, discarding
[0m[1;31m[RLC]    bad NACK, bigger than ACK (nack 15 ack 20) (tx_next_ack 16 tx_next 42)
[0m[1;31m[RLC]    error decoding control PDU, discarding
[0m[1;31m[RLC]    bad NACK, bigger than ACK (nack 15 ack 20) (tx_next_ack 16 tx_next 42)
[0m[1;31m[RLC]    error decoding control PDU, discarding
[0m[1;31m[RLC]    bad NACK, bigger than ACK (nack 15 ack 17) (tx_next_ack 16 tx_next 42)
[0m[1;31m[RLC]    error decoding control PDU, discarding
[0m[1;31m[RLC]    bad NACK, bigger than ACK (nack 15 ack 20) (tx_next_ack 16 tx_next 42)
[0m[1;31m[RLC]    error decoding control PDU, discarding
[0m[1;31m[RLC]    bad NACK, bigger than ACK (nack 15 ack 20) (tx_next_ack 16 tx_next 42)
[0m[1;31m[RLC]    error decoding control PDU, discarding
[0m[1;31m[RLC]    bad NACK, bigger than ACK (nack 15 ack 20) (tx_next_ack 16 tx_next 42)
[0m[1;31m[RLC]    error decoding control PDU, discarding
[0m[1;31m[RLC]    bad NACK, bigger than ACK (nack 15 ack 20) (tx_next_ack 16 tx_next 42)
[0m[1;31m[RLC]    error decoding control PDU, discarding
[0m[1;31m[RLC]    bad NACK, bigger than ACK (nack 15 ack 20) (tx_next_ack 16 tx_next 42)
[0m[1;31m[RLC]    error decoding control PDU, discarding
[0m[1;31m[RLC]    bad NACK, bigger than ACK (nack 15 ack 17) (tx_next_ack 16 tx_next 42)
[0m[1;31m[RLC]    error decoding control PDU, discarding
[0m[1;31m[RLC]    bad NACK, bigger than ACK (nack 15 ack 20) (tx_next_ack 16 tx_next 42)
[0m[1;31m[RLC]    error decoding control PDU, discarding
[0m[1;31m[RLC]    bad NACK, bigger than ACK (nack 15 ack 20) (tx_next_ack 16 tx_next 42)
[0m[1;31m[RLC]    error decoding control PDU, discarding
[0m[1;31m[RLC]    bad NACK, bigger than ACK (nack 15 ack 20) (tx_next_ack 16 tx_next 42)
[0m[1;31m[RLC]    error decoding control PDU, discarding
[0m[1;31m[RLC]    bad NACK, bigger than ACK (nack 15 ack 20) (tx_next_ack 16 tx_next 42)
[0m[1;31m[RLC]    error decoding control PDU, discarding
[0m[1;31m[RLC]    bad NACK, bigger than ACK (nack 15 ack 20) (tx_next_ack 16 tx_next 42)
[0m[1;31m[RLC]    error decoding control PDU, discarding
[0m[1;31m[RLC]    bad NACK, bigger than ACK (nack 15 ack 17) (tx_next_ack 16 tx_next 42)
[0m[1;31m[RLC]    error decoding control PDU, discarding
[0m[1;31m[RLC]    bad NACK, bigger than ACK (nack 15 ack 20) (tx_next_ack 16 tx_next 42)
[0m[1;31m[RLC]    error decoding control PDU, discarding
[0m[1;31m[RLC]    bad NACK, bigger than ACK (nack 15 ack 20) (tx_next_ack 16 tx_next 42)
[0m[1;31m[RLC]    error decoding control PDU, discarding
[0m[1;31m[RLC]    bad NACK, bigger than ACK (nack 15 ack 20) (tx_next_ack 16 tx_next 42)
[0m[1;31m[RLC]    error decoding control PDU, discarding
[0m[1;31m[RLC]    bad NACK, bigger than ACK (nack 15 ack 20) (tx_next_ack 16 tx_next 42)
[0m[1;31m[RLC]    error decoding control PDU, discarding
[0m[1;31m[RLC]    bad NACK, bigger than ACK (nack 15 ack 20) (tx_next_ack 16 tx_next 42)
[0m[1;31m[RLC]    error decoding control PDU, discarding
[0m[1;31m[RLC]    bad NACK, bigger than ACK (nack 15 ack 20) (tx_next_ack 16 tx_next 42)
[0m[1;31m[RLC]    error decoding control PDU, discarding
[0m[1;31m[RLC]    bad NACK, bigger than ACK (nack 15 ack 20) (tx_next_ack 16 tx_next 42)
[0m[1;31m[RLC]    error decoding control PDU, discarding
[0m[1;31m[RLC]    bad NACK, bigger than ACK (nack 15 ack 20) (tx_next_ack 16 tx_next 42)
[0m[1;31m[RLC]    error decoding control PDU, discarding
[0m[1;31m[RLC]    bad NACK, bigger than ACK (nack 15 ack 20) (tx_next_ack 16 tx_next 42)
[0m[1;31m[RLC]    error decoding control PDU, discarding
[0m[1;31m[RLC]    bad NACK, bigger than ACK (nack 15 ack 20) (tx_next_ack 16 tx_next 42)
[0m[1;31m[RLC]    error decoding control PDU, discarding
[0m[1;31m[RLC]    bad NACK, bigger than ACK (nack 15 ack 20) (tx_next_ack 16 tx_next 42)
[0m[1;31m[RLC]    error decoding control PDU, discarding
[0m[1;31m[RLC]    bad NACK, bigger than ACK (nack 15 ack 17) (tx_next_ack 16 tx_next 42)
[0m[1;31m[RLC]    error decoding control PDU, discarding
[0m[1;31m[RLC]    bad NACK, bigger than ACK (nack 15 ack 20) (tx_next_ack 16 tx_next 42)
[0m[1;31m[RLC]    error decoding control PDU, discarding
[0m[1;31m[RLC]    bad NACK, bigger than ACK (nack 15 ack 20) (tx_next_ack 16 tx_next 42)
[0m[1;31m[RLC]    error decoding control PDU, discarding
[0m[1;31m[RLC]    bad NACK, bigger than ACK (nack 15 ack 17) (tx_next_ack 16 tx_next 42)
[0m[1;31m[RLC]    error decoding control PDU, discarding
[0m[1;31m[RLC]    bad NACK, bigger than ACK (nack 15 ack 20) (tx_next_ack 16 tx_next 42)
[0m[1;31m[RLC]    error decoding control PDU, discarding
[0m[1;31m[RLC]    bad NACK, bigger than ACK (nack 15 ack 20) (tx_next_ack 16 tx_next 42)
[0m[1;31m[RLC]    error decoding control PDU, discarding
[0m[1;31m[RLC]    bad NACK, bigger than ACK (nack 15 ack 20) (tx_next_ack 16 tx_next 42)
[0m[1;31m[RLC]    error decoding control PDU, discarding
[0m[1;31m[RLC]    bad NACK, bigger than ACK (nack 15 ack 20) (tx_next_ack 16 tx_next 42)
[0m[1;31m[RLC]    error decoding control PDU, discarding
[0m[1;31m[RLC]    bad NACK, bigger than ACK (nack 15 ack 20) (tx_next_ack 16 tx_next 42)
[0m[1;31m[RLC]    error decoding control PDU, discarding
[0m[1;31m[RLC]    bad NACK, bigger than ACK (nack 15 ack 20) (tx_next_ack 16 tx_next 42)
[0m[1;31m[RLC]    error decoding control PDU, discarding
[0m[1;31m[RLC]    bad NACK, bigger than ACK (nack 15 ack 20) (tx_next_ack 16 tx_next 42)
[0m[1;31m[RLC]    error decoding control PDU, discarding
[0m[1;31m[RLC]    bad NACK, bigger than ACK (nack 15 ack 20) (tx_next_ack 16 tx_next 42)
[0m[1;31m[RLC]    error decoding control PDU, discarding
[0m[1;31m[RLC]    bad NACK, bigger than ACK (nack 15 ack 17) (tx_next_ack 16 tx_next 42)
[0m[1;31m[RLC]    error decoding control PDU, discarding
[0m[1;31m[RLC]    bad NACK, bigger than ACK (nack 15 ack 20) (tx_next_ack 16 tx_next 42)
[0m[1;31m[RLC]    error decoding control PDU, discarding
[0m[1;31m[RLC]    bad NACK, bigger than ACK (nack 15 ack 20) (tx_next_ack 16 tx_next 42)
[0m[1;31m[RLC]    error decoding control PDU, discarding
[0m[1;31m[RLC]    bad NACK, bigger than ACK (nack 15 ack 20) (tx_next_ack 16 tx_next 43)
[0m[1;31m[RLC]    error decoding control PDU, discarding
[0m[1;31m[RLC]    bad NACK, bigger than ACK (nack 15 ack 20) (tx_next_ack 16 tx_next 43)
[0m[1;31m[RLC]    error decoding control PDU, discarding
[0m[1;31m[RLC]    bad NACK, bigger than ACK (nack 15 ack 20) (tx_next_ack 16 tx_next 43)
[0m[1;31m[RLC]    error decoding control PDU, discarding
[0m[1;31m[RLC]    bad NACK, bigger than ACK (nack 15 ack 20) (tx_next_ack 16 tx_next 43)
[0m[1;31m[RLC]    error decoding control PDU, discarding
[0m[1;31m[RLC]    bad NACK, bigger than ACK (nack 15 ack 20) (tx_next_ack 16 tx_next 43)
[0m[1;31m[RLC]    error decoding control PDU, discarding
[0m[1;31m[RLC]    bad NACK, bigger than ACK (nack 15 ack 20) (tx_next_ack 16 tx_next 43)
[0m[1;31m[RLC]    error decoding control PDU, discarding
[0m[1;31m[RLC]    bad NACK, bigger than ACK (nack 15 ack 20) (tx_next_ack 16 tx_next 43)
[0m[1;31m[RLC]    error decoding control PDU, discarding
[0m[1;31m[RLC]    bad NACK, bigger than ACK (nack 15 ack 20) (tx_next_ack 16 tx_next 43)
[0m[1;31m[RLC]    error decoding control PDU, discarding
[0m[1;31m[RLC]    bad NACK, bigger than ACK (nack 15 ack 20) (tx_next_ack 16 tx_next 43)
[0m[1;31m[RLC]    error decoding control PDU, discarding
[0m[1;31m[RLC]    bad NACK, bigger than ACK (nack 15 ack 20) (tx_next_ack 16 tx_next 43)
[0m[1;31m[RLC]    error decoding control PDU, discarding
[0m[1;31m[RLC]    bad NACK, bigger than ACK (nack 15 ack 17) (tx_next_ack 16 tx_next 43)
[0m[1;31m[RLC]    error decoding control PDU, discarding
[0m[NR_MAC] UE 0 RNTI 5e5d stats sfn: 896.4, cumulated bad DCI 0
    DL harq: 1870/159/13/1
    UL harq: 5238/5094/3558/1284 avg code rate 0.1, avg bit/symbol 2.0, avg per TB: (nb RBs 5.0, nb symbols 13.0)
[0m[1;31m[RLC]    bad NACK, bigger than ACK (nack 15 ack 20) (tx_next_ack 16 tx_next 43)
[0m[1;31m[RLC]    error decoding control PDU, discarding
[0m[1;31m[RLC]    bad NACK, bigger than ACK (nack 15 ack 20) (tx_next_ack 16 tx_next 43)
[0m[1;31m[RLC]    error decoding control PDU, discarding
[0m[1;31m[RLC]    bad NACK, bigger than ACK (nack 15 ack 17) (tx_next_ack 16 tx_next 43)
[0m[1;31m[RLC]    error decoding control PDU, discarding
[0m[1;31m[RLC]    bad NACK, bigger than ACK (nack 15 ack 20) (tx_next_ack 16 tx_next 43)
[0m[1;31m[RLC]    error decoding control PDU, discarding
[0m[1;31m[RLC]    bad NACK, bigger than ACK (nack 15 ack 20) (tx_next_ack 16 tx_next 43)
[0m[1;31m[RLC]    error decoding control PDU, discarding
[0m[1;31m[RLC]    bad NACK, bigger than ACK (nack 15 ack 17) (tx_next_ack 16 tx_next 43)
[0m[1;31m[RLC]    error decoding control PDU, discarding
[0m[1;31m[RLC]    bad NACK, bigger than ACK (nack 15 ack 21) (tx_next_ack 16 tx_next 43)
[0m[1;31m[RLC]    error decoding control PDU, discarding
[0m[1;31m[RLC]    bad NACK, bigger than ACK (nack 15 ack 21) (tx_next_ack 16 tx_next 43)
[0m[1;31m[RLC]    error decoding control PDU, discarding
[0m[1;31m[RLC]    bad NACK, bigger than ACK (nack 15 ack 21) (tx_next_ack 16 tx_next 43)
[0m[1;31m[RLC]    error decoding control PDU, discarding
[0m[1;31m[RLC]    bad NACK, bigger than ACK (nack 15 ack 21) (tx_next_ack 16 tx_next 43)
[0m[1;31m[RLC]    error decoding control PDU, discarding
[0m[1;31m[RLC]    bad NACK, bigger than ACK (nack 15 ack 17) (tx_next_ack 16 tx_next 43)
[0m[1;31m[RLC]    error decoding control PDU, discarding
[0m[1;31m[RLC]    bad NACK, bigger than ACK (nack 15 ack 21) (tx_next_ack 16 tx_next 43)
[0m[1;31m[RLC]    error decoding control PDU, discarding
[0m[1;31m[RLC]    bad NACK, bigger than ACK (nack 15 ack 21) (tx_next_ack 16 tx_next 43)
[0m[1;31m[RLC]    error decoding control PDU, discarding
[0m[1;31m[RLC]    bad NACK, bigger than ACK (nack 15 ack 21) (tx_next_ack 16 tx_next 43)
[0m[1;31m[RLC]    error decoding control PDU, discarding
[0m[1;31m[RLC]    bad NACK, bigger than ACK (nack 15 ack 21) (tx_next_ack 16 tx_next 43)
[0m[1;31m[RLC]    error decoding control PDU, discarding
[0m[1;31m[RLC]    bad NACK, bigger than ACK (nack 15 ack 21) (tx_next_ack 16 tx_next 43)
[0m[1;31m[RLC]    error decoding control PDU, discarding
[0m[1;31m[RLC]    bad NACK, bigger than ACK (nack 15 ack 22) (tx_next_ack 16 tx_next 43)
[0m[1;31m[RLC]    error decoding control PDU, discarding
[0m[1;31m[RLC]    bad NACK, bigger than ACK (nack 15 ack 18) (tx_next_ack 16 tx_next 43)
[0m[1;31m[RLC]    error decoding control PDU, discarding
[0m[NR_MAC] [932.1] Received TA_COMMAND 30 TAGID 0 CC_id 0 
[0m[1;31m[RLC]    bad NACK, bigger than ACK (nack 15 ack 22) (tx_next_ack 16 tx_next 43)
[0m[1;31m[RLC]    error decoding control PDU, discarding
[0m[1;31m[RLC]    bad NACK, bigger than ACK (nack 15 ack 22) (tx_next_ack 16 tx_next 43)
[0m[1;31m[RLC]    error decoding control PDU, discarding
[0m[1;31m[RLC]    bad NACK, bigger than ACK (nack 15 ack 22) (tx_next_ack 16 tx_next 43)
[0m[1;31m[RLC]    error decoding control PDU, discarding
[0m[1;31m[RLC]    bad NACK, bigger than ACK (nack 15 ack 22) (tx_next_ack 16 tx_next 43)
[0m[1;31m[RLC]    error decoding control PDU, discarding
[0m[1;31m[RLC]    bad NACK, bigger than ACK (nack 15 ack 22) (tx_next_ack 16 tx_next 43)
[0m[1;31m[RLC]    error decoding control PDU, discarding
[0m[1;31m[RLC]    bad NACK, bigger than ACK (nack 15 ack 22) (tx_next_ack 16 tx_next 43)
[0m[1;31m[RLC]    error decoding control PDU, discarding
[0m[1;31m[RLC]    bad NACK, bigger than ACK (nack 15 ack 22) (tx_next_ack 16 tx_next 43)
[0m[1;31m[RLC]    error decoding control PDU, discarding
[0m[1;31m[RLC]    bad NACK, bigger than ACK (nack 15 ack 22) (tx_next_ack 16 tx_next 43)
[0m[1;31m[RLC]    error decoding control PDU, discarding
[0m[1;31m[RLC]    bad NACK, bigger than ACK (nack 15 ack 22) (tx_next_ack 16 tx_next 43)
[0m[1;31m[RLC]    error decoding control PDU, discarding
[0m[1;31m[RLC]    bad NACK, bigger than ACK (nack 15 ack 22) (tx_next_ack 16 tx_next 43)
[0m[1;31m[RLC]    error decoding control PDU, discarding
[0m[1;31m[RLC]    bad NACK, bigger than ACK (nack 15 ack 18) (tx_next_ack 16 tx_next 43)
[0m[1;31m[RLC]    error decoding control PDU, discarding
[0m[1;31m[RLC]    bad NACK, bigger than ACK (nack 15 ack 22) (tx_next_ack 16 tx_next 43)
[0m[1;31m[RLC]    error decoding control PDU, discarding
[0m[1;31m[RLC]    bad NACK, bigger than ACK (nack 15 ack 22) (tx_next_ack 16 tx_next 43)
[0m[1;31m[RLC]    error decoding control PDU, discarding
[0m[1;31m[RLC]    bad NACK, bigger than ACK (nack 15 ack 22) (tx_next_ack 16 tx_next 43)
[0m[1;31m[RLC]    error decoding control PDU, discarding
[0m[1;31m[RLC]    bad NACK, bigger than ACK (nack 15 ack 22) (tx_next_ack 16 tx_next 43)
[0m[1;31m[RLC]    error decoding control PDU, discarding
[0m[1;31m[RLC]    bad NACK, bigger than ACK (nack 15 ack 22) (tx_next_ack 16 tx_next 43)
[0m[1;31m[RLC]    error decoding control PDU, discarding
[0m[1;31m[RLC]    bad NACK, bigger than ACK (nack 15 ack 22) (tx_next_ack 16 tx_next 43)
[0m[1;31m[RLC]    error decoding control PDU, discarding
[0m[1;31m[RLC]    bad NACK, bigger than ACK (nack 15 ack 18) (tx_next_ack 16 tx_next 43)
[0m[1;31m[RLC]    error decoding control PDU, discarding
[0m[1;31m[RLC]    bad NACK, bigger than ACK (nack 15 ack 22) (tx_next_ack 16 tx_next 43)
[0m[1;31m[RLC]    error decoding control PDU, discarding
[0m[1;31m[RLC]    bad NACK, bigger than ACK (nack 15 ack 22) (tx_next_ack 16 tx_next 43)
[0m[1;31m[RLC]    error decoding control PDU, discarding
[0m[1;31m[RLC]    bad NACK, bigger than ACK (nack 15 ack 21) (tx_next_ack 16 tx_next 43)
[0m[1;31m[RLC]    error decoding control PDU, discarding
[0m[1;31m[RLC]    bad NACK, bigger than ACK (nack 15 ack 21) (tx_next_ack 16 tx_next 43)
[0m[1;31m[RLC]    error decoding control PDU, discarding
[0m[1;31m[RLC]    bad NACK, bigger than ACK (nack 15 ack 17) (tx_next_ack 16 tx_next 43)
[0m[1;31m[RLC]    error decoding control PDU, discarding
[0m[1;31m[RLC]    bad NACK, bigger than ACK (nack 15 ack 21) (tx_next_ack 16 tx_next 43)
[0m[1;31m[RLC]    error decoding control PDU, discarding
[0m[1;31m[RLC]    bad NACK, bigger than ACK (nack 15 ack 21) (tx_next_ack 16 tx_next 43)
[0m[1;31m[RLC]    error decoding control PDU, discarding
[0m[1;31m[RLC]    bad NACK, bigger than ACK (nack 15 ack 21) (tx_next_ack 16 tx_next 43)
[0m[1;31m[RLC]    error decoding control PDU, discarding
[0m[1;31m[RLC]    bad NACK, bigger than ACK (nack 15 ack 21) (tx_next_ack 16 tx_next 44)
[0m[1;31m[RLC]    error decoding control PDU, discarding
[0m[1;31m[RLC]    bad NACK, bigger than ACK (nack 15 ack 21) (tx_next_ack 16 tx_next 44)
[0m[1;31m[RLC]    error decoding control PDU, discarding
[0m[1;31m[RLC]    bad NACK, bigger than ACK (nack 15 ack 17) (tx_next_ack 16 tx_next 44)
[0m[1;31m[RLC]    error decoding control PDU, discarding
[0m[1;31m[RLC]    bad NACK, bigger than ACK (nack 15 ack 21) (tx_next_ack 16 tx_next 44)
[0m[1;31m[RLC]    error decoding control PDU, discarding
[0m[1;31m[RLC]    bad NACK, bigger than ACK (nack 15 ack 21) (tx_next_ack 16 tx_next 44)
[0m[1;31m[RLC]    error decoding control PDU, discarding
[0m[1;31m[RLC]    bad NACK, bigger than ACK (nack 15 ack 21) (tx_next_ack 16 tx_next 44)
[0m[1;31m[RLC]    error decoding control PDU, discarding
[0m[1;31m[RLC]    bad NACK, bigger than ACK (nack 15 ack 21) (tx_next_ack 16 tx_next 44)
[0m[1;31m[RLC]    error decoding control PDU, discarding
[0m[1;31m[RLC]    bad NACK, bigger than ACK (nack 15 ack 17) (tx_next_ack 16 tx_next 44)
[0m[1;31m[RLC]    error decoding control PDU, discarding
[0m[1;31m[RLC]    bad NACK, bigger than ACK (nack 15 ack 21) (tx_next_ack 16 tx_next 44)
[0m[1;31m[RLC]    error decoding control PDU, discarding
[0m[1;31m[RLC]    bad NACK, bigger than ACK (nack 15 ack 21) (tx_next_ack 16 tx_next 44)
[0m[1;31m[RLC]    error decoding control PDU, discarding
[0m[1;31m[RLC]    bad NACK, bigger than ACK (nack 15 ack 21) (tx_next_ack 16 tx_next 44)
[0m[1;31m[RLC]    error decoding control PDU, discarding
[0m[1;31m[RLC]    bad NACK, bigger than ACK (nack 15 ack 21) (tx_next_ack 16 tx_next 44)
[0m[1;31m[RLC]    error decoding control PDU, discarding
[0m[1;31m[RLC]    bad NACK, bigger than ACK (nack 15 ack 17) (tx_next_ack 16 tx_next 44)
[0m[1;31m[RLC]    error decoding control PDU, discarding
[0m[1;31m[RLC]    bad NACK, bigger than ACK (nack 15 ack 21) (tx_next_ack 16 tx_next 44)
[0m[1;31m[RLC]    error decoding control PDU, discarding
[0m[1;31m[RLC]    bad NACK, bigger than ACK (nack 15 ack 21) (tx_next_ack 16 tx_next 44)
[0m[1;31m[RLC]    error decoding control PDU, discarding
[0m[1;31m[RLC]    bad NACK, bigger than ACK (nack 15 ack 17) (tx_next_ack 16 tx_next 44)
[0m[1;31m[RLC]    error decoding control PDU, discarding
[0m[1;31m[RLC]    bad NACK, bigger than ACK (nack 15 ack 21) (tx_next_ack 16 tx_next 44)
[0m[1;31m[RLC]    error decoding control PDU, discarding
[0m[1;31m[RLC]    bad NACK, bigger than ACK (nack 15 ack 21) (tx_next_ack 16 tx_next 44)
[0m[1;31m[RLC]    error decoding control PDU, discarding
[0m[1;31m[RLC]    bad NACK, bigger than ACK (nack 15 ack 21) (tx_next_ack 16 tx_next 44)
[0m[1;31m[RLC]    error decoding control PDU, discarding
[0m[1;31m[RLC]    bad NACK, bigger than ACK (nack 15 ack 21) (tx_next_ack 16 tx_next 44)
[0m[1;31m[RLC]    error decoding control PDU, discarding
[0m[1;31m[RLC]    bad NACK, bigger than ACK (nack 15 ack 21) (tx_next_ack 16 tx_next 44)
[0m[1;31m[RLC]    error decoding control PDU, discarding
[0m[1;31m[RLC]    bad NACK, bigger than ACK (nack 15 ack 21) (tx_next_ack 16 tx_next 44)
[0m[1;31m[RLC]    error decoding control PDU, discarding
[0m[1;31m[RLC]    bad NACK, bigger than ACK (nack 15 ack 21) (tx_next_ack 16 tx_next 44)
[0m[1;31m[RLC]    error decoding control PDU, discarding
[0m[1;31m[RLC]    bad NACK, bigger than ACK (nack 15 ack 21) (tx_next_ack 16 tx_next 44)
[0m[1;31m[RLC]    error decoding control PDU, discarding
[0m[1;31m[RLC]    bad NACK, bigger than ACK (nack 15 ack 17) (tx_next_ack 16 tx_next 44)
[0m[1;31m[RLC]    error decoding control PDU, discarding
[0m[NR_MAC] UE 0 RNTI 5e5d stats sfn: 0.4, cumulated bad DCI 0
    DL harq: 1942/170/13/1
    UL harq: 5423/5275/3655/1333 avg code rate 0.1, avg bit/symbol 2.0, avg per TB: (nb RBs 5.0, nb symbols 13.0)
[0m[1;31m[RLC]    bad NACK, bigger than ACK (nack 15 ack 21) (tx_next_ack 16 tx_next 44)
[0m[1;31m[RLC]    error decoding control PDU, discarding
[0m[1;31m[RLC]    bad NACK, bigger than ACK (nack 15 ack 21) (tx_next_ack 16 tx_next 44)
[0m[1;31m[RLC]    error decoding control PDU, discarding
[0m[1;31m[RLC]    bad NACK, bigger than ACK (nack 15 ack 21) (tx_next_ack 16 tx_next 44)
[0m[1;31m[RLC]    error decoding control PDU, discarding
[0m[1;31m[RLC]    bad NACK, bigger than ACK (nack 15 ack 21) (tx_next_ack 16 tx_next 44)
[0m[1;31m[RLC]    error decoding control PDU, discarding
[0m[1;31m[RLC]    bad NACK, bigger than ACK (nack 15 ack 17) (tx_next_ack 16 tx_next 44)
[0m[1;31m[RLC]    error decoding control PDU, discarding
[0m[NR_MAC] [8.1] Received TA_COMMAND 32 TAGID 0 CC_id 0 
[0m[1;31m[RLC]    bad NACK, bigger than ACK (nack 15 ack 21) (tx_next_ack 16 tx_next 44)
[0m[1;31m[RLC]    error decoding control PDU, discarding
[0m[1;31m[RLC]    bad NACK, bigger than ACK (nack 15 ack 21) (tx_next_ack 16 tx_next 44)
[0m[1;31m[RLC]    error decoding control PDU, discarding
[0m[1;31m[RLC]    bad NACK, bigger than ACK (nack 15 ack 21) (tx_next_ack 16 tx_next 44)
[0m[1;31m[RLC]    error decoding control PDU, discarding
[0m[1;31m[RLC]    bad NACK, bigger than ACK (nack 15 ack 17) (tx_next_ack 16 tx_next 44)
[0m[1;31m[RLC]    error decoding control PDU, discarding
[0m[1;31m[RLC]    bad NACK, bigger than ACK (nack 15 ack 21) (tx_next_ack 16 tx_next 44)
[0m[1;31m[RLC]    error decoding control PDU, discarding
[0m[1;31m[RLC]    bad NACK, bigger than ACK (nack 15 ack 21) (tx_next_ack 16 tx_next 44)
[0m[1;31m[RLC]    error decoding control PDU, discarding
[0m[1;31m[RLC]    bad NACK, bigger than ACK (nack 15 ack 17) (tx_next_ack 16 tx_next 44)
[0m[1;31m[RLC]    error decoding control PDU, discarding
[0m[1;31m[RLC]    bad NACK, bigger than ACK (nack 15 ack 21) (tx_next_ack 16 tx_next 44)
[0m[1;31m[RLC]    error decoding control PDU, discarding
[0m[1;31m[RLC]    bad NACK, bigger than ACK (nack 15 ack 21) (tx_next_ack 16 tx_next 44)
[0m[1;31m[RLC]    error decoding control PDU, discarding
[0m[1;31m[RLC]    bad NACK, bigger than ACK (nack 15 ack 21) (tx_next_ack 16 tx_next 44)
[0m[1;31m[RLC]    error decoding control PDU, discarding
[0m[1;31m[RLC]    bad NACK, bigger than ACK (nack 15 ack 21) (tx_next_ack 16 tx_next 44)
[0m[1;31m[RLC]    error decoding control PDU, discarding
[0m[1;31m[RLC]    bad NACK, bigger than ACK (nack 15 ack 21) (tx_next_ack 16 tx_next 44)
[0m[1;31m[RLC]    error decoding control PDU, discarding
[0m[1;31m[RLC]    bad NACK, bigger than ACK (nack 15 ack 21) (tx_next_ack 16 tx_next 44)
[0m[1;31m[RLC]    error decoding control PDU, discarding
[0m[1;31m[RLC]    bad NACK, bigger than ACK (nack 15 ack 21) (tx_next_ack 16 tx_next 44)
[0m[1;31m[RLC]    error decoding control PDU, discarding
[0m[1;31m[RLC]    bad NACK, bigger than ACK (nack 15 ack 17) (tx_next_ack 16 tx_next 44)
[0m[1;31m[RLC]    error decoding control PDU, discarding
[0m[1;31m[RLC]    bad NACK, bigger than ACK (nack 15 ack 21) (tx_next_ack 16 tx_next 44)
[0m[1;31m[RLC]    error decoding control PDU, discarding
[0m[1;31m[RLC]    bad NACK, bigger than ACK (nack 15 ack 21) (tx_next_ack 16 tx_next 44)
[0m[1;31m[RLC]    error decoding control PDU, discarding
[0m[1;31m[RLC]    bad NACK, bigger than ACK (nack 15 ack 21) (tx_next_ack 16 tx_next 44)
[0m[1;31m[RLC]    error decoding control PDU, discarding
[0m[1;31m[RLC]    bad NACK, bigger than ACK (nack 15 ack 21) (tx_next_ack 16 tx_next 44)
[0m[1;31m[RLC]    error decoding control PDU, discarding
[0m[1;31m[RLC]    bad NACK, bigger than ACK (nack 15 ack 17) (tx_next_ack 16 tx_next 44)
[0m[1;31m[RLC]    error decoding control PDU, discarding
[0m[1;31m[RLC]    bad NACK, bigger than ACK (nack 15 ack 21) (tx_next_ack 16 tx_next 44)
[0m[1;31m[RLC]    error decoding control PDU, discarding
[0m[1;31m[RLC]    bad NACK, bigger than ACK (nack 15 ack 21) (tx_next_ack 16 tx_next 44)
[0m[1;31m[RLC]    error decoding control PDU, discarding
[0m[1;31m[RLC]    bad NACK, bigger than ACK (nack 15 ack 21) (tx_next_ack 16 tx_next 44)
[0m[1;31m[RLC]    error decoding control PDU, discarding
[0m[1;31m[RLC]    bad NACK, bigger than ACK (nack 15 ack 21) (tx_next_ack 16 tx_next 44)
[0m[1;31m[RLC]    error decoding control PDU, discarding
[0m[1;31m[RLC]    bad NACK, bigger than ACK (nack 15 ack 17) (tx_next_ack 16 tx_next 44)
[0m[1;31m[RLC]    error decoding control PDU, discarding
[0m[1;31m[RLC]    bad NACK, bigger than ACK (nack 15 ack 21) (tx_next_ack 16 tx_next 44)
[0m[1;31m[RLC]    error decoding control PDU, discarding
[0m[1;31m[RLC]    bad NACK, bigger than ACK (nack 15 ack 21) (tx_next_ack 16 tx_next 44)
[0m[1;31m[RLC]    error decoding control PDU, discarding
[0m[1;31m[RLC]    bad NACK, bigger than ACK (nack 15 ack 21) (tx_next_ack 16 tx_next 44)
[0m[1;31m[RLC]    error decoding control PDU, discarding
[0m[1;31m[RLC]    bad NACK, bigger than ACK (nack 15 ack 17) (tx_next_ack 16 tx_next 44)
[0m[1;31m[RLC]    error decoding control PDU, discarding
[0m[1;31m[RLC]    bad NACK, bigger than ACK (nack 15 ack 21) (tx_next_ack 16 tx_next 44)
[0m[1;31m[RLC]    error decoding control PDU, discarding
[0m[1;31m[RLC]    bad NACK, bigger than ACK (nack 15 ack 21) (tx_next_ack 16 tx_next 45)
[0m[1;31m[RLC]    error decoding control PDU, discarding
[0m[1;31m[RLC]    bad NACK, bigger than ACK (nack 15 ack 21) (tx_next_ack 16 tx_next 45)
[0m[1;31m[RLC]    error decoding control PDU, discarding
[0m[1;31m[RLC]    bad NACK, bigger than ACK (nack 15 ack 21) (tx_next_ack 16 tx_next 45)
[0m[1;31m[RLC]    error decoding control PDU, discarding
[0m[1;31m[RLC]    bad NACK, bigger than ACK (nack 15 ack 17) (tx_next_ack 16 tx_next 45)
[0m[1;31m[RLC]    error decoding control PDU, discarding
[0m[1;31m[RLC]    bad NACK, bigger than ACK (nack 15 ack 21) (tx_next_ack 16 tx_next 45)
[0m[1;31m[RLC]    error decoding control PDU, discarding
[0m[1;31m[RLC]    bad NACK, bigger than ACK (nack 15 ack 17) (tx_next_ack 16 tx_next 45)
[0m[1;31m[RLC]    error decoding control PDU, discarding
[0m[1;31m[RLC]    bad NACK, bigger than ACK (nack 15 ack 21) (tx_next_ack 16 tx_next 45)
[0m[1;31m[RLC]    error decoding control PDU, discarding
[0m[1;31m[RLC]    bad NACK, bigger than ACK (nack 15 ack 21) (tx_next_ack 16 tx_next 45)
[0m[1;31m[RLC]    error decoding control PDU, discarding
[0m[1;31m[RLC]    bad NACK, bigger than ACK (nack 15 ack 21) (tx_next_ack 16 tx_next 45)
[0m[1;31m[RLC]    error decoding control PDU, discarding
[0m[1;31m[RLC]    bad NACK, bigger than ACK (nack 15 ack 21) (tx_next_ack 16 tx_next 45)
[0m[1;31m[RLC]    error decoding control PDU, discarding
[0m[1;31m[RLC]    bad NACK, bigger than ACK (nack 15 ack 21) (tx_next_ack 16 tx_next 45)
[0m[1;31m[RLC]    error decoding control PDU, discarding
[0m[1;31m[RLC]    bad NACK, bigger than ACK (nack 15 ack 17) (tx_next_ack 16 tx_next 45)
[0m[1;31m[RLC]    error decoding control PDU, discarding
[0m[1;31m[RLC]    bad NACK, bigger than ACK (nack 15 ack 21) (tx_next_ack 16 tx_next 45)
[0m[1;31m[RLC]    error decoding control PDU, discarding
[0m[1;31m[RLC]    bad NACK, bigger than ACK (nack 15 ack 21) (tx_next_ack 16 tx_next 45)
[0m[1;31m[RLC]    error decoding control PDU, discarding
[0m[1;31m[RLC]    bad NACK, bigger than ACK (nack 15 ack 21) (tx_next_ack 16 tx_next 45)
[0m[1;31m[RLC]    error decoding control PDU, discarding
[0m[1;31m[RLC]    bad NACK, bigger than ACK (nack 15 ack 21) (tx_next_ack 16 tx_next 45)
[0m[1;31m[RLC]    error decoding control PDU, discarding
[0m[1;31m[RLC]    bad NACK, bigger than ACK (nack 15 ack 21) (tx_next_ack 16 tx_next 45)
[0m[1;31m[RLC]    error decoding control PDU, discarding
[0m[1;31m[RLC]    bad NACK, bigger than ACK (nack 15 ack 17) (tx_next_ack 16 tx_next 45)
[0m[1;31m[RLC]    error decoding control PDU, discarding
[0m[1;31m[RLC]    bad NACK, bigger than ACK (nack 15 ack 21) (tx_next_ack 16 tx_next 45)
[0m[1;31m[RLC]    error decoding control PDU, discarding
[0m[1;31m[RLC]    bad NACK, bigger than ACK (nack 15 ack 21) (tx_next_ack 16 tx_next 45)
[0m[1;31m[RLC]    error decoding control PDU, discarding
[0m[1;31m[RLC]    bad NACK, bigger than ACK (nack 15 ack 21) (tx_next_ack 16 tx_next 45)
[0m[1;31m[RLC]    error decoding control PDU, discarding
[0m[1;31m[RLC]    bad NACK, bigger than ACK (nack 15 ack 21) (tx_next_ack 16 tx_next 45)
[0m[1;31m[RLC]    error decoding control PDU, discarding
[0m[1;31m[RLC]    bad NACK, bigger than ACK (nack 15 ack 21) (tx_next_ack 16 tx_next 45)
[0m[1;31m[RLC]    error decoding control PDU, discarding
[0m[1;31m[RLC]    bad NACK, bigger than ACK (nack 15 ack 21) (tx_next_ack 16 tx_next 45)
[0m[1;31m[RLC]    error decoding control PDU, discarding
[0m[1;31m[RLC]    bad NACK, bigger than ACK (nack 15 ack 21) (tx_next_ack 16 tx_next 45)
[0m[1;31m[RLC]    error decoding control PDU, discarding
[0m[1;31m[RLC]    bad NACK, bigger than ACK (nack 15 ack 17) (tx_next_ack 16 tx_next 45)
[0m[1;31m[RLC]    error decoding control PDU, discarding
[0m[1;31m[RLC]    bad NACK, bigger than ACK (nack 15 ack 21) (tx_next_ack 16 tx_next 45)
[0m[1;31m[RLC]    error decoding control PDU, discarding
[0m[1;31m[RLC]    bad NACK, bigger than ACK (nack 15 ack 21) (tx_next_ack 16 tx_next 45)
[0m[1;31m[RLC]    error decoding control PDU, discarding
[0m[1;31m[RLC]    bad NACK, bigger than ACK (nack 15 ack 21) (tx_next_ack 16 tx_next 45)
[0m[1;31m[RLC]    error decoding control PDU, discarding
[0m[1;31m[RLC]    bad NACK, bigger than ACK (nack 15 ack 21) (tx_next_ack 16 tx_next 45)
[0m[1;31m[RLC]    error decoding control PDU, discarding
[0m[1;31m[RLC]    bad NACK, bigger than ACK (nack 15 ack 21) (tx_next_ack 16 tx_next 45)
[0m[1;31m[RLC]    error decoding control PDU, discarding
[0m[1;31m[RLC]    bad NACK, bigger than ACK (nack 15 ack 17) (tx_next_ack 16 tx_next 45)
[0m[1;31m[RLC]    error decoding control PDU, discarding
[0m[1;31m[RLC]    bad NACK, bigger than ACK (nack 15 ack 21) (tx_next_ack 16 tx_next 45)
[0m[1;31m[RLC]    error decoding control PDU, discarding
[0m[1;31m[RLC]    bad NACK, bigger than ACK (nack 15 ack 21) (tx_next_ack 16 tx_next 45)
[0m[1;31m[RLC]    error decoding control PDU, discarding
[0m[1;31m[RLC]    bad NACK, bigger than ACK (nack 15 ack 21) (tx_next_ack 16 tx_next 45)
[0m[1;31m[RLC]    error decoding control PDU, discarding
[0m[1;31m[RLC]    bad NACK, bigger than ACK (nack 15 ack 21) (tx_next_ack 16 tx_next 45)
[0m[1;31m[RLC]    error decoding control PDU, discarding
[0m[1;31m[RLC]    bad NACK, bigger than ACK (nack 15 ack 21) (tx_next_ack 16 tx_next 45)
[0m[1;31m[RLC]    error decoding control PDU, discarding
[0m[NR_MAC] UE 0 RNTI 5e5d stats sfn: 128.4, cumulated bad DCI 0
    DL harq: 2017/172/13/1
    UL harq: 5600/5448/3775/1375 avg code rate 0.1, avg bit/symbol 2.0, avg per TB: (nb RBs 5.0, nb symbols 13.0)
[0m[1;31m[RLC]    bad NACK, bigger than ACK (nack 15 ack 17) (tx_next_ack 16 tx_next 45)
[0m[1;31m[RLC]    error decoding control PDU, discarding
[0m[1;31m[RLC]    bad NACK, bigger than ACK (nack 15 ack 21) (tx_next_ack 16 tx_next 45)
[0m[1;31m[RLC]    error decoding control PDU, discarding
[0m[1;31m[RLC]    bad NACK, bigger than ACK (nack 15 ack 21) (tx_next_ack 16 tx_next 45)
[0m[1;31m[RLC]    error decoding control PDU, discarding
[0m[1;31m[RLC]    bad NACK, bigger than ACK (nack 15 ack 17) (tx_next_ack 16 tx_next 45)
[0m[1;31m[RLC]    error decoding control PDU, discarding
[0m[1;31m[RLC]    bad NACK, bigger than ACK (nack 15 ack 21) (tx_next_ack 16 tx_next 45)
[0m[1;31m[RLC]    error decoding control PDU, discarding
[0m[1;31m[RLC]    bad NACK, bigger than ACK (nack 15 ack 21) (tx_next_ack 16 tx_next 45)
[0m[1;31m[RLC]    error decoding control PDU, discarding
[0m[1;31m[RLC]    bad NACK, bigger than ACK (nack 15 ack 17) (tx_next_ack 16 tx_next 45)
[0m[1;31m[RLC]    error decoding control PDU, discarding
[0m[1;31m[RLC]    bad NACK, bigger than ACK (nack 15 ack 21) (tx_next_ack 16 tx_next 45)
[0m[1;31m[RLC]    error decoding control PDU, discarding
[0m[1;31m[RLC]    bad NACK, bigger than ACK (nack 15 ack 21) (tx_next_ack 16 tx_next 45)
[0m[1;31m[RLC]    error decoding control PDU, discarding
[0m[1;31m[RLC]    bad NACK, bigger than ACK (nack 15 ack 21) (tx_next_ack 16 tx_next 45)
[0m[1;31m[RLC]    error decoding control PDU, discarding
[0m[1;31m[RLC]    bad NACK, bigger than ACK (nack 15 ack 21) (tx_next_ack 16 tx_next 45)
[0m[1;31m[RLC]    error decoding control PDU, discarding
[0m[1;31m[RLC]    bad NACK, bigger than ACK (nack 15 ack 21) (tx_next_ack 16 tx_next 45)
[0m[1;31m[RLC]    error decoding control PDU, discarding
[0m[1;31m[RLC]    bad NACK, bigger than ACK (nack 15 ack 17) (tx_next_ack 16 tx_next 45)
[0m[1;31m[RLC]    error decoding control PDU, discarding
[0m[1;31m[RLC]    bad NACK, bigger than ACK (nack 15 ack 21) (tx_next_ack 16 tx_next 45)
[0m[1;31m[RLC]    error decoding control PDU, discarding
[0m[1;31m[RLC]    bad NACK, bigger than ACK (nack 15 ack 21) (tx_next_ack 16 tx_next 45)
[0m[1;31m[RLC]    error decoding control PDU, discarding
[0m[1;31m[RLC]    bad NACK, bigger than ACK (nack 15 ack 21) (tx_next_ack 16 tx_next 45)
[0m[1;31m[RLC]    error decoding control PDU, discarding
[0m[1;31m[RLC]    bad NACK, bigger than ACK (nack 15 ack 21) (tx_next_ack 16 tx_next 45)
[0m[1;31m[RLC]    error decoding control PDU, discarding
[0m[1;31m[RLC]    bad NACK, bigger than ACK (nack 15 ack 21) (tx_next_ack 16 tx_next 45)
[0m[1;31m[RLC]    error decoding control PDU, discarding
[0m[1;31m[RLC]    bad NACK, bigger than ACK (nack 15 ack 17) (tx_next_ack 16 tx_next 45)
[0m[1;31m[RLC]    error decoding control PDU, discarding
[0m[1;31m[RLC]    bad NACK, bigger than ACK (nack 15 ack 21) (tx_next_ack 16 tx_next 45)
[0m[1;31m[RLC]    error decoding control PDU, discarding
[0m[1;31m[RLC]    bad NACK, bigger than ACK (nack 15 ack 21) (tx_next_ack 16 tx_next 45)
[0m[1;31m[RLC]    error decoding control PDU, discarding
[0m[1;31m[RLC]    bad NACK, bigger than ACK (nack 15 ack 17) (tx_next_ack 16 tx_next 45)
[0m[1;31m[RLC]    error decoding control PDU, discarding
[0m[1;31m[RLC]    bad NACK, bigger than ACK (nack 15 ack 21) (tx_next_ack 16 tx_next 45)
[0m[1;31m[RLC]    error decoding control PDU, discarding
[0m[1;31m[RLC]    bad NACK, bigger than ACK (nack 15 ack 21) (tx_next_ack 16 tx_next 45)
[0m[1;31m[RLC]    error decoding control PDU, discarding
[0m[1;31m[RLC]    bad NACK, bigger than ACK (nack 15 ack 21) (tx_next_ack 16 tx_next 45)
[0m[1;31m[RLC]    error decoding control PDU, discarding
[0m[1;31m[RLC]    bad NACK, bigger than ACK (nack 15 ack 21) (tx_next_ack 16 tx_next 46)
[0m[1;31m[RLC]    error decoding control PDU, discarding
[0m[1;31m[RLC]    bad NACK, bigger than ACK (nack 15 ack 21) (tx_next_ack 16 tx_next 46)
[0m[1;31m[RLC]    error decoding control PDU, discarding
[0m[1;31m[RLC]    bad NACK, bigger than ACK (nack 15 ack 21) (tx_next_ack 16 tx_next 46)
[0m[1;31m[RLC]    error decoding control PDU, discarding
[0m[1;31m[RLC]    bad NACK, bigger than ACK (nack 15 ack 17) (tx_next_ack 16 tx_next 46)
[0m[1;31m[RLC]    error decoding control PDU, discarding
[0m[1;31m[RLC]    bad NACK, bigger than ACK (nack 15 ack 21) (tx_next_ack 16 tx_next 46)
[0m[1;31m[RLC]    error decoding control PDU, discarding
[0m[1;31m[RLC]    bad NACK, bigger than ACK (nack 15 ack 21) (tx_next_ack 16 tx_next 46)
[0m[1;31m[RLC]    error decoding control PDU, discarding
[0m[1;31m[RLC]    bad NACK, bigger than ACK (nack 15 ack 21) (tx_next_ack 16 tx_next 46)
[0m[1;31m[RLC]    error decoding control PDU, discarding
[0m[1;31m[RLC]    bad NACK, bigger than ACK (nack 15 ack 21) (tx_next_ack 16 tx_next 46)
[0m[1;31m[RLC]    error decoding control PDU, discarding
[0m[1;31m[RLC]    bad NACK, bigger than ACK (nack 15 ack 21) (tx_next_ack 16 tx_next 46)
[0m[1;31m[RLC]    error decoding control PDU, discarding
[0m[1;31m[RLC]    bad NACK, bigger than ACK (nack 15 ack 17) (tx_next_ack 16 tx_next 46)
[0m[1;31m[RLC]    error decoding control PDU, discarding
[0m[1;31m[RLC]    bad NACK, bigger than ACK (nack 15 ack 21) (tx_next_ack 16 tx_next 46)
[0m[1;31m[RLC]    error decoding control PDU, discarding
[0m[1;31m[RLC]    bad NACK, bigger than ACK (nack 15 ack 21) (tx_next_ack 16 tx_next 46)
[0m[1;31m[RLC]    error decoding control PDU, discarding
[0m[1;31m[RLC]    bad NACK, bigger than ACK (nack 15 ack 21) (tx_next_ack 16 tx_next 46)
[0m[1;31m[RLC]    error decoding control PDU, discarding
[0m[1;31m[RLC]    bad NACK, bigger than ACK (nack 15 ack 21) (tx_next_ack 16 tx_next 46)
[0m[1;31m[RLC]    error decoding control PDU, discarding
[0m[1;31m[RLC]    bad NACK, bigger than ACK (nack 15 ack 21) (tx_next_ack 16 tx_next 46)
[0m[1;31m[RLC]    error decoding control PDU, discarding
[0m[1;31m[RLC]    bad NACK, bigger than ACK (nack 15 ack 21) (tx_next_ack 16 tx_next 46)
[0m[1;31m[RLC]    error decoding control PDU, discarding
[0m[1;31m[RLC]    bad NACK, bigger than ACK (nack 15 ack 17) (tx_next_ack 16 tx_next 46)
[0m[1;31m[RLC]    error decoding control PDU, discarding
[0m[1;31m[RLC]    bad NACK, bigger than ACK (nack 15 ack 21) (tx_next_ack 16 tx_next 46)
[0m[1;31m[RLC]    error decoding control PDU, discarding
[0m[1;31m[RLC]    bad NACK, bigger than ACK (nack 15 ack 21) (tx_next_ack 16 tx_next 46)
[0m[1;31m[RLC]    error decoding control PDU, discarding
[0m[1;31m[RLC]    bad NACK, bigger than ACK (nack 15 ack 21) (tx_next_ack 16 tx_next 46)
[0m[1;31m[RLC]    error decoding control PDU, discarding
[0m[1;31m[RLC]    bad NACK, bigger than ACK (nack 15 ack 21) (tx_next_ack 16 tx_next 46)
[0m[1;31m[RLC]    error decoding control PDU, discarding
[0m[1;31m[RLC]    bad NACK, bigger than ACK (nack 15 ack 17) (tx_next_ack 16 tx_next 46)
[0m[1;31m[RLC]    error decoding control PDU, discarding
[0m[1;31m[RLC]    bad NACK, bigger than ACK (nack 15 ack 22) (tx_next_ack 16 tx_next 46)
[0m[1;31m[RLC]    error decoding control PDU, discarding
[0m[1;31m[RLC]    bad NACK, bigger than ACK (nack 15 ack 22) (tx_next_ack 16 tx_next 46)
[0m[1;31m[RLC]    error decoding control PDU, discarding
[0m[1;31m[RLC]    bad NACK, bigger than ACK (nack 15 ack 22) (tx_next_ack 16 tx_next 46)
[0m[1;31m[RLC]    error decoding control PDU, discarding
[0m[1;31m[RLC]    bad NACK, bigger than ACK (nack 15 ack 22) (tx_next_ack 16 tx_next 46)
[0m[1;31m[RLC]    error decoding control PDU, discarding
[0m[1;31m[RLC]    bad NACK, bigger than ACK (nack 15 ack 18) (tx_next_ack 16 tx_next 46)
[0m[1;31m[RLC]    error decoding control PDU, discarding
[0m[1;31m[RLC]    bad NACK, bigger than ACK (nack 15 ack 22) (tx_next_ack 16 tx_next 46)
[0m[1;31m[RLC]    error decoding control PDU, discarding
[0m[1;31m[RLC]    bad NACK, bigger than ACK (nack 15 ack 22) (tx_next_ack 16 tx_next 46)
[0m[1;31m[RLC]    error decoding control PDU, discarding
[0m[1;31m[RLC]    bad NACK, bigger than ACK (nack 15 ack 18) (tx_next_ack 16 tx_next 46)
[0m[1;31m[RLC]    error decoding control PDU, discarding
[0m[1;31m[RLC]    bad NACK, bigger than ACK (nack 15 ack 22) (tx_next_ack 16 tx_next 46)
[0m[1;31m[RLC]    error decoding control PDU, discarding
[0m[1;31m[RLC]    bad NACK, bigger than ACK (nack 15 ack 22) (tx_next_ack 16 tx_next 46)
[0m[1;31m[RLC]    error decoding control PDU, discarding
[0m[1;31m[RLC]    bad NACK, bigger than ACK (nack 15 ack 18) (tx_next_ack 16 tx_next 46)
[0m[1;31m[RLC]    error decoding control PDU, discarding
[0m[1;31m[RLC]    bad NACK, bigger than ACK (nack 15 ack 22) (tx_next_ack 16 tx_next 46)
[0m[1;31m[RLC]    error decoding control PDU, discarding
[0m[1;31m[RLC]    bad NACK, bigger than ACK (nack 15 ack 22) (tx_next_ack 16 tx_next 46)
[0m[1;31m[RLC]    error decoding control PDU, discarding
[0m[1;31m[RLC]    bad NACK, bigger than ACK (nack 15 ack 22) (tx_next_ack 16 tx_next 46)
[0m[1;31m[RLC]    error decoding control PDU, discarding
[0m[1;31m[RLC]    bad NACK, bigger than ACK (nack 15 ack 22) (tx_next_ack 16 tx_next 46)
[0m[1;31m[RLC]    error decoding control PDU, discarding
[0m[1;31m[RLC]    bad NACK, bigger than ACK (nack 15 ack 18) (tx_next_ack 16 tx_next 46)
[0m[1;31m[RLC]    error decoding control PDU, discarding
[0m[1;31m[RLC]    bad NACK, bigger than ACK (nack 15 ack 22) (tx_next_ack 16 tx_next 46)
[0m[1;31m[RLC]    error decoding control PDU, discarding
[0m[1;31m[RLC]    bad NACK, bigger than ACK (nack 15 ack 22) (tx_next_ack 16 tx_next 46)
[0m[1;31m[RLC]    error decoding control PDU, discarding
[0m[1;31m[RLC]    bad NACK, bigger than ACK (nack 15 ack 22) (tx_next_ack 16 tx_next 46)
[0m[1;31m[RLC]    error decoding control PDU, discarding
[0m[1;31m[RLC]    bad NACK, bigger than ACK (nack 15 ack 22) (tx_next_ack 16 tx_next 46)
[0m[1;31m[RLC]    error decoding control PDU, discarding
[0m[1;31m[RLC]    bad NACK, bigger than ACK (nack 15 ack 18) (tx_next_ack 16 tx_next 46)
[0m[1;31m[RLC]    error decoding control PDU, discarding
[0m[NR_MAC] UE 0 RNTI 5e5d stats sfn: 256.4, cumulated bad DCI 0
    DL harq: 2085/184/13/1
    UL harq: 5771/5612/3903/1424 avg code rate 0.1, avg bit/symbol 2.0, avg per TB: (nb RBs 5.0, nb symbols 13.0)
[0m[1;31m[RLC]    bad NACK, bigger than ACK (nack 15 ack 21) (tx_next_ack 16 tx_next 46)
[0m[1;31m[RLC]    error decoding control PDU, discarding
[0m[1;31m[RLC]    bad NACK, bigger than ACK (nack 15 ack 21) (tx_next_ack 16 tx_next 46)
[0m[1;31m[RLC]    error decoding control PDU, discarding
[0m[1;31m[RLC]    bad NACK, bigger than ACK (nack 15 ack 21) (tx_next_ack 16 tx_next 46)
[0m[1;31m[RLC]    error decoding control PDU, discarding
[0m[1;31m[RLC]    bad NACK, bigger than ACK (nack 15 ack 21) (tx_next_ack 16 tx_next 46)
[0m[1;31m[RLC]    error decoding control PDU, discarding
[0m[1;31m[RLC]    bad NACK, bigger than ACK (nack 15 ack 17) (tx_next_ack 16 tx_next 46)
[0m[1;31m[RLC]    error decoding control PDU, discarding
[0m[1;31m[RLC]    bad NACK, bigger than ACK (nack 15 ack 21) (tx_next_ack 16 tx_next 46)
[0m[1;31m[RLC]    error decoding control PDU, discarding
[0m[1;31m[RLC]    bad NACK, bigger than ACK (nack 15 ack 21) (tx_next_ack 16 tx_next 46)
[0m[1;31m[RLC]    error decoding control PDU, discarding
[0m[1;31m[RLC]    bad NACK, bigger than ACK (nack 15 ack 21) (tx_next_ack 16 tx_next 46)
[0m[1;31m[RLC]    error decoding control PDU, discarding
[0m[1;31m[RLC]    bad NACK, bigger than ACK (nack 15 ack 21) (tx_next_ack 16 tx_next 46)
[0m[1;31m[RLC]    error decoding control PDU, discarding
[0m[1;31m[RLC]    bad NACK, bigger than ACK (nack 15 ack 21) (tx_next_ack 16 tx_next 46)
[0m[1;31m[RLC]    error decoding control PDU, discarding
[0m[1;31m[RLC]    bad NACK, bigger than ACK (nack 15 ack 17) (tx_next_ack 16 tx_next 46)
[0m[1;31m[RLC]    error decoding control PDU, discarding
[0m[1;31m[RLC]    bad NACK, bigger than ACK (nack 15 ack 21) (tx_next_ack 16 tx_next 46)
[0m[1;31m[RLC]    error decoding control PDU, discarding
[0m[1;31m[RLC]    bad NACK, bigger than ACK (nack 15 ack 20) (tx_next_ack 16 tx_next 46)
[0m[1;31m[RLC]    error decoding control PDU, discarding
[0m[1;31m[RLC]    bad NACK, bigger than ACK (nack 15 ack 20) (tx_next_ack 16 tx_next 46)
[0m[1;31m[RLC]    error decoding control PDU, discarding
[0m[1;31m[RLC]    bad NACK, bigger than ACK (nack 15 ack 20) (tx_next_ack 16 tx_next 46)
[0m[1;31m[RLC]    error decoding control PDU, discarding
[0m[1;31m[RLC]    bad NACK, bigger than ACK (nack 15 ack 17) (tx_next_ack 16 tx_next 46)
[0m[1;31m[RLC]    error decoding control PDU, discarding
[0m[1;31m[RLC]    bad NACK, bigger than ACK (nack 15 ack 20) (tx_next_ack 16 tx_next 46)
[0m[1;31m[RLC]    error decoding control PDU, discarding
[0m[1;31m[RLC]    bad NACK, bigger than ACK (nack 15 ack 20) (tx_next_ack 16 tx_next 46)
[0m[1;31m[RLC]    error decoding control PDU, discarding
[0m[1;31m[RLC]    bad NACK, bigger than ACK (nack 15 ack 20) (tx_next_ack 16 tx_next 46)
[0m[1;31m[RLC]    error decoding control PDU, discarding
[0m[1;31m[RLC]    bad NACK, bigger than ACK (nack 15 ack 20) (tx_next_ack 16 tx_next 46)
[0m[1;31m[RLC]    error decoding control PDU, discarding
[0m[1;31m[RLC]    bad NACK, bigger than ACK (nack 15 ack 17) (tx_next_ack 16 tx_next 47)
[0m[1;31m[RLC]    error decoding control PDU, discarding
[0m[1;31m[RLC]    bad NACK, bigger than ACK (nack 15 ack 20) (tx_next_ack 16 tx_next 47)
[0m[1;31m[RLC]    error decoding control PDU, discarding
[0m[1;31m[RLC]    bad NACK, bigger than ACK (nack 15 ack 20) (tx_next_ack 16 tx_next 47)
[0m[1;31m[RLC]    error decoding control PDU, discarding
[0m[1;31m[RLC]    bad NACK, bigger than ACK (nack 15 ack 20) (tx_next_ack 16 tx_next 47)
[0m[1;31m[RLC]    error decoding control PDU, discarding
[0m[1;31m[RLC]    bad NACK, bigger than ACK (nack 15 ack 17) (tx_next_ack 16 tx_next 47)
[0m[1;31m[RLC]    error decoding control PDU, discarding
[0m[1;31m[RLC]    bad NACK, bigger than ACK (nack 15 ack 20) (tx_next_ack 16 tx_next 47)
[0m[1;31m[RLC]    error decoding control PDU, discarding
[0m[1;31m[RLC]    bad NACK, bigger than ACK (nack 15 ack 20) (tx_next_ack 16 tx_next 47)
[0m[1;31m[RLC]    error decoding control PDU, discarding
[0m[1;31m[RLC]    bad NACK, bigger than ACK (nack 15 ack 20) (tx_next_ack 16 tx_next 47)
[0m[1;31m[RLC]    error decoding control PDU, discarding
[0m[1;31m[RLC]    bad NACK, bigger than ACK (nack 15 ack 20) (tx_next_ack 16 tx_next 47)
[0m[1;31m[RLC]    error decoding control PDU, discarding
[0m[NR_MAC] [308.1] Received TA_COMMAND 27 TAGID 0 CC_id 0 
[0m[1;31m[RLC]    bad NACK, bigger than ACK (nack 15 ack 20) (tx_next_ack 16 tx_next 47)
[0m[1;31m[RLC]    error decoding control PDU, discarding
[0m[1;31m[RLC]    bad NACK, bigger than ACK (nack 15 ack 17) (tx_next_ack 16 tx_next 47)
[0m[1;31m[RLC]    error decoding control PDU, discarding
[0m[1;31m[RLC]    bad NACK, bigger than ACK (nack 15 ack 20) (tx_next_ack 16 tx_next 47)
[0m[1;31m[RLC]    error decoding control PDU, discarding
[0m[1;31m[RLC]    bad NACK, bigger than ACK (nack 15 ack 20) (tx_next_ack 16 tx_next 47)
[0m[1;31m[RLC]    error decoding control PDU, discarding
[0m[1;31m[RLC]    bad NACK, bigger than ACK (nack 15 ack 20) (tx_next_ack 16 tx_next 47)
[0m[1;31m[RLC]    error decoding control PDU, discarding
[0m[1;31m[RLC]    bad NACK, bigger than ACK (nack 15 ack 20) (tx_next_ack 16 tx_next 47)
[0m[1;31m[RLC]    error decoding control PDU, discarding
[0m[1;31m[RLC]    bad NACK, bigger than ACK (nack 15 ack 20) (tx_next_ack 16 tx_next 47)
[0m[1;31m[RLC]    error decoding control PDU, discarding
[0m[1;31m[RLC]    bad NACK, bigger than ACK (nack 15 ack 17) (tx_next_ack 16 tx_next 47)
[0m[1;31m[RLC]    error decoding control PDU, discarding
[0m[1;31m[RLC]    bad NACK, bigger than ACK (nack 15 ack 17) (tx_next_ack 16 tx_next 47)
[0m[1;31m[RLC]    error decoding control PDU, discarding
[0m[1;31m[RLC]    bad NACK, bigger than ACK (nack 15 ack 20) (tx_next_ack 16 tx_next 47)
[0m[1;31m[RLC]    error decoding control PDU, discarding
[0m[1;31m[RLC]    bad NACK, bigger than ACK (nack 15 ack 20) (tx_next_ack 16 tx_next 47)
[0m[1;31m[RLC]    error decoding control PDU, discarding
[0m[1;31m[RLC]    bad NACK, bigger than ACK (nack 15 ack 20) (tx_next_ack 16 tx_next 47)
[0m[1;31m[RLC]    error decoding control PDU, discarding
[0m[1;31m[RLC]    bad NACK, bigger than ACK (nack 15 ack 20) (tx_next_ack 16 tx_next 47)
[0m[1;31m[RLC]    error decoding control PDU, discarding
[0m[1;31m[RLC]    bad NACK, bigger than ACK (nack 15 ack 20) (tx_next_ack 16 tx_next 47)
[0m[1;31m[RLC]    error decoding control PDU, discarding
[0m[1;31m[RLC]    bad NACK, bigger than ACK (nack 15 ack 20) (tx_next_ack 16 tx_next 47)
[0m[1;31m[RLC]    error decoding control PDU, discarding
[0m[1;31m[RLC]    bad NACK, bigger than ACK (nack 15 ack 20) (tx_next_ack 16 tx_next 47)
[0m[1;31m[RLC]    error decoding control PDU, discarding
[0m[1;31m[RLC]    bad NACK, bigger than ACK (nack 15 ack 17) (tx_next_ack 16 tx_next 47)
[0m[1;31m[RLC]    error decoding control PDU, discarding
[0m[1;31m[RLC]    bad NACK, bigger than ACK (nack 15 ack 20) (tx_next_ack 16 tx_next 47)
[0m[1;31m[RLC]    error decoding control PDU, discarding
[0m[1;31m[RLC]    bad NACK, bigger than ACK (nack 15 ack 20) (tx_next_ack 16 tx_next 47)
[0m[1;31m[RLC]    error decoding control PDU, discarding
[0m[1;31m[RLC]    bad NACK, bigger than ACK (nack 15 ack 20) (tx_next_ack 16 tx_next 47)
[0m[1;31m[RLC]    error decoding control PDU, discarding
[0m[1;31m[RLC]    bad NACK, bigger than ACK (nack 15 ack 20) (tx_next_ack 16 tx_next 47)
[0m[1;31m[RLC]    error decoding control PDU, discarding
[0m[1;31m[RLC]    bad NACK, bigger than ACK (nack 15 ack 20) (tx_next_ack 16 tx_next 47)
[0m[1;31m[RLC]    error decoding control PDU, discarding
[0m[1;31m[RLC]    bad NACK, bigger than ACK (nack 15 ack 20) (tx_next_ack 16 tx_next 47)
[0m[1;31m[RLC]    error decoding control PDU, discarding
[0m[1;31m[RLC]    bad NACK, bigger than ACK (nack 15 ack 17) (tx_next_ack 16 tx_next 47)
[0m[1;31m[RLC]    error decoding control PDU, discarding
[0m[1;31m[RLC]    bad NACK, bigger than ACK (nack 15 ack 20) (tx_next_ack 16 tx_next 47)
[0m[1;31m[RLC]    error decoding control PDU, discarding
[0m[1;31m[RLC]    bad NACK, bigger than ACK (nack 15 ack 20) (tx_next_ack 16 tx_next 47)
[0m[1;31m[RLC]    error decoding control PDU, discarding
[0m[1;31m[RLC]    bad NACK, bigger than ACK (nack 15 ack 20) (tx_next_ack 16 tx_next 47)
[0m[1;31m[RLC]    error decoding control PDU, discarding
[0m[1;31m[RLC]    bad NACK, bigger than ACK (nack 15 ack 20) (tx_next_ack 16 tx_next 47)
[0m[1;31m[RLC]    error decoding control PDU, discarding
[0m[1;31m[RLC]    bad NACK, bigger than ACK (nack 15 ack 20) (tx_next_ack 16 tx_next 47)
[0m[1;31m[RLC]    error decoding control PDU, discarding
[0m[1;31m[RLC]    bad NACK, bigger than ACK (nack 15 ack 17) (tx_next_ack 16 tx_next 47)
[0m[1;31m[RLC]    error decoding control PDU, discarding
[0m[1;31m[RLC]    bad NACK, bigger than ACK (nack 15 ack 17) (tx_next_ack 16 tx_next 47)
[0m[1;31m[RLC]    error decoding control PDU, discarding
[0m[1;31m[RLC]    bad NACK, bigger than ACK (nack 15 ack 20) (tx_next_ack 16 tx_next 47)
[0m[1;31m[RLC]    error decoding control PDU, discarding
[0m[1;31m[RLC]    bad NACK, bigger than ACK (nack 15 ack 20) (tx_next_ack 16 tx_next 47)
[0m[1;31m[RLC]    error decoding control PDU, discarding
[0m[1;31m[RLC]    bad NACK, bigger than ACK (nack 15 ack 20) (tx_next_ack 16 tx_next 47)
[0m[1;31m[RLC]    error decoding control PDU, discarding
[0m[1;31m[RLC]    bad NACK, bigger than ACK (nack 15 ack 20) (tx_next_ack 16 tx_next 47)
[0m[1;31m[RLC]    error decoding control PDU, discarding
[0m[1;31m[RLC]    bad NACK, bigger than ACK (nack 15 ack 17) (tx_next_ack 16 tx_next 47)
[0m[1;31m[RLC]    error decoding control PDU, discarding
[0m[1;31m[RLC]    bad NACK, bigger than ACK (nack 15 ack 17) (tx_next_ack 16 tx_next 47)
[0m[1;31m[RLC]    error decoding control PDU, discarding
[0m[1;31m[RLC]    bad NACK, bigger than ACK (nack 15 ack 20) (tx_next_ack 16 tx_next 47)
[0m[1;31m[RLC]    error decoding control PDU, discarding
[0m[1;31m[RLC]    bad NACK, bigger than ACK (nack 15 ack 20) (tx_next_ack 16 tx_next 47)
[0m[1;31m[RLC]    error decoding control PDU, discarding
[0m[1;31m[RLC]    bad NACK, bigger than ACK (nack 15 ack 20) (tx_next_ack 16 tx_next 47)
[0m[1;31m[RLC]    error decoding control PDU, discarding
[0m[1;31m[RLC]    bad NACK, bigger than ACK (nack 15 ack 20) (tx_next_ack 16 tx_next 47)
[0m[1;31m[RLC]    error decoding control PDU, discarding
[0m[1;31m[RLC]    bad NACK, bigger than ACK (nack 15 ack 20) (tx_next_ack 16 tx_next 47)
[0m[1;31m[RLC]    error decoding control PDU, discarding
[0m[1;31m[RLC]    bad NACK, bigger than ACK (nack 15 ack 17) (tx_next_ack 16 tx_next 47)
[0m[1;31m[RLC]    error decoding control PDU, discarding
[0m[1;31m[RLC]    bad NACK, bigger than ACK (nack 15 ack 20) (tx_next_ack 16 tx_next 47)
[0m[1;31m[RLC]    error decoding control PDU, discarding
[0m[1;31m[RLC]    bad NACK, bigger than ACK (nack 15 ack 20) (tx_next_ack 16 tx_next 47)
[0m[1;31m[RLC]    error decoding control PDU, discarding
[0m[1;31m[RLC]    bad NACK, bigger than ACK (nack 15 ack 20) (tx_next_ack 16 tx_next 47)
[0m[1;31m[RLC]    error decoding control PDU, discarding
[0m[1;31m[RLC]    bad NACK, bigger than ACK (nack 15 ack 20) (tx_next_ack 16 tx_next 47)
[0m[1;31m[RLC]    error decoding control PDU, discarding
[0m[1;31m[RLC]    bad NACK, bigger than ACK (nack 15 ack 20) (tx_next_ack 16 tx_next 47)
[0m[1;31m[RLC]    error decoding control PDU, discarding
[0m[1;31m[RLC]    bad NACK, bigger than ACK (nack 15 ack 17) (tx_next_ack 16 tx_next 47)
[0m[1;31m[RLC]    error decoding control PDU, discarding
[0m[NR_MAC] UE 0 RNTI 5e5d stats sfn: 384.4, cumulated bad DCI 0
    DL harq: 2161/188/13/1
    UL harq: 5953/5791/4012/1466 avg code rate 0.1, avg bit/symbol 2.0, avg per TB: (nb RBs 5.0, nb symbols 13.0)
[0m[1;31m[RLC]    bad NACK, bigger than ACK (nack 15 ack 17) (tx_next_ack 16 tx_next 47)
[0m[1;31m[RLC]    error decoding control PDU, discarding
[0m[1;31m[RLC]    bad NACK, bigger than ACK (nack 15 ack 20) (tx_next_ack 16 tx_next 47)
[0m[1;31m[RLC]    error decoding control PDU, discarding
[0m[1;31m[RLC]    bad NACK, bigger than ACK (nack 15 ack 20) (tx_next_ack 16 tx_next 47)
[0m[1;31m[RLC]    error decoding control PDU, discarding
[0m[1;31m[RLC]    bad NACK, bigger than ACK (nack 15 ack 20) (tx_next_ack 16 tx_next 47)
[0m[1;31m[RLC]    error decoding control PDU, discarding
[0m[1;31m[RLC]    bad NACK, bigger than ACK (nack 15 ack 20) (tx_next_ack 16 tx_next 47)
[0m[1;31m[RLC]    error decoding control PDU, discarding
[0m[1;31m[RLC]    bad NACK, bigger than ACK (nack 15 ack 17) (tx_next_ack 16 tx_next 47)
[0m[1;31m[RLC]    error decoding control PDU, discarding
[0m[1;31m[RLC]    bad NACK, bigger than ACK (nack 15 ack 20) (tx_next_ack 16 tx_next 47)
[0m[1;31m[RLC]    error decoding control PDU, discarding
[0m[1;31m[RLC]    bad NACK, bigger than ACK (nack 15 ack 20) (tx_next_ack 16 tx_next 48)
[0m[1;31m[RLC]    error decoding control PDU, discarding
[0m[1;31m[RLC]    bad NACK, bigger than ACK (nack 15 ack 20) (tx_next_ack 16 tx_next 48)
[0m[1;31m[RLC]    error decoding control PDU, discarding
[0m[1;31m[RLC]    bad NACK, bigger than ACK (nack 15 ack 20) (tx_next_ack 16 tx_next 48)
[0m[1;31m[RLC]    error decoding control PDU, discarding
[0m[1;31m[RLC]    bad NACK, bigger than ACK (nack 15 ack 17) (tx_next_ack 16 tx_next 48)
[0m[1;31m[RLC]    error decoding control PDU, discarding
[0m[1;31m[RLC]    bad NACK, bigger than ACK (nack 15 ack 20) (tx_next_ack 16 tx_next 48)
[0m[1;31m[RLC]    error decoding control PDU, discarding
[0m[1;31m[RLC]    bad NACK, bigger than ACK (nack 15 ack 20) (tx_next_ack 16 tx_next 48)
[0m[1;31m[RLC]    error decoding control PDU, discarding
[0m[1;31m[RLC]    bad NACK, bigger than ACK (nack 15 ack 20) (tx_next_ack 16 tx_next 48)
[0m[1;31m[RLC]    error decoding control PDU, discarding
[0m[1;31m[RLC]    bad NACK, bigger than ACK (nack 15 ack 20) (tx_next_ack 16 tx_next 48)
[0m[1;31m[RLC]    error decoding control PDU, discarding
[0m[1;31m[RLC]    bad NACK, bigger than ACK (nack 15 ack 17) (tx_next_ack 16 tx_next 48)
[0m[1;31m[RLC]    error decoding control PDU, discarding
[0m[1;31m[RLC]    bad NACK, bigger than ACK (nack 15 ack 20) (tx_next_ack 16 tx_next 48)
[0m[1;31m[RLC]    error decoding control PDU, discarding
[0m[1;31m[RLC]    bad NACK, bigger than ACK (nack 15 ack 17) (tx_next_ack 16 tx_next 48)
[0m[1;31m[RLC]    error decoding control PDU, discarding
[0m[1;31m[RLC]    bad NACK, bigger than ACK (nack 15 ack 20) (tx_next_ack 16 tx_next 48)
[0m[1;31m[RLC]    error decoding control PDU, discarding
[0m[1;31m[RLC]    bad NACK, bigger than ACK (nack 15 ack 20) (tx_next_ack 16 tx_next 48)
[0m[1;31m[RLC]    error decoding control PDU, discarding
[0m[1;31m[RLC]    bad NACK, bigger than ACK (nack 15 ack 20) (tx_next_ack 16 tx_next 48)
[0m[1;31m[RLC]    error decoding control PDU, discarding
[0m[1;31m[RLC]    bad NACK, bigger than ACK (nack 15 ack 20) (tx_next_ack 16 tx_next 48)
[0m[1;31m[RLC]    error decoding control PDU, discarding
[0m[1;31m[RLC]    bad NACK, bigger than ACK (nack 15 ack 17) (tx_next_ack 16 tx_next 48)
[0m[1;31m[RLC]    error decoding control PDU, discarding
[0m[1;31m[RLC]    bad NACK, bigger than ACK (nack 15 ack 20) (tx_next_ack 16 tx_next 48)
[0m[1;31m[RLC]    error decoding control PDU, discarding
[0m[1;31m[RLC]    bad NACK, bigger than ACK (nack 15 ack 20) (tx_next_ack 16 tx_next 48)
[0m[1;31m[RLC]    error decoding control PDU, discarding
[0m[1;31m[RLC]    bad NACK, bigger than ACK (nack 15 ack 20) (tx_next_ack 16 tx_next 48)
[0m[1;31m[RLC]    error decoding control PDU, discarding
[0m[1;31m[RLC]    bad NACK, bigger than ACK (nack 15 ack 20) (tx_next_ack 16 tx_next 48)
[0m[1;31m[RLC]    error decoding control PDU, discarding
[0m[1;31m[RLC]    bad NACK, bigger than ACK (nack 15 ack 17) (tx_next_ack 16 tx_next 48)
[0m[1;31m[RLC]    error decoding control PDU, discarding
[0m[1;31m[RLC]    bad NACK, bigger than ACK (nack 15 ack 20) (tx_next_ack 16 tx_next 48)
[0m[1;31m[RLC]    error decoding control PDU, discarding
[0m[1;31m[RLC]    bad NACK, bigger than ACK (nack 15 ack 20) (tx_next_ack 16 tx_next 48)
[0m[1;31m[RLC]    error decoding control PDU, discarding
[0m[1;31m[RLC]    bad NACK, bigger than ACK (nack 15 ack 20) (tx_next_ack 16 tx_next 48)
[0m[1;31m[RLC]    error decoding control PDU, discarding
[0m[1;31m[RLC]    bad NACK, bigger than ACK (nack 15 ack 20) (tx_next_ack 16 tx_next 48)
[0m[1;31m[RLC]    error decoding control PDU, discarding
[0m[1;31m[RLC]    bad NACK, bigger than ACK (nack 15 ack 17) (tx_next_ack 16 tx_next 48)
[0m[1;31m[RLC]    error decoding control PDU, discarding
[0m[1;31m[RLC]    bad NACK, bigger than ACK (nack 15 ack 20) (tx_next_ack 16 tx_next 48)
[0m[1;31m[RLC]    error decoding control PDU, discarding
[0m[1;31m[RLC]    bad NACK, bigger than ACK (nack 15 ack 20) (tx_next_ack 16 tx_next 48)
[0m[1;31m[RLC]    error decoding control PDU, discarding
[0m[1;31m[RLC]    bad NACK, bigger than ACK (nack 15 ack 20) (tx_next_ack 16 tx_next 48)
[0m[1;31m[RLC]    error decoding control PDU, discarding
[0m[1;31m[RLC]    bad NACK, bigger than ACK (nack 15 ack 17) (tx_next_ack 16 tx_next 48)
[0m[1;31m[RLC]    error decoding control PDU, discarding
[0m[1;31m[RLC]    bad NACK, bigger than ACK (nack 15 ack 20) (tx_next_ack 16 tx_next 48)
[0m[1;31m[RLC]    error decoding control PDU, discarding
[0m[1;31m[RLC]    bad NACK, bigger than ACK (nack 15 ack 20) (tx_next_ack 16 tx_next 48)
[0m[1;31m[RLC]    error decoding control PDU, discarding
[0m[1;31m[RLC]    bad NACK, bigger than ACK (nack 15 ack 20) (tx_next_ack 16 tx_next 48)
[0m[1;31m[RLC]    error decoding control PDU, discarding
[0m[1;31m[RLC]    bad NACK, bigger than ACK (nack 15 ack 20) (tx_next_ack 16 tx_next 48)
[0m[1;31m[RLC]    error decoding control PDU, discarding
[0m[1;31m[RLC]    bad NACK, bigger than ACK (nack 15 ack 17) (tx_next_ack 16 tx_next 48)
[0m[1;31m[RLC]    error decoding control PDU, discarding
[0m[1;31m[RLC]    bad NACK, bigger than ACK (nack 15 ack 20) (tx_next_ack 16 tx_next 48)
[0m[1;31m[RLC]    error decoding control PDU, discarding
[0m[1;31m[RLC]    bad NACK, bigger than ACK (nack 15 ack 20) (tx_next_ack 16 tx_next 48)
[0m[1;31m[RLC]    error decoding control PDU, discarding
[0m[1;31m[RLC]    bad NACK, bigger than ACK (nack 15 ack 20) (tx_next_ack 16 tx_next 48)
[0m[1;31m[RLC]    error decoding control PDU, discarding
[0m[1;31m[RLC]    bad NACK, bigger than ACK (nack 15 ack 20) (tx_next_ack 16 tx_next 48)
[0m[1;31m[RLC]    error decoding control PDU, discarding
[0m[1;31m[RLC]    bad NACK, bigger than ACK (nack 15 ack 20) (tx_next_ack 16 tx_next 48)
[0m[1;31m[RLC]    error decoding control PDU, discarding
[0m[1;31m[RLC]    bad NACK, bigger than ACK (nack 15 ack 20) (tx_next_ack 16 tx_next 48)
[0m[1;31m[RLC]    error decoding control PDU, discarding
[0m[1;31m[RLC]    bad NACK, bigger than ACK (nack 15 ack 17) (tx_next_ack 16 tx_next 48)
[0m[1;31m[RLC]    error decoding control PDU, discarding
[0m[1;31m[RLC]    bad NACK, bigger than ACK (nack 15 ack 17) (tx_next_ack 16 tx_next 48)
[0m[1;31m[RLC]    error decoding control PDU, discarding
[0m[1;31m[RLC]    bad NACK, bigger than ACK (nack 15 ack 20) (tx_next_ack 16 tx_next 48)
[0m[1;31m[RLC]    error decoding control PDU, discarding
[0m[1;31m[RLC]    bad NACK, bigger than ACK (nack 15 ack 20) (tx_next_ack 16 tx_next 48)
[0m[1;31m[RLC]    error decoding control PDU, discarding
[0m[1;31m[RLC]    bad NACK, bigger than ACK (nack 15 ack 20) (tx_next_ack 16 tx_next 48)
[0m[1;31m[RLC]    error decoding control PDU, discarding
[0m[1;31m[RLC]    bad NACK, bigger than ACK (nack 15 ack 17) (tx_next_ack 16 tx_next 48)
[0m[1;31m[RLC]    error decoding control PDU, discarding
[0m[1;31m[RLC]    bad NACK, bigger than ACK (nack 15 ack 20) (tx_next_ack 16 tx_next 48)
[0m[1;31m[RLC]    error decoding control PDU, discarding
[0m[1;31m[RLC]    bad NACK, bigger than ACK (nack 15 ack 20) (tx_next_ack 16 tx_next 48)
[0m[1;31m[RLC]    error decoding control PDU, discarding
[0m[1;31m[RLC]    bad NACK, bigger than ACK (nack 15 ack 20) (tx_next_ack 16 tx_next 48)
[0m[1;31m[RLC]    error decoding control PDU, discarding
[0m[1;31m[RLC]    bad NACK, bigger than ACK (nack 15 ack 20) (tx_next_ack 16 tx_next 48)
[0m[1;31m[RLC]    error decoding control PDU, discarding
[0m[1;31m[RLC]    bad NACK, bigger than ACK (nack 15 ack 17) (tx_next_ack 16 tx_next 48)
[0m[1;31m[RLC]    error decoding control PDU, discarding
[0m[1;31m[RLC]    bad NACK, bigger than ACK (nack 15 ack 20) (tx_next_ack 16 tx_next 48)
[0m[1;31m[RLC]    error decoding control PDU, discarding
[0m[1;31m[RLC]    bad NACK, bigger than ACK (nack 15 ack 20) (tx_next_ack 16 tx_next 48)
[0m[1;31m[RLC]    error decoding control PDU, discarding
[0m[1;31m[RLC]    bad NACK, bigger than ACK (nack 15 ack 20) (tx_next_ack 16 tx_next 48)
[0m[1;31m[RLC]    error decoding control PDU, discarding
[0m[1;31m[RLC]    bad NACK, bigger than ACK (nack 15 ack 20) (tx_next_ack 16 tx_next 48)
[0m[1;31m[RLC]    error decoding control PDU, discarding
[0m[1;31m[RLC]    bad NACK, bigger than ACK (nack 15 ack 20) (tx_next_ack 16 tx_next 48)
[0m[1;31m[RLC]    error decoding control PDU, discarding
[0m[1;31m[RLC]    bad NACK, bigger than ACK (nack 15 ack 20) (tx_next_ack 16 tx_next 48)
[0m[1;31m[RLC]    error decoding control PDU, discarding
[0m[1;31m[RLC]    bad NACK, bigger than ACK (nack 15 ack 20) (tx_next_ack 16 tx_next 48)
[0m[1;31m[RLC]    error decoding control PDU, discarding
[0m[1;31m[RLC]    bad NACK, bigger than ACK (nack 15 ack 17) (tx_next_ack 16 tx_next 48)
[0m[1;31m[RLC]    error decoding control PDU, discarding
[0m[1;31m[RLC]    bad NACK, bigger than ACK (nack 15 ack 20) (tx_next_ack 16 tx_next 48)
[0m[1;31m[RLC]    error decoding control PDU, discarding
[0m[1;31m[RLC]    bad NACK, bigger than ACK (nack 15 ack 20) (tx_next_ack 16 tx_next 48)
[0m[1;31m[RLC]    error decoding control PDU, discarding
[0m[1;31m[RLC]    bad NACK, bigger than ACK (nack 15 ack 20) (tx_next_ack 16 tx_next 48)
[0m[1;31m[RLC]    error decoding control PDU, discarding
[0m[1;31m[RLC]    bad NACK, bigger than ACK (nack 15 ack 20) (tx_next_ack 16 tx_next 49)
[0m[1;31m[RLC]    error decoding control PDU, discarding
[0m[1;31m[RLC]    bad NACK, bigger than ACK (nack 15 ack 20) (tx_next_ack 16 tx_next 49)
[0m[1;31m[RLC]    error decoding control PDU, discarding
[0m[1;31m[RLC]    bad NACK, bigger than ACK (nack 15 ack 17) (tx_next_ack 16 tx_next 49)
[0m[1;31m[RLC]    error decoding control PDU, discarding
[0m[NR_MAC] [508.1] Received TA_COMMAND 35 TAGID 0 CC_id 0 
[0m[1;31m[RLC]    bad NACK, bigger than ACK (nack 15 ack 20) (tx_next_ack 16 tx_next 49)
[0m[1;31m[RLC]    error decoding control PDU, discarding
[0m[1;31m[RLC]    bad NACK, bigger than ACK (nack 15 ack 20) (tx_next_ack 16 tx_next 49)
[0m[1;31m[RLC]    error decoding control PDU, discarding
[0m[NR_MAC] UE 0 RNTI 5e5d stats sfn: 512.4, cumulated bad DCI 0
    DL harq: 2236/190/13/1
    UL harq: 6134/5970/4120/1510 avg code rate 0.1, avg bit/symbol 2.0, avg per TB: (nb RBs 5.0, nb symbols 13.0)
[0m[1;31m[RLC]    bad NACK, bigger than ACK (nack 15 ack 21) (tx_next_ack 16 tx_next 49)
[0m[1;31m[RLC]    error decoding control PDU, discarding
[0m[1;31m[RLC]    bad NACK, bigger than ACK (nack 15 ack 17) (tx_next_ack 16 tx_next 49)
[0m[1;31m[RLC]    error decoding control PDU, discarding
[0m[1;31m[RLC]    bad NACK, bigger than ACK (nack 15 ack 21) (tx_next_ack 16 tx_next 49)
[0m[1;31m[RLC]    error decoding control PDU, discarding
[0m[1;31m[RLC]    bad NACK, bigger than ACK (nack 15 ack 21) (tx_next_ack 16 tx_next 49)
[0m[1;31m[RLC]    error decoding control PDU, discarding
[0m[1;31m[RLC]    bad NACK, bigger than ACK (nack 15 ack 21) (tx_next_ack 16 tx_next 49)
[0m[1;31m[RLC]    error decoding control PDU, discarding
[0m[1;31m[RLC]    bad NACK, bigger than ACK (nack 15 ack 21) (tx_next_ack 16 tx_next 49)
[0m[1;31m[RLC]    error decoding control PDU, discarding
[0m[1;31m[RLC]    bad NACK, bigger than ACK (nack 15 ack 21) (tx_next_ack 16 tx_next 49)
[0m[1;31m[RLC]    error decoding control PDU, discarding
[0m[1;31m[RLC]    bad NACK, bigger than ACK (nack 15 ack 21) (tx_next_ack 16 tx_next 49)
[0m[1;31m[RLC]    error decoding control PDU, discarding
[0m[1;31m[RLC]    bad NACK, bigger than ACK (nack 15 ack 21) (tx_next_ack 16 tx_next 49)
[0m[1;31m[RLC]    error decoding control PDU, discarding
[0m[1;31m[RLC]    bad NACK, bigger than ACK (nack 15 ack 17) (tx_next_ack 16 tx_next 49)
[0m[1;31m[RLC]    error decoding control PDU, discarding
[0m[1;31m[RLC]    bad NACK, bigger than ACK (nack 15 ack 21) (tx_next_ack 16 tx_next 49)
[0m[1;31m[RLC]    error decoding control PDU, discarding
[0m[1;31m[RLC]    bad NACK, bigger than ACK (nack 15 ack 22) (tx_next_ack 16 tx_next 49)
[0m[1;31m[RLC]    error decoding control PDU, discarding
[0m[1;31m[RLC]    bad NACK, bigger than ACK (nack 15 ack 22) (tx_next_ack 16 tx_next 49)
[0m[1;31m[RLC]    error decoding control PDU, discarding
[0m[1;31m[RLC]    bad NACK, bigger than ACK (nack 15 ack 22) (tx_next_ack 16 tx_next 49)
[0m[1;31m[RLC]    error decoding control PDU, discarding
[0m[1;31m[RLC]    bad NACK, bigger than ACK (nack 15 ack 18) (tx_next_ack 16 tx_next 49)
[0m[1;31m[RLC]    error decoding control PDU, discarding
[0m[1;31m[RLC]    bad NACK, bigger than ACK (nack 15 ack 22) (tx_next_ack 16 tx_next 49)
[0m[1;31m[RLC]    error decoding control PDU, discarding
[0m[1;31m[RLC]    bad NACK, bigger than ACK (nack 15 ack 22) (tx_next_ack 16 tx_next 49)
[0m[1;31m[RLC]    error decoding control PDU, discarding
[0m[1;31m[RLC]    bad NACK, bigger than ACK (nack 15 ack 22) (tx_next_ack 16 tx_next 49)
[0m[1;31m[RLC]    error decoding control PDU, discarding
[0m[1;31m[RLC]    bad NACK, bigger than ACK (nack 15 ack 22) (tx_next_ack 16 tx_next 49)
[0m[1;31m[RLC]    error decoding control PDU, discarding
[0m[1;31m[RLC]    bad NACK, bigger than ACK (nack 15 ack 22) (tx_next_ack 16 tx_next 49)
[0m[1;31m[RLC]    error decoding control PDU, discarding
[0m[1;31m[RLC]    bad NACK, bigger than ACK (nack 15 ack 18) (tx_next_ack 16 tx_next 49)
[0m[1;31m[RLC]    error decoding control PDU, discarding
[0m[1;31m[RLC]    bad NACK, bigger than ACK (nack 15 ack 22) (tx_next_ack 16 tx_next 49)
[0m[1;31m[RLC]    error decoding control PDU, discarding
[0m[1;31m[RLC]    bad NACK, bigger than ACK (nack 15 ack 22) (tx_next_ack 16 tx_next 49)
[0m[1;31m[RLC]    error decoding control PDU, discarding
[0m[1;31m[RLC]    bad NACK, bigger than ACK (nack 15 ack 22) (tx_next_ack 16 tx_next 49)
[0m[1;31m[RLC]    error decoding control PDU, discarding
[0m[1;31m[RLC]    bad NACK, bigger than ACK (nack 15 ack 22) (tx_next_ack 16 tx_next 49)
[0m[1;31m[RLC]    error decoding control PDU, discarding
[0m[1;31m[RLC]    bad NACK, bigger than ACK (nack 15 ack 22) (tx_next_ack 16 tx_next 49)
[0m[1;31m[RLC]    error decoding control PDU, discarding
[0m[1;31m[RLC]    bad NACK, bigger than ACK (nack 15 ack 22) (tx_next_ack 16 tx_next 49)
[0m[1;31m[RLC]    error decoding control PDU, discarding
[0m[1;31m[RLC]    bad NACK, bigger than ACK (nack 15 ack 18) (tx_next_ack 16 tx_next 49)
[0m[1;31m[RLC]    error decoding control PDU, discarding
[0m[1;31m[RLC]    bad NACK, bigger than ACK (nack 15 ack 22) (tx_next_ack 16 tx_next 49)
[0m[1;31m[RLC]    error decoding control PDU, discarding
[0m[1;31m[RLC]    bad NACK, bigger than ACK (nack 15 ack 22) (tx_next_ack 16 tx_next 49)
[0m[1;31m[RLC]    error decoding control PDU, discarding
[0m[1;31m[RLC]    bad NACK, bigger than ACK (nack 15 ack 22) (tx_next_ack 16 tx_next 49)
[0m[1;31m[RLC]    error decoding control PDU, discarding
[0m[1;31m[RLC]    bad NACK, bigger than ACK (nack 15 ack 22) (tx_next_ack 16 tx_next 49)
[0m[1;31m[RLC]    error decoding control PDU, discarding
[0m[1;31m[RLC]    bad NACK, bigger than ACK (nack 15 ack 22) (tx_next_ack 16 tx_next 49)
[0m[1;31m[RLC]    error decoding control PDU, discarding
[0m[1;31m[RLC]    bad NACK, bigger than ACK (nack 15 ack 21) (tx_next_ack 16 tx_next 49)
[0m[1;31m[RLC]    error decoding control PDU, discarding
[0m[1;31m[RLC]    bad NACK, bigger than ACK (nack 15 ack 17) (tx_next_ack 16 tx_next 49)
[0m[1;31m[RLC]    error decoding control PDU, discarding
[0m[1;31m[RLC]    bad NACK, bigger than ACK (nack 15 ack 21) (tx_next_ack 16 tx_next 49)
[0m[1;31m[RLC]    error decoding control PDU, discarding
[0m[1;31m[RLC]    bad NACK, bigger than ACK (nack 15 ack 21) (tx_next_ack 16 tx_next 49)
[0m[1;31m[RLC]    error decoding control PDU, discarding
[0m[1;31m[RLC]    bad NACK, bigger than ACK (nack 15 ack 21) (tx_next_ack 16 tx_next 49)
[0m[1;31m[RLC]    error decoding control PDU, discarding
[0m[1;31m[RLC]    bad NACK, bigger than ACK (nack 15 ack 21) (tx_next_ack 16 tx_next 49)
[0m[1;31m[RLC]    error decoding control PDU, discarding
[0m[1;31m[RLC]    bad NACK, bigger than ACK (nack 15 ack 21) (tx_next_ack 16 tx_next 49)
[0m[1;31m[RLC]    error decoding control PDU, discarding
[0m[1;31m[RLC]    bad NACK, bigger than ACK (nack 15 ack 21) (tx_next_ack 16 tx_next 49)
[0m[1;31m[RLC]    error decoding control PDU, discarding
[0m[1;31m[RLC]    bad NACK, bigger than ACK (nack 15 ack 21) (tx_next_ack 16 tx_next 49)
[0m[1;31m[RLC]    error decoding control PDU, discarding
[0m[1;31m[RLC]    bad NACK, bigger than ACK (nack 15 ack 21) (tx_next_ack 16 tx_next 49)
[0m[1;31m[RLC]    error decoding control PDU, discarding
[0m[1;31m[RLC]    bad NACK, bigger than ACK (nack 15 ack 21) (tx_next_ack 16 tx_next 49)
[0m[1;31m[RLC]    error decoding control PDU, discarding
[0m[1;31m[RLC]    bad NACK, bigger than ACK (nack 15 ack 20) (tx_next_ack 16 tx_next 49)
[0m[1;31m[RLC]    error decoding control PDU, discarding
[0m[1;31m[RLC]    bad NACK, bigger than ACK (nack 15 ack 20) (tx_next_ack 16 tx_next 49)
[0m[1;31m[RLC]    error decoding control PDU, discarding
[0m[1;31m[RLC]    bad NACK, bigger than ACK (nack 15 ack 17) (tx_next_ack 16 tx_next 49)
[0m[1;31m[RLC]    error decoding control PDU, discarding
[0m[1;31m[RLC]    bad NACK, bigger than ACK (nack 15 ack 20) (tx_next_ack 16 tx_next 49)
[0m[1;31m[RLC]    error decoding control PDU, discarding
[0m[1;31m[RLC]    bad NACK, bigger than ACK (nack 15 ack 20) (tx_next_ack 16 tx_next 49)
[0m[1;31m[RLC]    error decoding control PDU, discarding
[0m[1;31m[RLC]    bad NACK, bigger than ACK (nack 15 ack 20) (tx_next_ack 16 tx_next 49)
[0m[1;31m[RLC]    error decoding control PDU, discarding
[0m[1;31m[RLC]    bad NACK, bigger than ACK (nack 15 ack 20) (tx_next_ack 16 tx_next 49)
[0m[1;31m[RLC]    error decoding control PDU, discarding
[0m[1;31m[RLC]    bad NACK, bigger than ACK (nack 15 ack 17) (tx_next_ack 16 tx_next 49)
[0m[1;31m[RLC]    error decoding control PDU, discarding
[0m[1;31m[RLC]    bad NACK, bigger than ACK (nack 15 ack 20) (tx_next_ack 16 tx_next 49)
[0m[1;31m[RLC]    error decoding control PDU, discarding
[0m[1;31m[RLC]    bad NACK, bigger than ACK (nack 15 ack 20) (tx_next_ack 16 tx_next 49)
[0m[1;31m[RLC]    error decoding control PDU, discarding
[0m[1;31m[RLC]    bad NACK, bigger than ACK (nack 15 ack 20) (tx_next_ack 16 tx_next 49)
[0m[1;31m[RLC]    error decoding control PDU, discarding
[0m[1;31m[RLC]    bad NACK, bigger than ACK (nack 15 ack 20) (tx_next_ack 16 tx_next 49)
[0m[1;31m[RLC]    error decoding control PDU, discarding
[0m[1;31m[RLC]    bad NACK, bigger than ACK (nack 15 ack 17) (tx_next_ack 16 tx_next 49)
[0m[1;31m[RLC]    error decoding control PDU, discarding
[0m[1;31m[RLC]    bad NACK, bigger than ACK (nack 15 ack 20) (tx_next_ack 16 tx_next 49)
[0m[1;31m[RLC]    error decoding control PDU, discarding
[0m[1;31m[RLC]    bad NACK, bigger than ACK (nack 15 ack 20) (tx_next_ack 16 tx_next 50)
[0m[1;31m[RLC]    error decoding control PDU, discarding
[0m[1;31m[RLC]    bad NACK, bigger than ACK (nack 15 ack 20) (tx_next_ack 16 tx_next 50)
[0m[1;31m[RLC]    error decoding control PDU, discarding
[0m[1;31m[RLC]    bad NACK, bigger than ACK (nack 15 ack 20) (tx_next_ack 16 tx_next 50)
[0m[1;31m[RLC]    error decoding control PDU, discarding
[0m[1;31m[RLC]    bad NACK, bigger than ACK (nack 15 ack 17) (tx_next_ack 16 tx_next 50)
[0m[1;31m[RLC]    error decoding control PDU, discarding
[0m[1;31m[RLC]    bad NACK, bigger than ACK (nack 15 ack 20) (tx_next_ack 16 tx_next 50)
[0m[1;31m[RLC]    error decoding control PDU, discarding
[0m[1;31m[RLC]    bad NACK, bigger than ACK (nack 15 ack 20) (tx_next_ack 16 tx_next 50)
[0m[1;31m[RLC]    error decoding control PDU, discarding
[0m[1;31m[RLC]    bad NACK, bigger than ACK (nack 15 ack 20) (tx_next_ack 16 tx_next 50)
[0m[1;31m[RLC]    error decoding control PDU, discarding
[0m[1;31m[RLC]    bad NACK, bigger than ACK (nack 15 ack 20) (tx_next_ack 16 tx_next 50)
[0m[1;31m[RLC]    error decoding control PDU, discarding
[0m[1;31m[RLC]    bad NACK, bigger than ACK (nack 15 ack 20) (tx_next_ack 16 tx_next 50)
[0m[1;31m[RLC]    error decoding control PDU, discarding
[0m[1;31m[RLC]    bad NACK, bigger than ACK (nack 15 ack 20) (tx_next_ack 16 tx_next 50)
[0m[1;31m[RLC]    error decoding control PDU, discarding
[0m[1;31m[RLC]    bad NACK, bigger than ACK (nack 15 ack 20) (tx_next_ack 16 tx_next 50)
[0m[1;31m[RLC]    error decoding control PDU, discarding
[0m[1;31m[RLC]    bad NACK, bigger than ACK (nack 15 ack 17) (tx_next_ack 16 tx_next 50)
[0m[1;31m[RLC]    error decoding control PDU, discarding
[0m[1;31m[RLC]    bad NACK, bigger than ACK (nack 15 ack 20) (tx_next_ack 16 tx_next 50)
[0m[1;31m[RLC]    error decoding control PDU, discarding
[0m[NR_MAC] UE 0 RNTI 5e5d stats sfn: 640.4, cumulated bad DCI 0
    DL harq: 2308/202/13/1
    UL harq: 6304/6132/4243/1567 avg code rate 0.1, avg bit/symbol 2.0, avg per TB: (nb RBs 5.0, nb symbols 13.0)
[0m[1;31m[RLC]    bad NACK, bigger than ACK (nack 15 ack 20) (tx_next_ack 16 tx_next 50)
[0m[1;31m[RLC]    error decoding control PDU, discarding
[0m[1;31m[RLC]    bad NACK, bigger than ACK (nack 15 ack 20) (tx_next_ack 16 tx_next 50)
[0m[1;31m[RLC]    error decoding control PDU, discarding
[0m[1;31m[RLC]    bad NACK, bigger than ACK (nack 15 ack 20) (tx_next_ack 16 tx_next 50)
[0m[1;31m[RLC]    error decoding control PDU, discarding
[0m[1;31m[RLC]    bad NACK, bigger than ACK (nack 15 ack 20) (tx_next_ack 16 tx_next 50)
[0m[1;31m[RLC]    error decoding control PDU, discarding
[0m[1;31m[RLC]    bad NACK, bigger than ACK (nack 15 ack 17) (tx_next_ack 16 tx_next 50)
[0m[1;31m[RLC]    error decoding control PDU, discarding
[0m[1;31m[RLC]    bad NACK, bigger than ACK (nack 15 ack 20) (tx_next_ack 16 tx_next 50)
[0m[1;31m[RLC]    error decoding control PDU, discarding
[0m[1;31m[RLC]    bad NACK, bigger than ACK (nack 15 ack 20) (tx_next_ack 16 tx_next 50)
[0m[1;31m[RLC]    error decoding control PDU, discarding
[0m[1;31m[RLC]    bad NACK, bigger than ACK (nack 15 ack 17) (tx_next_ack 16 tx_next 50)
[0m[1;31m[RLC]    error decoding control PDU, discarding
[0m[1;31m[RLC]    bad NACK, bigger than ACK (nack 15 ack 20) (tx_next_ack 16 tx_next 50)
[0m[1;31m[RLC]    error decoding control PDU, discarding
[0m[1;31m[RLC]    bad NACK, bigger than ACK (nack 15 ack 20) (tx_next_ack 16 tx_next 50)
[0m[1;31m[RLC]    error decoding control PDU, discarding
[0m[1;31m[RLC]    bad NACK, bigger than ACK (nack 15 ack 20) (tx_next_ack 16 tx_next 50)
[0m[1;31m[RLC]    error decoding control PDU, discarding
[0m[1;31m[RLC]    bad NACK, bigger than ACK (nack 15 ack 17) (tx_next_ack 16 tx_next 50)
[0m[1;31m[RLC]    error decoding control PDU, discarding
[0m[1;31m[RLC]    bad NACK, bigger than ACK (nack 15 ack 20) (tx_next_ack 16 tx_next 50)
[0m[1;31m[RLC]    error decoding control PDU, discarding
[0m[1;31m[RLC]    bad NACK, bigger than ACK (nack 15 ack 20) (tx_next_ack 16 tx_next 50)
[0m[1;31m[RLC]    error decoding control PDU, discarding
[0m[1;31m[RLC]    bad NACK, bigger than ACK (nack 15 ack 20) (tx_next_ack 16 tx_next 50)
[0m[1;31m[RLC]    error decoding control PDU, discarding
[0m[1;31m[RLC]    bad NACK, bigger than ACK (nack 15 ack 20) (tx_next_ack 16 tx_next 50)
[0m[1;31m[RLC]    error decoding control PDU, discarding
[0m[1;31m[RLC]    bad NACK, bigger than ACK (nack 15 ack 17) (tx_next_ack 16 tx_next 50)
[0m[1;31m[RLC]    error decoding control PDU, discarding
[0m[1;31m[RLC]    bad NACK, bigger than ACK (nack 15 ack 20) (tx_next_ack 16 tx_next 50)
[0m[1;31m[RLC]    error decoding control PDU, discarding
[0m[1;31m[RLC]    bad NACK, bigger than ACK (nack 15 ack 20) (tx_next_ack 16 tx_next 50)
[0m[1;31m[RLC]    error decoding control PDU, discarding
[0m[1;31m[RLC]    bad NACK, bigger than ACK (nack 15 ack 20) (tx_next_ack 16 tx_next 50)
[0m[1;31m[RLC]    error decoding control PDU, discarding
[0m[1;31m[RLC]    bad NACK, bigger than ACK (nack 15 ack 20) (tx_next_ack 16 tx_next 50)
[0m[1;31m[RLC]    error decoding control PDU, discarding
[0m[1;31m[RLC]    bad NACK, bigger than ACK (nack 15 ack 17) (tx_next_ack 16 tx_next 50)
[0m[1;31m[RLC]    error decoding control PDU, discarding
[0m[1;31m[RLC]    bad NACK, bigger than ACK (nack 15 ack 20) (tx_next_ack 16 tx_next 50)
[0m[1;31m[RLC]    error decoding control PDU, discarding
[0m[1;31m[RLC]    bad NACK, bigger than ACK (nack 15 ack 20) (tx_next_ack 16 tx_next 50)
[0m[1;31m[RLC]    error decoding control PDU, discarding
[0m[1;31m[RLC]    bad NACK, bigger than ACK (nack 15 ack 20) (tx_next_ack 16 tx_next 50)
[0m[1;31m[RLC]    error decoding control PDU, discarding
[0m[1;31m[RLC]    bad NACK, bigger than ACK (nack 15 ack 20) (tx_next_ack 16 tx_next 50)
[0m[1;31m[RLC]    error decoding control PDU, discarding
[0m[1;31m[RLC]    bad NACK, bigger than ACK (nack 15 ack 20) (tx_next_ack 16 tx_next 50)
[0m[1;31m[RLC]    error decoding control PDU, discarding
[0m[1;31m[RLC]    bad NACK, bigger than ACK (nack 15 ack 20) (tx_next_ack 16 tx_next 50)
[0m[1;31m[RLC]    error decoding control PDU, discarding
[0m[1;31m[RLC]    bad NACK, bigger than ACK (nack 15 ack 17) (tx_next_ack 16 tx_next 50)
[0m[1;31m[RLC]    error decoding control PDU, discarding
[0m[1;31m[RLC]    bad NACK, bigger than ACK (nack 15 ack 20) (tx_next_ack 16 tx_next 50)
[0m[1;31m[RLC]    error decoding control PDU, discarding
[0m[1;31m[RLC]    bad NACK, bigger than ACK (nack 15 ack 20) (tx_next_ack 16 tx_next 50)
[0m[1;31m[RLC]    error decoding control PDU, discarding
[0m[1;31m[RLC]    bad NACK, bigger than ACK (nack 15 ack 20) (tx_next_ack 16 tx_next 50)
[0m[1;31m[RLC]    error decoding control PDU, discarding
[0m[1;31m[RLC]    bad NACK, bigger than ACK (nack 15 ack 20) (tx_next_ack 16 tx_next 50)
[0m[1;31m[RLC]    error decoding control PDU, discarding
[0m[1;31m[RLC]    bad NACK, bigger than ACK (nack 15 ack 20) (tx_next_ack 16 tx_next 50)
[0m[1;31m[RLC]    error decoding control PDU, discarding
[0m[1;31m[RLC]    bad NACK, bigger than ACK (nack 15 ack 17) (tx_next_ack 16 tx_next 50)
[0m[1;31m[RLC]    error decoding control PDU, discarding
[0m[1;31m[RLC]    bad NACK, bigger than ACK (nack 15 ack 20) (tx_next_ack 16 tx_next 50)
[0m[1;31m[RLC]    error decoding control PDU, discarding
[0m[1;31m[RLC]    bad NACK, bigger than ACK (nack 15 ack 20) (tx_next_ack 16 tx_next 50)
[0m[1;31m[RLC]    error decoding control PDU, discarding
[0m[1;31m[RLC]    bad NACK, bigger than ACK (nack 15 ack 20) (tx_next_ack 16 tx_next 50)
[0m[1;31m[RLC]    error decoding control PDU, discarding
[0m[1;31m[RLC]    bad NACK, bigger than ACK (nack 15 ack 20) (tx_next_ack 16 tx_next 50)
[0m[1;31m[RLC]    error decoding control PDU, discarding
[0m[1;31m[RLC]    bad NACK, bigger than ACK (nack 15 ack 20) (tx_next_ack 16 tx_next 50)
[0m[1;31m[RLC]    error decoding control PDU, discarding
[0m[1;31m[RLC]    bad NACK, bigger than ACK (nack 15 ack 20) (tx_next_ack 16 tx_next 50)
[0m[1;31m[RLC]    error decoding control PDU, discarding
[0m[1;31m[RLC]    bad NACK, bigger than ACK (nack 15 ack 20) (tx_next_ack 16 tx_next 50)
[0m[1;31m[RLC]    error decoding control PDU, discarding
[0m[1;31m[RLC]    bad NACK, bigger than ACK (nack 15 ack 20) (tx_next_ack 16 tx_next 50)
[0m[1;31m[RLC]    error decoding control PDU, discarding
[0m[1;31m[RLC]    bad NACK, bigger than ACK (nack 15 ack 20) (tx_next_ack 16 tx_next 50)
[0m[1;31m[RLC]    error decoding control PDU, discarding
[0m[1;31m[RLC]    bad NACK, bigger than ACK (nack 15 ack 20) (tx_next_ack 16 tx_next 50)
[0m[1;31m[RLC]    error decoding control PDU, discarding
[0m[1;31m[RLC]    bad NACK, bigger than ACK (nack 15 ack 20) (tx_next_ack 16 tx_next 50)
[0m[1;31m[RLC]    error decoding control PDU, discarding
[0m[1;31m[RLC]    bad NACK, bigger than ACK (nack 15 ack 20) (tx_next_ack 16 tx_next 50)
[0m[1;31m[RLC]    error decoding control PDU, discarding
[0m[1;31m[RLC]    bad NACK, bigger than ACK (nack 15 ack 20) (tx_next_ack 16 tx_next 50)
[0m[1;31m[RLC]    error decoding control PDU, discarding
[0m[1;31m[RLC]    bad NACK, bigger than ACK (nack 15 ack 21) (tx_next_ack 16 tx_next 50)
[0m[1;31m[RLC]    error decoding control PDU, discarding
[0m[1;31m[RLC]    bad NACK, bigger than ACK (nack 15 ack 21) (tx_next_ack 16 tx_next 50)
[0m[1;31m[RLC]    error decoding control PDU, discarding
[0m[1;31m[RLC]    bad NACK, bigger than ACK (nack 15 ack 21) (tx_next_ack 16 tx_next 51)
[0m[1;31m[RLC]    error decoding control PDU, discarding
[0m[1;31m[RLC]    bad NACK, bigger than ACK (nack 15 ack 17) (tx_next_ack 16 tx_next 51)
[0m[1;31m[RLC]    error decoding control PDU, discarding
[0m[1;31m[RLC]    bad NACK, bigger than ACK (nack 15 ack 21) (tx_next_ack 16 tx_next 51)
[0m[1;31m[RLC]    error decoding control PDU, discarding
[0m[1;31m[RLC]    bad NACK, bigger than ACK (nack 15 ack 21) (tx_next_ack 16 tx_next 51)
[0m[1;31m[RLC]    error decoding control PDU, discarding
[0m[1;31m[RLC]    bad NACK, bigger than ACK (nack 15 ack 21) (tx_next_ack 16 tx_next 51)
[0m[1;31m[RLC]    error decoding control PDU, discarding
[0m[1;31m[RLC]    bad NACK, bigger than ACK (nack 15 ack 21) (tx_next_ack 16 tx_next 51)
[0m[1;31m[RLC]    error decoding control PDU, discarding
[0m[1;31m[RLC]    bad NACK, bigger than ACK (nack 15 ack 17) (tx_next_ack 16 tx_next 51)
[0m[1;31m[RLC]    error decoding control PDU, discarding
[0m[1;31m[RLC]    bad NACK, bigger than ACK (nack 15 ack 21) (tx_next_ack 16 tx_next 51)
[0m[1;31m[RLC]    error decoding control PDU, discarding
[0m[1;31m[RLC]    bad NACK, bigger than ACK (nack 15 ack 21) (tx_next_ack 16 tx_next 51)
[0m[1;31m[RLC]    error decoding control PDU, discarding
[0m[1;31m[RLC]    bad NACK, bigger than ACK (nack 15 ack 22) (tx_next_ack 16 tx_next 51)
[0m[1;31m[RLC]    error decoding control PDU, discarding
[0m[1;31m[RLC]    bad NACK, bigger than ACK (nack 15 ack 22) (tx_next_ack 16 tx_next 51)
[0m[1;31m[RLC]    error decoding control PDU, discarding
[0m[1;31m[RLC]    bad NACK, bigger than ACK (nack 15 ack 18) (tx_next_ack 16 tx_next 51)
[0m[1;31m[RLC]    error decoding control PDU, discarding
[0m[1;31m[RLC]    bad NACK, bigger than ACK (nack 15 ack 22) (tx_next_ack 16 tx_next 51)
[0m[1;31m[RLC]    error decoding control PDU, discarding
[0m[1;31m[RLC]    bad NACK, bigger than ACK (nack 15 ack 22) (tx_next_ack 16 tx_next 51)
[0m[1;31m[RLC]    error decoding control PDU, discarding
[0m[1;31m[RLC]    bad NACK, bigger than ACK (nack 15 ack 18) (tx_next_ack 16 tx_next 51)
[0m[1;31m[RLC]    error decoding control PDU, discarding
[0m[1;31m[RLC]    bad NACK, bigger than ACK (nack 15 ack 22) (tx_next_ack 16 tx_next 51)
[0m[1;31m[RLC]    error decoding control PDU, discarding
[0m[1;31m[RLC]    bad NACK, bigger than ACK (nack 15 ack 22) (tx_next_ack 16 tx_next 51)
[0m[1;31m[RLC]    error decoding control PDU, discarding
[0m[1;31m[RLC]    bad NACK, bigger than ACK (nack 15 ack 22) (tx_next_ack 16 tx_next 51)
[0m[1;31m[RLC]    error decoding control PDU, discarding
[0m[NR_MAC] UE 0 RNTI 5e5d stats sfn: 768.4, cumulated bad DCI 0
    DL harq: 2377/207/13/1
    UL harq: 6480/6300/4364/1614 avg code rate 0.1, avg bit/symbol 2.0, avg per TB: (nb RBs 5.0, nb symbols 13.0)
[0m[1;31m[RLC]    bad NACK, bigger than ACK (nack 15 ack 22) (tx_next_ack 16 tx_next 51)
[0m[1;31m[RLC]    error decoding control PDU, discarding
[0m[1;31m[RLC]    bad NACK, bigger than ACK (nack 15 ack 22) (tx_next_ack 16 tx_next 51)
[0m[1;31m[RLC]    error decoding control PDU, discarding
[0m[1;31m[RLC]    bad NACK, bigger than ACK (nack 15 ack 18) (tx_next_ack 16 tx_next 51)
[0m[1;31m[RLC]    error decoding control PDU, discarding
[0m[1;31m[RLC]    bad NACK, bigger than ACK (nack 15 ack 22) (tx_next_ack 16 tx_next 51)
[0m[1;31m[RLC]    error decoding control PDU, discarding
[0m[1;31m[RLC]    bad NACK, bigger than ACK (nack 15 ack 22) (tx_next_ack 16 tx_next 51)
[0m[1;31m[RLC]    error decoding control PDU, discarding
[0m[1;31m[RLC]    bad NACK, bigger than ACK (nack 15 ack 22) (tx_next_ack 16 tx_next 51)
[0m[1;31m[RLC]    error decoding control PDU, discarding
[0m[1;31m[RLC]    bad NACK, bigger than ACK (nack 15 ack 18) (tx_next_ack 16 tx_next 51)
[0m[1;31m[RLC]    error decoding control PDU, discarding
[0m[1;31m[RLC]    bad NACK, bigger than ACK (nack 15 ack 22) (tx_next_ack 16 tx_next 51)
[0m[1;31m[RLC]    error decoding control PDU, discarding
[0m[1;31m[RLC]    bad NACK, bigger than ACK (nack 15 ack 22) (tx_next_ack 16 tx_next 51)
[0m[1;31m[RLC]    error decoding control PDU, discarding
[0m[1;31m[RLC]    bad NACK, bigger than ACK (nack 15 ack 22) (tx_next_ack 16 tx_next 51)
[0m[1;31m[RLC]    error decoding control PDU, discarding
[0m[1;31m[RLC]    bad NACK, bigger than ACK (nack 15 ack 22) (tx_next_ack 16 tx_next 51)
[0m[1;31m[RLC]    error decoding control PDU, discarding
[0m[1;31m[RLC]    bad NACK, bigger than ACK (nack 15 ack 22) (tx_next_ack 16 tx_next 51)
[0m[1;31m[RLC]    error decoding control PDU, discarding
[0m[1;31m[RLC]    bad NACK, bigger than ACK (nack 15 ack 21) (tx_next_ack 16 tx_next 51)
[0m[1;31m[RLC]    error decoding control PDU, discarding
[0m[1;31m[RLC]    bad NACK, bigger than ACK (nack 15 ack 21) (tx_next_ack 16 tx_next 51)
[0m[1;31m[RLC]    error decoding control PDU, discarding
[0m[1;31m[RLC]    bad NACK, bigger than ACK (nack 15 ack 17) (tx_next_ack 16 tx_next 51)
[0m[1;31m[RLC]    error decoding control PDU, discarding
[0m[1;31m[RLC]    bad NACK, bigger than ACK (nack 15 ack 21) (tx_next_ack 16 tx_next 51)
[0m[1;31m[RLC]    error decoding control PDU, discarding
[0m[1;31m[RLC]    bad NACK, bigger than ACK (nack 15 ack 21) (tx_next_ack 16 tx_next 51)
[0m[1;31m[RLC]    error decoding control PDU, discarding
[0m[1;31m[RLC]    bad NACK, bigger than ACK (nack 15 ack 21) (tx_next_ack 16 tx_next 51)
[0m[1;31m[RLC]    error decoding control PDU, discarding
[0m[1;31m[RLC]    bad NACK, bigger than ACK (nack 15 ack 17) (tx_next_ack 16 tx_next 51)
[0m[1;31m[RLC]    error decoding control PDU, discarding
[0m[1;31m[RLC]    bad NACK, bigger than ACK (nack 15 ack 21) (tx_next_ack 16 tx_next 51)
[0m[1;31m[RLC]    error decoding control PDU, discarding
[0m[1;31m[RLC]    bad NACK, bigger than ACK (nack 15 ack 21) (tx_next_ack 16 tx_next 51)
[0m[1;31m[RLC]    error decoding control PDU, discarding
[0m[1;31m[RLC]    bad NACK, bigger than ACK (nack 15 ack 21) (tx_next_ack 16 tx_next 51)
[0m[1;31m[RLC]    error decoding control PDU, discarding
[0m[1;31m[RLC]    bad NACK, bigger than ACK (nack 15 ack 21) (tx_next_ack 16 tx_next 51)
[0m[1;31m[RLC]    error decoding control PDU, discarding
[0m[1;31m[RLC]    bad NACK, bigger than ACK (nack 15 ack 20) (tx_next_ack 16 tx_next 51)
[0m[1;31m[RLC]    error decoding control PDU, discarding
[0m[1;31m[RLC]    bad NACK, bigger than ACK (nack 15 ack 20) (tx_next_ack 16 tx_next 51)
[0m[1;31m[RLC]    error decoding control PDU, discarding
[0m[1;31m[RLC]    bad NACK, bigger than ACK (nack 15 ack 20) (tx_next_ack 16 tx_next 51)
[0m[1;31m[RLC]    error decoding control PDU, discarding
[0m[1;31m[RLC]    bad NACK, bigger than ACK (nack 15 ack 20) (tx_next_ack 16 tx_next 51)
[0m[1;31m[RLC]    error decoding control PDU, discarding
[0m[1;31m[RLC]    bad NACK, bigger than ACK (nack 15 ack 20) (tx_next_ack 16 tx_next 51)
[0m[1;31m[RLC]    error decoding control PDU, discarding
[0m[1;31m[RLC]    bad NACK, bigger than ACK (nack 15 ack 20) (tx_next_ack 16 tx_next 51)
[0m[1;31m[RLC]    error decoding control PDU, discarding
[0m[1;31m[RLC]    bad NACK, bigger than ACK (nack 15 ack 20) (tx_next_ack 16 tx_next 51)
[0m[1;31m[RLC]    error decoding control PDU, discarding
[0m[1;31m[RLC]    bad NACK, bigger than ACK (nack 15 ack 20) (tx_next_ack 16 tx_next 51)
[0m[1;31m[RLC]    error decoding control PDU, discarding
[0m[1;31m[RLC]    bad NACK, bigger than ACK (nack 15 ack 17) (tx_next_ack 16 tx_next 51)
[0m[1;31m[RLC]    error decoding control PDU, discarding
[0m[1;31m[RLC]    bad NACK, bigger than ACK (nack 15 ack 20) (tx_next_ack 16 tx_next 51)
[0m[1;31m[RLC]    error decoding control PDU, discarding
[0m[1;31m[RLC]    bad NACK, bigger than ACK (nack 15 ack 20) (tx_next_ack 16 tx_next 51)
[0m[1;31m[RLC]    error decoding control PDU, discarding
[0m[1;31m[RLC]    bad NACK, bigger than ACK (nack 15 ack 17) (tx_next_ack 16 tx_next 51)
[0m[1;31m[RLC]    error decoding control PDU, discarding
[0m[1;31m[RLC]    bad NACK, bigger than ACK (nack 15 ack 19) (tx_next_ack 16 tx_next 51)
[0m[1;31m[RLC]    error decoding control PDU, discarding
[0m[1;31m[RLC]    bad NACK, bigger than ACK (nack 15 ack 19) (tx_next_ack 16 tx_next 51)
[0m[1;31m[RLC]    error decoding control PDU, discarding
[0m[1;31m[RLC]    bad NACK, bigger than ACK (nack 15 ack 19) (tx_next_ack 16 tx_next 51)
[0m[1;31m[RLC]    error decoding control PDU, discarding
[0m[1;31m[RLC]    bad NACK, bigger than ACK (nack 15 ack 19) (tx_next_ack 16 tx_next 51)
[0m[1;31m[RLC]    error decoding control PDU, discarding
[0m[1;31m[RLC]    bad NACK, bigger than ACK (nack 15 ack 17) (tx_next_ack 16 tx_next 51)
[0m[1;31m[RLC]    error decoding control PDU, discarding
[0m[1;31m[RLC]    bad NACK, bigger than ACK (nack 15 ack 19) (tx_next_ack 16 tx_next 52)
[0m[1;31m[RLC]    error decoding control PDU, discarding
[0m[1;31m[RLC]    bad NACK, bigger than ACK (nack 15 ack 19) (tx_next_ack 16 tx_next 52)
[0m[1;31m[RLC]    error decoding control PDU, discarding
[0m[1;31m[RLC]    bad NACK, bigger than ACK (nack 15 ack 17) (tx_next_ack 16 tx_next 52)
[0m[1;31m[RLC]    error decoding control PDU, discarding
[0m[1;31m[RLC]    bad NACK, bigger than ACK (nack 15 ack 19) (tx_next_ack 16 tx_next 52)
[0m[1;31m[RLC]    error decoding control PDU, discarding
[0m[1;31m[RLC]    bad NACK, bigger than ACK (nack 15 ack 19) (tx_next_ack 16 tx_next 52)
[0m[1;31m[RLC]    error decoding control PDU, discarding
[0m[1;31m[RLC]    bad NACK, bigger than ACK (nack 15 ack 17) (tx_next_ack 16 tx_next 52)
[0m[1;31m[RLC]    error decoding control PDU, discarding
[0m[1;31m[RLC]    bad NACK, bigger than ACK (nack 15 ack 19) (tx_next_ack 16 tx_next 52)
[0m[1;31m[RLC]    error decoding control PDU, discarding
[0m[1;31m[RLC]    bad NACK, bigger than ACK (nack 15 ack 19) (tx_next_ack 16 tx_next 52)
[0m[1;31m[RLC]    error decoding control PDU, discarding
[0m[1;31m[RLC]    bad NACK, bigger than ACK (nack 15 ack 19) (tx_next_ack 16 tx_next 52)
[0m[1;31m[RLC]    error decoding control PDU, discarding
[0m[1;31m[RLC]    bad NACK, bigger than ACK (nack 15 ack 19) (tx_next_ack 16 tx_next 52)
[0m[1;31m[RLC]    error decoding control PDU, discarding
[0m[1;31m[RLC]    bad NACK, bigger than ACK (nack 15 ack 17) (tx_next_ack 16 tx_next 52)
[0m[1;31m[RLC]    error decoding control PDU, discarding
[0m[1;31m[RLC]    bad NACK, bigger than ACK (nack 15 ack 19) (tx_next_ack 16 tx_next 52)
[0m[1;31m[RLC]    error decoding control PDU, discarding
[0m[1;31m[RLC]    bad NACK, bigger than ACK (nack 15 ack 19) (tx_next_ack 16 tx_next 52)
[0m[1;31m[RLC]    error decoding control PDU, discarding
[0m[1;31m[RLC]    bad NACK, bigger than ACK (nack 15 ack 19) (tx_next_ack 16 tx_next 52)
[0m[1;31m[RLC]    error decoding control PDU, discarding
[0m[1;31m[RLC]    bad NACK, bigger than ACK (nack 15 ack 19) (tx_next_ack 16 tx_next 52)
[0m[1;31m[RLC]    error decoding control PDU, discarding
[0m[1;31m[RLC]    bad NACK, bigger than ACK (nack 15 ack 19) (tx_next_ack 16 tx_next 52)
[0m[1;31m[RLC]    error decoding control PDU, discarding
[0m[1;31m[RLC]    bad NACK, bigger than ACK (nack 15 ack 19) (tx_next_ack 16 tx_next 52)
[0m[1;31m[RLC]    error decoding control PDU, discarding
[0m[1;31m[RLC]    bad NACK, bigger than ACK (nack 15 ack 19) (tx_next_ack 16 tx_next 52)
[0m[1;31m[RLC]    error decoding control PDU, discarding
[0m[1;31m[RLC]    bad NACK, bigger than ACK (nack 15 ack 19) (tx_next_ack 16 tx_next 52)
[0m[1;31m[RLC]    error decoding control PDU, discarding
[0m[1;31m[RLC]    bad NACK, bigger than ACK (nack 15 ack 19) (tx_next_ack 16 tx_next 52)
[0m[1;31m[RLC]    error decoding control PDU, discarding
[0m[1;31m[RLC]    bad NACK, bigger than ACK (nack 15 ack 19) (tx_next_ack 16 tx_next 52)
[0m[1;31m[RLC]    error decoding control PDU, discarding
[0m[1;31m[RLC]    bad NACK, bigger than ACK (nack 15 ack 19) (tx_next_ack 16 tx_next 52)
[0m[1;31m[RLC]    error decoding control PDU, discarding
[0m[1;31m[RLC]    bad NACK, bigger than ACK (nack 15 ack 17) (tx_next_ack 16 tx_next 52)
[0m[1;31m[RLC]    error decoding control PDU, discarding
[0m[1;31m[RLC]    bad NACK, bigger than ACK (nack 15 ack 19) (tx_next_ack 16 tx_next 52)
[0m[1;31m[RLC]    error decoding control PDU, discarding
[0m[1;31m[RLC]    bad NACK, bigger than ACK (nack 15 ack 19) (tx_next_ack 16 tx_next 52)
[0m[1;31m[RLC]    error decoding control PDU, discarding
[0m[1;31m[RLC]    bad NACK, bigger than ACK (nack 15 ack 19) (tx_next_ack 16 tx_next 52)
[0m[1;31m[RLC]    error decoding control PDU, discarding
[0m[1;31m[RLC]    bad NACK, bigger than ACK (nack 15 ack 19) (tx_next_ack 16 tx_next 52)
[0m[1;31m[RLC]    error decoding control PDU, discarding
[0m[1;31m[RLC]    bad NACK, bigger than ACK (nack 15 ack 17) (tx_next_ack 16 tx_next 52)
[0m[1;31m[RLC]    error decoding control PDU, discarding
[0m[NR_MAC] UE 0 RNTI 5e5d stats sfn: 896.4, cumulated bad DCI 0
    DL harq: 2446/215/13/1
    UL harq: 6653/6468/4490/1659 avg code rate 0.1, avg bit/symbol 2.0, avg per TB: (nb RBs 5.0, nb symbols 13.0)
[0m[1;31m[RLC]    bad NACK, bigger than ACK (nack 15 ack 19) (tx_next_ack 16 tx_next 52)
[0m[1;31m[RLC]    error decoding control PDU, discarding
[0m[1;31m[RLC]    bad NACK, bigger than ACK (nack 15 ack 17) (tx_next_ack 16 tx_next 52)
[0m[1;31m[RLC]    error decoding control PDU, discarding
[0m[1;31m[RLC]    bad NACK, bigger than ACK (nack 15 ack 19) (tx_next_ack 16 tx_next 52)
[0m[1;31m[RLC]    error decoding control PDU, discarding
[0m[1;31m[RLC]    bad NACK, bigger than ACK (nack 15 ack 19) (tx_next_ack 16 tx_next 52)
[0m[1;31m[RLC]    error decoding control PDU, discarding
[0m[1;31m[RLC]    bad NACK, bigger than ACK (nack 15 ack 19) (tx_next_ack 16 tx_next 52)
[0m[1;31m[RLC]    error decoding control PDU, discarding
[0m[1;31m[RLC]    bad NACK, bigger than ACK (nack 15 ack 19) (tx_next_ack 16 tx_next 52)
[0m[1;31m[RLC]    error decoding control PDU, discarding
[0m[1;31m[RLC]    bad NACK, bigger than ACK (nack 15 ack 19) (tx_next_ack 16 tx_next 52)
[0m[1;31m[RLC]    error decoding control PDU, discarding
[0m[1;31m[RLC]    bad NACK, bigger than ACK (nack 15 ack 19) (tx_next_ack 16 tx_next 52)
[0m[1;31m[RLC]    error decoding control PDU, discarding
[0m[1;31m[RLC]    bad NACK, bigger than ACK (nack 15 ack 19) (tx_next_ack 16 tx_next 52)
[0m[1;31m[RLC]    error decoding control PDU, discarding
[0m[1;31m[RLC]    bad NACK, bigger than ACK (nack 15 ack 19) (tx_next_ack 16 tx_next 52)
[0m[1;31m[RLC]    error decoding control PDU, discarding
[0m[1;31m[RLC]    bad NACK, bigger than ACK (nack 15 ack 17) (tx_next_ack 16 tx_next 52)
[0m[1;31m[RLC]    error decoding control PDU, discarding
[0m[1;31m[RLC]    bad NACK, bigger than ACK (nack 15 ack 19) (tx_next_ack 16 tx_next 52)
[0m[1;31m[RLC]    error decoding control PDU, discarding
[0m[1;31m[RLC]    bad NACK, bigger than ACK (nack 15 ack 19) (tx_next_ack 16 tx_next 52)
[0m[1;31m[RLC]    error decoding control PDU, discarding
[0m[1;31m[RLC]    bad NACK, bigger than ACK (nack 15 ack 19) (tx_next_ack 16 tx_next 52)
[0m[1;31m[RLC]    error decoding control PDU, discarding
[0m[1;31m[RLC]    bad NACK, bigger than ACK (nack 15 ack 19) (tx_next_ack 16 tx_next 52)
[0m[1;31m[RLC]    error decoding control PDU, discarding
[0m[1;31m[RLC]    bad NACK, bigger than ACK (nack 15 ack 17) (tx_next_ack 16 tx_next 52)
[0m[1;31m[RLC]    error decoding control PDU, discarding
[0m[1;31m[RLC]    bad NACK, bigger than ACK (nack 15 ack 19) (tx_next_ack 16 tx_next 52)
[0m[1;31m[RLC]    error decoding control PDU, discarding
[0m[1;31m[RLC]    bad NACK, bigger than ACK (nack 15 ack 19) (tx_next_ack 16 tx_next 52)
[0m[1;31m[RLC]    error decoding control PDU, discarding
[0m[1;31m[RLC]    bad NACK, bigger than ACK (nack 15 ack 17) (tx_next_ack 16 tx_next 52)
[0m[1;31m[RLC]    error decoding control PDU, discarding
[0m[1;31m[RLC]    bad NACK, bigger than ACK (nack 15 ack 19) (tx_next_ack 16 tx_next 52)
[0m[1;31m[RLC]    error decoding control PDU, discarding
[0m[1;31m[RLC]    bad NACK, bigger than ACK (nack 15 ack 19) (tx_next_ack 16 tx_next 52)
[0m[1;31m[RLC]    error decoding control PDU, discarding
[0m[1;31m[RLC]    bad NACK, bigger than ACK (nack 15 ack 19) (tx_next_ack 16 tx_next 52)
[0m[1;31m[RLC]    error decoding control PDU, discarding
[0m[1;31m[RLC]    bad NACK, bigger than ACK (nack 15 ack 19) (tx_next_ack 16 tx_next 52)
[0m[1;31m[RLC]    error decoding control PDU, discarding
[0m[1;31m[RLC]    bad NACK, bigger than ACK (nack 15 ack 19) (tx_next_ack 16 tx_next 52)
[0m[1;31m[RLC]    error decoding control PDU, discarding
[0m[1;31m[RLC]    bad NACK, bigger than ACK (nack 15 ack 17) (tx_next_ack 16 tx_next 52)
[0m[1;31m[RLC]    error decoding control PDU, discarding
[0m[1;31m[RLC]    bad NACK, bigger than ACK (nack 15 ack 19) (tx_next_ack 16 tx_next 52)
[0m[1;31m[RLC]    error decoding control PDU, discarding
[0m[1;31m[RLC]    bad NACK, bigger than ACK (nack 15 ack 19) (tx_next_ack 16 tx_next 52)
[0m[1;31m[RLC]    error decoding control PDU, discarding
[0m[1;31m[RLC]    bad NACK, bigger than ACK (nack 15 ack 19) (tx_next_ack 16 tx_next 52)
[0m[1;31m[RLC]    error decoding control PDU, discarding
[0m[1;31m[RLC]    bad NACK, bigger than ACK (nack 15 ack 19) (tx_next_ack 16 tx_next 52)
[0m[1;31m[RLC]    error decoding control PDU, discarding
[0m[1;31m[RLC]    bad NACK, bigger than ACK (nack 15 ack 20) (tx_next_ack 16 tx_next 52)
[0m[1;31m[RLC]    error decoding control PDU, discarding
[0m[1;31m[RLC]    bad NACK, bigger than ACK (nack 15 ack 17) (tx_next_ack 16 tx_next 52)
[0m[1;31m[RLC]    error decoding control PDU, discarding
[0m[1;31m[RLC]    bad NACK, bigger than ACK (nack 15 ack 20) (tx_next_ack 16 tx_next 52)
[0m[1;31m[RLC]    error decoding control PDU, discarding
[0m[1;31m[RLC]    bad NACK, bigger than ACK (nack 15 ack 20) (tx_next_ack 16 tx_next 52)
[0m[1;31m[RLC]    error decoding control PDU, discarding
[0m[1;31m[RLC]    bad NACK, bigger than ACK (nack 15 ack 17) (tx_next_ack 16 tx_next 53)
[0m[1;31m[RLC]    error decoding control PDU, discarding
[0m[1;31m[RLC]    bad NACK, bigger than ACK (nack 15 ack 20) (tx_next_ack 16 tx_next 53)
[0m[1;31m[RLC]    error decoding control PDU, discarding
[0m[1;31m[RLC]    bad NACK, bigger than ACK (nack 15 ack 20) (tx_next_ack 16 tx_next 53)
[0m[1;31m[RLC]    error decoding control PDU, discarding
[0m[1;31m[RLC]    bad NACK, bigger than ACK (nack 15 ack 20) (tx_next_ack 16 tx_next 53)
[0m[1;31m[RLC]    error decoding control PDU, discarding
[0m[1;31m[RLC]    bad NACK, bigger than ACK (nack 15 ack 20) (tx_next_ack 16 tx_next 53)
[0m[1;31m[RLC]    error decoding control PDU, discarding
[0m[1;31m[RLC]    bad NACK, bigger than ACK (nack 15 ack 20) (tx_next_ack 16 tx_next 53)
[0m[1;31m[RLC]    error decoding control PDU, discarding
[0m[1;31m[RLC]    bad NACK, bigger than ACK (nack 15 ack 20) (tx_next_ack 16 tx_next 53)
[0m[1;31m[RLC]    error decoding control PDU, discarding
[0m[1;31m[RLC]    bad NACK, bigger than ACK (nack 15 ack 20) (tx_next_ack 16 tx_next 53)
[0m[1;31m[RLC]    error decoding control PDU, discarding
[0m[1;31m[RLC]    bad NACK, bigger than ACK (nack 15 ack 21) (tx_next_ack 16 tx_next 53)
[0m[1;31m[RLC]    error decoding control PDU, discarding
[0m[1;31m[RLC]    bad NACK, bigger than ACK (nack 15 ack 21) (tx_next_ack 16 tx_next 53)
[0m[1;31m[RLC]    error decoding control PDU, discarding
[0m[1;31m[RLC]    bad NACK, bigger than ACK (nack 15 ack 21) (tx_next_ack 16 tx_next 53)
[0m[1;31m[RLC]    error decoding control PDU, discarding
[0m[1;31m[RLC]    bad NACK, bigger than ACK (nack 15 ack 17) (tx_next_ack 16 tx_next 53)
[0m[1;31m[RLC]    error decoding control PDU, discarding
[0m[1;31m[RLC]    bad NACK, bigger than ACK (nack 15 ack 21) (tx_next_ack 16 tx_next 53)
[0m[1;31m[RLC]    error decoding control PDU, discarding
[0m[1;31m[RLC]    bad NACK, bigger than ACK (nack 15 ack 21) (tx_next_ack 16 tx_next 53)
[0m[1;31m[RLC]    error decoding control PDU, discarding
[0m[1;31m[RLC]    bad NACK, bigger than ACK (nack 15 ack 21) (tx_next_ack 16 tx_next 53)
[0m[1;31m[RLC]    error decoding control PDU, discarding
[0m[1;31m[RLC]    bad NACK, bigger than ACK (nack 15 ack 21) (tx_next_ack 16 tx_next 53)
[0m[1;31m[RLC]    error decoding control PDU, discarding
[0m[1;31m[RLC]    bad NACK, bigger than ACK (nack 15 ack 17) (tx_next_ack 16 tx_next 53)
[0m[1;31m[RLC]    error decoding control PDU, discarding
[0m[1;31m[RLC]    bad NACK, bigger than ACK (nack 15 ack 21) (tx_next_ack 16 tx_next 53)
[0m[1;31m[RLC]    error decoding control PDU, discarding
[0m[1;31m[RLC]    bad NACK, bigger than ACK (nack 15 ack 21) (tx_next_ack 16 tx_next 53)
[0m[1;31m[RLC]    error decoding control PDU, discarding
[0m[1;31m[RLC]    bad NACK, bigger than ACK (nack 15 ack 21) (tx_next_ack 16 tx_next 53)
[0m[1;31m[RLC]    error decoding control PDU, discarding
[0m[1;31m[RLC]    bad NACK, bigger than ACK (nack 15 ack 22) (tx_next_ack 16 tx_next 53)
[0m[1;31m[RLC]    error decoding control PDU, discarding
[0m[1;31m[RLC]    bad NACK, bigger than ACK (nack 15 ack 18) (tx_next_ack 16 tx_next 53)
[0m[1;31m[RLC]    error decoding control PDU, discarding
[0m[1;31m[RLC]    bad NACK, bigger than ACK (nack 15 ack 22) (tx_next_ack 16 tx_next 53)
[0m[1;31m[RLC]    error decoding control PDU, discarding
[0m[1;31m[RLC]    bad NACK, bigger than ACK (nack 15 ack 22) (tx_next_ack 16 tx_next 53)
[0m[1;31m[RLC]    error decoding control PDU, discarding
[0m[1;31m[RLC]    bad NACK, bigger than ACK (nack 15 ack 22) (tx_next_ack 16 tx_next 53)
[0m[1;31m[RLC]    error decoding control PDU, discarding
[0m[1;31m[RLC]    bad NACK, bigger than ACK (nack 15 ack 22) (tx_next_ack 16 tx_next 53)
[0m[1;31m[RLC]    error decoding control PDU, discarding
[0m[1;31m[RLC]    bad NACK, bigger than ACK (nack 15 ack 18) (tx_next_ack 16 tx_next 53)
[0m[1;31m[RLC]    error decoding control PDU, discarding
[0m[1;31m[RLC]    bad NACK, bigger than ACK (nack 15 ack 22) (tx_next_ack 16 tx_next 53)
[0m[1;31m[RLC]    error decoding control PDU, discarding
[0m[1;31m[RLC]    bad NACK, bigger than ACK (nack 15 ack 22) (tx_next_ack 16 tx_next 53)
[0m[1;31m[RLC]    error decoding control PDU, discarding
[0m[1;31m[RLC]    bad NACK, bigger than ACK (nack 15 ack 22) (tx_next_ack 16 tx_next 53)
[0m[1;31m[RLC]    error decoding control PDU, discarding
[0m[1;31m[RLC]    bad NACK, bigger than ACK (nack 15 ack 22) (tx_next_ack 16 tx_next 53)
[0m[1;31m[RLC]    error decoding control PDU, discarding
[0m[1;31m[RLC]    bad NACK, bigger than ACK (nack 15 ack 18) (tx_next_ack 16 tx_next 53)
[0m[1;31m[RLC]    error decoding control PDU, discarding
[0m[1;31m[RLC]    bad NACK, bigger than ACK (nack 15 ack 22) (tx_next_ack 16 tx_next 53)
[0m[1;31m[RLC]    error decoding control PDU, discarding
[0m[1;31m[RLC]    bad NACK, bigger than ACK (nack 15 ack 22) (tx_next_ack 16 tx_next 53)
[0m[1;31m[RLC]    error decoding control PDU, discarding
[0m[1;31m[RLC]    bad NACK, bigger than ACK (nack 15 ack 22) (tx_next_ack 16 tx_next 53)
[0m[1;31m[RLC]    error decoding control PDU, discarding
[0m[1;31m[RLC]    bad NACK, bigger than ACK (nack 15 ack 22) (tx_next_ack 16 tx_next 53)
[0m[1;31m[RLC]    error decoding control PDU, discarding
[0m[1;31m[RLC]    bad NACK, bigger than ACK (nack 15 ack 22) (tx_next_ack 16 tx_next 53)
[0m[1;31m[RLC]    error decoding control PDU, discarding
[0m[1;31m[RLC]    bad NACK, bigger than ACK (nack 15 ack 18) (tx_next_ack 16 tx_next 53)
[0m[1;31m[RLC]    error decoding control PDU, discarding
[0m[1;31m[RLC]    bad NACK, bigger than ACK (nack 15 ack 22) (tx_next_ack 16 tx_next 53)
[0m[1;31m[RLC]    error decoding control PDU, discarding
[0m[1;31m[RLC]    bad NACK, bigger than ACK (nack 15 ack 22) (tx_next_ack 16 tx_next 53)
[0m[1;31m[RLC]    error decoding control PDU, discarding
[0m[1;31m[RLC]    bad NACK, bigger than ACK (nack 15 ack 18) (tx_next_ack 16 tx_next 53)
[0m[1;31m[RLC]    error decoding control PDU, discarding
[0m[NR_MAC] UE 0 RNTI 5e5d stats sfn: 0.4, cumulated bad DCI 0
    DL harq: 2522/228/13/1
    UL harq: 6828/6638/4616/1700 avg code rate 0.1, avg bit/symbol 2.0, avg per TB: (nb RBs 5.0, nb symbols 13.0)
[0m[1;31m[RLC]    bad NACK, bigger than ACK (nack 15 ack 22) (tx_next_ack 16 tx_next 53)
[0m[1;31m[RLC]    error decoding control PDU, discarding
[0m[1;31m[RLC]    bad NACK, bigger than ACK (nack 15 ack 22) (tx_next_ack 16 tx_next 53)
[0m[1;31m[RLC]    error decoding control PDU, discarding
[0m[1;31m[RLC]    bad NACK, bigger than ACK (nack 15 ack 22) (tx_next_ack 16 tx_next 53)
[0m[1;31m[RLC]    error decoding control PDU, discarding
[0m[1;31m[RLC]    bad NACK, bigger than ACK (nack 15 ack 18) (tx_next_ack 16 tx_next 53)
[0m[1;31m[RLC]    error decoding control PDU, discarding
[0m[1;31m[RLC]    bad NACK, bigger than ACK (nack 15 ack 21) (tx_next_ack 16 tx_next 53)
[0m[1;31m[RLC]    error decoding control PDU, discarding
[0m[1;31m[RLC]    bad NACK, bigger than ACK (nack 15 ack 21) (tx_next_ack 16 tx_next 53)
[0m[1;31m[RLC]    error decoding control PDU, discarding
[0m[1;31m[RLC]    bad NACK, bigger than ACK (nack 15 ack 21) (tx_next_ack 16 tx_next 53)
[0m[1;31m[RLC]    error decoding control PDU, discarding
[0m[1;31m[RLC]    bad NACK, bigger than ACK (nack 15 ack 21) (tx_next_ack 16 tx_next 53)
[0m[1;31m[RLC]    error decoding control PDU, discarding
[0m[1;31m[RLC]    bad NACK, bigger than ACK (nack 15 ack 17) (tx_next_ack 16 tx_next 53)
[0m[1;31m[RLC]    error decoding control PDU, discarding
[0m[1;31m[RLC]    bad NACK, bigger than ACK (nack 15 ack 21) (tx_next_ack 16 tx_next 53)
[0m[1;31m[RLC]    error decoding control PDU, discarding
[0m[1;31m[RLC]    bad NACK, bigger than ACK (nack 15 ack 21) (tx_next_ack 16 tx_next 53)
[0m[1;31m[RLC]    error decoding control PDU, discarding
[0m[1;31m[RLC]    bad NACK, bigger than ACK (nack 15 ack 21) (tx_next_ack 16 tx_next 53)
[0m[1;31m[RLC]    error decoding control PDU, discarding
[0m[1;31m[RLC]    bad NACK, bigger than ACK (nack 15 ack 21) (tx_next_ack 16 tx_next 53)
[0m[1;31m[RLC]    error decoding control PDU, discarding
[0m[1;31m[RLC]    bad NACK, bigger than ACK (nack 15 ack 21) (tx_next_ack 16 tx_next 53)
[0m[1;31m[RLC]    error decoding control PDU, discarding
[0m[1;31m[RLC]    bad NACK, bigger than ACK (nack 15 ack 21) (tx_next_ack 16 tx_next 53)
[0m[1;31m[RLC]    error decoding control PDU, discarding
[0m[1;31m[RLC]    bad NACK, bigger than ACK (nack 15 ack 20) (tx_next_ack 16 tx_next 53)
[0m[1;31m[RLC]    error decoding control PDU, discarding
[0m[1;31m[RLC]    bad NACK, bigger than ACK (nack 15 ack 20) (tx_next_ack 16 tx_next 53)
[0m[1;31m[RLC]    error decoding control PDU, discarding
[0m[1;31m[RLC]    bad NACK, bigger than ACK (nack 15 ack 17) (tx_next_ack 16 tx_next 53)
[0m[1;31m[RLC]    error decoding control PDU, discarding
[0m[1;31m[RLC]    bad NACK, bigger than ACK (nack 15 ack 20) (tx_next_ack 16 tx_next 53)
[0m[1;31m[RLC]    error decoding control PDU, discarding
[0m[1;31m[RLC]    bad NACK, bigger than ACK (nack 15 ack 20) (tx_next_ack 16 tx_next 53)
[0m[1;31m[RLC]    error decoding control PDU, discarding
[0m[1;31m[RLC]    bad NACK, bigger than ACK (nack 15 ack 20) (tx_next_ack 16 tx_next 53)
[0m[1;31m[RLC]    error decoding control PDU, discarding
[0m[1;31m[RLC]    bad NACK, bigger than ACK (nack 15 ack 17) (tx_next_ack 16 tx_next 53)
[0m[1;31m[RLC]    error decoding control PDU, discarding
[0m[1;31m[RLC]    bad NACK, bigger than ACK (nack 15 ack 20) (tx_next_ack 16 tx_next 53)
[0m[1;31m[RLC]    error decoding control PDU, discarding
[0m[1;31m[RLC]    bad NACK, bigger than ACK (nack 15 ack 20) (tx_next_ack 16 tx_next 54)
[0m[1;31m[RLC]    error decoding control PDU, discarding
[0m[1;31m[RLC]    bad NACK, bigger than ACK (nack 15 ack 20) (tx_next_ack 16 tx_next 54)
[0m[1;31m[RLC]    error decoding control PDU, discarding
[0m[1;31m[RLC]    bad NACK, bigger than ACK (nack 15 ack 20) (tx_next_ack 16 tx_next 54)
[0m[1;31m[RLC]    error decoding control PDU, discarding
[0m[1;31m[RLC]    bad NACK, bigger than ACK (nack 15 ack 20) (tx_next_ack 16 tx_next 54)
[0m[1;31m[RLC]    error decoding control PDU, discarding
[0m[1;31m[RLC]    bad NACK, bigger than ACK (nack 15 ack 20) (tx_next_ack 16 tx_next 54)
[0m[1;31m[RLC]    error decoding control PDU, discarding
[0m[1;31m[RLC]    bad NACK, bigger than ACK (nack 15 ack 17) (tx_next_ack 16 tx_next 54)
[0m[1;31m[RLC]    error decoding control PDU, discarding
[0m[1;31m[RLC]    bad NACK, bigger than ACK (nack 15 ack 20) (tx_next_ack 16 tx_next 54)
[0m[1;31m[RLC]    error decoding control PDU, discarding
[0m[1;31m[RLC]    bad NACK, bigger than ACK (nack 15 ack 20) (tx_next_ack 16 tx_next 54)
[0m[1;31m[RLC]    error decoding control PDU, discarding
[0m[1;31m[RLC]    bad NACK, bigger than ACK (nack 15 ack 20) (tx_next_ack 16 tx_next 54)
[0m[1;31m[RLC]    error decoding control PDU, discarding
[0m[1;31m[RLC]    bad NACK, bigger than ACK (nack 15 ack 20) (tx_next_ack 16 tx_next 54)
[0m[1;31m[RLC]    error decoding control PDU, discarding
[0m[1;31m[RLC]    bad NACK, bigger than ACK (nack 15 ack 20) (tx_next_ack 16 tx_next 54)
[0m[1;31m[RLC]    error decoding control PDU, discarding
[0m[1;31m[RLC]    bad NACK, bigger than ACK (nack 15 ack 17) (tx_next_ack 16 tx_next 54)
[0m[1;31m[RLC]    error decoding control PDU, discarding
[0m[1;31m[RLC]    bad NACK, bigger than ACK (nack 15 ack 20) (tx_next_ack 16 tx_next 54)
[0m[1;31m[RLC]    error decoding control PDU, discarding
[0m[1;31m[RLC]    bad NACK, bigger than ACK (nack 15 ack 20) (tx_next_ack 16 tx_next 54)
[0m[1;31m[RLC]    error decoding control PDU, discarding
[0m[1;31m[RLC]    bad NACK, bigger than ACK (nack 15 ack 20) (tx_next_ack 16 tx_next 54)
[0m[1;31m[RLC]    error decoding control PDU, discarding
[0m[1;31m[RLC]    bad NACK, bigger than ACK (nack 15 ack 20) (tx_next_ack 16 tx_next 54)
[0m[1;31m[RLC]    error decoding control PDU, discarding
[0m[1;31m[RLC]    bad NACK, bigger than ACK (nack 15 ack 20) (tx_next_ack 16 tx_next 54)
[0m[1;31m[RLC]    error decoding control PDU, discarding
[0m[1;31m[RLC]    bad NACK, bigger than ACK (nack 15 ack 20) (tx_next_ack 16 tx_next 54)
[0m[1;31m[RLC]    error decoding control PDU, discarding
[0m[1;31m[RLC]    bad NACK, bigger than ACK (nack 15 ack 17) (tx_next_ack 16 tx_next 54)
[0m[1;31m[RLC]    error decoding control PDU, discarding
[0m[1;31m[RLC]    bad NACK, bigger than ACK (nack 15 ack 20) (tx_next_ack 16 tx_next 54)
[0m[1;31m[RLC]    error decoding control PDU, discarding
[0m[1;31m[RLC]    bad NACK, bigger than ACK (nack 15 ack 20) (tx_next_ack 16 tx_next 54)
[0m[1;31m[RLC]    error decoding control PDU, discarding
[0m[NR_MAC] [84.1] Received TA_COMMAND 30 TAGID 0 CC_id 0 
[0m[1;31m[RLC]    bad NACK, bigger than ACK (nack 15 ack 20) (tx_next_ack 16 tx_next 54)
[0m[1;31m[RLC]    error decoding control PDU, discarding
[0m[1;31m[RLC]    bad NACK, bigger than ACK (nack 15 ack 20) (tx_next_ack 16 tx_next 54)
[0m[1;31m[RLC]    error decoding control PDU, discarding
[0m[1;31m[RLC]    bad NACK, bigger than ACK (nack 15 ack 17) (tx_next_ack 16 tx_next 54)
[0m[1;31m[RLC]    error decoding control PDU, discarding
[0m[1;31m[RLC]    bad NACK, bigger than ACK (nack 15 ack 20) (tx_next_ack 16 tx_next 54)
[0m[1;31m[RLC]    error decoding control PDU, discarding
[0m[1;31m[RLC]    bad NACK, bigger than ACK (nack 15 ack 20) (tx_next_ack 16 tx_next 54)
[0m[1;31m[RLC]    error decoding control PDU, discarding
[0m[1;31m[RLC]    bad NACK, bigger than ACK (nack 15 ack 20) (tx_next_ack 16 tx_next 54)
[0m[1;31m[RLC]    error decoding control PDU, discarding
[0m[1;31m[RLC]    bad NACK, bigger than ACK (nack 15 ack 17) (tx_next_ack 16 tx_next 54)
[0m[1;31m[RLC]    error decoding control PDU, discarding
[0m[1;31m[RLC]    bad NACK, bigger than ACK (nack 15 ack 20) (tx_next_ack 16 tx_next 54)
[0m[1;31m[RLC]    error decoding control PDU, discarding
[0m[1;31m[RLC]    bad NACK, bigger than ACK (nack 15 ack 20) (tx_next_ack 16 tx_next 54)
[0m[1;31m[RLC]    error decoding control PDU, discarding
[0m[1;31m[RLC]    bad NACK, bigger than ACK (nack 15 ack 20) (tx_next_ack 16 tx_next 54)
[0m[1;31m[RLC]    error decoding control PDU, discarding
[0m[1;31m[RLC]    bad NACK, bigger than ACK (nack 15 ack 20) (tx_next_ack 16 tx_next 54)
[0m[1;31m[RLC]    error decoding control PDU, discarding
[0m[1;31m[RLC]    bad NACK, bigger than ACK (nack 15 ack 20) (tx_next_ack 16 tx_next 54)
[0m[1;31m[RLC]    error decoding control PDU, discarding
[0m[1;31m[RLC]    bad NACK, bigger than ACK (nack 15 ack 17) (tx_next_ack 16 tx_next 54)
[0m[1;31m[RLC]    error decoding control PDU, discarding
[0m[1;31m[RLC]    bad NACK, bigger than ACK (nack 15 ack 20) (tx_next_ack 16 tx_next 54)
[0m[1;31m[RLC]    error decoding control PDU, discarding
[0m[1;31m[RLC]    bad NACK, bigger than ACK (nack 15 ack 20) (tx_next_ack 16 tx_next 54)
[0m[1;31m[RLC]    error decoding control PDU, discarding
[0m[1;31m[RLC]    bad NACK, bigger than ACK (nack 15 ack 20) (tx_next_ack 16 tx_next 54)
[0m[1;31m[RLC]    error decoding control PDU, discarding
[0m[1;31m[RLC]    bad NACK, bigger than ACK (nack 15 ack 20) (tx_next_ack 16 tx_next 54)
[0m[1;31m[RLC]    error decoding control PDU, discarding
[0m[1;31m[RLC]    bad NACK, bigger than ACK (nack 15 ack 20) (tx_next_ack 16 tx_next 54)
[0m[1;31m[RLC]    error decoding control PDU, discarding
[0m[1;31m[RLC]    bad NACK, bigger than ACK (nack 15 ack 17) (tx_next_ack 16 tx_next 54)
[0m[1;31m[RLC]    error decoding control PDU, discarding
[0m[1;31m[RLC]    bad NACK, bigger than ACK (nack 15 ack 20) (tx_next_ack 16 tx_next 54)
[0m[1;31m[RLC]    error decoding control PDU, discarding
[0m[1;31m[RLC]    bad NACK, bigger than ACK (nack 15 ack 20) (tx_next_ack 16 tx_next 54)
[0m[1;31m[RLC]    error decoding control PDU, discarding
[0m[1;31m[RLC]    bad NACK, bigger than ACK (nack 15 ack 20) (tx_next_ack 16 tx_next 54)
[0m[1;31m[RLC]    error decoding control PDU, discarding
[0m[1;31m[RLC]    bad NACK, bigger than ACK (nack 15 ack 17) (tx_next_ack 16 tx_next 54)
[0m[1;31m[RLC]    error decoding control PDU, discarding
[0m[1;31m[RLC]    bad NACK, bigger than ACK (nack 15 ack 20) (tx_next_ack 16 tx_next 54)
[0m[1;31m[RLC]    error decoding control PDU, discarding
[0m[1;31m[RLC]    bad NACK, bigger than ACK (nack 15 ack 20) (tx_next_ack 16 tx_next 54)
[0m[1;31m[RLC]    error decoding control PDU, discarding
[0m[1;31m[RLC]    bad NACK, bigger than ACK (nack 15 ack 20) (tx_next_ack 16 tx_next 54)
[0m[1;31m[RLC]    error decoding control PDU, discarding
[0m[NR_MAC] UE 0 RNTI 5e5d stats sfn: 128.4, cumulated bad DCI 0
    DL harq: 2593/228/13/1
    UL harq: 7009/6810/4729/1746 avg code rate 0.1, avg bit/symbol 2.0, avg per TB: (nb RBs 5.0, nb symbols 13.0)
[0m[1;31m[RLC]    bad NACK, bigger than ACK (nack 15 ack 20) (tx_next_ack 16 tx_next 54)
[0m[1;31m[RLC]    error decoding control PDU, discarding
[0m[1;31m[RLC]    bad NACK, bigger than ACK (nack 15 ack 20) (tx_next_ack 16 tx_next 54)
[0m[1;31m[RLC]    error decoding control PDU, discarding
[0m[1;31m[RLC]    bad NACK, bigger than ACK (nack 15 ack 20) (tx_next_ack 16 tx_next 54)
[0m[1;31m[RLC]    error decoding control PDU, discarding
[0m[1;31m[RLC]    bad NACK, bigger than ACK (nack 15 ack 20) (tx_next_ack 16 tx_next 54)
[0m[1;31m[RLC]    error decoding control PDU, discarding
[0m[1;31m[RLC]    bad NACK, bigger than ACK (nack 15 ack 20) (tx_next_ack 16 tx_next 54)
[0m[1;31m[RLC]    error decoding control PDU, discarding
[0m[1;31m[RLC]    bad NACK, bigger than ACK (nack 15 ack 20) (tx_next_ack 16 tx_next 54)
[0m[1;31m[RLC]    error decoding control PDU, discarding
[0m[1;31m[RLC]    bad NACK, bigger than ACK (nack 15 ack 17) (tx_next_ack 16 tx_next 54)
[0m[1;31m[RLC]    error decoding control PDU, discarding
[0m[1;31m[RLC]    bad NACK, bigger than ACK (nack 15 ack 20) (tx_next_ack 16 tx_next 54)
[0m[1;31m[RLC]    error decoding control PDU, discarding
[0m[1;31m[RLC]    bad NACK, bigger than ACK (nack 15 ack 20) (tx_next_ack 16 tx_next 54)
[0m[1;31m[RLC]    error decoding control PDU, discarding
[0m[1;31m[RLC]    bad NACK, bigger than ACK (nack 15 ack 21) (tx_next_ack 16 tx_next 54)
[0m[1;31m[RLC]    error decoding control PDU, discarding
[0m[1;31m[RLC]    bad NACK, bigger than ACK (nack 15 ack 21) (tx_next_ack 16 tx_next 54)
[0m[1;31m[RLC]    error decoding control PDU, discarding
[0m[1;31m[RLC]    bad NACK, bigger than ACK (nack 15 ack 21) (tx_next_ack 16 tx_next 54)
[0m[1;31m[RLC]    error decoding control PDU, discarding
[0m[1;31m[RLC]    bad NACK, bigger than ACK (nack 15 ack 21) (tx_next_ack 16 tx_next 55)
[0m[1;31m[RLC]    error decoding control PDU, discarding
[0m[1;31m[RLC]    bad NACK, bigger than ACK (nack 15 ack 17) (tx_next_ack 16 tx_next 55)
[0m[1;31m[RLC]    error decoding control PDU, discarding
[0m[1;31m[RLC]    bad NACK, bigger than ACK (nack 15 ack 21) (tx_next_ack 16 tx_next 55)
[0m[1;31m[RLC]    error decoding control PDU, discarding
[0m[1;31m[RLC]    bad NACK, bigger than ACK (nack 15 ack 21) (tx_next_ack 16 tx_next 55)
[0m[1;31m[RLC]    error decoding control PDU, discarding
[0m[1;31m[RLC]    bad NACK, bigger than ACK (nack 15 ack 21) (tx_next_ack 16 tx_next 55)
[0m[1;31m[RLC]    error decoding control PDU, discarding
[0m[1;31m[RLC]    bad NACK, bigger than ACK (nack 15 ack 21) (tx_next_ack 16 tx_next 55)
[0m[1;31m[RLC]    error decoding control PDU, discarding
[0m[1;31m[RLC]    bad NACK, bigger than ACK (nack 15 ack 17) (tx_next_ack 16 tx_next 55)
[0m[1;31m[RLC]    error decoding control PDU, discarding
[0m[1;31m[RLC]    bad NACK, bigger than ACK (nack 15 ack 21) (tx_next_ack 16 tx_next 55)
[0m[1;31m[RLC]    error decoding control PDU, discarding
[0m[1;31m[RLC]    bad NACK, bigger than ACK (nack 15 ack 21) (tx_next_ack 16 tx_next 55)
[0m[1;31m[RLC]    error decoding control PDU, discarding
[0m