Logging terminal output to /home/jesse/oran_lab/logs/run_ue/run_ue_20260531_145514_pid1391353.log
UE cores: 20,21,22,23
UE sample advance: 0
VRTSIM shared memory is ready; starting UE without waiting for non-zero DL samples.
CMDLINE: "./nr-uesoftmodem" "-O" "/home/jesse/oran_lab/ue_test.conf" "-C" "4049760000" "-r" "24" "--numerology" "1" "--band" "77" "--ssb" "24" "-A" "0" "--device.name" "vrtsim" "--vrtsim.role" "client" "--ue-nb-ant-tx" "2" "--ue-nb-ant-rx" "2" "--vrtsim.chanmod" "1" 
[UTIL]   running in SA mode (no --phy-test, --do-ra, --nsa option present)
[0m[UTIL]   threadCreate() for Tpool0_-1: creating thread with affinity ffffffff, priority 97
[0m[UTIL]   threadCreate() for Tpool1_-1: creating thread with affinity ffffffff, priority 97
[0m[UTIL]   threadCreate() for Tpool2_-1: creating thread with affinity ffffffff, priority 97
[0m[UTIL]   threadCreate() for Tpool3_-1: creating thread with affinity ffffffff, priority 97
[0m[UTIL]   threadCreate() for Tpool4_-1: creating thread with affinity ffffffff, priority 97
[0m[UTIL]   threadCreate() for Tpool5_-1: creating thread with affinity ffffffff, priority 97
[0m[UTIL]   threadCreate() for Tpool6_-1: creating thread with affinity ffffffff, priority 97
[0m[UTIL]   threadCreate() for Tpool7_-1: creating thread with affinity ffffffff, priority 97
[0m[UTIL]   threadCreate() for Tpool8_-1: creating thread with affinity ffffffff, priority 97
[0m[UTIL]   threadCreate() for Tpool9_-1: creating thread with affinity ffffffff, priority 97
[0m[UTIL]   threadCreate() for Tpool10_-1: creating thread with affinity ffffffff, priority 97
[0m[UTIL]   threadCreate() for Tpool11_-1: creating thread with affinity ffffffff, priority 97
[0m[OPT]    OPT disabled
[0m[HW]     Version: Branch: compression-plus-timing-fix Abrev. Hash: 3b10464162 Date: Tue May 26 09:32:18 2026 -0700
[0m[NR_RRC] create TASK_RRC_NRUE 
[0m[UTIL]   threadCreate() for TASK_RRC_NRUE: creating thread with affinity ffffffff, priority 50
[0m[UTIL]   threadCreate() for TASK_NAS_NRUE: creating thread with affinity ffffffff, priority 50
[0m[SIM]    UICC simulation: IMSI=2089900007487, IMEISV=6754567890123413, Ki=fec86ba6eb707ed08905757b1bb44b8f, OPc=C42449363BBAD02B66D16BC975D77CC1
[0m[SIM]    overriding potential uicc0.dnn/nssai_sst/nssai_sd from uicc0.pdu_sessions
[0m[SIM]    will request PDU session ID 1, type 1, DNN oai, NSSAI 1.ffffff
[0m[NR_MAC] [UE0] Initializing MAC
[0m[NR_MAC] Initializing dl and ul config_request. num_slots = 20
[0m[RLC]    Activated srb0 for UE 0
[0m[UTIL]   threadCreate() for time source realtime: creating thread with affinity ffffffff, priority 2
[0m[UTIL]   time manager configuration: [time source: reatime] [mode: standalone] [server IP: 127.0.0.1} [server port: 7374] (server IP/port not used)
[0m[PHY]    Set UE nb_rx_antenna 2, nb_tx_antenna 2, threequarter_fs 0, ofdm_offset_divisor 8
[0m[PHY]    SA init parameters. DL freq 4049760000 UL offset 0 SSB numerology 1 N_RB_DL 24
[0m[PHY]    Init: N_RB_DL 24, first_carrier_offset 368, nb_prefix_samples 36,nb_prefix_samples0 44, ofdm_symbol_size 512
[0m[93m[PHY]    samples_per_subframe 15360/per second 15360000, wCP 14336
[0m[PHY]    Set UE_fo_compensation 0, UE_scan_carrier 0, UE_no_timing_correction 0 
, chest-freq 0, chest-time 0
[0m[UTIL]   threadCreate() for SYNC__actor: creating thread with affinity ffffffff, priority 97
[0m[UTIL]   threadCreate() for DL__actor: creating thread with affinity ffffffff, priority 97
[0m[UTIL]   threadCreate() for DL__actor: creating thread with affinity ffffffff, priority 97
[0m[UTIL]   threadCreate() for DL__actor: creating thread with affinity ffffffff, priority 97
[0m[UTIL]   threadCreate() for DL__actor: creating thread with affinity ffffffff, priority 97
[0m[UTIL]   threadCreate() for UL__actor: creating thread with affinity ffffffff, priority 97
[0m[UTIL]   threadCreate() for UL__actor: creating thread with affinity ffffffff, priority 97
[0m[PHY]    Initializing UE vars for gNB TXant 2, UE RXant 2
[0m[PHY]    prs_config configuration NOT found..!! Skipped configuring UE for the PRS reception
[0m[PHY]    HW: Configuring ru_id 0, sample_rate 15360000.000000, tx/rx num_channels 2/2, duplex_mode TDD
[0m[PHY]    HW: Configuring channel 0 (rf_chain 0): setting tx_freq 4049760000 Hz, rx_freq 4049760000 Hz, tune_offset 0
[0m[PHY]    HW: Configuring channel 1 (rf_chain 0): setting tx_freq 4049760000 Hz, rx_freq 4049760000 Hz, tune_offset 0
[0m[PHY]    HW: Configuring channel 0 (rf_chain 0): setting tx_gain 0, rx_gain 110
[0m[PHY]    HW: Configuring channel 1 (rf_chain 0): setting tx_gain 0, rx_gain 110
[0m[UTIL]   threadCreate() for ru_start_thread: creating thread with affinity ffffffff, priority 97
[0m[HW]     VRTSIM: TX sample advance 4096 samples
[0m[HW]     Running as client: will connect to a vrtsim server
[0m[32m[HW]     VRTSIM: Noise power 0 sample value
[0m[HW]     [RAU] has loaded RFSIMULATOR device.
[0m[HW]     VRTSIM: UE 0/1 - 2x2 antennas, UL offset=0, DL offset=0
[0m[HW]     VRTSIM: client RX aligned to frame boundary current_sample=118468703 aligned_sample=118579200 samples_per_frame=153600
[0m[UTIL]   threadCreate() for chanmod_actor: creating thread with affinity 1c, priority 97
[0m[UTIL]   threadCreate() for chanmod_actor: creating thread with affinity 1d, priority 97
[0m[OCM]    Channel Model (inside of new_channel_desc_scm)=12

[0m[OCM]    Model server_tx_channel_model type TDL_D allocated from config file, list vrtsim_sweep_list
[0m[OCM]    Channel Model (inside of new_channel_desc_scm)=12

[0m[OCM]    Model client_tx_channel_model type TDL_D allocated from config file, list vrtsim_sweep_list
[0m[HW]     Channel model client_tx_channel_model parameters: path_loss_dB=0.00, nb_tx=2, nb_rx=2, channel_length=4
[0m[PHY]    Intializing UE Threads for instance 0 ...
[0m[UTIL]   threadCreate() for UEthread_0: creating thread with affinity ffffffff, priority 97
[0m[UTIL]   threadCreate() for L1_UE_stats_0: creating thread with affinity ffffffff, priority 1
[0m[93m[PHY]    SSB position provided
[0m[93m[NR_PHY] Starting sync detection
[0m[PHY]    [UE thread Synch] Running Initial Synch 
[0m[NR_PHY] Starting cell search with center freq: 4049760000, bandwidth: 24. Scanning for 1 number of GSCN.
[0m[NR_PHY] Scanning GSCN: 0, with SSB offset: 24, SSB Freq: 0.000000
[0m[1;31m[PHY]    synch Failed: 
[0m[93m[PHY]    SSB position provided
[0m[93m[NR_PHY] Starting sync detection
[0m[PHY]    [UE thread Synch] Running Initial Synch 
[0m[NR_PHY] Starting cell search with center freq: 4049760000, bandwidth: 24. Scanning for 1 number of GSCN.
[0m[NR_PHY] Scanning GSCN: 0, with SSB offset: 24, SSB Freq: 0.000000
[0m[1;31m[PHY]    synch Failed: 
[0m[93m[PHY]    SSB position provided
[0m[93m[NR_PHY] Starting sync detection
[0m[PHY]    [UE thread Synch] Running Initial Synch 
[0m[NR_PHY] Starting cell search with center freq: 4049760000, bandwidth: 24. Scanning for 1 number of GSCN.
[0m[NR_PHY] Scanning GSCN: 0, with SSB offset: 24, SSB Freq: 0.000000
[0m[1;31m[PHY]    synch Failed: 
[0m[93m[PHY]    SSB position provided
[0m[93m[NR_PHY] Starting sync detection
[0m[PHY]    [UE thread Synch] Running Initial Synch 
[0m[NR_PHY] Starting cell search with center freq: 4049760000, bandwidth: 24. Scanning for 1 number of GSCN.
[0m[NR_PHY] Scanning GSCN: 0, with SSB offset: 24, SSB Freq: 0.000000
[0m[1;31m[PHY]    synch Failed: 
[0m[93m[PHY]    SSB position provided
[0m[93m[NR_PHY] Starting sync detection
[0m[PHY]    [UE thread Synch] Running Initial Synch 
[0m[NR_PHY] Starting cell search with center freq: 4049760000, bandwidth: 24. Scanning for 1 number of GSCN.
[0m[NR_PHY] Scanning GSCN: 0, with SSB offset: 24, SSB Freq: 0.000000
[0m[1;31m[PHY]    synch Failed: 
[0m[93m[PHY]    SSB position provided
[0m[93m[NR_PHY] Starting sync detection
[0m[PHY]    [UE thread Synch] Running Initial Synch 
[0m[NR_PHY] Starting cell search with center freq: 4049760000, bandwidth: 24. Scanning for 1 number of GSCN.
[0m[NR_PHY] Scanning GSCN: 0, with SSB offset: 24, SSB Freq: 0.000000
[0m[1;31m[PHY]    synch Failed: 
[0m[93m[PHY]    SSB position provided
[0m[93m[NR_PHY] Starting sync detection
[0m[PHY]    [UE thread Synch] Running Initial Synch 
[0m[NR_PHY] Starting cell search with center freq: 4049760000, bandwidth: 24. Scanning for 1 number of GSCN.
[0m[NR_PHY] Scanning GSCN: 0, with SSB offset: 24, SSB Freq: 0.000000
[0m[1;31m[PHY]    synch Failed: 
[0m[93m[PHY]    SSB position provided
[0m[93m[NR_PHY] Starting sync detection
[0m[PHY]    [UE thread Synch] Running Initial Synch 
[0m[NR_PHY] Starting cell search with center freq: 4049760000, bandwidth: 24. Scanning for 1 number of GSCN.
[0m[NR_PHY] Scanning GSCN: 0, with SSB offset: 24, SSB Freq: 0.000000
[0m[1;31m[PHY]    synch Failed: 
[0m[93m[PHY]    SSB position provided
[0m[93m[NR_PHY] Starting sync detection
[0m[PHY]    [UE thread Synch] Running Initial Synch 
[0m[NR_PHY] Starting cell search with center freq: 4049760000, bandwidth: 24. Scanning for 1 number of GSCN.
[0m[NR_PHY] Scanning GSCN: 0, with SSB offset: 24, SSB Freq: 0.000000
[0m[1;31m[PHY]    synch Failed: 
[0m[93m[PHY]    SSB position provided
[0m[93m[NR_PHY] Starting sync detection
[0m[PHY]    [UE thread Synch] Running Initial Synch 
[0m[NR_PHY] Starting cell search with center freq: 4049760000, bandwidth: 24. Scanning for 1 number of GSCN.
[0m[NR_PHY] Scanning GSCN: 0, with SSB offset: 24, SSB Freq: 0.000000
[0m[1;31m[PHY]    synch Failed: 
[0m[93m[PHY]    SSB position provided
[0m[93m[NR_PHY] Starting sync detection
[0m[PHY]    [UE thread Synch] Running Initial Synch 
[0m[NR_PHY] Starting cell search with center freq: 4049760000, bandwidth: 24. Scanning for 1 number of GSCN.
[0m[NR_PHY] Scanning GSCN: 0, with SSB offset: 24, SSB Freq: 0.000000
[0m[1;31m[PHY]    synch Failed: 
[0m[93m[PHY]    SSB position provided
[0m[93m[NR_PHY] Starting sync detection
[0m[PHY]    [UE thread Synch] Running Initial Synch 
[0m[NR_PHY] Starting cell search with center freq: 4049760000, bandwidth: 24. Scanning for 1 number of GSCN.
[0m[NR_PHY] Scanning GSCN: 0, with SSB offset: 24, SSB Freq: 0.000000
[0m[1;31m[PHY]    synch Failed: 
[0m[93m[PHY]    SSB position provided
[0m[93m[NR_PHY] Starting sync detection
[0m[PHY]    [UE thread Synch] Running Initial Synch 
[0m[NR_PHY] Starting cell search with center freq: 4049760000, bandwidth: 24. Scanning for 1 number of GSCN.
[0m[NR_PHY] Scanning GSCN: 0, with SSB offset: 24, SSB Freq: 0.000000
[0m[1;31m[PHY]    synch Failed: 
[0m[93m[PHY]    SSB position provided
[0m[93m[NR_PHY] Starting sync detection
[0m[PHY]    [UE thread Synch] Running Initial Synch 
[0m[NR_PHY] Starting cell search with center freq: 4049760000, bandwidth: 24. Scanning for 1 number of GSCN.
[0m[NR_PHY] Scanning GSCN: 0, with SSB offset: 24, SSB Freq: 0.000000
[0m[1;31m[PHY]    synch Failed: 
[0m[93m[PHY]    SSB position provided
[0m[93m[NR_PHY] Starting sync detection
[0m[PHY]    [UE thread Synch] Running Initial Synch 
[0m[NR_PHY] Starting cell search with center freq: 4049760000, bandwidth: 24. Scanning for 1 number of GSCN.
[0m[NR_PHY] Scanning GSCN: 0, with SSB offset: 24, SSB Freq: 0.000000
[0m[1;31m[PHY]    synch Failed: 
[0m[93m[PHY]    SSB position provided
[0m[93m[NR_PHY] Starting sync detection
[0m[PHY]    [UE thread Synch] Running Initial Synch 
[0m[NR_PHY] Starting cell search with center freq: 4049760000, bandwidth: 24. Scanning for 1 number of GSCN.
[0m[NR_PHY] Scanning GSCN: 0, with SSB offset: 24, SSB Freq: 0.000000
[0m[1;31m[PHY]    synch Failed: 
[0m[93m[PHY]    SSB position provided
[0m[93m[NR_PHY] Starting sync detection
[0m[PHY]    [UE thread Synch] Running Initial Synch 
[0m[NR_PHY] Starting cell search with center freq: 4049760000, bandwidth: 24. Scanning for 1 number of GSCN.
[0m[NR_PHY] Scanning GSCN: 0, with SSB offset: 24, SSB Freq: 0.000000
[0m[1;31m[PHY]    synch Failed: 
[0m[93m[PHY]    SSB position provided
[0m[93m[NR_PHY] Starting sync detection
[0m[PHY]    [UE thread Synch] Running Initial Synch 
[0m[NR_PHY] Starting cell search with center freq: 4049760000, bandwidth: 24. Scanning for 1 number of GSCN.
[0m[NR_PHY] Scanning GSCN: 0, with SSB offset: 24, SSB Freq: 0.000000
[0m[1;31m[PHY]    synch Failed: 
[0m[93m[PHY]    SSB position provided
[0m[93m[NR_PHY] Starting sync detection
[0m[PHY]    [UE thread Synch] Running Initial Synch 
[0m[NR_PHY] Starting cell search with center freq: 4049760000, bandwidth: 24. Scanning for 1 number of GSCN.
[0m[NR_PHY] Scanning GSCN: 0, with SSB offset: 24, SSB Freq: 0.000000
[0m[1;31m[PHY]    synch Failed: 
[0m[93m[PHY]    SSB position provided
[0m[93m[NR_PHY] Starting sync detection
[0m[PHY]    [UE thread Synch] Running Initial Synch 
[0m[NR_PHY] Starting cell search with center freq: 4049760000, bandwidth: 24. Scanning for 1 number of GSCN.
[0m[NR_PHY] Scanning GSCN: 0, with SSB offset: 24, SSB Freq: 0.000000
[0m[1;31m[PHY]    synch Failed: 
[0m[93m[PHY]    SSB position provided
[0m[93m[NR_PHY] Starting sync detection
[0m[PHY]    [UE thread Synch] Running Initial Synch 
[0m[NR_PHY] Starting cell search with center freq: 4049760000, bandwidth: 24. Scanning for 1 number of GSCN.
[0m[NR_PHY] Scanning GSCN: 0, with SSB offset: 24, SSB Freq: 0.000000
[0m[1;31m[PHY]    synch Failed: 
[0m[93m[PHY]    SSB position provided
[0m[93m[NR_PHY] Starting sync detection
[0m[PHY]    [UE thread Synch] Running Initial Synch 
[0m[NR_PHY] Starting cell search with center freq: 4049760000, bandwidth: 24. Scanning for 1 number of GSCN.
[0m[NR_PHY] Scanning GSCN: 0, with SSB offset: 24, SSB Freq: 0.000000
[0m[1;31m[PHY]    synch Failed: 
[0m[93m[PHY]    SSB position provided
[0m[93m[NR_PHY] Starting sync detection
[0m[PHY]    [UE thread Synch] Running Initial Synch 
[0m[NR_PHY] Starting cell search with center freq: 4049760000, bandwidth: 24. Scanning for 1 number of GSCN.
[0m[NR_PHY] Scanning GSCN: 0, with SSB offset: 24, SSB Freq: 0.000000
[0m[1;31m[PHY]    synch Failed: 
[0m[93m[PHY]    SSB position provided
[0m[93m[NR_PHY] Starting sync detection
[0m[PHY]    [UE thread Synch] Running Initial Synch 
[0m[NR_PHY] Starting cell search with center freq: 4049760000, bandwidth: 24. Scanning for 1 number of GSCN.
[0m[NR_PHY] Scanning GSCN: 0, with SSB offset: 24, SSB Freq: 0.000000
[0m[1;31m[PHY]    synch Failed: 
[0m[93m[PHY]    SSB position provided
[0m[93m[NR_PHY] Starting sync detection
[0m[PHY]    [UE thread Synch] Running Initial Synch 
[0m[NR_PHY] Starting cell search with center freq: 4049760000, bandwidth: 24. Scanning for 1 number of GSCN.
[0m[NR_PHY] Scanning GSCN: 0, with SSB offset: 24, SSB Freq: 0.000000
[0m[1;31m[PHY]    synch Failed: 
[0m[93m[PHY]    SSB position provided
[0m[93m[NR_PHY] Starting sync detection
[0m[PHY]    [UE thread Synch] Running Initial Synch 
[0m[NR_PHY] Starting cell search with center freq: 4049760000, bandwidth: 24. Scanning for 1 number of GSCN.
[0m[NR_PHY] Scanning GSCN: 0, with SSB offset: 24, SSB Freq: 0.000000
[0m[1;31m[PHY]    synch Failed: 
[0m[93m[PHY]    SSB position provided
[0m[93m[NR_PHY] Starting sync detection
[0m[PHY]    [UE thread Synch] Running Initial Synch 
[0m[NR_PHY] Starting cell search with center freq: 4049760000, bandwidth: 24. Scanning for 1 number of GSCN.
[0m[NR_PHY] Scanning GSCN: 0, with SSB offset: 24, SSB Freq: 0.000000
[0m[1;31m[PHY]    synch Failed: 
[0m[93m[PHY]    SSB position provided
[0m[93m[NR_PHY] Starting sync detection
[0m[PHY]    [UE thread Synch] Running Initial Synch 
[0m[NR_PHY] Starting cell search with center freq: 4049760000, bandwidth: 24. Scanning for 1 number of GSCN.
[0m[NR_PHY] Scanning GSCN: 0, with SSB offset: 24, SSB Freq: 0.000000
[0m[1;31m[PHY]    synch Failed: 
[0m[93m[PHY]    SSB position provided
[0m[93m[NR_PHY] Starting sync detection
[0m[PHY]    [UE thread Synch] Running Initial Synch 
[0m[NR_PHY] Starting cell search with center freq: 4049760000, bandwidth: 24. Scanning for 1 number of GSCN.
[0m[NR_PHY] Scanning GSCN: 0, with SSB offset: 24, SSB Freq: 0.000000
[0m[1;31m[PHY]    synch Failed: 
[0m[93m[PHY]    SSB position provided
[0m[93m[NR_PHY] Starting sync detection
[0m[PHY]    [UE thread Synch] Running Initial Synch 
[0m[NR_PHY] Starting cell search with center freq: 4049760000, bandwidth: 24. Scanning for 1 number of GSCN.
[0m[NR_PHY] Scanning GSCN: 0, with SSB offset: 24, SSB Freq: 0.000000
[0m[1;31m[PHY]    synch Failed: 
[0m[93m[PHY]    SSB position provided
[0m[93m[NR_PHY] Starting sync detection
[0m[PHY]    [UE thread Synch] Running Initial Synch 
[0m[NR_PHY] Starting cell search with center freq: 4049760000, bandwidth: 24. Scanning for 1 number of GSCN.
[0m[NR_PHY] Scanning GSCN: 0, with SSB offset: 24, SSB Freq: 0.000000
[0m[1;31m[PHY]    synch Failed: 
[0m[93m[PHY]    SSB position provided
[0m[93m[NR_PHY] Starting sync detection
[0m[PHY]    [UE thread Synch] Running Initial Synch 
[0m[NR_PHY] Starting cell search with center freq: 4049760000, bandwidth: 24. Scanning for 1 number of GSCN.
[0m[NR_PHY] Scanning GSCN: 0, with SSB offset: 24, SSB Freq: 0.000000
[0m[1;31m[PHY]    synch Failed: 
[0m[93m[PHY]    SSB position provided
[0m[93m[NR_PHY] Starting sync detection
[0m[PHY]    [UE thread Synch] Running Initial Synch 
[0m[NR_PHY] Starting cell search with center freq: 4049760000, bandwidth: 24. Scanning for 1 number of GSCN.
[0m[NR_PHY] Scanning GSCN: 0, with SSB offset: 24, SSB Freq: 0.000000
[0m[1;31m[PHY]    synch Failed: 
[0m[93m[PHY]    SSB position provided
[0m[93m[NR_PHY] Starting sync detection
[0m[PHY]    [UE thread Synch] Running Initial Synch 
[0m[NR_PHY] Starting cell search with center freq: 4049760000, bandwidth: 24. Scanning for 1 number of GSCN.
[0m[NR_PHY] Scanning GSCN: 0, with SSB offset: 24, SSB Freq: 0.000000
[0m[1;31m[PHY]    synch Failed: 
[0m[93m[PHY]    SSB position provided
[0m[93m[NR_PHY] Starting sync detection
[0m[PHY]    [UE thread Synch] Running Initial Synch 
[0m[NR_PHY] Starting cell search with center freq: 4049760000, bandwidth: 24. Scanning for 1 number of GSCN.
[0m[NR_PHY] Scanning GSCN: 0, with SSB offset: 24, SSB Freq: 0.000000
[0m[32m[PHY]    Initial sync: pbch decoded sucessfully, ssb index 0
[0m[PHY]    pbch rx ok. rsrp:71 dB/RE, adjust_rxgain:-21 dB
[0m[NR_PHY] Cell Detected with GSCN: 0, SSB SC offset: 24, SSB Ref: 0.000000, PSS Corr peak: 116 dB, PSS Corr Average: 83
[0m[PHY]    [UE0] In synch, rx_offset 13508 samples
[0m[PHY]    [UE 0] Measured Carrier Frequency offset -32 Hz
[0m[32m[PHY]    Initial sync successful, PCI: 0
[0m[PHY]    HW: Configuring channel 0 (rf_chain 0): setting tx_freq 4049759968 Hz, rx_freq 4049759968 Hz, tune_offset 0
[0m[PHY]    HW: Configuring channel 1 (rf_chain 0): setting tx_freq 4049759968 Hz, rx_freq 4049759968 Hz, tune_offset 0
[0m[PHY]    Got synch: hw_slot_offset 4, carrier off -32 Hz
[0m[NR_RRC] [UE 0] BCCH update: phyCellID 0->0, arfcn_ssb 0->669984
[0m[32m[PHY]    UE synchronized! decoded_frame_rx=102 UE->init_sync_frame=0 trashed_frames=4
[0m[PHY]    Resynchronizing RX by 13508 samples
[0m[HW]     received write reorder clear context
[0m[PHY]    max_pos_acc = 0, shiftForNextFrame = 0
[0m[32m[NR_RRC] SIB1 decoded
[0m[NR_MAC] [UE 0] Initial cell selection: dl_frequency=4045440 kHz (from command-line, band=77, scs=1)
[0m[NR_MAC] Initial cell selection: uplink_frequency=4045440 kHz (from dl_frequency=4045440 kHz)
[0m[NR_MAC] TDD period index = 5, based on the sum of dl_UL_TransmissionPeriodicity from Pattern1 (2.500000 ms) and Pattern2 (0.000000 ms): Total = 2.500000 ms
[0m[NR_MAC] Set TDD configuration period to: 2 DL slots, 4 UL slots, 5 slots per period (NR_TDD_UL_DL_Pattern is 1 DL slots, 3 UL slots, 6 DL symbols, 4 UL symbols)
[0m[NR_MAC] Configured 1 TDD patterns (total slots: pattern1 = 5, pattern2 = 0)
[0m[PHY]    N_TA_offset changed from 0 to 200
[0m[MAC]    Initialization of 4-Step CBRA procedure
[0m[NR_MAC] PRACH scheduler: Selected RO Frame 108, Slot 19, Symbol 0, Fdm 0
[0m[PHY]    PRACH [UE 0] in frame.slot 108.19, placing PRACH in position 740, Msg1/MsgA-Preamble frequency start 0 (k1 0), preamble_offset 0, first_nonzero_root_idx 0, preambleIndex = 0
[0m[PHY]    [UE 0] RAR-Msg2 decoded
[0m[NR_MAC] [UE 0][RAPROC][RA-RNTI 010b] Got BI RAR subPDU 5 ms
[0m[NR_MAC] [UE 0][RAPROC][RA-RNTI 010b] Got RAPID RAR subPDU
[0m[32m[NR_MAC] [UE 0][RAPROC][109.10] Found RAR with the intended RAPID 0
[0m[93m[MAC]    received TA command 31
[0m[32m[NR_MAC] [RAPROC][109.18] RA-Msg3 transmitted
[0m[32m[NR_MAC] [UE 0][110.10][RAPROC] 4-Step RA procedure succeeded. CBRA: Contention Resolution is successful.
[0m[NR_RRC] [UE0][RAPROC] Logical Channel DL-CCCH (SRB0), Received NR_RRCSetup
[0m[RLC]    Added srb 1 to UE 0
[0m[NR_RRC] State = NR_RRC_CONNECTED
[0m[NAS]    Generate Initial NAS Message: Registration Request
[0m[NR_RRC] [UE 0][RAPROC] Logical Channel UL-DCCH (SRB1), Generating RRCSetupComplete (bytes32)
[0m[NAS]    [UE 0] Received NR_NAS_CONN_ESTABLISH_IND: asCause 0
[0m[MAC]    [UE 0] Applying CellGroupConfig from gNodeB
[0m[NR_PHY] RI = 1 i1 = 0.0.0, i2 = 3, SINR = 51 dB, CQI = 15
[0m[NAS]    [UE 0] Received NAS_DOWNLINK_DATA_IND type FGS_AUTHENTICATION_REQUEST with length 42
[0m[NR_PHY] RI = 1 i1 = 0.0.0, i2 = 3, SINR = 48 dB, CQI = 15
[0m[NR_PHY] RI = 1 i1 = 0.0.0, i2 = 3, SINR = 51 dB, CQI = 15
[0m[NAS]    [UE 0] Received NAS_DOWNLINK_DATA_IND type FGS_SECURITY_MODE_COMMAND with length 21
[0m[NAS]    Generate Initial NAS Message: Registration Request
[0m[NR_PHY] RI = 2 i1 = 0.0.0, i2 = 0, SINR = 48 dB, CQI = 15
[0m[NR_RRC] Received securityModeCommand (gNB 0)
[0m[NR_RRC] Receiving from SRB1 (DL-DCCH), Processing securityModeCommand
[0m[NR_RRC] Security algorithm is set to nea0
[0m[NR_RRC] Integrity protection algorithm is set to nia2
[0m[NR_RRC] Receiving from SRB1 (DL-DCCH), encoding securityModeComplete, rrc_TransactionIdentifier: 0
[0m[NR_PHY] RI = 2 i1 = 0.0.0, i2 = 0, SINR = 48 dB, CQI = 15
[0m[NR_RRC] Received Capability Enquiry (gNB 0)
[0m[NR_RRC] Receiving from SRB1 (DL-DCCH), Processing UECapabilityEnquiry
[0m[CONFIG] function config_libconfig_init returned 0
Initializing random number generator, seed 10684689068224771960
Initializing random number generator, seed 15089614198512453650
Waiting for server to create shared memory segment
last path (12) at 12.525000 * 3.000000e-01 = 3.757500e+00
TDL : 15360000.000000 Ms/s, nb_taps 13, Td 3.757500e+00, channel_length 5
last path (12) at 3.757500 * 3.000000e-01 = 1.127250e+00
TDL : 15360000.000000 Ms/s, nb_taps 13, Td 1.127250e+00, channel_length 4
UE threads created by 1391361
TYPE <CTRL-C> TO TERMINATE
Entering ITTI signals handler
TYPE <CTRL-C> TO TERMINATE
kausf:67 f5 46 87 b9 f4 d4 46 94 72 37 3d ff f2 ad d8 f8 d5 2a 31 c4 75 47 60 5b 59 ea 3f 5e bc fd 33 
kseaf:c4 1f ce 1f 2f a1 d0 d6 a8 10 0 ab aa 46 1 92 90 52 49 d5 66 1 34 49 be d1 60 c2 34 7e 66 62 
kamf:c7 ee e4 54 aa 6e cc 9b 61 3f cb 56 3a 65 53 6b f0 bd f5 b5 88 54 49 f9 d7 d aa ef ac db f4 f7 
knas_int: 8d ec 97 2d af 6a ec b1 e0 f c0 c6 c9 31 73 ca 
knas_enc: 4 72 22 7c c1 4e a4 4 ed b6 20 7f 33 7f 70 ca 
mac a1 25 84 e5 
[NR_RRC] deriving kRRCenc, kRRCint from KgNB=1d c0 f8 a4 73 d7 8e 18 d4 48 b9 9f 15 ea 4b a2 14 1f 17 60 db 37 da aa e2 fa f2 4a a4 4a c1 57 [0m
[NR_RRC] securityModeComplete payload: 28 00 00 00 00 00 00 00 10 4d 00 b4 ac 79 00 00 [0m
<UE-NR-Capability>
    <accessStratumRelease><rel15/></accessStratumRelease>
    <pdcp-Parameters>
        <supportedROHC-Profiles>
            <profile0x0000><false/></profile0x0000>
            <profile0x0001><false/></profile0x0001>
            <profile0x0002><false/></profile0x0002>
            <profile0x0003><false/></profile0x0003>
            <profile0x0004><false/></profile0x0004>
            <profile0x0006><false/></profile0x0006>
            <profile0x0101><false/></profile0x0101>
            <profile0x0102><false/></profile0x0102>
            <profile0x0103><false/></profile0x0103>
            <profile0x0104><false/></profile0x0104>
        </supportedROHC-Profiles>
        <maxNumberROHC-ContextSessions><cs2/></maxNumberROHC-ContextSessions>
    </pdcp-Parameters>
    <phy-Parameters>
    </phy-Parameters>
    <rf-Parameters>
        <supportedBandListNR>
            <BandNR>
                <bandNR>1</bandNR>
            </BandNR>
        </supportedBandListNR>
    </rf-Parameters>
</UE-NR-Capability>
[PHY]    [RRC]UE NR Capability encoded, 10 bytes (86 bits)
[0m[NR_RRC] UECapabilityInformation Encoded 106 bits (14 bytes)
[0m[NR_PHY] RI = 2 i1 = 0.0.0, i2 = 0, SINR = 48 dB, CQI = 15
[0m[NAS]    [UE 0] Received NAS_DOWNLINK_DATA_IND type FGS_REGISTRATION_ACCEPT with length 53
[0m[NAS]    Received Registration Accept with result 3GPP
[0m[NAS]    SMS not allowed in 5GS Registration Result
[0m[NR_RRC] 5G-GUTI: AMF pointer 1, AMF Set ID 1, 5G-TMSI 2485381522 
[0m[NAS]    Send NAS_UPLINK_DATA_REQ message(RegistrationComplete)
[0m[NAS]    requested PDU session ID 1 type 1 NSSAI 1.16777215 DNN oai
[0m[NAS]    Send NAS_UPLINK_DATA_REQ message(PduSessionEstablishRequest)
[0m[NR_PHY] RI = 2 i1 = 0.0.0, i2 = 0, SINR = 48 dB, CQI = 15
[0m[NR_PHY] RI = 2 i1 = 0.0.0, i2 = 0, SINR = 48 dB, CQI = 15
[0m[RLC]    Added srb 2 to UE 0
[0m[RLC]    Added drb 1 to UE 0
[0m[RLC]    Added DRB to UE 0
[0m[NR_RRC] RRCReconfiguration includes radio Bearer Configuration
[0m[MAC]    [UE 0] Applying CellGroupConfig from gNodeB
[0m[SDAP]   Default DRB for the created SDAP entity: DRB 1 
[0m[PDCP]   Added DRB 1 to UE ID 0
[0m[NR_RRC] State = NR_RRC_CONNECTED
[0m[NR_RRC] RRCReconfiguration includes Measurement Configuration
[0m[93m[NR_RRC] Measurement gaps not yet supported!
[0m[NR_RRC] rrcReconfigurationComplete Encoded 10 bits (2 bytes)
[0m[NR_RRC]  Logical Channel UL-DCCH (SRB1), Generating RRCReconfigurationComplete (bytes 2)
[0m[NAS]    [UE 0] Received NAS_CONN_ESTABLI_CNF: errCode 1, length 98
[0m[NAS]    Received PDU Session Establishment Accept, UE IPv4: 10.0.0.137
[0m[32m[OIP]    TUN Interface oaitun_ue1 successfully configured, IPv4 10.0.0.137, IPv6 (null)
[0m[UTIL]   threadCreate() for ue_tun_read_0_p1: creating thread with affinity ffffffff, priority 1
[0m[93m[NR_RRC] (active_cell_rsrp) -126 + (rsrp_hysteresis) 0 < (rsrp_threshold) -97
[0m[NR_PHY] RI = 2 i1 = 0.0.0, i2 = 0, SINR = 48 dB, CQI = 15
[0m[NR_MAC] UE 0 RNTI 3cc4 stats sfn: 128.2, cumulated bad DCI 0
    DL harq: 20/0
    UL harq: 15/0 avg code rate 0.1, avg bit/symbol 2.0, avg per TB: (nb RBs 16.0, nb symbols 12.3)
[0m[NR_PHY] RI = 2 i1 = 0.0.0, i2 = 0, SINR = 48 dB, CQI = 15
[0m[NR_RRC] MeasurementReport Encoded 53 bits (7 bytes)
[0m[NR_PHY] RI = 2 i1 = 0.0.0, i2 = 0, SINR = 48 dB, CQI = 15
[0m[NR_PHY] RI = 2 i1 = 0.0.0, i2 = 0, SINR = 48 dB, CQI = 15
[0m[NR_PHY] RI = 2 i1 = 0.0.0, i2 = 0, SINR = 48 dB, CQI = 15
[0m[NR_PHY] RI = 2 i1 = 0.0.0, i2 = 0, SINR = 48 dB, CQI = 15
[0m[NR_PHY] RI = 2 i1 = 0.0.0, i2 = 0, SINR = 48 dB, CQI = 15
[0m[NR_PHY] RI = 2 i1 = 0.0.0, i2 = 0, SINR = 48 dB, CQI = 15
[0m[NR_PHY] RI = 2 i1 = 0.0.0, i2 = 0, SINR = 48 dB, CQI = 15
[0m[NR_PHY] RI = 2 i1 = 0.0.0, i2 = 0, SINR = 48 dB, CQI = 15
[0m[NR_PHY] RI = 2 i1 = 0.0.0, i2 = 0, SINR = 48 dB, CQI = 15
[0m[NR_PHY] RI = 2 i1 = 0.0.0, i2 = 0, SINR = 48 dB, CQI = 15
[0m[NR_PHY] RI = 2 i1 = 0.0.0, i2 = 0, SINR = 48 dB, CQI = 15
[0m[NR_PHY] RI = 2 i1 = 0.0.0, i2 = 0, SINR = 48 dB, CQI = 15
[0m[NR_PHY] RI = 2 i1 = 0.0.0, i2 = 0, SINR = 48 dB, CQI = 15
[0m[NR_PHY] RI = 2 i1 = 0.0.0, i2 = 0, SINR = 48 dB, CQI = 15
[0m[NR_PHY] RI = 2 i1 = 0.0.0, i2 = 0, SINR = 48 dB, CQI = 15
[0m[NR_PHY] RI = 2 i1 = 0.0.0, i2 = 0, SINR = 48 dB, CQI = 15
[0m[NR_PHY] RI = 2 i1 = 0.0.0, i2 = 0, SINR = 48 dB, CQI = 15
[0m[NR_PHY] RI = 2 i1 = 0.0.0, i2 = 0, SINR = 48 dB, CQI = 15
[0m[NR_PHY] RI = 2 i1 = 0.0.0, i2 = 0, SINR = 48 dB, CQI = 15
[0m[NR_PHY] RI = 2 i1 = 0.0.0, i2 = 0, SINR = 48 dB, CQI = 15
[0m[NR_PHY] RI = 2 i1 = 0.0.0, i2 = 0, SINR = 48 dB, CQI = 15
[0m[NR_PHY] RI = 2 i1 = 0.0.0, i2 = 0, SINR = 48 dB, CQI = 15
[0m[NR_PHY] RI = 2 i1 = 0.0.0, i2 = 0, SINR = 48 dB, CQI = 15
[0m[NR_PHY] RI = 2 i1 = 0.0.0, i2 = 0, SINR = 48 dB, CQI = 15
[0m[NR_RRC] MeasurementReport Encoded 53 bits (7 bytes)
[0m[NR_PHY] RI = 2 i1 = 0.0.0, i2 = 0, SINR = 48 dB, CQI = 15
[0m[NR_PHY] RI = 2 i1 = 0.0.0, i2 = 0, SINR = 48 dB, CQI = 15
[0m[NR_PHY] RI = 2 i1 = 0.0.0, i2 = 0, SINR = 48 dB, CQI = 15
[0m[NR_PHY] RI = 2 i1 = 0.0.0, i2 = 0, SINR = 48 dB, CQI = 15
[0m[NR_PHY] RI = 2 i1 = 0.0.0, i2 = 0, SINR = 48 dB, CQI = 15
[0m[NR_PHY] RI = 2 i1 = 0.0.0, i2 = 0, SINR = 48 dB, CQI = 15
[0m[NR_PHY] RI = 2 i1 = 0.0.0, i2 = 0, SINR = 48 dB, CQI = 15
[0m[NR_PHY] RI = 2 i1 = 0.0.0, i2 = 0, SINR = 48 dB, CQI = 15
[0m[NR_PHY] RI = 2 i1 = 0.0.0, i2 = 0, SINR = 48 dB, CQI = 15
[0m[NR_PHY] RI = 2 i1 = 0.0.0, i2 = 0, SINR = 48 dB, CQI = 15
[0m[NR_PHY] RI = 2 i1 = 0.0.0, i2 = 0, SINR = 48 dB, CQI = 15
[0m[NR_PHY] RI = 2 i1 = 0.0.0, i2 = 0, SINR = 48 dB, CQI = 15
[0m[NR_PHY] RI = 2 i1 = 0.0.0, i2 = 0, SINR = 48 dB, CQI = 15
[0m[NR_PHY] RI = 2 i1 = 0.0.0, i2 = 0, SINR = 48 dB, CQI = 15
[0m[NR_PHY] RI = 2 i1 = 0.0.0, i2 = 0, SINR = 48 dB, CQI = 15
[0m[NR_PHY] RI = 2 i1 = 0.0.0, i2 = 0, SINR = 48 dB, CQI = 15
[0m[NR_PHY] RI = 2 i1 = 0.0.0, i2 = 0, SINR = 48 dB, CQI = 15
[0m[NR_PHY] RI = 2 i1 = 0.0.0, i2 = 0, SINR = 48 dB, CQI = 15
[0m[NR_PHY] RI = 2 i1 = 0.0.0, i2 = 0, SINR = 48 dB, CQI = 15
[0m[NR_PHY] RI = 2 i1 = 0.0.0, i2 = 0, SINR = 48 dB, CQI = 15
[0m[NR_PHY] RI = 2 i1 = 0.0.0, i2 = 0, SINR = 48 dB, CQI = 15
[0m[NR_PHY] RI = 2 i1 = 0.0.0, i2 = 0, SINR = 48 dB, CQI = 15
[0m[NR_PHY] RI = 2 i1 = 0.0.0, i2 = 0, SINR = 48 dB, CQI = 15
[0m[NR_PHY] RI = 2 i1 = 0.0.0, i2 = 0, SINR = 48 dB, CQI = 15
[0m[NR_RRC] MeasurementReport Encoded 53 bits (7 bytes)
[0m[NR_PHY] RI = 2 i1 = 0.0.0, i2 = 0, SINR = 48 dB, CQI = 15
[0m[NR_PHY] RI = 2 i1 = 0.0.0, i2 = 0, SINR = 48 dB, CQI = 15
[0m[NR_PHY] RI = 2 i1 = 0.0.0, i2 = 0, SINR = 48 dB, CQI = 15
[0m[NR_PHY] RI = 2 i1 = 0.0.0, i2 = 0, SINR = 48 dB, CQI = 15
[0m[NR_PHY] RI = 2 i1 = 0.0.0, i2 = 0, SINR = 48 dB, CQI = 15
[0m[NR_PHY] RI = 2 i1 = 0.0.0, i2 = 0, SINR = 48 dB, CQI = 15
[0m[NR_PHY] RI = 2 i1 = 0.0.0, i2 = 0, SINR = 48 dB, CQI = 15
[0m[NR_PHY] RI = 2 i1 = 0.0.0, i2 = 0, SINR = 48 dB, CQI = 15
[0m[NR_PHY] RI = 2 i1 = 0.0.0, i2 = 0, SINR = 48 dB, CQI = 15
[0m[NR_PHY] RI = 2 i1 = 0.0.0, i2 = 0, SINR = 48 dB, CQI = 15
[0m[NR_PHY] RI = 2 i1 = 0.0.0, i2 = 0, SINR = 48 dB, CQI = 15
[0m[NR_PHY] RI = 2 i1 = 0.0.0, i2 = 0, SINR = 48 dB, CQI = 15
[0m[NR_PHY] RI = 2 i1 = 0.0.0, i2 = 0, SINR = 48 dB, CQI = 15
[0m[NR_PHY] RI = 2 i1 = 0.0.0, i2 = 0, SINR = 48 dB, CQI = 15
[0m[NR_PHY] RI = 2 i1 = 0.0.0, i2 = 0, SINR = 48 dB, CQI = 15
[0m[NR_MAC] UE 0 RNTI 3cc4 stats sfn: 256.2, cumulated bad DCI 0
    DL harq: 26/0
    UL harq: 35/0 avg code rate 0.1, avg bit/symbol 2.0, avg per TB: (nb RBs 16.0, nb symbols 12.7)
[0m[NR_PHY] RI = 2 i1 = 0.0.0, i2 = 0, SINR = 48 dB, CQI = 15
[0m[NR_PHY] RI = 2 i1 = 0.0.0, i2 = 0, SINR = 48 dB, CQI = 15
[0m[NR_PHY] RI = 2 i1 = 0.0.0, i2 = 0, SINR = 48 dB, CQI = 15
[0m[NR_PHY] RI = 2 i1 = 0.0.0, i2 = 0, SINR = 48 dB, CQI = 15
[0m[NR_PHY] RI = 2 i1 = 0.0.0, i2 = 0, SINR = 48 dB, CQI = 15
[0m[NR_PHY] RI = 2 i1 = 0.0.0, i2 = 0, SINR = 48 dB, CQI = 15
[0m[NR_PHY] RI = 2 i1 = 0.0.0, i2 = 0, SINR = 48 dB, CQI = 15
[0m[NR_PHY] RI = 2 i1 = 0.0.0, i2 = 0, SINR = 48 dB, CQI = 15
[0m[NR_PHY] RI = 2 i1 = 0.0.0, i2 = 0, SINR = 48 dB, CQI = 15
[0m[NR_RRC] MeasurementReport Encoded 53 bits (7 bytes)
[0m[NR_PHY] RI = 2 i1 = 0.0.0, i2 = 0, SINR = 48 dB, CQI = 15
[0m[NR_PHY] RI = 2 i1 = 0.0.0, i2 = 0, SINR = 48 dB, CQI = 15
[0m[NR_PHY] RI = 2 i1 = 0.0.0, i2 = 0, SINR = 48 dB, CQI = 15
[0m[NR_PHY] RI = 2 i1 = 0.0.0, i2 = 0, SINR = 48 dB, CQI = 15
[0m[NR_PHY] RI = 2 i1 = 0.0.0, i2 = 0, SINR = 48 dB, CQI = 15
[0m[NR_PHY] RI = 2 i1 = 0.0.0, i2 = 0, SINR = 48 dB, CQI = 15
[0m[NR_PHY] RI = 2 i1 = 0.0.0, i2 = 0, SINR = 48 dB, CQI = 15
[0m[NR_PHY] RI = 2 i1 = 0.0.0, i2 = 0, SINR = 48 dB, CQI = 15
[0m[NR_PHY] RI = 2 i1 = 0.0.0, i2 = 0, SINR = 48 dB, CQI = 15
[0m[NR_PHY] RI = 2 i1 = 0.0.0, i2 = 0, SINR = 48 dB, CQI = 15
[0m[NR_PHY] RI = 2 i1 = 0.0.0, i2 = 0, SINR = 48 dB, CQI = 15
[0m[NR_PHY] RI = 2 i1 = 0.0.0, i2 = 0, SINR = 48 dB, CQI = 15
[0m[NR_PHY] RI = 2 i1 = 0.0.0, i2 = 0, SINR = 48 dB, CQI = 15
[0m[NR_PHY] RI = 2 i1 = 0.0.0, i2 = 0, SINR = 48 dB, CQI = 15
[0m[NR_PHY] RI = 2 i1 = 0.0.0, i2 = 0, SINR = 48 dB, CQI = 15
[0m[NR_PHY] RI = 2 i1 = 0.0.0, i2 = 0, SINR = 48 dB, CQI = 15
[0m[NR_PHY] RI = 2 i1 = 0.0.0, i2 = 0, SINR = 48 dB, CQI = 15
[0m[NR_PHY] RI = 2 i1 = 0.0.0, i2 = 0, SINR = 48 dB, CQI = 15
[0m[NR_PHY] RI = 2 i1 = 0.0.0, i2 = 0, SINR = 48 dB, CQI = 15
[0m[NR_PHY] RI = 2 i1 = 0.0.0, i2 = 0, SINR = 48 dB, CQI = 15
[0m[NR_PHY] RI = 2 i1 = 0.0.0, i2 = 0, SINR = 48 dB, CQI = 15
[0m[NR_PHY] RI = 2 i1 = 0.0.0, i2 = 0, SINR = 48 dB, CQI = 15
[0m[NR_PHY] RI = 2 i1 = 0.0.0, i2 = 0, SINR = 48 dB, CQI = 15
[0m[NR_PHY] RI = 2 i1 = 0.0.0, i2 = 0, SINR = 48 dB, CQI = 15
[0m[NR_PHY] RI = 2 i1 = 0.0.0, i2 = 0, SINR = 48 dB, CQI = 15
[0m[NR_PHY] RI = 2 i1 = 0.0.0, i2 = 0, SINR = 48 dB, CQI = 15
[0m[NR_PHY] RI = 2 i1 = 0.0.0, i2 = 0, SINR = 48 dB, CQI = 15
[0m[NR_PHY] RI = 2 i1 = 0.0.0, i2 = 0, SINR = 48 dB, CQI = 15
[0m[NR_PHY] RI = 2 i1 = 0.0.0, i2 = 0, SINR = 48 dB, CQI = 15
[0m[NR_PHY] RI = 2 i1 = 0.0.0, i2 = 0, SINR = 48 dB, CQI = 15
[0m[NR_PHY] RI = 2 i1 = 0.0.0, i2 = 0, SINR = 48 dB, CQI = 15
[0m[NR_PHY] RI = 2 i1 = 0.0.0, i2 = 0, SINR = 48 dB, CQI = 15
[0m[NR_PHY] RI = 2 i1 = 0.0.0, i2 = 0, SINR = 48 dB, CQI = 15
[0m[NR_PHY] RI = 2 i1 = 0.0.0, i2 = 0, SINR = 48 dB, CQI = 15
[0m[NR_PHY] RI = 2 i1 = 0.0.0, i2 = 0, SINR = 48 dB, CQI = 15
[0m[NR_PHY] RI = 2 i1 = 0.0.0, i2 = 0, SINR = 48 dB, CQI = 15
[0m[NR_PHY] RI = 2 i1 = 0.0.0, i2 = 0, SINR = 48 dB, CQI = 15
[0m[NR_PHY] RI = 2 i1 = 0.0.0, i2 = 0, SINR = 48 dB, CQI = 15
[0m[NR_PHY] RI = 2 i1 = 0.0.0, i2 = 0, SINR = 48 dB, CQI = 15
[0m[NR_PHY] RI = 2 i1 = 0.0.0, i2 = 0, SINR = 48 dB, CQI = 15
[0m[NR_PHY] RI = 2 i1 = 0.0.0, i2 = 0, SINR = 48 dB, CQI = 15
[0m[NR_PHY] RI = 2 i1 = 0.0.0, i2 = 0, SINR = 48 dB, CQI = 15
[0m[NR_PHY] RI = 2 i1 = 0.0.0, i2 = 0, SINR = 48 dB, CQI = 15
[0m[NR_PHY] RI = 2 i1 = 0.0.0, i2 = 0, SINR = 48 dB, CQI = 15
[0m[NR_PHY] RI = 2 i1 = 0.0.0, i2 = 0, SINR = 48 dB, CQI = 15
[0m[NR_PHY] RI = 2 i1 = 0.0.0, i2 = 0, SINR = 48 dB, CQI = 15
[0m[NR_PHY] RI = 2 i1 = 0.0.0, i2 = 0, SINR = 48 dB, CQI = 15
[0m[NR_PHY] RI = 2 i1 = 0.0.0, i2 = 0, SINR = 48 dB, CQI = 15
[0m[NR_PHY] RI = 2 i1 = 0.0.0, i2 = 0, SINR = 48 dB, CQI = 15
[0m[NR_PHY] RI = 2 i1 = 0.0.0, i2 = 0, SINR = 48 dB, CQI = 15
[0m[NR_PHY] RI = 2 i1 = 0.0.0, i2 = 0, SINR = 48 dB, CQI = 15
[0m[NR_PHY] RI = 2 i1 = 0.0.0, i2 = 0, SINR = 48 dB, CQI = 15
[0m[NR_PHY] RI = 2 i1 = 0.0.0, i2 = 0, SINR = 48 dB, CQI = 15
[0m[NR_PHY] RI = 2 i1 = 0.0.0, i2 = 0, SINR = 48 dB, CQI = 15
[0m[NR_PHY] RI = 2 i1 = 0.0.0, i2 = 0, SINR = 48 dB, CQI = 15
[0m[NR_MAC] UE 0 RNTI 3cc4 stats sfn: 384.2, cumulated bad DCI 0
    DL harq: 28/0
    UL harq: 49/0 avg code rate 0.1, avg bit/symbol 2.0, avg per TB: (nb RBs 16.0, nb symbols 12.8)
[0m[NR_PHY] RI = 2 i1 = 0.0.0, i2 = 0, SINR = 48 dB, CQI = 15
[0m[NR_PHY] RI = 2 i1 = 0.0.0, i2 = 0, SINR = 48 dB, CQI = 15
[0m[NR_PHY] RI = 2 i1 = 0.0.0, i2 = 0, SINR = 48 dB, CQI = 15
[0m[NR_PHY] RI = 2 i1 = 0.0.0, i2 = 0, SINR = 48 dB, CQI = 15
[0m[NR_PHY] RI = 2 i1 = 0.0.0, i2 = 0, SINR = 48 dB, CQI = 15
[0m[NR_PHY] RI = 2 i1 = 0.0.0, i2 = 0, SINR = 48 dB, CQI = 15
[0m[NR_PHY] RI = 2 i1 = 0.0.0, i2 = 0, SINR = 48 dB, CQI = 15
[0m[NR_PHY] RI = 2 i1 = 0.0.0, i2 = 0, SINR = 48 dB, CQI = 15
[0m[NR_PHY] RI = 2 i1 = 0.0.0, i2 = 0, SINR = 48 dB, CQI = 15
[0m[NR_PHY] RI = 2 i1 = 0.0.0, i2 = 0, SINR = 48 dB, CQI = 15
[0m[NR_PHY] RI = 2 i1 = 0.0.0, i2 = 0, SINR = 48 dB, CQI = 15
[0m[NR_PHY] RI = 2 i1 = 0.0.0, i2 = 0, SINR = 48 dB, CQI = 15
[0m[NR_PHY] RI = 2 i1 = 0.0.0, i2 = 0, SINR = 48 dB, CQI = 15
[0m[NR_PHY] RI = 2 i1 = 0.0.0, i2 = 0, SINR = 48 dB, CQI = 15
[0m[NR_PHY] RI = 2 i1 = 0.0.0, i2 = 0, SINR = 48 dB, CQI = 15
[0m[NR_PHY] RI = 2 i1 = 0.0.0, i2 = 0, SINR = 48 dB, CQI = 15
[0m[NR_PHY] RI = 2 i1 = 0.0.0, i2 = 0, SINR = 48 dB, CQI = 15
[0m[NR_PHY] RI = 2 i1 = 0.0.0, i2 = 0, SINR = 48 dB, CQI = 15
[0m[NR_PHY] RI = 2 i1 = 0.0.0, i2 = 0, SINR = 48 dB, CQI = 15
[0m[NR_PHY] RI = 2 i1 = 0.0.0, i2 = 0, SINR = 48 dB, CQI = 15
[0m[NR_PHY] RI = 2 i1 = 0.0.0, i2 = 0, SINR = 48 dB, CQI = 15
[0m[NR_PHY] RI = 2 i1 = 0.0.0, i2 = 0, SINR = 48 dB, CQI = 15
[0m[NR_PHY] RI = 2 i1 = 0.0.0, i2 = 0, SINR = 48 dB, CQI = 15
[0m[NR_PHY] RI = 2 i1 = 0.0.0, i2 = 0, SINR = 48 dB, CQI = 15
[0m[NR_PHY] RI = 2 i1 = 0.0.0, i2 = 0, SINR = 48 dB, CQI = 15
[0m[NR_PHY] RI = 2 i1 = 0.0.0, i2 = 0, SINR = 48 dB, CQI = 15
[0m[NR_PHY] RI = 2 i1 = 0.0.0, i2 = 0, SINR = 48 dB, CQI = 15
[0m[NR_PHY] RI = 2 i1 = 0.0.0, i2 = 0, SINR = 48 dB, CQI = 15
[0m[NR_PHY] RI = 2 i1 = 0.0.0, i2 = 0, SINR = 48 dB, CQI = 15
[0m[NR_PHY] RI = 2 i1 = 0.0.0, i2 = 0, SINR = 48 dB, CQI = 15
[0m[NR_PHY] RI = 2 i1 = 0.0.0, i2 = 0, SINR = 48 dB, CQI = 15
[0m[NR_PHY] RI = 2 i1 = 0.0.0, i2 = 0, SINR = 48 dB, CQI = 15
[0m[NR_PHY] RI = 2 i1 = 0.0.0, i2 = 0, SINR = 48 dB, CQI = 15
[0m[NR_PHY] RI = 2 i1 = 0.0.0, i2 = 0, SINR = 48 dB, CQI = 15
[0m[NR_PHY] RI = 2 i1 = 0.0.0, i2 = 0, SINR = 48 dB, CQI = 15
[0m[NR_PHY] RI = 2 i1 = 0.0.0, i2 = 0, SINR = 48 dB, CQI = 15
[0m[NR_PHY] RI = 2 i1 = 0.0.0, i2 = 0, SINR = 48 dB, CQI = 15
[0m[NR_PHY] RI = 2 i1 = 0.0.0, i2 = 0, SINR = 48 dB, CQI = 15
[0m[NR_PHY] RI = 2 i1 = 0.0.0, i2 = 0, SINR = 48 dB, CQI = 15
[0m[NR_PHY] RI = 2 i1 = 0.0.0, i2 = 0, SINR = 48 dB, CQI = 15
[0m[NR_PHY] RI = 2 i1 = 0.0.0, i2 = 0, SINR = 48 dB, CQI = 15
[0m[NR_PHY] RI = 2 i1 = 0.0.0, i2 = 0, SINR = 48 dB, CQI = 15
[0m[NR_PHY] RI = 2 i1 = 0.0.0, i2 = 0, SINR = 48 dB, CQI = 15
[0m[NR_PHY] RI = 2 i1 = 0.0.0, i2 = 0, SINR = 48 dB, CQI = 15
[0m[NR_PHY] RI = 2 i1 = 0.0.0, i2 = 0, SINR = 48 dB, CQI = 15
[0m[NR_PHY] RI = 2 i1 = 0.0.0, i2 = 0, SINR = 48 dB, CQI = 15
[0m[NR_PHY] RI = 2 i1 = 0.0.0, i2 = 0, SINR = 48 dB, CQI = 15
[0m[NR_PHY] RI = 2 i1 = 0.0.0, i2 = 0, SINR = 48 dB, CQI = 15
[0m[NR_PHY] RI = 2 i1 = 0.0.0, i2 = 0, SINR = 48 dB, CQI = 15
[0m[NR_PHY] RI = 2 i1 = 0.0.0, i2 = 0, SINR = 48 dB, CQI = 15
[0m[NR_PHY] RI = 2 i1 = 0.0.0, i2 = 0, SINR = 48 dB, CQI = 15
[0m[NR_PHY] RI = 2 i1 = 0.0.0, i2 = 0, SINR = 48 dB, CQI = 15
[0m[NR_PHY] RI = 2 i1 = 0.0.0, i2 = 0, SINR = 48 dB, CQI = 15
[0m[NR_PHY] RI = 2 i1 = 0.0.0, i2 = 0, SINR = 48 dB, CQI = 15
[0m[NR_PHY] RI = 2 i1 = 0.0.0, i2 = 0, SINR = 48 dB, CQI = 15
[0m[NR_PHY] RI = 2 i1 = 0.0.0, i2 = 0, SINR = 48 dB, CQI = 15
[0m[NR_PHY] RI = 2 i1 = 0.0.0, i2 = 0, SINR = 48 dB, CQI = 15
[0m[NR_PHY] RI = 2 i1 = 0.0.0, i2 = 0, SINR = 48 dB, CQI = 15
[0m[NR_PHY] RI = 2 i1 = 0.0.0, i2 = 0, SINR = 48 dB, CQI = 15
[0m[NR_PHY] RI = 2 i1 = 0.0.0, i2 = 0, SINR = 48 dB, CQI = 15
[0m[NR_PHY] RI = 2 i1 = 0.0.0, i2 = 0, SINR = 48 dB, CQI = 15
[0m[NR_PHY] RI = 2 i1 = 0.0.0, i2 = 0, SINR = 48 dB, CQI = 15
[0m[NR_PHY] RI = 2 i1 = 0.0.0, i2 = 0, SINR = 48 dB, CQI = 15
[0m[NR_PHY] RI = 2 i1 = 0.0.0, i2 = 0, SINR = 48 dB, CQI = 15
[0m[NR_MAC] UE 0 RNTI 3cc4 stats sfn: 512.2, cumulated bad DCI 0
    DL harq: 30/0
    UL harq: 62/0 avg code rate 0.1, avg bit/symbol 2.0, avg per TB: (nb RBs 16.0, nb symbols 12.8)
[0m[NR_PHY] RI = 2 i1 = 0.0.0, i2 = 0, SINR = 48 dB, CQI = 15
[0m[NR_PHY] RI = 2 i1 = 0.0.0, i2 = 0, SINR = 48 dB, CQI = 15
[0m[NR_PHY] RI = 2 i1 = 0.0.0, i2 = 0, SINR = 48 dB, CQI = 15
[0m[NR_PHY] RI = 2 i1 = 0.0.0, i2 = 0, SINR = 48 dB, CQI = 15
[0m[NR_PHY] RI = 2 i1 = 0.0.0, i2 = 0, SINR = 48 dB, CQI = 15
[0m[NR_PHY] RI = 2 i1 = 0.0.0, i2 = 0, SINR = 48 dB, CQI = 15
[0m[NR_PHY] RI = 2 i1 = 0.0.0, i2 = 0, SINR = 48 dB, CQI = 15
[0m[NR_PHY] RI = 2 i1 = 0.0.0, i2 = 0, SINR = 48 dB, CQI = 15
[0m[NR_PHY] RI = 2 i1 = 0.0.0, i2 = 0, SINR = 48 dB, CQI = 15
[0m[NR_PHY] RI = 2 i1 = 0.0.0, i2 = 0, SINR = 48 dB, CQI = 15
[0m[NR_PHY] RI = 2 i1 = 0.0.0, i2 = 0, SINR = 48 dB, CQI = 15
[0m[NR_PHY] RI = 2 i1 = 0.0.0, i2 = 0, SINR = 48 dB, CQI = 15
[0m[NR_PHY] RI = 2 i1 = 0.0.0, i2 = 0, SINR = 48 dB, CQI = 15
[0m[NR_PHY] RI = 2 i1 = 0.0.0, i2 = 0, SINR = 48 dB, CQI = 15
[0m[NR_PHY] RI = 2 i1 = 0.0.0, i2 = 0, SINR = 48 dB, CQI = 15
[0m[NR_PHY] RI = 2 i1 = 0.0.0, i2 = 0, SINR = 48 dB, CQI = 15
[0m[NR_PHY] RI = 2 i1 = 0.0.0, i2 = 0, SINR = 48 dB, CQI = 15
[0m[NR_PHY] RI = 2 i1 = 0.0.0, i2 = 0, SINR = 48 dB, CQI = 15
[0m[NR_PHY] RI = 2 i1 = 0.0.0, i2 = 0, SINR = 48 dB, CQI = 15
[0m[NR_PHY] RI = 2 i1 = 0.0.0, i2 = 0, SINR = 48 dB, CQI = 15
[0m[NR_PHY] RI = 2 i1 = 0.0.0, i2 = 0, SINR = 48 dB, CQI = 15
[0m[NR_PHY] RI = 2 i1 = 0.0.0, i2 = 0, SINR = 48 dB, CQI = 15
[0m[NR_PHY] RI = 2 i1 = 0.0.0, i2 = 0, SINR = 48 dB, CQI = 15
[0m[NR_PHY] RI = 2 i1 = 0.0.0, i2 = 0, SINR = 48 dB, CQI = 15
[0m[NR_PHY] RI = 2 i1 = 0.0.0, i2 = 0, SINR = 48 dB, CQI = 15
[0m[NR_PHY] RI = 2 i1 = 0.0.0, i2 = 0, SINR = 48 dB, CQI = 15
[0m[NR_PHY] RI = 2 i1 = 0.0.0, i2 = 0, SINR = 48 dB, CQI = 15
[0m[NR_PHY] RI = 2 i1 = 0.0.0, i2 = 0, SINR = 48 dB, CQI = 15
[0m[NR_PHY] RI = 2 i1 = 0.0.0, i2 = 0, SINR = 48 dB, CQI = 15
[0m[NR_PHY] RI = 2 i1 = 0.0.0, i2 = 0, SINR = 48 dB, CQI = 15
[0m[NR_PHY] RI = 2 i1 = 0.0.0, i2 = 0, SINR = 48 dB, CQI = 15
[0m[NR_PHY] RI = 2 i1 = 0.0.0, i2 = 0, SINR = 48 dB, CQI = 15
[0m[NR_PHY] RI = 2 i1 = 0.0.0, i2 = 0, SINR = 48 dB, CQI = 15
[0m[NR_PHY] RI = 2 i1 = 0.0.0, i2 = 0, SINR = 48 dB, CQI = 15
[0m[NR_PHY] RI = 2 i1 = 0.0.0, i2 = 0, SINR = 48 dB, CQI = 15
[0m[NR_PHY] RI = 2 i1 = 0.0.0, i2 = 0, SINR = 48 dB, CQI = 15
[0m[NR_PHY] RI = 2 i1 = 0.0.0, i2 = 0, SINR = 48 dB, CQI = 15
[0m[NR_PHY] RI = 2 i1 = 0.0.0, i2 = 0, SINR = 48 dB, CQI = 15
[0m[NR_PHY] RI = 2 i1 = 0.0.0, i2 = 0, SINR = 48 dB, CQI = 15
[0m[NR_PHY] RI = 2 i1 = 0.0.0, i2 = 0, SINR = 48 dB, CQI = 15
[0m[NR_PHY] RI = 2 i1 = 0.0.0, i2 = 0, SINR = 48 dB, CQI = 15
[0m[NR_PHY] RI = 2 i1 = 0.0.0, i2 = 0, SINR = 48 dB, CQI = 15
[0m[NR_PHY] RI = 2 i1 = 0.0.0, i2 = 0, SINR = 48 dB, CQI = 15
[0m[NR_PHY] RI = 2 i1 = 0.0.0, i2 = 0, SINR = 48 dB, CQI = 15
[0m[NR_PHY] RI = 2 i1 = 0.0.0, i2 = 0, SINR = 48 dB, CQI = 15
[0m[NR_PHY] RI = 2 i1 = 0.0.0, i2 = 0, SINR = 48 dB, CQI = 15
[0m[NR_PHY] RI = 2 i1 = 0.0.0, i2 = 0, SINR = 48 dB, CQI = 15
[0m[NR_PHY] RI = 2 i1 = 0.0.0, i2 = 0, SINR = 48 dB, CQI = 15
[0m[NR_PHY] RI = 2 i1 = 0.0.0, i2 = 0, SINR = 48 dB, CQI = 15
[0m[NR_PHY] RI = 2 i1 = 0.0.0, i2 = 0, SINR = 48 dB, CQI = 15
[0m[NR_PHY] RI = 2 i1 = 0.0.0, i2 = 0, SINR = 48 dB, CQI = 15
[0m[NR_PHY] RI = 2 i1 = 0.0.0, i2 = 0, SINR = 48 dB, CQI = 15
[0m[NR_PHY] RI = 2 i1 = 0.0.0, i2 = 0, SINR = 48 dB, CQI = 15
[0m[NR_PHY] RI = 2 i1 = 0.0.0, i2 = 0, SINR = 48 dB, CQI = 15
[0m[NR_PHY] RI = 2 i1 = 0.0.0, i2 = 0, SINR = 48 dB, CQI = 15
[0m[NR_PHY] RI = 2 i1 = 0.0.0, i2 = 0, SINR = 48 dB, CQI = 15
[0m[NR_PHY] RI = 2 i1 = 0.0.0, i2 = 0, SINR = 48 dB, CQI = 15
[0m[NR_PHY] RI = 2 i1 = 0.0.0, i2 = 0, SINR = 48 dB, CQI = 15
[0m[NR_PHY] RI = 2 i1 = 0.0.0, i2 = 0, SINR = 48 dB, CQI = 15
[0m[NR_PHY] RI = 2 i1 = 0.0.0, i2 = 0, SINR = 48 dB, CQI = 15
[0m[NR_PHY] RI = 2 i1 = 0.0.0, i2 = 0, SINR = 48 dB, CQI = 15
[0m[NR_PHY] RI = 2 i1 = 0.0.0, i2 = 0, SINR = 48 dB, CQI = 15
[0m[NR_PHY] RI = 2 i1 = 0.0.0, i2 = 0, SINR = 48 dB, CQI = 15
[0m[NR_PHY] RI = 2 i1 = 0.0.0, i2 = 0, SINR = 48 dB, CQI = 15
[0m[NR_MAC] UE 0 RNTI 3cc4 stats sfn: 640.2, cumulated bad DCI 0
    DL harq: 32/0
    UL harq: 78/0 avg code rate 0.1, avg bit/symbol 2.0, avg per TB: (nb RBs 16.0, nb symbols 12.9)
[0m[NR_PHY] RI = 2 i1 = 0.0.0, i2 = 0, SINR = 48 dB, CQI = 15
[0m[NR_PHY] RI = 2 i1 = 0.0.0, i2 = 0, SINR = 48 dB, CQI = 15
[0m[NR_PHY] RI = 2 i1 = 0.0.0, i2 = 0, SINR = 48 dB, CQI = 15
[0m[NR_PHY] RI = 2 i1 = 0.0.0, i2 = 0, SINR = 48 dB, CQI = 15
[0m[NR_PHY] RI = 2 i1 = 0.0.0, i2 = 0, SINR = 48 dB, CQI = 15
[0m[NR_PHY] RI = 2 i1 = 0.0.0, i2 = 0, SINR = 48 dB, CQI = 15
[0m[NR_PHY] RI = 2 i1 = 0.0.0, i2 = 0, SINR = 48 dB, CQI = 15
[0m[NR_PHY] RI = 2 i1 = 0.0.0, i2 = 0, SINR = 48 dB, CQI = 15
[0m[NR_PHY] RI = 2 i1 = 0.0.0, i2 = 0, SINR = 48 dB, CQI = 15
[0m[NR_PHY] RI = 2 i1 = 0.0.0, i2 = 0, SINR = 48 dB, CQI = 15
[0m[NR_PHY] RI = 2 i1 = 0.0.0, i2 = 0, SINR = 48 dB, CQI = 15
[0m[NR_PHY] RI = 2 i1 = 0.0.0, i2 = 0, SINR = 48 dB, CQI = 15
[0m[NR_PHY] RI = 2 i1 = 0.0.0, i2 = 0, SINR = 48 dB, CQI = 15
[0m[NR_PHY] RI = 2 i1 = 0.0.0, i2 = 0, SINR = 48 dB, CQI = 15
[0m[NR_PHY] RI = 2 i1 = 0.0.0, i2 = 0, SINR = 48 dB, CQI = 15
[0m[NR_PHY] RI = 2 i1 = 0.0.0, i2 = 0, SINR = 48 dB, CQI = 15
[0m[NR_PHY] RI = 2 i1 = 0.0.0, i2 = 0, SINR = 48 dB, CQI = 15
[0m[NR_PHY] RI = 2 i1 = 0.0.0, i2 = 0, SINR = 48 dB, CQI = 15
[0m[NR_PHY] RI = 2 i1 = 0.0.0, i2 = 0, SINR = 48 dB, CQI = 15
[0m[NR_PHY] RI = 2 i1 = 0.0.0, i2 = 0, SINR = 48 dB, CQI = 15
[0m[NR_PHY] RI = 2 i1 = 0.0.0, i2 = 0, SINR = 48 dB, CQI = 15
[0m[NR_PHY] RI = 2 i1 = 0.0.0, i2 = 0, SINR = 48 dB, CQI = 15
[0m[NR_PHY] RI = 2 i1 = 0.0.0, i2 = 0, SINR = 48 dB, CQI = 15
[0m[NR_PHY] RI = 2 i1 = 0.0.0, i2 = 0, SINR = 48 dB, CQI = 15
[0m[NR_PHY] RI = 2 i1 = 0.0.0, i2 = 0, SINR = 48 dB, CQI = 15
[0m[NR_PHY] RI = 2 i1 = 0.0.0, i2 = 0, SINR = 48 dB, CQI = 15
[0m[NR_PHY] RI = 2 i1 = 0.0.0, i2 = 0, SINR = 48 dB, CQI = 15
[0m[NR_PHY] RI = 2 i1 = 0.0.0, i2 = 0, SINR = 48 dB, CQI = 15
[0m[NR_PHY] RI = 2 i1 = 0.0.0, i2 = 0, SINR = 48 dB, CQI = 15
[0m[NR_PHY] RI = 2 i1 = 0.0.0, i2 = 0, SINR = 48 dB, CQI = 15
[0m[NR_PHY] RI = 2 i1 = 0.0.0, i2 = 0, SINR = 48 dB, CQI = 15
[0m[NR_PHY] RI = 2 i1 = 0.0.0, i2 = 0, SINR = 48 dB, CQI = 15
[0m[NR_PHY] RI = 2 i1 = 0.0.0, i2 = 0, SINR = 48 dB, CQI = 15
[0m[NR_PHY] RI = 2 i1 = 0.0.0, i2 = 0, SINR = 48 dB, CQI = 15
[0m[NR_PHY] RI = 2 i1 = 0.0.0, i2 = 0, SINR = 48 dB, CQI = 15
[0m[NR_PHY] RI = 2 i1 = 0.0.0, i2 = 0, SINR = 48 dB, CQI = 15
[0m[NR_PHY] RI = 2 i1 = 0.0.0, i2 = 0, SINR = 48 dB, CQI = 15
[0m[NR_PHY] RI = 2 i1 = 0.0.0, i2 = 0, SINR = 48 dB, CQI = 15
[0m[NR_PHY] RI = 2 i1 = 0.0.0, i2 = 0, SINR = 48 dB, CQI = 15
[0m[NR_PHY] RI = 2 i1 = 0.0.0, i2 = 0, SINR = 48 dB, CQI = 15
[0m[NR_PHY] RI = 2 i1 = 0.0.0, i2 = 0, SINR = 48 dB, CQI = 15
[0m[NR_PHY] RI = 2 i1 = 0.0.0, i2 = 0, SINR = 48 dB, CQI = 15
[0m[NR_PHY] RI = 2 i1 = 0.0.0, i2 = 0, SINR = 48 dB, CQI = 15
[0m[NR_PHY] RI = 2 i1 = 0.0.0, i2 = 0, SINR = 48 dB, CQI = 15
[0m[NR_PHY] RI = 2 i1 = 0.0.0, i2 = 0, SINR = 48 dB, CQI = 15
[0m[NR_PHY] RI = 2 i1 = 0.0.0, i2 = 0, SINR = 48 dB, CQI = 15
[0m[NR_PHY] RI = 2 i1 = 0.0.0, i2 = 0, SINR = 48 dB, CQI = 15
[0m[NR_PHY] RI = 2 i1 = 0.0.0, i2 = 0, SINR = 48 dB, CQI = 15
[0m[NR_PHY] RI = 2 i1 = 0.0.0, i2 = 0, SINR = 48 dB, CQI = 15
[0m[NR_PHY] RI = 2 i1 = 0.0.0, i2 = 0, SINR = 48 dB, CQI = 15
[0m[NR_PHY] RI = 2 i1 = 0.0.0, i2 = 0, SINR = 48 dB, CQI = 15
[0m[NR_PHY] RI = 2 i1 = 0.0.0, i2 = 0, SINR = 48 dB, CQI = 15
[0m[NR_PHY] RI = 2 i1 = 0.0.0, i2 = 0, SINR = 48 dB, CQI = 15
[0m[NR_PHY] RI = 2 i1 = 0.0.0, i2 = 0, SINR = 48 dB, CQI = 15
[0m[NR_PHY] RI = 2 i1 = 0.0.0, i2 = 0, SINR = 48 dB, CQI = 15
[0m[NR_PHY] RI = 2 i1 = 0.0.0, i2 = 0, SINR = 48 dB, CQI = 15
[0m[NR_PHY] RI = 2 i1 = 0.0.0, i2 = 0, SINR = 48 dB, CQI = 15
[0m[NR_PHY] RI = 2 i1 = 0.0.0, i2 = 0, SINR = 48 dB, CQI = 15
[0m[NR_PHY] RI = 2 i1 = 0.0.0, i2 = 0, SINR = 48 dB, CQI = 15
[0m[NR_PHY] RI = 2 i1 = 0.0.0, i2 = 0, SINR = 48 dB, CQI = 15
[0m[NR_PHY] RI = 2 i1 = 0.0.0, i2 = 0, SINR = 48 dB, CQI = 15
[0m[NR_PHY] RI = 2 i1 = 0.0.0, i2 = 0, SINR = 48 dB, CQI = 15
[0m[NR_PHY] RI = 2 i1 = 0.0.0, i2 = 0, SINR = 48 dB, CQI = 15
[0m[NR_PHY] RI = 2 i1 = 0.0.0, i2 = 0, SINR = 48 dB, CQI = 15
[0m[NR_MAC] UE 0 RNTI 3cc4 stats sfn: 768.2, cumulated bad DCI 0
    DL harq: 33/0
    UL harq: 90/0 avg code rate 0.1, avg bit/symbol 2.0, avg per TB: (nb RBs 16.0, nb symbols 12.9)
[0m[NR_PHY] RI = 2 i1 = 0.0.0, i2 = 0, SINR = 48 dB, CQI = 15
[0m[NR_PHY] RI = 2 i1 = 0.0.0, i2 = 0, SINR = 48 dB, CQI = 15
[0m[NR_PHY] RI = 2 i1 = 0.0.0, i2 = 0, SINR = 48 dB, CQI = 15
[0m[NR_PHY] RI = 2 i1 = 0.0.0, i2 = 0, SINR = 48 dB, CQI = 15
[0m[NR_PHY] RI = 2 i1 = 0.0.0, i2 = 0, SINR = 48 dB, CQI = 15
[0m[NR_PHY] RI = 2 i1 = 0.0.0, i2 = 0, SINR = 48 dB, CQI = 15
[0m[NR_PHY] RI = 2 i1 = 0.0.0, i2 = 0, SINR = 48 dB, CQI = 15
[0m[NR_PHY] RI = 2 i1 = 0.0.0, i2 = 0, SINR = 48 dB, CQI = 15
[0m[NR_PHY] RI = 2 i1 = 0.0.0, i2 = 0, SINR = 48 dB, CQI = 15
[0m[NR_PHY] RI = 2 i1 = 0.0.0, i2 = 0, SINR = 48 dB, CQI = 15
[0m[NR_PHY] RI = 2 i1 = 0.0.0, i2 = 0, SINR = 48 dB, CQI = 15
[0m[NR_PHY] RI = 2 i1 = 0.0.0, i2 = 0, SINR = 48 dB, CQI = 15
[0m[NR_PHY] RI = 2 i1 = 0.0.0, i2 = 0, SINR = 48 dB, CQI = 15
[0m[NR_PHY] RI = 2 i1 = 0.0.0, i2 = 0, SINR = 48 dB, CQI = 15
[0m[NR_PHY] RI = 2 i1 = 0.0.0, i2 = 0, SINR = 48 dB, CQI = 15
[0m[NR_PHY] RI = 2 i1 = 0.0.0, i2 = 0, SINR = 48 dB, CQI = 15
[0m[NR_PHY] RI = 2 i1 = 0.0.0, i2 = 0, SINR = 48 dB, CQI = 15
[0m[NR_PHY] RI = 2 i1 = 0.0.0, i2 = 0, SINR = 48 dB, CQI = 15
[0m[NR_PHY] RI = 2 i1 = 0.0.0, i2 = 0, SINR = 48 dB, CQI = 15
[0m[NR_PHY] RI = 2 i1 = 0.0.0, i2 = 0, SINR = 48 dB, CQI = 15
[0m[NR_PHY] RI = 2 i1 = 0.0.0, i2 = 0, SINR = 48 dB, CQI = 15
[0m[NR_PHY] RI = 2 i1 = 0.0.0, i2 = 0, SINR = 48 dB, CQI = 15
[0m[NR_PHY] RI = 2 i1 = 0.0.0, i2 = 0, SINR = 48 dB, CQI = 15
[0m[NR_PHY] RI = 2 i1 = 0.0.0, i2 = 0, SINR = 48 dB, CQI = 15
[0m[NR_PHY] RI = 2 i1 = 0.0.0, i2 = 0, SINR = 48 dB, CQI = 15
[0m[NR_PHY] RI = 2 i1 = 0.0.0, i2 = 0, SINR = 48 dB, CQI = 15
[0m[NR_PHY] RI = 2 i1 = 0.0.0, i2 = 0, SINR = 48 dB, CQI = 15
[0m[NR_PHY] RI = 2 i1 = 0.0.0, i2 = 0, SINR = 48 dB, CQI = 15
[0m[NR_PHY] RI = 2 i1 = 0.0.0, i2 = 0, SINR = 48 dB, CQI = 15
[0m[NR_PHY] RI = 2 i1 = 0.0.0, i2 = 0, SINR = 48 dB, CQI = 15
[0m[NR_PHY] RI = 2 i1 = 0.0.0, i2 = 0, SINR = 48 dB, CQI = 15
[0m[NR_PHY] RI = 2 i1 = 0.0.0, i2 = 0, SINR = 48 dB, CQI = 15
[0m[NR_PHY] RI = 2 i1 = 0.0.0, i2 = 0, SINR = 48 dB, CQI = 15
[0m[NR_PHY] RI = 2 i1 = 0.0.0, i2 = 0, SINR = 48 dB, CQI = 15
[0m[NR_PHY] RI = 2 i1 = 0.0.0, i2 = 0, SINR = 48 dB, CQI = 15
[0m[NR_PHY] RI = 2 i1 = 0.0.0, i2 = 0, SINR = 48 dB, CQI = 15
[0m[NR_PHY] RI = 2 i1 = 0.0.0, i2 = 0, SINR = 48 dB, CQI = 15
[0m[NR_PHY] RI = 2 i1 = 0.0.0, i2 = 0, SINR = 48 dB, CQI = 15
[0m[NR_PHY] RI = 2 i1 = 0.0.0, i2 = 0, SINR = 48 dB, CQI = 15
[0m[NR_PHY] RI = 2 i1 = 0.0.0, i2 = 0, SINR = 48 dB, CQI = 15
[0m[NR_PHY] RI = 2 i1 = 0.0.0, i2 = 0, SINR = 48 dB, CQI = 15
[0m[NR_PHY] RI = 2 i1 = 0.0.0, i2 = 0, SINR = 48 dB, CQI = 15
[0m[NR_PHY] RI = 2 i1 = 0.0.0, i2 = 0, SINR = 48 dB, CQI = 15
[0m[NR_PHY] RI = 2 i1 = 0.0.0, i2 = 0, SINR = 48 dB, CQI = 15
[0m[NR_PHY] RI = 2 i1 = 0.0.0, i2 = 0, SINR = 48 dB, CQI = 15
[0m[NR_PHY] RI = 2 i1 = 0.0.0, i2 = 0, SINR = 48 dB, CQI = 15
[0m[NR_PHY] RI = 2 i1 = 0.0.0, i2 = 0, SINR = 48 dB, CQI = 15
[0m[NR_PHY] RI = 2 i1 = 0.0.0, i2 = 0, SINR = 48 dB, CQI = 15
[0m[NR_PHY] RI = 2 i1 = 0.0.0, i2 = 0, SINR = 48 dB, CQI = 15
[0m[NR_PHY] RI = 2 i1 = 0.0.0, i2 = 0, SINR = 48 dB, CQI = 15
[0m[NR_PHY] RI = 2 i1 = 0.0.0, i2 = 0, SINR = 48 dB, CQI = 15
[0m[NR_PHY] RI = 2 i1 = 0.0.0, i2 = 0, SINR = 48 dB, CQI = 15
[0m[NR_PHY] RI = 2 i1 = 0.0.0, i2 = 0, SINR = 48 dB, CQI = 15
[0m[NR_PHY] RI = 2 i1 = 0.0.0, i2 = 0, SINR = 48 dB, CQI = 15
[0m[NR_PHY] RI = 2 i1 = 0.0.0, i2 = 0, SINR = 48 dB, CQI = 15
[0m[NR_PHY] RI = 2 i1 = 0.0.0, i2 = 0, SINR = 48 dB, CQI = 15
[0m[NR_PHY] RI = 2 i1 = 0.0.0, i2 = 0, SINR = 48 dB, CQI = 15
[0m[NR_PHY] RI = 2 i1 = 0.0.0, i2 = 0, SINR = 48 dB, CQI = 15
[0m[NR_PHY] RI = 2 i1 = 0.0.0, i2 = 0, SINR = 48 dB, CQI = 15
[0m[NR_PHY] RI = 2 i1 = 0.0.0, i2 = 0, SINR = 48 dB, CQI = 15
[0m[NR_PHY] RI = 2 i1 = 0.0.0, i2 = 0, SINR = 48 dB, CQI = 15
[0m[NR_PHY] RI = 2 i1 = 0.0.0, i2 = 0, SINR = 48 dB, CQI = 15
[0m[NR_PHY] RI = 2 i1 = 0.0.0, i2 = 0, SINR = 48 dB, CQI = 15
[0m[NR_PHY] RI = 2 i1 = 0.0.0, i2 = 0, SINR = 48 dB, CQI = 15
[0m[NR_MAC] UE 0 RNTI 3cc4 stats sfn: 896.2, cumulated bad DCI 0
    DL harq: 38/0
    UL harq: 129/0 avg code rate 0.1, avg bit/symbol 2.0, avg per TB: (nb RBs 16.1, nb symbols 12.9)
[0m[NR_PHY] RI = 2 i1 = 0.0.0, i2 = 0, SINR = 48 dB, CQI = 15
[0m[NR_PHY] RI = 2 i1 = 0.0.0, i2 = 0, SINR = 48 dB, CQI = 15
[0m[NR_PHY] RI = 2 i1 = 0.0.0, i2 = 0, SINR = 48 dB, CQI = 15
[0m[NR_PHY] RI = 2 i1 = 0.0.0, i2 = 0, SINR = 48 dB, CQI = 15
[0m[NR_PHY] RI = 2 i1 = 0.0.0, i2 = 0, SINR = 48 dB, CQI = 15
[0m[NR_PHY] RI = 2 i1 = 0.0.0, i2 = 0, SINR = 48 dB, CQI = 15
[0m[NR_PHY] RI = 2 i1 = 0.0.0, i2 = 0, SINR = 48 dB, CQI = 15
[0m[NR_PHY] RI = 2 i1 = 0.0.0, i2 = 0, SINR = 48 dB, CQI = 15
[0m[NR_PHY] RI = 2 i1 = 0.0.0, i2 = 0, SINR = 48 dB, CQI = 15
[0m[NR_PHY] RI = 2 i1 = 0.0.0, i2 = 0, SINR = 48 dB, CQI = 15
[0m[NR_PHY] RI = 2 i1 = 0.0.0, i2 = 0, SINR = 48 dB, CQI = 15
[0m[NR_PHY] RI = 2 i1 = 0.0.0, i2 = 0, SINR = 48 dB, CQI = 15
[0m[NR_PHY] RI = 2 i1 = 0.0.0, i2 = 0, SINR = 48 dB, CQI = 15
[0m[NR_PHY] RI = 2 i1 = 0.0.0, i2 = 0, SINR = 48 dB, CQI = 15
[0m[NR_PHY] RI = 2 i1 = 0.0.0, i2 = 0, SINR = 48 dB, CQI = 15
[0m[NR_PHY] RI = 2 i1 = 0.0.0, i2 = 0, SINR = 48 dB, CQI = 15
[0m[NR_PHY] RI = 2 i1 = 0.0.0, i2 = 0, SINR = 48 dB, CQI = 15
[0m[NR_PHY] RI = 2 i1 = 0.0.0, i2 = 0, SINR = 48 dB, CQI = 15
[0m[NR_PHY] RI = 2 i1 = 0.0.0, i2 = 0, SINR = 48 dB, CQI = 15
[0m[NR_PHY] RI = 2 i1 = 0.0.0, i2 = 0, SINR = 48 dB, CQI = 15
[0m[NR_PHY] RI = 2 i1 = 0.0.0, i2 = 0, SINR = 48 dB, CQI = 15
[0m[NR_PHY] RI = 2 i1 = 0.0.0, i2 = 0, SINR = 48 dB, CQI = 15
[0m[NR_PHY] RI = 2 i1 = 0.0.0, i2 = 0, SINR = 48 dB, CQI = 15
[0m[NR_PHY] RI = 2 i1 = 0.0.0, i2 = 0, SINR = 48 dB, CQI = 15
[0m[NR_PHY] RI = 2 i1 = 0.0.0, i2 = 0, SINR = 48 dB, CQI = 15
[0m[NR_PHY] RI = 2 i1 = 0.0.0, i2 = 0, SINR = 48 dB, CQI = 15
[0m[NR_PHY] RI = 2 i1 = 0.0.0, i2 = 0, SINR = 48 dB, CQI = 15
[0m[NR_PHY] RI = 2 i1 = 0.0.0, i2 = 0, SINR = 48 dB, CQI = 15
[0m[NR_PHY] RI = 2 i1 = 0.0.0, i2 = 0, SINR = 48 dB, CQI = 15
[0m[NR_PHY] RI = 2 i1 = 0.0.0, i2 = 0, SINR = 48 dB, CQI = 15
[0m[NR_PHY] RI = 2 i1 = 0.0.0, i2 = 0, SINR = 48 dB, CQI = 15
[0m[NR_PHY] RI = 2 i1 = 0.0.0, i2 = 0, SINR = 48 dB, CQI = 15
[0m[NR_PHY] RI = 2 i1 = 0.0.0, i2 = 0, SINR = 48 dB, CQI = 15
[0m[NR_PHY] RI = 2 i1 = 0.0.0, i2 = 0, SINR = 48 dB, CQI = 15
[0m[NR_PHY] RI = 2 i1 = 0.0.0, i2 = 0, SINR = 48 dB, CQI = 15
[0m[NR_PHY] RI = 2 i1 = 0.0.0, i2 = 0, SINR = 48 dB, CQI = 15
[0m[NR_PHY] RI = 2 i1 = 0.0.0, i2 = 0, SINR = 48 dB, CQI = 15
[0m[NR_PHY] RI = 2 i1 = 0.0.0, i2 = 0, SINR = 48 dB, CQI = 15
[0m[NR_PHY] RI = 2 i1 = 0.0.0, i2 = 0, SINR = 48 dB, CQI = 15
[0m[NR_PHY] RI = 2 i1 = 0.0.0, i2 = 0, SINR = 48 dB, CQI = 15
[0m[NR_PHY] RI = 2 i1 = 0.0.0, i2 = 0, SINR = 48 dB, CQI = 15
[0m[NR_PHY] RI = 2 i1 = 0.0.0, i2 = 0, SINR = 48 dB, CQI = 15
[0m[NR_PHY] RI = 2 i1 = 0.0.0, i2 = 0, SINR = 48 dB, CQI = 15
[0m[NR_PHY] RI = 2 i1 = 0.0.0, i2 = 0, SINR = 48 dB, CQI = 15
[0m[NR_PHY] RI = 2 i1 = 0.0.0, i2 = 0, SINR = 48 dB, CQI = 15
[0m[NR_PHY] RI = 2 i1 = 0.0.0, i2 = 0, SINR = 48 dB, CQI = 15
[0m[NR_PHY] RI = 2 i1 = 0.0.0, i2 = 0, SINR = 48 dB, CQI = 15
[0m[NR_PHY] RI = 2 i1 = 0.0.0, i2 = 0, SINR = 48 dB, CQI = 15
[0m[NR_PHY] RI = 2 i1 = 0.0.0, i2 = 0, SINR = 48 dB, CQI = 15
[0m[NR_PHY] RI = 2 i1 = 0.0.0, i2 = 0, SINR = 48 dB, CQI = 15
[0m[NR_PHY] RI = 2 i1 = 0.0.0, i2 = 0, SINR = 48 dB, CQI = 15
[0m[NR_PHY] RI = 2 i1 = 0.0.0, i2 = 0, SINR = 48 dB, CQI = 15
[0m[NR_PHY] RI = 2 i1 = 0.0.0, i2 = 0, SINR = 48 dB, CQI = 15
[0m[NR_PHY] RI = 2 i1 = 0.0.0, i2 = 0, SINR = 48 dB, CQI = 15
[0m[NR_PHY] RI = 2 i1 = 0.0.0, i2 = 0, SINR = 48 dB, CQI = 15
[0m[NR_PHY] RI = 2 i1 = 0.0.0, i2 = 0, SINR = 48 dB, CQI = 15
[0m[NR_PHY] RI = 2 i1 = 0.0.0, i2 = 0, SINR = 48 dB, CQI = 15
[0m[NR_PHY] RI = 2 i1 = 0.0.0, i2 = 0, SINR = 48 dB, CQI = 15
[0m[NR_PHY] RI = 2 i1 = 0.0.0, i2 = 0, SINR = 48 dB, CQI = 15
[0m[NR_PHY] RI = 2 i1 = 0.0.0, i2 = 0, SINR = 48 dB, CQI = 15
[0m[NR_PHY] RI = 2 i1 = 0.0.0, i2 = 0, SINR = 48 dB, CQI = 15
[0m[NR_PHY] RI = 2 i1 = 0.0.0, i2 = 0, SINR = 48 dB, CQI = 15
[0m[NR_PHY] RI = 2 i1 = 0.0.0, i2 = 0, SINR = 48 dB, CQI = 15
[0m[NR_PHY] RI = 2 i1 = 0.0.0, i2 = 0, SINR = 48 dB, CQI = 15
[0m[NR_MAC] UE 0 RNTI 3cc4 stats sfn: 0.2, cumulated bad DCI 0
    DL harq: 56/0
    UL harq: 637/2 avg code rate 0.4, avg bit/symbol 2.7, avg per TB: (nb RBs 16.8, nb symbols 13.0)
[0m[NR_PHY] RI = 2 i1 = 0.0.0, i2 = 0, SINR = 48 dB, CQI = 15
[0m[NR_PHY] RI = 2 i1 = 0.0.0, i2 = 0, SINR = 48 dB, CQI = 15
[0m[NR_PHY] RI = 2 i1 = 0.0.0, i2 = 0, SINR = 48 dB, CQI = 15
[0m[NR_PHY] RI = 2 i1 = 0.0.0, i2 = 0, SINR = 48 dB, CQI = 15
[0m[NR_PHY] RI = 2 i1 = 0.0.0, i2 = 0, SINR = 48 dB, CQI = 15
[0m[NR_PHY] RI = 2 i1 = 0.0.0, i2 = 0, SINR = 48 dB, CQI = 15
[0m[NR_PHY] RI = 2 i1 = 0.0.0, i2 = 0, SINR = 48 dB, CQI = 15
[0m[NR_PHY] RI = 2 i1 = 0.0.0, i2 = 0, SINR = 48 dB, CQI = 15
[0m[NR_PHY] RI = 2 i1 = 0.0.0, i2 = 0, SINR = 48 dB, CQI = 15
[0m[NR_PHY] RI = 2 i1 = 0.0.0, i2 = 0, SINR = 48 dB, CQI = 15
[0m[NR_PHY] RI = 2 i1 = 0.0.0, i2 = 0, SINR = 48 dB, CQI = 15
[0m[NR_PHY] RI = 2 i1 = 0.0.0, i2 = 0, SINR = 48 dB, CQI = 15
[0m[NR_PHY] RI = 2 i1 = 0.0.0, i2 = 0, SINR = 48 dB, CQI = 15
[0m[NR_PHY] RI = 2 i1 = 0.0.0, i2 = 0, SINR = 48 dB, CQI = 15
[0m[NR_PHY] RI = 2 i1 = 0.0.0, i2 = 0, SINR = 48 dB, CQI = 15
[0m[NR_PHY] RI = 2 i1 = 0.0.0, i2 = 0, SINR = 48 dB, CQI = 15
[0m[NR_PHY] RI = 2 i1 = 0.0.0, i2 = 0, SINR = 48 dB, CQI = 15
[0m[NR_PHY] RI = 2 i1 = 0.0.0, i2 = 0, SINR = 48 dB, CQI = 15
[0m[NR_PHY] RI = 2 i1 = 0.0.0, i2 = 0, SINR = 48 dB, CQI = 15
[0m[NR_PHY] RI = 2 i1 = 0.0.0, i2 = 0, SINR = 48 dB, CQI = 15
[0m[NR_PHY] RI = 2 i1 = 0.0.0, i2 = 0, SINR = 48 dB, CQI = 15
[0m[NR_PHY] RI = 2 i1 = 0.0.0, i2 = 0, SINR = 48 dB, CQI = 15
[0m[NR_PHY] RI = 2 i1 = 0.0.0, i2 = 0, SINR = 48 dB, CQI = 15
[0m[NR_PHY] RI = 2 i1 = 0.0.0, i2 = 0, SINR = 48 dB, CQI = 15
[0m[NR_PHY] RI = 2 i1 = 0.0.0, i2 = 0, SINR = 48 dB, CQI = 15
[0m[NR_PHY] RI = 2 i1 = 0.0.0, i2 = 0, SINR = 48 dB, CQI = 15
[0m[NR_PHY] RI = 2 i1 = 0.0.0, i2 = 0, SINR = 48 dB, CQI = 15
[0m[NR_PHY] RI = 2 i1 = 0.0.0, i2 = 0, SINR = 48 dB, CQI = 15
[0m[NR_PHY] RI = 2 i1 = 0.0.0, i2 = 0, SINR = 48 dB, CQI = 15
[0m[NR_PHY] RI = 2 i1 = 0.0.0, i2 = 0, SINR = 48 dB, CQI = 15
[0m[NR_PHY] RI = 2 i1 = 0.0.0, i2 = 0, SINR = 48 dB, CQI = 15
[0m[NR_PHY] RI = 2 i1 = 0.0.0, i2 = 0, SINR = 48 dB, CQI = 15
[0m[NR_PHY] RI = 2 i1 = 0.0.0, i2 = 0, SINR = 48 dB, CQI = 15
[0m[NR_PHY] RI = 2 i1 = 0.0.0, i2 = 0, SINR = 48 dB, CQI = 15
[0m[NR_PHY] RI = 2 i1 = 0.0.0, i2 = 0, SINR = 48 dB, CQI = 15
[0m[NR_PHY] RI = 2 i1 = 0.0.0, i2 = 0, SINR = 48 dB, CQI = 15
[0m[NR_PHY] RI = 2 i1 = 0.0.0, i2 = 0, SINR = 48 dB, CQI = 15
[0m[NR_PHY] RI = 2 i1 = 0.0.0, i2 = 0, SINR = 48 dB, CQI = 15
[0m[NR_PHY] RI = 2 i1 = 0.0.0, i2 = 0, SINR = 48 dB, CQI = 15
[0m[NR_PHY] RI = 2 i1 = 0.0.0, i2 = 0, SINR = 48 dB, CQI = 15
[0m[NR_PHY] RI = 2 i1 = 0.0.0, i2 = 0, SINR = 48 dB, CQI = 15
[0m[NR_PHY] RI = 2 i1 = 0.0.0, i2 = 0, SINR = 48 dB, CQI = 15
[0m[NR_PHY] RI = 2 i1 = 0.0.0, i2 = 0, SINR = 48 dB, CQI = 15
[0m[NR_PHY] RI = 2 i1 = 0.0.0, i2 = 0, SINR = 48 dB, CQI = 15
[0m[NR_PHY] RI = 2 i1 = 0.0.0, i2 = 0, SINR = 48 dB, CQI = 15
[0m[NR_PHY] RI = 2 i1 = 0.0.0, i2 = 0, SINR = 48 dB, CQI = 15
[0m[NR_PHY] RI = 2 i1 = 0.0.0, i2 = 0, SINR = 48 dB, CQI = 15
[0m[NR_PHY] RI = 2 i1 = 0.0.0, i2 = 0, SINR = 48 dB, CQI = 15
[0m[NR_PHY] RI = 2 i1 = 0.0.0, i2 = 0, SINR = 48 dB, CQI = 15
[0m[NR_PHY] RI = 2 i1 = 0.0.0, i2 = 0, SINR = 48 dB, CQI = 15
[0m[NR_PHY] RI = 2 i1 = 0.0.0, i2 = 0, SINR = 48 dB, CQI = 15
[0m[NR_PHY] RI = 2 i1 = 0.0.0, i2 = 0, SINR = 48 dB, CQI = 15
[0m[NR_PHY] RI = 2 i1 = 0.0.0, i2 = 0, SINR = 48 dB, CQI = 15
[0m[NR_PHY] RI = 2 i1 = 0.0.0, i2 = 0, SINR = 48 dB, CQI = 15
[0m[NR_PHY] RI = 2 i1 = 0.0.0, i2 = 0, SINR = 48 dB, CQI = 15
[0m[NR_PHY] RI = 2 i1 = 0.0.0, i2 = 0, SINR = 48 dB, CQI = 15
[0m[NR_PHY] RI = 2 i1 = 0.0.0, i2 = 0, SINR = 48 dB, CQI = 15
[0m[NR_PHY] RI = 2 i1 = 0.0.0, i2 = 0, SINR = 48 dB, CQI = 15
[0m[NR_PHY] RI = 2 i1 = 0.0.0, i2 = 0, SINR = 48 dB, CQI = 15
[0m[NR_PHY] RI = 2 i1 = 0.0.0, i2 = 0, SINR = 48 dB, CQI = 15
[0m[NR_PHY] RI = 2 i1 = 0.0.0, i2 = 0, SINR = 48 dB, CQI = 15
[0m[NR_PHY] RI = 2 i1 = 0.0.0, i2 = 0, SINR = 48 dB, CQI = 15
[0m[NR_PHY] RI = 2 i1 = 0.0.0, i2 = 0, SINR = 48 dB, CQI = 15
[0m[NR_PHY] RI = 2 i1 = 0.0.0, i2 = 0, SINR = 48 dB, CQI = 15
[0m[NR_MAC] UE 0 RNTI 3cc4 stats sfn: 128.2, cumulated bad DCI 0
    DL harq: 75/0
    UL harq: 1149/2 avg code rate 0.6, avg bit/symbol 4.4, avg per TB: (nb RBs 16.9, nb symbols 13.0)
[0m[NR_PHY] RI = 2 i1 = 0.0.0, i2 = 0, SINR = 48 dB, CQI = 15
[0m[NR_PHY] RI = 2 i1 = 0.0.0, i2 = 0, SINR = 48 dB, CQI = 15
[0m[NR_PHY] RI = 2 i1 = 0.0.0, i2 = 0, SINR = 48 dB, CQI = 15
[0m[NR_PHY] RI = 2 i1 = 0.0.0, i2 = 0, SINR = 48 dB, CQI = 15
[0m[NR_PHY] RI = 2 i1 = 0.0.0, i2 = 0, SINR = 48 dB, CQI = 15
[0m[NR_PHY] RI = 2 i1 = 0.0.0, i2 = 0, SINR = 48 dB, CQI = 15
[0m[NR_PHY] RI = 2 i1 = 0.0.0, i2 = 0, SINR = 48 dB, CQI = 15
[0m[NR_PHY] RI = 2 i1 = 0.0.0, i2 = 0, SINR = 48 dB, CQI = 15
[0m[NR_PHY] RI = 2 i1 = 0.0.0, i2 = 0, SINR = 48 dB, CQI = 15
[0m[NR_PHY] RI = 2 i1 = 0.0.0, i2 = 0, SINR = 48 dB, CQI = 15
[0m[NR_PHY] RI = 2 i1 = 0.0.0, i2 = 0, SINR = 48 dB, CQI = 15
[0m[NR_PHY] RI = 2 i1 = 0.0.0, i2 = 0, SINR = 48 dB, CQI = 15
[0m[NR_PHY] RI = 2 i1 = 0.0.0, i2 = 0, SINR = 48 dB, CQI = 15
[0m[NR_PHY] RI = 2 i1 = 0.0.0, i2 = 0, SINR = 48 dB, CQI = 15
[0m[NR_PHY] RI = 2 i1 = 0.0.0, i2 = 0, SINR = 48 dB, CQI = 15
[0m[NR_PHY] RI = 2 i1 = 0.0.0, i2 = 0, SINR = 48 dB, CQI = 15
[0m[NR_PHY] RI = 2 i1 = 0.0.0, i2 = 0, SINR = 48 dB, CQI = 15
[0m[NR_PHY] RI = 2 i1 = 0.0.0, i2 = 0, SINR = 48 dB, CQI = 15
[0m[NR_PHY] RI = 2 i1 = 0.0.0, i2 = 0, SINR = 48 dB, CQI = 15
[0m[NR_PHY] RI = 2 i1 = 0.0.0, i2 = 0, SINR = 48 dB, CQI = 15
[0m[NR_PHY] RI = 2 i1 = 0.0.0, i2 = 0, SINR = 48 dB, CQI = 15
[0m[NR_PHY] RI = 2 i1 = 0.0.0, i2 = 0, SINR = 48 dB, CQI = 15
[0m[NR_PHY] RI = 2 i1 = 0.0.0, i2 = 0, SINR = 48 dB, CQI = 15
[0m[NR_PHY] RI = 2 i1 = 0.0.0, i2 = 0, SINR = 48 dB, CQI = 15
[0m[NR_PHY] RI = 2 i1 = 0.0.0, i2 = 0, SINR = 48 dB, CQI = 15
[0m[NR_PHY] RI = 2 i1 = 0.0.0, i2 = 0, SINR = 48 dB, CQI = 15
[0m[NR_PHY] RI = 2 i1 = 0.0.0, i2 = 0, SINR = 48 dB, CQI = 15
[0m[NR_PHY] RI = 2 i1 = 0.0.0, i2 = 0, SINR = 48 dB, CQI = 15
[0m[NR_PHY] RI = 2 i1 = 0.0.0, i2 = 0, SINR = 48 dB, CQI = 15
[0m[NR_PHY] RI = 2 i1 = 0.0.0, i2 = 0, SINR = 48 dB, CQI = 15
[0m[NR_PHY] RI = 2 i1 = 0.0.0, i2 = 0, SINR = 48 dB, CQI = 15
[0m[NR_PHY] RI = 2 i1 = 0.0.0, i2 = 0, SINR = 48 dB, CQI = 15
[0m[NR_PHY] RI = 2 i1 = 0.0.0, i2 = 0, SINR = 48 dB, CQI = 15
[0m[NR_PHY] RI = 2 i1 = 0.0.0, i2 = 0, SINR = 48 dB, CQI = 15
[0m[NR_PHY] RI = 2 i1 = 0.0.0, i2 = 0, SINR = 48 dB, CQI = 15
[0m[NR_PHY] RI = 2 i1 = 0.0.0, i2 = 0, SINR = 48 dB, CQI = 15
[0m[NR_PHY] RI = 2 i1 = 0.0.0, i2 = 0, SINR = 48 dB, CQI = 15
[0m[NR_PHY] RI = 2 i1 = 0.0.0, i2 = 0, SINR = 48 dB, CQI = 15
[0m[NR_PHY] RI = 2 i1 = 0.0.0, i2 = 0, SINR = 48 dB, CQI = 15
[0m[NR_PHY] RI = 2 i1 = 0.0.0, i2 = 0, SINR = 48 dB, CQI = 15
[0m[NR_PHY] RI = 2 i1 = 0.0.0, i2 = 0, SINR = 48 dB, CQI = 15
[0m[NR_PHY] RI = 2 i1 = 0.0.0, i2 = 0, SINR = 48 dB, CQI = 15
[0m[NR_PHY] RI = 2 i1 = 0.0.0, i2 = 0, SINR = 48 dB, CQI = 15
[0m[NR_PHY] RI = 2 i1 = 0.0.0, i2 = 0, SINR = 48 dB, CQI = 15
[0m[NR_PHY] RI = 2 i1 = 0.0.0, i2 = 0, SINR = 48 dB, CQI = 15
[0m[NR_PHY] RI = 2 i1 = 0.0.0, i2 = 0, SINR = 48 dB, CQI = 15
[0m[NR_PHY] RI = 2 i1 = 0.0.0, i2 = 0, SINR = 48 dB, CQI = 15
[0m[NR_PHY] RI = 2 i1 = 0.0.0, i2 = 0, SINR = 48 dB, CQI = 15
[0m[NR_PHY] RI = 2 i1 = 0.0.0, i2 = 0, SINR = 48 dB, CQI = 15
[0m[NR_PHY] RI = 2 i1 = 0.0.0, i2 = 0, SINR = 48 dB, CQI = 15
[0m[NR_PHY] RI = 2 i1 = 0.0.0, i2 = 0, SINR = 48 dB, CQI = 15
[0m[NR_PHY] RI = 2 i1 = 0.0.0, i2 = 0, SINR = 48 dB, CQI = 15
[0m[NR_PHY] RI = 2 i1 = 0.0.0, i2 = 0, SINR = 48 dB, CQI = 15
[0m[NR_PHY] RI = 2 i1 = 0.0.0, i2 = 0, SINR = 48 dB, CQI = 15
[0m[NR_PHY] RI = 2 i1 = 0.0.0, i2 = 0, SINR = 48 dB, CQI = 15
[0m[NR_PHY] RI = 2 i1 = 0.0.0, i2 = 0, SINR = 48 dB, CQI = 15
[0m[NR_PHY] RI = 2 i1 = 0.0.0, i2 = 0, SINR = 48 dB, CQI = 15
[0m[NR_PHY] RI = 2 i1 = 0.0.0, i2 = 0, SINR = 48 dB, CQI = 15
[0m[NR_PHY] RI = 2 i1 = 0.0.0, i2 = 0, SINR = 48 dB, CQI = 15
[0m[NR_PHY] RI = 2 i1 = 0.0.0, i2 = 0, SINR = 48 dB, CQI = 15
[0m[NR_PHY] RI = 2 i1 = 0.0.0, i2 = 0, SINR = 48 dB, CQI = 15
[0m[NR_PHY] RI = 2 i1 = 0.0.0, i2 = 0, SINR = 48 dB, CQI = 15
[0m[NR_PHY] RI = 2 i1 = 0.0.0, i2 = 0, SINR = 48 dB, CQI = 15
[0m[NR_PHY] RI = 2 i1 = 0.0.0, i2 = 0, SINR = 48 dB, CQI = 15
[0m[NR_MAC] UE 0 RNTI 3cc4 stats sfn: 256.2, cumulated bad DCI 0
    DL harq: 97/0
    UL harq: 1661/2 avg code rate 0.8, avg bit/symbol 5.2, avg per TB: (nb RBs 16.9, nb symbols 13.0)
[0m[NR_PHY] RI = 2 i1 = 0.0.0, i2 = 0, SINR = 48 dB, CQI = 15
[0m[NR_PHY] RI = 2 i1 = 0.0.0, i2 = 0, SINR = 48 dB, CQI = 15
[0m[NR_PHY] RI = 2 i1 = 0.0.0, i2 = 0, SINR = 48 dB, CQI = 15
[0m[NR_PHY] RI = 2 i1 = 0.0.0, i2 = 0, SINR = 48 dB, CQI = 15
[0m[NR_PHY] RI = 2 i1 = 0.0.0, i2 = 0, SINR = 48 dB, CQI = 15
[0m[NR_PHY] RI = 2 i1 = 0.0.0, i2 = 0, SINR = 48 dB, CQI = 15
[0m[NR_PHY] RI = 2 i1 = 0.0.0, i2 = 0, SINR = 48 dB, CQI = 15
[0m[NR_PHY] RI = 2 i1 = 0.0.0, i2 = 0, SINR = 48 dB, CQI = 15
[0m[NR_PHY] RI = 2 i1 = 0.0.0, i2 = 0, SINR = 48 dB, CQI = 15
[0m[NR_PHY] RI = 2 i1 = 0.0.0, i2 = 0, SINR = 48 dB, CQI = 15
[0m[NR_PHY] RI = 2 i1 = 0.0.0, i2 = 0, SINR = 48 dB, CQI = 15
[0m[NR_PHY] RI = 2 i1 = 0.0.0, i2 = 0, SINR = 48 dB, CQI = 15
[0m[NR_PHY] RI = 2 i1 = 0.0.0, i2 = 0, SINR = 48 dB, CQI = 15
[0m[NR_PHY] RI = 2 i1 = 0.0.0, i2 = 0, SINR = 48 dB, CQI = 15
[0m[NR_PHY] RI = 2 i1 = 0.0.0, i2 = 0, SINR = 48 dB, CQI = 15
[0m[NR_PHY] RI = 2 i1 = 0.0.0, i2 = 0, SINR = 48 dB, CQI = 15
[0m[NR_PHY] RI = 2 i1 = 0.0.0, i2 = 0, SINR = 48 dB, CQI = 15
[0m[NR_PHY] RI = 2 i1 = 0.0.0, i2 = 0, SINR = 48 dB, CQI = 15
[0m[NR_PHY] RI = 2 i1 = 0.0.0, i2 = 0, SINR = 48 dB, CQI = 15
[0m[NR_PHY] RI = 2 i1 = 0.0.0, i2 = 0, SINR = 48 dB, CQI = 15
[0m[NR_PHY] RI = 2 i1 = 0.0.0, i2 = 0, SINR = 48 dB, CQI = 15
[0m[NR_PHY] RI = 2 i1 = 0.0.0, i2 = 0, SINR = 48 dB, CQI = 15
[0m[NR_PHY] RI = 2 i1 = 0.0.0, i2 = 0, SINR = 48 dB, CQI = 15
[0m[NR_PHY] RI = 2 i1 = 0.0.0, i2 = 0, SINR = 48 dB, CQI = 15
[0m[NR_PHY] RI = 2 i1 = 0.0.0, i2 = 0, SINR = 48 dB, CQI = 15
[0m[NR_PHY] RI = 2 i1 = 0.0.0, i2 = 0, SINR = 48 dB, CQI = 15
[0m[NR_PHY] RI = 2 i1 = 0.0.0, i2 = 0, SINR = 48 dB, CQI = 15
[0m[NR_PHY] RI = 2 i1 = 0.0.0, i2 = 0, SINR = 48 dB, CQI = 15
[0m[NR_PHY] RI = 2 i1 = 0.0.0, i2 = 0, SINR = 48 dB, CQI = 15
[0m[NR_PHY] RI = 2 i1 = 0.0.0, i2 = 0, SINR = 48 dB, CQI = 15
[0m[NR_PHY] RI = 2 i1 = 0.0.0, i2 = 0, SINR = 48 dB, CQI = 15
[0m[NR_PHY] RI = 2 i1 = 0.0.0, i2 = 0, SINR = 48 dB, CQI = 15
[0m[NR_PHY] RI = 2 i1 = 0.0.0, i2 = 0, SINR = 48 dB, CQI = 15
[0m[NR_PHY] RI = 2 i1 = 0.0.0, i2 = 0, SINR = 48 dB, CQI = 15
[0m[NR_PHY] RI = 2 i1 = 0.0.0, i2 = 0, SINR = 48 dB, CQI = 15
[0m[NR_PHY] RI = 2 i1 = 0.0.0, i2 = 0, SINR = 48 dB, CQI = 15
[0m[NR_PHY] RI = 2 i1 = 0.0.0, i2 = 0, SINR = 48 dB, CQI = 15
[0m[NR_PHY] RI = 2 i1 = 0.0.0, i2 = 0, SINR = 48 dB, CQI = 15
[0m[NR_PHY] RI = 2 i1 = 0.0.0, i2 = 0, SINR = 48 dB, CQI = 15
[0m[NR_PHY] RI = 2 i1 = 0.0.0, i2 = 0, SINR = 48 dB, CQI = 15
[0m[NR_PHY] RI = 2 i1 = 0.0.0, i2 = 0, SINR = 48 dB, CQI = 15
[0m[NR_PHY] RI = 2 i1 = 0.0.0, i2 = 0, SINR = 48 dB, CQI = 15
[0m[NR_PHY] RI = 2 i1 = 0.0.0, i2 = 0, SINR = 48 dB, CQI = 15
[0m[NR_PHY] RI = 2 i1 = 0.0.0, i2 = 0, SINR = 48 dB, CQI = 15
[0m[NR_PHY] RI = 2 i1 = 0.0.0, i2 = 0, SINR = 48 dB, CQI = 15
[0m[NR_PHY] RI = 2 i1 = 0.0.0, i2 = 0, SINR = 48 dB, CQI = 15
[0m[NR_PHY] RI = 2 i1 = 0.0.0, i2 = 0, SINR = 48 dB, CQI = 15
[0m[NR_PHY] RI = 2 i1 = 0.0.0, i2 = 0, SINR = 48 dB, CQI = 15
[0m[NR_PHY] RI = 2 i1 = 0.0.0, i2 = 0, SINR = 48 dB, CQI = 15
[0m[NR_PHY] RI = 2 i1 = 0.0.0, i2 = 0, SINR = 48 dB, CQI = 15
[0m[NR_PHY] RI = 2 i1 = 0.0.0, i2 = 0, SINR = 48 dB, CQI = 15
[0m[NR_PHY] RI = 2 i1 = 0.0.0, i2 = 0, SINR = 48 dB, CQI = 15
[0m[NR_PHY] RI = 2 i1 = 0.0.0, i2 = 0, SINR = 48 dB, CQI = 15
[0m[NR_PHY] RI = 2 i1 = 0.0.0, i2 = 0, SINR = 48 dB, CQI = 15
[0m[NR_PHY] RI = 2 i1 = 0.0.0, i2 = 0, SINR = 48 dB, CQI = 15
[0m[NR_PHY] RI = 2 i1 = 0.0.0, i2 = 0, SINR = 48 dB, CQI = 15
[0m[NR_PHY] RI = 2 i1 = 0.0.0, i2 = 0, SINR = 48 dB, CQI = 15
[0m[NR_PHY] RI = 2 i1 = 0.0.0, i2 = 0, SINR = 48 dB, CQI = 15
[0m[NR_PHY] RI = 2 i1 = 0.0.0, i2 = 0, SINR = 48 dB, CQI = 15
[0m[NR_PHY] RI = 2 i1 = 0.0.0, i2 = 0, SINR = 48 dB, CQI = 15
[0m[NR_PHY] RI = 2 i1 = 0.0.0, i2 = 0, SINR = 48 dB, CQI = 15
[0m[NR_PHY] RI = 2 i1 = 0.0.0, i2 = 0, SINR = 48 dB, CQI = 15
[0m[NR_PHY] RI = 2 i1 = 0.0.0, i2 = 0, SINR = 48 dB, CQI = 15
[0m[NR_PHY] RI = 2 i1 = 0.0.0, i2 = 0, SINR = 48 dB, CQI = 15
[0m[NR_MAC] UE 0 RNTI 3cc4 stats sfn: 384.2, cumulated bad DCI 0
    DL harq: 118/0
    UL harq: 2173/2 avg code rate 0.8, avg bit/symbol 5.4, avg per TB: (nb RBs 16.9, nb symbols 13.0)
[0m[NR_PHY] RI = 2 i1 = 0.0.0, i2 = 0, SINR = 48 dB, CQI = 15
[0m[NR_PHY] RI = 2 i1 = 0.0.0, i2 = 0, SINR = 48 dB, CQI = 15
[0m[NR_PHY] RI = 2 i1 = 0.0.0, i2 = 0, SINR = 48 dB, CQI = 15
[0m[NR_PHY] RI = 2 i1 = 0.0.0, i2 = 0, SINR = 48 dB, CQI = 15
[0m[NR_PHY] RI = 2 i1 = 0.0.0, i2 = 0, SINR = 48 dB, CQI = 15
[0m[NR_PHY] RI = 2 i1 = 0.0.0, i2 = 0, SINR = 48 dB, CQI = 15
[0m[NR_PHY] RI = 2 i1 = 0.0.0, i2 = 0, SINR = 48 dB, CQI = 15
[0m[NR_PHY] RI = 2 i1 = 0.0.0, i2 = 0, SINR = 48 dB, CQI = 15
[0m[NR_PHY] RI = 2 i1 = 0.0.0, i2 = 0, SINR = 48 dB, CQI = 15
[0m[NR_PHY] RI = 2 i1 = 0.0.0, i2 = 0, SINR = 48 dB, CQI = 15
[0m[NR_PHY] RI = 2 i1 = 0.0.0, i2 = 0, SINR = 48 dB, CQI = 15
[0m[NR_PHY] RI = 2 i1 = 0.0.0, i2 = 0, SINR = 48 dB, CQI = 15
[0m[NR_PHY] RI = 2 i1 = 0.0.0, i2 = 0, SINR = 48 dB, CQI = 15
[0m[NR_PHY] RI = 2 i1 = 0.0.0, i2 = 0, SINR = 48 dB, CQI = 15
[0m[NR_PHY] RI = 2 i1 = 0.0.0, i2 = 0, SINR = 48 dB, CQI = 15
[0m[NR_PHY] RI = 2 i1 = 0.0.0, i2 = 0, SINR = 48 dB, CQI = 15
[0m[NR_PHY] RI = 2 i1 = 0.0.0, i2 = 0, SINR = 48 dB, CQI = 15
[0m[NR_PHY] RI = 2 i1 = 0.0.0, i2 = 0, SINR = 48 dB, CQI = 15
[0m[NR_PHY] RI = 2 i1 = 0.0.0, i2 = 0, SINR = 48 dB, CQI = 15
[0m[NR_PHY] RI = 2 i1 = 0.0.0, i2 = 0, SINR = 48 dB, CQI = 15
[0m[NR_PHY] RI = 2 i1 = 0.0.0, i2 = 0, SINR = 48 dB, CQI = 15
[0m[NR_PHY] RI = 2 i1 = 0.0.0, i2 = 0, SINR = 48 dB, CQI = 15
[0m[NR_PHY] RI = 2 i1 = 0.0.0, i2 = 0, SINR = 48 dB, CQI = 15
[0m[NR_PHY] RI = 2 i1 = 0.0.0, i2 = 0, SINR = 48 dB, CQI = 15
[0m[NR_PHY] RI = 2 i1 = 0.0.0, i2 = 0, SINR = 48 dB, CQI = 15
[0m[NR_PHY] RI = 2 i1 = 0.0.0, i2 = 0, SINR = 48 dB, CQI = 15
[0m[NR_PHY] RI = 2 i1 = 0.0.0, i2 = 0, SINR = 48 dB, CQI = 15
[0m[NR_PHY] RI = 2 i1 = 0.0.0, i2 = 0, SINR = 48 dB, CQI = 15
[0m[NR_PHY] RI = 2 i1 = 0.0.0, i2 = 0, SINR = 48 dB, CQI = 15
[0m[NR_PHY] RI = 2 i1 = 0.0.0, i2 = 0, SINR = 48 dB, CQI = 15
[0m[NR_PHY] RI = 2 i1 = 0.0.0, i2 = 0, SINR = 48 dB, CQI = 15
[0m[NR_PHY] RI = 2 i1 = 0.0.0, i2 = 0, SINR = 48 dB, CQI = 15
[0m[NR_PHY] RI = 2 i1 = 0.0.0, i2 = 0, SINR = 48 dB, CQI = 15
[0m[NR_PHY] RI = 2 i1 = 0.0.0, i2 = 0, SINR = 48 dB, CQI = 15
[0m[NR_PHY] RI = 2 i1 = 0.0.0, i2 = 0, SINR = 48 dB, CQI = 15
[0m[NR_PHY] RI = 2 i1 = 0.0.0, i2 = 0, SINR = 48 dB, CQI = 15
[0m[NR_PHY] RI = 2 i1 = 0.0.0, i2 = 0, SINR = 48 dB, CQI = 15
[0m[NR_PHY] RI = 2 i1 = 0.0.0, i2 = 0, SINR = 48 dB, CQI = 15
[0m[NR_PHY] RI = 2 i1 = 0.0.0, i2 = 0, SINR = 48 dB, CQI = 15
[0m[NR_PHY] RI = 2 i1 = 0.0.0, i2 = 0, SINR = 48 dB, CQI = 15
[0m[NR_PHY] RI = 2 i1 = 0.0.0, i2 = 0, SINR = 48 dB, CQI = 15
[0m[NR_PHY] RI = 2 i1 = 0.0.0, i2 = 0, SINR = 48 dB, CQI = 15
[0m[NR_PHY] RI = 2 i1 = 0.0.0, i2 = 0, SINR = 48 dB, CQI = 15
[0m[NR_PHY] RI = 2 i1 = 0.0.0, i2 = 0, SINR = 48 dB, CQI = 15
[0m[NR_PHY] RI = 2 i1 = 0.0.0, i2 = 0, SINR = 48 dB, CQI = 15
[0m[NR_PHY] RI = 2 i1 = 0.0.0, i2 = 0, SINR = 48 dB, CQI = 15
[0m[NR_PHY] RI = 2 i1 = 0.0.0, i2 = 0, SINR = 48 dB, CQI = 15
[0m[NR_PHY] RI = 2 i1 = 0.0.0, i2 = 0, SINR = 48 dB, CQI = 15
[0m[NR_PHY] RI = 2 i1 = 0.0.0, i2 = 0, SINR = 48 dB, CQI = 15
[0m[NR_PHY] RI = 2 i1 = 0.0.0, i2 = 0, SINR = 48 dB, CQI = 15
[0m[NR_PHY] RI = 2 i1 = 0.0.0, i2 = 0, SINR = 48 dB, CQI = 15
[0m[NR_PHY] RI = 2 i1 = 0.0.0, i2 = 0, SINR = 48 dB, CQI = 15
[0m[NR_PHY] RI = 2 i1 = 0.0.0, i2 = 0, SINR = 48 dB, CQI = 15
[0m[NR_PHY] RI = 2 i1 = 0.0.0, i2 = 0, SINR = 48 dB, CQI = 15
[0m[NR_PHY] RI = 2 i1 = 0.0.0, i2 = 0, SINR = 48 dB, CQI = 15
[0m[NR_PHY] RI = 2 i1 = 0.0.0, i2 = 0, SINR = 48 dB, CQI = 15
[0m[NR_PHY] RI = 2 i1 = 0.0.0, i2 = 0, SINR = 48 dB, CQI = 15
[0m[NR_PHY] RI = 2 i1 = 0.0.0, i2 = 0, SINR = 48 dB, CQI = 15
[0m[NR_PHY] RI = 2 i1 = 0.0.0, i2 = 0, SINR = 48 dB, CQI = 15
[0m[NR_PHY] RI = 2 i1 = 0.0.0, i2 = 0, SINR = 48 dB, CQI = 15
[0m[NR_PHY] RI = 2 i1 = 0.0.0, i2 = 0, SINR = 48 dB, CQI = 15
[0m[NR_PHY] RI = 2 i1 = 0.0.0, i2 = 0, SINR = 48 dB, CQI = 15
[0m[NR_PHY] RI = 2 i1 = 0.0.0, i2 = 0, SINR = 48 dB, CQI = 15
[0m[NR_PHY] RI = 2 i1 = 0.0.0, i2 = 0, SINR = 48 dB, CQI = 15
[0m[NR_MAC] UE 0 RNTI 3cc4 stats sfn: 512.2, cumulated bad DCI 0
    DL harq: 141/0
    UL harq: 2685/2 avg code rate 0.9, avg bit/symbol 5.6, avg per TB: (nb RBs 17.0, nb symbols 13.0)
[0m[NR_PHY] RI = 2 i1 = 0.0.0, i2 = 0, SINR = 48 dB, CQI = 15
[0m[NR_PHY] RI = 2 i1 = 0.0.0, i2 = 0, SINR = 48 dB, CQI = 15
[0m[NR_PHY] RI = 2 i1 = 0.0.0, i2 = 0, SINR = 48 dB, CQI = 15
[0m[NR_PHY] RI = 2 i1 = 0.0.0, i2 = 0, SINR = 48 dB, CQI = 15
[0m[NR_PHY] RI = 2 i1 = 0.0.0, i2 = 0, SINR = 48 dB, CQI = 15
[0m[NR_PHY] RI = 2 i1 = 0.0.0, i2 = 0, SINR = 48 dB, CQI = 15
[0m[NR_PHY] RI = 2 i1 = 0.0.0, i2 = 0, SINR = 48 dB, CQI = 15
[0m[NR_PHY] RI = 2 i1 = 0.0.0, i2 = 0, SINR = 48 dB, CQI = 15
[0m[NR_PHY] RI = 2 i1 = 0.0.0, i2 = 0, SINR = 48 dB, CQI = 15
[0m[NR_PHY] RI = 2 i1 = 0.0.0, i2 = 0, SINR = 48 dB, CQI = 15
[0m[NR_PHY] RI = 2 i1 = 0.0.0, i2 = 0, SINR = 48 dB, CQI = 15
[0m[NR_PHY] RI = 2 i1 = 0.0.0, i2 = 0, SINR = 48 dB, CQI = 15
[0m[NR_PHY] RI = 2 i1 = 0.0.0, i2 = 0, SINR = 48 dB, CQI = 15
[0m[NR_PHY] RI = 2 i1 = 0.0.0, i2 = 0, SINR = 48 dB, CQI = 15
[0m[NR_PHY] RI = 2 i1 = 0.0.0, i2 = 0, SINR = 48 dB, CQI = 15
[0m[NR_PHY] RI = 2 i1 = 0.0.0, i2 = 0, SINR = 48 dB, CQI = 15
[0m[NR_PHY] RI = 2 i1 = 0.0.0, i2 = 0, SINR = 48 dB, CQI = 15
[0m[NR_PHY] RI = 2 i1 = 0.0.0, i2 = 0, SINR = 48 dB, CQI = 15
[0m[NR_PHY] RI = 2 i1 = 0.0.0, i2 = 0, SINR = 48 dB, CQI = 15
[0m[NR_PHY] RI = 2 i1 = 0.0.0, i2 = 0, SINR = 48 dB, CQI = 15
[0m[NR_PHY] RI = 2 i1 = 0.0.0, i2 = 0, SINR = 48 dB, CQI = 15
[0m[NR_PHY] RI = 2 i1 = 0.0.0, i2 = 0, SINR = 48 dB, CQI = 15
[0m[NR_PHY] RI = 2 i1 = 0.0.0, i2 = 0, SINR = 48 dB, CQI = 15
[0m[NR_PHY] RI = 2 i1 = 0.0.0, i2 = 0, SINR = 48 dB, CQI = 15
[0m[NR_PHY] RI = 2 i1 = 0.0.0, i2 = 0, SINR = 48 dB, CQI = 15
[0m[NR_PHY] RI = 2 i1 = 0.0.0, i2 = 0, SINR = 48 dB, CQI = 15
[0m[NR_PHY] RI = 2 i1 = 0.0.0, i2 = 0, SINR = 48 dB, CQI = 15
[0m[NR_PHY] RI = 2 i1 = 0.0.0, i2 = 0, SINR = 48 dB, CQI = 15
[0m[NR_PHY] RI = 2 i1 = 0.0.0, i2 = 0, SINR = 48 dB, CQI = 15
[0m[NR_PHY] RI = 2 i1 = 0.0.0, i2 = 0, SINR = 48 dB, CQI = 15
[0m[NR_PHY] RI = 2 i1 = 0.0.0, i2 = 0, SINR = 48 dB, CQI = 15
[0m[NR_PHY] RI = 2 i1 = 0.0.0, i2 = 0, SINR = 48 dB, CQI = 15
[0m[NR_PHY] RI = 2 i1 = 0.0.0, i2 = 0, SINR = 48 dB, CQI = 15
[0m[NR_PHY] RI = 2 i1 = 0.0.0, i2 = 0, SINR = 48 dB, CQI = 15
[0m[NR_PHY] RI = 2 i1 = 0.0.0, i2 = 0, SINR = 48 dB, CQI = 15
[0m[NR_PHY] RI = 2 i1 = 0.0.0, i2 = 0, SINR = 48 dB, CQI = 15
[0m[NR_PHY] RI = 2 i1 = 0.0.0, i2 = 0, SINR = 48 dB, CQI = 15
[0m[NR_PHY] RI = 2 i1 = 0.0.0, i2 = 0, SINR = 48 dB, CQI = 15
[0m[NR_PHY] RI = 2 i1 = 0.0.0, i2 = 0, SINR = 48 dB, CQI = 15
[0m[NR_PHY] RI = 2 i1 = 0.0.0, i2 = 0, SINR = 48 dB, CQI = 15
[0m[NR_PHY] RI = 2 i1 = 0.0.0, i2 = 0, SINR = 48 dB, CQI = 15
[0m[NR_PHY] RI = 2 i1 = 0.0.0, i2 = 0, SINR = 48 dB, CQI = 15
[0m[NR_PHY] RI = 2 i1 = 0.0.0, i2 = 0, SINR = 48 dB, CQI = 15
[0m[NR_PHY] RI = 2 i1 = 0.0.0, i2 = 0, SINR = 48 dB, CQI = 15
[0m[NR_PHY] RI = 2 i1 = 0.0.0, i2 = 0, SINR = 48 dB, CQI = 15
[0m[NR_PHY] RI = 2 i1 = 0.0.0, i2 = 0, SINR = 48 dB, CQI = 15
[0m[NR_PHY] RI = 2 i1 = 0.0.0, i2 = 0, SINR = 48 dB, CQI = 15
[0m[NR_PHY] RI = 2 i1 = 0.0.0, i2 = 0, SINR = 48 dB, CQI = 15
[0m[NR_PHY] RI = 2 i1 = 0.0.0, i2 = 0, SINR = 48 dB, CQI = 15
[0m[NR_PHY] RI = 2 i1 = 0.0.0, i2 = 0, SINR = 48 dB, CQI = 15
[0m[NR_PHY] RI = 2 i1 = 0.0.0, i2 = 0, SINR = 48 dB, CQI = 15
[0m[NR_PHY] RI = 2 i1 = 0.0.0, i2 = 0, SINR = 48 dB, CQI = 15
[0m[NR_PHY] RI = 2 i1 = 0.0.0, i2 = 0, SINR = 48 dB, CQI = 15
[0m[NR_PHY] RI = 2 i1 = 0.0.0, i2 = 0, SINR = 48 dB, CQI = 15
[0m[NR_PHY] RI = 2 i1 = 0.0.0, i2 = 0, SINR = 48 dB, CQI = 15
[0m[NR_PHY] RI = 2 i1 = 0.0.0, i2 = 0, SINR = 48 dB, CQI = 15
[0m[NR_PHY] RI = 2 i1 = 0.0.0, i2 = 0, SINR = 48 dB, CQI = 15
[0m[NR_PHY] RI = 2 i1 = 0.0.0, i2 = 0, SINR = 48 dB, CQI = 15
[0m[NR_PHY] RI = 2 i1 = 0.0.0, i2 = 0, SINR = 48 dB, CQI = 15
[0m[NR_PHY] RI = 2 i1 = 0.0.0, i2 = 0, SINR = 48 dB, CQI = 15
[0m[NR_PHY] RI = 2 i1 = 0.0.0, i2 = 0, SINR = 48 dB, CQI = 15
[0m[NR_PHY] RI = 2 i1 = 0.0.0, i2 = 0, SINR = 48 dB, CQI = 15
[0m[NR_PHY] RI = 2 i1 = 0.0.0, i2 = 0, SINR = 48 dB, CQI = 15
[0m[NR_PHY] RI = 2 i1 = 0.0.0, i2 = 0, SINR = 48 dB, CQI = 15
[0m[NR_MAC] UE 0 RNTI 3cc4 stats sfn: 640.2, cumulated bad DCI 0
    DL harq: 163/0
    UL harq: 3195/3 avg code rate 0.9, avg bit/symbol 5.7, avg per TB: (nb RBs 17.0, nb symbols 13.0)
[0m[NR_PHY] RI = 2 i1 = 0.0.0, i2 = 0, SINR = 48 dB, CQI = 15
[0m[NR_PHY] RI = 2 i1 = 0.0.0, i2 = 0, SINR = 48 dB, CQI = 15
[0m[NR_PHY] RI = 2 i1 = 0.0.0, i2 = 0, SINR = 48 dB, CQI = 15
[0m[NR_PHY] RI = 2 i1 = 0.0.0, i2 = 0, SINR = 48 dB, CQI = 15
[0m[NR_PHY] RI = 2 i1 = 0.0.0, i2 = 0, SINR = 48 dB, CQI = 15
[0m[NR_PHY] RI = 2 i1 = 0.0.0, i2 = 0, SINR = 48 dB, CQI = 15
[0m[NR_PHY] RI = 2 i1 = 0.0.0, i2 = 0, SINR = 48 dB, CQI = 15
[0m[NR_PHY] RI = 2 i1 = 0.0.0, i2 = 0, SINR = 48 dB, CQI = 15
[0m[NR_PHY] RI = 2 i1 = 0.0.0, i2 = 0, SINR = 48 dB, CQI = 15
[0m[NR_PHY] RI = 2 i1 = 0.0.0, i2 = 0, SINR = 48 dB, CQI = 15
[0m[NR_PHY] RI = 2 i1 = 0.0.0, i2 = 0, SINR = 48 dB, CQI = 15
[0m[NR_PHY] RI = 2 i1 = 0.0.0, i2 = 0, SINR = 48 dB, CQI = 15
[0m[NR_PHY] RI = 2 i1 = 0.0.0, i2 = 0, SINR = 48 dB, CQI = 15
[0m[NR_PHY] RI = 2 i1 = 0.0.0, i2 = 0, SINR = 48 dB, CQI = 15
[0m[NR_PHY] RI = 2 i1 = 0.0.0, i2 = 0, SINR = 48 dB, CQI = 15
[0m[NR_PHY] RI = 2 i1 = 0.0.0, i2 = 0, SINR = 48 dB, CQI = 15
[0m[NR_PHY] RI = 2 i1 = 0.0.0, i2 = 0, SINR = 48 dB, CQI = 15
[0m[NR_PHY] RI = 2 i1 = 0.0.0, i2 = 0, SINR = 48 dB, CQI = 15
[0m[NR_PHY] RI = 2 i1 = 0.0.0, i2 = 0, SINR = 48 dB, CQI = 15
[0m[NR_PHY] RI = 2 i1 = 0.0.0, i2 = 0, SINR = 48 dB, CQI = 15
[0m[NR_PHY] RI = 2 i1 = 0.0.0, i2 = 0, SINR = 48 dB, CQI = 15
[0m[NR_PHY] RI = 2 i1 = 0.0.0, i2 = 0, SINR = 48 dB, CQI = 15
[0m[NR_PHY] RI = 2 i1 = 0.0.0, i2 = 0, SINR = 48 dB, CQI = 15
[0m[NR_PHY] RI = 2 i1 = 0.0.0, i2 = 0, SINR = 48 dB, CQI = 15
[0m[NR_PHY] RI = 2 i1 = 0.0.0, i2 = 0, SINR = 48 dB, CQI = 15
[0m[NR_PHY] RI = 2 i1 = 0.0.0, i2 = 0, SINR = 48 dB, CQI = 15
[0m[NR_PHY] RI = 2 i1 = 0.0.0, i2 = 0, SINR = 48 dB, CQI = 15
[0m[NR_PHY] RI = 2 i1 = 0.0.0, i2 = 0, SINR = 48 dB, CQI = 15
[0m[NR_PHY] RI = 2 i1 = 0.0.0, i2 = 0, SINR = 48 dB, CQI = 15
[0m[NR_PHY] RI = 2 i1 = 0.0.0, i2 = 0, SINR = 48 dB, CQI = 15
[0m[NR_PHY] RI = 2 i1 = 0.0.0, i2 = 0, SINR = 48 dB, CQI = 15
[0m[NR_PHY] RI = 2 i1 = 0.0.0, i2 = 0, SINR = 48 dB, CQI = 15
[0m[NR_PHY] RI = 2 i1 = 0.0.0, i2 = 0, SINR = 48 dB, CQI = 15
[0m[NR_PHY] RI = 2 i1 = 0.0.0, i2 = 0, SINR = 48 dB, CQI = 15
[0m[NR_PHY] RI = 2 i1 = 0.0.0, i2 = 0, SINR = 48 dB, CQI = 15
[0m[NR_PHY] RI = 2 i1 = 0.0.0, i2 = 0, SINR = 48 dB, CQI = 15
[0m[NR_PHY] RI = 2 i1 = 0.0.0, i2 = 0, SINR = 48 dB, CQI = 15
[0m[NR_PHY] RI = 2 i1 = 0.0.0, i2 = 0, SINR = 48 dB, CQI = 15
[0m[NR_PHY] RI = 2 i1 = 0.0.0, i2 = 0, SINR = 48 dB, CQI = 15
[0m[NR_PHY] RI = 2 i1 = 0.0.0, i2 = 0, SINR = 48 dB, CQI = 15
[0m[NR_PHY] RI = 2 i1 = 0.0.0, i2 = 0, SINR = 48 dB, CQI = 15
[0m[NR_PHY] RI = 2 i1 = 0.0.0, i2 = 0, SINR = 48 dB, CQI = 15
[0m[NR_PHY] RI = 2 i1 = 0.0.0, i2 = 0, SINR = 48 dB, CQI = 15
[0m[NR_PHY] RI = 2 i1 = 0.0.0, i2 = 0, SINR = 48 dB, CQI = 15
[0m[NR_PHY] RI = 2 i1 = 0.0.0, i2 = 0, SINR = 48 dB, CQI = 15
[0m[NR_PHY] RI = 2 i1 = 0.0.0, i2 = 0, SINR = 48 dB, CQI = 15
[0m[NR_PHY] RI = 2 i1 = 0.0.0, i2 = 0, SINR = 48 dB, CQI = 15
[0m[NR_PHY] RI = 2 i1 = 0.0.0, i2 = 0, SINR = 48 dB, CQI = 15
[0m[NR_PHY] RI = 2 i1 = 0.0.0, i2 = 0, SINR = 48 dB, CQI = 15
[0m[NR_PHY] RI = 2 i1 = 0.0.0, i2 = 0, SINR = 48 dB, CQI = 15
[0m[NR_PHY] RI = 2 i1 = 0.0.0, i2 = 0, SINR = 48 dB, CQI = 15
[0m[NR_PHY] RI = 2 i1 = 0.0.0, i2 = 0, SINR = 48 dB, CQI = 15
[0m[NR_PHY] RI = 2 i1 = 0.0.0, i2 = 0, SINR = 48 dB, CQI = 15
[0m[NR_PHY] RI = 2 i1 = 0.0.0, i2 = 0, SINR = 48 dB, CQI = 15
[0m[NR_PHY] RI = 2 i1 = 0.0.0, i2 = 0, SINR = 48 dB, CQI = 15
[0m[NR_PHY] RI = 2 i1 = 0.0.0, i2 = 0, SINR = 48 dB, CQI = 15
[0m[NR_PHY] RI = 2 i1 = 0.0.0, i2 = 0, SINR = 48 dB, CQI = 15
[0m[NR_PHY] RI = 2 i1 = 0.0.0, i2 = 0, SINR = 48 dB, CQI = 15
[0m[NR_PHY] RI = 2 i1 = 0.0.0, i2 = 0, SINR = 48 dB, CQI = 15
[0m[NR_PHY] RI = 2 i1 = 0.0.0, i2 = 0, SINR = 48 dB, CQI = 15
[0m[NR_PHY] RI = 2 i1 = 0.0.0, i2 = 0, SINR = 48 dB, CQI = 15
[0m[NR_PHY] RI = 2 i1 = 0.0.0, i2 = 0, SINR = 48 dB, CQI = 15
[0m[NR_PHY] RI = 2 i1 = 0.0.0, i2 = 0, SINR = 48 dB, CQI = 15
[0m[NR_PHY] RI = 2 i1 = 0.0.0, i2 = 0, SINR = 48 dB, CQI = 15
[0m[NR_MAC] UE 0 RNTI 3cc4 stats sfn: 768.2, cumulated bad DCI 0
    DL harq: 185/0
    UL harq: 3707/3 avg code rate 0.9, avg bit/symbol 5.7, avg per TB: (nb RBs 17.0, nb symbols 13.0)
[0m[NR_PHY] RI = 2 i1 = 0.0.0, i2 = 0, SINR = 48 dB, CQI = 15
[0m[NR_PHY] RI = 2 i1 = 0.0.0, i2 = 0, SINR = 48 dB, CQI = 15
[0m[NR_PHY] RI = 2 i1 = 0.0.0, i2 = 0, SINR = 48 dB, CQI = 15
[0m[NR_PHY] RI = 2 i1 = 0.0.0, i2 = 0, SINR = 48 dB, CQI = 15
[0m[NR_PHY] RI = 2 i1 = 0.0.0, i2 = 0, SINR = 48 dB, CQI = 15
[0m[NR_PHY] RI = 2 i1 = 0.0.0, i2 = 0, SINR = 48 dB, CQI = 15
[0m[NR_PHY] RI = 2 i1 = 0.0.0, i2 = 0, SINR = 48 dB, CQI = 15
[0m[NR_PHY] RI = 2 i1 = 0.0.0, i2 = 0, SINR = 48 dB, CQI = 15
[0m[NR_PHY] RI = 2 i1 = 0.0.0, i2 = 0, SINR = 48 dB, CQI = 15
[0m[NR_PHY] RI = 2 i1 = 0.0.0, i2 = 0, SINR = 48 dB, CQI = 15
[0m[NR_PHY] RI = 2 i1 = 0.0.0, i2 = 0, SINR = 48 dB, CQI = 15
[0m[NR_PHY] RI = 2 i1 = 0.0.0, i2 = 0, SINR = 48 dB, CQI = 15
[0m[NR_PHY] RI = 2 i1 = 0.0.0, i2 = 0, SINR = 48 dB, CQI = 15
[0m[NR_PHY] RI = 2 i1 = 0.0.0, i2 = 0, SINR = 48 dB, CQI = 15
[0m[NR_PHY] RI = 2 i1 = 0.0.0, i2 = 0, SINR = 48 dB, CQI = 15
[0m[NR_PHY] RI = 2 i1 = 0.0.0, i2 = 0, SINR = 48 dB, CQI = 15
[0m[NR_PHY] RI = 2 i1 = 0.0.0, i2 = 0, SINR = 48 dB, CQI = 15
[0m[NR_PHY] RI = 2 i1 = 0.0.0, i2 = 0, SINR = 48 dB, CQI = 15
[0m[NR_PHY] RI = 2 i1 = 0.0.0, i2 = 0, SINR = 48 dB, CQI = 15
[0m[NR_PHY] RI = 2 i1 = 0.0.0, i2 = 0, SINR = 48 dB, CQI = 15
[0m[NR_PHY] RI = 2 i1 = 0.0.0, i2 = 0, SINR = 48 dB, CQI = 15
[0m[NR_PHY] RI = 2 i1 = 0.0.0, i2 = 0, SINR = 48 dB, CQI = 15
[0m[NR_PHY] RI = 2 i1 = 0.0.0, i2 = 0, SINR = 48 dB, CQI = 15
[0m[NR_PHY] RI = 2 i1 = 0.0.0, i2 = 0, SINR = 48 dB, CQI = 15
[0m[NR_PHY] RI = 2 i1 = 0.0.0, i2 = 0, SINR = 48 dB, CQI = 15
[0m[NR_PHY] RI = 2 i1 = 0.0.0, i2 = 0, SINR = 48 dB, CQI = 15
[0m[NR_PHY] RI = 2 i1 = 0.0.0, i2 = 0, SINR = 48 dB, CQI = 15
[0m[NR_PHY] RI = 2 i1 = 0.0.0, i2 = 0, SINR = 48 dB, CQI = 15
[0m[NR_PHY] RI = 2 i1 = 0.0.0, i2 = 0, SINR = 48 dB, CQI = 15
[0m[NR_PHY] RI = 2 i1 = 0.0.0, i2 = 0, SINR = 48 dB, CQI = 15
[0m[NR_PHY] RI = 2 i1 = 0.0.0, i2 = 0, SINR = 48 dB, CQI = 15
[0m[NR_PHY] RI = 2 i1 = 0.0.0, i2 = 0, SINR = 48 dB, CQI = 15
[0m[NR_PHY] RI = 2 i1 = 0.0.0, i2 = 0, SINR = 48 dB, CQI = 15
[0m[NR_PHY] RI = 2 i1 = 0.0.0, i2 = 0, SINR = 48 dB, CQI = 15
[0m[NR_PHY] RI = 2 i1 = 0.0.0, i2 = 0, SINR = 48 dB, CQI = 15
[0m[NR_PHY] RI = 2 i1 = 0.0.0, i2 = 0, SINR = 48 dB, CQI = 15
[0m[NR_PHY] RI = 2 i1 = 0.0.0, i2 = 0, SINR = 48 dB, CQI = 15
[0m[NR_PHY] RI = 2 i1 = 0.0.0, i2 = 0, SINR = 48 dB, CQI = 15
[0m[NR_PHY] RI = 2 i1 = 0.0.0, i2 = 0, SINR = 48 dB, CQI = 15
[0m[NR_PHY] RI = 2 i1 = 0.0.0, i2 = 0, SINR = 48 dB, CQI = 15
[0m[NR_PHY] RI = 2 i1 = 0.0.0, i2 = 0, SINR = 48 dB, CQI = 15
[0m[NR_PHY] RI = 2 i1 = 0.0.0, i2 = 0, SINR = 48 dB, CQI = 15
[0m[NR_PHY] RI = 2 i1 = 0.0.0, i2 = 0, SINR = 48 dB, CQI = 15
[0m[NR_PHY] RI = 2 i1 = 0.0.0, i2 = 0, SINR = 48 dB, CQI = 15
[0m[NR_PHY] RI = 2 i1 = 0.0.0, i2 = 0, SINR = 48 dB, CQI = 15
[0m[NR_PHY] RI = 2 i1 = 0.0.0, i2 = 0, SINR = 48 dB, CQI = 15
[0m[NR_PHY] RI = 2 i1 = 0.0.0, i2 = 0, SINR = 48 dB, CQI = 15
[0m[NR_PHY] RI = 2 i1 = 0.0.0, i2 = 0, SINR = 48 dB, CQI = 15
[0m[NR_PHY] RI = 2 i1 = 0.0.0, i2 = 0, SINR = 48 dB, CQI = 15
[0m[NR_PHY] RI = 2 i1 = 0.0.0, i2 = 0, SINR = 48 dB, CQI = 15
[0m[NR_PHY] RI = 2 i1 = 0.0.0, i2 = 0, SINR = 48 dB, CQI = 15
[0m[NR_PHY] RI = 2 i1 = 0.0.0, i2 = 0, SINR = 48 dB, CQI = 15
[0m[NR_PHY] RI = 2 i1 = 0.0.0, i2 = 0, SINR = 48 dB, CQI = 15
[0m[NR_PHY] RI = 2 i1 = 0.0.0, i2 = 0, SINR = 48 dB, CQI = 15
[0m[NR_PHY] RI = 2 i1 = 0.0.0, i2 = 0, SINR = 48 dB, CQI = 15
[0m[NR_PHY] RI = 2 i1 = 0.0.0, i2 = 0, SINR = 48 dB, CQI = 15
[0m[NR_PHY] RI = 2 i1 = 0.0.0, i2 = 0, SINR = 48 dB, CQI = 15
[0m[NR_PHY] RI = 2 i1 = 0.0.0, i2 = 0, SINR = 48 dB, CQI = 15
[0m[NR_PHY] RI = 2 i1 = 0.0.0, i2 = 0, SINR = 48 dB, CQI = 15
[0m[NR_PHY] RI = 2 i1 = 0.0.0, i2 = 0, SINR = 48 dB, CQI = 15
[0m[NR_PHY] RI = 2 i1 = 0.0.0, i2 = 0, SINR = 48 dB, CQI = 15
[0m[NR_PHY] RI = 2 i1 = 0.0.0, i2 = 0, SINR = 48 dB, CQI = 15
[0m[NR_PHY] RI = 2 i1 = 0.0.0, i2 = 0, SINR = 48 dB, CQI = 15
[0m[NR_PHY] RI = 2 i1 = 0.0.0, i2 = 0, SINR = 48 dB, CQI = 15
[0m[NR_MAC] UE 0 RNTI 3cc4 stats sfn: 896.2, cumulated bad DCI 0
    DL harq: 208/0
    UL harq: 4215/5 avg code rate 0.9, avg bit/symbol 5.8, avg per TB: (nb RBs 17.0, nb symbols 13.0)
[0m[NR_PHY] RI = 2 i1 = 0.0.0, i2 = 0, SINR = 48 dB, CQI = 15
[0m[NR_PHY] RI = 2 i1 = 0.0.0, i2 = 0, SINR = 48 dB, CQI = 15
[0m[NR_PHY] RI = 2 i1 = 0.0.0, i2 = 0, SINR = 48 dB, CQI = 15
[0m[NR_PHY] RI = 2 i1 = 0.0.0, i2 = 0, SINR = 48 dB, CQI = 15
[0m[NR_PHY] RI = 2 i1 = 0.0.0, i2 = 0, SINR = 48 dB, CQI = 15
[0m[NR_PHY] RI = 2 i1 = 0.0.0, i2 = 0, SINR = 48 dB, CQI = 15
[0m[NR_PHY] RI = 2 i1 = 0.0.0, i2 = 0, SINR = 48 dB, CQI = 15
[0m[NR_PHY] RI = 2 i1 = 0.0.0, i2 = 0, SINR = 48 dB, CQI = 15
[0m[NR_PHY] RI = 2 i1 = 0.0.0, i2 = 0, SINR = 48 dB, CQI = 15
[0m[NR_PHY] RI = 2 i1 = 0.0.0, i2 = 0, SINR = 48 dB, CQI = 15
[0m[NR_PHY] RI = 2 i1 = 0.0.0, i2 = 0, SINR = 48 dB, CQI = 15
[0m[NR_PHY] RI = 2 i1 = 0.0.0, i2 = 0, SINR = 48 dB, CQI = 15
[0m[NR_PHY] RI = 2 i1 = 0.0.0, i2 = 0, SINR = 48 dB, CQI = 15
[0m[NR_PHY] RI = 2 i1 = 0.0.0, i2 = 0, SINR = 48 dB, CQI = 15
[0m[NR_PHY] RI = 2 i1 = 0.0.0, i2 = 0, SINR = 48 dB, CQI = 15
[0m[NR_PHY] RI = 2 i1 = 0.0.0, i2 = 0, SINR = 48 dB, CQI = 15
[0m[NR_PHY] RI = 2 i1 = 0.0.0, i2 = 0, SINR = 48 dB, CQI = 15
[0m[NR_PHY] RI = 2 i1 = 0.0.0, i2 = 0, SINR = 48 dB, CQI = 15
[0m[NR_PHY] RI = 2 i1 = 0.0.0, i2 = 0, SINR = 48 dB, CQI = 15
[0m[NR_PHY] RI = 2 i1 = 0.0.0, i2 = 0, SINR = 48 dB, CQI = 15
[0m[NR_PHY] RI = 2 i1 = 0.0.0, i2 = 0, SINR = 48 dB, CQI = 15
[0m[NR_PHY] RI = 2 i1 = 0.0.0, i2 = 0, SINR = 48 dB, CQI = 15
[0m[NR_PHY] RI = 2 i1 = 0.0.0, i2 = 0, SINR = 48 dB, CQI = 15
[0m[NR_PHY] RI = 2 i1 = 0.0.0, i2 = 0, SINR = 48 dB, CQI = 15
[0m[NR_PHY] RI = 2 i1 = 0.0.0, i2 = 0, SINR = 48 dB, CQI = 15
[0m[NR_PHY] RI = 2 i1 = 0.0.0, i2 = 0, SINR = 48 dB, CQI = 15
[0m[NR_PHY] RI = 2 i1 = 0.0.0, i2 = 0, SINR = 48 dB, CQI = 15
[0m[NR_PHY] RI = 2 i1 = 0.0.0, i2 = 0, SINR = 48 dB, CQI = 15
[0m[NR_PHY] RI = 2 i1 = 0.0.0, i2 = 0, SINR = 48 dB, CQI = 15
[0m[NR_PHY] RI = 2 i1 = 0.0.0, i2 = 0, SINR = 48 dB, CQI = 15
[0m[NR_PHY] RI = 2 i1 = 0.0.0, i2 = 0, SINR = 48 dB, CQI = 15
[0m[NR_PHY] RI = 2 i1 = 0.0.0, i2 = 0, SINR = 48 dB, CQI = 15
[0m[NR_PHY] RI = 2 i1 = 0.0.0, i2 = 0, SINR = 48 dB, CQI = 15
[0m[NR_PHY] RI = 2 i1 = 0.0.0, i2 = 0, SINR = 48 dB, CQI = 15
[0m[NR_PHY] RI = 2 i1 = 0.0.0, i2 = 0, SINR = 48 dB, CQI = 15
[0m[NR_PHY] RI = 2 i1 = 0.0.0, i2 = 0, SINR = 48 dB, CQI = 15
[0m[NR_PHY] RI = 2 i1 = 0.0.0, i2 = 0, SINR = 48 dB, CQI = 15
[0m[NR_PHY] RI = 2 i1 = 0.0.0, i2 = 0, SINR = 48 dB, CQI = 15
[0m[NR_PHY] RI = 2 i1 = 0.0.0, i2 = 0, SINR = 48 dB, CQI = 15
[0m[NR_PHY] RI = 2 i1 = 0.0.0, i2 = 0, SINR = 48 dB, CQI = 15
[0m[NR_PHY] RI = 2 i1 = 0.0.0, i2 = 0, SINR = 48 dB, CQI = 15
[0m[NR_PHY] RI = 2 i1 = 0.0.0, i2 = 0, SINR = 48 dB, CQI = 15
[0m[NR_PHY] RI = 2 i1 = 0.0.0, i2 = 0, SINR = 48 dB, CQI = 15
[0m[NR_PHY] RI = 2 i1 = 0.0.0, i2 = 0, SINR = 48 dB, CQI = 15
[0m[NR_PHY] RI = 2 i1 = 0.0.0, i2 = 0, SINR = 48 dB, CQI = 15
[0m[NR_PHY] RI = 2 i1 = 0.0.0, i2 = 0, SINR = 48 dB, CQI = 15
[0m[NR_PHY] RI = 2 i1 = 0.0.0, i2 = 0, SINR = 48 dB, CQI = 15
[0m[NR_PHY] RI = 2 i1 = 0.0.0, i2 = 0, SINR = 48 dB, CQI = 15
[0m[NR_PHY] RI = 2 i1 = 0.0.0, i2 = 0, SINR = 48 dB, CQI = 15
[0m[NR_PHY] RI = 2 i1 = 0.0.0, i2 = 0, SINR = 48 dB, CQI = 15
[0m[NR_PHY] RI = 2 i1 = 0.0.0, i2 = 0, SINR = 48 dB, CQI = 15
[0m[NR_PHY] RI = 2 i1 = 0.0.0, i2 = 0, SINR = 48 dB, CQI = 15
[0m[NR_PHY] RI = 2 i1 = 0.0.0, i2 = 0, SINR = 48 dB, CQI = 15
[0m[NR_PHY] RI = 2 i1 = 0.0.0, i2 = 0, SINR = 48 dB, CQI = 15
[0m[NR_PHY] RI = 2 i1 = 0.0.0, i2 = 0, SINR = 48 dB, CQI = 15
[0m[NR_PHY] RI = 2 i1 = 0.0.0, i2 = 0, SINR = 48 dB, CQI = 15
[0m[NR_PHY] RI = 2 i1 = 0.0.0, i2 = 0, SINR = 48 dB, CQI = 15
[0m[NR_PHY] RI = 2 i1 = 0.0.0, i2 = 0, SINR = 48 dB, CQI = 15
[0m[NR_PHY] RI = 2 i1 = 0.0.0, i2 = 0, SINR = 48 dB, CQI = 15
[0m[NR_PHY] RI = 2 i1 = 0.0.0, i2 = 0, SINR = 48 dB, CQI = 15
[0m[NR_PHY] RI = 2 i1 = 0.0.0, i2 = 0, SINR = 48 dB, CQI = 15
[0m[NR_PHY] RI = 2 i1 = 0.0.0, i2 = 0, SINR = 48 dB, CQI = 15
[0m[NR_PHY] RI = 2 i1 = 0.0.0, i2 = 0, SINR = 48 dB, CQI = 15
[0m[NR_PHY] RI = 2 i1 = 0.0.0, i2 = 0, SINR = 48 dB, CQI = 15
[0m[NR_MAC] UE 0 RNTI 3cc4 stats sfn: 0.2, cumulated bad DCI 0
    DL harq: 230/0
    UL harq: 4727/5 avg code rate 0.9, avg bit/symbol 5.8, avg per TB: (nb RBs 17.0, nb symbols 13.0)
[0m[NR_PHY] RI = 2 i1 = 0.0.0, i2 = 0, SINR = 48 dB, CQI = 15
[0m[NR_PHY] RI = 2 i1 = 0.0.0, i2 = 0, SINR = 48 dB, CQI = 15
[0m[NR_PHY] RI = 2 i1 = 0.0.0, i2 = 0, SINR = 48 dB, CQI = 15
[0m[NR_PHY] RI = 2 i1 = 0.0.0, i2 = 0, SINR = 48 dB, CQI = 15
[0m[NR_PHY] RI = 2 i1 = 0.0.0, i2 = 0, SINR = 48 dB, CQI = 15
[0m[NR_PHY] RI = 2 i1 = 0.0.0, i2 = 0, SINR = 48 dB, CQI = 15
[0m[NR_PHY] RI = 2 i1 = 0.0.0, i2 = 0, SINR = 48 dB, CQI = 15
[0m[NR_PHY] RI = 2 i1 = 0.0.0, i2 = 0, SINR = 48 dB, CQI = 15
[0m[NR_PHY] RI = 2 i1 = 0.0.0, i2 = 0, SINR = 48 dB, CQI = 15
[0m[NR_PHY] RI = 2 i1 = 0.0.0, i2 = 0, SINR = 48 dB, CQI = 15
[0m[NR_PHY] RI = 2 i1 = 0.0.0, i2 = 0, SINR = 48 dB, CQI = 15
[0m[NR_PHY] RI = 2 i1 = 0.0.0, i2 = 0, SINR = 48 dB, CQI = 15
[0m[NR_PHY] RI = 2 i1 = 0.0.0, i2 = 0, SINR = 48 dB, CQI = 15
[0m[NR_PHY] RI = 2 i1 = 0.0.0, i2 = 0, SINR = 48 dB, CQI = 15
[0m[NR_PHY] RI = 2 i1 = 0.0.0, i2 = 0, SINR = 48 dB, CQI = 15
[0m[NR_PHY] RI = 2 i1 = 0.0.0, i2 = 0, SINR = 48 dB, CQI = 15
[0m[NR_PHY] RI = 2 i1 = 0.0.0, i2 = 0, SINR = 48 dB, CQI = 15
[0m[NR_PHY] RI = 2 i1 = 0.0.0, i2 = 0, SINR = 48 dB, CQI = 15
[0m[NR_PHY] RI = 2 i1 = 0.0.0, i2 = 0, SINR = 48 dB, CQI = 15
[0m[NR_PHY] RI = 2 i1 = 0.0.0, i2 = 0, SINR = 48 dB, CQI = 15
[0m[NR_PHY] RI = 2 i1 = 0.0.0, i2 = 0, SINR = 48 dB, CQI = 15
[0m[NR_PHY] RI = 2 i1 = 0.0.0, i2 = 0, SINR = 48 dB, CQI = 15
[0m[NR_PHY] RI = 2 i1 = 0.0.0, i2 = 0, SINR = 48 dB, CQI = 15
[0m[NR_PHY] RI = 2 i1 = 0.0.0, i2 = 0, SINR = 48 dB, CQI = 15
[0m[NR_PHY] RI = 2 i1 = 0.0.0, i2 = 0, SINR = 48 dB, CQI = 15
[0m[NR_PHY] RI = 2 i1 = 0.0.0, i2 = 0, SINR = 48 dB, CQI = 15
[0m[NR_PHY] RI = 2 i1 = 0.0.0, i2 = 0, SINR = 48 dB, CQI = 15
[0m[NR_PHY] RI = 2 i1 = 0.0.0, i2 = 0, SINR = 48 dB, CQI = 15
[0m[NR_PHY] RI = 2 i1 = 0.0.0, i2 = 0, SINR = 48 dB, CQI = 15
[0m[NR_PHY] RI = 2 i1 = 0.0.0, i2 = 0, SINR = 48 dB, CQI = 15
[0m[NR_PHY] RI = 2 i1 = 0.0.0, i2 = 0, SINR = 48 dB, CQI = 15
[0m[NR_PHY] RI = 2 i1 = 0.0.0, i2 = 0, SINR = 48 dB, CQI = 15
[0m[NR_PHY] RI = 2 i1 = 0.0.0, i2 = 0, SINR = 48 dB, CQI = 15
[0m[NR_PHY] RI = 2 i1 = 0.0.0, i2 = 0, SINR = 48 dB, CQI = 15
[0m[NR_PHY] RI = 2 i1 = 0.0.0, i2 = 0, SINR = 48 dB, CQI = 15
[0m[NR_PHY] RI = 2 i1 = 0.0.0, i2 = 0, SINR = 48 dB, CQI = 15
[0m[NR_PHY] RI = 2 i1 = 0.0.0, i2 = 0, SINR = 48 dB, CQI = 15
[0m[NR_PHY] RI = 2 i1 = 0.0.0, i2 = 0, SINR = 48 dB, CQI = 15
[0m[NR_PHY] RI = 2 i1 = 0.0.0, i2 = 0, SINR = 48 dB, CQI = 15
[0m[NR_PHY] RI = 2 i1 = 0.0.0, i2 = 0, SINR = 48 dB, CQI = 15
[0m[NR_PHY] RI = 2 i1 = 0.0.0, i2 = 0, SINR = 48 dB, CQI = 15
[0m[NR_PHY] RI = 2 i1 = 0.0.0, i2 = 0, SINR = 48 dB, CQI = 15
[0m[NR_PHY] RI = 2 i1 = 0.0.0, i2 = 0, SINR = 48 dB, CQI = 15
[0m[NR_PHY] RI = 2 i1 = 0.0.0, i2 = 0, SINR = 48 dB, CQI = 15
[0m[NR_PHY] RI = 2 i1 = 0.0.0, i2 = 0, SINR = 48 dB, CQI = 15
[0m[NR_PHY] RI = 2 i1 = 0.0.0, i2 = 0, SINR = 48 dB, CQI = 15
[0m[NR_PHY] RI = 2 i1 = 0.0.0, i2 = 0, SINR = 48 dB, CQI = 15
[0m[NR_PHY] RI = 2 i1 = 0.0.0, i2 = 0, SINR = 48 dB, CQI = 15
[0m[NR_PHY] RI = 2 i1 = 0.0.0, i2 = 0, SINR = 48 dB, CQI = 15
[0m[NR_PHY] RI = 2 i1 = 0.0.0, i2 = 0, SINR = 48 dB, CQI = 15
[0m[NR_PHY] RI = 2 i1 = 0.0.0, i2 = 0, SINR = 48 dB, CQI = 15
[0m[NR_PHY] RI = 2 i1 = 0.0.0, i2 = 0, SINR = 48 dB, CQI = 15
[0m[NR_PHY] RI = 2 i1 = 0.0.0, i2 = 0, SINR = 48 dB, CQI = 15
[0m[NR_PHY] RI = 2 i1 = 0.0.0, i2 = 0, SINR = 48 dB, CQI = 15
[0m[NR_PHY] RI = 2 i1 = 0.0.0, i2 = 0, SINR = 48 dB, CQI = 15
[0m[NR_PHY] RI = 2 i1 = 0.0.0, i2 = 0, SINR = 48 dB, CQI = 15
[0m[NR_PHY] RI = 2 i1 = 0.0.0, i2 = 0, SINR = 48 dB, CQI = 15
[0m[NR_PHY] RI = 2 i1 = 0.0.0, i2 = 0, SINR = 48 dB, CQI = 15
[0m[NR_PHY] RI = 2 i1 = 0.0.0, i2 = 0, SINR = 48 dB, CQI = 15
[0m[NR_PHY] RI = 2 i1 = 0.0.0, i2 = 0, SINR = 48 dB, CQI = 15
[0m[NR_PHY] RI = 2 i1 = 0.0.0, i2 = 0, SINR = 48 dB, CQI = 15
[0m[NR_PHY] RI = 2 i1 = 0.0.0, i2 = 0, SINR = 48 dB, CQI = 15
[0m[NR_PHY] RI = 2 i1 = 0.0.0, i2 = 0, SINR = 48 dB, CQI = 15
[0m[NR_PHY] RI = 2 i1 = 0.0.0, i2 = 0, SINR = 48 dB, CQI = 15
[0m[NR_MAC] UE 0 RNTI 3cc4 stats sfn: 128.2, cumulated bad DCI 0
    DL harq: 252/0
    UL harq: 5239/5 avg code rate 0.9, avg bit/symbol 5.8, avg per TB: (nb RBs 17.0, nb symbols 13.0)
[0m[NR_PHY] RI = 2 i1 = 0.0.0, i2 = 0, SINR = 48 dB, CQI = 15
[0m[NR_PHY] RI = 2 i1 = 0.0.0, i2 = 0, SINR = 48 dB, CQI = 15
[0m[NR_PHY] RI = 2 i1 = 0.0.0, i2 = 0, SINR = 48 dB, CQI = 15
[0m[NR_PHY] RI = 2 i1 = 0.0.0, i2 = 0, SINR = 48 dB, CQI = 15
[0m[NR_PHY] RI = 2 i1 = 0.0.0, i2 = 0, SINR = 48 dB, CQI = 15
[0m[NR_PHY] RI = 2 i1 = 0.0.0, i2 = 0, SINR = 48 dB, CQI = 15
[0m[NR_PHY] RI = 2 i1 = 0.0.0, i2 = 0, SINR = 48 dB, CQI = 15
[0m[NR_PHY] RI = 2 i1 = 0.0.0, i2 = 0, SINR = 48 dB, CQI = 15
[0m[NR_PHY] RI = 2 i1 = 0.0.0, i2 = 0, SINR = 48 dB, CQI = 15
[0m[NR_PHY] RI = 2 i1 = 0.0.0, i2 = 0, SINR = 48 dB, CQI = 15
[0m[NR_PHY] RI = 2 i1 = 0.0.0, i2 = 0, SINR = 48 dB, CQI = 15
[0m[NR_PHY] RI = 2 i1 = 0.0.0, i2 = 0, SINR = 48 dB, CQI = 15
[0m[NR_PHY] RI = 2 i1 = 0.0.0, i2 = 0, SINR = 48 dB, CQI = 15
[0m[NR_PHY] RI = 2 i1 = 0.0.0, i2 = 0, SINR = 48 dB, CQI = 15
[0m[NR_PHY] RI = 2 i1 = 0.0.0, i2 = 0, SINR = 48 dB, CQI = 15
[0m[NR_PHY] RI = 2 i1 = 0.0.0, i2 = 0, SINR = 48 dB, CQI = 15
[0m[NR_PHY] RI = 2 i1 = 0.0.0, i2 = 0, SINR = 48 dB, CQI = 15
[0m[NR_PHY] RI = 2 i1 = 0.0.0, i2 = 0, SINR = 48 dB, CQI = 15
[0m[NR_PHY] RI = 2 i1 = 0.0.0, i2 = 0, SINR = 48 dB, CQI = 15
[0m[NR_PHY] RI = 2 i1 = 0.0.0, i2 = 0, SINR = 48 dB, CQI = 15
[0m[NR_PHY] RI = 2 i1 = 0.0.0, i2 = 0, SINR = 48 dB, CQI = 15
[0m[NR_PHY] RI = 2 i1 = 0.0.0, i2 = 0, SINR = 48 dB, CQI = 15
[0m[NR_PHY] RI = 2 i1 = 0.0.0, i2 = 0, SINR = 48 dB, CQI = 15
[0m[NR_PHY] RI = 2 i1 = 0.0.0, i2 = 0, SINR = 48 dB, CQI = 15
[0m[NR_PHY] RI = 2 i1 = 0.0.0, i2 = 0, SINR = 48 dB, CQI = 15
[0m[NR_PHY] RI = 2 i1 = 0.0.0, i2 = 0, SINR = 48 dB, CQI = 15
[0m[NR_PHY] RI = 2 i1 = 0.0.0, i2 = 0, SINR = 48 dB, CQI = 15
[0m[NR_PHY] RI = 2 i1 = 0.0.0, i2 = 0, SINR = 48 dB, CQI = 15
[0m[NR_PHY] RI = 2 i1 = 0.0.0, i2 = 0, SINR = 48 dB, CQI = 15
[0m[NR_PHY] RI = 2 i1 = 0.0.0, i2 = 0, SINR = 48 dB, CQI = 15
[0m[NR_PHY] RI = 2 i1 = 0.0.0, i2 = 0, SINR = 48 dB, CQI = 15
[0m[NR_PHY] RI = 2 i1 = 0.0.0, i2 = 0, SINR = 48 dB, CQI = 15
[0m[NR_PHY] RI = 2 i1 = 0.0.0, i2 = 0, SINR = 48 dB, CQI = 15
[0m[NR_PHY] RI = 2 i1 = 0.0.0, i2 = 0, SINR = 48 dB, CQI = 15
[0m[NR_PHY] RI = 2 i1 = 0.0.0, i2 = 0, SINR = 48 dB, CQI = 15
[0m[NR_PHY] RI = 2 i1 = 0.0.0, i2 = 0, SINR = 48 dB, CQI = 15
[0m[NR_PHY] RI = 2 i1 = 0.0.0, i2 = 0, SINR = 48 dB, CQI = 15
[0m[NR_PHY] RI = 2 i1 = 0.0.0, i2 = 0, SINR = 48 dB, CQI = 15
[0m[NR_PHY] RI = 2 i1 = 0.0.0, i2 = 0, SINR = 48 dB, CQI = 15
[0m[NR_PHY] RI = 2 i1 = 0.0.0, i2 = 0, SINR = 48 dB, CQI = 15
[0m[NR_PHY] RI = 2 i1 = 0.0.0, i2 = 0, SINR = 48 dB, CQI = 15
[0m[NR_PHY] RI = 2 i1 = 0.0.0, i2 = 0, SINR = 48 dB, CQI = 15
[0m[NR_PHY] RI = 2 i1 = 0.0.0, i2 = 0, SINR = 48 dB, CQI = 15
[0m[NR_PHY] RI = 2 i1 = 0.0.0, i2 = 0, SINR = 48 dB, CQI = 15
[0m[NR_PHY] RI = 2 i1 = 0.0.0, i2 = 0, SINR = 48 dB, CQI = 15
[0m[NR_PHY] RI = 2 i1 = 0.0.0, i2 = 0, SINR = 48 dB, CQI = 15
[0m[NR_PHY] RI = 2 i1 = 0.0.0, i2 = 0, SINR = 48 dB, CQI = 15
[0m[NR_PHY] RI = 2 i1 = 0.0.0, i2 = 0, SINR = 48 dB, CQI = 15
[0m[NR_PHY] RI = 2 i1 = 0.0.0, i2 = 0, SINR = 48 dB, CQI = 15
[0m[NR_PHY] RI = 2 i1 = 0.0.0, i2 = 0, SINR = 48 dB, CQI = 15
[0m[NR_PHY] RI = 2 i1 = 0.0.0, i2 = 0, SINR = 48 dB, CQI = 15
[0m[NR_PHY] RI = 2 i1 = 0.0.0, i2 = 0, SINR = 48 dB, CQI = 15
[0m[NR_PHY] RI = 2 i1 = 0.0.0, i2 = 0, SINR = 48 dB, CQI = 15
[0m[NR_PHY] RI = 2 i1 = 0.0.0, i2 = 0, SINR = 48 dB, CQI = 15
[0m[NR_PHY] RI = 2 i1 = 0.0.0, i2 = 0, SINR = 48 dB, CQI = 15
[0m[NR_PHY] RI = 2 i1 = 0.0.0, i2 = 0, SINR = 48 dB, CQI = 15
[0m[NR_PHY] RI = 2 i1 = 0.0.0, i2 = 0, SINR = 48 dB, CQI = 15
[0m[NR_PHY] RI = 2 i1 = 0.0.0, i2 = 0, SINR = 48 dB, CQI = 15
[0m[NR_PHY] RI = 2 i1 = 0.0.0, i2 = 0, SINR = 48 dB, CQI = 15
[0m[NR_PHY] RI = 2 i1 = 0.0.0, i2 = 0, SINR = 48 dB, CQI = 15
[0m[NR_PHY] RI = 2 i1 = 0.0.0, i2 = 0, SINR = 48 dB, CQI = 15
[0m[NR_PHY] RI = 2 i1 = 0.0.0, i2 = 0, SINR = 48 dB, CQI = 15
[0m[NR_PHY] RI = 2 i1 = 0.0.0, i2 = 0, SINR = 48 dB, CQI = 15
[0m[NR_PHY] RI = 2 i1 = 0.0.0, i2 = 0, SINR = 48 dB, CQI = 15
[0m[NR_MAC] UE 0 RNTI 3cc4 stats sfn: 256.2, cumulated bad DCI 0
    DL harq: 273/0
    UL harq: 5749/6 avg code rate 0.9, avg bit/symbol 5.8, avg per TB: (nb RBs 17.0, nb symbols 13.0)
[0m[NR_PHY] RI = 2 i1 = 0.0.0, i2 = 0, SINR = 48 dB, CQI = 15
[0m[NR_PHY] RI = 2 i1 = 0.0.0, i2 = 0, SINR = 48 dB, CQI = 15
[0m[NR_PHY] RI = 2 i1 = 0.0.0, i2 = 0, SINR = 48 dB, CQI = 15
[0m[NR_PHY] RI = 2 i1 = 0.0.0, i2 = 0, SINR = 48 dB, CQI = 15
[0m[NR_PHY] RI = 2 i1 = 0.0.0, i2 = 0, SINR = 48 dB, CQI = 15
[0m[NR_PHY] RI = 2 i1 = 0.0.0, i2 = 0, SINR = 48 dB, CQI = 15
[0m[NR_PHY] RI = 2 i1 = 0.0.0, i2 = 0, SINR = 48 dB, CQI = 15
[0m[NR_PHY] RI = 2 i1 = 0.0.0, i2 = 0, SINR = 48 dB, CQI = 15
[0m[NR_PHY] RI = 2 i1 = 0.0.0, i2 = 0, SINR = 48 dB, CQI = 15
[0m[NR_PHY] RI = 2 i1 = 0.0.0, i2 = 0, SINR = 48 dB, CQI = 15
[0m[NR_PHY] RI = 2 i1 = 0.0.0, i2 = 0, SINR = 48 dB, CQI = 15
[0m[NR_PHY] RI = 2 i1 = 0.0.0, i2 = 0, SINR = 48 dB, CQI = 15
[0m[NR_PHY] RI = 2 i1 = 0.0.0, i2 = 0, SINR = 48 dB, CQI = 15
[0m[NR_PHY] RI = 2 i1 = 0.0.0, i2 = 0, SINR = 48 dB, CQI = 15
[0m[NR_PHY] RI = 2 i1 = 0.0.0, i2 = 0, SINR = 48 dB, CQI = 15
[0m[NR_PHY] RI = 2 i1 = 0.0.0, i2 = 0, SINR = 48 dB, CQI = 15
[0m[NR_PHY] RI = 2 i1 = 0.0.0, i2 = 0, SINR = 48 dB, CQI = 15
[0m[NR_PHY] RI = 2 i1 = 0.0.0, i2 = 0, SINR = 48 dB, CQI = 15
[0m[NR_PHY] RI = 2 i1 = 0.0.0, i2 = 0, SINR = 48 dB, CQI = 15
[0m[NR_PHY] RI = 2 i1 = 0.0.0, i2 = 0, SINR = 48 dB, CQI = 15
[0m[NR_PHY] RI = 2 i1 = 0.0.0, i2 = 0, SINR = 48 dB, CQI = 15
[0m[NR_PHY] RI = 2 i1 = 0.0.0, i2 = 0, SINR = 48 dB, CQI = 15
[0m[NR_PHY] RI = 2 i1 = 0.0.0, i2 = 0, SINR = 48 dB, CQI = 15
[0m[NR_PHY] RI = 2 i1 = 0.0.0, i2 = 0, SINR = 48 dB, CQI = 15
[0m[NR_PHY] RI = 2 i1 = 0.0.0, i2 = 0, SINR = 48 dB, CQI = 15
[0m[NR_PHY] RI = 2 i1 = 0.0.0, i2 = 0, SINR = 48 dB, CQI = 15
[0m[NR_PHY] RI = 2 i1 = 0.0.0, i2 = 0, SINR = 48 dB, CQI = 15
[0m[NR_PHY] RI = 2 i1 = 0.0.0, i2 = 0, SINR = 48 dB, CQI = 15
[0m[NR_PHY] RI = 2 i1 = 0.0.0, i2 = 0, SINR = 48 dB, CQI = 15
[0m[NR_PHY] RI = 2 i1 = 0.0.0, i2 = 0, SINR = 48 dB, CQI = 15
[0m[NR_PHY] RI = 2 i1 = 0.0.0, i2 = 0, SINR = 48 dB, CQI = 15
[0m[NR_PHY] RI = 2 i1 = 0.0.0, i2 = 0, SINR = 48 dB, CQI = 15
[0m[NR_PHY] RI = 2 i1 = 0.0.0, i2 = 0, SINR = 48 dB, CQI = 15
[0m[NR_PHY] RI = 2 i1 = 0.0.0, i2 = 0, SINR = 48 dB, CQI = 15
[0m[NR_PHY] RI = 2 i1 = 0.0.0, i2 = 0, SINR = 48 dB, CQI = 15
[0m[NR_PHY] RI = 2 i1 = 0.0.0, i2 = 0, SINR = 48 dB, CQI = 15
[0m[NR_PHY] RI = 2 i1 = 0.0.0, i2 = 0, SINR = 48 dB, CQI = 15
[0m[NR_PHY] RI = 2 i1 = 0.0.0, i2 = 0, SINR = 48 dB, CQI = 15
[0m[NR_PHY] RI = 2 i1 = 0.0.0, i2 = 0, SINR = 48 dB, CQI = 15
[0m[NR_PHY] RI = 2 i1 = 0.0.0, i2 = 0, SINR = 48 dB, CQI = 15
[0m[NR_PHY] RI = 2 i1 = 0.0.0, i2 = 0, SINR = 48 dB, CQI = 15
[0m[NR_PHY] RI = 2 i1 = 0.0.0, i2 = 0, SINR = 48 dB, CQI = 15
[0m[NR_PHY] RI = 2 i1 = 0.0.0, i2 = 0, SINR = 48 dB, CQI = 15
[0m[NR_PHY] RI = 2 i1 = 0.0.0, i2 = 0, SINR = 48 dB, CQI = 15
[0m[NR_PHY] RI = 2 i1 = 0.0.0, i2 = 0, SINR = 48 dB, CQI = 15
[0m[NR_PHY] RI = 2 i1 = 0.0.0, i2 = 0, SINR = 48 dB, CQI = 15
[0m[NR_PHY] RI = 2 i1 = 0.0.0, i2 = 0, SINR = 48 dB, CQI = 15
[0m[NR_PHY] RI = 2 i1 = 0.0.0, i2 = 0, SINR = 48 dB, CQI = 15
[0m[NR_PHY] RI = 2 i1 = 0.0.0, i2 = 0, SINR = 48 dB, CQI = 15
[0m[NR_PHY] RI = 2 i1 = 0.0.0, i2 = 0, SINR = 48 dB, CQI = 15
[0m[NR_PHY] RI = 2 i1 = 0.0.0, i2 = 0, SINR = 48 dB, CQI = 15
[0m[NR_PHY] RI = 2 i1 = 0.0.0, i2 = 0, SINR = 48 dB, CQI = 15
[0m[NR_PHY] RI = 2 i1 = 0.0.0, i2 = 0, SINR = 48 dB, CQI = 15
[0m[NR_PHY] RI = 2 i1 = 0.0.0, i2 = 0, SINR = 48 dB, CQI = 15
[0m[NR_PHY] RI = 2 i1 = 0.0.0, i2 = 0, SINR = 48 dB, CQI = 15
[0m[NR_PHY] RI = 2 i1 = 0.0.0, i2 = 0, SINR = 48 dB, CQI = 15
[0m[NR_PHY] RI = 2 i1 = 0.0.0, i2 = 0, SINR = 48 dB, CQI = 15
[0m[NR_PHY] RI = 2 i1 = 0.0.0, i2 = 0, SINR = 48 dB, CQI = 15
[0m[NR_PHY] RI = 2 i1 = 0.0.0, i2 = 0, SINR = 48 dB, CQI = 15
[0m[NR_PHY] RI = 2 i1 = 0.0.0, i2 = 0, SINR = 48 dB, CQI = 15
[0m[NR_PHY] RI = 2 i1 = 0.0.0, i2 = 0, SINR = 48 dB, CQI = 15
[0m[NR_PHY] RI = 2 i1 = 0.0.0, i2 = 0, SINR = 48 dB, CQI = 15
[0m[1;31m[RLC]    1 SDU rejected, SDU buffer full
[0m[NR_PHY] RI = 2 i1 = 0.0.0, i2 = 0, SINR = 48 dB, CQI = 15
[0m[NR_PHY] RI = 2 i1 = 0.0.0, i2 = 0, SINR = 48 dB, CQI = 15
[0m[NR_MAC] UE 0 RNTI 3cc4 stats sfn: 384.2, cumulated bad DCI 0
    DL harq: 296/0
    UL harq: 6259/7 avg code rate 0.9, avg bit/symbol 5.8, avg per TB: (nb RBs 17.0, nb symbols 13.0)
[0m[NR_PHY] RI = 2 i1 = 0.0.0, i2 = 0, SINR = 48 dB, CQI = 15
[0m[NR_PHY] RI = 2 i1 = 0.0.0, i2 = 0, SINR = 48 dB, CQI = 15
[0m[NR_PHY] RI = 2 i1 = 0.0.0, i2 = 0, SINR = 48 dB, CQI = 15
[0m[NR_PHY] RI = 2 i1 = 0.0.0, i2 = 0, SINR = 48 dB, CQI = 15
[0m[NR_PHY] RI = 2 i1 = 0.0.0, i2 = 0, SINR = 48 dB, CQI = 15
[0m[NR_PHY] RI = 2 i1 = 0.0.0, i2 = 0, SINR = 48 dB, CQI = 15
[0m[NR_PHY] RI = 2 i1 = 0.0.0, i2 = 0, SINR = 48 dB, CQI = 15
[0m[NR_PHY] RI = 2 i1 = 0.0.0, i2 = 0, SINR = 48 dB, CQI = 15
[0m[NR_PHY] RI = 2 i1 = 0.0.0, i2 = 0, SINR = 48 dB, CQI = 15
[0m[NR_PHY] RI = 2 i1 = 0.0.0, i2 = 0, SINR = 48 dB, CQI = 15
[0m[NR_PHY] RI = 2 i1 = 0.0.0, i2 = 0, SINR = 48 dB, CQI = 15
[0m[NR_PHY] RI = 2 i1 = 0.0.0, i2 = 0, SINR = 48 dB, CQI = 15
[0m[NR_PHY] RI = 2 i1 = 0.0.0, i2 = 0, SINR = 48 dB, CQI = 15
[0m[NR_PHY] RI = 2 i1 = 0.0.0, i2 = 0, SINR = 48 dB, CQI = 15
[0m[NR_PHY] RI = 2 i1 = 0.0.0, i2 = 0, SINR = 48 dB, CQI = 15
[0m[NR_PHY] RI = 2 i1 = 0.0.0, i2 = 0, SINR = 48 dB, CQI = 15
[0m[NR_PHY] RI = 2 i1 = 0.0.0, i2 = 0, SINR = 48 dB, CQI = 15
[0m[NR_PHY] RI = 2 i1 = 0.0.0, i2 = 0, SINR = 48 dB, CQI = 15
[0m[NR_PHY] RI = 2 i1 = 0.0.0, i2 = 0, SINR = 48 dB, CQI = 15
[0m[NR_PHY] RI = 2 i1 = 0.0.0, i2 = 0, SINR = 48 dB, CQI = 15
[0m[NR_PHY] RI = 2 i1 = 0.0.0, i2 = 0, SINR = 48 dB, CQI = 15
[0m[NR_PHY] RI = 2 i1 = 0.0.0, i2 = 0, SINR = 48 dB, CQI = 15
[0m[NR_PHY] RI = 2 i1 = 0.0.0, i2 = 0, SINR = 48 dB, CQI = 15
[0m[NR_PHY] RI = 2 i1 = 0.0.0, i2 = 0, SINR = 48 dB, CQI = 15
[0m[NR_PHY] RI = 2 i1 = 0.0.0, i2 = 0, SINR = 48 dB, CQI = 15
[0m[NR_PHY] RI = 2 i1 = 0.0.0, i2 = 0, SINR = 48 dB, CQI = 15
[0m[NR_PHY] RI = 2 i1 = 0.0.0, i2 = 0, SINR = 48 dB, CQI = 15
[0m[NR_PHY] RI = 2 i1 = 0.0.0, i2 = 0, SINR = 48 dB, CQI = 15
[0m[NR_PHY] RI = 2 i1 = 0.0.0, i2 = 0, SINR = 48 dB, CQI = 15
[0m[NR_PHY] RI = 2 i1 = 0.0.0, i2 = 0, SINR = 48 dB, CQI = 15
[0m[NR_PHY] RI = 2 i1 = 0.0.0, i2 = 0, SINR = 48 dB, CQI = 15
[0m[NR_PHY] RI = 2 i1 = 0.0.0, i2 = 0, SINR = 48 dB, CQI = 15
[0m[NR_PHY] RI = 2 i1 = 0.0.0, i2 = 0, SINR = 48 dB, CQI = 15
[0m[NR_PHY] RI = 2 i1 = 0.0.0, i2 = 0, SINR = 48 dB, CQI = 15
[0m[NR_PHY] RI = 2 i1 = 0.0.0, i2 = 0, SINR = 48 dB, CQI = 15
[0m[NR_PHY] RI = 2 i1 = 0.0.0, i2 = 0, SINR = 48 dB, CQI = 15
[0m[NR_PHY] RI = 2 i1 = 0.0.0, i2 = 0, SINR = 48 dB, CQI = 15
[0m[NR_PHY] RI = 2 i1 = 0.0.0, i2 = 0, SINR = 48 dB, CQI = 15
[0m[NR_PHY] RI = 2 i1 = 0.0.0, i2 = 0, SINR = 48 dB, CQI = 15
[0m[NR_PHY] RI = 2 i1 = 0.0.0, i2 = 0, SINR = 48 dB, CQI = 15
[0m[NR_PHY] RI = 2 i1 = 0.0.0, i2 = 0, SINR = 48 dB, CQI = 15
[0m[NR_PHY] RI = 2 i1 = 0.0.0, i2 = 0, SINR = 48 dB, CQI = 15
[0m[NR_PHY] RI = 2 i1 = 0.0.0, i2 = 0, SINR = 48 dB, CQI = 15
[0m[NR_PHY] RI = 2 i1 = 0.0.0, i2 = 0, SINR = 48 dB, CQI = 15
[0m[NR_PHY] RI = 2 i1 = 0.0.0, i2 = 0, SINR = 48 dB, CQI = 15
[0m[NR_PHY] RI = 2 i1 = 0.0.0, i2 = 0, SINR = 48 dB, CQI = 15
[0m[NR_PHY] RI = 2 i1 = 0.0.0, i2 = 0, SINR = 48 dB, CQI = 15
[0m[NR_PHY] RI = 2 i1 = 0.0.0, i2 = 0, SINR = 48 dB, CQI = 15
[0m[1;31m[RLC]    2135 SDU rejected, SDU buffer full
[0m[NR_PHY] RI = 2 i1 = 0.0.0, i2 = 0, SINR = 48 dB, CQI = 15
[0m[NR_PHY] RI = 2 i1 = 0.0.0, i2 = 0, SINR = 48 dB, CQI = 15
[0m[NR_PHY] RI = 2 i1 = 0.0.0, i2 = 0, SINR = 48 dB, CQI = 15
[0m[NR_PHY] RI = 2 i1 = 0.0.0, i2 = 0, SINR = 48 dB, CQI = 15
[0m[NR_PHY] RI = 2 i1 = 0.0.0, i2 = 0, SINR = 48 dB, CQI = 15
[0m[NR_PHY] RI = 2 i1 = 0.0.0, i2 = 0, SINR = 48 dB, CQI = 15
[0m[NR_PHY] RI = 2 i1 = 0.0.0, i2 = 0, SINR = 48 dB, CQI = 15
[0m[NR_PHY] RI = 2 i1 = 0.0.0, i2 = 0, SINR = 48 dB, CQI = 15
[0m[NR_PHY] RI = 2 i1 = 0.0.0, i2 = 0, SINR = 48 dB, CQI = 15
[0m[NR_PHY] RI = 2 i1 = 0.0.0, i2 = 0, SINR = 48 dB, CQI = 15
[0m[NR_PHY] RI = 2 i1 = 0.0.0, i2 = 0, SINR = 48 dB, CQI = 15
[0m[NR_PHY] RI = 2 i1 = 0.0.0, i2 = 0, SINR = 48 dB, CQI = 15
[0m[NR_PHY] RI = 2 i1 = 0.0.0, i2 = 0, SINR = 48 dB, CQI = 15
[0m[NR_PHY] RI = 2 i1 = 0.0.0, i2 = 0, SINR = 48 dB, CQI = 15
[0m[NR_PHY] RI = 2 i1 = 0.0.0, i2 = 0, SINR = 48 dB, CQI = 15
[0m[NR_PHY] RI = 2 i1 = 0.0.0, i2 = 0, SINR = 48 dB, CQI = 15
[0m[NR_MAC] UE 0 RNTI 3cc4 stats sfn: 512.2, cumulated bad DCI 0
    DL harq: 317/0
    UL harq: 6771/7 avg code rate 0.9, avg bit/symbol 5.9, avg per TB: (nb RBs 17.0, nb symbols 13.0)
[0m[NR_PHY] RI = 2 i1 = 0.0.0, i2 = 0, SINR = 48 dB, CQI = 15
[0m[NR_PHY] RI = 2 i1 = 0.0.0, i2 = 0, SINR = 48 dB, CQI = 15
[0m[NR_PHY] RI = 2 i1 = 0.0.0, i2 = 0, SINR = 48 dB, CQI = 15
[0m[NR_PHY] RI = 2 i1 = 0.0.0, i2 = 0, SINR = 48 dB, CQI = 15
[0m[NR_PHY] RI = 2 i1 = 0.0.0, i2 = 0, SINR = 48 dB, CQI = 15
[0m[NR_PHY] RI = 2 i1 = 0.0.0, i2 = 0, SINR = 48 dB, CQI = 15
[0m[NR_PHY] RI = 2 i1 = 0.0.0, i2 = 0, SINR = 48 dB, CQI = 15
[0m[NR_PHY] RI = 2 i1 = 0.0.0, i2 = 0, SINR = 48 dB, CQI = 15
[0m[NR_PHY] RI = 2 i1 = 0.0.0, i2 = 0, SINR = 48 dB, CQI = 15
[0m[NR_PHY] RI = 2 i1 = 0.0.0, i2 = 0, SINR = 48 dB, CQI = 15
[0m[NR_PHY] RI = 2 i1 = 0.0.0, i2 = 0, SINR = 48 dB, CQI = 15
[0m[NR_PHY] RI = 2 i1 = 0.0.0, i2 = 0, SINR = 48 dB, CQI = 15
[0m[NR_PHY] RI = 2 i1 = 0.0.0, i2 = 0, SINR = 48 dB, CQI = 15
[0m[NR_PHY] RI = 2 i1 = 0.0.0, i2 = 0, SINR = 48 dB, CQI = 15
[0m[NR_PHY] RI = 2 i1 = 0.0.0, i2 = 0, SINR = 48 dB, CQI = 15
[0m[NR_PHY] RI = 2 i1 = 0.0.0, i2 = 0, SINR = 48 dB, CQI = 15
[0m[NR_PHY] RI = 2 i1 = 0.0.0, i2 = 0, SINR = 48 dB, CQI = 15
[0m[NR_PHY] RI = 2 i1 = 0.0.0, i2 = 0, SINR = 48 dB, CQI = 15
[0m[NR_PHY] RI = 2 i1 = 0.0.0, i2 = 0, SINR = 48 dB, CQI = 15
[0m[NR_PHY] RI = 2 i1 = 0.0.0, i2 = 0, SINR = 48 dB, CQI = 15
[0m[NR_PHY] RI = 2 i1 = 0.0.0, i2 = 0, SINR = 48 dB, CQI = 15
[0m[NR_PHY] RI = 2 i1 = 0.0.0, i2 = 0, SINR = 48 dB, CQI = 15
[0m[NR_PHY] RI = 2 i1 = 0.0.0, i2 = 0, SINR = 48 dB, CQI = 15
[0m[NR_PHY] RI = 2 i1 = 0.0.0, i2 = 0, SINR = 48 dB, CQI = 15
[0m[NR_PHY] RI = 2 i1 = 0.0.0, i2 = 0, SINR = 48 dB, CQI = 15
[0m[NR_PHY] RI = 2 i1 = 0.0.0, i2 = 0, SINR = 48 dB, CQI = 15
[0m[NR_PHY] RI = 2 i1 = 0.0.0, i2 = 0, SINR = 48 dB, CQI = 15
[0m[NR_PHY] RI = 2 i1 = 0.0.0, i2 = 0, SINR = 48 dB, CQI = 15
[0m[NR_PHY] RI = 2 i1 = 0.0.0, i2 = 0, SINR = 48 dB, CQI = 15
[0m[NR_PHY] RI = 2 i1 = 0.0.0, i2 = 0, SINR = 48 dB, CQI = 15
[0m[NR_PHY] RI = 2 i1 = 0.0.0, i2 = 0, SINR = 48 dB, CQI = 15
[0m[NR_PHY] RI = 2 i1 = 0.0.0, i2 = 0, SINR = 48 dB, CQI = 15
[0m[NR_PHY] RI = 2 i1 = 0.0.0, i2 = 0, SINR = 48 dB, CQI = 15
[0m[NR_PHY] RI = 2 i1 = 0.0.0, i2 = 0, SINR = 48 dB, CQI = 15
[0m[1;31m[RLC]    2164 SDU rejected, SDU buffer full
[0m[NR_PHY] RI = 2 i1 = 0.0.0, i2 = 0, SINR = 48 dB, CQI = 15
[0m[NR_PHY] RI = 2 i1 = 0.0.0, i2 = 0, SINR = 48 dB, CQI = 15
[0m[NR_PHY] RI = 2 i1 = 0.0.0, i2 = 0, SINR = 48 dB, CQI = 15
[0m[NR_PHY] RI = 2 i1 = 0.0.0, i2 = 0, SINR = 48 dB, CQI = 15
[0m[NR_PHY] RI = 2 i1 = 0.0.0, i2 = 0, SINR = 48 dB, CQI = 15
[0m[NR_PHY] RI = 2 i1 = 0.0.0, i2 = 0, SINR = 48 dB, CQI = 15
[0m[NR_PHY] RI = 2 i1 = 0.0.0, i2 = 0, SINR = 48 dB, CQI = 15
[0m[NR_PHY] RI = 2 i1 = 0.0.0, i2 = 0, SINR = 48 dB, CQI = 15
[0m[NR_PHY] RI = 2 i1 = 0.0.0, i2 = 0, SINR = 48 dB, CQI = 15
[0m[NR_PHY] RI = 2 i1 = 0.0.0, i2 = 0, SINR = 48 dB, CQI = 15
[0m[NR_PHY] RI = 2 i1 = 0.0.0, i2 = 0, SINR = 48 dB, CQI = 15
[0m[NR_PHY] RI = 2 i1 = 0.0.0, i2 = 0, SINR = 48 dB, CQI = 15
[0m[NR_PHY] RI = 2 i1 = 0.0.0, i2 = 0, SINR = 48 dB, CQI = 15
[0m[NR_PHY] RI = 2 i1 = 0.0.0, i2 = 0, SINR = 48 dB, CQI = 15
[0m[NR_PHY] RI = 2 i1 = 0.0.0, i2 = 0, SINR = 48 dB, CQI = 15
[0m[NR_PHY] RI = 2 i1 = 0.0.0, i2 = 0, SINR = 48 dB, CQI = 15
[0m[NR_PHY] RI = 2 i1 = 0.0.0, i2 = 0, SINR = 48 dB, CQI = 15
[0m[NR_PHY] RI = 2 i1 = 0.0.0, i2 = 0, SINR = 48 dB, CQI = 15
[0m[NR_PHY] RI = 2 i1 = 0.0.0, i2 = 0, SINR = 48 dB, CQI = 15
[0m[NR_PHY] RI = 2 i1 = 0.0.0, i2 = 0, SINR = 48 dB, CQI = 15
[0m[NR_PHY] RI = 2 i1 = 0.0.0, i2 = 0, SINR = 48 dB, CQI = 15
[0m[NR_PHY] RI = 2 i1 = 0.0.0, i2 = 0, SINR = 48 dB, CQI = 15
[0m[NR_PHY] RI = 2 i1 = 0.0.0, i2 = 0, SINR = 48 dB, CQI = 15
[0m[NR_PHY] RI = 2 i1 = 0.0.0, i2 = 0, SINR = 48 dB, CQI = 15
[0m[NR_PHY] RI = 2 i1 = 0.0.0, i2 = 0, SINR = 48 dB, CQI = 15
[0m[NR_PHY] RI = 2 i1 = 0.0.0, i2 = 0, SINR = 48 dB, CQI = 15
[0m[NR_PHY] RI = 2 i1 = 0.0.0, i2 = 0, SINR = 48 dB, CQI = 15
[0m[NR_PHY] RI = 2 i1 = 0.0.0, i2 = 0, SINR = 48 dB, CQI = 15
[0m[NR_PHY] RI = 2 i1 = 0.0.0, i2 = 0, SINR = 48 dB, CQI = 15
[0m[NR_PHY] RI = 2 i1 = 0.0.0, i2 = 0, SINR = 48 dB, CQI = 15
[0m[NR_MAC] UE 0 RNTI 3cc4 stats sfn: 640.2, cumulated bad DCI 0
    DL harq: 339/0
    UL harq: 7281/8 avg code rate 0.9, avg bit/symbol 5.9, avg per TB: (nb RBs 17.0, nb symbols 13.0)
[0m[NR_PHY] RI = 2 i1 = 0.0.0, i2 = 0, SINR = 48 dB, CQI = 15
[0m[NR_PHY] RI = 2 i1 = 0.0.0, i2 = 0, SINR = 48 dB, CQI = 15
[0m[NR_PHY] RI = 2 i1 = 0.0.0, i2 = 0, SINR = 48 dB, CQI = 15
[0m[NR_PHY] RI = 2 i1 = 0.0.0, i2 = 0, SINR = 48 dB, CQI = 15
[0m[NR_PHY] RI = 2 i1 = 0.0.0, i2 = 0, SINR = 48 dB, CQI = 15
[0m[NR_PHY] RI = 2 i1 = 0.0.0, i2 = 0, SINR = 48 dB, CQI = 15
[0m[NR_PHY] RI = 2 i1 = 0.0.0, i2 = 0, SINR = 48 dB, CQI = 15
[0m[NR_PHY] RI = 2 i1 = 0.0.0, i2 = 0, SINR = 48 dB, CQI = 15
[0m[NR_PHY] RI = 2 i1 = 0.0.0, i2 = 0, SINR = 48 dB, CQI = 15
[0m[NR_PHY] RI = 2 i1 = 0.0.0, i2 = 0, SINR = 48 dB, CQI = 15
[0m[NR_PHY] RI = 2 i1 = 0.0.0, i2 = 0, SINR = 48 dB, CQI = 15
[0m[NR_PHY] RI = 2 i1 = 0.0.0, i2 = 0, SINR = 48 dB, CQI = 15
[0m[NR_PHY] RI = 2 i1 = 0.0.0, i2 = 0, SINR = 48 dB, CQI = 15
[0m[NR_PHY] RI = 2 i1 = 0.0.0, i2 = 0, SINR = 48 dB, CQI = 15
[0m[NR_PHY] RI = 2 i1 = 0.0.0, i2 = 0, SINR = 48 dB, CQI = 15
[0m[NR_PHY] RI = 2 i1 = 0.0.0, i2 = 0, SINR = 48 dB, CQI = 15
[0m[NR_PHY] RI = 2 i1 = 0.0.0, i2 = 0, SINR = 48 dB, CQI = 15
[0m[NR_PHY] RI = 2 i1 = 0.0.0, i2 = 0, SINR = 48 dB, CQI = 15
[0m[NR_PHY] RI = 2 i1 = 0.0.0, i2 = 0, SINR = 48 dB, CQI = 15
[0m[NR_PHY] RI = 2 i1 = 0.0.0, i2 = 0, SINR = 48 dB, CQI = 15
[0m[1;31m[RLC]    2164 SDU rejected, SDU buffer full
[0m[NR_PHY] RI = 2 i1 = 0.0.0, i2 = 0, SINR = 48 dB, CQI = 15
[0m[NR_PHY] RI = 2 i1 = 0.0.0, i2 = 0, SINR = 48 dB, CQI = 15
[0m[NR_PHY] RI = 2 i1 = 0.0.0, i2 = 0, SINR = 48 dB, CQI = 15
[0m[NR_PHY] RI = 2 i1 = 0.0.0, i2 = 0, SINR = 48 dB, CQI = 15
[0m[NR_PHY] RI = 2 i1 = 0.0.0, i2 = 0, SINR = 48 dB, CQI = 15
[0m[NR_PHY] RI = 2 i1 = 0.0.0, i2 = 0, SINR = 48 dB, CQI = 15
[0m[NR_PHY] RI = 2 i1 = 0.0.0, i2 = 0, SINR = 48 dB, CQI = 15
[0m[NR_PHY] RI = 2 i1 = 0.0.0, i2 = 0, SINR = 48 dB, CQI = 15
[0m[NR_PHY] RI = 2 i1 = 0.0.0, i2 = 0, SINR = 48 dB, CQI = 15
[0m[NR_PHY] RI = 2 i1 = 0.0.0, i2 = 0, SINR = 48 dB, CQI = 15
[0m[NR_PHY] RI = 2 i1 = 0.0.0, i2 = 0, SINR = 48 dB, CQI = 15
[0m[NR_PHY] RI = 2 i1 = 0.0.0, i2 = 0, SINR = 48 dB, CQI = 15
[0m[NR_PHY] RI = 2 i1 = 0.0.0, i2 = 0, SINR = 48 dB, CQI = 15
[0m[NR_PHY] RI = 2 i1 = 0.0.0, i2 = 0, SINR = 48 dB, CQI = 15
[0m[NR_PHY] RI = 2 i1 = 0.0.0, i2 = 0, SINR = 48 dB, CQI = 15
[0m[NR_PHY] RI = 2 i1 = 0.0.0, i2 = 0, SINR = 48 dB, CQI = 15
[0m[NR_PHY] RI = 2 i1 = 0.0.0, i2 = 0, SINR = 48 dB, CQI = 15
[0m[NR_PHY] RI = 2 i1 = 0.0.0, i2 = 0, SINR = 48 dB, CQI = 15
[0m[NR_PHY] RI = 2 i1 = 0.0.0, i2 = 0, SINR = 48 dB, CQI = 15
[0m[NR_PHY] RI = 2 i1 = 0.0.0, i2 = 0, SINR = 48 dB, CQI = 15
[0m[NR_PHY] RI = 2 i1 = 0.0.0, i2 = 0, SINR = 48 dB, CQI = 15
[0m[NR_PHY] RI = 2 i1 = 0.0.0, i2 = 0, SINR = 48 dB, CQI = 15
[0m[NR_PHY] RI = 2 i1 = 0.0.0, i2 = 0, SINR = 48 dB, CQI = 15
[0m[NR_PHY] RI = 2 i1 = 0.0.0, i2 = 0, SINR = 48 dB, CQI = 15
[0m[NR_PHY] RI = 2 i1 = 0.0.0, i2 = 0, SINR = 48 dB, CQI = 15
[0m[NR_PHY] RI = 2 i1 = 0.0.0, i2 = 0, SINR = 48 dB, CQI = 15
[0m[NR_PHY] RI = 2 i1 = 0.0.0, i2 = 0, SINR = 48 dB, CQI = 15
[0m[NR_PHY] RI = 2 i1 = 0.0.0, i2 = 0, SINR = 48 dB, CQI = 15
[0m[NR_PHY] RI = 2 i1 = 0.0.0, i2 = 0, SINR = 48 dB, CQI = 15
[0m[NR_PHY] RI = 2 i1 = 0.0.0, i2 = 0, SINR = 48 dB, CQI = 15
[0m[NR_PHY] RI = 2 i1 = 0.0.0, i2 = 0, SINR = 48 dB, CQI = 15
[0m[NR_PHY] RI = 2 i1 = 0.0.0, i2 = 0, SINR = 48 dB, CQI = 15
[0m[NR_PHY] RI = 2 i1 = 0.0.0, i2 = 0, SINR = 48 dB, CQI = 15
[0m[NR_PHY] RI = 2 i1 = 0.0.0, i2 = 0, SINR = 48 dB, CQI = 15
[0m[NR_PHY] RI = 2 i1 = 0.0.0, i2 = 0, SINR = 48 dB, CQI = 15
[0m[NR_PHY] RI = 2 i1 = 0.0.0, i2 = 0, SINR = 48 dB, CQI = 15
[0m[NR_PHY] RI = 2 i1 = 0.0.0, i2 = 0, SINR = 48 dB, CQI = 15
[0m[NR_PHY] RI = 2 i1 = 0.0.0, i2 = 0, SINR = 48 dB, CQI = 15
[0m[NR_PHY] RI = 2 i1 = 0.0.0, i2 = 0, SINR = 48 dB, CQI = 15
[0m[NR_PHY] RI = 2 i1 = 0.0.0, i2 = 0, SINR = 48 dB, CQI = 15
[0m[NR_PHY] RI = 2 i1 = 0.0.0, i2 = 0, SINR = 48 dB, CQI = 15
[0m[NR_PHY] RI = 2 i1 = 0.0.0, i2 = 0, SINR = 48 dB, CQI = 15
[0m[NR_PHY] RI = 2 i1 = 0.0.0, i2 = 0, SINR = 48 dB, CQI = 15
[0m[NR_PHY] RI = 2 i1 = 0.0.0, i2 = 0, SINR = 48 dB, CQI = 15
[0m[NR_MAC] UE 0 RNTI 3cc4 stats sfn: 768.2, cumulated bad DCI 0
    DL harq: 361/0
    UL harq: 7791/9 avg code rate 0.9, avg bit/symbol 5.9, avg per TB: (nb RBs 17.0, nb symbols 13.0)
[0m[NR_PHY] RI = 2 i1 = 0.0.0, i2 = 0, SINR = 48 dB, CQI = 15
[0m[NR_PHY] RI = 2 i1 = 0.0.0, i2 = 0, SINR = 48 dB, CQI = 15
[0m[NR_PHY] RI = 2 i1 = 0.0.0, i2 = 0, SINR = 48 dB, CQI = 15
[0m[NR_PHY] RI = 2 i1 = 0.0.0, i2 = 0, SINR = 48 dB, CQI = 15
[0m[NR_PHY] RI = 2 i1 = 0.0.0, i2 = 0, SINR = 48 dB, CQI = 15
[0m[NR_PHY] RI = 2 i1 = 0.0.0, i2 = 0, SINR = 48 dB, CQI = 15
[0m[1;31m[RLC]    2165 SDU rejected, SDU buffer full
[0m[NR_PHY] RI = 2 i1 = 0.0.0, i2 = 0, SINR = 48 dB, CQI = 15
[0m[NR_PHY] RI = 2 i1 = 0.0.0, i2 = 0, SINR = 48 dB, CQI = 15
[0m[NR_PHY] RI = 2 i1 = 0.0.0, i2 = 0, SINR = 48 dB, CQI = 15
[0m[NR_PHY] RI = 2 i1 = 0.0.0, i2 = 0, SINR = 48 dB, CQI = 15
[0m[NR_PHY] RI = 2 i1 = 0.0.0, i2 = 0, SINR = 48 dB, CQI = 15
[0m[NR_PHY] RI = 2 i1 = 0.0.0, i2 = 0, SINR = 48 dB, CQI = 15
[0m[NR_PHY] RI = 2 i1 = 0.0.0, i2 = 0, SINR = 48 dB, CQI = 15
[0m[NR_PHY] RI = 2 i1 = 0.0.0, i2 = 0, SINR = 48 dB, CQI = 15
[0m[NR_PHY] RI = 2 i1 = 0.0.0, i2 = 0, SINR = 48 dB, CQI = 15
[0m[NR_PHY] RI = 2 i1 = 0.0.0, i2 = 0, SINR = 48 dB, CQI = 15
[0m[NR_PHY] RI = 2 i1 = 0.0.0, i2 = 0, SINR = 48 dB, CQI = 15
[0m[NR_PHY] RI = 2 i1 = 0.0.0, i2 = 0, SINR = 48 dB, CQI = 15
[0m[NR_PHY] RI = 2 i1 = 0.0.0, i2 = 0, SINR = 48 dB, CQI = 15
[0m[NR_PHY] RI = 2 i1 = 0.0.0, i2 = 0, SINR = 48 dB, CQI = 15
[0m[NR_PHY] RI = 2 i1 = 0.0.0, i2 = 0, SINR = 48 dB, CQI = 15
[0m[NR_PHY] RI = 2 i1 = 0.0.0, i2 = 0, SINR = 48 dB, CQI = 15
[0m[NR_PHY] RI = 2 i1 = 0.0.0, i2 = 0, SINR = 48 dB, CQI = 15
[0m[NR_PHY] RI = 2 i1 = 0.0.0, i2 = 0, SINR = 48 dB, CQI = 15
[0m[NR_PHY] RI = 2 i1 = 0.0.0, i2 = 0, SINR = 48 dB, CQI = 15
[0m[NR_PHY] RI = 2 i1 = 0.0.0, i2 = 0, SINR = 48 dB, CQI = 15
[0m[NR_PHY] RI = 2 i1 = 0.0.0, i2 = 0, SINR = 48 dB, CQI = 15
[0m[NR_PHY] RI = 2 i1 = 0.0.0, i2 = 0, SINR = 48 dB, CQI = 15
[0m[NR_PHY] RI = 2 i1 = 0.0.0, i2 = 0, SINR = 48 dB, CQI = 15
[0m[NR_PHY] RI = 2 i1 = 0.0.0, i2 = 0, SINR = 48 dB, CQI = 15
[0m[NR_PHY] RI = 2 i1 = 0.0.0, i2 = 0, SINR = 48 dB, CQI = 15
[0m[NR_PHY] RI = 2 i1 = 0.0.0, i2 = 0, SINR = 48 dB, CQI = 15
[0m[NR_PHY] RI = 2 i1 = 0.0.0, i2 = 0, SINR = 48 dB, CQI = 15
[0m[NR_PHY] RI = 2 i1 = 0.0.0, i2 = 0, SINR = 48 dB, CQI = 15
[0m[NR_PHY] RI = 2 i1 = 0.0.0, i2 = 0, SINR = 48 dB, CQI = 15
[0m[NR_PHY] RI = 2 i1 = 0.0.0, i2 = 0, SINR = 48 dB, CQI = 15
[0m[NR_PHY] RI = 2 i1 = 0.0.0, i2 = 0, SINR = 48 dB, CQI = 15
[0m[NR_PHY] RI = 2 i1 = 0.0.0, i2 = 0, SINR = 48 dB, CQI = 15
[0m[NR_PHY] RI = 2 i1 = 0.0.0, i2 = 0, SINR = 48 dB, CQI = 15
[0m[NR_PHY] RI = 2 i1 = 0.0.0, i2 = 0, SINR = 48 dB, CQI = 15
[0m[NR_PHY] RI = 2 i1 = 0.0.0, i2 = 0, SINR = 48 dB, CQI = 15
[0m[NR_PHY] RI = 2 i1 = 0.0.0, i2 = 0, SINR = 48 dB, CQI = 15
[0m[NR_PHY] RI = 2 i1 = 0.0.0, i2 = 0, SINR = 48 dB, CQI = 15
[0m[NR_PHY] RI = 2 i1 = 0.0.0, i2 = 0, SINR = 48 dB, CQI = 15
[0m[NR_PHY] RI = 2 i1 = 0.0.0, i2 = 0, SINR = 48 dB, CQI = 15
[0m[NR_PHY] RI = 2 i1 = 0.0.0, i2 = 0, SINR = 48 dB, CQI = 15
[0m[NR_PHY] RI = 2 i1 = 0.0.0, i2 = 0, SINR = 48 dB, CQI = 15
[0m[NR_PHY] RI = 2 i1 = 0.0.0, i2 = 0, SINR = 48 dB, CQI = 15
[0m[NR_PHY] RI = 2 i1 = 0.0.0, i2 = 0, SINR = 48 dB, CQI = 15
[0m[NR_PHY] RI = 2 i1 = 0.0.0, i2 = 0, SINR = 48 dB, CQI = 15
[0m[NR_PHY] RI = 2 i1 = 0.0.0, i2 = 0, SINR = 48 dB, CQI = 15
[0m[NR_PHY] RI = 2 i1 = 0.0.0, i2 = 0, SINR = 48 dB, CQI = 15
[0m[NR_PHY] RI = 2 i1 = 0.0.0, i2 = 0, SINR = 48 dB, CQI = 15
[0m[NR_PHY] RI = 2 i1 = 0.0.0, i2 = 0, SINR = 48 dB, CQI = 15
[0m[NR_PHY] RI = 2 i1 = 0.0.0, i2 = 0, SINR = 48 dB, CQI = 15
[0m[NR_PHY] RI = 2 i1 = 0.0.0, i2 = 0, SINR = 48 dB, CQI = 15
[0m[1;31m[RLC]    2133 SDU rejected, SDU buffer full
[0m[NR_PHY] RI = 2 i1 = 0.0.0, i2 = 0, SINR = 48 dB, CQI = 15
[0m[NR_PHY] RI = 2 i1 = 0.0.0, i2 = 0, SINR = 48 dB, CQI = 15
[0m[NR_PHY] RI = 2 i1 = 0.0.0, i2 = 0, SINR = 48 dB, CQI = 15
[0m[NR_PHY] RI = 2 i1 = 0.0.0, i2 = 0, SINR = 48 dB, CQI = 15
[0m[NR_PHY] RI = 2 i1 = 0.0.0, i2 = 0, SINR = 48 dB, CQI = 15
[0m[NR_PHY] RI = 2 i1 = 0.0.0, i2 = 0, SINR = 48 dB, CQI = 15
[0m[NR_PHY] RI = 2 i1 = 0.0.0, i2 = 0, SINR = 48 dB, CQI = 15
[0m[NR_PHY] RI = 2 i1 = 0.0.0, i2 = 0, SINR = 48 dB, CQI = 15
[0m[NR_MAC] UE 0 RNTI 3cc4 stats sfn: 896.2, cumulated bad DCI 0
    DL harq: 383/0
    UL harq: 8303/9 avg code rate 0.9, avg bit/symbol 5.9, avg per TB: (nb RBs 17.0, nb symbols 13.0)
[0m[NR_PHY] RI = 2 i1 = 0.0.0, i2 = 0, SINR = 48 dB, CQI = 15
[0m[NR_PHY] RI = 2 i1 = 0.0.0, i2 = 0, SINR = 48 dB, CQI = 15
[0m[NR_PHY] RI = 2 i1 = 0.0.0, i2 = 0, SINR = 48 dB, CQI = 15
[0m[NR_PHY] RI = 2 i1 = 0.0.0, i2 = 0, SINR = 48 dB, CQI = 15
[0m[NR_PHY] RI = 2 i1 = 0.0.0, i2 = 0, SINR = 48 dB, CQI = 15
[0m[NR_PHY] RI = 2 i1 = 0.0.0, i2 = 0, SINR = 48 dB, CQI = 15
[0m[NR_PHY] RI = 2 i1 = 0.0.0, i2 = 0, SINR = 48 dB, CQI = 15
[0m[NR_PHY] RI = 2 i1 = 0.0.0, i2 = 0, SINR = 48 dB, CQI = 15
[0m[NR_PHY] RI = 2 i1 = 0.0.0, i2 = 0, SINR = 48 dB, CQI = 15
[0m[NR_PHY] RI = 2 i1 = 0.0.0, i2 = 0, SINR = 48 dB, CQI = 15
[0m[NR_PHY] RI = 2 i1 = 0.0.0, i2 = 0, SINR = 48 dB, CQI = 15
[0m[NR_PHY] RI = 2 i1 = 0.0.0, i2 = 0, SINR = 48 dB, CQI = 15
[0m[NR_PHY] RI = 2 i1 = 0.0.0, i2 = 0, SINR = 48 dB, CQI = 15
[0m[NR_PHY] RI = 2 i1 = 0.0.0, i2 = 0, SINR = 48 dB, CQI = 15
[0m[NR_PHY] RI = 2 i1 = 0.0.0, i2 = 0, SINR = 48 dB, CQI = 15
[0m[NR_PHY] RI = 2 i1 = 0.0.0, i2 = 0, SINR = 48 dB, CQI = 15
[0m[NR_PHY] RI = 2 i1 = 0.0.0, i2 = 0, SINR = 48 dB, CQI = 15
[0m[NR_PHY] RI = 2 i1 = 0.0.0, i2 = 0, SINR = 48 dB, CQI = 15
[0m[NR_PHY] RI = 2 i1 = 0.0.0, i2 = 0, SINR = 48 dB, CQI = 15
[0m[NR_PHY] RI = 2 i1 = 0.0.0, i2 = 0, SINR = 48 dB, CQI = 15
[0m[NR_PHY] RI = 2 i1 = 0.0.0, i2 = 0, SINR = 48 dB, CQI = 15
[0m[NR_PHY] RI = 2 i1 = 0.0.0, i2 = 0, SINR = 48 dB, CQI = 15
[0m[NR_PHY] RI = 2 i1 = 0.0.0, i2 = 0, SINR = 48 dB, CQI = 15
[0m[NR_PHY] RI = 2 i1 = 0.0.0, i2 = 0, SINR = 48 dB, CQI = 15
[0m[NR_PHY] RI = 2 i1 = 0.0.0, i2 = 0, SINR = 48 dB, CQI = 15
[0m[NR_PHY] RI = 2 i1 = 0.0.0, i2 = 0, SINR = 48 dB, CQI = 15
[0m[NR_PHY] RI = 2 i1 = 0.0.0, i2 = 0, SINR = 48 dB, CQI = 15
[0m[NR_PHY] RI = 2 i1 = 0.0.0, i2 = 0, SINR = 48 dB, CQI = 15
[0m[NR_PHY] RI = 2 i1 = 0.0.0, i2 = 0, SINR = 48 dB, CQI = 15
[0m[NR_PHY] RI = 2 i1 = 0.0.0, i2 = 0, SINR = 48 dB, CQI = 15
[0m[NR_PHY] RI = 2 i1 = 0.0.0, i2 = 0, SINR = 48 dB, CQI = 15
[0m[NR_PHY] RI = 2 i1 = 0.0.0, i2 = 0, SINR = 48 dB, CQI = 15
[0m[NR_PHY] RI = 2 i1 = 0.0.0, i2 = 0, SINR = 48 dB, CQI = 15
[0m[NR_PHY] RI = 2 i1 = 0.0.0, i2 = 0, SINR = 48 dB, CQI = 15
[0m[NR_PHY] RI = 2 i1 = 0.0.0, i2 = 0, SINR = 48 dB, CQI = 15
[0m[NR_PHY] RI = 2 i1 = 0.0.0, i2 = 0, SINR = 48 dB, CQI = 15
[0m[NR_PHY] RI = 2 i1 = 0.0.0, i2 = 0, SINR = 48 dB, CQI = 15
[0m[NR_PHY] RI = 2 i1 = 0.0.0, i2 = 0, SINR = 48 dB, CQI = 15
[0m[NR_PHY] RI = 2 i1 = 0.0.0, i2 = 0, SINR = 48 dB, CQI = 15
[0m[NR_PHY] RI = 2 i1 = 0.0.0, i2 = 0, SINR = 48 dB, CQI = 15
[0m[NR_PHY] RI = 2 i1 = 0.0.0, i2 = 0, SINR = 48 dB, CQI = 15
[0m[NR_PHY] RI = 2 i1 = 0.0.0, i2 = 0, SINR = 48 dB, CQI = 15
[0m[1;31m[RLC]    2162 SDU rejected, SDU buffer full
[0m[NR_PHY] RI = 2 i1 = 0.0.0, i2 = 0, SINR = 48 dB, CQI = 15
[0m[NR_PHY] RI = 2 i1 = 0.0.0, i2 = 0, SINR = 48 dB, CQI = 15
[0m[NR_PHY] RI = 2 i1 = 0.0.0, i2 = 0, SINR = 48 dB, CQI = 15
[0m[NR_PHY] RI = 2 i1 = 0.0.0, i2 = 0, SINR = 48 dB, CQI = 15
[0m[NR_PHY] RI = 2 i1 = 0.0.0, i2 = 0, SINR = 48 dB, CQI = 15
[0m[NR_PHY] RI = 2 i1 = 0.0.0, i2 = 0, SINR = 48 dB, CQI = 15
[0m[NR_PHY] RI = 2 i1 = 0.0.0, i2 = 0, SINR = 48 dB, CQI = 15
[0m[NR_PHY] RI = 2 i1 = 0.0.0, i2 = 0, SINR = 48 dB, CQI = 15
[0m[NR_PHY] RI = 2 i1 = 0.0.0, i2 = 0, SINR = 48 dB, CQI = 15
[0m[NR_PHY] RI = 2 i1 = 0.0.0, i2 = 0, SINR = 48 dB, CQI = 15
[0m[NR_PHY] RI = 2 i1 = 0.0.0, i2 = 0, SINR = 48 dB, CQI = 15
[0m[NR_PHY] RI = 2 i1 = 0.0.0, i2 = 0, SINR = 48 dB, CQI = 15
[0m[NR_PHY] RI = 2 i1 = 0.0.0, i2 = 0, SINR = 48 dB, CQI = 15
[0m[NR_PHY] RI = 2 i1 = 0.0.0, i2 = 0, SINR = 48 dB, CQI = 15
[0m[NR_PHY] RI = 2 i1 = 0.0.0, i2 = 0, SINR = 48 dB, CQI = 15
[0m[NR_PHY] RI = 2 i1 = 0.0.0, i2 = 0, SINR = 48 dB, CQI = 15
[0m[NR_PHY] RI = 2 i1 = 0.0.0, i2 = 0, SINR = 48 dB, CQI = 15
[0m[NR_PHY] RI = 2 i1 = 0.0.0, i2 = 0, SINR = 48 dB, CQI = 15
[0m[NR_PHY] RI = 2 i1 = 0.0.0, i2 = 0, SINR = 48 dB, CQI = 15
[0m[NR_PHY] RI = 2 i1 = 0.0.0, i2 = 0, SINR = 48 dB, CQI = 15
[0m[NR_PHY] RI = 2 i1 = 0.0.0, i2 = 0, SINR = 48 dB, CQI = 15
[0m[NR_PHY] RI = 2 i1 = 0.0.0, i2 = 0, SINR = 48 dB, CQI = 15
[0m[NR_MAC] UE 0 RNTI 3cc4 stats sfn: 0.2, cumulated bad DCI 0
    DL harq: 405/0
    UL harq: 8815/9 avg code rate 0.9, avg bit/symbol 5.9, avg per TB: (nb RBs 17.0, nb symbols 13.0)
[0m[NR_PHY] RI = 2 i1 = 0.0.0, i2 = 0, SINR = 48 dB, CQI = 15
[0m[NR_PHY] RI = 2 i1 = 0.0.0, i2 = 0, SINR = 48 dB, CQI = 15
[0m[NR_PHY] RI = 2 i1 = 0.0.0, i2 = 0, SINR = 48 dB, CQI = 15
[0m[NR_PHY] RI = 2 i1 = 0.0.0, i2 = 0, SINR = 48 dB, CQI = 15
[0m[NR_PHY] RI = 2 i1 = 0.0.0, i2 = 0, SINR = 48 dB, CQI = 15
[0m[NR_PHY] RI = 2 i1 = 0.0.0, i2 = 0, SINR = 48 dB, CQI = 15
[0m[NR_PHY] RI = 2 i1 = 0.0.0, i2 = 0, SINR = 48 dB, CQI = 15
[0m[NR_PHY] RI = 2 i1 = 0.0.0, i2 = 0, SINR = 48 dB, CQI = 15
[0m[NR_PHY] RI = 2 i1 = 0.0.0, i2 = 0, SINR = 48 dB, CQI = 15
[0m[NR_PHY] RI = 2 i1 = 0.0.0, i2 = 0, SINR = 48 dB, CQI = 15
[0m[NR_PHY] RI = 2 i1 = 0.0.0, i2 = 0, SINR = 48 dB, CQI = 15
[0m[NR_PHY] RI = 2 i1 = 0.0.0, i2 = 0, SINR = 48 dB, CQI = 15
[0m[NR_PHY] RI = 2 i1 = 0.0.0, i2 = 0, SINR = 48 dB, CQI = 15
[0m[NR_PHY] RI = 2 i1 = 0.0.0, i2 = 0, SINR = 48 dB, CQI = 15
[0m[NR_PHY] RI = 2 i1 = 0.0.0, i2 = 0, SINR = 48 dB, CQI = 15
[0m[NR_PHY] RI = 2 i1 = 0.0.0, i2 = 0, SINR = 48 dB, CQI = 15
[0m[NR_PHY] RI = 2 i1 = 0.0.0, i2 = 0, SINR = 48 dB, CQI = 15
[0m[NR_PHY] RI = 2 i1 = 0.0.0, i2 = 0, SINR = 48 dB, CQI = 15
[0m[NR_PHY] RI = 2 i1 = 0.0.0, i2 = 0, SINR = 48 dB, CQI = 15
[0m[NR_PHY] RI = 2 i1 = 0.0.0, i2 = 0, SINR = 48 dB, CQI = 15
[0m[NR_PHY] RI = 2 i1 = 0.0.0, i2 = 0, SINR = 48 dB, CQI = 15
[0m[NR_PHY] RI = 2 i1 = 0.0.0, i2 = 0, SINR = 48 dB, CQI = 15
[0m[NR_PHY] RI = 2 i1 = 0.0.0, i2 = 0, SINR = 48 dB, CQI = 15
[0m[NR_PHY] RI = 2 i1 = 0.0.0, i2 = 0, SINR = 48 dB, CQI = 15
[0m[NR_PHY] RI = 2 i1 = 0.0.0, i2 = 0, SINR = 48 dB, CQI = 15
[0m[NR_PHY] RI = 2 i1 = 0.0.0, i2 = 0, SINR = 48 dB, CQI = 15
[0m[NR_PHY] RI = 2 i1 = 0.0.0, i2 = 0, SINR = 48 dB, CQI = 15
[0m[NR_PHY] RI = 2 i1 = 0.0.0, i2 = 0, SINR = 48 dB, CQI = 15
[0m[1;31m[RLC]    2149 SDU rejected, SDU buffer full
[0m[NR_PHY] RI = 2 i1 = 0.0.0, i2 = 0, SINR = 48 dB, CQI = 15
[0m[NR_PHY] RI = 2 i1 = 0.0.0, i2 = 0, SINR = 48 dB, CQI = 15
[0m[NR_PHY] RI = 2 i1 = 0.0.0, i2 = 0, SINR = 48 dB, CQI = 15
[0m[NR_PHY] RI = 2 i1 = 0.0.0, i2 = 0, SINR = 48 dB, CQI = 15
[0m[NR_PHY] RI = 2 i1 = 0.0.0, i2 = 0, SINR = 48 dB, CQI = 15
[0m[NR_PHY] RI = 2 i1 = 0.0.0, i2 = 0, SINR = 48 dB, CQI = 15
[0m[NR_PHY] RI = 2 i1 = 0.0.0, i2 = 0, SINR = 48 dB, CQI = 15
[0m[NR_PHY] RI = 2 i1 = 0.0.0, i2 = 0, SINR = 48 dB, CQI = 15
[0m[NR_PHY] RI = 2 i1 = 0.0.0, i2 = 0, SINR = 48 dB, CQI = 15
[0m[NR_PHY] RI = 2 i1 = 0.0.0, i2 = 0, SINR = 48 dB, CQI = 15
[0m[NR_PHY] RI = 2 i1 = 0.0.0, i2 = 0, SINR = 48 dB, CQI = 15
[0m[NR_PHY] RI = 2 i1 = 0.0.0, i2 = 0, SINR = 48 dB, CQI = 15
[0m[NR_PHY] RI = 2 i1 = 0.0.0, i2 = 0, SINR = 48 dB, CQI = 15
[0m[NR_PHY] RI = 2 i1 = 0.0.0, i2 = 0, SINR = 48 dB, CQI = 15
[0m[NR_PHY] RI = 2 i1 = 0.0.0, i2 = 0, SINR = 48 dB, CQI = 15
[0m[NR_PHY] RI = 2 i1 = 0.0.0, i2 = 0, SINR = 48 dB, CQI = 15
[0m[NR_PHY] RI = 2 i1 = 0.0.0, i2 = 0, SINR = 48 dB, CQI = 15
[0m[NR_PHY] RI = 2 i1 = 0.0.0, i2 = 0, SINR = 48 dB, CQI = 15
[0m[NR_PHY] RI = 2 i1 = 0.0.0, i2 = 0, SINR = 48 dB, CQI = 15
[0m[NR_PHY] RI = 2 i1 = 0.0.0, i2 = 0, SINR = 48 dB, CQI = 15
[0m[NR_PHY] RI = 2 i1 = 0.0.0, i2 = 0, SINR = 48 dB, CQI = 15
[0m[NR_PHY] RI = 2 i1 = 0.0.0, i2 = 0, SINR = 48 dB, CQI = 15
[0m[NR_PHY] RI = 2 i1 = 0.0.0, i2 = 0, SINR = 48 dB, CQI = 15
[0m[NR_PHY] RI = 2 i1 = 0.0.0, i2 = 0, SINR = 48 dB, CQI = 15
[0m[NR_PHY] RI = 2 i1 = 0.0.0, i2 = 0, SINR = 48 dB, CQI = 15
[0m[NR_PHY] RI = 2 i1 = 0.0.0, i2 = 0, SINR = 48 dB, CQI = 15
[0m[NR_PHY] RI = 2 i1 = 0.0.0, i2 = 0, SINR = 48 dB, CQI = 15
[0m[NR_PHY] RI = 2 i1 = 0.0.0, i2 = 0, SINR = 48 dB, CQI = 15
[0m[NR_PHY] RI = 2 i1 = 0.0.0, i2 = 0, SINR = 48 dB, CQI = 15
[0m[NR_PHY] RI = 2 i1 = 0.0.0, i2 = 0, SINR = 48 dB, CQI = 15
[0m[NR_PHY] RI = 2 i1 = 0.0.0, i2 = 0, SINR = 48 dB, CQI = 15
[0m[NR_PHY] RI = 2 i1 = 0.0.0, i2 = 0, SINR = 48 dB, CQI = 15
[0m[NR_PHY] RI = 2 i1 = 0.0.0, i2 = 0, SINR = 48 dB, CQI = 15
[0m[NR_PHY] RI = 2 i1 = 0.0.0, i2 = 0, SINR = 48 dB, CQI = 15
[0m[NR_PHY] RI = 2 i1 = 0.0.0, i2 = 0, SINR = 48 dB, CQI = 15
[0m[NR_PHY] RI = 2 i1 = 0.0.0, i2 = 0, SINR = 48 dB, CQI = 15
[0m[NR_MAC] UE 0 RNTI 3cc4 stats sfn: 128.2, cumulated bad DCI 0
    DL harq: 427/0
    UL harq: 9327/9 avg code rate 0.9, avg bit/symbol 5.9, avg per TB: (nb RBs 17.0, nb symbols 13.0)
[0m[NR_PHY] RI = 2 i1 = 0.0.0, i2 = 0, SINR = 48 dB, CQI = 15
[0m[NR_PHY] RI = 2 i1 = 0.0.0, i2 = 0, SINR = 48 dB, CQI = 15
[0m[NR_PHY] RI = 2 i1 = 0.0.0, i2 = 0, SINR = 48 dB, CQI = 15
[0m[NR_PHY] RI = 2 i1 = 0.0.0, i2 = 0, SINR = 48 dB, CQI = 15
[0m[NR_PHY] RI = 2 i1 = 0.0.0, i2 = 0, SINR = 48 dB, CQI = 15
[0m[NR_PHY] RI = 2 i1 = 0.0.0, i2 = 0, SINR = 48 dB, CQI = 15
[0m[NR_PHY] RI = 2 i1 = 0.0.0, i2 = 0, SINR = 48 dB, CQI = 15
[0m[NR_PHY] RI = 2 i1 = 0.0.0, i2 = 0, SINR = 48 dB, CQI = 15
[0m[NR_PHY] RI = 2 i1 = 0.0.0, i2 = 0, SINR = 48 dB, CQI = 15
[0m[NR_PHY] RI = 2 i1 = 0.0.0, i2 = 0, SINR = 48 dB, CQI = 15
[0m[NR_PHY] RI = 2 i1 = 0.0.0, i2 = 0, SINR = 48 dB, CQI = 15
[0m[NR_PHY] RI = 2 i1 = 0.0.0, i2 = 0, SINR = 48 dB, CQI = 15
[0m[NR_PHY] RI = 2 i1 = 0.0.0, i2 = 0, SINR = 48 dB, CQI = 15
[0m[NR_PHY] RI = 2 i1 = 0.0.0, i2 = 0, SINR = 0 dB, CQI = 0
[0m[1;31m[RLC]    2159 SDU rejected, SDU buffer full
[0m[NR_PHY] RI = 2 i1 = 0.0.0, i2 = 0, SINR = 48 dB, CQI = 15
[0m[NR_PHY] RI = 2 i1 = 0.0.0, i2 = 0, SINR = 48 dB, CQI = 15
[0m[NR_PHY] RI = 2 i1 = 0.0.0, i2 = 0, SINR = 48 dB, CQI = 15
[0m[NR_PHY] RI = 2 i1 = 0.0.0, i2 = 0, SINR = 48 dB, CQI = 15
[0m[NR_PHY] RI = 2 i1 = 0.0.0, i2 = 0, SINR = 48 dB, CQI = 15
[0m[NR_PHY] RI = 2 i1 = 0.0.0, i2 = 0, SINR = 48 dB, CQI = 15
[0m[NR_PHY] RI = 2 i1 = 0.0.0, i2 = 0, SINR = 48 dB, CQI = 15
[0m[NR_PHY] RI = 2 i1 = 0.0.0, i2 = 0, SINR = 48 dB, CQI = 15
[0m[NR_PHY] RI = 2 i1 = 0.0.0, i2 = 0, SINR = 48 dB, CQI = 15
[0m[NR_PHY] RI = 2 i1 = 0.0.0, i2 = 0, SINR = 48 dB, CQI = 15
[0m[NR_PHY] RI = 2 i1 = 0.0.0, i2 = 0, SINR = 48 dB, CQI = 15
[0m[NR_PHY] RI = 2 i1 = 0.0.0, i2 = 0, SINR = 48 dB, CQI = 15
[0m[NR_PHY] RI = 2 i1 = 0.0.0, i2 = 0, SINR = 48 dB, CQI = 15
[0m[NR_PHY] RI = 2 i1 = 0.0.0, i2 = 0, SINR = 48 dB, CQI = 15
[0m[NR_PHY] RI = 2 i1 = 0.0.0, i2 = 0, SINR = 48 dB, CQI = 15
[0m[NR_PHY] RI = 2 i1 = 0.0.0, i2 = 0, SINR = 48 dB, CQI = 15
[0m[NR_PHY] RI = 2 i1 = 0.0.0, i2 = 0, SINR = 48 dB, CQI = 15
[0m[NR_PHY] RI = 2 i1 = 0.0.0, i2 = 0, SINR = 48 dB, CQI = 15
[0m[NR_PHY] RI = 2 i1 = 0.0.0, i2 = 0, SINR = 48 dB, CQI = 15
[0m[NR_PHY] RI = 2 i1 = 0.0.0, i2 = 0, SINR = 48 dB, CQI = 15
[0m[NR_PHY] RI = 2 i1 = 0.0.0, i2 = 0, SINR = 48 dB, CQI = 15
[0m[NR_PHY] RI = 2 i1 = 0.0.0, i2 = 0, SINR = 48 dB, CQI = 15
[0m[NR_PHY] RI = 2 i1 = 0.0.0, i2 = 0, SINR = 48 dB, CQI = 15
[0m[NR_PHY] RI = 2 i1 = 0.0.0, i2 = 0, SINR = 48 dB, CQI = 15
[0m[NR_PHY] RI = 2 i1 = 0.0.0, i2 = 0, SINR = 48 dB, CQI = 15
[0m[NR_PHY] RI = 2 i1 = 0.0.0, i2 = 0, SINR = 48 dB, CQI = 15
[0m[NR_PHY] RI = 2 i1 = 0.0.0, i2 = 0, SINR = 48 dB, CQI = 15
[0m[NR_PHY] RI = 2 i1 = 0.0.0, i2 = 0, SINR = 48 dB, CQI = 15
[0m[NR_PHY] RI = 2 i1 = 0.0.0, i2 = 0, SINR = 48 dB, CQI = 15
[0m[NR_PHY] RI = 2 i1 = 0.0.0, i2 = 0, SINR = 48 dB, CQI = 15
[0m[NR_PHY] RI = 2 i1 = 0.0.0, i2 = 0, SINR = 48 dB, CQI = 15
[0m[NR_PHY] RI = 2 i1 = 0.0.0, i2 = 0, SINR = 48 dB, CQI = 15
[0m[NR_PHY] RI = 2 i1 = 0.0.0, i2 = 0, SINR = 48 dB, CQI = 15
[0m[NR_PHY] RI = 2 i1 = 0.0.0, i2 = 0, SINR = 48 dB, CQI = 15
[0m[NR_PHY] RI = 2 i1 = 0.0.0, i2 = 0, SINR = 48 dB, CQI = 15
[0m[NR_PHY] RI = 2 i1 = 0.0.0, i2 = 0, SINR = 48 dB, CQI = 15
[0m[NR_PHY] RI = 2 i1 = 0.0.0, i2 = 0, SINR = 48 dB, CQI = 15
[0m[NR_PHY] RI = 2 i1 = 0.0.0, i2 = 0, SINR = 48 dB, CQI = 15
[0m[NR_PHY] RI = 2 i1 = 0.0.0, i2 = 0, SINR = 48 dB, CQI = 15
[0m[NR_PHY] RI = 2 i1 = 0.0.0, i2 = 0, SINR = 48 dB, CQI = 15
[0m[NR_PHY] RI = 2 i1 = 0.0.0, i2 = 0, SINR = 48 dB, CQI = 15
[0m[NR_PHY] RI = 2 i1 = 0.0.0, i2 = 0, SINR = 48 dB, CQI = 15
[0m[NR_PHY] RI = 2 i1 = 0.0.0, i2 = 0, SINR = 48 dB, CQI = 15
[0m[NR_PHY] RI = 2 i1 = 0.0.0, i2 = 0, SINR = 48 dB, CQI = 15
[0m[NR_PHY] RI = 2 i1 = 0.0.0, i2 = 0, SINR = 48 dB, CQI = 15
[0m[NR_PHY] RI = 2 i1 = 0.0.0, i2 = 0, SINR = 48 dB, CQI = 15
[0m[NR_PHY] RI = 2 i1 = 0.0.0, i2 = 0, SINR = 48 dB, CQI = 15
[0m[NR_PHY] RI = 2 i1 = 0.0.0, i2 = 0, SINR = 48 dB, CQI = 15
[0m[NR_PHY] RI = 2 i1 = 0.0.0, i2 = 0, SINR = 48 dB, CQI = 15
[0m[NR_PHY] RI = 2 i1 = 0.0.0, i2 = 0, SINR = 48 dB, CQI = 15
[0m[NR_MAC] UE 0 RNTI 3cc4 stats sfn: 256.2, cumulated bad DCI 0
    DL harq: 450/0
    UL harq: 9837/10 avg code rate 0.9, avg bit/symbol 5.9, avg per TB: (nb RBs 17.0, nb symbols 13.0)
[0m[1;31m[RLC]    2165 SDU rejected, SDU buffer full
[0m[NR_PHY] RI = 2 i1 = 0.0.0, i2 = 0, SINR = 48 dB, CQI = 15
[0m[NR_PHY] RI = 2 i1 = 0.0.0, i2 = 0, SINR = 48 dB, CQI = 15
[0m[NR_PHY] RI = 2 i1 = 0.0.0, i2 = 0, SINR = 48 dB, CQI = 15
[0m[NR_PHY] RI = 2 i1 = 0.0.0, i2 = 0, SINR = 48 dB, CQI = 15
[0m[NR_PHY] RI = 2 i1 = 0.0.0, i2 = 0, SINR = 48 dB, CQI = 15
[0m[NR_PHY] RI = 2 i1 = 0.0.0, i2 = 0, SINR = 48 dB, CQI = 15
[0m[NR_PHY] RI = 2 i1 = 0.0.0, i2 = 0, SINR = 48 dB, CQI = 15
[0m[NR_PHY] RI = 2 i1 = 0.0.0, i2 = 0, SINR = 48 dB, CQI = 15
[0m[NR_PHY] RI = 2 i1 = 0.0.0, i2 = 0, SINR = 48 dB, CQI = 15
[0m[NR_PHY] RI = 2 i1 = 0.0.0, i2 = 0, SINR = 48 dB, CQI = 15
[0m[NR_PHY] RI = 2 i1 = 0.0.0, i2 = 0, SINR = 48 dB, CQI = 15
[0m[NR_PHY] RI = 2 i1 = 0.0.0, i2 = 0, SINR = 48 dB, CQI = 15
[0m[NR_PHY] RI = 2 i1 = 0.0.0, i2 = 0, SINR = 48 dB, CQI = 15
[0m[NR_PHY] RI = 2 i1 = 0.0.0, i2 = 0, SINR = 48 dB, CQI = 15
[0m[NR_PHY] RI = 2 i1 = 0.0.0, i2 = 0, SINR = 48 dB, CQI = 15
[0m[NR_PHY] RI = 2 i1 = 0.0.0, i2 = 0, SINR = 48 dB, CQI = 15
[0m[NR_PHY] RI = 2 i1 = 0.0.0, i2 = 0, SINR = 48 dB, CQI = 15
[0m[NR_PHY] RI = 2 i1 = 0.0.0, i2 = 0, SINR = 48 dB, CQI = 15
[0m[NR_PHY] RI = 2 i1 = 0.0.0, i2 = 0, SINR = 48 dB, CQI = 15
[0m[NR_PHY] RI = 2 i1 = 0.0.0, i2 = 0, SINR = 48 dB, CQI = 15
[0m[NR_PHY] RI = 2 i1 = 0.0.0, i2 = 0, SINR = 48 dB, CQI = 15
[0m[NR_PHY] RI = 2 i1 = 0.0.0, i2 = 0, SINR = 48 dB, CQI = 15
[0m[NR_PHY] RI = 2 i1 = 0.0.0, i2 = 0, SINR = 48 dB, CQI = 15
[0m[NR_PHY] RI = 2 i1 = 0.0.0, i2 = 0, SINR = 48 dB, CQI = 15
[0m[NR_PHY] RI = 2 i1 = 0.0.0, i2 = 0, SINR = 48 dB, CQI = 15
[0m[NR_PHY] RI = 2 i1 = 0.0.0, i2 = 0, SINR = 48 dB, CQI = 15
[0m[NR_PHY] RI = 2 i1 = 0.0.0, i2 = 0, SINR = 48 dB, CQI = 15
[0m[NR_PHY] RI = 2 i1 = 0.0.0, i2 = 0, SINR = 48 dB, CQI = 15
[0m[NR_PHY] RI = 2 i1 = 0.0.0, i2 = 0, SINR = 48 dB, CQI = 15
[0m[NR_PHY] RI = 2 i1 = 0.0.0, i2 = 0, SINR = 48 dB, CQI = 15
[0m[NR_PHY] RI = 2 i1 = 0.0.0, i2 = 0, SINR = 48 dB, CQI = 15
[0m[NR_PHY] RI = 2 i1 = 0.0.0, i2 = 0, SINR = 48 dB, CQI = 15
[0m[NR_PHY] RI = 2 i1 = 0.0.0, i2 = 0, SINR = 48 dB, CQI = 15
[0m[NR_PHY] RI = 2 i1 = 0.0.0, i2 = 0, SINR = 48 dB, CQI = 15
[0m[NR_PHY] RI = 2 i1 = 0.0.0, i2 = 0, SINR = 48 dB, CQI = 15
[0m[NR_PHY] RI = 2 i1 = 0.0.0, i2 = 0, SINR = 48 dB, CQI = 15
[0m[NR_PHY] RI = 2 i1 = 0.0.0, i2 = 0, SINR = 48 dB, CQI = 15
[0m[NR_PHY] RI = 2 i1 = 0.0.0, i2 = 0, SINR = 48 dB, CQI = 15
[0m[NR_PHY] RI = 2 i1 = 0.0.0, i2 = 0, SINR = 48 dB, CQI = 15
[0m[NR_PHY] RI = 2 i1 = 0.0.0, i2 = 0, SINR = 48 dB, CQI = 15
[0m[NR_PHY] RI = 2 i1 = 0.0.0, i2 = 0, SINR = 48 dB, CQI = 15
[0m[NR_PHY] RI = 2 i1 = 0.0.0, i2 = 0, SINR = 48 dB, CQI = 15
[0m[NR_PHY] RI = 2 i1 = 0.0.0, i2 = 0, SINR = 48 dB, CQI = 15
[0m[NR_PHY] RI = 2 i1 = 0.0.0, i2 = 0, SINR = 48 dB, CQI = 15
[0m[NR_PHY] RI = 2 i1 = 0.0.0, i2 = 0, SINR = 48 dB, CQI = 15
[0m[NR_PHY] RI = 2 i1 = 0.0.0, i2 = 0, SINR = 48 dB, CQI = 15
[0m[NR_PHY] RI = 2 i1 = 0.0.0, i2 = 0, SINR = 48 dB, CQI = 15
[0m[NR_PHY] RI = 2 i1 = 0.0.0, i2 = 0, SINR = 48 dB, CQI = 15
[0m[NR_PHY] RI = 2 i1 = 0.0.0, i2 = 0, SINR = 48 dB, CQI = 15
[0m[NR_PHY] RI = 2 i1 = 0.0.0, i2 = 0, SINR = 48 dB, CQI = 15
[0m[NR_PHY] RI = 2 i1 = 0.0.0, i2 = 0, SINR = 48 dB, CQI = 15
[0m[NR_PHY] RI = 2 i1 = 0.0.0, i2 = 0, SINR = 48 dB, CQI = 15
[0m[NR_PHY] RI = 2 i1 = 0.0.0, i2 = 0, SINR = 48 dB, CQI = 15
[0m[NR_PHY] RI = 2 i1 = 0.0.0, i2 = 0, SINR = 48 dB, CQI = 15
[0m[NR_PHY] RI = 2 i1 = 0.0.0, i2 = 0, SINR = 48 dB, CQI = 15
[0m[1;31m[RLC]    1362 SDU rejected, SDU buffer full
[0m[NR_PHY] RI = 2 i1 = 0.0.0, i2 = 0, SINR = 48 dB, CQI = 15
[0m[NR_PHY] RI = 2 i1 = 0.0.0, i2 = 0, SINR = 48 dB, CQI = 15
[0m[NR_PHY] RI = 2 i1 = 0.0.0, i2 = 0, SINR = 48 dB, CQI = 15
[0m[NR_PHY] RI = 2 i1 = 0.0.0, i2 = 0, SINR = 48 dB, CQI = 15
[0m[NR_PHY] RI = 2 i1 = 0.0.0, i2 = 0, SINR = 48 dB, CQI = 15
[0m[NR_PHY] RI = 2 i1 = 0.0.0, i2 = 0, SINR = 48 dB, CQI = 15
[0m[NR_PHY] RI = 2 i1 = 0.0.0, i2 = 0, SINR = 48 dB, CQI = 15
[0m[NR_PHY] RI = 2 i1 = 0.0.0, i2 = 0, SINR = 48 dB, CQI = 15
[0m[NR_PHY] RI = 2 i1 = 0.0.0, i2 = 0, SINR = 48 dB, CQI = 15
[0m[NR_MAC] UE 0 RNTI 3cc4 stats sfn: 384.2, cumulated bad DCI 0
    DL harq: 472/0
    UL harq: 10347/11 avg code rate 0.9, avg bit/symbol 5.9, avg per TB: (nb RBs 17.0, nb symbols 13.0)
[0m[NR_PHY] RI = 2 i1 = 0.0.0, i2 = 0, SINR = 48 dB, CQI = 15
[0m[NR_PHY] RI = 2 i1 = 0.0.0, i2 = 0, SINR = 48 dB, CQI = 15
[0m[NR_PHY] RI = 2 i1 = 0.0.0, i2 = 0, SINR = 48 dB, CQI = 15
[0m[NR_PHY] RI = 2 i1 = 0.0.0, i2 = 0, SINR = 48 dB, CQI = 15
[0m[NR_PHY] RI = 2 i1 = 0.0.0, i2 = 0, SINR = 48 dB, CQI = 15
[0m[NR_PHY] RI = 2 i1 = 0.0.0, i2 = 0, SINR = 48 dB, CQI = 15
[0m[NR_PHY] RI = 2 i1 = 0.0.0, i2 = 0, SINR = 48 dB, CQI = 15
[0m[NR_PHY] RI = 2 i1 = 0.0.0, i2 = 0, SINR = 48 dB, CQI = 15
[0m[NR_PHY] RI = 2 i1 = 0.0.0, i2 = 0, SINR = 48 dB, CQI = 15
[0m[NR_PHY] RI = 2 i1 = 0.0.0, i2 = 0, SINR = 48 dB, CQI = 15
[0m[NR_PHY] RI = 2 i1 = 0.0.0, i2 = 0, SINR = 48 dB, CQI = 15
[0m[NR_PHY] RI = 2 i1 = 0.0.0, i2 = 0, SINR = 48 dB, CQI = 15
[0m[NR_PHY] RI = 2 i1 = 0.0.0, i2 = 0, SINR = 48 dB, CQI = 15
[0m[NR_PHY] RI = 2 i1 = 0.0.0, i2 = 0, SINR = 48 dB, CQI = 15
[0m[NR_PHY] RI = 2 i1 = 0.0.0, i2 = 0, SINR = 48 dB, CQI = 15
[0m[NR_PHY] RI = 2 i1 = 0.0.0, i2 = 0, SINR = 48 dB, CQI = 15
[0m[NR_PHY] RI = 2 i1 = 0.0.0, i2 = 0, SINR = 48 dB, CQI = 15
[0m[NR_PHY] RI = 2 i1 = 0.0.0, i2 = 0, SINR = 48 dB, CQI = 15
[0m[NR_PHY] RI = 2 i1 = 0.0.0, i2 = 0, SINR = 48 dB, CQI = 15
[0m[NR_PHY] RI = 2 i1 = 0.0.0, i2 = 0, SINR = 48 dB, CQI = 15
[0m[NR_PHY] RI = 2 i1 = 0.0.0, i2 = 0, SINR = 48 dB, CQI = 15
[0m[NR_PHY] RI = 2 i1 = 0.0.0, i2 = 0, SINR = 48 dB, CQI = 15
[0m[NR_PHY] RI = 2 i1 = 0.0.0, i2 = 0, SINR = 48 dB, CQI = 15
[0m[NR_PHY] RI = 2 i1 = 0.0.0, i2 = 0, SINR = 48 dB, CQI = 15
[0m[NR_PHY] RI = 2 i1 = 0.0.0, i2 = 0, SINR = 48 dB, CQI = 15
[0m[NR_PHY] RI = 2 i1 = 0.0.0, i2 = 0, SINR = 48 dB, CQI = 15
[0m[NR_PHY] RI = 2 i1 = 0.0.0, i2 = 0, SINR = 48 dB, CQI = 15
[0m[NR_PHY] RI = 2 i1 = 0.0.0, i2 = 0, SINR = 48 dB, CQI = 15
[0m[NR_PHY] RI = 2 i1 = 0.0.0, i2 = 0, SINR = 48 dB, CQI = 15
[0m[NR_PHY] RI = 2 i1 = 0.0.0, i2 = 0, SINR = 48 dB, CQI = 15
[0m[NR_PHY] RI = 2 i1 = 0.0.0, i2 = 0, SINR = 48 dB, CQI = 15
[0m[NR_PHY] RI = 2 i1 = 0.0.0, i2 = 0, SINR = 48 dB, CQI = 15
[0m[NR_PHY] RI = 2 i1 = 0.0.0, i2 = 0, SINR = 48 dB, CQI = 15
[0m[NR_PHY] RI = 2 i1 = 0.0.0, i2 = 0, SINR = 48 dB, CQI = 15
[0m[NR_PHY] RI = 2 i1 = 0.0.0, i2 = 0, SINR = 48 dB, CQI = 15
[0m[NR_PHY] RI = 2 i1 = 0.0.0, i2 = 0, SINR = 48 dB, CQI = 15
[0m[NR_PHY] RI = 2 i1 = 0.0.0, i2 = 0, SINR = 48 dB, CQI = 15
[0m[NR_PHY] RI = 2 i1 = 0.0.0, i2 = 0, SINR = 48 dB, CQI = 15
[0m[NR_PHY] RI = 2 i1 = 0.0.0, i2 = 0, SINR = 48 dB, CQI = 15
[0m[NR_PHY] RI = 2 i1 = 0.0.0, i2 = 0, SINR = 48 dB, CQI = 15
[0m[NR_PHY] RI = 2 i1 = 0.0.0, i2 = 0, SINR = 48 dB, CQI = 15
[0m[NR_PHY] RI = 2 i1 = 0.0.0, i2 = 0, SINR = 48 dB, CQI = 15
[0m[NR_PHY] RI = 2 i1 = 0.0.0, i2 = 0, SINR = 48 dB, CQI = 15
[0m[NR_PHY] RI = 2 i1 = 0.0.0, i2 = 0, SINR = 48 dB, CQI = 15
[0m[NR_PHY] RI = 2 i1 = 0.0.0, i2 = 0, SINR = 48 dB, CQI = 15
[0m[NR_PHY] RI = 2 i1 = 0.0.0, i2 = 0, SINR = 48 dB, CQI = 15
[0m[NR_PHY] RI = 2 i1 = 0.0.0, i2 = 0, SINR = 48 dB, CQI = 15
[0m[NR_PHY] RI = 2 i1 = 0.0.0, i2 = 0, SINR = 48 dB, CQI = 15
[0m[NR_PHY] RI = 2 i1 = 0.0.0, i2 = 0, SINR = 48 dB, CQI = 15
[0m[NR_PHY] RI = 2 i1 = 0.0.0, i2 = 0, SINR = 48 dB, CQI = 15
[0m[NR_PHY] RI = 2 i1 = 0.0.0, i2 = 0, SINR = 48 dB, CQI = 15
[0m[NR_PHY] RI = 2 i1 = 0.0.0, i2 = 0, SINR = 48 dB, CQI = 15
[0m[NR_PHY] RI = 2 i1 = 0.0.0, i2 = 0, SINR = 48 dB, CQI = 15
[0m[NR_PHY] RI = 2 i1 = 0.0.0, i2 = 0, SINR = 48 dB, CQI = 15
[0m[NR_PHY] RI = 2 i1 = 0.0.0, i2 = 0, SINR = 48 dB, CQI = 15
[0m[NR_PHY] RI = 2 i1 = 0.0.0, i2 = 0, SINR = 48 dB, CQI = 15
[0m[NR_PHY] RI = 2 i1 = 0.0.0, i2 = 0, SINR = 48 dB, CQI = 15
[0m[NR_PHY] RI = 2 i1 = 0.0.0, i2 = 0, SINR = 48 dB, CQI = 15
[0m[NR_PHY] RI = 2 i1 = 0.0.0, i2 = 0, SINR = 48 dB, CQI = 15
[0m[NR_PHY] RI = 2 i1 = 0.0.0, i2 = 0, SINR = 48 dB, CQI = 15
[0m[NR_PHY] RI = 2 i1 = 0.0.0, i2 = 0, SINR = 48 dB, CQI = 15
[0m[NR_PHY] RI = 2 i1 = 0.0.0, i2 = 0, SINR = 48 dB, CQI = 15
[0m[NR_PHY] RI = 2 i1 = 0.0.0, i2 = 0, SINR = 48 dB, CQI = 15
[0m[NR_PHY] RI = 2 i1 = 0.0.0, i2 = 0, SINR = 48 dB, CQI = 15
[0m[NR_MAC] UE 0 RNTI 3cc4 stats sfn: 512.2, cumulated bad DCI 0
    DL harq: 493/0
    UL harq: 10859/11 avg code rate 0.9, avg bit/symbol 5.9, avg per TB: (nb RBs 17.0, nb symbols 13.0)
[0m[NR_PHY] RI = 2 i1 = 0.0.0, i2 = 0, SINR = 48 dB, CQI = 15
[0m[NR_PHY] RI = 2 i1 = 0.0.0, i2 = 0, SINR = 48 dB, CQI = 15
[0m[NR_PHY] RI = 2 i1 = 0.0.0, i2 = 0, SINR = 48 dB, CQI = 15
[0m[NR_PHY] RI = 2 i1 = 0.0.0, i2 = 0, SINR = 48 dB, CQI = 15
[0m[NR_PHY] RI = 2 i1 = 0.0.0, i2 = 0, SINR = 48 dB, CQI = 15
[0m[NR_PHY] RI = 2 i1 = 0.0.0, i2 = 0, SINR = 48 dB, CQI = 15
[0m[NR_PHY] RI = 2 i1 = 0.0.0, i2 = 0, SINR = 48 dB, CQI = 15
[0m[NR_PHY] RI = 2 i1 = 0.0.0, i2 = 0, SINR = 48 dB, CQI = 15
[0m[NR_PHY] RI = 2 i1 = 0.0.0, i2 = 0, SINR = 48 dB, CQI = 15
[0m[NR_PHY] RI = 2 i1 = 0.0.0, i2 = 0, SINR = 48 dB, CQI = 15
[0m[NR_PHY] RI = 2 i1 = 0.0.0, i2 = 0, SINR = 48 dB, CQI = 15
[0m[NR_PHY] RI = 2 i1 = 0.0.0, i2 = 0, SINR = 48 dB, CQI = 15
[0m[NR_PHY] RI = 2 i1 = 0.0.0, i2 = 0, SINR = 48 dB, CQI = 15
[0m[NR_PHY] RI = 2 i1 = 0.0.0, i2 = 0, SINR = 48 dB, CQI = 15
[0m[NR_PHY] RI = 2 i1 = 0.0.0, i2 = 0, SINR = 48 dB, CQI = 15
[0m[NR_PHY] RI = 2 i1 = 0.0.0, i2 = 0, SINR = 48 dB, CQI = 15
[0m[NR_PHY] RI = 2 i1 = 0.0.0, i2 = 0, SINR = 48 dB, CQI = 15
[0m[NR_PHY] RI = 2 i1 = 0.0.0, i2 = 0, SINR = 48 dB, CQI = 15
[0m[NR_PHY] RI = 2 i1 = 0.0.0, i2 = 0, SINR = 48 dB, CQI = 15
[0m[NR_PHY] RI = 2 i1 = 0.0.0, i2 = 0, SINR = 48 dB, CQI = 15
[0m[NR_PHY] RI = 2 i1 = 0.0.0, i2 = 0, SINR = 48 dB, CQI = 15
[0m[NR_PHY] RI = 2 i1 = 0.0.0, i2 = 0, SINR = 48 dB, CQI = 15
[0m[NR_PHY] RI = 2 i1 = 0.0.0, i2 = 0, SINR = 48 dB, CQI = 15
[0m[NR_PHY] RI = 2 i1 = 0.0.0, i2 = 0, SINR = 48 dB, CQI = 15
[0m[NR_PHY] RI = 2 i1 = 0.0.0, i2 = 0, SINR = 48 dB, CQI = 15
[0m[NR_PHY] RI = 2 i1 = 0.0.0, i2 = 0, SINR = 48 dB, CQI = 15
[0m[NR_PHY] RI = 2 i1 = 0.0.0, i2 = 0, SINR = 48 dB, CQI = 15
[0m[NR_PHY] RI = 2 i1 = 0.0.0, i2 = 0, SINR = 48 dB, CQI = 15
[0m[NR_PHY] RI = 2 i1 = 0.0.0, i2 = 0, SINR = 48 dB, CQI = 15
[0m[NR_PHY] RI = 2 i1 = 0.0.0, i2 = 0, SINR = 48 dB, CQI = 15
[0m[NR_PHY] RI = 2 i1 = 0.0.0, i2 = 0, SINR = 48 dB, CQI = 15
[0m[NR_PHY] RI = 2 i1 = 0.0.0, i2 = 0, SINR = 48 dB, CQI = 15
[0m[NR_PHY] RI = 2 i1 = 0.0.0, i2 = 0, SINR = 48 dB, CQI = 15
[0m[NR_PHY] RI = 2 i1 = 0.0.0, i2 = 0, SINR = 48 dB, CQI = 15
[0m[NR_PHY] RI = 2 i1 = 0.0.0, i2 = 0, SINR = 48 dB, CQI = 15
[0m[NR_PHY] RI = 2 i1 = 0.0.0, i2 = 0, SINR = 48 dB, CQI = 15
[0m[NR_PHY] RI = 2 i1 = 0.0.0, i2 = 0, SINR = 48 dB, CQI = 15
[0m[NR_PHY] RI = 2 i1 = 0.0.0, i2 = 0, SINR = 48 dB, CQI = 15
[0m[NR_PHY] RI = 2 i1 = 0.0.0, i2 = 0, SINR = 48 dB, CQI = 15
[0m[NR_PHY] RI = 2 i1 = 0.0.0, i2 = 0, SINR = 48 dB, CQI = 15
[0m[NR_PHY] RI = 2 i1 = 0.0.0, i2 = 0, SINR = 48 dB, CQI = 15
[0m[NR_PHY] RI = 2 i1 = 0.0.0, i2 = 0, SINR = 48 dB, CQI = 15
[0m[NR_PHY] RI = 2 i1 = 0.0.0, i2 = 0, SINR = 48 dB, CQI = 15
[0m[NR_PHY] RI = 2 i1 = 0.0.0, i2 = 0, SINR = 48 dB, CQI = 15
[0m[NR_PHY] RI = 2 i1 = 0.0.0, i2 = 0, SINR = 48 dB, CQI = 15
[0m[NR_PHY] RI = 2 i1 = 0.0.0, i2 = 0, SINR = 48 dB, CQI = 15
[0m[NR_PHY] RI = 2 i1 = 0.0.0, i2 = 0, SINR = 48 dB, CQI = 15
[0m[NR_PHY] RI = 2 i1 = 0.0.0, i2 = 0, SINR = 48 dB, CQI = 15
[0m[NR_PHY] RI = 2 i1 = 0.0.0, i2 = 0, SINR = 48 dB, CQI = 15
[0m[NR_PHY] RI = 2 i1 = 0.0.0, i2 = 0, SINR = 48 dB, CQI = 15
[0m[NR_PHY] RI = 2 i1 = 0.0.0, i2 = 0, SINR = 48 dB, CQI = 15
[0m[NR_PHY] RI = 2 i1 = 0.0.0, i2 = 0, SINR = 48 dB, CQI = 15
[0m[NR_PHY] RI = 2 i1 = 0.0.0, i2 = 0, SINR = 48 dB, CQI = 15
[0m[NR_PHY] RI = 2 i1 = 0.0.0, i2 = 0, SINR = 48 dB, CQI = 15
[0m[NR_PHY] RI = 2 i1 = 0.0.0, i2 = 0, SINR = 48 dB, CQI = 15
[0m[NR_PHY] RI = 2 i1 = 0.0.0, i2 = 0, SINR = 48 dB, CQI = 15
[0m[NR_PHY] RI = 2 i1 = 0.0.0, i2 = 0, SINR = 48 dB, CQI = 15
[0m[NR_PHY] RI = 2 i1 = 0.0.0, i2 = 0, SINR = 48 dB, CQI = 15
[0m[NR_PHY] RI = 2 i1 = 0.0.0, i2 = 0, SINR = 48 dB, CQI = 15
[0m[NR_PHY] RI = 2 i1 = 0.0.0, i2 = 0, SINR = 48 dB, CQI = 15
[0m[NR_PHY] RI = 2 i1 = 0.0.0, i2 = 0, SINR = 48 dB, CQI = 15
[0m[NR_PHY] RI = 2 i1 = 0.0.0, i2 = 0, SINR = 48 dB, CQI = 15
[0m[NR_PHY] RI = 2 i1 = 0.0.0, i2 = 0, SINR = 48 dB, CQI = 15
[0m[NR_PHY] RI = 2 i1 = 0.0.0, i2 = 0, SINR = 48 dB, CQI = 15
[0m[NR_MAC] UE 0 RNTI 3cc4 stats sfn: 640.2, cumulated bad DCI 0
    DL harq: 516/0
    UL harq: 11370/11 avg code rate 0.9, avg bit/symbol 5.9, avg per TB: (nb RBs 17.0, nb symbols 13.0)
[0m[NR_PHY] RI = 2 i1 = 0.0.0, i2 = 0, SINR = 48 dB, CQI = 15
[0m[NR_PHY] RI = 2 i1 = 0.0.0, i2 = 0, SINR = 48 dB, CQI = 15
[0m[NR_PHY] RI = 2 i1 = 0.0.0, i2 = 0, SINR = 48 dB, CQI = 15
[0m[NR_PHY] RI = 2 i1 = 0.0.0, i2 = 0, SINR = 48 dB, CQI = 15
[0m[NR_PHY] RI = 2 i1 = 0.0.0, i2 = 0, SINR = 48 dB, CQI = 15
[0m[NR_PHY] RI = 2 i1 = 0.0.0, i2 = 0, SINR = 48 dB, CQI = 15
[0m[NR_PHY] RI = 2 i1 = 0.0.0, i2 = 0, SINR = 48 dB, CQI = 15
[0m[NR_PHY] RI = 2 i1 = 0.0.0, i2 = 0, SINR = 48 dB, CQI = 15
[0m[NR_PHY] RI = 2 i1 = 0.0.0, i2 = 0, SINR = 48 dB, CQI = 15
[0m[NR_PHY] RI = 2 i1 = 0.0.0, i2 = 0, SINR = 48 dB, CQI = 15
[0m[NR_PHY] RI = 2 i1 = 0.0.0, i2 = 0, SINR = 48 dB, CQI = 15
[0m[NR_PHY] RI = 2 i1 = 0.0.0, i2 = 0, SINR = 48 dB, CQI = 15
[0m[NR_PHY] RI = 2 i1 = 0.0.0, i2 = 0, SINR = 48 dB, CQI = 15
[0m[NR_PHY] RI = 2 i1 = 0.0.0, i2 = 0, SINR = 48 dB, CQI = 15
[0m[NR_PHY] RI = 2 i1 = 0.0.0, i2 = 0, SINR = 48 dB, CQI = 15
[0m[NR_PHY] RI = 2 i1 = 0.0.0, i2 = 0, SINR = 48 dB, CQI = 15
[0m[NR_PHY] RI = 2 i1 = 0.0.0, i2 = 0, SINR = 48 dB, CQI = 15
[0m[NR_PHY] RI = 2 i1 = 0.0.0, i2 = 0, SINR = 48 dB, CQI = 15
[0m[NR_PHY] RI = 2 i1 = 0.0.0, i2 = 0, SINR = 48 dB, CQI = 15
[0m[NR_PHY] RI = 2 i1 = 0.0.0, i2 = 0, SINR = 48 dB, CQI = 15
[0m[NR_PHY] RI = 2 i1 = 0.0.0, i2 = 0, SINR = 48 dB, CQI = 15
[0m[NR_PHY] RI = 2 i1 = 0.0.0, i2 = 0, SINR = 48 dB, CQI = 15
[0m[NR_PHY] RI = 2 i1 = 0.0.0, i2 = 0, SINR = 48 dB, CQI = 15
[0m[NR_PHY] RI = 2 i1 = 0.0.0, i2 = 0, SINR = 48 dB, CQI = 15
[0m[NR_PHY] RI = 2 i1 = 0.0.0, i2 = 0, SINR = 48 dB, CQI = 15
[0m[NR_PHY] RI = 2 i1 = 0.0.0, i2 = 0, SINR = 48 dB, CQI = 15
[0m[NR_PHY] RI = 2 i1 = 0.0.0, i2 = 0, SINR = 48 dB, CQI = 15
[0m[NR_PHY] RI = 2 i1 = 0.0.0, i2 = 0, SINR = 48 dB, CQI = 15
[0m[NR_PHY] RI = 2 i1 = 0.0.0, i2 = 0, SINR = 48 dB, CQI = 15
[0m[NR_PHY] RI = 2 i1 = 0.0.0, i2 = 0, SINR = 48 dB, CQI = 15
[0m[NR_PHY] RI = 2 i1 = 0.0.0, i2 = 0, SINR = 48 dB, CQI = 15
[0m[NR_PHY] RI = 2 i1 = 0.0.0, i2 = 0, SINR = 48 dB, CQI = 15
[0m[NR_PHY] RI = 2 i1 = 0.0.0, i2 = 0, SINR = 48 dB, CQI = 15
[0m[NR_PHY] RI = 2 i1 = 0.0.0, i2 = 0, SINR = 48 dB, CQI = 15
[0m[NR_PHY] RI = 2 i1 = 0.0.0, i2 = 0, SINR = 48 dB, CQI = 15
[0m[NR_PHY] RI = 2 i1 = 0.0.0, i2 = 0, SINR = 48 dB, CQI = 15
[0m[NR_PHY] RI = 2 i1 = 0.0.0, i2 = 0, SINR = 48 dB, CQI = 15
[0m[NR_PHY] RI = 2 i1 = 0.0.0, i2 = 0, SINR = 48 dB, CQI = 15
[0m[NR_PHY] RI = 2 i1 = 0.0.0, i2 = 0, SINR = 48 dB, CQI = 15
[0m[NR_PHY] RI = 2 i1 = 0.0.0, i2 = 0, SINR = 48 dB, CQI = 15
[0m[NR_PHY] RI = 2 i1 = 0.0.0, i2 = 0, SINR = 48 dB, CQI = 15
[0m[NR_PHY] RI = 2 i1 = 0.0.0, i2 = 0, SINR = 48 dB, CQI = 15
[0m[NR_PHY] RI = 2 i1 = 0.0.0, i2 = 0, SINR = 48 dB, CQI = 15
[0m[NR_PHY] RI = 2 i1 = 0.0.0, i2 = 0, SINR = 48 dB, CQI = 15
[0m[NR_PHY] RI = 2 i1 = 0.0.0, i2 = 0, SINR = 48 dB, CQI = 15
[0m[NR_PHY] RI = 2 i1 = 0.0.0, i2 = 0, SINR = 48 dB, CQI = 15
[0m[NR_PHY] RI = 2 i1 = 0.0.0, i2 = 0, SINR = 48 dB, CQI = 15
[0m[NR_PHY] RI = 2 i1 = 0.0.0, i2 = 0, SINR = 48 dB, CQI = 15
[0m[NR_PHY] RI = 2 i1 = 0.0.0, i2 = 0, SINR = 48 dB, CQI = 15
[0m[NR_PHY] RI = 2 i1 = 0.0.0, i2 = 0, SINR = 48 dB, CQI = 15
[0m[NR_PHY] RI = 2 i1 = 0.0.0, i2 = 0, SINR = 48 dB, CQI = 15
[0m[NR_PHY] RI = 2 i1 = 0.0.0, i2 = 0, SINR = 48 dB, CQI = 15
[0m[NR_PHY] RI = 2 i1 = 0.0.0, i2 = 0, SINR = 48 dB, CQI = 15
[0m[NR_PHY] RI = 2 i1 = 0.0.0, i2 = 0, SINR = 48 dB, CQI = 15
[0m[NR_PHY] RI = 2 i1 = 0.0.0, i2 = 0, SINR = 48 dB, CQI = 15
[0m[NR_PHY] RI = 2 i1 = 0.0.0, i2 = 0, SINR = 48 dB, CQI = 15
[0m[NR_PHY] RI = 2 i1 = 0.0.0, i2 = 0, SINR = 48 dB, CQI = 15
[0m[NR_PHY] RI = 2 i1 = 0.0.0, i2 = 0, SINR = 48 dB, CQI = 15
[0m[NR_PHY] RI = 2 i1 = 0.0.0, i2 = 0, SINR = 48 dB, CQI = 15
[0m[NR_PHY] RI = 2 i1 = 0.0.0, i2 = 0, SINR = 48 dB, CQI = 15
[0m[NR_PHY] RI = 2 i1 = 0.0.0, i2 = 0, SINR = 48 dB, CQI = 15
[0m[NR_PHY] RI = 2 i1 = 0.0.0, i2 = 0, SINR = 48 dB, CQI = 15
[0m[NR_PHY] RI = 2 i1 = 0.0.0, i2 = 0, SINR = 48 dB, CQI = 15
[0m[NR_PHY] RI = 2 i1 = 0.0.0, i2 = 0, SINR = 48 dB, CQI = 15
[0m[NR_MAC] UE 0 RNTI 3cc4 stats sfn: 768.2, cumulated bad DCI 0
    DL harq: 538/0
    UL harq: 11877/14 avg code rate 0.9, avg bit/symbol 5.9, avg per TB: (nb RBs 17.0, nb symbols 13.0)
[0m[NR_PHY] RI = 2 i1 = 0.0.0, i2 = 0, SINR = 48 dB, CQI = 15
[0m[NR_PHY] RI = 2 i1 = 0.0.0, i2 = 0, SINR = 48 dB, CQI = 15
[0m[NR_PHY] RI = 2 i1 = 0.0.0, i2 = 0, SINR = 48 dB, CQI = 15
[0m[NR_PHY] RI = 2 i1 = 0.0.0, i2 = 0, SINR = 48 dB, CQI = 15
[0m[NR_PHY] RI = 2 i1 = 0.0.0, i2 = 0, SINR = 48 dB, CQI = 15
[0m[NR_PHY] RI = 2 i1 = 0.0.0, i2 = 0, SINR = 48 dB, CQI = 15
[0m[NR_PHY] RI = 2 i1 = 0.0.0, i2 = 0, SINR = 48 dB, CQI = 15
[0m[NR_PHY] RI = 2 i1 = 0.0.0, i2 = 0, SINR = 48 dB, CQI = 15
[0m[NR_PHY] RI = 2 i1 = 0.0.0, i2 = 0, SINR = 48 dB, CQI = 15
[0m[NR_PHY] RI = 2 i1 = 0.0.0, i2 = 0, SINR = 48 dB, CQI = 15
[0m[NR_PHY] RI = 2 i1 = 0.0.0, i2 = 0, SINR = 48 dB, CQI = 15
[0m[NR_PHY] RI = 2 i1 = 0.0.0, i2 = 0, SINR = 48 dB, CQI = 15
[0m[NR_PHY] RI = 2 i1 = 0.0.0, i2 = 0, SINR = 48 dB, CQI = 15
[0m[NR_PHY] RI = 2 i1 = 0.0.0, i2 = 0, SINR = 48 dB, CQI = 15
[0m[NR_PHY] RI = 2 i1 = 0.0.0, i2 = 0, SINR = 48 dB, CQI = 15
[0m[NR_PHY] RI = 2 i1 = 0.0.0, i2 = 0, SINR = 48 dB, CQI = 15
[0m[NR_PHY] RI = 2 i1 = 0.0.0, i2 = 0, SINR = 48 dB, CQI = 15
[0m[NR_PHY] RI = 2 i1 = 0.0.0, i2 = 0, SINR = 48 dB, CQI = 15
[0m[NR_PHY] RI = 2 i1 = 0.0.0, i2 = 0, SINR = 48 dB, CQI = 15
[0m[NR_PHY] RI = 2 i1 = 0.0.0, i2 = 0, SINR = 48 dB, CQI = 15
[0m[NR_PHY] RI = 2 i1 = 0.0.0, i2 = 0, SINR = 48 dB, CQI = 15
[0m[NR_PHY] RI = 2 i1 = 0.0.0, i2 = 0, SINR = 48 dB, CQI = 15
[0m[NR_PHY] RI = 2 i1 = 0.0.0, i2 = 0, SINR = 48 dB, CQI = 15
[0m[NR_PHY] RI = 2 i1 = 0.0.0, i2 = 0, SINR = 48 dB, CQI = 15
[0m[NR_PHY] RI = 2 i1 = 0.0.0, i2 = 0, SINR = 48 dB, CQI = 15
[0m[NR_PHY] RI = 2 i1 = 0.0.0, i2 = 0, SINR = 48 dB, CQI = 15
[0m[NR_PHY] RI = 2 i1 = 0.0.0, i2 = 0, SINR = 48 dB, CQI = 15
[0m[NR_PHY] RI = 2 i1 = 0.0.0, i2 = 0, SINR = 48 dB, CQI = 15
[0m[NR_PHY] RI = 2 i1 = 0.0.0, i2 = 0, SINR = 48 dB, CQI = 15
[0m[NR_PHY] RI = 2 i1 = 0.0.0, i2 = 0, SINR = 48 dB, CQI = 15
[0m[NR_PHY] RI = 2 i1 = 0.0.0, i2 = 0, SINR = 48 dB, CQI = 15
[0m[NR_PHY] RI = 2 i1 = 0.0.0, i2 = 0, SINR = 48 dB, CQI = 15
[0m[NR_PHY] RI = 2 i1 = 0.0.0, i2 = 0, SINR = 48 dB, CQI = 15
[0m[NR_PHY] RI = 2 i1 = 0.0.0, i2 = 0, SINR = 48 dB, CQI = 15
[0m[NR_PHY] RI = 2 i1 = 0.0.0, i2 = 0, SINR = 48 dB, CQI = 15
[0m[NR_PHY] RI = 2 i1 = 0.0.0, i2 = 0, SINR = 48 dB, CQI = 15
[0m[NR_PHY] RI = 2 i1 = 0.0.0, i2 = 0, SINR = 48 dB, CQI = 15
[0m[NR_PHY] RI = 2 i1 = 0.0.0, i2 = 0, SINR = 48 dB, CQI = 15
[0m[NR_PHY] RI = 2 i1 = 0.0.0, i2 = 0, SINR = 48 dB, CQI = 15
[0m[NR_PHY] RI = 2 i1 = 0.0.0, i2 = 0, SINR = 48 dB, CQI = 15
[0m[NR_PHY] RI = 2 i1 = 0.0.0, i2 = 0, SINR = 48 dB, CQI = 15
[0m[NR_PHY] RI = 2 i1 = 0.0.0, i2 = 0, SINR = 48 dB, CQI = 15
[0m[NR_PHY] RI = 2 i1 = 0.0.0, i2 = 0, SINR = 48 dB, CQI = 15
[0m[NR_PHY] RI = 2 i1 = 0.0.0, i2 = 0, SINR = 48 dB, CQI = 15
[0m[NR_PHY] RI = 2 i1 = 0.0.0, i2 = 0, SINR = 48 dB, CQI = 15
[0m[NR_PHY] RI = 2 i1 = 0.0.0, i2 = 0, SINR = 48 dB, CQI = 15
[0m[NR_PHY] RI = 2 i1 = 0.0.0, i2 = 0, SINR = 48 dB, CQI = 15
[0m[NR_PHY] RI = 2 i1 = 0.0.0, i2 = 0, SINR = 48 dB, CQI = 15
[0m[NR_PHY] RI = 2 i1 = 0.0.0, i2 = 0, SINR = 48 dB, CQI = 15
[0m[NR_PHY] RI = 2 i1 = 0.0.0, i2 = 0, SINR = 48 dB, CQI = 15
[0m[NR_PHY] RI = 2 i1 = 0.0.0, i2 = 0, SINR = 48 dB, CQI = 15
[0m[NR_PHY] RI = 2 i1 = 0.0.0, i2 = 0, SINR = 48 dB, CQI = 15
[0m[NR_PHY] RI = 2 i1 = 0.0.0, i2 = 0, SINR = 48 dB, CQI = 15
[0m[NR_PHY] RI = 2 i1 = 0.0.0, i2 = 0, SINR = 48 dB, CQI = 15
[0m[NR_PHY] RI = 2 i1 = 0.0.0, i2 = 0, SINR = 48 dB, CQI = 15
[0m[NR_PHY] RI = 2 i1 = 0.0.0, i2 = 0, SINR = 48 dB, CQI = 15
[0m[NR_PHY] RI = 2 i1 = 0.0.0, i2 = 0, SINR = 48 dB, CQI = 15
[0m[NR_PHY] RI = 2 i1 = 0.0.0, i2 = 0, SINR = 48 dB, CQI = 15
[0m[NR_PHY] RI = 2 i1 = 0.0.0, i2 = 0, SINR = 48 dB, CQI = 15
[0m[NR_PHY] RI = 2 i1 = 0.0.0, i2 = 0, SINR = 48 dB, CQI = 15
[0m[NR_PHY] RI = 2 i1 = 0.0.0, i2 = 0, SINR = 48 dB, CQI = 15
[0m[NR_PHY] RI = 2 i1 = 0.0.0, i2 = 0, SINR = 48 dB, CQI = 15
[0m[NR_PHY] RI = 2 i1 = 0.0.0, i2 = 0, SINR = 48 dB, CQI = 15
[0m[NR_PHY] RI = 2 i1 = 0.0.0, i2 = 0, SINR = 48 dB, CQI = 15
[0m[NR_MAC] UE 0 RNTI 3cc4 stats sfn: 896.2, cumulated bad DCI 0
    DL harq: 558/0
    UL harq: 12387/15 avg code rate 0.9, avg bit/symbol 5.9, avg per TB: (nb RBs 17.0, nb symbols 13.0)
[0m[NR_PHY] RI = 2 i1 = 0.0.0, i2 = 0, SINR = 48 dB, CQI = 15
[0m[NR_PHY] RI = 2 i1 = 0.0.0, i2 = 0, SINR = 48 dB, CQI = 15
[0m[NR_PHY] RI = 2 i1 = 0.0.0, i2 = 0, SINR = 48 dB, CQI = 15
[0m[NR_PHY] RI = 2 i1 = 0.0.0, i2 = 0, SINR = 48 dB, CQI = 15
[0m[NR_PHY] RI = 2 i1 = 0.0.0, i2 = 0, SINR = 48 dB, CQI = 15
[0m[NR_PHY] RI = 2 i1 = 0.0.0, i2 = 0, SINR = 48 dB, CQI = 15
[0m[NR_PHY] RI = 2 i1 = 0.0.0, i2 = 0, SINR = 48 dB, CQI = 15
[0m[NR_PHY] RI = 2 i1 = 0.0.0, i2 = 0, SINR = 48 dB, CQI = 15
[0m[NR_PHY] RI = 2 i1 = 0.0.0, i2 = 0, SINR = 48 dB, CQI = 15
[0m[NR_PHY] RI = 2 i1 = 0.0.0, i2 = 0, SINR = 48 dB, CQI = 15
[0m[NR_PHY] RI = 2 i1 = 0.0.0, i2 = 0, SINR = 48 dB, CQI = 15
[0m[NR_PHY] RI = 2 i1 = 0.0.0, i2 = 0, SINR = 48 dB, CQI = 15
[0m[NR_PHY] RI = 2 i1 = 0.0.0, i2 = 0, SINR = 48 dB, CQI = 15
[0m[NR_PHY] RI = 2 i1 = 0.0.0, i2 = 0, SINR = 48 dB, CQI = 15
[0m[NR_PHY] RI = 2 i1 = 0.0.0, i2 = 0, SINR = 48 dB, CQI = 15
[0m[NR_PHY] RI = 2 i1 = 0.0.0, i2 = 0, SINR = 48 dB, CQI = 15
[0m[NR_PHY] RI = 2 i1 = 0.0.0, i2 = 0, SINR = 48 dB, CQI = 15
[0m[NR_PHY] RI = 2 i1 = 0.0.0, i2 = 0, SINR = 48 dB, CQI = 15
[0m[NR_PHY] RI = 2 i1 = 0.0.0, i2 = 0, SINR = 48 dB, CQI = 15
[0m[NR_PHY] RI = 2 i1 = 0.0.0, i2 = 0, SINR = 48 dB, CQI = 15
[0m[NR_PHY] RI = 2 i1 = 0.0.0, i2 = 0, SINR = 48 dB, CQI = 15
[0m[NR_PHY] RI = 2 i1 = 0.0.0, i2 = 0, SINR = 48 dB, CQI = 15
[0m[NR_PHY] RI = 2 i1 = 0.0.0, i2 = 0, SINR = 48 dB, CQI = 15
[0m[NR_PHY] RI = 2 i1 = 0.0.0, i2 = 0, SINR = 48 dB, CQI = 15
[0m[NR_PHY] RI = 2 i1 = 0.0.0, i2 = 0, SINR = 48 dB, CQI = 15
[0m[NR_PHY] RI = 2 i1 = 0.0.0, i2 = 0, SINR = 48 dB, CQI = 15
[0m[NR_PHY] RI = 2 i1 = 0.0.0, i2 = 0, SINR = 48 dB, CQI = 15
[0m[NR_PHY] RI = 2 i1 = 0.0.0, i2 = 0, SINR = 48 dB, CQI = 15
[0m[NR_PHY] RI = 2 i1 = 0.0.0, i2 = 0, SINR = 48 dB, CQI = 15
[0m[NR_PHY] RI = 2 i1 = 0.0.0, i2 = 0, SINR = 48 dB, CQI = 15
[0m[NR_PHY] RI = 2 i1 = 0.0.0, i2 = 0, SINR = 48 dB, CQI = 15
[0m[NR_PHY] RI = 2 i1 = 0.0.0, i2 = 0, SINR = 48 dB, CQI = 15
[0m[NR_PHY] RI = 2 i1 = 0.0.0, i2 = 0, SINR = 48 dB, CQI = 15
[0m[NR_PHY] RI = 2 i1 = 0.0.0, i2 = 0, SINR = 48 dB, CQI = 15
[0m[NR_PHY] RI = 2 i1 = 0.0.0, i2 = 0, SINR = 48 dB, CQI = 15
[0m[NR_PHY] RI = 2 i1 = 0.0.0, i2 = 0, SINR = 48 dB, CQI = 15
[0m[NR_PHY] RI = 2 i1 = 0.0.0, i2 = 0, SINR = 48 dB, CQI = 15
[0m[NR_PHY] RI = 2 i1 = 0.0.0, i2 = 0, SINR = 48 dB, CQI = 15
[0m[NR_PHY] RI = 2 i1 = 0.0.0, i2 = 0, SINR = 48 dB, CQI = 15
[0m[NR_PHY] RI = 2 i1 = 0.0.0, i2 = 0, SINR = 48 dB, CQI = 15
[0m[NR_PHY] RI = 2 i1 = 0.0.0, i2 = 0, SINR = 48 dB, CQI = 15
[0m[NR_PHY] RI = 2 i1 = 0.0.0, i2 = 0, SINR = 48 dB, CQI = 15
[0m[NR_PHY] RI = 2 i1 = 0.0.0, i2 = 0, SINR = 48 dB, CQI = 15
[0m[NR_PHY] RI = 2 i1 = 0.0.0, i2 = 0, SINR = 48 dB, CQI = 15
[0m[NR_PHY] RI = 2 i1 = 0.0.0, i2 = 0, SINR = 48 dB, CQI = 15
[0m[NR_PHY] RI = 2 i1 = 0.0.0, i2 = 0, SINR = 48 dB, CQI = 15
[0m[NR_PHY] RI = 2 i1 = 0.0.0, i2 = 0, SINR = 48 dB, CQI = 15
[0m[NR_PHY] RI = 2 i1 = 0.0.0, i2 = 0, SINR = 48 dB, CQI = 15
[0m[NR_PHY] RI = 2 i1 = 0.0.0, i2 = 0, SINR = 48 dB, CQI = 15
[0m[NR_PHY] RI = 2 i1 = 0.0.0, i2 = 0, SINR = 48 dB, CQI = 15
[0m[NR_PHY] RI = 2 i1 = 0.0.0, i2 = 0, SINR = 48 dB, CQI = 15
[0m[NR_PHY] RI = 2 i1 = 0.0.0, i2 = 0, SINR = 48 dB, CQI = 15
[0m[NR_PHY] RI = 2 i1 = 0.0.0, i2 = 0, SINR = 48 dB, CQI = 15
[0m[NR_PHY] RI = 2 i1 = 0.0.0, i2 = 0, SINR = 48 dB, CQI = 15
[0m[NR_PHY] RI = 2 i1 = 0.0.0, i2 = 0, SINR = 48 dB, CQI = 15
[0m[NR_PHY] RI = 2 i1 = 0.0.0, i2 = 0, SINR = 48 dB, CQI = 15
[0m[NR_PHY] RI = 2 i1 = 0.0.0, i2 = 0, SINR = 48 dB, CQI = 15
[0m[NR_PHY] RI = 2 i1 = 0.0.0, i2 = 0, SINR = 48 dB, CQI = 15
[0m[NR_PHY] RI = 2 i1 = 0.0.0, i2 = 0, SINR = 48 dB, CQI = 15
[0m[NR_PHY] RI = 2 i1 = 0.0.0, i2 = 0, SINR = 48 dB, CQI = 15
[0m[NR_PHY] RI = 2 i1 = 0.0.0, i2 = 0, SINR = 48 dB, CQI = 15
[0m[NR_PHY] RI = 2 i1 = 0.0.0, i2 = 0, SINR = 48 dB, CQI = 15
[0m[NR_PHY] RI = 2 i1 = 0.0.0, i2 = 0, SINR = 48 dB, CQI = 15
[0m[NR_PHY] RI = 2 i1 = 0.0.0, i2 = 0, SINR = 48 dB, CQI = 15
[0m[NR_MAC] UE 0 RNTI 3cc4 stats sfn: 0.2, cumulated bad DCI 0
    DL harq: 579/0
    UL harq: 12898/15 avg code rate 0.9, avg bit/symbol 5.9, avg per TB: (nb RBs 17.0, nb symbols 13.0)
[0m[NR_PHY] RI = 2 i1 = 0.0.0, i2 = 0, SINR = 48 dB, CQI = 15
[0m[NR_PHY] RI = 2 i1 = 0.0.0, i2 = 0, SINR = 48 dB, CQI = 15
[0m[NR_PHY] RI = 2 i1 = 0.0.0, i2 = 0, SINR = 48 dB, CQI = 15
[0m[NR_PHY] RI = 2 i1 = 0.0.0, i2 = 0, SINR = 48 dB, CQI = 15
[0m[NR_PHY] RI = 2 i1 = 0.0.0, i2 = 0, SINR = 48 dB, CQI = 15
[0m[NR_PHY] RI = 2 i1 = 0.0.0, i2 = 0, SINR = 48 dB, CQI = 15
[0m[NR_PHY] RI = 2 i1 = 0.0.0, i2 = 0, SINR = 48 dB, CQI = 15
[0m[NR_PHY] RI = 2 i1 = 0.0.0, i2 = 0, SINR = 48 dB, CQI = 15
[0m[NR_PHY] RI = 2 i1 = 0.0.0, i2 = 0, SINR = 48 dB, CQI = 15
[0m[NR_PHY] RI = 2 i1 = 0.0.0, i2 = 0, SINR = 48 dB, CQI = 15
[0m[NR_PHY] RI = 2 i1 = 0.0.0, i2 = 0, SINR = 48 dB, CQI = 15
[0m[NR_PHY] RI = 2 i1 = 0.0.0, i2 = 0, SINR = 48 dB, CQI = 15
[0m[NR_PHY] RI = 2 i1 = 0.0.0, i2 = 0, SINR = 48 dB, CQI = 15
[0m[NR_PHY] RI = 2 i1 = 0.0.0, i2 = 0, SINR = 48 dB, CQI = 15
[0m[NR_PHY] RI = 2 i1 = 0.0.0, i2 = 0, SINR = 48 dB, CQI = 15
[0m[NR_PHY] RI = 2 i1 = 0.0.0, i2 = 0, SINR = 48 dB, CQI = 15
[0m[NR_PHY] RI = 2 i1 = 0.0.0, i2 = 0, SINR = 48 dB, CQI = 15
[0m[NR_PHY] RI = 2 i1 = 0.0.0, i2 = 0, SINR = 48 dB, CQI = 15
[0m[NR_PHY] RI = 2 i1 = 0.0.0, i2 = 0, SINR = 48 dB, CQI = 15
[0m[NR_PHY] RI = 2 i1 = 0.0.0, i2 = 0, SINR = 48 dB, CQI = 15
[0m[NR_PHY] RI = 2 i1 = 0.0.0, i2 = 0, SINR = 48 dB, CQI = 15
[0m[NR_PHY] RI = 2 i1 = 0.0.0, i2 = 0, SINR = 48 dB, CQI = 15
[0m[NR_PHY] RI = 2 i1 = 0.0.0, i2 = 0, SINR = 48 dB, CQI = 15
[0m[NR_PHY] RI = 2 i1 = 0.0.0, i2 = 0, SINR = 48 dB, CQI = 15
[0m[NR_PHY] RI = 2 i1 = 0.0.0, i2 = 0, SINR = 48 dB, CQI = 15
[0m[NR_PHY] RI = 2 i1 = 0.0.0, i2 = 0, SINR = 48 dB, CQI = 15
[0m[NR_PHY] RI = 2 i1 = 0.0.0, i2 = 0, SINR = 48 dB, CQI = 15
[0m[NR_PHY] RI = 2 i1 = 0.0.0, i2 = 0, SINR = 48 dB, CQI = 15
[0m[NR_PHY] RI = 2 i1 = 0.0.0, i2 = 0, SINR = 48 dB, CQI = 15
[0m[NR_PHY] RI = 2 i1 = 0.0.0, i2 = 0, SINR = 48 dB, CQI = 15
[0m[NR_PHY] RI = 2 i1 = 0.0.0, i2 = 0, SINR = 48 dB, CQI = 15
[0m[NR_PHY] RI = 2 i1 = 0.0.0, i2 = 0, SINR = 48 dB, CQI = 15
[0m[NR_PHY] RI = 2 i1 = 0.0.0, i2 = 0, SINR = 48 dB, CQI = 15
[0m[NR_PHY] RI = 2 i1 = 0.0.0, i2 = 0, SINR = 48 dB, CQI = 15
[0m[NR_PHY] RI = 2 i1 = 0.0.0, i2 = 0, SINR = 48 dB, CQI = 15
[0m[NR_PHY] RI = 2 i1 = 0.0.0, i2 = 0, SINR = 48 dB, CQI = 15
[0m[NR_PHY] RI = 2 i1 = 0.0.0, i2 = 0, SINR = 48 dB, CQI = 15
[0m[NR_PHY] RI = 2 i1 = 0.0.0, i2 = 0, SINR = 48 dB, CQI = 15
[0m[NR_PHY] RI = 2 i1 = 0.0.0, i2 = 0, SINR = 48 dB, CQI = 15
[0m[NR_PHY] RI = 2 i1 = 0.0.0, i2 = 0, SINR = 48 dB, CQI = 15
[0m[NR_PHY] RI = 2 i1 = 0.0.0, i2 = 0, SINR = 48 dB, CQI = 15
[0m[NR_PHY] RI = 2 i1 = 0.0.0, i2 = 0, SINR = 48 dB, CQI = 15
[0m[NR_PHY] RI = 2 i1 = 0.0.0, i2 = 0, SINR = 48 dB, CQI = 15
[0m[NR_PHY] RI = 2 i1 = 0.0.0, i2 = 0, SINR = 48 dB, CQI = 15
[0m[NR_PHY] RI = 2 i1 = 0.0.0, i2 = 0, SINR = 48 dB, CQI = 15
[0m[NR_PHY] RI = 2 i1 = 0.0.0, i2 = 0, SINR = 48 dB, CQI = 15
[0m[NR_PHY] RI = 2 i1 = 0.0.0, i2 = 0, SINR = 48 dB, CQI = 15
[0m[NR_PHY] RI = 2 i1 = 0.0.0, i2 = 0, SINR = 48 dB, CQI = 15
[0m[NR_PHY] RI = 2 i1 = 0.0.0, i2 = 0, SINR = 48 dB, CQI = 15
[0m[NR_PHY] RI = 2 i1 = 0.0.0, i2 = 0, SINR = 48 dB, CQI = 15
[0m[NR_PHY] RI = 2 i1 = 0.0.0, i2 = 0, SINR = 48 dB, CQI = 15
[0m[NR_PHY] RI = 2 i1 = 0.0.0, i2 = 0, SINR = 48 dB, CQI = 15
[0m[NR_PHY] RI = 2 i1 = 0.0.0, i2 = 0, SINR = 48 dB, CQI = 15
[0m[NR_PHY] RI = 2 i1 = 0.0.0, i2 = 0, SINR = 48 dB, CQI = 15
[0m[NR_PHY] RI = 2 i1 = 0.0.0, i2 = 0, SINR = 48 dB, CQI = 15
[0m[NR_PHY] RI = 2 i1 = 0.0.0, i2 = 0, SINR = 48 dB, CQI = 15
[0m[NR_PHY] RI = 2 i1 = 0.0.0, i2 = 0, SINR = 48 dB, CQI = 15
[0m[NR_PHY] RI = 2 i1 = 0.0.0, i2 = 0, SINR = 48 dB, CQI = 15
[0m[NR_PHY] RI = 2 i1 = 0.0.0, i2 = 0, SINR = 48 dB, CQI = 15
[0m[NR_PHY] RI = 2 i1 = 0.0.0, i2 = 0, SINR = 48 dB, CQI = 15
[0m[NR_PHY] RI = 2 i1 = 0.0.0, i2 = 0, SINR = 48 dB, CQI = 15
[0m[NR_PHY] RI = 2 i1 = 0.0.0, i2 = 0, SINR = 48 dB, CQI = 15
[0m[NR_PHY] RI = 2 i1 = 0.0.0, i2 = 0, SINR = 48 dB, CQI = 15
[0m[NR_PHY] RI = 2 i1 = 0.0.0, i2 = 0, SINR = 48 dB, CQI = 15
[0m[NR_MAC] UE 0 RNTI 3cc4 stats sfn: 128.2, cumulated bad DCI 0
    DL harq: 602/0
    UL harq: 13409/16 avg code rate 0.9, avg bit/symbol 5.9, avg per TB: (nb RBs 17.0, nb symbols 13.0)
[0m[NR_PHY] RI = 2 i1 = 0.0.0, i2 = 0, SINR = 48 dB, CQI = 15
[0m[NR_PHY] RI = 2 i1 = 0.0.0, i2 = 0, SINR = 48 dB, CQI = 15
[0m[NR_PHY] RI = 2 i1 = 0.0.0, i2 = 0, SINR = 48 dB, CQI = 15
[0m[NR_PHY] RI = 2 i1 = 0.0.0, i2 = 0, SINR = 48 dB, CQI = 15
[0m[NR_PHY] RI = 2 i1 = 0.0.0, i2 = 0, SINR = 48 dB, CQI = 15
[0m[NR_PHY] RI = 2 i1 = 0.0.0, i2 = 0, SINR = 48 dB, CQI = 15
[0m[NR_PHY] RI = 2 i1 = 0.0.0, i2 = 0, SINR = 48 dB, CQI = 15
[0m[NR_PHY] RI = 2 i1 = 0.0.0, i2 = 0, SINR = 48 dB, CQI = 15
[0m[NR_PHY] RI = 2 i1 = 0.0.0, i2 = 0, SINR = 48 dB, CQI = 15
[0m[NR_PHY] RI = 2 i1 = 0.0.0, i2 = 0, SINR = 48 dB, CQI = 15
[0m[NR_PHY] RI = 2 i1 = 0.0.0, i2 = 0, SINR = 48 dB, CQI = 15
[0m[NR_PHY] RI = 2 i1 = 0.0.0, i2 = 0, SINR = 48 dB, CQI = 15
[0m[NR_PHY] RI = 2 i1 = 0.0.0, i2 = 0, SINR = 48 dB, CQI = 15
[0m[NR_PHY] RI = 2 i1 = 0.0.0, i2 = 0, SINR = 48 dB, CQI = 15
[0m[NR_PHY] RI = 2 i1 = 0.0.0, i2 = 0, SINR = 48 dB, CQI = 15
[0m[NR_PHY] RI = 2 i1 = 0.0.0, i2 = 0, SINR = 48 dB, CQI = 15
[0m[NR_PHY] RI = 2 i1 = 0.0.0, i2 = 0, SINR = 48 dB, CQI = 15
[0m[NR_PHY] RI = 2 i1 = 0.0.0, i2 = 0, SINR = 48 dB, CQI = 15
[0m[NR_PHY] RI = 2 i1 = 0.0.0, i2 = 0, SINR = 48 dB, CQI = 15
[0m[NR_PHY] RI = 2 i1 = 0.0.0, i2 = 0, SINR = 48 dB, CQI = 15
[0m[NR_PHY] RI = 2 i1 = 0.0.0, i2 = 0, SINR = 48 dB, CQI = 15
[0m[NR_PHY] RI = 2 i1 = 0.0.0, i2 = 0, SINR = 48 dB, CQI = 15
[0m[NR_PHY] RI = 2 i1 = 0.0.0, i2 = 0, SINR = 48 dB, CQI = 15
[0m[NR_PHY] RI = 2 i1 = 0.0.0, i2 = 0, SINR = 48 dB, CQI = 15
[0m[NR_PHY] RI = 2 i1 = 0.0.0, i2 = 0, SINR = 48 dB, CQI = 15
[0m[NR_PHY] RI = 2 i1 = 0.0.0, i2 = 0, SINR = 48 dB, CQI = 15
[0m[NR_PHY] RI = 2 i1 = 0.0.0, i2 = 0, SINR = 48 dB, CQI = 15
[0m[NR_PHY] RI = 2 i1 = 0.0.0, i2 = 0, SINR = 48 dB, CQI = 15
[0m[NR_PHY] RI = 2 i1 = 0.0.0, i2 = 0, SINR = 48 dB, CQI = 15
[0m[NR_PHY] RI = 2 i1 = 0.0.0, i2 = 0, SINR = 48 dB, CQI = 15
[0m[NR_PHY] RI = 2 i1 = 0.0.0, i2 = 0, SINR = 48 dB, CQI = 15
[0m[NR_PHY] RI = 2 i1 = 0.0.0, i2 = 0, SINR = 48 dB, CQI = 15
[0m[NR_PHY] RI = 2 i1 = 0.0.0, i2 = 0, SINR = 48 dB, CQI = 15
[0m[NR_PHY] RI = 2 i1 = 0.0.0, i2 = 0, SINR = 48 dB, CQI = 15
[0m[NR_PHY] RI = 2 i1 = 0.0.0, i2 = 0, SINR = 48 dB, CQI = 15
[0m[NR_PHY] RI = 2 i1 = 0.0.0, i2 = 0, SINR = 48 dB, CQI = 15
[0m[NR_PHY] RI = 2 i1 = 0.0.0, i2 = 0, SINR = 48 dB, CQI = 15
[0m[NR_PHY] RI = 2 i1 = 0.0.0, i2 = 0, SINR = 48 dB, CQI = 15
[0m[NR_PHY] RI = 2 i1 = 0.0.0, i2 = 0, SINR = 48 dB, CQI = 15
[0m[NR_PHY] RI = 2 i1 = 0.0.0, i2 = 0, SINR = 48 dB, CQI = 15
[0m[NR_PHY] RI = 2 i1 = 0.0.0, i2 = 0, SINR = 48 dB, CQI = 15
[0m[NR_PHY] RI = 2 i1 = 0.0.0, i2 = 0, SINR = 48 dB, CQI = 15
[0m[NR_PHY] RI = 2 i1 = 0.0.0, i2 = 0, SINR = 48 dB, CQI = 15
[0m[NR_PHY] RI = 2 i1 = 0.0.0, i2 = 0, SINR = 48 dB, CQI = 15
[0m[NR_PHY] RI = 2 i1 = 0.0.0, i2 = 0, SINR = 48 dB, CQI = 15
[0m[NR_PHY] RI = 2 i1 = 0.0.0, i2 = 0, SINR = 48 dB, CQI = 15
[0m[NR_PHY] RI = 2 i1 = 0.0.0, i2 = 0, SINR = 48 dB, CQI = 15
[0m[NR_PHY] RI = 2 i1 = 0.0.0, i2 = 0, SINR = 48 dB, CQI = 15
[0m[NR_PHY] RI = 2 i1 = 0.0.0, i2 = 0, SINR = 48 dB, CQI = 15
[0m[NR_PHY] RI = 2 i1 = 0.0.0, i2 = 0, SINR = 48 dB, CQI = 15
[0m[NR_PHY] RI = 2 i1 = 0.0.0, i2 = 0, SINR = 48 dB, CQI = 15
[0m[NR_PHY] RI = 2 i1 = 0.0.0, i2 = 0, SINR = 48 dB, CQI = 15
[0m[NR_PHY] RI = 2 i1 = 0.0.0, i2 = 0, SINR = 48 dB, CQI = 15
[0m[NR_PHY] RI = 2 i1 = 0.0.0, i2 = 0, SINR = 48 dB, CQI = 15
[0m[NR_PHY] RI = 2 i1 = 0.0.0, i2 = 0, SINR = 48 dB, CQI = 15
[0m[NR_PHY] RI = 2 i1 = 0.0.0, i2 = 0, SINR = 48 dB, CQI = 15
[0m[NR_PHY] RI = 2 i1 = 0.0.0, i2 = 0, SINR = 48 dB, CQI = 15
[0m[NR_PHY] RI = 2 i1 = 0.0.0, i2 = 0, SINR = 48 dB, CQI = 15
[0m[NR_PHY] RI = 2 i1 = 0.0.0, i2 = 0, SINR = 48 dB, CQI = 15
[0m[NR_PHY] RI = 2 i1 = 0.0.0, i2 = 0, SINR = 48 dB, CQI = 15
[0m[NR_PHY] RI = 2 i1 = 0.0.0, i2 = 0, SINR = 48 dB, CQI = 15
[0m[NR_PHY] RI = 2 i1 = 0.0.0, i2 = 0, SINR = 48 dB, CQI = 15
[0m[NR_PHY] RI = 2 i1 = 0.0.0, i2 = 0, SINR = 48 dB, CQI = 15
[0m[NR_PHY] RI = 2 i1 = 0.0.0, i2 = 0, SINR = 48 dB, CQI = 15
[0m[NR_MAC] UE 0 RNTI 3cc4 stats sfn: 256.2, cumulated bad DCI 0
    DL harq: 623/0
    UL harq: 13919/17 avg code rate 0.9, avg bit/symbol 5.9, avg per TB: (nb RBs 17.0, nb symbols 13.0)
[0m[NR_PHY] RI = 2 i1 = 0.0.0, i2 = 0, SINR = 48 dB, CQI = 15
[0m[NR_PHY] RI = 2 i1 = 0.0.0, i2 = 0, SINR = 48 dB, CQI = 15
[0m[NR_PHY] RI = 2 i1 = 0.0.0, i2 = 0, SINR = 48 dB, CQI = 15
[0m[NR_PHY] RI = 2 i1 = 0.0.0, i2 = 0, SINR = 48 dB, CQI = 15
[0m[NR_PHY] RI = 2 i1 = 0.0.0, i2 = 0, SINR = 48 dB, CQI = 15
[0m[NR_PHY] RI = 2 i1 = 0.0.0, i2 = 0, SINR = 48 dB, CQI = 15
[0m[NR_PHY] RI = 2 i1 = 0.0.0, i2 = 0, SINR = 48 dB, CQI = 15
[0m[NR_PHY] RI = 2 i1 = 0.0.0, i2 = 0, SINR = 48 dB, CQI = 15
[0m[NR_PHY] RI = 2 i1 = 0.0.0, i2 = 0, SINR = 48 dB, CQI = 15
[0m[NR_PHY] RI = 2 i1 = 0.0.0, i2 = 0, SINR = 48 dB, CQI = 15
[0m[NR_PHY] RI = 2 i1 = 0.0.0, i2 = 0, SINR = 48 dB, CQI = 15
[0m[NR_PHY] RI = 2 i1 = 0.0.0, i2 = 0, SINR = 48 dB, CQI = 15
[0m[NR_PHY] RI = 2 i1 = 0.0.0, i2 = 0, SINR = 48 dB, CQI = 15
[0m[NR_PHY] RI = 2 i1 = 0.0.0, i2 = 0, SINR = 48 dB, CQI = 15
[0m[NR_PHY] RI = 2 i1 = 0.0.0, i2 = 0, SINR = 48 dB, CQI = 15
[0m[NR_PHY] RI = 2 i1 = 0.0.0, i2 = 0, SINR = 48 dB, CQI = 15
[0m[NR_PHY] RI = 2 i1 = 0.0.0, i2 = 0, SINR = 48 dB, CQI = 15
[0m[NR_PHY] RI = 2 i1 = 0.0.0, i2 = 0, SINR = 48 dB, CQI = 15
[0m[NR_PHY] RI = 2 i1 = 0.0.0, i2 = 0, SINR = 48 dB, CQI = 15
[0m[NR_PHY] RI = 2 i1 = 0.0.0, i2 = 0, SINR = 48 dB, CQI = 15
[0m[NR_PHY] RI = 2 i1 = 0.0.0, i2 = 0, SINR = 48 dB, CQI = 15
[0m[NR_PHY] RI = 2 i1 = 0.0.0, i2 = 0, SINR = 48 dB, CQI = 15
[0m[NR_PHY] RI = 2 i1 = 0.0.0, i2 = 0, SINR = 48 dB, CQI = 15
[0m[NR_PHY] RI = 2 i1 = 0.0.0, i2 = 0, SINR = 48 dB, CQI = 15
[0m[NR_PHY] RI = 2 i1 = 0.0.0, i2 = 0, SINR = 48 dB, CQI = 15
[0m[NR_PHY] RI = 2 i1 = 0.0.0, i2 = 0, SINR = 48 dB, CQI = 15
[0m[NR_PHY] RI = 2 i1 = 0.0.0, i2 = 0, SINR = 48 dB, CQI = 15
[0m[NR_PHY] RI = 2 i1 = 0.0.0, i2 = 0, SINR = 48 dB, CQI = 15
[0m[NR_PHY] RI = 2 i1 = 0.0.0, i2 = 0, SINR = 48 dB, CQI = 15
[0m[NR_PHY] RI = 2 i1 = 0.0.0, i2 = 0, SINR = 48 dB, CQI = 15
[0m[NR_PHY] RI = 2 i1 = 0.0.0, i2 = 0, SINR = 48 dB, CQI = 15
[0m[NR_PHY] RI = 2 i1 = 0.0.0, i2 = 0, SINR = 48 dB, CQI = 15
[0m[NR_PHY] RI = 2 i1 = 0.0.0, i2 = 0, SINR = 48 dB, CQI = 15
[0m[NR_PHY] RI = 2 i1 = 0.0.0, i2 = 0, SINR = 48 dB, CQI = 15
[0m[NR_PHY] RI = 2 i1 = 0.0.0, i2 = 0, SINR = 48 dB, CQI = 15
[0m[NR_PHY] RI = 2 i1 = 0.0.0, i2 = 0, SINR = 48 dB, CQI = 15
[0m[NR_PHY] RI = 2 i1 = 0.0.0, i2 = 0, SINR = 48 dB, CQI = 15
[0m[NR_PHY] RI = 2 i1 = 0.0.0, i2 = 0, SINR = 48 dB, CQI = 15
[0m[NR_PHY] RI = 2 i1 = 0.0.0, i2 = 0, SINR = 48 dB, CQI = 15
[0m[NR_PHY] RI = 2 i1 = 0.0.0, i2 = 0, SINR = 48 dB, CQI = 15
[0m[NR_PHY] RI = 2 i1 = 0.0.0, i2 = 0, SINR = 48 dB, CQI = 15
[0m[NR_PHY] RI = 2 i1 = 0.0.0, i2 = 0, SINR = 48 dB, CQI = 15
[0m[NR_PHY] RI = 2 i1 = 0.0.0, i2 = 0, SINR = 48 dB, CQI = 15
[0m[NR_PHY] RI = 2 i1 = 0.0.0, i2 = 0, SINR = 48 dB, CQI = 15
[0m[NR_PHY] RI = 2 i1 = 0.0.0, i2 = 0, SINR = 48 dB, CQI = 15
[0m[NR_PHY] RI = 2 i1 = 0.0.0, i2 = 0, SINR = 48 dB, CQI = 15
[0m[NR_PHY] RI = 2 i1 = 0.0.0, i2 = 0, SINR = 48 dB, CQI = 15
[0m[NR_PHY] RI = 2 i1 = 0.0.0, i2 = 0, SINR = 48 dB, CQI = 15
[0m[NR_PHY] RI = 2 i1 = 0.0.0, i2 = 0, SINR = 48 dB, CQI = 15
[0m[NR_PHY] RI = 2 i1 = 0.0.0, i2 = 0, SINR = 48 dB, CQI = 15
[0m[NR_PHY] RI = 2 i1 = 0.0.0, i2 = 0, SINR = 48 dB, CQI = 15
[0m[NR_PHY] RI = 2 i1 = 0.0.0, i2 = 0, SINR = 48 dB, CQI = 15
[0m[NR_PHY] RI = 2 i1 = 0.0.0, i2 = 0, SINR = 48 dB, CQI = 15
[0m[NR_PHY] RI = 2 i1 = 0.0.0, i2 = 0, SINR = 48 dB, CQI = 15
[0m[NR_PHY] RI = 2 i1 = 0.0.0, i2 = 0, SINR = 48 dB, CQI = 15
[0m[NR_PHY] RI = 2 i1 = 0.0.0, i2 = 0, SINR = 48 dB, CQI = 15
[0m[NR_PHY] RI = 2 i1 = 0.0.0, i2 = 0, SINR = 48 dB, CQI = 15
[0m[NR_PHY] RI = 2 i1 = 0.0.0, i2 = 0, SINR = 48 dB, CQI = 15
[0m[NR_PHY] RI = 2 i1 = 0.0.0, i2 = 0, SINR = 48 dB, CQI = 15
[0m[NR_PHY] RI = 2 i1 = 0.0.0, i2 = 0, SINR = 48 dB, CQI = 15
[0m[NR_PHY] RI = 2 i1 = 0.0.0, i2 = 0, SINR = 48 dB, CQI = 15
[0m[NR_PHY] RI = 2 i1 = 0.0.0, i2 = 0, SINR = 48 dB, CQI = 15
[0m[NR_PHY] RI = 2 i1 = 0.0.0, i2 = 0, SINR = 48 dB, CQI = 15
[0m[NR_PHY] RI = 2 i1 = 0.0.0, i2 = 0, SINR = 48 dB, CQI = 15
[0m[NR_MAC] UE 0 RNTI 3cc4 stats sfn: 384.2, cumulated bad DCI 0
    DL harq: 644/0
    UL harq: 14429/18 avg code rate 0.9, avg bit/symbol 5.9, avg per TB: (nb RBs 17.0, nb symbols 13.0)
[0m[NR_PHY] RI = 2 i1 = 0.0.0, i2 = 0, SINR = 48 dB, CQI = 15
[0m[NR_PHY] RI = 2 i1 = 0.0.0, i2 = 0, SINR = 48 dB, CQI = 15
[0m[NR_PHY] RI = 2 i1 = 0.0.0, i2 = 0, SINR = 48 dB, CQI = 15
[0m[NR_PHY] RI = 2 i1 = 0.0.0, i2 = 0, SINR = 48 dB, CQI = 15
[0m[NR_PHY] RI = 2 i1 = 0.0.0, i2 = 0, SINR = 48 dB, CQI = 15
[0m[NR_PHY] RI = 2 i1 = 0.0.0, i2 = 0, SINR = 48 dB, CQI = 15
[0m[NR_PHY] RI = 2 i1 = 0.0.0, i2 = 0, SINR = 48 dB, CQI = 15
[0m[NR_PHY] RI = 2 i1 = 0.0.0, i2 = 0, SINR = 48 dB, CQI = 15
[0m[NR_PHY] RI = 2 i1 = 0.0.0, i2 = 0, SINR = 48 dB, CQI = 15
[0m[NR_PHY] RI = 2 i1 = 0.0.0, i2 = 0, SINR = 48 dB, CQI = 15
[0m[NR_PHY] RI = 2 i1 = 0.0.0, i2 = 0, SINR = 48 dB, CQI = 15
[0m[NR_PHY] RI = 2 i1 = 0.0.0, i2 = 0, SINR = 48 dB, CQI = 15
[0m[NR_PHY] RI = 2 i1 = 0.0.0, i2 = 0, SINR = 48 dB, CQI = 15
[0m[NR_PHY] RI = 2 i1 = 0.0.0, i2 = 0, SINR = 48 dB, CQI = 15
[0m[NR_PHY] RI = 2 i1 = 0.0.0, i2 = 0, SINR = 48 dB, CQI = 15
[0m[NR_PHY] RI = 2 i1 = 0.0.0, i2 = 0, SINR = 48 dB, CQI = 15
[0m[NR_PHY] RI = 2 i1 = 0.0.0, i2 = 0, SINR = 48 dB, CQI = 15
[0m[NR_PHY] RI = 2 i1 = 0.0.0, i2 = 0, SINR = 48 dB, CQI = 15
[0m[NR_PHY] RI = 2 i1 = 0.0.0, i2 = 0, SINR = 48 dB, CQI = 15
[0m[NR_PHY] RI = 2 i1 = 0.0.0, i2 = 0, SINR = 48 dB, CQI = 15
[0m[NR_PHY] RI = 2 i1 = 0.0.0, i2 = 0, SINR = 48 dB, CQI = 15
[0m[NR_PHY] RI = 2 i1 = 0.0.0, i2 = 0, SINR = 48 dB, CQI = 15
[0m[NR_PHY] RI = 2 i1 = 0.0.0, i2 = 0, SINR = 48 dB, CQI = 15
[0m[NR_PHY] RI = 2 i1 = 0.0.0, i2 = 0, SINR = 48 dB, CQI = 15
[0m[NR_PHY] RI = 2 i1 = 0.0.0, i2 = 0, SINR = 48 dB, CQI = 15
[0m[NR_PHY] RI = 2 i1 = 0.0.0, i2 = 0, SINR = 48 dB, CQI = 15
[0m[NR_PHY] RI = 2 i1 = 0.0.0, i2 = 0, SINR = 48 dB, CQI = 15
[0m[NR_PHY] RI = 2 i1 = 0.0.0, i2 = 0, SINR = 48 dB, CQI = 15
[0m[NR_PHY] RI = 2 i1 = 0.0.0, i2 = 0, SINR = 48 dB, CQI = 15
[0m[NR_PHY] RI = 2 i1 = 0.0.0, i2 = 0, SINR = 48 dB, CQI = 15
[0m[NR_PHY] RI = 2 i1 = 0.0.0, i2 = 0, SINR = 48 dB, CQI = 15
[0m[NR_PHY] RI = 2 i1 = 0.0.0, i2 = 0, SINR = 48 dB, CQI = 15
[0m[NR_PHY] RI = 2 i1 = 0.0.0, i2 = 0, SINR = 48 dB, CQI = 15
[0m[NR_PHY] RI = 2 i1 = 0.0.0, i2 = 0, SINR = 48 dB, CQI = 15
[0m[NR_PHY] RI = 2 i1 = 0.0.0, i2 = 0, SINR = 48 dB, CQI = 15
[0m[NR_PHY] RI = 2 i1 = 0.0.0, i2 = 0, SINR = 48 dB, CQI = 15
[0m[NR_PHY] RI = 2 i1 = 0.0.0, i2 = 0, SINR = 48 dB, CQI = 15
[0m[NR_PHY] RI = 2 i1 = 0.0.0, i2 = 0, SINR = 48 dB, CQI = 15
[0m[NR_PHY] RI = 2 i1 = 0.0.0, i2 = 0, SINR = 48 dB, CQI = 15
[0m[NR_PHY] RI = 2 i1 = 0.0.0, i2 = 0, SINR = 48 dB, CQI = 15
[0m[NR_PHY] RI = 2 i1 = 0.0.0, i2 = 0, SINR = 48 dB, CQI = 15
[0m[NR_PHY] RI = 2 i1 = 0.0.0, i2 = 0, SINR = 48 dB, CQI = 15
[0m[NR_PHY] RI = 2 i1 = 0.0.0, i2 = 0, SINR = 48 dB, CQI = 15
[0m[NR_PHY] RI = 2 i1 = 0.0.0, i2 = 0, SINR = 48 dB, CQI = 15
[0m[NR_PHY] RI = 2 i1 = 0.0.0, i2 = 0, SINR = 48 dB, CQI = 15
[0m[NR_PHY] RI = 2 i1 = 0.0.0, i2 = 0, SINR = 48 dB, CQI = 15
[0m[NR_PHY] RI = 2 i1 = 0.0.0, i2 = 0, SINR = 48 dB, CQI = 15
[0m[NR_PHY] RI = 2 i1 = 0.0.0, i2 = 0, SINR = 48 dB, CQI = 15
[0m[NR_PHY] RI = 2 i1 = 0.0.0, i2 = 0, SINR = 48 dB, CQI = 15
[0m[NR_PHY] RI = 2 i1 = 0.0.0, i2 = 0, SINR = 48 dB, CQI = 15
[0m[NR_PHY] RI = 2 i1 = 0.0.0, i2 = 0, SINR = 48 dB, CQI = 15
[0m[NR_PHY] RI = 2 i1 = 0.0.0, i2 = 0, SINR = 48 dB, CQI = 15
[0m[NR_PHY] RI = 2 i1 = 0.0.0, i2 = 0, SINR = 48 dB, CQI = 15
[0m[NR_PHY] RI = 2 i1 = 0.0.0, i2 = 0, SINR = 48 dB, CQI = 15
[0m[NR_PHY] RI = 2 i1 = 0.0.0, i2 = 0, SINR = 48 dB, CQI = 15
[0m[NR_PHY] RI = 2 i1 = 0.0.0, i2 = 0, SINR = 48 dB, CQI = 15
[0m[NR_PHY] RI = 2 i1 = 0.0.0, i2 = 0, SINR = 48 dB, CQI = 15
[0m[NR_PHY] RI = 2 i1 = 0.0.0, i2 = 0, SINR = 48 dB, CQI = 15
[0m[NR_PHY] RI = 2 i1 = 0.0.0, i2 = 0, SINR = 48 dB, CQI = 15
[0m[NR_PHY] RI = 2 i1 = 0.0.0, i2 = 0, SINR = 48 dB, CQI = 15
[0m[NR_PHY] RI = 2 i1 = 0.0.0, i2 = 0, SINR = 48 dB, CQI = 15
[0m[NR_PHY] RI = 2 i1 = 0.0.0, i2 = 0, SINR = 48 dB, CQI = 15
[0m[NR_PHY] RI = 2 i1 = 0.0.0, i2 = 0, SINR = 48 dB, CQI = 15
[0m[NR_PHY] RI = 2 i1 = 0.0.0, i2 = 0, SINR = 48 dB, CQI = 15
[0m[NR_MAC] UE 0 RNTI 3cc4 stats sfn: 512.2, cumulated bad DCI 0
    DL harq: 666/0
    UL harq: 14939/19 avg code rate 0.9, avg bit/symbol 5.9, avg per TB: (nb RBs 17.0, nb symbols 13.0)
[0m[NR_PHY] RI = 2 i1 = 0.0.0, i2 = 0, SINR = 48 dB, CQI = 15
[0m[NR_PHY] RI = 2 i1 = 0.0.0, i2 = 0, SINR = 48 dB, CQI = 15
[0m[NR_PHY] RI = 2 i1 = 0.0.0, i2 = 0, SINR = 48 dB, CQI = 15
[0m[NR_PHY] RI = 2 i1 = 0.0.0, i2 = 0, SINR = 48 dB, CQI = 15
[0m[NR_PHY] RI = 2 i1 = 0.0.0, i2 = 0, SINR = 48 dB, CQI = 15
[0m[NR_PHY] RI = 2 i1 = 0.0.0, i2 = 0, SINR = 48 dB, CQI = 15
[0m[NR_PHY] RI = 2 i1 = 0.0.0, i2 = 0, SINR = 48 dB, CQI = 15
[0m[NR_PHY] RI = 2 i1 = 0.0.0, i2 = 0, SINR = 48 dB, CQI = 15
[0m[NR_PHY] RI = 2 i1 = 0.0.0, i2 = 0, SINR = 48 dB, CQI = 15
[0m[NR_PHY] RI = 2 i1 = 0.0.0, i2 = 0, SINR = 48 dB, CQI = 15
[0m[NR_PHY] RI = 2 i1 = 0.0.0, i2 = 0, SINR = 48 dB, CQI = 15
[0m[NR_PHY] RI = 2 i1 = 0.0.0, i2 = 0, SINR = 48 dB, CQI = 15
[0m[NR_PHY] RI = 2 i1 = 0.0.0, i2 = 0, SINR = 48 dB, CQI = 15
[0m[NR_PHY] RI = 2 i1 = 0.0.0, i2 = 0, SINR = 48 dB, CQI = 15
[0m[NR_PHY] RI = 2 i1 = 0.0.0, i2 = 0, SINR = 48 dB, CQI = 15
[0m[NR_PHY] RI = 2 i1 = 0.0.0, i2 = 0, SINR = 48 dB, CQI = 15
[0m[NR_PHY] RI = 2 i1 = 0.0.0, i2 = 0, SINR = 48 dB, CQI = 15
[0m[NR_PHY] RI = 2 i1 = 0.0.0, i2 = 0, SINR = 48 dB, CQI = 15
[0m[NR_PHY] RI = 2 i1 = 0.0.0, i2 = 0, SINR = 48 dB, CQI = 15
[0m[NR_PHY] RI = 2 i1 = 0.0.0, i2 = 0, SINR = 48 dB, CQI = 15
[0m[NR_PHY] RI = 2 i1 = 0.0.0, i2 = 0, SINR = 48 dB, CQI = 15
[0m[NR_PHY] RI = 2 i1 = 0.0.0, i2 = 0, SINR = 48 dB, CQI = 15
[0m[NR_PHY] RI = 2 i1 = 0.0.0, i2 = 0, SINR = 48 dB, CQI = 15
[0m[NR_PHY] RI = 2 i1 = 0.0.0, i2 = 0, SINR = 48 dB, CQI = 15
[0m[NR_PHY] RI = 2 i1 = 0.0.0, i2 = 0, SINR = 48 dB, CQI = 15
[0m[NR_PHY] RI = 2 i1 = 0.0.0, i2 = 0, SINR = 48 dB, CQI = 15
[0m[NR_PHY] RI = 2 i1 = 0.0.0, i2 = 0, SINR = 48 dB, CQI = 15
[0m[NR_PHY] RI = 2 i1 = 0.0.0, i2 = 0, SINR = 48 dB, CQI = 15
[0m[NR_PHY] RI = 2 i1 = 0.0.0, i2 = 0, SINR = 48 dB, CQI = 15
[0m[NR_PHY] RI = 2 i1 = 0.0.0, i2 = 0, SINR = 48 dB, CQI = 15
[0m[NR_PHY] RI = 2 i1 = 0.0.0, i2 = 0, SINR = 48 dB, CQI = 15
[0m[NR_PHY] RI = 2 i1 = 0.0.0, i2 = 0, SINR = 48 dB, CQI = 15
[0m[NR_PHY] RI = 2 i1 = 0.0.0, i2 = 0, SINR = 48 dB, CQI = 15
[0m[NR_PHY] RI = 2 i1 = 0.0.0, i2 = 0, SINR = 48 dB, CQI = 15
[0m[NR_PHY] RI = 2 i1 = 0.0.0, i2 = 0, SINR = 48 dB, CQI = 15
[0m[NR_PHY] RI = 2 i1 = 0.0.0, i2 = 0, SINR = 48 dB, CQI = 15
[0m[NR_PHY] RI = 2 i1 = 0.0.0, i2 = 0, SINR = 48 dB, CQI = 15
[0m[NR_PHY] RI = 2 i1 = 0.0.0, i2 = 0, SINR = 48 dB, CQI = 15
[0m[NR_PHY] RI = 2 i1 = 0.0.0, i2 = 0, SINR = 48 dB, CQI = 15
[0m[NR_PHY] RI = 2 i1 = 0.0.0, i2 = 0, SINR = 48 dB, CQI = 15
[0m[NR_PHY] RI = 2 i1 = 0.0.0, i2 = 0, SINR = 48 dB, CQI = 15
[0m[NR_PHY] RI = 2 i1 = 0.0.0, i2 = 0, SINR = 48 dB, CQI = 15
[0m[NR_PHY] RI = 2 i1 = 0.0.0, i2 = 0, SINR = 48 dB, CQI = 15
[0m[NR_PHY] RI = 2 i1 = 0.0.0, i2 = 0, SINR = 48 dB, CQI = 15
[0m[NR_PHY] RI = 2 i1 = 0.0.0, i2 = 0, SINR = 48 dB, CQI = 15
[0m[NR_PHY] RI = 2 i1 = 0.0.0, i2 = 0, SINR = 48 dB, CQI = 15
[0m[NR_PHY] RI = 2 i1 = 0.0.0, i2 = 0, SINR = 48 dB, CQI = 15
[0m[NR_PHY] RI = 2 i1 = 0.0.0, i2 = 0, SINR = 48 dB, CQI = 15
[0m[NR_PHY] RI = 2 i1 = 0.0.0, i2 = 0, SINR = 48 dB, CQI = 15
[0m[NR_PHY] RI = 2 i1 = 0.0.0, i2 = 0, SINR = 48 dB, CQI = 15
[0m[NR_PHY] RI = 2 i1 = 0.0.0, i2 = 0, SINR = 48 dB, CQI = 15
[0m[NR_PHY] RI = 2 i1 = 0.0.0, i2 = 0, SINR = 48 dB, CQI = 15
[0m[NR_PHY] RI = 2 i1 = 0.0.0, i2 = 0, SINR = 48 dB, CQI = 15
[0m[NR_PHY] RI = 2 i1 = 0.0.0, i2 = 0, SINR = 48 dB, CQI = 15
[0m[NR_PHY] RI = 2 i1 = 0.0.0, i2 = 0, SINR = 48 dB, CQI = 15
[0m[NR_PHY] RI = 2 i1 = 0.0.0, i2 = 0, SINR = 48 dB, CQI = 15
[0m[NR_PHY] RI = 2 i1 = 0.0.0, i2 = 0, SINR = 48 dB, CQI = 15
[0m[NR_PHY] RI = 2 i1 = 0.0.0, i2 = 0, SINR = 48 dB, CQI = 15
[0m[NR_PHY] RI = 2 i1 = 0.0.0, i2 = 0, SINR = 48 dB, CQI = 15
[0m[NR_PHY] RI = 2 i1 = 0.0.0, i2 = 0, SINR = 48 dB, CQI = 15
[0m[NR_PHY] RI = 2 i1 = 0.0.0, i2 = 0, SINR = 48 dB, CQI = 15
[0m[NR_PHY] RI = 2 i1 = 0.0.0, i2 = 0, SINR = 48 dB, CQI = 15
[0m[NR_PHY] RI = 2 i1 = 0.0.0, i2 = 0, SINR = 48 dB, CQI = 15
[0m[NR_PHY] RI = 2 i1 = 0.0.0, i2 = 0, SINR = 48 dB, CQI = 15
[0m[NR_MAC] UE 0 RNTI 3cc4 stats sfn: 640.2, cumulated bad DCI 0
    DL harq: 689/0
    UL harq: 15451/19 avg code rate 0.9, avg bit/symbol 5.9, avg per TB: (nb RBs 17.0, nb symbols 13.0)
[0m[NR_PHY] RI = 2 i1 = 0.0.0, i2 = 0, SINR = 48 dB, CQI = 15
[0m[NR_PHY] RI = 2 i1 = 0.0.0, i2 = 0, SINR = 48 dB, CQI = 15
[0m[NR_PHY] RI = 2 i1 = 0.0.0, i2 = 0, SINR = 48 dB, CQI = 15
[0m[NR_PHY] RI = 2 i1 = 0.0.0, i2 = 0, SINR = 48 dB, CQI = 15
[0m[NR_PHY] RI = 2 i1 = 0.0.0, i2 = 0, SINR = 48 dB, CQI = 15
[0m[NR_PHY] RI = 2 i1 = 0.0.0, i2 = 0, SINR = 48 dB, CQI = 15
[0m[NR_PHY] RI = 2 i1 = 0.0.0, i2 = 0, SINR = 48 dB, CQI = 15
[0m[NR_PHY] RI = 2 i1 = 0.0.0, i2 = 0, SINR = 48 dB, CQI = 15
[0m[NR_PHY] RI = 2 i1 = 0.0.0, i2 = 0, SINR = 48 dB, CQI = 15
[0m[NR_PHY] RI = 2 i1 = 0.0.0, i2 = 0, SINR = 48 dB, CQI = 15
[0m[NR_PHY] RI = 2 i1 = 0.0.0, i2 = 0, SINR = 48 dB, CQI = 15
[0m[NR_PHY] RI = 2 i1 = 0.0.0, i2 = 0, SINR = 48 dB, CQI = 15
[0m[NR_PHY] RI = 2 i1 = 0.0.0, i2 = 0, SINR = 48 dB, CQI = 15
[0m[NR_PHY] RI = 2 i1 = 0.0.0, i2 = 0, SINR = 48 dB, CQI = 15
[0m[NR_PHY] RI = 2 i1 = 0.0.0, i2 = 0, SINR = 48 dB, CQI = 15
[0m[NR_PHY] RI = 2 i1 = 0.0.0, i2 = 0, SINR = 48 dB, CQI = 15
[0m[NR_PHY] RI = 2 i1 = 0.0.0, i2 = 0, SINR = 48 dB, CQI = 15
[0m[NR_PHY] RI = 2 i1 = 0.0.0, i2 = 0, SINR = 48 dB, CQI = 15
[0m[NR_PHY] RI = 2 i1 = 0.0.0, i2 = 0, SINR = 48 dB, CQI = 15
[0m[NR_PHY] RI = 2 i1 = 0.0.0, i2 = 0, SINR = 48 dB, CQI = 15
[0m[NR_PHY] RI = 2 i1 = 0.0.0, i2 = 0, SINR = 48 dB, CQI = 15
[0m[NR_PHY] RI = 2 i1 = 0.0.0, i2 = 0, SINR = 48 dB, CQI = 15
[0m[NR_PHY] RI = 2 i1 = 0.0.0, i2 = 0, SINR = 48 dB, CQI = 15
[0m[NR_PHY] RI = 2 i1 = 0.0.0, i2 = 0, SINR = 48 dB, CQI = 15
[0m[NR_PHY] RI = 2 i1 = 0.0.0, i2 = 0, SINR = 48 dB, CQI = 15
[0m[NR_PHY] RI = 2 i1 = 0.0.0, i2 = 0, SINR = 48 dB, CQI = 15
[0m[NR_PHY] RI = 2 i1 = 0.0.0, i2 = 0, SINR = 48 dB, CQI = 15
[0m[NR_PHY] RI = 2 i1 = 0.0.0, i2 = 0, SINR = 48 dB, CQI = 15
[0m[NR_PHY] RI = 2 i1 = 0.0.0, i2 = 0, SINR = 48 dB, CQI = 15
[0m[NR_PHY] RI = 2 i1 = 0.0.0, i2 = 0, SINR = 48 dB, CQI = 15
[0m[NR_PHY] RI = 2 i1 = 0.0.0, i2 = 0, SINR = 48 dB, CQI = 15
[0m[NR_PHY] RI = 2 i1 = 0.0.0, i2 = 0, SINR = 48 dB, CQI = 15
[0m[NR_PHY] RI = 2 i1 = 0.0.0, i2 = 0, SINR = 48 dB, CQI = 15
[0m[NR_PHY] RI = 2 i1 = 0.0.0, i2 = 0, SINR = 48 dB, CQI = 15
[0m[NR_PHY] RI = 2 i1 = 0.0.0, i2 = 0, SINR = 48 dB, CQI = 15
[0m[NR_PHY] RI = 2 i1 = 0.0.0, i2 = 0, SINR = 48 dB, CQI = 15
[0m[NR_PHY] RI = 2 i1 = 0.0.0, i2 = 0, SINR = 48 dB, CQI = 15
[0m[NR_PHY] RI = 2 i1 = 0.0.0, i2 = 0, SINR = 48 dB, CQI = 15
[0m[NR_PHY] RI = 2 i1 = 0.0.0, i2 = 0, SINR = 48 dB, CQI = 15
[0m[NR_PHY] RI = 2 i1 = 0.0.0, i2 = 0, SINR = 48 dB, CQI = 15
[0m[NR_PHY] RI = 2 i1 = 0.0.0, i2 = 0, SINR = 48 dB, CQI = 15
[0m[NR_PHY] RI = 2 i1 = 0.0.0, i2 = 0, SINR = 48 dB, CQI = 15
[0m[NR_PHY] RI = 2 i1 = 0.0.0, i2 = 0, SINR = 48 dB, CQI = 15
[0m[NR_PHY] RI = 2 i1 = 0.0.0, i2 = 0, SINR = 48 dB, CQI = 15
[0m[NR_PHY] RI = 2 i1 = 0.0.0, i2 = 0, SINR = 48 dB, CQI = 15
[0m[NR_PHY] RI = 2 i1 = 0.0.0, i2 = 0, SINR = 48 dB, CQI = 15
[0m[NR_PHY] RI = 2 i1 = 0.0.0, i2 = 0, SINR = 48 dB, CQI = 15
[0m[NR_PHY] RI = 2 i1 = 0.0.0, i2 = 0, SINR = 48 dB, CQI = 15
[0m[NR_PHY] RI = 2 i1 = 0.0.0, i2 = 0, SINR = 48 dB, CQI = 15
[0m[NR_PHY] RI = 2 i1 = 0.0.0, i2 = 0, SINR = 48 dB, CQI = 15
[0m[NR_PHY] RI = 2 i1 = 0.0.0, i2 = 0, SINR = 48 dB, CQI = 15
[0m[NR_PHY] RI = 2 i1 = 0.0.0, i2 = 0, SINR = 48 dB, CQI = 15
[0m[NR_PHY] RI = 2 i1 = 0.0.0, i2 = 0, SINR = 48 dB, CQI = 15
[0m[NR_PHY] RI = 2 i1 = 0.0.0, i2 = 0, SINR = 48 dB, CQI = 15
[0m[NR_PHY] RI = 2 i1 = 0.0.0, i2 = 0, SINR = 48 dB, CQI = 15
[0m[NR_PHY] RI = 2 i1 = 0.0.0, i2 = 0, SINR = 48 dB, CQI = 15
[0m[NR_PHY] RI = 2 i1 = 0.0.0, i2 = 0, SINR = 48 dB, CQI = 15
[0m[NR_PHY] RI = 2 i1 = 0.0.0, i2 = 0, SINR = 48 dB, CQI = 15
[0m[NR_PHY] RI = 2 i1 = 0.0.0, i2 = 0, SINR = 48 dB, CQI = 15
[0m[NR_PHY] RI = 2 i1 = 0.0.0, i2 = 0, SINR = 48 dB, CQI = 15
[0m[NR_PHY] RI = 2 i1 = 0.0.0, i2 = 0, SINR = 48 dB, CQI = 15
[0m[NR_PHY] RI = 2 i1 = 0.0.0, i2 = 0, SINR = 48 dB, CQI = 15
[0m[NR_PHY] RI = 2 i1 = 0.0.0, i2 = 0, SINR = 48 dB, CQI = 15
[0m[NR_PHY] RI = 2 i1 = 0.0.0, i2 = 0, SINR = 48 dB, CQI = 15
[0m[NR_MAC] UE 0 RNTI 3cc4 stats sfn: 768.2, cumulated bad DCI 0
    DL harq: 710/0
    UL harq: 15961/20 avg code rate 0.9, avg bit/symbol 5.9, avg per TB: (nb RBs 17.0, nb symbols 13.0)
[0m[NR_PHY] RI = 2 i1 = 0.0.0, i2 = 0, SINR = 48 dB, CQI = 15
[0m[NR_PHY] RI = 2 i1 = 0.0.0, i2 = 0, SINR = 48 dB, CQI = 15
[0m[NR_PHY] RI = 2 i1 = 0.0.0, i2 = 0, SINR = 48 dB, CQI = 15
[0m[NR_PHY] RI = 2 i1 = 0.0.0, i2 = 0, SINR = 48 dB, CQI = 15
[0m[NR_PHY] RI = 2 i1 = 0.0.0, i2 = 0, SINR = 48 dB, CQI = 15
[0m[NR_PHY] RI = 2 i1 = 0.0.0, i2 = 0, SINR = 48 dB, CQI = 15
[0m[NR_PHY] RI = 2 i1 = 0.0.0, i2 = 0, SINR = 48 dB, CQI = 15
[0m[NR_PHY] RI = 2 i1 = 0.0.0, i2 = 0, SINR = 48 dB, CQI = 15
[0m[NR_PHY] RI = 2 i1 = 0.0.0, i2 = 0, SINR = 48 dB, CQI = 15
[0m[NR_PHY] RI = 2 i1 = 0.0.0, i2 = 0, SINR = 48 dB, CQI = 15
[0m[NR_PHY] RI = 2 i1 = 0.0.0, i2 = 0, SINR = 48 dB, CQI = 15
[0m[NR_PHY] RI = 2 i1 = 0.0.0, i2 = 0, SINR = 48 dB, CQI = 15
[0m[NR_PHY] RI = 2 i1 = 0.0.0, i2 = 0, SINR = 48 dB, CQI = 15
[0m[NR_PHY] RI = 2 i1 = 0.0.0, i2 = 0, SINR = 48 dB, CQI = 15
[0m[NR_PHY] RI = 2 i1 = 0.0.0, i2 = 0, SINR = 48 dB, CQI = 15
[0m[NR_PHY] RI = 2 i1 = 0.0.0, i2 = 0, SINR = 48 dB, CQI = 15
[0m[NR_PHY] RI = 2 i1 = 0.0.0, i2 = 0, SINR = 48 dB, CQI = 15
[0m[NR_PHY] RI = 2 i1 = 0.0.0, i2 = 0, SINR = 48 dB, CQI = 15
[0m[NR_PHY] RI = 2 i1 = 0.0.0, i2 = 0, SINR = 48 dB, CQI = 15
[0m[NR_PHY] RI = 2 i1 = 0.0.0, i2 = 0, SINR = 48 dB, CQI = 15
[0m[NR_PHY] RI = 2 i1 = 0.0.0, i2 = 0, SINR = 48 dB, CQI = 15
[0m[NR_PHY] RI = 2 i1 = 0.0.0, i2 = 0, SINR = 48 dB, CQI = 15
[0m[NR_PHY] RI = 2 i1 = 0.0.0, i2 = 0, SINR = 48 dB, CQI = 15
[0m[NR_PHY] RI = 2 i1 = 0.0.0, i2 = 0, SINR = 48 dB, CQI = 15
[0m[NR_PHY] RI = 2 i1 = 0.0.0, i2 = 0, SINR = 48 dB, CQI = 15
[0m[NR_PHY] RI = 2 i1 = 0.0.0, i2 = 0, SINR = 48 dB, CQI = 15
[0m[NR_PHY] RI = 2 i1 = 0.0.0, i2 = 0, SINR = 48 dB, CQI = 15
[0m[NR_PHY] RI = 2 i1 = 0.0.0, i2 = 0, SINR = 48 dB, CQI = 15
[0m[NR_PHY] RI = 2 i1 = 0.0.0, i2 = 0, SINR = 48 dB, CQI = 15
[0m[NR_PHY] RI = 2 i1 = 0.0.0, i2 = 0, SINR = 48 dB, CQI = 15
[0m[NR_PHY] RI = 2 i1 = 0.0.0, i2 = 0, SINR = 48 dB, CQI = 15
[0m[NR_PHY] RI = 2 i1 = 0.0.0, i2 = 0, SINR = 48 dB, CQI = 15
[0m[NR_PHY] RI = 2 i1 = 0.0.0, i2 = 0, SINR = 48 dB, CQI = 15
[0m[NR_PHY] RI = 2 i1 = 0.0.0, i2 = 0, SINR = 48 dB, CQI = 15
[0m[NR_PHY] RI = 2 i1 = 0.0.0, i2 = 0, SINR = 48 dB, CQI = 15
[0m[NR_PHY] RI = 2 i1 = 0.0.0, i2 = 0, SINR = 48 dB, CQI = 15
[0m[NR_PHY] RI = 2 i1 = 0.0.0, i2 = 0, SINR = 48 dB, CQI = 15
[0m[NR_PHY] RI = 2 i1 = 0.0.0, i2 = 0, SINR = 48 dB, CQI = 15
[0m[NR_PHY] RI = 2 i1 = 0.0.0, i2 = 0, SINR = 48 dB, CQI = 15
[0m[NR_PHY] RI = 2 i1 = 0.0.0, i2 = 0, SINR = 48 dB, CQI = 15
[0m[NR_PHY] RI = 2 i1 = 0.0.0, i2 = 0, SINR = 48 dB, CQI = 15
[0m[NR_PHY] RI = 2 i1 = 0.0.0, i2 = 0, SINR = 48 dB, CQI = 15
[0m[NR_PHY] RI = 2 i1 = 0.0.0, i2 = 0, SINR = 48 dB, CQI = 15
[0m[NR_PHY] RI = 2 i1 = 0.0.0, i2 = 0, SINR = 48 dB, CQI = 15
[0m[NR_PHY] RI = 2 i1 = 0.0.0, i2 = 0, SINR = 48 dB, CQI = 15
[0m[NR_PHY] RI = 2 i1 = 0.0.0, i2 = 0, SINR = 48 dB, CQI = 15
[0m[NR_PHY] RI = 2 i1 = 0.0.0, i2 = 0, SINR = 48 dB, CQI = 15
[0m[NR_PHY] RI = 2 i1 = 0.0.0, i2 = 0, SINR = 48 dB, CQI = 15
[0m[NR_PHY] RI = 2 i1 = 0.0.0, i2 = 0, SINR = 48 dB, CQI = 15
[0m[NR_PHY] RI = 2 i1 = 0.0.0, i2 = 0, SINR = 48 dB, CQI = 15
[0m[NR_PHY] RI = 2 i1 = 0.0.0, i2 = 0, SINR = 48 dB, CQI = 15
[0m[NR_PHY] RI = 2 i1 = 0.0.0, i2 = 0, SINR = 48 dB, CQI = 15
[0m[NR_PHY] RI = 2 i1 = 0.0.0, i2 = 0, SINR = 48 dB, CQI = 15
[0m[NR_PHY] RI = 2 i1 = 0.0.0, i2 = 0, SINR = 48 dB, CQI = 15
[0m[NR_PHY] RI = 2 i1 = 0.0.0, i2 = 0, SINR = 48 dB, CQI = 15
[0m[NR_PHY] RI = 2 i1 = 0.0.0, i2 = 0, SINR = 48 dB, CQI = 15
[0m[NR_PHY] RI = 2 i1 = 0.0.0, i2 = 0, SINR = 48 dB, CQI = 15
[0m[NR_PHY] RI = 2 i1 = 0.0.0, i2 = 0, SINR = 48 dB, CQI = 15
[0m[NR_PHY] RI = 2 i1 = 0.0.0, i2 = 0, SINR = 48 dB, CQI = 15
[0m[NR_PHY] RI = 2 i1 = 0.0.0, i2 = 0, SINR = 48 dB, CQI = 15
[0m[NR_PHY] RI = 2 i1 = 0.0.0, i2 = 0, SINR = 48 dB, CQI = 15
[0m[NR_PHY] RI = 2 i1 = 0.0.0, i2 = 0, SINR = 48 dB, CQI = 15
[0m[NR_PHY] RI = 2 i1 = 0.0.0, i2 = 0, SINR = 48 dB, CQI = 15
[0m[NR_PHY] RI = 2 i1 = 0.0.0, i2 = 0, SINR = 48 dB, CQI = 15
[0m[NR_MAC] UE 0 RNTI 3cc4 stats sfn: 896.2, cumulated bad DCI 0
    DL harq: 731/0
    UL harq: 16465/24 avg code rate 0.9, avg bit/symbol 5.9, avg per TB: (nb RBs 17.0, nb symbols 13.0)
[0m[NR_PHY] RI = 2 i1 = 0.0.0, i2 = 0, SINR = 48 dB, CQI = 15
[0m[NR_PHY] RI = 2 i1 = 0.0.0, i2 = 0, SINR = 48 dB, CQI = 15
[0m[NR_PHY] RI = 2 i1 = 0.0.0, i2 = 0, SINR = 48 dB, CQI = 15
[0m[NR_PHY] RI = 2 i1 = 0.0.0, i2 = 0, SINR = 48 dB, CQI = 15
[0m[NR_PHY] RI = 2 i1 = 0.0.0, i2 = 0, SINR = 48 dB, CQI = 15
[0m[NR_PHY] RI = 2 i1 = 0.0.0, i2 = 0, SINR = 48 dB, CQI = 15
[0m[NR_PHY] RI = 2 i1 = 0.0.0, i2 = 0, SINR = 48 dB, CQI = 15
[0m[NR_PHY] RI = 2 i1 = 0.0.0, i2 = 0, SINR = 48 dB, CQI = 15
[0m[NR_PHY] RI = 2 i1 = 0.0.0, i2 = 0, SINR = 48 dB, CQI = 15
[0m[NR_PHY] RI = 2 i1 = 0.0.0, i2 = 0, SINR = 48 dB, CQI = 15
[0m[NR_PHY] RI = 2 i1 = 0.0.0, i2 = 0, SINR = 48 dB, CQI = 15
[0m[NR_PHY] RI = 2 i1 = 0.0.0, i2 = 0, SINR = 48 dB, CQI = 15
[0m[NR_PHY] RI = 2 i1 = 0.0.0, i2 = 0, SINR = 48 dB, CQI = 15
[0m[NR_PHY] RI = 2 i1 = 0.0.0, i2 = 0, SINR = 48 dB, CQI = 15
[0m[NR_PHY] RI = 2 i1 = 0.0.0, i2 = 0, SINR = 48 dB, CQI = 15
[0m[NR_PHY] RI = 2 i1 = 0.0.0, i2 = 0, SINR = 48 dB, CQI = 15
[0m[NR_PHY] RI = 2 i1 = 0.0.0, i2 = 0, SINR = 48 dB, CQI = 15
[0m[NR_PHY] RI = 2 i1 = 0.0.0, i2 = 0, SINR = 48 dB, CQI = 15
[0m[NR_PHY] RI = 2 i1 = 0.0.0, i2 = 0, SINR = 48 dB, CQI = 15
[0m[NR_PHY] RI = 2 i1 = 0.0.0, i2 = 0, SINR = 48 dB, CQI = 15
[0m[NR_PHY] RI = 2 i1 = 0.0.0, i2 = 0, SINR = 48 dB, CQI = 15
[0m[NR_PHY] RI = 2 i1 = 0.0.0, i2 = 0, SINR = 48 dB, CQI = 15
[0m[NR_PHY] RI = 2 i1 = 0.0.0, i2 = 0, SINR = 48 dB, CQI = 15
[0m[NR_PHY] RI = 2 i1 = 0.0.0, i2 = 0, SINR = 48 dB, CQI = 15
[0m[NR_PHY] RI = 2 i1 = 0.0.0, i2 = 0, SINR = 48 dB, CQI = 15
[0m[NR_PHY] RI = 2 i1 = 0.0.0, i2 = 0, SINR = 48 dB, CQI = 15
[0m[NR_PHY] RI = 2 i1 = 0.0.0, i2 = 0, SINR = 48 dB, CQI = 15
[0m[NR_PHY] RI = 2 i1 = 0.0.0, i2 = 0, SINR = 48 dB, CQI = 15
[0m[NR_PHY] RI = 2 i1 = 0.0.0, i2 = 0, SINR = 48 dB, CQI = 15
[0m[NR_PHY] RI = 2 i1 = 0.0.0, i2 = 0, SINR = 48 dB, CQI = 15
[0m[NR_PHY] RI = 2 i1 = 0.0.0, i2 = 0, SINR = 48 dB, CQI = 15
[0m[NR_PHY] RI = 2 i1 = 0.0.0, i2 = 0, SINR = 48 dB, CQI = 15
[0m[NR_PHY] RI = 2 i1 = 0.0.0, i2 = 0, SINR = 48 dB, CQI = 15
[0m[NR_PHY] RI = 2 i1 = 0.0.0, i2 = 0, SINR = 48 dB, CQI = 15
[0m[NR_PHY] RI = 2 i1 = 0.0.0, i2 = 0, SINR = 48 dB, CQI = 15
[0m[NR_PHY] RI = 2 i1 = 0.0.0, i2 = 0, SINR = 48 dB, CQI = 15
[0m[NR_PHY] RI = 2 i1 = 0.0.0, i2 = 0, SINR = 48 dB, CQI = 15
[0m[NR_PHY] RI = 2 i1 = 0.0.0, i2 = 0, SINR = 48 dB, CQI = 15
[0m[NR_PHY] RI = 2 i1 = 0.0.0, i2 = 0, SINR = 48 dB, CQI = 15
[0m[NR_PHY] RI = 2 i1 = 0.0.0, i2 = 0, SINR = 48 dB, CQI = 15
[0m[NR_PHY] RI = 2 i1 = 0.0.0, i2 = 0, SINR = 48 dB, CQI = 15
[0m[NR_PHY] RI = 2 i1 = 0.0.0, i2 = 0, SINR = 48 dB, CQI = 15
[0m[NR_PHY] RI = 2 i1 = 0.0.0, i2 = 0, SINR = 48 dB, CQI = 15
[0m[NR_PHY] RI = 2 i1 = 0.0.0, i2 = 0, SINR = 48 dB, CQI = 15
[0m[NR_PHY] RI = 2 i1 = 0.0.0, i2 = 0, SINR = 48 dB, CQI = 15
[0m[NR_PHY] RI = 2 i1 = 0.0.0, i2 = 0, SINR = 48 dB, CQI = 15
[0m[NR_PHY] RI = 2 i1 = 0.0.0, i2 = 0, SINR = 48 dB, CQI = 15
[0m[NR_PHY] RI = 2 i1 = 0.0.0, i2 = 0, SINR = 48 dB, CQI = 15
[0m[NR_PHY] RI = 2 i1 = 0.0.0, i2 = 0, SINR = 48 dB, CQI = 15
[0m[NR_PHY] RI = 2 i1 = 0.0.0, i2 = 0, SINR = 48 dB, CQI = 15
[0m[NR_PHY] RI = 2 i1 = 0.0.0, i2 = 0, SINR = 48 dB, CQI = 15
[0m[NR_PHY] RI = 2 i1 = 0.0.0, i2 = 0, SINR = 48 dB, CQI = 15
[0m[NR_PHY] RI = 2 i1 = 0.0.0, i2 = 0, SINR = 48 dB, CQI = 15
[0m[NR_PHY] RI = 2 i1 = 0.0.0, i2 = 0, SINR = 48 dB, CQI = 15
[0m[NR_PHY] RI = 2 i1 = 0.0.0, i2 = 0, SINR = 48 dB, CQI = 15
[0m[NR_PHY] RI = 2 i1 = 0.0.0, i2 = 0, SINR = 48 dB, CQI = 15
[0m[NR_PHY] RI = 2 i1 = 0.0.0, i2 = 0, SINR = 48 dB, CQI = 15
[0m[NR_PHY] RI = 2 i1 = 0.0.0, i2 = 0, SINR = 48 dB, CQI = 15
[0m[NR_PHY] RI = 2 i1 = 0.0.0, i2 = 0, SINR = 48 dB, CQI = 15
[0m[NR_PHY] RI = 2 i1 = 0.0.0, i2 = 0, SINR = 48 dB, CQI = 15
[0m[NR_PHY] RI = 2 i1 = 0.0.0, i2 = 0, SINR = 48 dB, CQI = 15
[0m[NR_PHY] RI = 2 i1 = 0.0.0, i2 = 0, SINR = 48 dB, CQI = 15
[0m[NR_PHY] RI = 2 i1 = 0.0.0, i2 = 0, SINR = 48 dB, CQI = 15
[0m[NR_PHY] RI = 2 i1 = 0.0.0, i2 = 0, SINR = 48 dB, CQI = 15
[0m[NR_MAC] UE 0 RNTI 3cc4 stats sfn: 0.2, cumulated bad DCI 0
    DL harq: 754/0
    UL harq: 16977/24 avg code rate 0.9, avg bit/symbol 5.9, avg per TB: (nb RBs 17.0, nb symbols 13.0)
[0m[NR_PHY] RI = 2 i1 = 0.0.0, i2 = 0, SINR = 48 dB, CQI = 15
[0m[NR_PHY] RI = 2 i1 = 0.0.0, i2 = 0, SINR = 48 dB, CQI = 15
[0m[NR_PHY] RI = 2 i1 = 0.0.0, i2 = 0, SINR = 48 dB, CQI = 15
[0m[NR_PHY] RI = 2 i1 = 0.0.0, i2 = 0, SINR = 48 dB, CQI = 15
[0m[NR_PHY] RI = 2 i1 = 0.0.0, i2 = 0, SINR = 48 dB, CQI = 15
[0m[NR_PHY] RI = 2 i1 = 0.0.0, i2 = 0, SINR = 48 dB, CQI = 15
[0m[NR_PHY] RI = 2 i1 = 0.0.0, i2 = 0, SINR = 48 dB, CQI = 15
[0m[NR_PHY] RI = 2 i1 = 0.0.0, i2 = 0, SINR = 48 dB, CQI = 15
[0m[NR_PHY] RI = 2 i1 = 0.0.0, i2 = 0, SINR = 48 dB, CQI = 15
[0m[NR_PHY] RI = 2 i1 = 0.0.0, i2 = 0, SINR = 48 dB, CQI = 15
[0m[NR_PHY] RI = 2 i1 = 0.0.0, i2 = 0, SINR = 0 dB, CQI = 0
[0m[NR_PHY] RI = 2 i1 = 0.0.0, i2 = 0, SINR = 48 dB, CQI = 15
[0m[NR_PHY] RI = 2 i1 = 0.0.0, i2 = 0, SINR = 48 dB, CQI = 15
[0m[NR_PHY] RI = 2 i1 = 0.0.0, i2 = 0, SINR = 48 dB, CQI = 15
[0m[NR_PHY] RI = 2 i1 = 0.0.0, i2 = 0, SINR = 48 dB, CQI = 15
[0m[NR_PHY] RI = 2 i1 = 0.0.0, i2 = 0, SINR = 48 dB, CQI = 15
[0m[NR_PHY] RI = 2 i1 = 0.0.0, i2 = 0, SINR = 48 dB, CQI = 15
[0m[NR_PHY] RI = 2 i1 = 0.0.0, i2 = 0, SINR = 48 dB, CQI = 15
[0m[NR_PHY] RI = 2 i1 = 0.0.0, i2 = 0, SINR = 48 dB, CQI = 15
[0m[NR_PHY] RI = 2 i1 = 0.0.0, i2 = 0, SINR = 48 dB, CQI = 15
[0m[NR_PHY] RI = 2 i1 = 0.0.0, i2 = 0, SINR = 48 dB, CQI = 15
[0m[NR_PHY] RI = 2 i1 = 0.0.0, i2 = 0, SINR = 48 dB, CQI = 15
[0m[NR_PHY] RI = 2 i1 = 0.0.0, i2 = 0, SINR = 48 dB, CQI = 15
[0m[NR_PHY] RI = 2 i1 = 0.0.0, i2 = 0, SINR = 48 dB, CQI = 15
[0m[NR_PHY] RI = 2 i1 = 0.0.0, i2 = 0, SINR = 48 dB, CQI = 15
[0m[NR_PHY] RI = 2 i1 = 0.0.0, i2 = 0, SINR = 48 dB, CQI = 15
[0m[NR_PHY] RI = 2 i1 = 0.0.0, i2 = 0, SINR = 48 dB, CQI = 15
[0m[NR_PHY] RI = 2 i1 = 0.0.0, i2 = 0, SINR = 48 dB, CQI = 15
[0m[NR_PHY] RI = 2 i1 = 0.0.0, i2 = 0, SINR = 48 dB, CQI = 15
[0m[NR_PHY] RI = 2 i1 = 0.0.0, i2 = 0, SINR = 48 dB, CQI = 15
[0m[NR_PHY] RI = 2 i1 = 0.0.0, i2 = 0, SINR = 48 dB, CQI = 15
[0m[NR_PHY] RI = 2 i1 = 0.0.0, i2 = 0, SINR = 48 dB, CQI = 15
[0m[NR_PHY] RI = 2 i1 = 0.0.0, i2 = 0, SINR = 48 dB, CQI = 15
[0m[NR_PHY] RI = 2 i1 = 0.0.0, i2 = 0, SINR = 48 dB, CQI = 15
[0m[NR_PHY] RI = 2 i1 = 0.0.0, i2 = 0, SINR = 48 dB, CQI = 15
[0m[NR_PHY] RI = 2 i1 = 0.0.0, i2 = 0, SINR = 48 dB, CQI = 15
[0m[NR_PHY] RI = 2 i1 = 0.0.0, i2 = 0, SINR = 48 dB, CQI = 15
[0m[NR_PHY] RI = 2 i1 = 0.0.0, i2 = 0, SINR = 48 dB, CQI = 15
[0m[NR_PHY] RI = 2 i1 = 0.0.0, i2 = 0, SINR = 48 dB, CQI = 15
[0m[NR_PHY] RI = 2 i1 = 0.0.0, i2 = 0, SINR = 48 dB, CQI = 15
[0m[NR_PHY] RI = 2 i1 = 0.0.0, i2 = 0, SINR = 48 dB, CQI = 15
[0m[NR_PHY] RI = 2 i1 = 0.0.0, i2 = 0, SINR = 48 dB, CQI = 15
[0m[NR_PHY] RI = 2 i1 = 0.0.0, i2 = 0, SINR = 48 dB, CQI = 15
[0m[NR_PHY] RI = 2 i1 = 0.0.0, i2 = 0, SINR = 48 dB, CQI = 15
[0m[NR_PHY] RI = 2 i1 = 0.0.0, i2 = 0, SINR = 48 dB, CQI = 15
[0m[NR_PHY] RI = 2 i1 = 0.0.0, i2 = 0, SINR = 48 dB, CQI = 15
[0m[NR_PHY] RI = 2 i1 = 0.0.0, i2 = 0, SINR = 48 dB, CQI = 15
[0m[NR_PHY] RI = 2 i1 = 0.0.0, i2 = 0, SINR = 48 dB, CQI = 15
[0m[NR_PHY] RI = 2 i1 = 0.0.0, i2 = 0, SINR = 48 dB, CQI = 15
[0m[NR_PHY] RI = 2 i1 = 0.0.0, i2 = 0, SINR = 48 dB, CQI = 15
[0m[NR_PHY] RI = 2 i1 = 0.0.0, i2 = 0, SINR = 48 dB, CQI = 15
[0m[NR_PHY] RI = 2 i1 = 0.0.0, i2 = 0, SINR = 48 dB, CQI = 15
[0m[NR_PHY] RI = 2 i1 = 0.0.0, i2 = 0, SINR = 48 dB, CQI = 15
[0m[NR_PHY] RI = 2 i1 = 0.0.0, i2 = 0, SINR = 48 dB, CQI = 15
[0m[NR_PHY] RI = 2 i1 = 0.0.0, i2 = 0, SINR = 48 dB, CQI = 15
[0m[NR_PHY] RI = 2 i1 = 0.0.0, i2 = 0, SINR = 48 dB, CQI = 15
[0m[NR_PHY] RI = 2 i1 = 0.0.0, i2 = 0, SINR = 48 dB, CQI = 15
[0m[NR_PHY] RI = 2 i1 = 0.0.0, i2 = 0, SINR = 48 dB, CQI = 15
[0m[NR_PHY] RI = 2 i1 = 0.0.0, i2 = 0, SINR = 48 dB, CQI = 15
[0m[NR_PHY] RI = 2 i1 = 0.0.0, i2 = 0, SINR = 48 dB, CQI = 15
[0m[NR_PHY] RI = 2 i1 = 0.0.0, i2 = 0, SINR = 48 dB, CQI = 15
[0m[NR_PHY] RI = 2 i1 = 0.0.0, i2 = 0, SINR = 48 dB, CQI = 15
[0m[NR_PHY] RI = 2 i1 = 0.0.0, i2 = 0, SINR = 48 dB, CQI = 15
[0m[NR_PHY] RI = 2 i1 = 0.0.0, i2 = 0, SINR = 48 dB, CQI = 15
[0m[NR_MAC] UE 0 RNTI 3cc4 stats sfn: 128.2, cumulated bad DCI 0
    DL harq: 775/0
    UL harq: 17485/26 avg code rate 0.9, avg bit/symbol 5.9, avg per TB: (nb RBs 17.0, nb symbols 13.0)
[0m[NR_PHY] RI = 2 i1 = 0.0.0, i2 = 0, SINR = 48 dB, CQI = 15
[0m[NR_PHY] RI = 2 i1 = 0.0.0, i2 = 0, SINR = 48 dB, CQI = 15
[0m[NR_PHY] RI = 2 i1 = 0.0.0, i2 = 0, SINR = 48 dB, CQI = 15
[0m[NR_PHY] RI = 2 i1 = 0.0.0, i2 = 0, SINR = 48 dB, CQI = 15
[0m[NR_PHY] RI = 2 i1 = 0.0.0, i2 = 0, SINR = 48 dB, CQI = 15
[0m[NR_PHY] RI = 2 i1 = 0.0.0, i2 = 0, SINR = 48 dB, CQI = 15
[0m[NR_PHY] RI = 2 i1 = 0.0.0, i2 = 0, SINR = 48 dB, CQI = 15
[0m[NR_PHY] RI = 2 i1 = 0.0.0, i2 = 0, SINR = 48 dB, CQI = 15
[0m[NR_PHY] RI = 2 i1 = 0.0.0, i2 = 0, SINR = 48 dB, CQI = 15
[0m[NR_PHY] RI = 2 i1 = 0.0.0, i2 = 0, SINR = 48 dB, CQI = 15
[0m[NR_PHY] RI = 2 i1 = 0.0.0, i2 = 0, SINR = 48 dB, CQI = 15
[0m[NR_PHY] RI = 2 i1 = 0.0.0, i2 = 0, SINR = 48 dB, CQI = 15
[0m[NR_PHY] RI = 2 i1 = 0.0.0, i2 = 0, SINR = 48 dB, CQI = 15
[0m[NR_PHY] RI = 2 i1 = 0.0.0, i2 = 0, SINR = 48 dB, CQI = 15
[0m[NR_PHY] RI = 2 i1 = 0.0.0, i2 = 0, SINR = 48 dB, CQI = 15
[0m[NR_PHY] RI = 2 i1 = 0.0.0, i2 = 0, SINR = 48 dB, CQI = 15
[0m[NR_PHY] RI = 2 i1 = 0.0.0, i2 = 0, SINR = 48 dB, CQI = 15
[0m[NR_PHY] RI = 2 i1 = 0.0.0, i2 = 0, SINR = 48 dB, CQI = 15
[0m[NR_PHY] RI = 2 i1 = 0.0.0, i2 = 0, SINR = 48 dB, CQI = 15
[0m[NR_PHY] RI = 2 i1 = 0.0.0, i2 = 0, SINR = 48 dB, CQI = 15
[0m[NR_PHY] RI = 2 i1 = 0.0.0, i2 = 0, SINR = 48 dB, CQI = 15
[0m[NR_PHY] RI = 2 i1 = 0.0.0, i2 = 0, SINR = 48 dB, CQI = 15
[0m[NR_PHY] RI = 2 i1 = 0.0.0, i2 = 0, SINR = 48 dB, CQI = 15
[0m[NR_PHY] RI = 2 i1 = 0.0.0, i2 = 0, SINR = 48 dB, CQI = 15
[0m[NR_PHY] RI = 2 i1 = 0.0.0, i2 = 0, SINR = 48 dB, CQI = 15
[0m[NR_PHY] RI = 2 i1 = 0.0.0, i2 = 0, SINR = 48 dB, CQI = 15
[0m[NR_PHY] RI = 2 i1 = 0.0.0, i2 = 0, SINR = 48 dB, CQI = 15
[0m[NR_PHY] RI = 2 i1 = 0.0.0, i2 = 0, SINR = 48 dB, CQI = 15
[0m[NR_PHY] RI = 2 i1 = 0.0.0, i2 = 0, SINR = 48 dB, CQI = 15
[0m[NR_PHY] RI = 2 i1 = 0.0.0, i2 = 0, SINR = 48 dB, CQI = 15
[0m[NR_PHY] RI = 2 i1 = 0.0.0, i2 = 0, SINR = 48 dB, CQI = 15
[0m[NR_PHY] RI = 2 i1 = 0.0.0, i2 = 0, SINR = 48 dB, CQI = 15
[0m[NR_PHY] RI = 2 i1 = 0.0.0, i2 = 0, SINR = 48 dB, CQI = 15
[0m[NR_PHY] RI = 2 i1 = 0.0.0, i2 = 0, SINR = 48 dB, CQI = 15
[0m[NR_PHY] RI = 2 i1 = 0.0.0, i2 = 0, SINR = 48 dB, CQI = 15
[0m[NR_PHY] RI = 2 i1 = 0.0.0, i2 = 0, SINR = 48 dB, CQI = 15
[0m[NR_PHY] RI = 2 i1 = 0.0.0, i2 = 0, SINR = 48 dB, CQI = 15
[0m[NR_PHY] RI = 2 i1 = 0.0.0, i2 = 0, SINR = 48 dB, CQI = 15
[0m[NR_PHY] RI = 2 i1 = 0.0.0, i2 = 0, SINR = 48 dB, CQI = 15
[0m[NR_PHY] RI = 2 i1 = 0.0.0, i2 = 0, SINR = 48 dB, CQI = 15
[0m[NR_PHY] RI = 2 i1 = 0.0.0, i2 = 0, SINR = 48 dB, CQI = 15
[0m[NR_PHY] RI = 2 i1 = 0.0.0, i2 = 0, SINR = 48 dB, CQI = 15
[0m[NR_PHY] RI = 2 i1 = 0.0.0, i2 = 0, SINR = 48 dB, CQI = 15
[0m[NR_PHY] RI = 2 i1 = 0.0.0, i2 = 0, SINR = 48 dB, CQI = 15
[0m[NR_PHY] RI = 2 i1 = 0.0.0, i2 = 0, SINR = 48 dB, CQI = 15
[0m[NR_PHY] RI = 2 i1 = 0.0.0, i2 = 0, SINR = 48 dB, CQI = 15
[0m[NR_PHY] RI = 2 i1 = 0.0.0, i2 = 0, SINR = 48 dB, CQI = 15
[0m[NR_PHY] RI = 2 i1 = 0.0.0, i2 = 0, SINR = 48 dB, CQI = 15
[0m[NR_PHY] RI = 2 i1 = 0.0.0, i2 = 0, SINR = 48 dB, CQI = 15
[0m[NR_PHY] RI = 2 i1 = 0.0.0, i2 = 0, SINR = 48 dB, CQI = 15
[0m[NR_PHY] RI = 2 i1 = 0.0.0, i2 = 0, SINR = 48 dB, CQI = 15
[0m[NR_PHY] RI = 2 i1 = 0.0.0, i2 = 0, SINR = 48 dB, CQI = 15
[0m[NR_PHY] RI = 2 i1 = 0.0.0, i2 = 0, SINR = 48 dB, CQI = 15
[0m[NR_PHY] RI = 2 i1 = 0.0.0, i2 = 0, SINR = 48 dB, CQI = 15
[0m[NR_PHY] RI = 2 i1 = 0.0.0, i2 = 0, SINR = 48 dB, CQI = 15
[0m[NR_PHY] RI = 2 i1 = 0.0.0, i2 = 0, SINR = 48 dB, CQI = 15
[0m[NR_PHY] RI = 2 i1 = 0.0.0, i2 = 0, SINR = 48 dB, CQI = 15
[0m[NR_PHY] RI = 2 i1 = 0.0.0, i2 = 0, SINR = 48 dB, CQI = 15
[0m[NR_PHY] RI = 2 i1 = 0.0.0, i2 = 0, SINR = 48 dB, CQI = 15
[0m[NR_PHY] RI = 2 i1 = 0.0.0, i2 = 0, SINR = 48 dB, CQI = 15
[0m[NR_PHY] RI = 2 i1 = 0.0.0, i2 = 0, SINR = 48 dB, CQI = 15
[0m[NR_PHY] RI = 2 i1 = 0.0.0, i2 = 0, SINR = 48 dB, CQI = 15
[0m[NR_PHY] RI = 2 i1 = 0.0.0, i2 = 0, SINR = 48 dB, CQI = 15
[0m[NR_PHY] RI = 2 i1 = 0.0.0, i2 = 0, SINR = 48 dB, CQI = 15
[0m[NR_MAC] UE 0 RNTI 3cc4 stats sfn: 256.2, cumulated bad DCI 0
    DL harq: 795/0
    UL harq: 17995/27 avg code rate 0.9, avg bit/symbol 6.0, avg per TB: (nb RBs 17.0, nb symbols 13.0)
[0m[NR_PHY] RI = 2 i1 = 0.0.0, i2 = 0, SINR = 48 dB, CQI = 15
[0m[NR_PHY] RI = 2 i1 = 0.0.0, i2 = 0, SINR = 48 dB, CQI = 15
[0m[NR_PHY] RI = 2 i1 = 0.0.0, i2 = 0, SINR = 48 dB, CQI = 15
[0m[NR_PHY] RI = 2 i1 = 0.0.0, i2 = 0, SINR = 48 dB, CQI = 15
[0m[NR_PHY] RI = 2 i1 = 0.0.0, i2 = 0, SINR = 48 dB, CQI = 15
[0m[NR_PHY] RI = 2 i1 = 0.0.0, i2 = 0, SINR = 48 dB, CQI = 15
[0m[NR_PHY] RI = 2 i1 = 0.0.0, i2 = 0, SINR = 48 dB, CQI = 15
[0m[NR_PHY] RI = 2 i1 = 0.0.0, i2 = 0, SINR = 48 dB, CQI = 15
[0m[NR_PHY] RI = 2 i1 = 0.0.0, i2 = 0, SINR = 48 dB, CQI = 15
[0m[NR_PHY] RI = 2 i1 = 0.0.0, i2 = 0, SINR = 48 dB, CQI = 15
[0m[NR_PHY] RI = 2 i1 = 0.0.0, i2 = 0, SINR = 48 dB, CQI = 15
[0m[NR_PHY] RI = 2 i1 = 0.0.0, i2 = 0, SINR = 48 dB, CQI = 15
[0m[NR_PHY] RI = 2 i1 = 0.0.0, i2 = 0, SINR = 48 dB, CQI = 15
[0m[NR_PHY] RI = 2 i1 = 0.0.0, i2 = 0, SINR = 48 dB, CQI = 15
[0m[NR_PHY] RI = 2 i1 = 0.0.0, i2 = 0, SINR = 48 dB, CQI = 15
[0m[NR_PHY] RI = 2 i1 = 0.0.0, i2 = 0, SINR = 48 dB, CQI = 15
[0m[NR_PHY] RI = 2 i1 = 0.0.0, i2 = 0, SINR = 48 dB, CQI = 15
[0m[NR_PHY] RI = 2 i1 = 0.0.0, i2 = 0, SINR = 48 dB, CQI = 15
[0m[NR_PHY] RI = 2 i1 = 0.0.0, i2 = 0, SINR = 48 dB, CQI = 15
[0m[NR_PHY] RI = 2 i1 = 0.0.0, i2 = 0, SINR = 48 dB, CQI = 15
[0m[NR_PHY] RI = 2 i1 = 0.0.0, i2 = 0, SINR = 48 dB, CQI = 15
[0m[NR_PHY] RI = 2 i1 = 0.0.0, i2 = 0, SINR = 48 dB, CQI = 15
[0m[NR_PHY] RI = 2 i1 = 0.0.0, i2 = 0, SINR = 48 dB, CQI = 15
[0m[NR_PHY] RI = 2 i1 = 0.0.0, i2 = 0, SINR = 48 dB, CQI = 15
[0m[NR_PHY] RI = 2 i1 = 0.0.0, i2 = 0, SINR = 48 dB, CQI = 15
[0m[NR_PHY] RI = 2 i1 = 0.0.0, i2 = 0, SINR = 48 dB, CQI = 15
[0m[NR_PHY] RI = 2 i1 = 0.0.0, i2 = 0, SINR = 48 dB, CQI = 15
[0m[NR_PHY] RI = 2 i1 = 0.0.0, i2 = 0, SINR = 48 dB, CQI = 15
[0m[NR_PHY] RI = 2 i1 = 0.0.0, i2 = 0, SINR = 48 dB, CQI = 15
[0m[NR_PHY] RI = 2 i1 = 0.0.0, i2 = 0, SINR = 48 dB, CQI = 15
[0m[NR_PHY] RI = 2 i1 = 0.0.0, i2 = 0, SINR = 48 dB, CQI = 15
[0m[NR_PHY] RI = 2 i1 = 0.0.0, i2 = 0, SINR = 48 dB, CQI = 15
[0m[NR_PHY] RI = 2 i1 = 0.0.0, i2 = 0, SINR = 48 dB, CQI = 15
[0m[NR_PHY] RI = 2 i1 = 0.0.0, i2 = 0, SINR = 48 dB, CQI = 15
[0m[NR_PHY] RI = 2 i1 = 0.0.0, i2 = 0, SINR = 48 dB, CQI = 15
[0m[NR_PHY] RI = 2 i1 = 0.0.0, i2 = 0, SINR = 48 dB, CQI = 15
[0m[NR_PHY] RI = 2 i1 = 0.0.0, i2 = 0, SINR = 48 dB, CQI = 15
[0m[NR_PHY] RI = 2 i1 = 0.0.0, i2 = 0, SINR = 48 dB, CQI = 15
[0m[NR_PHY] RI = 2 i1 = 0.0.0, i2 = 0, SINR = 48 dB, CQI = 15
[0m[NR_PHY] RI = 2 i1 = 0.0.0, i2 = 0, SINR = 48 dB, CQI = 15
[0m[NR_PHY] RI = 2 i1 = 0.0.0, i2 = 0, SINR = 48 dB, CQI = 15
[0m[NR_PHY] RI = 2 i1 = 0.0.0, i2 = 0, SINR = 48 dB, CQI = 15
[0m[NR_PHY] RI = 2 i1 = 0.0.0, i2 = 0, SINR = 48 dB, CQI = 15
[0m[NR_PHY] RI = 2 i1 = 0.0.0, i2 = 0, SINR = 48 dB, CQI = 15
[0m[NR_PHY] RI = 2 i1 = 0.0.0, i2 = 0, SINR = 48 dB, CQI = 15
[0m[NR_PHY] RI = 2 i1 = 0.0.0, i2 = 0, SINR = 48 dB, CQI = 15
[0m[NR_PHY] RI = 2 i1 = 0.0.0, i2 = 0, SINR = 48 dB, CQI = 15
[0m[NR_PHY] RI = 2 i1 = 0.0.0, i2 = 0, SINR = 48 dB, CQI = 15
[0m[NR_PHY] RI = 2 i1 = 0.0.0, i2 = 0, SINR = 48 dB, CQI = 15
[0m[NR_PHY] RI = 2 i1 = 0.0.0, i2 = 0, SINR = 48 dB, CQI = 15
[0m[NR_PHY] RI = 2 i1 = 0.0.0, i2 = 0, SINR = 48 dB, CQI = 15
[0m[NR_PHY] RI = 2 i1 = 0.0.0, i2 = 0, SINR = 48 dB, CQI = 15
[0m[NR_PHY] RI = 2 i1 = 0.0.0, i2 = 0, SINR = 48 dB, CQI = 15
[0m[NR_PHY] RI = 2 i1 = 0.0.0, i2 = 0, SINR = 48 dB, CQI = 15
[0m[NR_PHY] RI = 2 i1 = 0.0.0, i2 = 0, SINR = 48 dB, CQI = 15
[0m[NR_PHY] RI = 2 i1 = 0.0.0, i2 = 0, SINR = 48 dB, CQI = 15
[0m[NR_PHY] RI = 2 i1 = 0.0.0, i2 = 0, SINR = 48 dB, CQI = 15
[0m[NR_PHY] RI = 2 i1 = 0.0.0, i2 = 0, SINR = 48 dB, CQI = 15
[0m[NR_PHY] RI = 2 i1 = 0.0.0, i2 = 0, SINR = 48 dB, CQI = 15
[0m[NR_PHY] RI = 2 i1 = 0.0.0, i2 = 0, SINR = 48 dB, CQI = 15
[0m[NR_PHY] RI = 2 i1 = 0.0.0, i2 = 0, SINR = 48 dB, CQI = 15
[0m[NR_PHY] RI = 2 i1 = 0.0.0, i2 = 0, SINR = 48 dB, CQI = 15
[0m[NR_PHY] RI = 2 i1 = 0.0.0, i2 = 0, SINR = 48 dB, CQI = 15
[0m[NR_PHY] RI = 2 i1 = 0.0.0, i2 = 0, SINR = 48 dB, CQI = 15
[0m[NR_MAC] UE 0 RNTI 3cc4 stats sfn: 384.2, cumulated bad DCI 0
    DL harq: 818/0
    UL harq: 18507/27 avg code rate 0.9, avg bit/symbol 6.0, avg per TB: (nb RBs 17.0, nb symbols 13.0)
[0m[NR_PHY] RI = 2 i1 = 0.0.0, i2 = 0, SINR = 48 dB, CQI = 15
[0m[NR_PHY] RI = 2 i1 = 0.0.0, i2 = 0, SINR = 48 dB, CQI = 15
[0m[NR_PHY] RI = 2 i1 = 0.0.0, i2 = 0, SINR = 48 dB, CQI = 15
[0m[NR_PHY] RI = 2 i1 = 0.0.0, i2 = 0, SINR = 48 dB, CQI = 15
[0m[NR_PHY] RI = 2 i1 = 0.0.0, i2 = 0, SINR = 48 dB, CQI = 15
[0m[NR_PHY] RI = 2 i1 = 0.0.0, i2 = 0, SINR = 48 dB, CQI = 15
[0m[NR_PHY] RI = 2 i1 = 0.0.0, i2 = 0, SINR = 48 dB, CQI = 15
[0m[NR_PHY] RI = 2 i1 = 0.0.0, i2 = 0, SINR = 48 dB, CQI = 15
[0m[NR_PHY] RI = 2 i1 = 0.0.0, i2 = 0, SINR = 48 dB, CQI = 15
[0m[NR_PHY] RI = 2 i1 = 0.0.0, i2 = 0, SINR = 48 dB, CQI = 15
[0m[NR_PHY] RI = 2 i1 = 0.0.0, i2 = 0, SINR = 48 dB, CQI = 15
[0m[NR_PHY] RI = 2 i1 = 0.0.0, i2 = 0, SINR = 48 dB, CQI = 15
[0m[NR_PHY] RI = 2 i1 = 0.0.0, i2 = 0, SINR = 48 dB, CQI = 15
[0m[NR_PHY] RI = 2 i1 = 0.0.0, i2 = 0, SINR = 48 dB, CQI = 15
[0m[NR_PHY] RI = 2 i1 = 0.0.0, i2 = 0, SINR = 48 dB, CQI = 15
[0m[NR_PHY] RI = 2 i1 = 0.0.0, i2 = 0, SINR = 48 dB, CQI = 15
[0m[NR_PHY] RI = 2 i1 = 0.0.0, i2 = 0, SINR = 48 dB, CQI = 15
[0m[NR_PHY] RI = 2 i1 = 0.0.0, i2 = 0, SINR = 48 dB, CQI = 15
[0m[NR_PHY] RI = 2 i1 = 0.0.0, i2 = 0, SINR = 48 dB, CQI = 15
[0m[NR_PHY] RI = 2 i1 = 0.0.0, i2 = 0, SINR = 48 dB, CQI = 15
[0m[NR_PHY] RI = 2 i1 = 0.0.0, i2 = 0, SINR = 48 dB, CQI = 15
[0m[NR_PHY] RI = 2 i1 = 0.0.0, i2 = 0, SINR = 48 dB, CQI = 15
[0m[NR_PHY] RI = 2 i1 = 0.0.0, i2 = 0, SINR = 48 dB, CQI = 15
[0m[NR_PHY] RI = 2 i1 = 0.0.0, i2 = 0, SINR = 48 dB, CQI = 15
[0m[NR_PHY] RI = 2 i1 = 0.0.0, i2 = 0, SINR = 48 dB, CQI = 15
[0m[NR_PHY] RI = 2 i1 = 0.0.0, i2 = 0, SINR = 48 dB, CQI = 15
[0m[NR_PHY] RI = 2 i1 = 0.0.0, i2 = 0, SINR = 48 dB, CQI = 15
[0m[NR_PHY] RI = 2 i1 = 0.0.0, i2 = 0, SINR = 48 dB, CQI = 15
[0m[NR_PHY] RI = 2 i1 = 0.0.0, i2 = 0, SINR = 48 dB, CQI = 15
[0m[NR_PHY] RI = 2 i1 = 0.0.0, i2 = 0, SINR = 48 dB, CQI = 15
[0m[NR_PHY] RI = 2 i1 = 0.0.0, i2 = 0, SINR = 48 dB, CQI = 15
[0m[NR_PHY] RI = 2 i1 = 0.0.0, i2 = 0, SINR = 48 dB, CQI = 15
[0m[NR_PHY] RI = 2 i1 = 0.0.0, i2 = 0, SINR = 48 dB, CQI = 15
[0m[NR_PHY] RI = 2 i1 = 0.0.0, i2 = 0, SINR = 48 dB, CQI = 15
[0m[NR_PHY] RI = 2 i1 = 0.0.0, i2 = 0, SINR = 48 dB, CQI = 15
[0m[NR_PHY] RI = 2 i1 = 0.0.0, i2 = 0, SINR = 48 dB, CQI = 15
[0m[NR_PHY] RI = 2 i1 = 0.0.0, i2 = 0, SINR = 48 dB, CQI = 15
[0m[NR_PHY] RI = 2 i1 = 0.0.0, i2 = 0, SINR = 48 dB, CQI = 15
[0m[NR_PHY] RI = 2 i1 = 0.0.0, i2 = 0, SINR = 0 dB, CQI = 0
[0m[NR_PHY] RI = 2 i1 = 0.0.0, i2 = 0, SINR = 48 dB, CQI = 15
[0m[NR_PHY] RI = 2 i1 = 0.0.0, i2 = 0, SINR = 48 dB, CQI = 15
[0m[NR_PHY] RI = 2 i1 = 0.0.0, i2 = 0, SINR = 48 dB, CQI = 15
[0m[NR_PHY] RI = 2 i1 = 0.0.0, i2 = 0, SINR = 48 dB, CQI = 15
[0m[NR_PHY] RI = 2 i1 = 0.0.0, i2 = 0, SINR = 48 dB, CQI = 15
[0m[NR_PHY] RI = 2 i1 = 0.0.0, i2 = 0, SINR = 48 dB, CQI = 15
[0m[NR_PHY] RI = 2 i1 = 0.0.0, i2 = 0, SINR = 48 dB, CQI = 15
[0m[NR_PHY] RI = 2 i1 = 0.0.0, i2 = 0, SINR = 48 dB, CQI = 15
[0m[NR_PHY] RI = 2 i1 = 0.0.0, i2 = 0, SINR = 48 dB, CQI = 15
[0m[NR_PHY] RI = 2 i1 = 0.0.0, i2 = 0, SINR = 48 dB, CQI = 15
[0m[NR_PHY] RI = 2 i1 = 0.0.0, i2 = 0, SINR = 48 dB, CQI = 15
[0m[NR_PHY] RI = 2 i1 = 0.0.0, i2 = 0, SINR = 48 dB, CQI = 15
[0m[NR_PHY] RI = 2 i1 = 0.0.0, i2 = 0, SINR = 48 dB, CQI = 15
[0m[NR_PHY] RI = 2 i1 = 0.0.0, i2 = 0, SINR = 48 dB, CQI = 15
[0m[NR_PHY] RI = 2 i1 = 0.0.0, i2 = 0, SINR = 48 dB, CQI = 15
[0m[NR_PHY] RI = 2 i1 = 0.0.0, i2 = 0, SINR = 48 dB, CQI = 15
[0m[NR_PHY] RI = 2 i1 = 0.0.0, i2 = 0, SINR = 48 dB, CQI = 15
[0m[NR_PHY] RI = 2 i1 = 0.0.0, i2 = 0, SINR = 48 dB, CQI = 15
[0m[NR_PHY] RI = 2 i1 = 0.0.0, i2 = 0, SINR = 48 dB, CQI = 15
[0m[NR_PHY] RI = 2 i1 = 0.0.0, i2 = 0, SINR = 48 dB, CQI = 15
[0m[NR_PHY] RI = 2 i1 = 0.0.0, i2 = 0, SINR = 48 dB, CQI = 15
[0m[NR_PHY] RI = 2 i1 = 0.0.0, i2 = 0, SINR = 48 dB, CQI = 15
[0m[NR_PHY] RI = 2 i1 = 0.0.0, i2 = 0, SINR = 48 dB, CQI = 15
[0m[NR_PHY] RI = 2 i1 = 0.0.0, i2 = 0, SINR = 48 dB, CQI = 15
[0m[NR_PHY] RI = 2 i1 = 0.0.0, i2 = 0, SINR = 48 dB, CQI = 15
[0m[NR_MAC] UE 0 RNTI 3cc4 stats sfn: 512.2, cumulated bad DCI 0
    DL harq: 840/0
    UL harq: 19015/29 avg code rate 0.9, avg bit/symbol 6.0, avg per TB: (nb RBs 17.0, nb symbols 13.0)
[0m[NR_PHY] RI = 2 i1 = 0.0.0, i2 = 0, SINR = 48 dB, CQI = 15
[0m[NR_PHY] RI = 2 i1 = 0.0.0, i2 = 0, SINR = 48 dB, CQI = 15
[0m[NR_PHY] RI = 2 i1 = 0.0.0, i2 = 0, SINR = 48 dB, CQI = 15
[0m[NR_PHY] RI = 2 i1 = 0.0.0, i2 = 0, SINR = 48 dB, CQI = 15
[0m[NR_PHY] RI = 2 i1 = 0.0.0, i2 = 0, SINR = 48 dB, CQI = 15
[0m[NR_PHY] RI = 2 i1 = 0.0.0, i2 = 0, SINR = 48 dB, CQI = 15
[0m[NR_PHY] RI = 2 i1 = 0.0.0, i2 = 0, SINR = 48 dB, CQI = 15
[0m[NR_PHY] RI = 2 i1 = 0.0.0, i2 = 0, SINR = 48 dB, CQI = 15
[0m[NR_PHY] RI = 2 i1 = 0.0.0, i2 = 0, SINR = 48 dB, CQI = 15
[0m[NR_PHY] RI = 2 i1 = 0.0.0, i2 = 0, SINR = 48 dB, CQI = 15
[0m[NR_PHY] RI = 2 i1 = 0.0.0, i2 = 0, SINR = 48 dB, CQI = 15
[0m[NR_PHY] RI = 2 i1 = 0.0.0, i2 = 0, SINR = 48 dB, CQI = 15
[0m[NR_PHY] RI = 2 i1 = 0.0.0, i2 = 0, SINR = 48 dB, CQI = 15
[0m[NR_PHY] RI = 2 i1 = 0.0.0, i2 = 0, SINR = 48 dB, CQI = 15
[0m[NR_PHY] RI = 2 i1 = 0.0.0, i2 = 0, SINR = 48 dB, CQI = 15
[0m[NR_PHY] RI = 2 i1 = 0.0.0, i2 = 0, SINR = 48 dB, CQI = 15
[0m[NR_PHY] RI = 2 i1 = 0.0.0, i2 = 0, SINR = 48 dB, CQI = 15
[0m[NR_PHY] RI = 2 i1 = 0.0.0, i2 = 0, SINR = 48 dB, CQI = 15
[0m[NR_PHY] RI = 2 i1 = 0.0.0, i2 = 0, SINR = 48 dB, CQI = 15
[0m[NR_PHY] RI = 2 i1 = 0.0.0, i2 = 0, SINR = 48 dB, CQI = 15
[0m[NR_PHY] RI = 2 i1 = 0.0.0, i2 = 0, SINR = 48 dB, CQI = 15
[0m[NR_PHY] RI = 2 i1 = 0.0.0, i2 = 0, SINR = 48 dB, CQI = 15
[0m[NR_PHY] RI = 2 i1 = 0.0.0, i2 = 0, SINR = 48 dB, CQI = 15
[0m[NR_PHY] RI = 2 i1 = 0.0.0, i2 = 0, SINR = 48 dB, CQI = 15
[0m[NR_PHY] RI = 2 i1 = 0.0.0, i2 = 0, SINR = 48 dB, CQI = 15
[0m[NR_PHY] RI = 2 i1 = 0.0.0, i2 = 0, SINR = 48 dB, CQI = 15
[0m[NR_PHY] RI = 2 i1 = 0.0.0, i2 = 0, SINR = 48 dB, CQI = 15
[0m[NR_PHY] RI = 2 i1 = 0.0.0, i2 = 0, SINR = 48 dB, CQI = 15
[0m[NR_PHY] RI = 2 i1 = 0.0.0, i2 = 0, SINR = 48 dB, CQI = 15
[0m[NR_PHY] RI = 2 i1 = 0.0.0, i2 = 0, SINR = 48 dB, CQI = 15
[0m[NR_PHY] RI = 2 i1 = 0.0.0, i2 = 0, SINR = 48 dB, CQI = 15
[0m[NR_PHY] RI = 2 i1 = 0.0.0, i2 = 0, SINR = 48 dB, CQI = 15
[0m[NR_PHY] RI = 2 i1 = 0.0.0, i2 = 0, SINR = 48 dB, CQI = 15
[0m[NR_PHY] RI = 2 i1 = 0.0.0, i2 = 0, SINR = 48 dB, CQI = 15
[0m[NR_PHY] RI = 2 i1 = 0.0.0, i2 = 0, SINR = 48 dB, CQI = 15
[0m[NR_PHY] RI = 2 i1 = 0.0.0, i2 = 0, SINR = 48 dB, CQI = 15
[0m[NR_PHY] RI = 2 i1 = 0.0.0, i2 = 0, SINR = 48 dB, CQI = 15
[0m[NR_PHY] RI = 2 i1 = 0.0.0, i2 = 0, SINR = 48 dB, CQI = 15
[0m[NR_PHY] RI = 2 i1 = 0.0.0, i2 = 0, SINR = 48 dB, CQI = 15
[0m[NR_PHY] RI = 2 i1 = 0.0.0, i2 = 0, SINR = 48 dB, CQI = 15
[0m[NR_PHY] RI = 2 i1 = 0.0.0, i2 = 0, SINR = 48 dB, CQI = 15
[0m[NR_PHY] RI = 2 i1 = 0.0.0, i2 = 0, SINR = 48 dB, CQI = 15
[0m[NR_PHY] RI = 2 i1 = 0.0.0, i2 = 0, SINR = 48 dB, CQI = 15
[0m[NR_PHY] RI = 2 i1 = 0.0.0, i2 = 0, SINR = 48 dB, CQI = 15
[0m[NR_PHY] RI = 2 i1 = 0.0.0, i2 = 0, SINR = 48 dB, CQI = 15
[0m[NR_PHY] RI = 2 i1 = 0.0.0, i2 = 0, SINR = 48 dB, CQI = 15
[0m[NR_PHY] RI = 2 i1 = 0.0.0, i2 = 0, SINR = 48 dB, CQI = 15
[0m[NR_PHY] RI = 2 i1 = 0.0.0, i2 = 0, SINR = 48 dB, CQI = 15
[0m[NR_PHY] RI = 2 i1 = 0.0.0, i2 = 0, SINR = 48 dB, CQI = 15
[0m[NR_PHY] RI = 2 i1 = 0.0.0, i2 = 0, SINR = 48 dB, CQI = 15
[0m[NR_PHY] RI = 2 i1 = 0.0.0, i2 = 0, SINR = 48 dB, CQI = 15
[0m[NR_PHY] RI = 2 i1 = 0.0.0, i2 = 0, SINR = 48 dB, CQI = 15
[0m[NR_PHY] RI = 2 i1 = 0.0.0, i2 = 0, SINR = 48 dB, CQI = 15
[0m[NR_PHY] RI = 2 i1 = 0.0.0, i2 = 0, SINR = 48 dB, CQI = 15
[0m[NR_PHY] RI = 2 i1 = 0.0.0, i2 = 0, SINR = 48 dB, CQI = 15
[0m[NR_PHY] RI = 2 i1 = 0.0.0, i2 = 0, SINR = 48 dB, CQI = 15
[0m[NR_PHY] RI = 2 i1 = 0.0.0, i2 = 0, SINR = 48 dB, CQI = 15
[0m[NR_PHY] RI = 2 i1 = 0.0.0, i2 = 0, SINR = 48 dB, CQI = 15
[0m[NR_PHY] RI = 2 i1 = 0.0.0, i2 = 0, SINR = 48 dB, CQI = 15
[0m[NR_PHY] RI = 2 i1 = 0.0.0, i2 = 0, SINR = 48 dB, CQI = 15
[0m[NR_PHY] RI = 2 i1 = 0.0.0, i2 = 0, SINR = 48 dB, CQI = 15
[0m[NR_PHY] RI = 2 i1 = 0.0.0, i2 = 0, SINR = 48 dB, CQI = 15
[0m[NR_PHY] RI = 2 i1 = 0.0.0, i2 = 0, SINR = 48 dB, CQI = 15
[0m[NR_PHY] RI = 2 i1 = 0.0.0, i2 = 0, SINR = 48 dB, CQI = 15
[0m[NR_MAC] UE 0 RNTI 3cc4 stats sfn: 640.2, cumulated bad DCI 0
    DL harq: 861/0
    UL harq: 19525/30 avg code rate 0.9, avg bit/symbol 6.0, avg per TB: (nb RBs 17.0, nb symbols 13.0)
[0m[NR_PHY] RI = 2 i1 = 0.0.0, i2 = 0, SINR = 48 dB, CQI = 15
[0m[NR_PHY] RI = 2 i1 = 0.0.0, i2 = 0, SINR = 48 dB, CQI = 15
[0m[NR_PHY] RI = 2 i1 = 0.0.0, i2 = 0, SINR = 48 dB, CQI = 15
[0m[NR_PHY] RI = 2 i1 = 0.0.0, i2 = 0, SINR = 48 dB, CQI = 15
[0m[NR_PHY] RI = 2 i1 = 0.0.0, i2 = 0, SINR = 48 dB, CQI = 15
[0m[NR_PHY] RI = 2 i1 = 0.0.0, i2 = 0, SINR = 48 dB, CQI = 15
[0m[NR_PHY] RI = 2 i1 = 0.0.0, i2 = 0, SINR = 48 dB, CQI = 15
[0m[NR_PHY] RI = 2 i1 = 0.0.0, i2 = 0, SINR = 48 dB, CQI = 15
[0m[NR_PHY] RI = 2 i1 = 0.0.0, i2 = 0, SINR = 48 dB, CQI = 15
[0m[NR_PHY] RI = 2 i1 = 0.0.0, i2 = 0, SINR = 48 dB, CQI = 15
[0m[NR_PHY] RI = 2 i1 = 0.0.0, i2 = 0, SINR = 48 dB, CQI = 15
[0m[NR_PHY] RI = 2 i1 = 0.0.0, i2 = 0, SINR = 48 dB, CQI = 15
[0m[NR_PHY] RI = 2 i1 = 0.0.0, i2 = 0, SINR = 48 dB, CQI = 15
[0m[NR_PHY] RI = 2 i1 = 0.0.0, i2 = 0, SINR = 48 dB, CQI = 15
[0m[NR_PHY] RI = 2 i1 = 0.0.0, i2 = 0, SINR = 48 dB, CQI = 15
[0m[NR_PHY] RI = 2 i1 = 0.0.0, i2 = 0, SINR = 48 dB, CQI = 15
[0m[NR_PHY] RI = 2 i1 = 0.0.0, i2 = 0, SINR = 48 dB, CQI = 15
[0m[NR_PHY] RI = 2 i1 = 0.0.0, i2 = 0, SINR = 48 dB, CQI = 15
[0m[NR_PHY] RI = 2 i1 = 0.0.0, i2 = 0, SINR = 48 dB, CQI = 15
[0m[NR_PHY] RI = 2 i1 = 0.0.0, i2 = 0, SINR = 48 dB, CQI = 15
[0m[NR_PHY] RI = 2 i1 = 0.0.0, i2 = 0, SINR = 48 dB, CQI = 15
[0m[NR_PHY] RI = 2 i1 = 0.0.0, i2 = 0, SINR = 48 dB, CQI = 15
[0m[NR_PHY] RI = 2 i1 = 0.0.0, i2 = 0, SINR = 48 dB, CQI = 15
[0m[NR_PHY] RI = 2 i1 = 0.0.0, i2 = 0, SINR = 48 dB, CQI = 15
[0m[NR_PHY] RI = 2 i1 = 0.0.0, i2 = 0, SINR = 48 dB, CQI = 15
[0m[NR_PHY] RI = 2 i1 = 0.0.0, i2 = 0, SINR = 48 dB, CQI = 15
[0m[NR_PHY] RI = 2 i1 = 0.0.0, i2 = 0, SINR = 48 dB, CQI = 15
[0m[NR_PHY] RI = 2 i1 = 0.0.0, i2 = 0, SINR = 48 dB, CQI = 15
[0m[NR_PHY] RI = 2 i1 = 0.0.0, i2 = 0, SINR = 48 dB, CQI = 15
[0m[NR_PHY] RI = 2 i1 = 0.0.0, i2 = 0, SINR = 48 dB, CQI = 15
[0m[NR_PHY] RI = 2 i1 = 0.0.0, i2 = 0, SINR = 48 dB, CQI = 15
[0m[NR_PHY] RI = 2 i1 = 0.0.0, i2 = 0, SINR = 48 dB, CQI = 15
[0m[NR_PHY] RI = 2 i1 = 0.0.0, i2 = 0, SINR = 48 dB, CQI = 15
[0m[NR_PHY] RI = 2 i1 = 0.0.0, i2 = 0, SINR = 48 dB, CQI = 15
[0m[NR_PHY] RI = 2 i1 = 0.0.0, i2 = 0, SINR = 48 dB, CQI = 15
[0m[NR_PHY] RI = 2 i1 = 0.0.0, i2 = 0, SINR = 48 dB, CQI = 15
[0m[NR_PHY] RI = 2 i1 = 0.0.0, i2 = 0, SINR = 48 dB, CQI = 15
[0m[NR_PHY] RI = 2 i1 = 0.0.0, i2 = 0, SINR = 48 dB, CQI = 15
[0m[NR_PHY] RI = 2 i1 = 0.0.0, i2 = 0, SINR = 48 dB, CQI = 15
[0m[NR_PHY] RI = 2 i1 = 0.0.0, i2 = 0, SINR = 48 dB, CQI = 15
[0m[NR_PHY] RI = 2 i1 = 0.0.0, i2 = 0, SINR = 48 dB, CQI = 15
[0m[NR_PHY] RI = 2 i1 = 0.0.0, i2 = 0, SINR = 48 dB, CQI = 15
[0m[NR_PHY] RI = 2 i1 = 0.0.0, i2 = 0, SINR = 48 dB, CQI = 15
[0m[NR_PHY] RI = 2 i1 = 0.0.0, i2 = 0, SINR = 48 dB, CQI = 15
[0m[NR_PHY] RI = 2 i1 = 0.0.0, i2 = 0, SINR = 48 dB, CQI = 15
[0m[NR_PHY] RI = 2 i1 = 0.0.0, i2 = 0, SINR = 48 dB, CQI = 15
[0m[NR_PHY] RI = 2 i1 = 0.0.0, i2 = 0, SINR = 48 dB, CQI = 15
[0m[NR_PHY] RI = 2 i1 = 0.0.0, i2 = 0, SINR = 48 dB, CQI = 15
[0m[NR_PHY] RI = 2 i1 = 0.0.0, i2 = 0, SINR = 48 dB, CQI = 15
[0m[NR_PHY] RI = 2 i1 = 0.0.0, i2 = 0, SINR = 48 dB, CQI = 15
[0m[NR_PHY] RI = 2 i1 = 0.0.0, i2 = 0, SINR = 48 dB, CQI = 15
[0m[NR_PHY] RI = 2 i1 = 0.0.0, i2 = 0, SINR = 48 dB, CQI = 15
[0m[NR_PHY] RI = 2 i1 = 0.0.0, i2 = 0, SINR = 48 dB, CQI = 15
[0m[NR_PHY] RI = 2 i1 = 0.0.0, i2 = 0, SINR = 48 dB, CQI = 15
[0m[NR_PHY] RI = 2 i1 = 0.0.0, i2 = 0, SINR = 48 dB, CQI = 15
[0m[NR_PHY] RI = 2 i1 = 0.0.0, i2 = 0, SINR = 48 dB, CQI = 15
[0m[NR_PHY] RI = 2 i1 = 0.0.0, i2 = 0, SINR = 48 dB, CQI = 15
[0m[NR_PHY] RI = 2 i1 = 0.0.0, i2 = 0, SINR = 48 dB, CQI = 15
[0m[NR_PHY] RI = 2 i1 = 0.0.0, i2 = 0, SINR = 48 dB, CQI = 15
[0m[NR_PHY] RI = 2 i1 = 0.0.0, i2 = 0, SINR = 48 dB, CQI = 15
[0m[NR_PHY] RI = 2 i1 = 0.0.0, i2 = 0, SINR = 48 dB, CQI = 15
[0m[NR_PHY] RI = 2 i1 = 0.0.0, i2 = 0, SINR = 48 dB, CQI = 15
[0m[NR_PHY] RI = 2 i1 = 0.0.0, i2 = 0, SINR = 48 dB, CQI = 15
[0m[NR_PHY] RI = 2 i1 = 0.0.0, i2 = 0, SINR = 48 dB, CQI = 15
[0m[NR_MAC] UE 0 RNTI 3cc4 stats sfn: 768.2, cumulated bad DCI 0
    DL harq: 882/0
    UL harq: 20031/33 avg code rate 0.9, avg bit/symbol 6.0, avg per TB: (nb RBs 17.0, nb symbols 13.0)
[0m[NR_PHY] RI = 2 i1 = 0.0.0, i2 = 0, SINR = 48 dB, CQI = 15
[0m[NR_PHY] RI = 2 i1 = 0.0.0, i2 = 0, SINR = 48 dB, CQI = 15
[0m[NR_PHY] RI = 2 i1 = 0.0.0, i2 = 0, SINR = 48 dB, CQI = 15
[0m[NR_PHY] RI = 2 i1 = 0.0.0, i2 = 0, SINR = 48 dB, CQI = 15
[0m[NR_PHY] RI = 2 i1 = 0.0.0, i2 = 0, SINR = 48 dB, CQI = 15
[0m[NR_PHY] RI = 2 i1 = 0.0.0, i2 = 0, SINR = 48 dB, CQI = 15
[0m[NR_PHY] RI = 2 i1 = 0.0.0, i2 = 0, SINR = 48 dB, CQI = 15
[0m[NR_PHY] RI = 2 i1 = 0.0.0, i2 = 0, SINR = 48 dB, CQI = 15
[0m[NR_PHY] RI = 2 i1 = 0.0.0, i2 = 0, SINR = 48 dB, CQI = 15
[0m[NR_PHY] RI = 2 i1 = 0.0.0, i2 = 0, SINR = 48 dB, CQI = 15
[0m[NR_PHY] RI = 2 i1 = 0.0.0, i2 = 0, SINR = 48 dB, CQI = 15
[0m[NR_PHY] RI = 2 i1 = 0.0.0, i2 = 0, SINR = 48 dB, CQI = 15
[0m[NR_PHY] RI = 2 i1 = 0.0.0, i2 = 0, SINR = 48 dB, CQI = 15
[0m[NR_PHY] RI = 2 i1 = 0.0.0, i2 = 0, SINR = 48 dB, CQI = 15
[0m[NR_PHY] RI = 2 i1 = 0.0.0, i2 = 0, SINR = 48 dB, CQI = 15
[0m[NR_PHY] RI = 2 i1 = 0.0.0, i2 = 0, SINR = 48 dB, CQI = 15
[0m[NR_PHY] RI = 2 i1 = 0.0.0, i2 = 0, SINR = 48 dB, CQI = 15
[0m[NR_PHY] RI = 2 i1 = 0.0.0, i2 = 0, SINR = 48 dB, CQI = 15
[0m[NR_PHY] RI = 2 i1 = 0.0.0, i2 = 0, SINR = 48 dB, CQI = 15
[0m[NR_PHY] RI = 2 i1 = 0.0.0, i2 = 0, SINR = 48 dB, CQI = 15
[0m[NR_PHY] RI = 2 i1 = 0.0.0, i2 = 0, SINR = 48 dB, CQI = 15
[0m[NR_PHY] RI = 2 i1 = 0.0.0, i2 = 0, SINR = 48 dB, CQI = 15
[0m[NR_PHY] RI = 2 i1 = 0.0.0, i2 = 0, SINR = 48 dB, CQI = 15
[0m[NR_PHY] RI = 2 i1 = 0.0.0, i2 = 0, SINR = 48 dB, CQI = 15
[0m[NR_PHY] RI = 2 i1 = 0.0.0, i2 = 0, SINR = 48 dB, CQI = 15
[0m[NR_PHY] RI = 2 i1 = 0.0.0, i2 = 0, SINR = 48 dB, CQI = 15
[0m[NR_PHY] RI = 2 i1 = 0.0.0, i2 = 0, SINR = 48 dB, CQI = 15
[0m[NR_PHY] RI = 2 i1 = 0.0.0, i2 = 0, SINR = 48 dB, CQI = 15
[0m[NR_PHY] RI = 2 i1 = 0.0.0, i2 = 0, SINR = 48 dB, CQI = 15
[0m[NR_PHY] RI = 2 i1 = 0.0.0, i2 = 0, SINR = 48 dB, CQI = 15
[0m[NR_PHY] RI = 2 i1 = 0.0.0, i2 = 0, SINR = 48 dB, CQI = 15
[0m[NR_PHY] RI = 2 i1 = 0.0.0, i2 = 0, SINR = 48 dB, CQI = 15
[0m[NR_PHY] RI = 2 i1 = 0.0.0, i2 = 0, SINR = 48 dB, CQI = 15
[0m[NR_PHY] RI = 2 i1 = 0.0.0, i2 = 0, SINR = 48 dB, CQI = 15
[0m[NR_PHY] RI = 2 i1 = 0.0.0, i2 = 0, SINR = 48 dB, CQI = 15
[0m[NR_PHY] RI = 2 i1 = 0.0.0, i2 = 0, SINR = 48 dB, CQI = 15
[0m[NR_PHY] RI = 2 i1 = 0.0.0, i2 = 0, SINR = 48 dB, CQI = 15
[0m[NR_PHY] RI = 2 i1 = 0.0.0, i2 = 0, SINR = 48 dB, CQI = 15
[0m[NR_PHY] RI = 2 i1 = 0.0.0, i2 = 0, SINR = 48 dB, CQI = 15
[0m[NR_PHY] RI = 2 i1 = 0.0.0, i2 = 0, SINR = 48 dB, CQI = 15
[0m[NR_PHY] RI = 2 i1 = 0.0.0, i2 = 0, SINR = 48 dB, CQI = 15
[0m[NR_PHY] RI = 2 i1 = 0.0.0, i2 = 0, SINR = 48 dB, CQI = 15
[0m[NR_PHY] RI = 2 i1 = 0.0.0, i2 = 0, SINR = 48 dB, CQI = 15
[0m[NR_PHY] RI = 2 i1 = 0.0.0, i2 = 0, SINR = 48 dB, CQI = 15
[0m[NR_PHY] RI = 2 i1 = 0.0.0, i2 = 0, SINR = 48 dB, CQI = 15
[0m[NR_PHY] RI = 2 i1 = 0.0.0, i2 = 0, SINR = 48 dB, CQI = 15
[0m[NR_PHY] RI = 2 i1 = 0.0.0, i2 = 0, SINR = 48 dB, CQI = 15
[0m[NR_PHY] RI = 2 i1 = 0.0.0, i2 = 0, SINR = 48 dB, CQI = 15
[0m[NR_PHY] RI = 2 i1 = 0.0.0, i2 = 0, SINR = 48 dB, CQI = 15
[0m[NR_PHY] RI = 2 i1 = 0.0.0, i2 = 0, SINR = 48 dB, CQI = 15
[0m[NR_PHY] RI = 2 i1 = 0.0.0, i2 = 0, SINR = 48 dB, CQI = 15
[0m[NR_PHY] RI = 2 i1 = 0.0.0, i2 = 0, SINR = 48 dB, CQI = 15
[0m[NR_PHY] RI = 2 i1 = 0.0.0, i2 = 0, SINR = 48 dB, CQI = 15
[0m[NR_PHY] RI = 2 i1 = 0.0.0, i2 = 0, SINR = 48 dB, CQI = 15
[0m[NR_PHY] RI = 2 i1 = 0.0.0, i2 = 0, SINR = 48 dB, CQI = 15
[0m[NR_PHY] RI = 2 i1 = 0.0.0, i2 = 0, SINR = 48 dB, CQI = 15
[0m[NR_PHY] RI = 2 i1 = 0.0.0, i2 = 0, SINR = 48 dB, CQI = 15
[0m[NR_PHY] RI = 2 i1 = 0.0.0, i2 = 0, SINR = 48 dB, CQI = 15
[0m[NR_PHY] RI = 2 i1 = 0.0.0, i2 = 0, SINR = 48 dB, CQI = 15
[0m[NR_PHY] RI = 2 i1 = 0.0.0, i2 = 0, SINR = 48 dB, CQI = 15
[0m[NR_PHY] RI = 2 i1 = 0.0.0, i2 = 0, SINR = 48 dB, CQI = 15
[0m[NR_PHY] RI = 2 i1 = 0.0.0, i2 = 0, SINR = 48 dB, CQI = 15
[0m[NR_PHY] RI = 2 i1 = 0.0.0, i2 = 0, SINR = 48 dB, CQI = 15
[0m[NR_PHY] RI = 2 i1 = 0.0.0, i2 = 0, SINR = 48 dB, CQI = 15
[0m[NR_MAC] UE 0 RNTI 3cc4 stats sfn: 896.2, cumulated bad DCI 0
    DL harq: 904/0
    UL harq: 20539/35 avg code rate 0.9, avg bit/symbol 6.0, avg per TB: (nb RBs 17.0, nb symbols 13.0)
[0m[NR_PHY] RI = 2 i1 = 0.0.0, i2 = 0, SINR = 48 dB, CQI = 15
[0m[NR_PHY] RI = 2 i1 = 0.0.0, i2 = 0, SINR = 48 dB, CQI = 15
[0m[NR_PHY] RI = 2 i1 = 0.0.0, i2 = 0, SINR = 48 dB, CQI = 15
[0m[NR_PHY] RI = 2 i1 = 0.0.0, i2 = 0, SINR = 48 dB, CQI = 15
[0m[NR_PHY] RI = 2 i1 = 0.0.0, i2 = 0, SINR = 48 dB, CQI = 15
[0m[NR_PHY] RI = 2 i1 = 0.0.0, i2 = 0, SINR = 48 dB, CQI = 15
[0m[NR_PHY] RI = 2 i1 = 0.0.0, i2 = 0, SINR = 48 dB, CQI = 15
[0m[NR_PHY] RI = 2 i1 = 0.0.0, i2 = 0, SINR = 48 dB, CQI = 15
[0m[NR_PHY] RI = 2 i1 = 0.0.0, i2 = 0, SINR = 48 dB, CQI = 15
[0m[NR_PHY] RI = 2 i1 = 0.0.0, i2 = 0, SINR = 48 dB, CQI = 15
[0m[NR_PHY] RI = 2 i1 = 0.0.0, i2 = 0, SINR = 48 dB, CQI = 15
[0m[NR_PHY] RI = 2 i1 = 0.0.0, i2 = 0, SINR = 48 dB, CQI = 15
[0m[NR_PHY] RI = 2 i1 = 0.0.0, i2 = 0, SINR = 48 dB, CQI = 15
[0m[NR_PHY] RI = 2 i1 = 0.0.0, i2 = 0, SINR = 48 dB, CQI = 15
[0m[NR_PHY] RI = 2 i1 = 0.0.0, i2 = 0, SINR = 48 dB, CQI = 15
[0m[NR_PHY] RI = 2 i1 = 0.0.0, i2 = 0, SINR = 48 dB, CQI = 15
[0m[NR_PHY] RI = 2 i1 = 0.0.0, i2 = 0, SINR = 48 dB, CQI = 15
[0m[NR_PHY] RI = 2 i1 = 0.0.0, i2 = 0, SINR = 48 dB, CQI = 15
[0m[NR_PHY] RI = 2 i1 = 0.0.0, i2 = 0, SINR = 48 dB, CQI = 15
[0m[NR_PHY] RI = 2 i1 = 0.0.0, i2 = 0, SINR = 48 dB, CQI = 15
[0m[NR_PHY] RI = 2 i1 = 0.0.0, i2 = 0, SINR = 48 dB, CQI = 15
[0m[NR_PHY] RI = 2 i1 = 0.0.0, i2 = 0, SINR = 48 dB, CQI = 15
[0m[NR_PHY] RI = 2 i1 = 0.0.0, i2 = 0, SINR = 48 dB, CQI = 15
[0m[NR_PHY] RI = 2 i1 = 0.0.0, i2 = 0, SINR = 48 dB, CQI = 15
[0m[NR_PHY] RI = 2 i1 = 0.0.0, i2 = 0, SINR = 48 dB, CQI = 15
[0m[NR_PHY] RI = 2 i1 = 0.0.0, i2 = 0, SINR = 48 dB, CQI = 15
[0m[NR_PHY] RI = 2 i1 = 0.0.0, i2 = 0, SINR = 48 dB, CQI = 15
[0m[NR_PHY] RI = 2 i1 = 0.0.0, i2 = 0, SINR = 48 dB, CQI = 15
[0m[NR_PHY] RI = 2 i1 = 0.0.0, i2 = 0, SINR = 48 dB, CQI = 15
[0m[NR_PHY] RI = 2 i1 = 0.0.0, i2 = 0, SINR = 48 dB, CQI = 15
[0m[NR_PHY] RI = 2 i1 = 0.0.0, i2 = 0, SINR = 48 dB, CQI = 15
[0m[NR_PHY] RI = 2 i1 = 0.0.0, i2 = 0, SINR = 48 dB, CQI = 15
[0m[NR_PHY] RI = 2 i1 = 0.0.0, i2 = 0, SINR = 48 dB, CQI = 15
[0m[NR_PHY] RI = 2 i1 = 0.0.0, i2 = 0, SINR = 48 dB, CQI = 15
[0m[NR_PHY] RI = 2 i1 = 0.0.0, i2 = 0, SINR = 48 dB, CQI = 15
[0m[NR_PHY] RI = 2 i1 = 0.0.0, i2 = 0, SINR = 0 dB, CQI = 0
[0m[NR_PHY] RI = 2 i1 = 0.0.0, i2 = 0, SINR = 48 dB, CQI = 15
[0m[NR_PHY] RI = 2 i1 = 0.0.0, i2 = 0, SINR = 48 dB, CQI = 15
[0m[NR_PHY] RI = 2 i1 = 0.0.0, i2 = 0, SINR = 48 dB, CQI = 15
[0m[NR_PHY] RI = 2 i1 = 0.0.0, i2 = 0, SINR = 48 dB, CQI = 15
[0m[NR_PHY] RI = 2 i1 = 0.0.0, i2 = 0, SINR = 48 dB, CQI = 15
[0m[NR_PHY] RI = 2 i1 = 0.0.0, i2 = 0, SINR = 48 dB, CQI = 15
[0m[NR_PHY] RI = 2 i1 = 0.0.0, i2 = 0, SINR = 48 dB, CQI = 15
[0m[NR_PHY] RI = 2 i1 = 0.0.0, i2 = 0, SINR = 48 dB, CQI = 15
[0m[NR_PHY] RI = 2 i1 = 0.0.0, i2 = 0, SINR = 48 dB, CQI = 15
[0m[NR_PHY] RI = 2 i1 = 0.0.0, i2 = 0, SINR = 48 dB, CQI = 15
[0m[NR_PHY] RI = 2 i1 = 0.0.0, i2 = 0, SINR = 48 dB, CQI = 15
[0m[NR_PHY] RI = 2 i1 = 0.0.0, i2 = 0, SINR = 48 dB, CQI = 15
[0m[NR_PHY] RI = 2 i1 = 0.0.0, i2 = 0, SINR = 48 dB, CQI = 15
[0m[NR_PHY] RI = 2 i1 = 0.0.0, i2 = 0, SINR = 48 dB, CQI = 15
[0m[NR_PHY] RI = 2 i1 = 0.0.0, i2 = 0, SINR = 48 dB, CQI = 15
[0m[NR_PHY] RI = 2 i1 = 0.0.0, i2 = 0, SINR = 48 dB, CQI = 15
[0m[NR_PHY] RI = 2 i1 = 0.0.0, i2 = 0, SINR = 48 dB, CQI = 15
[0m[NR_PHY] RI = 2 i1 = 0.0.0, i2 = 0, SINR = 48 dB, CQI = 15
[0m[NR_PHY] RI = 2 i1 = 0.0.0, i2 = 0, SINR = 48 dB, CQI = 15
[0m[NR_PHY] RI = 2 i1 = 0.0.0, i2 = 0, SINR = 48 dB, CQI = 15
[0m[NR_PHY] RI = 2 i1 = 0.0.0, i2 = 0, SINR = 48 dB, CQI = 15
[0m[NR_PHY] RI = 2 i1 = 0.0.0, i2 = 0, SINR = 48 dB, CQI = 15
[0m[NR_PHY] RI = 2 i1 = 0.0.0, i2 = 0, SINR = 48 dB, CQI = 15
[0m[NR_PHY] RI = 2 i1 = 0.0.0, i2 = 0, SINR = 48 dB, CQI = 15
[0m[NR_PHY] RI = 2 i1 = 0.0.0, i2 = 0, SINR = 48 dB, CQI = 15
[0m[NR_PHY] RI = 2 i1 = 0.0.0, i2 = 0, SINR = 48 dB, CQI = 15
[0m[NR_PHY] RI = 2 i1 = 0.0.0, i2 = 0, SINR = 48 dB, CQI = 15
[0m[NR_PHY] RI = 2 i1 = 0.0.0, i2 = 0, SINR = 48 dB, CQI = 15
[0m[NR_MAC] UE 0 RNTI 3cc4 stats sfn: 0.2, cumulated bad DCI 0
    DL harq: 926/0
    UL harq: 21046/37 avg code rate 0.9, avg bit/symbol 6.0, avg per TB: (nb RBs 17.0, nb symbols 13.0)
[0m[NR_PHY] RI = 2 i1 = 0.0.0, i2 = 0, SINR = 48 dB, CQI = 15
[0m[NR_PHY] RI = 2 i1 = 0.0.0, i2 = 0, SINR = 48 dB, CQI = 15
[0m[NR_PHY] RI = 2 i1 = 0.0.0, i2 = 0, SINR = 48 dB, CQI = 15
[0m[NR_PHY] RI = 2 i1 = 0.0.0, i2 = 0, SINR = 48 dB, CQI = 15
[0m[NR_PHY] RI = 2 i1 = 0.0.0, i2 = 0, SINR = 48 dB, CQI = 15
[0m[NR_PHY] RI = 2 i1 = 0.0.0, i2 = 0, SINR = 48 dB, CQI = 15
[0m[NR_PHY] RI = 2 i1 = 0.0.0, i2 = 0, SINR = 48 dB, CQI = 15
[0m[NR_PHY] RI = 2 i1 = 0.0.0, i2 = 0, SINR = 48 dB, CQI = 15
[0m[NR_PHY] RI = 2 i1 = 0.0.0, i2 = 0, SINR = 48 dB, CQI = 15
[0m[NR_PHY] RI = 2 i1 = 0.0.0, i2 = 0, SINR = 48 dB, CQI = 15
[0m[NR_PHY] RI = 2 i1 = 0.0.0, i2 = 0, SINR = 48 dB, CQI = 15
[0m[NR_PHY] RI = 2 i1 = 0.0.0, i2 = 0, SINR = 48 dB, CQI = 15
[0m[NR_PHY] RI = 2 i1 = 0.0.0, i2 = 0, SINR = 48 dB, CQI = 15
[0m[NR_PHY] RI = 2 i1 = 0.0.0, i2 = 0, SINR = 48 dB, CQI = 15
[0m[NR_PHY] RI = 2 i1 = 0.0.0, i2 = 0, SINR = 48 dB, CQI = 15
[0m[NR_PHY] RI = 2 i1 = 0.0.0, i2 = 0, SINR = 48 dB, CQI = 15
[0m[NR_PHY] RI = 2 i1 = 0.0.0, i2 = 0, SINR = 48 dB, CQI = 15
[0m[NR_PHY] RI = 2 i1 = 0.0.0, i2 = 0, SINR = 48 dB, CQI = 15
[0m[NR_PHY] RI = 2 i1 = 0.0.0, i2 = 0, SINR = 48 dB, CQI = 15
[0m[NR_PHY] RI = 2 i1 = 0.0.0, i2 = 0, SINR = 48 dB, CQI = 15
[0m[NR_PHY] RI = 2 i1 = 0.0.0, i2 = 0, SINR = 48 dB, CQI = 15
[0m[NR_PHY] RI = 2 i1 = 0.0.0, i2 = 0, SINR = 48 dB, CQI = 15
[0m[NR_PHY] RI = 2 i1 = 0.0.0, i2 = 0, SINR = 48 dB, CQI = 15
[0m[NR_PHY] RI = 2 i1 = 0.0.0, i2 = 0, SINR = 48 dB, CQI = 15
[0m[NR_PHY] RI = 2 i1 = 0.0.0, i2 = 0, SINR = 48 dB, CQI = 15
[0m[NR_PHY] RI = 2 i1 = 0.0.0, i2 = 0, SINR = 48 dB, CQI = 15
[0m[NR_PHY] RI = 2 i1 = 0.0.0, i2 = 0, SINR = 48 dB, CQI = 15
[0m[NR_PHY] RI = 2 i1 = 0.0.0, i2 = 0, SINR = 48 dB, CQI = 15
[0m[NR_PHY] RI = 2 i1 = 0.0.0, i2 = 0, SINR = 48 dB, CQI = 15
[0m[NR_PHY] RI = 2 i1 = 0.0.0, i2 = 0, SINR = 48 dB, CQI = 15
[0m[NR_PHY] RI = 2 i1 = 0.0.0, i2 = 0, SINR = 48 dB, CQI = 15
[0m[NR_PHY] RI = 2 i1 = 0.0.0, i2 = 0, SINR = 48 dB, CQI = 15
[0m[NR_PHY] RI = 2 i1 = 0.0.0, i2 = 0, SINR = 48 dB, CQI = 15
[0m[NR_PHY] RI = 2 i1 = 0.0.0, i2 = 0, SINR = 48 dB, CQI = 15
[0m[NR_PHY] RI = 2 i1 = 0.0.0, i2 = 0, SINR = 48 dB, CQI = 15
[0m[NR_PHY] RI = 2 i1 = 0.0.0, i2 = 0, SINR = 48 dB, CQI = 15
[0m[NR_PHY] RI = 2 i1 = 0.0.0, i2 = 0, SINR = 48 dB, CQI = 15
[0m[NR_PHY] RI = 2 i1 = 0.0.0, i2 = 0, SINR = 48 dB, CQI = 15
[0m[NR_PHY] RI = 2 i1 = 0.0.0, i2 = 0, SINR = 48 dB, CQI = 15
[0m[NR_PHY] RI = 2 i1 = 0.0.0, i2 = 0, SINR = 48 dB, CQI = 15
[0m[NR_PHY] RI = 2 i1 = 0.0.0, i2 = 0, SINR = 48 dB, CQI = 15
[0m[NR_PHY] RI = 2 i1 = 0.0.0, i2 = 0, SINR = 48 dB, CQI = 15
[0m[NR_PHY] RI = 2 i1 = 0.0.0, i2 = 0, SINR = 48 dB, CQI = 15
[0m[NR_PHY] RI = 2 i1 = 0.0.0, i2 = 0, SINR = 48 dB, CQI = 15
[0m[NR_PHY] RI = 2 i1 = 0.0.0, i2 = 0, SINR = 48 dB, CQI = 15
[0m[NR_PHY] RI = 2 i1 = 0.0.0, i2 = 0, SINR = 48 dB, CQI = 15
[0m[NR_PHY] RI = 2 i1 = 0.0.0, i2 = 0, SINR = 48 dB, CQI = 15
[0m[NR_PHY] RI = 2 i1 = 0.0.0, i2 = 0, SINR = 48 dB, CQI = 15
[0m[NR_PHY] RI = 2 i1 = 0.0.0, i2 = 0, SINR = 48 dB, CQI = 15
[0m[NR_PHY] RI = 2 i1 = 0.0.0, i2 = 0, SINR = 48 dB, CQI = 15
[0m[NR_PHY] RI = 2 i1 = 0.0.0, i2 = 0, SINR = 48 dB, CQI = 15
[0m[NR_PHY] RI = 2 i1 = 0.0.0, i2 = 0, SINR = 48 dB, CQI = 15
[0m[NR_PHY] RI = 2 i1 = 0.0.0, i2 = 0, SINR = 48 dB, CQI = 15
[0m[NR_PHY] RI = 2 i1 = 0.0.0, i2 = 0, SINR = 48 dB, CQI = 15
[0m[NR_PHY] RI = 2 i1 = 0.0.0, i2 = 0, SINR = 48 dB, CQI = 15
[0m[NR_PHY] RI = 2 i1 = 0.0.0, i2 = 0, SINR = 48 dB, CQI = 15
[0m[NR_PHY] RI = 2 i1 = 0.0.0, i2 = 0, SINR = 48 dB, CQI = 15
[0m[NR_PHY] RI = 2 i1 = 0.0.0, i2 = 0, SINR = 48 dB, CQI = 15
[0m[NR_PHY] RI = 2 i1 = 0.0.0, i2 = 0, SINR = 48 dB, CQI = 15
[0m[NR_PHY] RI = 2 i1 = 0.0.0, i2 = 0, SINR = 48 dB, CQI = 15
[0m[NR_PHY] RI = 2 i1 = 0.0.0, i2 = 0, SINR = 48 dB, CQI = 15
[0m[NR_PHY] RI = 2 i1 = 0.0.0, i2 = 0, SINR = 48 dB, CQI = 15
[0m[NR_PHY] RI = 2 i1 = 0.0.0, i2 = 0, SINR = 48 dB, CQI = 15
[0m[NR_PHY] RI = 2 i1 = 0.0.0, i2 = 0, SINR = 48 dB, CQI = 15
[0m[NR_MAC] UE 0 RNTI 3cc4 stats sfn: 128.2, cumulated bad DCI 0
    DL harq: 948/0
    UL harq: 21557/38 avg code rate 0.9, avg bit/symbol 6.0, avg per TB: (nb RBs 17.0, nb symbols 13.0)
[0m[NR_PHY] RI = 2 i1 = 0.0.0, i2 = 0, SINR = 48 dB, CQI = 15
[0m[NR_PHY] RI = 2 i1 = 0.0.0, i2 = 0, SINR = 48 dB, CQI = 15
[0m[NR_PHY] RI = 2 i1 = 0.0.0, i2 = 0, SINR = 48 dB, CQI = 15
[0m[NR_PHY] RI = 2 i1 = 0.0.0, i2 = 0, SINR = 48 dB, CQI = 15
[0m[NR_PHY] RI = 2 i1 = 0.0.0, i2 = 0, SINR = 48 dB, CQI = 15
[0m[NR_PHY] RI = 2 i1 = 0.0.0, i2 = 0, SINR = 48 dB, CQI = 15
[0m[NR_PHY] RI = 2 i1 = 0.0.0, i2 = 0, SINR = 48 dB, CQI = 15
[0m[NR_PHY] RI = 2 i1 = 0.0.0, i2 = 0, SINR = 48 dB, CQI = 15
[0m[NR_PHY] RI = 2 i1 = 0.0.0, i2 = 0, SINR = 48 dB, CQI = 15
[0m[NR_PHY] RI = 2 i1 = 0.0.0, i2 = 0, SINR = 48 dB, CQI = 15
[0m[NR_PHY] RI = 2 i1 = 0.0.0, i2 = 0, SINR = 48 dB, CQI = 15
[0m[NR_PHY] RI = 2 i1 = 0.0.0, i2 = 0, SINR = 48 dB, CQI = 15
[0m[NR_PHY] RI = 2 i1 = 0.0.0, i2 = 0, SINR = 48 dB, CQI = 15
[0m[NR_PHY] RI = 2 i1 = 0.0.0, i2 = 0, SINR = 48 dB, CQI = 15
[0m[NR_PHY] RI = 2 i1 = 0.0.0, i2 = 0, SINR = 48 dB, CQI = 15
[0m[NR_PHY] RI = 2 i1 = 0.0.0, i2 = 0, SINR = 48 dB, CQI = 15
[0m[NR_PHY] RI = 2 i1 = 0.0.0, i2 = 0, SINR = 48 dB, CQI = 15
[0m[NR_PHY] RI = 2 i1 = 0.0.0, i2 = 0, SINR = 48 dB, CQI = 15
[0m[NR_PHY] RI = 2 i1 = 0.0.0, i2 = 0, SINR = 48 dB, CQI = 15
[0m[NR_PHY] RI = 2 i1 = 0.0.0, i2 = 0, SINR = 48 dB, CQI = 15
[0m[NR_PHY] RI = 2 i1 = 0.0.0, i2 = 0, SINR = 48 dB, CQI = 15
[0m[NR_PHY] RI = 2 i1 = 0.0.0, i2 = 0, SINR = 48 dB, CQI = 15
[0m[NR_PHY] RI = 2 i1 = 0.0.0, i2 = 0, SINR = 48 dB, CQI = 15
[0m[NR_PHY] RI = 2 i1 = 0.0.0, i2 = 0, SINR = 48 dB, CQI = 15
[0m[NR_PHY] RI = 2 i1 = 0.0.0, i2 = 0, SINR = 48 dB, CQI = 15
[0m[NR_PHY] RI = 2 i1 = 0.0.0, i2 = 0, SINR = 48 dB, CQI = 15
[0m[NR_PHY] RI = 2 i1 = 0.0.0, i2 = 0, SINR = 48 dB, CQI = 15
[0m[NR_PHY] RI = 2 i1 = 0.0.0, i2 = 0, SINR = 48 dB, CQI = 15
[0m[NR_PHY] RI = 2 i1 = 0.0.0, i2 = 0, SINR = 48 dB, CQI = 15
[0m[NR_PHY] RI = 2 i1 = 0.0.0, i2 = 0, SINR = 48 dB, CQI = 15
[0m[NR_PHY] RI = 2 i1 = 0.0.0, i2 = 0, SINR = 48 dB, CQI = 15
[0m[NR_PHY] RI = 2 i1 = 0.0.0, i2 = 0, SINR = 48 dB, CQI = 15
[0m[NR_PHY] RI = 2 i1 = 0.0.0, i2 = 0, SINR = 48 dB, CQI = 15
[0m[NR_PHY] RI = 2 i1 = 0.0.0, i2 = 0, SINR = 48 dB, CQI = 15
[0m[NR_PHY] RI = 2 i1 = 0.0.0, i2 = 0, SINR = 48 dB, CQI = 15
[0m[NR_PHY] RI = 2 i1 = 0.0.0, i2 = 0, SINR = 48 dB, CQI = 15
[0m[NR_PHY] RI = 2 i1 = 0.0.0, i2 = 0, SINR = 48 dB, CQI = 15
[0m[NR_PHY] RI = 2 i1 = 0.0.0, i2 = 0, SINR = 48 dB, CQI = 15
[0m[NR_PHY] RI = 2 i1 = 0.0.0, i2 = 0, SINR = 48 dB, CQI = 15
[0m[NR_PHY] RI = 2 i1 = 0.0.0, i2 = 0, SINR = 48 dB, CQI = 15
[0m[NR_PHY] RI = 2 i1 = 0.0.0, i2 = 0, SINR = 48 dB, CQI = 15
[0m[NR_PHY] RI = 2 i1 = 0.0.0, i2 = 0, SINR = 48 dB, CQI = 15
[0m[NR_PHY] RI = 2 i1 = 0.0.0, i2 = 0, SINR = 48 dB, CQI = 15
[0m[NR_PHY] RI = 2 i1 = 0.0.0, i2 = 0, SINR = 48 dB, CQI = 15
[0m[NR_PHY] RI = 2 i1 = 0.0.0, i2 = 0, SINR = 48 dB, CQI = 15
[0m[NR_PHY] RI = 2 i1 = 0.0.0, i2 = 0, SINR = 48 dB, CQI = 15
[0m[NR_PHY] RI = 2 i1 = 0.0.0, i2 = 0, SINR = 48 dB, CQI = 15
[0m[NR_PHY] RI = 2 i1 = 0.0.0, i2 = 0, SINR = 48 dB, CQI = 15
[0m[NR_PHY] RI = 2 i1 = 0.0.0, i2 = 0, SINR = 48 dB, CQI = 15
[0m[NR_PHY] RI = 2 i1 = 0.0.0, i2 = 0, SINR = 48 dB, CQI = 15
[0m[NR_PHY] RI = 2 i1 = 0.0.0, i2 = 0, SINR = 48 dB, CQI = 15
[0m[NR_PHY] RI = 2 i1 = 0.0.0, i2 = 0, SINR = 48 dB, CQI = 15
[0m[NR_PHY] RI = 2 i1 = 0.0.0, i2 = 0, SINR = 48 dB, CQI = 15
[0m[NR_PHY] RI = 2 i1 = 0.0.0, i2 = 0, SINR = 48 dB, CQI = 15
[0m[NR_PHY] RI = 2 i1 = 0.0.0, i2 = 0, SINR = 48 dB, CQI = 15
[0m[NR_PHY] RI = 2 i1 = 0.0.0, i2 = 0, SINR = 48 dB, CQI = 15
[0m[NR_PHY] RI = 2 i1 = 0.0.0, i2 = 0, SINR = 48 dB, CQI = 15
[0m[NR_PHY] RI = 2 i1 = 0.0.0, i2 = 0, SINR = 48 dB, CQI = 15
[0m[NR_PHY] RI = 2 i1 = 0.0.0, i2 = 0, SINR = 48 dB, CQI = 15
[0m[NR_PHY] RI = 2 i1 = 0.0.0, i2 = 0, SINR = 48 dB, CQI = 15
[0m[NR_PHY] RI = 2 i1 = 0.0.0, i2 = 0, SINR = 48 dB, CQI = 15
[0m[NR_PHY] RI = 2 i1 = 0.0.0, i2 = 0, SINR = 48 dB, CQI = 15
[0m[NR_PHY] RI = 2 i1 = 0.0.0, i2 = 0, SINR = 48 dB, CQI = 15
[0m[NR_PHY] RI = 2 i1 = 0.0.0, i2 = 0, SINR = 48 dB, CQI = 15
[0m[NR_MAC] UE 0 RNTI 3cc4 stats sfn: 256.2, cumulated bad DCI 0
    DL harq: 969/0
    UL harq: 22069/38 avg code rate 0.9, avg bit/symbol 6.0, avg per TB: (nb RBs 17.0, nb symbols 13.0)
[0m[NR_PHY] RI = 2 i1 = 0.0.0, i2 = 0, SINR = 48 dB, CQI = 15
[0m[NR_PHY] RI = 2 i1 = 0.0.0, i2 = 0, SINR = 48 dB, CQI = 15
[0m[NR_PHY] RI = 2 i1 = 0.0.0, i2 = 0, SINR = 48 dB, CQI = 15
[0m[NR_PHY] RI = 2 i1 = 0.0.0, i2 = 0, SINR = 48 dB, CQI = 15
[0m[NR_PHY] RI = 2 i1 = 0.0.0, i2 = 0, SINR = 48 dB, CQI = 15
[0m[NR_PHY] RI = 2 i1 = 0.0.0, i2 = 0, SINR = 48 dB, CQI = 15
[0m[NR_PHY] RI = 2 i1 = 0.0.0, i2 = 0, SINR = 48 dB, CQI = 15
[0m[NR_PHY] RI = 2 i1 = 0.0.0, i2 = 0, SINR = 48 dB, CQI = 15
[0m[NR_PHY] RI = 2 i1 = 0.0.0, i2 = 0, SINR = 48 dB, CQI = 15
[0m[NR_PHY] RI = 2 i1 = 0.0.0, i2 = 0, SINR = 48 dB, CQI = 15
[0m[NR_PHY] RI = 2 i1 = 0.0.0, i2 = 0, SINR = 48 dB, CQI = 15
[0m[NR_PHY] RI = 2 i1 = 0.0.0, i2 = 0, SINR = 48 dB, CQI = 15
[0m[NR_PHY] RI = 2 i1 = 0.0.0, i2 = 0, SINR = 48 dB, CQI = 15
[0m[NR_PHY] RI = 2 i1 = 0.0.0, i2 = 0, SINR = 48 dB, CQI = 15
[0m[NR_PHY] RI = 2 i1 = 0.0.0, i2 = 0, SINR = 48 dB, CQI = 15
[0m[NR_PHY] RI = 2 i1 = 0.0.0, i2 = 0, SINR = 48 dB, CQI = 15
[0m[NR_PHY] RI = 2 i1 = 0.0.0, i2 = 0, SINR = 48 dB, CQI = 15
[0m[NR_PHY] RI = 2 i1 = 0.0.0, i2 = 0, SINR = 48 dB, CQI = 15
[0m[NR_PHY] RI = 2 i1 = 0.0.0, i2 = 0, SINR = 48 dB, CQI = 15
[0m[NR_PHY] RI = 2 i1 = 0.0.0, i2 = 0, SINR = 48 dB, CQI = 15
[0m[NR_PHY] RI = 2 i1 = 0.0.0, i2 = 0, SINR = 48 dB, CQI = 15
[0m[NR_PHY] RI = 2 i1 = 0.0.0, i2 = 0, SINR = 48 dB, CQI = 15
[0m[NR_PHY] RI = 2 i1 = 0.0.0, i2 = 0, SINR = 48 dB, CQI = 15
[0m[NR_PHY] RI = 2 i1 = 0.0.0, i2 = 0, SINR = 48 dB, CQI = 15
[0m[NR_PHY] RI = 2 i1 = 0.0.0, i2 = 0, SINR = 48 dB, CQI = 15
[0m[NR_PHY] RI = 2 i1 = 0.0.0, i2 = 0, SINR = 48 dB, CQI = 15
[0m[NR_PHY] RI = 2 i1 = 0.0.0, i2 = 0, SINR = 48 dB, CQI = 15
[0m[NR_PHY] RI = 2 i1 = 0.0.0, i2 = 0, SINR = 48 dB, CQI = 15
[0m[NR_PHY] RI = 2 i1 = 0.0.0, i2 = 0, SINR = 48 dB, CQI = 15
[0m[NR_PHY] RI = 2 i1 = 0.0.0, i2 = 0, SINR = 48 dB, CQI = 15
[0m[NR_PHY] RI = 2 i1 = 0.0.0, i2 = 0, SINR = 48 dB, CQI = 15
[0m[NR_PHY] RI = 2 i1 = 0.0.0, i2 = 0, SINR = 48 dB, CQI = 15
[0m[NR_PHY] RI = 2 i1 = 0.0.0, i2 = 0, SINR = 48 dB, CQI = 15
[0m[NR_PHY] RI = 2 i1 = 0.0.0, i2 = 0, SINR = 48 dB, CQI = 15
[0m[NR_PHY] RI = 2 i1 = 0.0.0, i2 = 0, SINR = 48 dB, CQI = 15
[0m[NR_PHY] RI = 2 i1 = 0.0.0, i2 = 0, SINR = 48 dB, CQI = 15
[0m[NR_PHY] RI = 2 i1 = 0.0.0, i2 = 0, SINR = 48 dB, CQI = 15
[0m[NR_PHY] RI = 2 i1 = 0.0.0, i2 = 0, SINR = 48 dB, CQI = 15
[0m[NR_PHY] RI = 2 i1 = 0.0.0, i2 = 0, SINR = 48 dB, CQI = 15
[0m[NR_PHY] RI = 2 i1 = 0.0.0, i2 = 0, SINR = 48 dB, CQI = 15
[0m[NR_PHY] RI = 2 i1 = 0.0.0, i2 = 0, SINR = 48 dB, CQI = 15
[0m[NR_PHY] RI = 2 i1 = 0.0.0, i2 = 0, SINR = 48 dB, CQI = 15
[0m[NR_PHY] RI = 2 i1 = 0.0.0, i2 = 0, SINR = 48 dB, CQI = 15
[0m[NR_PHY] RI = 2 i1 = 0.0.0, i2 = 0, SINR = 48 dB, CQI = 15
[0m[NR_PHY] RI = 2 i1 = 0.0.0, i2 = 0, SINR = 48 dB, CQI = 15
[0m[NR_PHY] RI = 2 i1 = 0.0.0, i2 = 0, SINR = 48 dB, CQI = 15
[0m[NR_PHY] RI = 2 i1 = 0.0.0, i2 = 0, SINR = 48 dB, CQI = 15
[0m[NR_PHY] RI = 2 i1 = 0.0.0, i2 = 0, SINR = 48 dB, CQI = 15
[0m[NR_PHY] RI = 2 i1 = 0.0.0, i2 = 0, SINR = 48 dB, CQI = 15
[0m[NR_PHY] RI = 2 i1 = 0.0.0, i2 = 0, SINR = 48 dB, CQI = 15
[0m[NR_PHY] RI = 2 i1 = 0.0.0, i2 = 0, SINR = 48 dB, CQI = 15
[0m[NR_PHY] RI = 2 i1 = 0.0.0, i2 = 0, SINR = 48 dB, CQI = 15
[0m[NR_PHY] RI = 2 i1 = 0.0.0, i2 = 0, SINR = 48 dB, CQI = 15
[0m[NR_PHY] RI = 2 i1 = 0.0.0, i2 = 0, SINR = 48 dB, CQI = 15
[0m[NR_PHY] RI = 2 i1 = 0.0.0, i2 = 0, SINR = 48 dB, CQI = 15
[0m[NR_PHY] RI = 2 i1 = 0.0.0, i2 = 0, SINR = 48 dB, CQI = 15
[0m[NR_PHY] RI = 2 i1 = 0.0.0, i2 = 0, SINR = 48 dB, CQI = 15
[0m[NR_PHY] RI = 2 i1 = 0.0.0, i2 = 0, SINR = 48 dB, CQI = 15
[0m[NR_PHY] RI = 2 i1 = 0.0.0, i2 = 0, SINR = 48 dB, CQI = 15
[0m[NR_PHY] RI = 2 i1 = 0.0.0, i2 = 0, SINR = 48 dB, CQI = 15
[0m[NR_PHY] RI = 2 i1 = 0.0.0, i2 = 0, SINR = 48 dB, CQI = 15
[0m[NR_PHY] RI = 2 i1 = 0.0.0, i2 = 0, SINR = 48 dB, CQI = 15
[0m[NR_PHY] RI = 2 i1 = 0.0.0, i2 = 0, SINR = 48 dB, CQI = 15
[0m[NR_PHY] RI = 2 i1 = 0.0.0, i2 = 0, SINR = 48 dB, CQI = 15
[0m[NR_MAC] UE 0 RNTI 3cc4 stats sfn: 384.2, cumulated bad DCI 0
    DL harq: 992/0
    UL harq: 22581/38 avg code rate 0.9, avg bit/symbol 6.0, avg per TB: (nb RBs 17.0, nb symbols 13.0)
[0m[NR_PHY] RI = 2 i1 = 0.0.0, i2 = 0, SINR = 48 dB, CQI = 15
[0m[NR_PHY] RI = 2 i1 = 0.0.0, i2 = 0, SINR = 48 dB, CQI = 15
[0m[NR_PHY] RI = 2 i1 = 0.0.0, i2 = 0, SINR = 48 dB, CQI = 15
[0m[NR_PHY] RI = 2 i1 = 0.0.0, i2 = 0, SINR = 48 dB, CQI = 15
[0m[NR_PHY] RI = 2 i1 = 0.0.0, i2 = 0, SINR = 48 dB, CQI = 15
[0m[NR_PHY] RI = 2 i1 = 0.0.0, i2 = 0, SINR = 48 dB, CQI = 15
[0m[NR_PHY] RI = 2 i1 = 0.0.0, i2 = 0, SINR = 48 dB, CQI = 15
[0m[NR_PHY] RI = 2 i1 = 0.0.0, i2 = 0, SINR = 48 dB, CQI = 15
[0m[NR_PHY] RI = 2 i1 = 0.0.0, i2 = 0, SINR = 48 dB, CQI = 15
[0m[NR_PHY] RI = 2 i1 = 0.0.0, i2 = 0, SINR = 48 dB, CQI = 15
[0m[NR_PHY] RI = 2 i1 = 0.0.0, i2 = 0, SINR = 48 dB, CQI = 15
[0m[NR_PHY] RI = 2 i1 = 0.0.0, i2 = 0, SINR = 48 dB, CQI = 15
[0m[NR_PHY] RI = 2 i1 = 0.0.0, i2 = 0, SINR = 48 dB, CQI = 15
[0m[NR_PHY] RI = 2 i1 = 0.0.0, i2 = 0, SINR = 48 dB, CQI = 15
[0m[NR_PHY] RI = 2 i1 = 0.0.0, i2 = 0, SINR = 48 dB, CQI = 15
[0m[NR_PHY] RI = 2 i1 = 0.0.0, i2 = 0, SINR = 48 dB, CQI = 15
[0m[NR_PHY] RI = 2 i1 = 0.0.0, i2 = 0, SINR = 48 dB, CQI = 15
[0m[NR_PHY] RI = 2 i1 = 0.0.0, i2 = 0, SINR = 48 dB, CQI = 15
[0m[NR_PHY] RI = 2 i1 = 0.0.0, i2 = 0, SINR = 48 dB, CQI = 15
[0m[NR_PHY] RI = 2 i1 = 0.0.0, i2 = 0, SINR = 48 dB, CQI = 15
[0m[NR_PHY] RI = 2 i1 = 0.0.0, i2 = 0, SINR = 48 dB, CQI = 15
[0m[NR_PHY] RI = 2 i1 = 0.0.0, i2 = 0, SINR = 48 dB, CQI = 15
[0m[NR_PHY] RI = 2 i1 = 0.0.0, i2 = 0, SINR = 48 dB, CQI = 15
[0m[NR_PHY] RI = 2 i1 = 0.0.0, i2 = 0, SINR = 48 dB, CQI = 15
[0m[NR_PHY] RI = 2 i1 = 0.0.0, i2 = 0, SINR = 48 dB, CQI = 15
[0m[NR_PHY] RI = 2 i1 = 0.0.0, i2 = 0, SINR = 48 dB, CQI = 15
[0m[NR_PHY] RI = 2 i1 = 0.0.0, i2 = 0, SINR = 48 dB, CQI = 15
[0m[NR_PHY] RI = 2 i1 = 0.0.0, i2 = 0, SINR = 48 dB, CQI = 15
[0m[NR_PHY] RI = 2 i1 = 0.0.0, i2 = 0, SINR = 48 dB, CQI = 15
[0m[NR_PHY] RI = 2 i1 = 0.0.0, i2 = 0, SINR = 48 dB, CQI = 15
[0m[NR_PHY] RI = 2 i1 = 0.0.0, i2 = 0, SINR = 48 dB, CQI = 15
[0m[NR_PHY] RI = 2 i1 = 0.0.0, i2 = 0, SINR = 48 dB, CQI = 15
[0m[NR_PHY] RI = 2 i1 = 0.0.0, i2 = 0, SINR = 48 dB, CQI = 15
[0m[NR_PHY] RI = 2 i1 = 0.0.0, i2 = 0, SINR = 48 dB, CQI = 15
[0m[NR_PHY] RI = 2 i1 = 0.0.0, i2 = 0, SINR = 48 dB, CQI = 15
[0m[NR_PHY] RI = 2 i1 = 0.0.0, i2 = 0, SINR = 48 dB, CQI = 15
[0m[NR_PHY] RI = 2 i1 = 0.0.0, i2 = 0, SINR = 48 dB, CQI = 15
[0m[NR_PHY] RI = 2 i1 = 0.0.0, i2 = 0, SINR = 48 dB, CQI = 15
[0m[NR_PHY] RI = 2 i1 = 0.0.0, i2 = 0, SINR = 48 dB, CQI = 15
[0m[NR_PHY] RI = 2 i1 = 0.0.0, i2 = 0, SINR = 48 dB, CQI = 15
[0m[NR_PHY] RI = 2 i1 = 0.0.0, i2 = 0, SINR = 48 dB, CQI = 15
[0m[NR_PHY] RI = 2 i1 = 0.0.0, i2 = 0, SINR = 48 dB, CQI = 15
[0m[NR_PHY] RI = 2 i1 = 0.0.0, i2 = 0, SINR = 48 dB, CQI = 15
[0m[NR_PHY] RI = 2 i1 = 0.0.0, i2 = 0, SINR = 48 dB, CQI = 15
[0m[NR_PHY] RI = 2 i1 = 0.0.0, i2 = 0, SINR = 48 dB, CQI = 15
[0m[NR_PHY] RI = 2 i1 = 0.0.0, i2 = 0, SINR = 48 dB, CQI = 15
[0m[NR_PHY] RI = 2 i1 = 0.0.0, i2 = 0, SINR = 48 dB, CQI = 15
[0m[NR_PHY] RI = 2 i1 = 0.0.0, i2 = 0, SINR = 48 dB, CQI = 15
[0m[NR_PHY] RI = 2 i1 = 0.0.0, i2 = 0, SINR = 48 dB, CQI = 15
[0m[NR_PHY] RI = 2 i1 = 0.0.0, i2 = 0, SINR = 48 dB, CQI = 15
[0m[NR_PHY] RI = 2 i1 = 0.0.0, i2 = 0, SINR = 48 dB, CQI = 15
[0m[NR_PHY] RI = 2 i1 = 0.0.0, i2 = 0, SINR = 48 dB, CQI = 15
[0m[NR_PHY] RI = 2 i1 = 0.0.0, i2 = 0, SINR = 48 dB, CQI = 15
[0m[NR_PHY] RI = 2 i1 = 0.0.0, i2 = 0, SINR = 48 dB, CQI = 15
[0m[NR_PHY] RI = 2 i1 = 0.0.0, i2 = 0, SINR = 48 dB, CQI = 15
[0m[NR_PHY] RI = 2 i1 = 0.0.0, i2 = 0, SINR = 48 dB, CQI = 15
[0m[NR_PHY] RI = 2 i1 = 0.0.0, i2 = 0, SINR = 48 dB, CQI = 15
[0m[NR_PHY] RI = 2 i1 = 0.0.0, i2 = 0, SINR = 48 dB, CQI = 15
[0m[NR_PHY] RI = 2 i1 = 0.0.0, i2 = 0, SINR = 48 dB, CQI = 15
[0m[NR_PHY] RI = 2 i1 = 0.0.0, i2 = 0, SINR = 48 dB, CQI = 15
[0m[NR_PHY] RI = 2 i1 = 0.0.0, i2 = 0, SINR = 48 dB, CQI = 15
[0m[NR_PHY] RI = 2 i1 = 0.0.0, i2 = 0, SINR = 48 dB, CQI = 15
[0m[NR_PHY] RI = 2 i1 = 0.0.0, i2 = 0, SINR = 48 dB, CQI = 15
[0m[NR_PHY] RI = 2 i1 = 0.0.0, i2 = 0, SINR = 48 dB, CQI = 15
[0m[NR_MAC] UE 0 RNTI 3cc4 stats sfn: 512.2, cumulated bad DCI 0
    DL harq: 1014/0
    UL harq: 23093/38 avg code rate 0.9, avg bit/symbol 6.0, avg per TB: (nb RBs 17.0, nb symbols 13.0)
[0m[NR_PHY] RI = 2 i1 = 0.0.0, i2 = 0, SINR = 48 dB, CQI = 15
[0m[NR_PHY] RI = 2 i1 = 0.0.0, i2 = 0, SINR = 48 dB, CQI = 15
[0m[NR_PHY] RI = 2 i1 = 0.0.0, i2 = 0, SINR = 48 dB, CQI = 15
[0m[NR_PHY] RI = 2 i1 = 0.0.0, i2 = 0, SINR = 48 dB, CQI = 15
[0m[NR_PHY] RI = 2 i1 = 0.0.0, i2 = 0, SINR = 48 dB, CQI = 15
[0m[NR_PHY] RI = 2 i1 = 0.0.0, i2 = 0, SINR = 48 dB, CQI = 15
[0m[NR_PHY] RI = 2 i1 = 0.0.0, i2 = 0, SINR = 48 dB, CQI = 15
[0m[NR_PHY] RI = 2 i1 = 0.0.0, i2 = 0, SINR = 48 dB, CQI = 15
[0m[NR_PHY] RI = 2 i1 = 0.0.0, i2 = 0, SINR = 48 dB, CQI = 15
[0m[NR_PHY] RI = 2 i1 = 0.0.0, i2 = 0, SINR = 48 dB, CQI = 15
[0m[NR_PHY] RI = 2 i1 = 0.0.0, i2 = 0, SINR = 48 dB, CQI = 15
[0m[NR_PHY] RI = 2 i1 = 0.0.0, i2 = 0, SINR = 48 dB, CQI = 15
[0m[NR_PHY] RI = 2 i1 = 0.0.0, i2 = 0, SINR = 48 dB, CQI = 15
[0m[NR_PHY] RI = 2 i1 = 0.0.0, i2 = 0, SINR = 48 dB, CQI = 15
[0m[NR_PHY] RI = 2 i1 = 0.0.0, i2 = 0, SINR = 48 dB, CQI = 15
[0m[NR_PHY] RI = 2 i1 = 0.0.0, i2 = 0, SINR = 48 dB, CQI = 15
[0m[NR_PHY] RI = 2 i1 = 0.0.0, i2 = 0, SINR = 48 dB, CQI = 15
[0m[NR_PHY] RI = 2 i1 = 0.0.0, i2 = 0, SINR = 48 dB, CQI = 15
[0m[NR_PHY] RI = 2 i1 = 0.0.0, i2 = 0, SINR = 48 dB, CQI = 15
[0m[NR_PHY] RI = 2 i1 = 0.0.0, i2 = 0, SINR = 48 dB, CQI = 15
[0m[NR_PHY] RI = 2 i1 = 0.0.0, i2 = 0, SINR = 48 dB, CQI = 15
[0m[NR_PHY] RI = 2 i1 = 0.0.0, i2 = 0, SINR = 48 dB, CQI = 15
[0m[NR_PHY] RI = 2 i1 = 0.0.0, i2 = 0, SINR = 48 dB, CQI = 15
[0m[NR_PHY] RI = 2 i1 = 0.0.0, i2 = 0, SINR = 48 dB, CQI = 15
[0m[NR_PHY] RI = 2 i1 = 0.0.0, i2 = 0, SINR = 48 dB, CQI = 15
[0m[NR_PHY] RI = 2 i1 = 0.0.0, i2 = 0, SINR = 48 dB, CQI = 15
[0m[NR_PHY] RI = 2 i1 = 0.0.0, i2 = 0, SINR = 48 dB, CQI = 15
[0m[NR_PHY] RI = 2 i1 = 0.0.0, i2 = 0, SINR = 48 dB, CQI = 15
[0m[NR_PHY] RI = 2 i1 = 0.0.0, i2 = 0, SINR = 48 dB, CQI = 15
[0m[NR_PHY] RI = 2 i1 = 0.0.0, i2 = 0, SINR = 48 dB, CQI = 15
[0m[NR_PHY] RI = 2 i1 = 0.0.0, i2 = 0, SINR = 48 dB, CQI = 15
[0m[NR_PHY] RI = 2 i1 = 0.0.0, i2 = 0, SINR = 48 dB, CQI = 15
[0m[NR_PHY] RI = 2 i1 = 0.0.0, i2 = 0, SINR = 48 dB, CQI = 15
[0m[NR_PHY] RI = 2 i1 = 0.0.0, i2 = 0, SINR = 48 dB, CQI = 15
[0m[NR_PHY] RI = 2 i1 = 0.0.0, i2 = 0, SINR = 48 dB, CQI = 15
[0m[NR_PHY] RI = 2 i1 = 0.0.0, i2 = 0, SINR = 48 dB, CQI = 15
[0m[NR_PHY] RI = 2 i1 = 0.0.0, i2 = 0, SINR = 48 dB, CQI = 15
[0m[NR_PHY] RI = 2 i1 = 0.0.0, i2 = 0, SINR = 48 dB, CQI = 15
[0m[NR_PHY] RI = 2 i1 = 0.0.0, i2 = 0, SINR = 48 dB, CQI = 15
[0m[NR_PHY] RI = 2 i1 = 0.0.0, i2 = 0, SINR = 48 dB, CQI = 15
[0m[NR_PHY] RI = 2 i1 = 0.0.0, i2 = 0, SINR = 48 dB, CQI = 15
[0m[NR_PHY] RI = 2 i1 = 0.0.0, i2 = 0, SINR = 48 dB, CQI = 15
[0m[NR_PHY] RI = 2 i1 = 0.0.0, i2 = 0, SINR = 48 dB, CQI = 15
[0m[NR_PHY] RI = 2 i1 = 0.0.0, i2 = 0, SINR = 48 dB, CQI = 15
[0m[NR_PHY] RI = 2 i1 = 0.0.0, i2 = 0, SINR = 48 dB, CQI = 15
[0m[NR_PHY] RI = 2 i1 = 0.0.0, i2 = 0, SINR = 48 dB, CQI = 15
[0m[NR_PHY] RI = 2 i1 = 0.0.0, i2 = 0, SINR = 48 dB, CQI = 15
[0m[NR_PHY] RI = 2 i1 = 0.0.0, i2 = 0, SINR = 48 dB, CQI = 15
[0m[NR_PHY] RI = 2 i1 = 0.0.0, i2 = 0, SINR = 48 dB, CQI = 15
[0m[NR_PHY] RI = 2 i1 = 0.0.0, i2 = 0, SINR = 48 dB, CQI = 15
[0m[NR_PHY] RI = 2 i1 = 0.0.0, i2 = 0, SINR = 48 dB, CQI = 15
[0m[NR_PHY] RI = 2 i1 = 0.0.0, i2 = 0, SINR = 48 dB, CQI = 15
[0m[NR_PHY] RI = 2 i1 = 0.0.0, i2 = 0, SINR = 48 dB, CQI = 15
[0m[NR_PHY] RI = 2 i1 = 0.0.0, i2 = 0, SINR = 48 dB, CQI = 15
[0m[NR_PHY] RI = 2 i1 = 0.0.0, i2 = 0, SINR = 48 dB, CQI = 15
[0m[NR_PHY] RI = 2 i1 = 0.0.0, i2 = 0, SINR = 48 dB, CQI = 15
[0m[NR_PHY] RI = 2 i1 = 0.0.0, i2 = 0, SINR = 48 dB, CQI = 15
[0m[NR_PHY] RI = 2 i1 = 0.0.0, i2 = 0, SINR = 48 dB, CQI = 15
[0m[NR_PHY] RI = 2 i1 = 0.0.0, i2 = 0, SINR = 48 dB, CQI = 15
[0m[NR_PHY] RI = 2 i1 = 0.0.0, i2 = 0, SINR = 48 dB, CQI = 15
[0m[NR_PHY] RI = 2 i1 = 0.0.0, i2 = 0, SINR = 48 dB, CQI = 15
[0m[NR_PHY] RI = 2 i1 = 0.0.0, i2 = 0, SINR = 48 dB, CQI = 15
[0m[NR_PHY] RI = 2 i1 = 0.0.0, i2 = 0, SINR = 48 dB, CQI = 15
[0m[NR_PHY] RI = 2 i1 = 0.0.0, i2 = 0, SINR = 48 dB, CQI = 15
[0m[NR_MAC] UE 0 RNTI 3cc4 stats sfn: 640.2, cumulated bad DCI 0
    DL harq: 1036/0
    UL harq: 23601/40 avg code rate 0.9, avg bit/symbol 6.0, avg per TB: (nb RBs 17.0, nb symbols 13.0)
[0m[NR_PHY] RI = 2 i1 = 0.0.0, i2 = 0, SINR = 48 dB, CQI = 15
[0m[NR_PHY] RI = 2 i1 = 0.0.0, i2 = 0, SINR = 48 dB, CQI = 15
[0m[NR_PHY] RI = 2 i1 = 0.0.0, i2 = 0, SINR = 48 dB, CQI = 15
[0m[NR_PHY] RI = 2 i1 = 0.0.0, i2 = 0, SINR = 48 dB, CQI = 15
[0m[NR_PHY] RI = 2 i1 = 0.0.0, i2 = 0, SINR = 48 dB, CQI = 15
[0m[NR_PHY] RI = 2 i1 = 0.0.0, i2 = 0, SINR = 48 dB, CQI = 15
[0m[NR_PHY] RI = 2 i1 = 0.0.0, i2 = 0, SINR = 48 dB, CQI = 15
[0m[NR_PHY] RI = 2 i1 = 0.0.0, i2 = 0, SINR = 48 dB, CQI = 15
[0m[NR_PHY] RI = 2 i1 = 0.0.0, i2 = 0, SINR = 48 dB, CQI = 15
[0m[NR_PHY] RI = 2 i1 = 0.0.0, i2 = 0, SINR = 48 dB, CQI = 15
[0m[NR_PHY] RI = 2 i1 = 0.0.0, i2 = 0, SINR = 48 dB, CQI = 15
[0m[NR_PHY] RI = 2 i1 = 0.0.0, i2 = 0, SINR = 48 dB, CQI = 15
[0m[NR_PHY] RI = 2 i1 = 0.0.0, i2 = 0, SINR = 48 dB, CQI = 15
[0m[NR_PHY] RI = 2 i1 = 0.0.0, i2 = 0, SINR = 48 dB, CQI = 15
[0m[NR_PHY] RI = 2 i1 = 0.0.0, i2 = 0, SINR = 48 dB, CQI = 15
[0m[NR_PHY] RI = 2 i1 = 0.0.0, i2 = 0, SINR = 48 dB, CQI = 15
[0m[NR_PHY] RI = 2 i1 = 0.0.0, i2 = 0, SINR = 48 dB, CQI = 15
[0m[NR_PHY] RI = 2 i1 = 0.0.0, i2 = 0, SINR = 48 dB, CQI = 15
[0m[NR_PHY] RI = 2 i1 = 0.0.0, i2 = 0, SINR = 48 dB, CQI = 15
[0m[NR_PHY] RI = 2 i1 = 0.0.0, i2 = 0, SINR = 48 dB, CQI = 15
[0m[NR_PHY] RI = 2 i1 = 0.0.0, i2 = 0, SINR = 48 dB, CQI = 15
[0m[NR_PHY] RI = 2 i1 = 0.0.0, i2 = 0, SINR = 48 dB, CQI = 15
[0m[NR_PHY] RI = 2 i1 = 0.0.0, i2 = 0, SINR = 48 dB, CQI = 15
[0m[NR_PHY] RI = 2 i1 = 0.0.0, i2 = 0, SINR = 48 dB, CQI = 15
[0m[NR_PHY] RI = 2 i1 = 0.0.0, i2 = 0, SINR = 48 dB, CQI = 15
[0m[NR_PHY] RI = 2 i1 = 0.0.0, i2 = 0, SINR = 48 dB, CQI = 15
[0m[NR_PHY] RI = 2 i1 = 0.0.0, i2 = 0, SINR = 48 dB, CQI = 15
[0m[NR_PHY] RI = 2 i1 = 0.0.0, i2 = 0, SINR = 48 dB, CQI = 15
[0m[NR_PHY] RI = 2 i1 = 0.0.0, i2 = 0, SINR = 48 dB, CQI = 15
[0m[NR_PHY] RI = 2 i1 = 0.0.0, i2 = 0, SINR = 48 dB, CQI = 15
[0m[NR_PHY] RI = 2 i1 = 0.0.0, i2 = 0, SINR = 48 dB, CQI = 15
[0m[NR_PHY] RI = 2 i1 = 0.0.0, i2 = 0, SINR = 48 dB, CQI = 15
[0m[NR_PHY] RI = 2 i1 = 0.0.0, i2 = 0, SINR = 48 dB, CQI = 15
[0m[NR_PHY] RI = 2 i1 = 0.0.0, i2 = 0, SINR = 48 dB, CQI = 15
[0m[NR_PHY] RI = 2 i1 = 0.0.0, i2 = 0, SINR = 48 dB, CQI = 15
[0m[NR_PHY] RI = 2 i1 = 0.0.0, i2 = 0, SINR = 48 dB, CQI = 15
[0m[NR_PHY] RI = 2 i1 = 0.0.0, i2 = 0, SINR = 48 dB, CQI = 15
[0m[NR_PHY] RI = 2 i1 = 0.0.0, i2 = 0, SINR = 48 dB, CQI = 15
[0m[NR_PHY] RI = 2 i1 = 0.0.0, i2 = 0, SINR = 48 dB, CQI = 15
[0m[NR_PHY] RI = 2 i1 = 0.0.0, i2 = 0, SINR = 48 dB, CQI = 15
[0m[NR_PHY] RI = 2 i1 = 0.0.0, i2 = 0, SINR = 48 dB, CQI = 15
[0m[NR_PHY] RI = 2 i1 = 0.0.0, i2 = 0, SINR = 48 dB, CQI = 15
[0m[NR_PHY] RI = 2 i1 = 0.0.0, i2 = 0, SINR = 48 dB, CQI = 15
[0m[NR_PHY] RI = 2 i1 = 0.0.0, i2 = 0, SINR = 48 dB, CQI = 15
[0m[NR_PHY] RI = 2 i1 = 0.0.0, i2 = 0, SINR = 48 dB, CQI = 15
[0m[NR_PHY] RI = 2 i1 = 0.0.0, i2 = 0, SINR = 48 dB, CQI = 15
[0m[NR_PHY] RI = 2 i1 = 0.0.0, i2 = 0, SINR = 48 dB, CQI = 15
[0m[NR_PHY] RI = 2 i1 = 0.0.0, i2 = 0, SINR = 48 dB, CQI = 15
[0m[NR_PHY] RI = 2 i1 = 0.0.0, i2 = 0, SINR = 48 dB, CQI = 15
[0m[NR_PHY] RI = 2 i1 = 0.0.0, i2 = 0, SINR = 48 dB, CQI = 15
[0m[NR_PHY] RI = 2 i1 = 0.0.0, i2 = 0, SINR = 48 dB, CQI = 15
[0m[NR_PHY] RI = 2 i1 = 0.0.0, i2 = 0, SINR = 48 dB, CQI = 15
[0m[NR_PHY] RI = 2 i1 = 0.0.0, i2 = 0, SINR = 48 dB, CQI = 15
[0m[NR_PHY] RI = 2 i1 = 0.0.0, i2 = 0, SINR = 48 dB, CQI = 15
[0m[NR_PHY] RI = 2 i1 = 0.0.0, i2 = 0, SINR = 48 dB, CQI = 15
[0m[NR_PHY] RI = 2 i1 = 0.0.0, i2 = 0, SINR = 48 dB, CQI = 15
[0m[NR_PHY] RI = 2 i1 = 0.0.0, i2 = 0, SINR = 48 dB, CQI = 15
[0m[NR_PHY] RI = 2 i1 = 0.0.0, i2 = 0, SINR = 48 dB, CQI = 15
[0m[NR_PHY] RI = 2 i1 = 0.0.0, i2 = 0, SINR = 48 dB, CQI = 15
[0m[NR_PHY] RI = 2 i1 = 0.0.0, i2 = 0, SINR = 48 dB, CQI = 15
[0m[NR_PHY] RI = 2 i1 = 0.0.0, i2 = 0, SINR = 48 dB, CQI = 15
[0m[NR_PHY] RI = 2 i1 = 0.0.0, i2 = 0, SINR = 48 dB, CQI = 15
[0m[NR_PHY] RI = 2 i1 = 0.0.0, i2 = 0, SINR = 48 dB, CQI = 15
[0m[NR_PHY] RI = 2 i1 = 0.0.0, i2 = 0, SINR = 48 dB, CQI = 15
[0m[NR_MAC] UE 0 RNTI 3cc4 stats sfn: 768.2, cumulated bad DCI 0
    DL harq: 1058/0
    UL harq: 24111/41 avg code rate 0.9, avg bit/symbol 6.0, avg per TB: (nb RBs 17.0, nb symbols 13.0)
[0m[NR_PHY] RI = 2 i1 = 0.0.0, i2 = 0, SINR = 48 dB, CQI = 15
[0m[NR_PHY] RI = 2 i1 = 0.0.0, i2 = 0, SINR = 48 dB, CQI = 15
[0m[NR_PHY] RI = 2 i1 = 0.0.0, i2 = 0, SINR = 48 dB, CQI = 15
[0m[NR_PHY] RI = 2 i1 = 0.0.0, i2 = 0, SINR = 48 dB, CQI = 15
[0m[NR_PHY] RI = 2 i1 = 0.0.0, i2 = 0, SINR = 48 dB, CQI = 15
[0m[NR_PHY] RI = 2 i1 = 0.0.0, i2 = 0, SINR = 48 dB, CQI = 15
[0m[NR_PHY] RI = 2 i1 = 0.0.0, i2 = 0, SINR = 48 dB, CQI = 15
[0m[NR_PHY] RI = 2 i1 = 0.0.0, i2 = 0, SINR = 48 dB, CQI = 15
[0m[NR_PHY] RI = 2 i1 = 0.0.0, i2 = 0, SINR = 48 dB, CQI = 15
[0m[NR_PHY] RI = 2 i1 = 0.0.0, i2 = 0, SINR = 48 dB, CQI = 15
[0m[NR_PHY] RI = 2 i1 = 0.0.0, i2 = 0, SINR = 48 dB, CQI = 15
[0m[NR_PHY] RI = 2 i1 = 0.0.0, i2 = 0, SINR = 48 dB, CQI = 15
[0m[NR_PHY] RI = 2 i1 = 0.0.0, i2 = 0, SINR = 48 dB, CQI = 15
[0m[NR_PHY] RI = 2 i1 = 0.0.0, i2 = 0, SINR = 48 dB, CQI = 15
[0m[NR_PHY] RI = 2 i1 = 0.0.0, i2 = 0, SINR = 48 dB, CQI = 15
[0m[NR_PHY] RI = 2 i1 = 0.0.0, i2 = 0, SINR = 48 dB, CQI = 15
[0m[NR_PHY] RI = 2 i1 = 0.0.0, i2 = 0, SINR = 48 dB, CQI = 15
[0m[NR_PHY] RI = 2 i1 = 0.0.0, i2 = 0, SINR = 48 dB, CQI = 15
[0m[NR_PHY] RI = 2 i1 = 0.0.0, i2 = 0, SINR = 48 dB, CQI = 15
[0m[NR_PHY] RI = 2 i1 = 0.0.0, i2 = 0, SINR = 48 dB, CQI = 15
[0m[NR_PHY] RI = 2 i1 = 0.0.0, i2 = 0, SINR = 48 dB, CQI = 15
[0m[NR_PHY] RI = 2 i1 = 0.0.0, i2 = 0, SINR = 48 dB, CQI = 15
[0m[NR_PHY] RI = 2 i1 = 0.0.0, i2 = 0, SINR = 48 dB, CQI = 15
[0m[NR_PHY] RI = 2 i1 = 0.0.0, i2 = 0, SINR = 48 dB, CQI = 15
[0m[NR_PHY] RI = 2 i1 = 0.0.0, i2 = 0, SINR = 48 dB, CQI = 15
[0m[NR_PHY] RI = 2 i1 = 0.0.0, i2 = 0, SINR = 48 dB, CQI = 15
[0m[NR_PHY] RI = 2 i1 = 0.0.0, i2 = 0, SINR = 48 dB, CQI = 15
[0m[NR_PHY] RI = 2 i1 = 0.0.0, i2 = 0, SINR = 48 dB, CQI = 15
[0m[NR_PHY] RI = 2 i1 = 0.0.0, i2 = 0, SINR = 48 dB, CQI = 15
[0m[NR_PHY] RI = 2 i1 = 0.0.0, i2 = 0, SINR = 48 dB, CQI = 15
[0m[NR_PHY] RI = 2 i1 = 0.0.0, i2 = 0, SINR = 48 dB, CQI = 15
[0m[NR_PHY] RI = 2 i1 = 0.0.0, i2 = 0, SINR = 48 dB, CQI = 15
[0m[NR_PHY] RI = 2 i1 = 0.0.0, i2 = 0, SINR = 48 dB, CQI = 15
[0m[NR_PHY] RI = 2 i1 = 0.0.0, i2 = 0, SINR = 48 dB, CQI = 15
[0m[NR_PHY] RI = 2 i1 = 0.0.0, i2 = 0, SINR = 48 dB, CQI = 15
[0m[NR_PHY] RI = 2 i1 = 0.0.0, i2 = 0, SINR = 48 dB, CQI = 15
[0m[NR_PHY] RI = 2 i1 = 0.0.0, i2 = 0, SINR = 48 dB, CQI = 15
[0m[NR_PHY] RI = 2 i1 = 0.0.0, i2 = 0, SINR = 48 dB, CQI = 15
[0m[NR_PHY] RI = 2 i1 = 0.0.0, i2 = 0, SINR = 48 dB, CQI = 15
[0m[NR_PHY] RI = 2 i1 = 0.0.0, i2 = 0, SINR = 48 dB, CQI = 15
[0m[NR_PHY] RI = 2 i1 = 0.0.0, i2 = 0, SINR = 48 dB, CQI = 15
[0m[NR_PHY] RI = 2 i1 = 0.0.0, i2 = 0, SINR = 48 dB, CQI = 15
[0m[NR_PHY] RI = 2 i1 = 0.0.0, i2 = 0, SINR = 48 dB, CQI = 15
[0m[NR_PHY] RI = 2 i1 = 0.0.0, i2 = 0, SINR = 48 dB, CQI = 15
[0m[NR_PHY] RI = 2 i1 = 0.0.0, i2 = 0, SINR = 48 dB, CQI = 15
[0m[NR_PHY] RI = 2 i1 = 0.0.0, i2 = 0, SINR = 48 dB, CQI = 15
[0m[NR_PHY] RI = 2 i1 = 0.0.0, i2 = 0, SINR = 48 dB, CQI = 15
[0m[NR_PHY] RI = 2 i1 = 0.0.0, i2 = 0, SINR = 48 dB, CQI = 15
[0m[NR_PHY] RI = 2 i1 = 0.0.0, i2 = 0, SINR = 48 dB, CQI = 15
[0m[NR_PHY] RI = 2 i1 = 0.0.0, i2 = 0, SINR = 48 dB, CQI = 15
[0m[NR_PHY] RI = 2 i1 = 0.0.0, i2 = 0, SINR = 48 dB, CQI = 15
[0m[NR_PHY] RI = 2 i1 = 0.0.0, i2 = 0, SINR = 48 dB, CQI = 15
[0m[NR_PHY] RI = 2 i1 = 0.0.0, i2 = 0, SINR = 48 dB, CQI = 15
[0m[NR_PHY] RI = 2 i1 = 0.0.0, i2 = 0, SINR = 48 dB, CQI = 15
[0m[NR_PHY] RI = 2 i1 = 0.0.0, i2 = 0, SINR = 48 dB, CQI = 15
[0m[NR_PHY] RI = 2 i1 = 0.0.0, i2 = 0, SINR = 48 dB, CQI = 15
[0m[NR_PHY] RI = 2 i1 = 0.0.0, i2 = 0, SINR = 48 dB, CQI = 15
[0m[NR_PHY] RI = 2 i1 = 0.0.0, i2 = 0, SINR = 48 dB, CQI = 15
[0m[NR_PHY] RI = 2 i1 = 0.0.0, i2 = 0, SINR = 48 dB, CQI = 15
[0m[NR_PHY] RI = 2 i1 = 0.0.0, i2 = 0, SINR = 48 dB, CQI = 15
[0m[NR_PHY] RI = 2 i1 = 0.0.0, i2 = 0, SINR = 48 dB, CQI = 15
[0m[NR_PHY] RI = 2 i1 = 0.0.0, i2 = 0, SINR = 48 dB, CQI = 15
[0m[NR_PHY] RI = 2 i1 = 0.0.0, i2 = 0, SINR = 48 dB, CQI = 15
[0m[NR_PHY] RI = 2 i1 = 0.0.0, i2 = 0, SINR = 48 dB, CQI = 15
[0m[NR_MAC] UE 0 RNTI 3cc4 stats sfn: 896.2, cumulated bad DCI 0
    DL harq: 1079/0
    UL harq: 24623/41 avg code rate 0.9, avg bit/symbol 6.0, avg per TB: (nb RBs 17.0, nb symbols 13.0)
[0m[NR_PHY] RI = 2 i1 = 0.0.0, i2 = 0, SINR = 48 dB, CQI = 15
[0m[NR_PHY] RI = 2 i1 = 0.0.0, i2 = 0, SINR = 48 dB, CQI = 15
[0m[NR_PHY] RI = 2 i1 = 0.0.0, i2 = 0, SINR = 48 dB, CQI = 15
[0m[NR_PHY] RI = 2 i1 = 0.0.0, i2 = 0, SINR = 48 dB, CQI = 15
[0m[NR_PHY] RI = 2 i1 = 0.0.0, i2 = 0, SINR = 48 dB, CQI = 15
[0m[NR_PHY] RI = 2 i1 = 0.0.0, i2 = 0, SINR = 48 dB, CQI = 15
[0m[NR_PHY] RI = 2 i1 = 0.0.0, i2 = 0, SINR = 48 dB, CQI = 15
[0m[NR_PHY] RI = 2 i1 = 0.0.0, i2 = 0, SINR = 48 dB, CQI = 15
[0m[NR_PHY] RI = 2 i1 = 0.0.0, i2 = 0, SINR = 48 dB, CQI = 15
[0m[NR_PHY] RI = 2 i1 = 0.0.0, i2 = 0, SINR = 48 dB, CQI = 15
[0m[NR_PHY] RI = 2 i1 = 0.0.0, i2 = 0, SINR = 48 dB, CQI = 15
[0m[NR_PHY] RI = 2 i1 = 0.0.0, i2 = 0, SINR = 48 dB, CQI = 15
[0m[NR_PHY] RI = 2 i1 = 0.0.0, i2 = 0, SINR = 48 dB, CQI = 15
[0m[NR_PHY] RI = 2 i1 = 0.0.0, i2 = 0, SINR = 48 dB, CQI = 15
[0m[NR_PHY] RI = 2 i1 = 0.0.0, i2 = 0, SINR = 48 dB, CQI = 15
[0m[NR_PHY] RI = 2 i1 = 0.0.0, i2 = 0, SINR = 48 dB, CQI = 15
[0m[NR_PHY] RI = 2 i1 = 0.0.0, i2 = 0, SINR = 48 dB, CQI = 15
[0m[NR_PHY] RI = 2 i1 = 0.0.0, i2 = 0, SINR = 48 dB, CQI = 15
[0m[NR_PHY] RI = 2 i1 = 0.0.0, i2 = 0, SINR = 48 dB, CQI = 15
[0m[NR_PHY] RI = 2 i1 = 0.0.0, i2 = 0, SINR = 48 dB, CQI = 15
[0m[NR_PHY] RI = 2 i1 = 0.0.0, i2 = 0, SINR = 48 dB, CQI = 15
[0m[NR_PHY] RI = 2 i1 = 0.0.0, i2 = 0, SINR = 48 dB, CQI = 15
[0m[NR_PHY] RI = 2 i1 = 0.0.0, i2 = 0, SINR = 48 dB, CQI = 15
[0m[NR_PHY] RI = 2 i1 = 0.0.0, i2 = 0, SINR = 48 dB, CQI = 15
[0m[NR_PHY] RI = 2 i1 = 0.0.0, i2 = 0, SINR = 48 dB, CQI = 15
[0m[NR_PHY] RI = 2 i1 = 0.0.0, i2 = 0, SINR = 48 dB, CQI = 15
[0m[NR_PHY] RI = 2 i1 = 0.0.0, i2 = 0, SINR = 48 dB, CQI = 15
[0m[NR_PHY] RI = 2 i1 = 0.0.0, i2 = 0, SINR = 48 dB, CQI = 15
[0m[NR_PHY] RI = 2 i1 = 0.0.0, i2 = 0, SINR = 48 dB, CQI = 15
[0m[NR_PHY] RI = 2 i1 = 0.0.0, i2 = 0, SINR = 48 dB, CQI = 15
[0m[NR_PHY] RI = 2 i1 = 0.0.0, i2 = 0, SINR = 48 dB, CQI = 15
[0m[NR_PHY] RI = 2 i1 = 0.0.0, i2 = 0, SINR = 48 dB, CQI = 15
[0m[NR_PHY] RI = 2 i1 = 0.0.0, i2 = 0, SINR = 48 dB, CQI = 15
[0m[NR_PHY] RI = 2 i1 = 0.0.0, i2 = 0, SINR = 48 dB, CQI = 15
[0m[NR_PHY] RI = 2 i1 = 0.0.0, i2 = 0, SINR = 48 dB, CQI = 15
[0m[NR_PHY] RI = 2 i1 = 0.0.0, i2 = 0, SINR = 48 dB, CQI = 15
[0m[NR_PHY] RI = 2 i1 = 0.0.0, i2 = 0, SINR = 48 dB, CQI = 15
[0m[NR_PHY] RI = 2 i1 = 0.0.0, i2 = 0, SINR = 48 dB, CQI = 15
[0m[NR_PHY] RI = 2 i1 = 0.0.0, i2 = 0, SINR = 48 dB, CQI = 15
[0m[NR_PHY] RI = 2 i1 = 0.0.0, i2 = 0, SINR = 48 dB, CQI = 15
[0m[NR_PHY] RI = 2 i1 = 0.0.0, i2 = 0, SINR = 48 dB, CQI = 15
[0m[NR_PHY] RI = 2 i1 = 0.0.0, i2 = 0, SINR = 48 dB, CQI = 15
[0m[NR_PHY] RI = 2 i1 = 0.0.0, i2 = 0, SINR = 48 dB, CQI = 15
[0m[NR_PHY] RI = 2 i1 = 0.0.0, i2 = 0, SINR = 48 dB, CQI = 15
[0m[NR_PHY] RI = 2 i1 = 0.0.0, i2 = 0, SINR = 48 dB, CQI = 15
[0m[NR_PHY] RI = 2 i1 = 0.0.0, i2 = 0, SINR = 48 dB, CQI = 15
[0m[NR_PHY] RI = 2 i1 = 0.0.0, i2 = 0, SINR = 48 dB, CQI = 15
[0m[NR_PHY] RI = 2 i1 = 0.0.0, i2 = 0, SINR = 48 dB, CQI = 15
[0m[NR_PHY] RI = 2 i1 = 0.0.0, i2 = 0, SINR = 48 dB, CQI = 15
[0m[NR_PHY] RI = 2 i1 = 0.0.0, i2 = 0, SINR = 48 dB, CQI = 15
[0m[NR_PHY] RI = 2 i1 = 0.0.0, i2 = 0, SINR = 48 dB, CQI = 15
[0m[NR_PHY] RI = 2 i1 = 0.0.0, i2 = 0, SINR = 48 dB, CQI = 15
[0m[NR_PHY] RI = 2 i1 = 0.0.0, i2 = 0, SINR = 48 dB, CQI = 15
[0m[NR_PHY] RI = 2 i1 = 0.0.0, i2 = 0, SINR = 48 dB, CQI = 15
[0m[NR_PHY] RI = 2 i1 = 0.0.0, i2 = 0, SINR = 48 dB, CQI = 15
[0m[NR_PHY] RI = 2 i1 = 0.0.0, i2 = 0, SINR = 48 dB, CQI = 15
[0m[NR_PHY] RI = 2 i1 = 0.0.0, i2 = 0, SINR = 48 dB, CQI = 15
[0m[NR_PHY] RI = 2 i1 = 0.0.0, i2 = 0, SINR = 48 dB, CQI = 15
[0m[NR_PHY] RI = 2 i1 = 0.0.0, i2 = 0, SINR = 48 dB, CQI = 15
[0m[NR_PHY] RI = 2 i1 = 0.0.0, i2 = 0, SINR = 48 dB, CQI = 15
[0m[NR_PHY] RI = 2 i1 = 0.0.0, i2 = 0, SINR = 48 dB, CQI = 15
[0m[NR_PHY] RI = 2 i1 = 0.0.0, i2 = 0, SINR = 48 dB, CQI = 15
[0m[NR_PHY] RI = 2 i1 = 0.0.0, i2 = 0, SINR = 48 dB, CQI = 15
[0m[NR_PHY] RI = 2 i1 = 0.0.0, i2 = 0, SINR = 48 dB, CQI = 15
[0m[NR_MAC] UE 0 RNTI 3cc4 stats sfn: 0.2, cumulated bad DCI 0
    DL harq: 1101/0
    UL harq: 25130/43 avg code rate 0.9, avg bit/symbol 6.0, avg per TB: (nb RBs 17.0, nb symbols 13.0)
[0m[NR_PHY] RI = 2 i1 = 0.0.0, i2 = 0, SINR = 48 dB, CQI = 15
[0m[NR_PHY] RI = 2 i1 = 0.0.0, i2 = 0, SINR = 48 dB, CQI = 15
[0m[NR_PHY] RI = 2 i1 = 0.0.0, i2 = 0, SINR = 48 dB, CQI = 15
[0m[NR_PHY] RI = 2 i1 = 0.0.0, i2 = 0, SINR = 48 dB, CQI = 15
[0m[NR_PHY] RI = 2 i1 = 0.0.0, i2 = 0, SINR = 48 dB, CQI = 15
[0m[NR_PHY] RI = 2 i1 = 0.0.0, i2 = 0, SINR = 48 dB, CQI = 15
[0m[NR_PHY] RI = 2 i1 = 0.0.0, i2 = 0, SINR = 48 dB, CQI = 15
[0m[NR_PHY] RI = 2 i1 = 0.0.0, i2 = 0, SINR = 48 dB, CQI = 15
[0m[NR_PHY] RI = 2 i1 = 0.0.0, i2 = 0, SINR = 48 dB, CQI = 15
[0m[NR_PHY] RI = 2 i1 = 0.0.0, i2 = 0, SINR = 48 dB, CQI = 15
[0m[NR_PHY] RI = 2 i1 = 0.0.0, i2 = 0, SINR = 48 dB, CQI = 15
[0m[NR_PHY] RI = 2 i1 = 0.0.0, i2 = 0, SINR = 48 dB, CQI = 15
[0m[NR_PHY] RI = 2 i1 = 0.0.0, i2 = 0, SINR = 48 dB, CQI = 15
[0m[NR_PHY] RI = 2 i1 = 0.0.0, i2 = 0, SINR = 48 dB, CQI = 15
[0m[NR_PHY] RI = 2 i1 = 0.0.0, i2 = 0, SINR = 48 dB, CQI = 15
[0m[NR_PHY] RI = 2 i1 = 0.0.0, i2 = 0, SINR = 48 dB, CQI = 15
[0m[NR_PHY] RI = 2 i1 = 0.0.0, i2 = 0, SINR = 48 dB, CQI = 15
[0m[NR_PHY] RI = 2 i1 = 0.0.0, i2 = 0, SINR = 48 dB, CQI = 15
[0m[NR_PHY] RI = 2 i1 = 0.0.0, i2 = 0, SINR = 48 dB, CQI = 15
[0m[NR_PHY] RI = 2 i1 = 0.0.0, i2 = 0, SINR = 48 dB, CQI = 15
[0m[NR_PHY] RI = 2 i1 = 0.0.0, i2 = 0, SINR = 48 dB, CQI = 15
[0m[NR_PHY] RI = 2 i1 = 0.0.0, i2 = 0, SINR = 48 dB, CQI = 15
[0m[NR_PHY] RI = 2 i1 = 0.0.0, i2 = 0, SINR = 48 dB, CQI = 15
[0m[NR_PHY] RI = 2 i1 = 0.0.0, i2 = 0, SINR = 48 dB, CQI = 15
[0m[NR_PHY] RI = 2 i1 = 0.0.0, i2 = 0, SINR = 48 dB, CQI = 15
[0m[NR_PHY] RI = 2 i1 = 0.0.0, i2 = 0, SINR = 48 dB, CQI = 15
[0m[NR_PHY] RI = 2 i1 = 0.0.0, i2 = 0, SINR = 48 dB, CQI = 15
[0m[NR_PHY] RI = 2 i1 = 0.0.0, i2 = 0, SINR = 48 dB, CQI = 15
[0m[NR_PHY] RI = 2 i1 = 0.0.0, i2 = 0, SINR = 48 dB, CQI = 15
[0m[NR_PHY] RI = 2 i1 = 0.0.0, i2 = 0, SINR = 48 dB, CQI = 15
[0m[NR_PHY] RI = 2 i1 = 0.0.0, i2 = 0, SINR = 48 dB, CQI = 15
[0m[NR_PHY] RI = 2 i1 = 0.0.0, i2 = 0, SINR = 48 dB, CQI = 15
[0m[NR_PHY] RI = 2 i1 = 0.0.0, i2 = 0, SINR = 48 dB, CQI = 15
[0m[NR_PHY] RI = 2 i1 = 0.0.0, i2 = 0, SINR = 48 dB, CQI = 15
[0m[NR_PHY] RI = 2 i1 = 0.0.0, i2 = 0, SINR = 48 dB, CQI = 15
[0m[NR_PHY] RI = 2 i1 = 0.0.0, i2 = 0, SINR = 48 dB, CQI = 15
[0m[NR_PHY] RI = 2 i1 = 0.0.0, i2 = 0, SINR = 48 dB, CQI = 15
[0m[NR_PHY] RI = 2 i1 = 0.0.0, i2 = 0, SINR = 48 dB, CQI = 15
[0m[NR_PHY] RI = 2 i1 = 0.0.0, i2 = 0, SINR = 48 dB, CQI = 15
[0m[NR_PHY] RI = 2 i1 = 0.0.0, i2 = 0, SINR = 48 dB, CQI = 15
[0m[NR_PHY] RI = 2 i1 = 0.0.0, i2 = 0, SINR = 48 dB, CQI = 15
[0m[NR_PHY] RI = 2 i1 = 0.0.0, i2 = 0, SINR = 48 dB, CQI = 15
[0m[NR_PHY] RI = 2 i1 = 0.0.0, i2 = 0, SINR = 48 dB, CQI = 15
[0m[NR_PHY] RI = 2 i1 = 0.0.0, i2 = 0, SINR = 48 dB, CQI = 15
[0m[NR_PHY] RI = 2 i1 = 0.0.0, i2 = 0, SINR = 48 dB, CQI = 15
[0m[NR_PHY] RI = 2 i1 = 0.0.0, i2 = 0, SINR = 48 dB, CQI = 15
[0m[NR_PHY] RI = 2 i1 = 0.0.0, i2 = 0, SINR = 48 dB, CQI = 15
[0m[NR_PHY] RI = 2 i1 = 0.0.0, i2 = 0, SINR = 48 dB, CQI = 15
[0m[NR_PHY] RI = 2 i1 = 0.0.0, i2 = 0, SINR = 48 dB, CQI = 15
[0m[NR_PHY] RI = 2 i1 = 0.0.0, i2 = 0, SINR = 48 dB, CQI = 15
[0m[NR_PHY] RI = 2 i1 = 0.0.0, i2 = 0, SINR = 48 dB, CQI = 15
[0m[NR_PHY] RI = 2 i1 = 0.0.0, i2 = 0, SINR = 48 dB, CQI = 15
[0m[NR_PHY] RI = 2 i1 = 0.0.0, i2 = 0, SINR = 48 dB, CQI = 15
[0m[NR_PHY] RI = 2 i1 = 0.0.0, i2 = 0, SINR = 48 dB, CQI = 15
[0m[NR_PHY] RI = 2 i1 = 0.0.0, i2 = 0, SINR = 48 dB, CQI = 15
[0m[NR_PHY] RI = 2 i1 = 0.0.0, i2 = 0, SINR = 48 dB, CQI = 15
[0m[NR_PHY] RI = 2 i1 = 0.0.0, i2 = 0, SINR = 48 dB, CQI = 15
[0m[NR_PHY] RI = 2 i1 = 0.0.0, i2 = 0, SINR = 48 dB, CQI = 15
[0m[NR_PHY] RI = 2 i1 = 0.0.0, i2 = 0, SINR = 48 dB, CQI = 15
[0m[NR_PHY] RI = 2 i1 = 0.0.0, i2 = 0, SINR = 48 dB, CQI = 15
[0m[NR_PHY] RI = 2 i1 = 0.0.0, i2 = 0, SINR = 48 dB, CQI = 15
[0m[NR_PHY] RI = 2 i1 = 0.0.0, i2 = 0, SINR = 48 dB, CQI = 15
[0m[NR_PHY] RI = 2 i1 = 0.0.0, i2 = 0, SINR = 48 dB, CQI = 15
[0m[NR_PHY] RI = 2 i1 = 0.0.0, i2 = 0, SINR = 48 dB, CQI = 15
[0m[NR_MAC] UE 0 RNTI 3cc4 stats sfn: 128.2, cumulated bad DCI 0
    DL harq: 1122/0
    UL harq: 25635/47 avg code rate 0.9, avg bit/symbol 6.0, avg per TB: (nb RBs 17.0, nb symbols 13.0)
[0m[NR_PHY] RI = 2 i1 = 0.0.0, i2 = 0, SINR = 48 dB, CQI = 15
[0m[NR_PHY] RI = 2 i1 = 0.0.0, i2 = 0, SINR = 48 dB, CQI = 15
[0m[NR_PHY] RI = 2 i1 = 0.0.0, i2 = 0, SINR = 48 dB, CQI = 15
[0m[NR_PHY] RI = 2 i1 = 0.0.0, i2 = 0, SINR = 48 dB, CQI = 15
[0m[NR_PHY] RI = 2 i1 = 0.0.0, i2 = 0, SINR = 48 dB, CQI = 15
[0m[NR_PHY] RI = 2 i1 = 0.0.0, i2 = 0, SINR = 48 dB, CQI = 15
[0m[NR_PHY] RI = 2 i1 = 0.0.0, i2 = 0, SINR = 48 dB, CQI = 15
[0m[NR_PHY] RI = 2 i1 = 0.0.0, i2 = 0, SINR = 48 dB, CQI = 15
[0m[NR_PHY] RI = 2 i1 = 0.0.0, i2 = 0, SINR = 48 dB, CQI = 15
[0m[NR_PHY] RI = 2 i1 = 0.0.0, i2 = 0, SINR = 48 dB, CQI = 15
[0m[NR_PHY] RI = 2 i1 = 0.0.0, i2 = 0, SINR = 48 dB, CQI = 15
[0m[NR_PHY] RI = 2 i1 = 0.0.0, i2 = 0, SINR = 48 dB, CQI = 15
[0m[NR_PHY] RI = 2 i1 = 0.0.0, i2 = 0, SINR = 48 dB, CQI = 15
[0m[NR_PHY] RI = 2 i1 = 0.0.0, i2 = 0, SINR = 48 dB, CQI = 15
[0m[NR_PHY] RI = 2 i1 = 0.0.0, i2 = 0, SINR = 48 dB, CQI = 15
[0m[NR_PHY] RI = 2 i1 = 0.0.0, i2 = 0, SINR = 48 dB, CQI = 15
[0m[NR_PHY] RI = 2 i1 = 0.0.0, i2 = 0, SINR = 48 dB, CQI = 15
[0m[NR_PHY] RI = 2 i1 = 0.0.0, i2 = 0, SINR = 48 dB, CQI = 15
[0m[NR_PHY] RI = 2 i1 = 0.0.0, i2 = 0, SINR = 48 dB, CQI = 15
[0m[NR_PHY] RI = 2 i1 = 0.0.0, i2 = 0, SINR = 48 dB, CQI = 15
[0m[NR_PHY] RI = 2 i1 = 0.0.0, i2 = 0, SINR = 48 dB, CQI = 15
[0m[NR_PHY] RI = 2 i1 = 0.0.0, i2 = 0, SINR = 48 dB, CQI = 15
[0m[NR_PHY] RI = 2 i1 = 0.0.0, i2 = 0, SINR = 48 dB, CQI = 15
[0m[NR_PHY] RI = 2 i1 = 0.0.0, i2 = 0, SINR = 48 dB, CQI = 15
[0m[NR_PHY] RI = 2 i1 = 0.0.0, i2 = 0, SINR = 48 dB, CQI = 15
[0m[NR_PHY] RI = 2 i1 = 0.0.0, i2 = 0, SINR = 48 dB, CQI = 15
[0m[NR_PHY] RI = 2 i1 = 0.0.0, i2 = 0, SINR = 48 dB, CQI = 15
[0m[NR_PHY] RI = 2 i1 = 0.0.0, i2 = 0, SINR = 48 dB, CQI = 15
[0m[NR_PHY] RI = 2 i1 = 0.0.0, i2 = 0, SINR = 48 dB, CQI = 15
[0m[NR_PHY] RI = 2 i1 = 0.0.0, i2 = 0, SINR = 48 dB, CQI = 15
[0m[NR_PHY] RI = 2 i1 = 0.0.0, i2 = 0, SINR = 48 dB, CQI = 15
[0m[NR_PHY] RI = 2 i1 = 0.0.0, i2 = 0, SINR = 48 dB, CQI = 15
[0m[NR_PHY] RI = 2 i1 = 0.0.0, i2 = 0, SINR = 48 dB, CQI = 15
[0m[NR_PHY] RI = 2 i1 = 0.0.0, i2 = 0, SINR = 48 dB, CQI = 15
[0m[NR_PHY] RI = 2 i1 = 0.0.0, i2 = 0, SINR = 48 dB, CQI = 15
[0m[NR_PHY] RI = 2 i1 = 0.0.0, i2 = 0, SINR = 48 dB, CQI = 15
[0m[NR_PHY] RI = 2 i1 = 0.0.0, i2 = 0, SINR = 48 dB, CQI = 15
[0m[NR_PHY] RI = 2 i1 = 0.0.0, i2 = 0, SINR = 48 dB, CQI = 15
[0m[NR_PHY] RI = 2 i1 = 0.0.0, i2 = 0, SINR = 48 dB, CQI = 15
[0m[NR_PHY] RI = 2 i1 = 0.0.0, i2 = 0, SINR = 48 dB, CQI = 15
[0m[NR_PHY] RI = 2 i1 = 0.0.0, i2 = 0, SINR = 48 dB, CQI = 15
[0m[NR_PHY] RI = 2 i1 = 0.0.0, i2 = 0, SINR = 48 dB, CQI = 15
[0m[NR_PHY] RI = 2 i1 = 0.0.0, i2 = 0, SINR = 48 dB, CQI = 15
[0m[NR_PHY] RI = 2 i1 = 0.0.0, i2 = 0, SINR = 48 dB, CQI = 15
[0m[NR_PHY] RI = 2 i1 = 0.0.0, i2 = 0, SINR = 48 dB, CQI = 15
[0m[NR_PHY] RI = 2 i1 = 0.0.0, i2 = 0, SINR = 48 dB, CQI = 15
[0m[NR_PHY] RI = 2 i1 = 0.0.0, i2 = 0, SINR = 48 dB, CQI = 15
[0m[NR_PHY] RI = 2 i1 = 0.0.0, i2 = 0, SINR = 48 dB, CQI = 15
[0m[NR_PHY] RI = 2 i1 = 0.0.0, i2 = 0, SINR = 48 dB, CQI = 15
[0m[NR_PHY] RI = 2 i1 = 0.0.0, i2 = 0, SINR = 48 dB, CQI = 15
[0m[NR_PHY] RI = 2 i1 = 0.0.0, i2 = 0, SINR = 48 dB, CQI = 15
[0m[NR_PHY] RI = 2 i1 = 0.0.0, i2 = 0, SINR = 48 dB, CQI = 15
[0m[NR_PHY] RI = 2 i1 = 0.0.0, i2 = 0, SINR = 48 dB, CQI = 15
[0m[NR_PHY] RI = 2 i1 = 0.0.0, i2 = 0, SINR = 48 dB, CQI = 15
[0m[NR_PHY] RI = 2 i1 = 0.0.0, i2 = 0, SINR = 48 dB, CQI = 15
[0m[NR_PHY] RI = 2 i1 = 0.0.0, i2 = 0, SINR = 48 dB, CQI = 15
[0m[NR_PHY] RI = 2 i1 = 0.0.0, i2 = 0, SINR = 48 dB, CQI = 15
[0m[NR_PHY] RI = 2 i1 = 0.0.0, i2 = 0, SINR = 48 dB, CQI = 15
[0m[NR_PHY] RI = 2 i1 = 0.0.0, i2 = 0, SINR = 48 dB, CQI = 15
[0m[NR_PHY] RI = 2 i1 = 0.0.0, i2 = 0, SINR = 48 dB, CQI = 15
[0m[NR_PHY] RI = 2 i1 = 0.0.0, i2 = 0, SINR = 48 dB, CQI = 15
[0m[NR_PHY] RI = 2 i1 = 0.0.0, i2 = 0, SINR = 48 dB, CQI = 15
[0m[NR_PHY] RI = 2 i1 = 0.0.0, i2 = 0, SINR = 48 dB, CQI = 15
[0m[NR_PHY] RI = 2 i1 = 0.0.0, i2 = 0, SINR = 48 dB, CQI = 15
[0m[NR_MAC] UE 0 RNTI 3cc4 stats sfn: 256.2, cumulated bad DCI 0
    DL harq: 1174/0
    UL harq: 26145/48 avg code rate 0.9, avg bit/symbol 6.0, avg per TB: (nb RBs 17.0, nb symbols 13.0)
[0m[NR_PHY] RI = 2 i1 = 0.0.0, i2 = 0, SINR = 48 dB, CQI = 15
[0m[NR_PHY] RI = 2 i1 = 0.0.0, i2 = 0, SINR = 48 dB, CQI = 15
[0m[NR_PHY] RI = 2 i1 = 0.0.0, i2 = 0, SINR = 48 dB, CQI = 15
[0m[NR_PHY] RI = 2 i1 = 0.0.0, i2 = 0, SINR = 48 dB, CQI = 15
[0m[NR_PHY] RI = 2 i1 = 0.0.0, i2 = 0, SINR = 48 dB, CQI = 15
[0m[NR_PHY] RI = 2 i1 = 0.0.0, i2 = 0, SINR = 48 dB, CQI = 15
[0m[NR_PHY] RI = 2 i1 = 0.0.0, i2 = 0, SINR = 48 dB, CQI = 15
[0m[NR_PHY] RI = 2 i1 = 0.0.0, i2 = 0, SINR = 48 dB, CQI = 15
[0m[NR_PHY] RI = 2 i1 = 0.0.0, i2 = 0, SINR = 48 dB, CQI = 15
[0m[NR_PHY] RI = 2 i1 = 0.0.0, i2 = 0, SINR = 48 dB, CQI = 15
[0m[NR_PHY] RI = 2 i1 = 0.0.0, i2 = 0, SINR = 48 dB, CQI = 15
[0m[NR_PHY] RI = 2 i1 = 0.0.0, i2 = 0, SINR = 48 dB, CQI = 15
[0m[NR_PHY] RI = 2 i1 = 0.0.0, i2 = 0, SINR = 48 dB, CQI = 15
[0m[NR_PHY] RI = 2 i1 = 0.0.0, i2 = 0, SINR = 48 dB, CQI = 15
[0m[NR_PHY] RI = 2 i1 = 0.0.0, i2 = 0, SINR = 48 dB, CQI = 15
[0m[NR_PHY] RI = 2 i1 = 0.0.0, i2 = 0, SINR = 48 dB, CQI = 15
[0m[NR_PHY] RI = 2 i1 = 0.0.0, i2 = 0, SINR = 48 dB, CQI = 15
[0m[NR_PHY] RI = 2 i1 = 0.0.0, i2 = 0, SINR = 48 dB, CQI = 15
[0m[NR_PHY] RI = 2 i1 = 0.0.0, i2 = 0, SINR = 48 dB, CQI = 15
[0m[NR_PHY] RI = 2 i1 = 0.0.0, i2 = 0, SINR = 48 dB, CQI = 15
[0m[NR_PHY] RI = 2 i1 = 0.0.0, i2 = 0, SINR = 48 dB, CQI = 15
[0m[NR_PHY] RI = 2 i1 = 0.0.0, i2 = 0, SINR = 48 dB, CQI = 15
[0m[NR_PHY] RI = 2 i1 = 0.0.0, i2 = 0, SINR = 48 dB, CQI = 15
[0m[NR_PHY] RI = 2 i1 = 0.0.0, i2 = 0, SINR = 48 dB, CQI = 15
[0m[NR_PHY] RI = 2 i1 = 0.0.0, i2 = 0, SINR = 48 dB, CQI = 15
[0m[NR_PHY] RI = 2 i1 = 0.0.0, i2 = 0, SINR = 48 dB, CQI = 15
[0m[NR_PHY] RI = 2 i1 = 0.0.0, i2 = 0, SINR = 48 dB, CQI = 15
[0m[NR_PHY] RI = 2 i1 = 0.0.0, i2 = 0, SINR = 48 dB, CQI = 15
[0m[NR_PHY] RI = 2 i1 = 0.0.0, i2 = 0, SINR = 48 dB, CQI = 15
[0m[NR_PHY] RI = 2 i1 = 0.0.0, i2 = 0, SINR = 48 dB, CQI = 15
[0m[NR_PHY] RI = 2 i1 = 0.0.0, i2 = 0, SINR = 48 dB, CQI = 15
[0m[NR_PHY] RI = 2 i1 = 0.0.0, i2 = 0, SINR = 48 dB, CQI = 15
[0m[NR_PHY] RI = 2 i1 = 0.0.0, i2 = 0, SINR = 48 dB, CQI = 15
[0m[NR_PHY] RI = 2 i1 = 0.0.0, i2 = 0, SINR = 48 dB, CQI = 15
[0m[NR_PHY] RI = 2 i1 = 0.0.0, i2 = 0, SINR = 48 dB, CQI = 15
[0m[NR_PHY] RI = 2 i1 = 0.0.0, i2 = 0, SINR = 48 dB, CQI = 15
[0m[NR_PHY] RI = 2 i1 = 0.0.0, i2 = 0, SINR = 48 dB, CQI = 15
[0m[NR_PHY] RI = 2 i1 = 0.0.0, i2 = 0, SINR = 48 dB, CQI = 15
[0m[NR_PHY] RI = 2 i1 = 0.0.0, i2 = 0, SINR = 48 dB, CQI = 15
[0m[NR_PHY] RI = 2 i1 = 0.0.0, i2 = 0, SINR = 48 dB, CQI = 15
[0m[NR_PHY] RI = 2 i1 = 0.0.0, i2 = 0, SINR = 48 dB, CQI = 15
[0m[NR_PHY] RI = 2 i1 = 0.0.0, i2 = 0, SINR = 48 dB, CQI = 15
[0m[NR_PHY] RI = 2 i1 = 0.0.0, i2 = 0, SINR = 48 dB, CQI = 15
[0m[NR_PHY] RI = 2 i1 = 0.0.0, i2 = 0, SINR = 48 dB, CQI = 15
[0m[NR_PHY] RI = 2 i1 = 0.0.0, i2 = 0, SINR = 48 dB, CQI = 15
[0m[NR_PHY] RI = 2 i1 = 0.0.0, i2 = 0, SINR = 48 dB, CQI = 15
[0m[NR_PHY] RI = 2 i1 = 0.0.0, i2 = 0, SINR = 48 dB, CQI = 15
[0m[NR_PHY] RI = 2 i1 = 0.0.0, i2 = 0, SINR = 48 dB, CQI = 15
[0m[NR_PHY] RI = 2 i1 = 0.0.0, i2 = 0, SINR = 48 dB, CQI = 15
[0m[NR_PHY] RI = 2 i1 = 0.0.0, i2 = 0, SINR = 48 dB, CQI = 15
[0m[NR_PHY] RI = 2 i1 = 0.0.0, i2 = 0, SINR = 48 dB, CQI = 15
[0m[NR_PHY] RI = 2 i1 = 0.0.0, i2 = 0, SINR = 48 dB, CQI = 15
[0m[NR_PHY] RI = 2 i1 = 0.0.0, i2 = 0, SINR = 48 dB, CQI = 15
[0m[NR_PHY] RI = 2 i1 = 0.0.0, i2 = 0, SINR = 48 dB, CQI = 15
[0m[NR_PHY] RI = 2 i1 = 0.0.0, i2 = 0, SINR = 48 dB, CQI = 15
[0m[NR_PHY] RI = 2 i1 = 0.0.0, i2 = 0, SINR = 48 dB, CQI = 15
[0m[NR_PHY] RI = 2 i1 = 0.0.0, i2 = 0, SINR = 48 dB, CQI = 15
[0m[NR_PHY] RI = 2 i1 = 0.0.0, i2 = 0, SINR = 48 dB, CQI = 15
[0m[NR_PHY] RI = 2 i1 = 0.0.0, i2 = 0, SINR = 48 dB, CQI = 15
[0m[NR_PHY] RI = 2 i1 = 0.0.0, i2 = 0, SINR = 48 dB, CQI = 15
[0m[NR_PHY] RI = 2 i1 = 0.0.0, i2 = 0, SINR = 48 dB, CQI = 15
[0m[NR_PHY] RI = 2 i1 = 0.0.0, i2 = 0, SINR = 48 dB, CQI = 15
[0m[NR_PHY] RI = 2 i1 = 0.0.0, i2 = 0, SINR = 48 dB, CQI = 15
[0m[NR_PHY] RI = 2 i1 = 0.0.0, i2 = 0, SINR = 48 dB, CQI = 15
[0m[NR_MAC] UE 0 RNTI 3cc4 stats sfn: 384.2, cumulated bad DCI 0
    DL harq: 1203/0
    UL harq: 26655/49 avg code rate 0.9, avg bit/symbol 6.0, avg per TB: (nb RBs 17.0, nb symbols 13.0)
[0m[NR_PHY] RI = 2 i1 = 0.0.0, i2 = 0, SINR = 48 dB, CQI = 15
[0m[NR_PHY] RI = 2 i1 = 0.0.0, i2 = 0, SINR = 48 dB, CQI = 15
[0m[NR_PHY] RI = 2 i1 = 0.0.0, i2 = 0, SINR = 48 dB, CQI = 15
[0m[NR_PHY] RI = 2 i1 = 0.0.0, i2 = 0, SINR = 48 dB, CQI = 15
[0m[NR_PHY] RI = 2 i1 = 0.0.0, i2 = 0, SINR = 48 dB, CQI = 15
[0m[NR_PHY] RI = 2 i1 = 0.0.0, i2 = 0, SINR = 48 dB, CQI = 15
[0m[NR_PHY] RI = 2 i1 = 0.0.0, i2 = 0, SINR = 48 dB, CQI = 15
[0m[NR_PHY] RI = 2 i1 = 0.0.0, i2 = 0, SINR = 48 dB, CQI = 15
[0m[NR_PHY] RI = 2 i1 = 0.0.0, i2 = 0, SINR = 48 dB, CQI = 15
[0m[NR_PHY] RI = 2 i1 = 0.0.0, i2 = 0, SINR = 48 dB, CQI = 15
[0m[NR_PHY] RI = 2 i1 = 0.0.0, i2 = 0, SINR = 48 dB, CQI = 15
[0m[NR_PHY] RI = 2 i1 = 0.0.0, i2 = 0, SINR = 48 dB, CQI = 15
[0m[NR_PHY] RI = 2 i1 = 0.0.0, i2 = 0, SINR = 48 dB, CQI = 15
[0m[NR_PHY] RI = 2 i1 = 0.0.0, i2 = 0, SINR = 48 dB, CQI = 15
[0m[NR_PHY] RI = 2 i1 = 0.0.0, i2 = 0, SINR = 48 dB, CQI = 15
[0m[NR_PHY] RI = 2 i1 = 0.0.0, i2 = 0, SINR = 48 dB, CQI = 15
[0m[NR_PHY] RI = 2 i1 = 0.0.0, i2 = 0, SINR = 48 dB, CQI = 15
[0m[NR_PHY] RI = 2 i1 = 0.0.0, i2 = 0, SINR = 48 dB, CQI = 15
[0m[NR_PHY] RI = 2 i1 = 0.0.0, i2 = 0, SINR = 48 dB, CQI = 15
[0m[NR_PHY] RI = 2 i1 = 0.0.0, i2 = 0, SINR = 48 dB, CQI = 15
[0m[NR_PHY] RI = 2 i1 = 0.0.0, i2 = 0, SINR = 48 dB, CQI = 15
[0m[NR_PHY] RI = 2 i1 = 0.0.0, i2 = 0, SINR = 48 dB, CQI = 15
[0m[NR_PHY] RI = 2 i1 = 0.0.0, i2 = 0, SINR = 48 dB, CQI = 15
[0m[NR_PHY] RI = 2 i1 = 0.0.0, i2 = 0, SINR = 48 dB, CQI = 15
[0m[NR_PHY] RI = 2 i1 = 0.0.0, i2 = 0, SINR = 48 dB, CQI = 15
[0m[NR_PHY] RI = 2 i1 = 0.0.0, i2 = 0, SINR = 48 dB, CQI = 15
[0m[NR_PHY] RI = 2 i1 = 0.0.0, i2 = 0, SINR = 48 dB, CQI = 15
[0m[NR_PHY] RI = 2 i1 = 0.0.0, i2 = 0, SINR = 48 dB, CQI = 15
[0m[NR_PHY] RI = 2 i1 = 0.0.0, i2 = 0, SINR = 48 dB, CQI = 15
[0m[NR_PHY] RI = 2 i1 = 0.0.0, i2 = 0, SINR = 48 dB, CQI = 15
[0m[NR_PHY] RI = 2 i1 = 0.0.0, i2 = 0, SINR = 48 dB, CQI = 15
[0m[NR_PHY] RI = 2 i1 = 0.0.0, i2 = 0, SINR = 48 dB, CQI = 15
[0m[NR_PHY] RI = 2 i1 = 0.0.0, i2 = 0, SINR = 48 dB, CQI = 15
[0m[NR_PHY] RI = 2 i1 = 0.0.0, i2 = 0, SINR = 48 dB, CQI = 15
[0m[NR_PHY] RI = 2 i1 = 0.0.0, i2 = 0, SINR = 48 dB, CQI = 15
[0m[NR_PHY] RI = 2 i1 = 0.0.0, i2 = 0, SINR = 48 dB, CQI = 15
[0m[NR_PHY] RI = 2 i1 = 0.0.0, i2 = 0, SINR = 48 dB, CQI = 15
[0m[NR_PHY] RI = 2 i1 = 0.0.0, i2 = 0, SINR = 48 dB, CQI = 15
[0m[NR_PHY] RI = 2 i1 = 0.0.0, i2 = 0, SINR = 48 dB, CQI = 15
[0m[NR_PHY] RI = 2 i1 = 0.0.0, i2 = 0, SINR = 48 dB, CQI = 15
[0m[NR_PHY] RI = 2 i1 = 0.0.0, i2 = 0, SINR = 48 dB, CQI = 15
[0m[NR_PHY] RI = 2 i1 = 0.0.0, i2 = 0, SINR = 48 dB, CQI = 15
[0m[NR_PHY] RI = 2 i1 = 0.0.0, i2 = 0, SINR = 48 dB, CQI = 15
[0m[NR_PHY] RI = 2 i1 = 0.0.0, i2 = 0, SINR = 48 dB, CQI = 15
[0m[NR_PHY] RI = 2 i1 = 0.0.0, i2 = 0, SINR = 48 dB, CQI = 15
[0m[NR_PHY] RI = 2 i1 = 0.0.0, i2 = 0, SINR = 48 dB, CQI = 15
[0m[NR_PHY] RI = 2 i1 = 0.0.0, i2 = 0, SINR = 48 dB, CQI = 15
[0m[NR_PHY] RI = 2 i1 = 0.0.0, i2 = 0, SINR = 48 dB, CQI = 15
[0m[NR_PHY] RI = 2 i1 = 0.0.0, i2 = 0, SINR = 48 dB, CQI = 15
[0m[NR_PHY] RI = 2 i1 = 0.0.0, i2 = 0, SINR = 48 dB, CQI = 15
[0m[NR_PHY] RI = 2 i1 = 0.0.0, i2 = 0, SINR = 48 dB, CQI = 15
[0m[NR_PHY] RI = 2 i1 = 0.0.0, i2 = 0, SINR = 48 dB, CQI = 15
[0m[NR_PHY] RI = 2 i1 = 0.0.0, i2 = 0, SINR = 48 dB, CQI = 15
[0m[NR_PHY] RI = 2 i1 = 0.0.0, i2 = 0, SINR = 48 dB, CQI = 15
[0m[NR_PHY] RI = 2 i1 = 0.0.0, i2 = 0, SINR = 48 dB, CQI = 15
[0m[NR_PHY] RI = 2 i1 = 0.0.0, i2 = 0, SINR = 48 dB, CQI = 15
[0m[NR_PHY] RI = 2 i1 = 0.0.0, i2 = 0, SINR = 48 dB, CQI = 15
[0m[NR_PHY] RI = 2 i1 = 0.0.0, i2 = 0, SINR = 48 dB, CQI = 15
[0m[NR_PHY] RI = 2 i1 = 0.0.0, i2 = 0, SINR = 48 dB, CQI = 15
[0m[NR_PHY] RI = 2 i1 = 0.0.0, i2 = 0, SINR = 48 dB, CQI = 15
[0m[NR_PHY] RI = 2 i1 = 0.0.0, i2 = 0, SINR = 48 dB, CQI = 15
[0m[NR_PHY] RI = 2 i1 = 0.0.0, i2 = 0, SINR = 48 dB, CQI = 15
[0m[NR_PHY] RI = 2 i1 = 0.0.0, i2 = 0, SINR = 48 dB, CQI = 15
[0m[NR_PHY] RI = 2 i1 = 0.0.0, i2 = 0, SINR = 48 dB, CQI = 15
[0m[NR_MAC] UE 0 RNTI 3cc4 stats sfn: 512.2, cumulated bad DCI 0
    DL harq: 1230/0
    UL harq: 27167/49 avg code rate 0.9, avg bit/symbol 6.0, avg per TB: (nb RBs 17.0, nb symbols 13.0)
[0m[NR_PHY] RI = 2 i1 = 0.0.0, i2 = 0, SINR = 48 dB, CQI = 15
[0m[NR_PHY] RI = 2 i1 = 0.0.0, i2 = 0, SINR = 48 dB, CQI = 15
[0m[NR_PHY] RI = 2 i1 = 0.0.0, i2 = 0, SINR = 48 dB, CQI = 15
[0m[NR_PHY] RI = 2 i1 = 0.0.0, i2 = 0, SINR = 48 dB, CQI = 15
[0m[NR_PHY] RI = 2 i1 = 0.0.0, i2 = 0, SINR = 48 dB, CQI = 15
[0m[NR_PHY] RI = 2 i1 = 0.0.0, i2 = 0, SINR = 48 dB, CQI = 15
[0m[NR_PHY] RI = 2 i1 = 0.0.0, i2 = 0, SINR = 48 dB, CQI = 15
[0m[NR_PHY] RI = 2 i1 = 0.0.0, i2 = 0, SINR = 48 dB, CQI = 15
[0m[NR_PHY] RI = 2 i1 = 0.0.0, i2 = 0, SINR = 48 dB, CQI = 15
[0m[NR_PHY] RI = 2 i1 = 0.0.0, i2 = 0, SINR = 48 dB, CQI = 15
[0m[NR_PHY] RI = 2 i1 = 0.0.0, i2 = 0, SINR = 48 dB, CQI = 15
[0m[NR_PHY] RI = 2 i1 = 0.0.0, i2 = 0, SINR = 48 dB, CQI = 15
[0m[NR_PHY] RI = 2 i1 = 0.0.0, i2 = 0, SINR = 48 dB, CQI = 15
[0m[NR_PHY] RI = 2 i1 = 0.0.0, i2 = 0, SINR = 48 dB, CQI = 15
[0m[NR_PHY] RI = 2 i1 = 0.0.0, i2 = 0, SINR = 48 dB, CQI = 15
[0m[NR_PHY] RI = 2 i1 = 0.0.0, i2 = 0, SINR = 48 dB, CQI = 15
[0m[NR_PHY] RI = 2 i1 = 0.0.0, i2 = 0, SINR = 48 dB, CQI = 15
[0m[NR_PHY] RI = 2 i1 = 0.0.0, i2 = 0, SINR = 48 dB, CQI = 15
[0m[NR_PHY] RI = 2 i1 = 0.0.0, i2 = 0, SINR = 48 dB, CQI = 15
[0m[NR_PHY] RI = 2 i1 = 0.0.0, i2 = 0, SINR = 48 dB, CQI = 15
[0m[NR_PHY] RI = 2 i1 = 0.0.0, i2 = 0, SINR = 48 dB, CQI = 15
[0m[NR_PHY] RI = 2 i1 = 0.0.0, i2 = 0, SINR = 48 dB, CQI = 15
[0m[NR_PHY] RI = 2 i1 = 0.0.0, i2 = 0, SINR = 48 dB, CQI = 15
[0m[NR_PHY] RI = 2 i1 = 0.0.0, i2 = 0, SINR = 48 dB, CQI = 15
[0m[NR_PHY] RI = 2 i1 = 0.0.0, i2 = 0, SINR = 48 dB, CQI = 15
[0m[NR_PHY] RI = 2 i1 = 0.0.0, i2 = 0, SINR = 48 dB, CQI = 15
[0m[NR_PHY] RI = 2 i1 = 0.0.0, i2 = 0, SINR = 48 dB, CQI = 15
[0m[NR_PHY] RI = 2 i1 = 0.0.0, i2 = 0, SINR = 48 dB, CQI = 15
[0m[NR_PHY] RI = 2 i1 = 0.0.0, i2 = 0, SINR = 48 dB, CQI = 15
[0m[NR_PHY] RI = 2 i1 = 0.0.0, i2 = 0, SINR = 48 dB, CQI = 15
[0m[NR_PHY] RI = 2 i1 = 0.0.0, i2 = 0, SINR = 48 dB, CQI = 15
[0m[NR_PHY] RI = 2 i1 = 0.0.0, i2 = 0, SINR = 48 dB, CQI = 15
[0m[NR_PHY] RI = 2 i1 = 0.0.0, i2 = 0, SINR = 48 dB, CQI = 15
[0m[NR_PHY] RI = 2 i1 = 0.0.0, i2 = 0, SINR = 48 dB, CQI = 15
[0m[NR_PHY] RI = 2 i1 = 0.0.0, i2 = 0, SINR = 48 dB, CQI = 15
[0m[NR_PHY] RI = 2 i1 = 0.0.0, i2 = 0, SINR = 48 dB, CQI = 15
[0m[NR_PHY] RI = 2 i1 = 0.0.0, i2 = 0, SINR = 48 dB, CQI = 15
[0m[NR_PHY] RI = 2 i1 = 0.0.0, i2 = 0, SINR = 48 dB, CQI = 15
[0m[NR_PHY] RI = 2 i1 = 0.0.0, i2 = 0, SINR = 48 dB, CQI = 15
[0m[NR_PHY] RI = 2 i1 = 0.0.0, i2 = 0, SINR = 48 dB, CQI = 15
[0m[NR_PHY] RI = 2 i1 = 0.0.0, i2 = 0, SINR = 48 dB, CQI = 15
[0m[NR_PHY] RI = 2 i1 = 0.0.0, i2 = 0, SINR = 48 dB, CQI = 15
[0m[NR_PHY] RI = 2 i1 = 0.0.0, i2 = 0, SINR = 48 dB, CQI = 15
[0m[NR_PHY] RI = 2 i1 = 0.0.0, i2 = 0, SINR = 48 dB, CQI = 15
[0m[NR_PHY] RI = 2 i1 = 0.0.0, i2 = 0, SINR = 48 dB, CQI = 15
[0m[NR_PHY] RI = 2 i1 = 0.0.0, i2 = 0, SINR = 48 dB, CQI = 15
[0m[NR_PHY] RI = 2 i1 = 0.0.0, i2 = 0, SINR = 48 dB, CQI = 15
[0m[NR_PHY] RI = 2 i1 = 0.0.0, i2 = 0, SINR = 48 dB, CQI = 15
[0m[NR_PHY] RI = 2 i1 = 0.0.0, i2 = 0, SINR = 48 dB, CQI = 15
[0m[NR_PHY] RI = 2 i1 = 0.0.0, i2 = 0, SINR = 48 dB, CQI = 15
[0m[NR_PHY] RI = 2 i1 = 0.0.0, i2 = 0, SINR = 48 dB, CQI = 15
[0m[NR_PHY] RI = 2 i1 = 0.0.0, i2 = 0, SINR = 48 dB, CQI = 15
[0m[NR_PHY] RI = 2 i1 = 0.0.0, i2 = 0, SINR = 48 dB, CQI = 15
[0m[NR_PHY] RI = 2 i1 = 0.0.0, i2 = 0, SINR = 48 dB, CQI = 15
[0m[NR_PHY] RI = 2 i1 = 0.0.0, i2 = 0, SINR = 48 dB, CQI = 15
[0m[NR_PHY] RI = 2 i1 = 0.0.0, i2 = 0, SINR = 48 dB, CQI = 15
[0m[NR_PHY] RI = 2 i1 = 0.0.0, i2 = 0, SINR = 48 dB, CQI = 15
[0m[NR_PHY] RI = 2 i1 = 0.0.0, i2 = 0, SINR = 48 dB, CQI = 15
[0m[NR_PHY] RI = 2 i1 = 0.0.0, i2 = 0, SINR = 48 dB, CQI = 15
[0m[NR_PHY] RI = 2 i1 = 0.0.0, i2 = 0, SINR = 48 dB, CQI = 15
[0m[NR_PHY] RI = 2 i1 = 0.0.0, i2 = 0, SINR = 48 dB, CQI = 15
[0m[NR_PHY] RI = 2 i1 = 0.0.0, i2 = 0, SINR = 48 dB, CQI = 15
[0m[NR_PHY] RI = 2 i1 = 0.0.0, i2 = 0, SINR = 48 dB, CQI = 15
[0m[NR_PHY] RI = 2 i1 = 0.0.0, i2 = 0, SINR = 48 dB, CQI = 15
[0m[NR_MAC] UE 0 RNTI 3cc4 stats sfn: 640.2, cumulated bad DCI 0
    DL harq: 1262/0
    UL harq: 27679/49 avg code rate 0.9, avg bit/symbol 6.0, avg per TB: (nb RBs 17.0, nb symbols 13.0)
[0m[NR_PHY] RI = 2 i1 = 0.0.0, i2 = 0, SINR = 48 dB, CQI = 15
[0m[NR_PHY] RI = 2 i1 = 0.0.0, i2 = 0, SINR = 48 dB, CQI = 15
[0m[NR_PHY] RI = 2 i1 = 0.0.0, i2 = 0, SINR = 48 dB, CQI = 15
[0m[NR_PHY] RI = 2 i1 = 0.0.0, i2 = 0, SINR = 48 dB, CQI = 15
[0m[NR_PHY] RI = 2 i1 = 0.0.0, i2 = 0, SINR = 48 dB, CQI = 15
[0m[NR_PHY] RI = 2 i1 = 0.0.0, i2 = 0, SINR = 48 dB, CQI = 15
[0m[NR_PHY] RI = 2 i1 = 0.0.0, i2 = 0, SINR = 48 dB, CQI = 15
[0m[NR_PHY] RI = 2 i1 = 0.0.0, i2 = 0, SINR = 48 dB, CQI = 15
[0m[NR_PHY] RI = 2 i1 = 0.0.0, i2 = 0, SINR = 48 dB, CQI = 15
[0m[NR_PHY] RI = 2 i1 = 0.0.0, i2 = 0, SINR = 48 dB, CQI = 15
[0m[NR_PHY] RI = 2 i1 = 0.0.0, i2 = 0, SINR = 48 dB, CQI = 15
[0m[NR_PHY] RI = 2 i1 = 0.0.0, i2 = 0, SINR = 48 dB, CQI = 15
[0m[NR_PHY] RI = 2 i1 = 0.0.0, i2 = 0, SINR = 48 dB, CQI = 15
[0m[NR_PHY] RI = 2 i1 = 0.0.0, i2 = 0, SINR = 48 dB, CQI = 15
[0m[NR_PHY] RI = 2 i1 = 0.0.0, i2 = 0, SINR = 48 dB, CQI = 15
[0m[NR_PHY] RI = 2 i1 = 0.0.0, i2 = 0, SINR = 48 dB, CQI = 15
[0m[NR_PHY] RI = 2 i1 = 0.0.0, i2 = 0, SINR = 48 dB, CQI = 15
[0m[NR_PHY] RI = 2 i1 = 0.0.0, i2 = 0, SINR = 48 dB, CQI = 15
[0m[NR_PHY] RI = 2 i1 = 0.0.0, i2 = 0, SINR = 48 dB, CQI = 15
[0m[NR_PHY] RI = 2 i1 = 0.0.0, i2 = 0, SINR = 48 dB, CQI = 15
[0m[NR_PHY] RI = 2 i1 = 0.0.0, i2 = 0, SINR = 48 dB, CQI = 15
[0m[NR_PHY] RI = 2 i1 = 0.0.0, i2 = 0, SINR = 48 dB, CQI = 15
[0m[NR_PHY] RI = 2 i1 = 0.0.0, i2 = 0, SINR = 48 dB, CQI = 15
[0m[NR_PHY] RI = 2 i1 = 0.0.0, i2 = 0, SINR = 48 dB, CQI = 15
[0m[NR_PHY] RI = 2 i1 = 0.0.0, i2 = 0, SINR = 48 dB, CQI = 15
[0m[NR_PHY] RI = 2 i1 = 0.0.0, i2 = 0, SINR = 48 dB, CQI = 15
[0m[NR_PHY] RI = 2 i1 = 0.0.0, i2 = 0, SINR = 48 dB, CQI = 15
[0m[NR_PHY] RI = 2 i1 = 0.0.0, i2 = 0, SINR = 48 dB, CQI = 15
[0m[NR_PHY] RI = 2 i1 = 0.0.0, i2 = 0, SINR = 48 dB, CQI = 15
[0m[NR_PHY] RI = 2 i1 = 0.0.0, i2 = 0, SINR = 48 dB, CQI = 15
[0m[NR_PHY] RI = 2 i1 = 0.0.0, i2 = 0, SINR = 48 dB, CQI = 15
[0m[NR_PHY] RI = 2 i1 = 0.0.0, i2 = 0, SINR = 48 dB, CQI = 15
[0m[NR_PHY] RI = 2 i1 = 0.0.0, i2 = 0, SINR = 48 dB, CQI = 15
[0m[NR_PHY] RI = 2 i1 = 0.0.0, i2 = 0, SINR = 48 dB, CQI = 15
[0m[NR_PHY] RI = 2 i1 = 0.0.0, i2 = 0, SINR = 48 dB, CQI = 15
[0m[NR_PHY] RI = 2 i1 = 0.0.0, i2 = 0, SINR = 48 dB, CQI = 15
[0m[NR_PHY] RI = 2 i1 = 0.0.0, i2 = 0, SINR = 48 dB, CQI = 15
[0m[NR_PHY] RI = 2 i1 = 0.0.0, i2 = 0, SINR = 48 dB, CQI = 15
[0m[NR_PHY] RI = 2 i1 = 0.0.0, i2 = 0, SINR = 48 dB, CQI = 15
[0m[NR_PHY] RI = 2 i1 = 0.0.0, i2 = 0, SINR = 48 dB, CQI = 15
[0m[NR_PHY] RI = 2 i1 = 0.0.0, i2 = 0, SINR = 48 dB, CQI = 15
[0m[NR_PHY] RI = 2 i1 = 0.0.0, i2 = 0, SINR = 48 dB, CQI = 15
[0m[NR_PHY] RI = 2 i1 = 0.0.0, i2 = 0, SINR = 48 dB, CQI = 15
[0m[NR_PHY] RI = 2 i1 = 0.0.0, i2 = 0, SINR = 48 dB, CQI = 15
[0m[NR_PHY] RI = 2 i1 = 0.0.0, i2 = 0, SINR = 48 dB, CQI = 15
[0m[NR_PHY] RI = 2 i1 = 0.0.0, i2 = 0, SINR = 48 dB, CQI = 15
[0m