Logging terminal output to /home/jesse/oran_lab/logs/run_ue/run_ue_20260527_132101_pid4111116.log
UE cores: 20,21,22,23
UE sample advance: 0
VRTSIM shared memory is ready; starting UE without waiting for non-zero DL samples.
CMDLINE: "./nr-uesoftmodem" "-O" "/home/jesse/oran_lab/ue_test.conf" "-C" "4049760000" "-r" "24" "--numerology" "1" "--band" "77" "--ssb" "24" "-A" "0" "--device.name" "vrtsim" "--vrtsim.role" "client" "--ue-nb-ant-tx" "1" "--ue-nb-ant-rx" "1" 
[UTIL]   running in SA mode (no --phy-test, --do-ra, --nsa option present)
[0m[UTIL]   threadCreate() for Tpool0_-1: creating thread with affinity ffffffff, priority 97
[0m[UTIL]   threadCreate() for Tpool1_-1: creating thread with affinity ffffffff, priority 97
[0m[UTIL]   threadCreate() for Tpool2_-1: creating thread with affinity ffffffff, priority 97
[0m[UTIL]   threadCreate() for Tpool3_-1: creating thread with affinity ffffffff, priority 97
[0m[UTIL]   threadCreate() for Tpool4_-1: creating thread with affinity ffffffff, priority 97
[0m[UTIL]   threadCreate() for Tpool5_-1: creating thread with affinity ffffffff, priority 97
[0m[UTIL]   threadCreate() for Tpool6_-1: creating thread with affinity ffffffff, priority 97
[0m[UTIL]   threadCreate() for Tpool7_-1: creating thread with affinity ffffffff, priority 97
[0m[UTIL]   threadCreate() for Tpool8_-1: creating thread with affinity ffffffff, priority 97
[0m[UTIL]   threadCreate() for Tpool9_-1: creating thread with affinity ffffffff, priority 97
[0m[UTIL]   threadCreate() for Tpool10_-1: creating thread with affinity ffffffff, priority 97
[0m[UTIL]   threadCreate() for Tpool11_-1: creating thread with affinity ffffffff, priority 97
[0m[OPT]    OPT disabled
[0m[HW]     Version: Branch: compression-plus-timing-fix Abrev. Hash: 13fa21ea91 Date: Mon May 25 14:33:49 2026 -0700
[0m[NR_RRC] create TASK_RRC_NRUE 
[0m[UTIL]   threadCreate() for TASK_RRC_NRUE: creating thread with affinity ffffffff, priority 50
[0m[UTIL]   threadCreate() for TASK_NAS_NRUE: creating thread with affinity ffffffff, priority 50
[0m[SIM]    UICC simulation: IMSI=2089900007487, IMEISV=6754567890123413, Ki=fec86ba6eb707ed08905757b1bb44b8f, OPc=C42449363BBAD02B66D16BC975D77CC1
[0m[SIM]    overriding potential uicc0.dnn/nssai_sst/nssai_sd from uicc0.pdu_sessions
[0m[SIM]    will request PDU session ID 1, type 1, DNN oai, NSSAI 1.ffffff
[0m[NR_MAC] [UE0] Initializing MAC
[0m[NR_MAC] Initializing dl and ul config_request. num_slots = 20
[0m[RLC]    Activated srb0 for UE 0
[0m[UTIL]   threadCreate() for time source realtime: creating thread with affinity ffffffff, priority 2
[0m[UTIL]   time manager configuration: [time source: reatime] [mode: standalone] [server IP: 127.0.0.1} [server port: 7374] (server IP/port not used)
[0m[PHY]    Set UE nb_rx_antenna 1, nb_tx_antenna 1, threequarter_fs 0, ofdm_offset_divisor 8
[0m[PHY]    SA init parameters. DL freq 4049760000 UL offset 0 SSB numerology 1 N_RB_DL 24
[0m[PHY]    Init: N_RB_DL 24, first_carrier_offset 368, nb_prefix_samples 36,nb_prefix_samples0 44, ofdm_symbol_size 512
[0m[93m[PHY]    samples_per_subframe 15360/per second 15360000, wCP 14336
[0m[PHY]    Set UE_fo_compensation 0, UE_scan_carrier 0, UE_no_timing_correction 0 
, chest-freq 0, chest-time 0
[0m[UTIL]   threadCreate() for SYNC__actor: creating thread with affinity ffffffff, priority 97
[0m[UTIL]   threadCreate() for DL__actor: creating thread with affinity ffffffff, priority 97
[0m[UTIL]   threadCreate() for DL__actor: creating thread with affinity ffffffff, priority 97
[0m[UTIL]   threadCreate() for DL__actor: creating thread with affinity ffffffff, priority 97
[0m[UTIL]   threadCreate() for DL__actor: creating thread with affinity ffffffff, priority 97
[0m[UTIL]   threadCreate() for UL__actor: creating thread with affinity ffffffff, priority 97
[0m[UTIL]   threadCreate() for UL__actor: creating thread with affinity ffffffff, priority 97
[0m[PHY]    Initializing UE vars for gNB TXant 1, UE RXant 1
[0m[PHY]    prs_config configuration NOT found..!! Skipped configuring UE for the PRS reception
[0m[PHY]    HW: Configuring ru_id 0, sample_rate 15360000.000000, tx/rx num_channels 1/1, duplex_mode TDD
[0m[PHY]    HW: Configuring channel 0 (rf_chain 0): setting tx_freq 4049760000 Hz, rx_freq 4049760000 Hz, tune_offset 0
[0m[PHY]    HW: Configuring channel 0 (rf_chain 0): setting tx_gain 0, rx_gain 110
[0m[UTIL]   threadCreate() for ru_start_thread: creating thread with affinity ffffffff, priority 97
[0m[HW]     VRTSIM: TX sample advance 4096 samples
[0m[HW]     Running as client: will connect to a vrtsim server
[0m[HW]     [RAU] has loaded RFSIMULATOR device.
[0m[HW]     VRTSIM: UE 0/1 - 1x1 antennas, UL offset=0, DL offset=0
[0m[HW]     VRTSIM: client RX aligned to frame boundary current_sample=410801971 aligned_sample=410880000 samples_per_frame=153600
[0m[PHY]    Intializing UE Threads for instance 0 ...
[0m[UTIL]   threadCreate() for UEthread_0: creating thread with affinity ffffffff, priority 97
[0m[UTIL]   threadCreate() for L1_UE_stats_0: creating thread with affinity ffffffff, priority 1
[0m[93m[PHY]    SSB position provided
[0m[93m[NR_PHY] Starting sync detection
[0m[PHY]    [UE thread Synch] Running Initial Synch 
[0m[NR_PHY] Starting cell search with center freq: 4049760000, bandwidth: 24. Scanning for 1 number of GSCN.
[0m[NR_PHY] Scanning GSCN: 0, with SSB offset: 24, SSB Freq: 0.000000
[0m[32m[PHY]    Initial sync: pbch decoded sucessfully, ssb index 0
[0m[PHY]    pbch rx ok. rsrp:74 dB/RE, adjust_rxgain:-24 dB
[0m[NR_PHY] Cell Detected with GSCN: 0, SSB SC offset: 24, SSB Ref: 0.000000, PSS Corr peak: 116 dB, PSS Corr Average: 80
[0m[PHY]    [UE0] In synch, rx_offset 71312 samples
[0m[PHY]    [UE 0] Measured Carrier Frequency offset -22 Hz
[0m[32m[PHY]    Initial sync successful, PCI: 0
[0m[PHY]    HW: Configuring channel 0 (rf_chain 0): setting tx_freq 4049759978 Hz, rx_freq 4049759978 Hz, tune_offset 0
[0m[PHY]    Got synch: hw_slot_offset 19, carrier off -22 Hz
[0m[NR_RRC] [UE 0] BCCH update: phyCellID 0->0, arfcn_ssb 0->669984
[0m[32m[PHY]    UE synchronized! decoded_frame_rx=868 UE->init_sync_frame=0 trashed_frames=4
[0m[PHY]    Resynchronizing RX by 71312 samples
[0m[HW]     received write reorder clear context
[0m[PHY]    max_pos_acc = 0, shiftForNextFrame = 0
[0m[32m[NR_RRC] SIB1 decoded
[0m[NR_MAC] [UE 0] Initial cell selection: dl_frequency=4045440 kHz (from command-line, band=77, scs=1)
[0m[NR_MAC] Initial cell selection: uplink_frequency=4045440 kHz (from dl_frequency=4045440 kHz)
[0m[NR_MAC] TDD period index = 5, based on the sum of dl_UL_TransmissionPeriodicity from Pattern1 (2.500000 ms) and Pattern2 (0.000000 ms): Total = 2.500000 ms
[0m[NR_MAC] Set TDD configuration period to: 4 DL slots, 2 UL slots, 5 slots per period (NR_TDD_UL_DL_Pattern is 3 DL slots, 1 UL slots, 6 DL symbols, 4 UL symbols)
[0m[NR_MAC] Configured 1 TDD patterns (total slots: pattern1 = 5, pattern2 = 0)
[0m[PHY]    N_TA_offset changed from 0 to 200
[0m[MAC]    Initialization of 4-Step CBRA procedure
[0m[NR_MAC] PRACH scheduler: Selected RO Frame 874, Slot 19, Symbol 0, Fdm 0
[0m[PHY]    PRACH [UE 0] in frame.slot 874.19, placing PRACH in position 740, Msg1/MsgA-Preamble frequency start 0 (k1 0), preamble_offset 52, first_nonzero_root_idx 0, preambleIndex = 52
[0m[PHY]    [UE 0] RAR-Msg2 decoded
[0m[NR_MAC] [UE 0][RAPROC][RA-RNTI 010b] Got BI RAR subPDU 5 ms
[0m[NR_MAC] [UE 0][RAPROC][RA-RNTI 010b] Got RAPID RAR subPDU
[0m[32m[NR_MAC] [UE 0][RAPROC][875.10] Found RAR with the intended RAPID 52
[0m[93m[MAC]    received TA command 31
[0m[32m[NR_MAC] [RAPROC][875.18] RA-Msg3 transmitted
[0m[NR_MAC] [RAPROC][876.18] RA-Msg3 retransmitted
[0m[NR_MAC] [RAPROC][877.18] RA-Msg3 retransmitted
[0m[NR_MAC] [RAPROC][878.18] RA-Msg3 retransmitted
[0m[93m[MAC]    [UE 0] Contention resolution failed
[0m[NR_MAC] PRACH scheduler: Selected RO Frame 885, Slot 19, Symbol 0, Fdm 0
[0m[PHY]    PRACH [UE 0] in frame.slot 885.19, placing PRACH in position 740, Msg1/MsgA-Preamble frequency start 0 (k1 0), preamble_offset 18, first_nonzero_root_idx 0, preambleIndex = 18
[0m[PHY]    [UE 0] RAR-Msg2 decoded
[0m[NR_MAC] [UE 0][RAPROC][RA-RNTI 010b] Got BI RAR subPDU 5 ms
[0m[NR_MAC] [UE 0][RAPROC][RA-RNTI 010b] Got RAPID RAR subPDU
[0m[32m[NR_MAC] [UE 0][RAPROC][886.10] Found RAR with the intended RAPID 18
[0m[32m[NR_MAC] [RAPROC][886.18] RA-Msg3 transmitted
[0m[NR_MAC] [RAPROC][887.18] RA-Msg3 retransmitted
[0m[NR_MAC] [RAPROC][888.18] RA-Msg3 retransmitted
[0m[NR_MAC] [RAPROC][889.18] RA-Msg3 retransmitted
[0m[93m[MAC]    [UE 0] Contention resolution failed
[0m[NR_MAC] PRACH scheduler: Selected RO Frame 896, Slot 19, Symbol 0, Fdm 0
[0m[PHY]    PRACH [UE 0] in frame.slot 896.19, placing PRACH in position 740, Msg1/MsgA-Preamble frequency start 0 (k1 0), preamble_offset 3, first_nonzero_root_idx 0, preambleIndex = 3
[0m[PHY]    [UE 0] RAR-Msg2 decoded
[0m[NR_MAC] [UE 0][RAPROC][RA-RNTI 010b] Got BI RAR subPDU 5 ms
[0m[NR_MAC] [UE 0][RAPROC][RA-RNTI 010b] Got RAPID RAR subPDU
[0m[32m[NR_MAC] [UE 0][RAPROC][897.10] Found RAR with the intended RAPID 3
[0m[32m[NR_MAC] [RAPROC][897.18] RA-Msg3 transmitted
[0m[NR_MAC] [RAPROC][898.18] RA-Msg3 retransmitted
[0m[NR_MAC] [RAPROC][899.18] RA-Msg3 retransmitted
[0m[NR_MAC] [RAPROC][900.18] RA-Msg3 retransmitted
[0m[93m[MAC]    [UE 0] Contention resolution failed
[0m[NR_MAC] PRACH scheduler: Selected RO Frame 907, Slot 19, Symbol 0, Fdm 0
[0m[PHY]    PRACH [UE 0] in frame.slot 907.19, placing PRACH in position 740, Msg1/MsgA-Preamble frequency start 0 (k1 0), preamble_offset 44, first_nonzero_root_idx 0, preambleIndex = 44
[0m[PHY]    [UE 0] RAR-Msg2 decoded
[0m[NR_MAC] [UE 0][RAPROC][RA-RNTI 010b] Got BI RAR subPDU 5 ms
[0m[NR_MAC] [UE 0][RAPROC][RA-RNTI 010b] Got RAPID RAR subPDU
[0m[32m[NR_MAC] [UE 0][RAPROC][908.10] Found RAR with the intended RAPID 44
[0m[32m[NR_MAC] [RAPROC][908.18] RA-Msg3 transmitted
[0m[NR_MAC] [RAPROC][909.18] RA-Msg3 retransmitted
[0m[NR_MAC] [RAPROC][910.18] RA-Msg3 retransmitted
[0m[NR_MAC] [RAPROC][911.18] RA-Msg3 retransmitted
[0m[93m[MAC]    [UE 0] Contention resolution failed
[0m[NR_MAC] PRACH scheduler: Selected RO Frame 918, Slot 19, Symbol 0, Fdm 0
[0m[PHY]    PRACH [UE 0] in frame.slot 918.19, placing PRACH in position 740, Msg1/MsgA-Preamble frequency start 0 (k1 0), preamble_offset 49, first_nonzero_root_idx 0, preambleIndex = 49
[0m[PHY]    [UE 0] RAR-Msg2 decoded
[0m[NR_MAC] [UE 0][RAPROC][RA-RNTI 010b] Got BI RAR subPDU 5 ms
[0m[NR_MAC] [UE 0][RAPROC][RA-RNTI 010b] Got RAPID RAR subPDU
[0m[32m[NR_MAC] [UE 0][RAPROC][919.10] Found RAR with the intended RAPID 49
[0m[32m[NR_MAC] [RAPROC][919.18] RA-Msg3 transmitted
[0m[NR_MAC] [RAPROC][920.18] RA-Msg3 retransmitted
[0m[NR_MAC] [RAPROC][921.18] RA-Msg3 retransmitted
[0m[NR_MAC] [RAPROC][922.18] RA-Msg3 retransmitted
[0m[93m[MAC]    [UE 0] Contention resolution failed
[0m[NR_MAC] PRACH scheduler: Selected RO Frame 929, Slot 19, Symbol 0, Fdm 0
[0m[PHY]    PRACH [UE 0] in frame.slot 929.19, placing PRACH in position 740, Msg1/MsgA-Preamble frequency start 0 (k1 0), preamble_offset 60, first_nonzero_root_idx 0, preambleIndex = 60
[0m[PHY]    [UE 0] RAR-Msg2 decoded
[0m[NR_MAC] [UE 0][RAPROC][RA-RNTI 010b] Got BI RAR subPDU 5 ms
[0m[NR_MAC] [UE 0][RAPROC][RA-RNTI 010b] Got RAPID RAR subPDU
[0m[32m[NR_MAC] [UE 0][RAPROC][930.10] Found RAR with the intended RAPID 60
[0m[32m[NR_MAC] [RAPROC][930.18] RA-Msg3 transmitted
[0m[NR_MAC] [RAPROC][931.18] RA-Msg3 retransmitted
[0m[NR_MAC] [RAPROC][932.18] RA-Msg3 retransmitted
[0m[NR_MAC] [RAPROC][933.18] RA-Msg3 retransmitted
[0m[93m[MAC]    [UE 0] Contention resolution failed
[0m[NR_MAC] PRACH scheduler: Selected RO Frame 940, Slot 19, Symbol 0, Fdm 0
[0m[PHY]    PRACH [UE 0] in frame.slot 940.19, placing PRACH in position 740, Msg1/MsgA-Preamble frequency start 0 (k1 0), preamble_offset 7, first_nonzero_root_idx 0, preambleIndex = 7
[0m[PHY]    [UE 0] RAR-Msg2 decoded
[0m[NR_MAC] [UE 0][RAPROC][RA-RNTI 010b] Got BI RAR subPDU 5 ms
[0m[NR_MAC] [UE 0][RAPROC][RA-RNTI 010b] Got RAPID RAR subPDU
[0m[32m[NR_MAC] [UE 0][RAPROC][941.10] Found RAR with the intended RAPID 7
[0m[32m[NR_MAC] [RAPROC][941.18] RA-Msg3 transmitted
[0m[NR_MAC] [RAPROC][942.18] RA-Msg3 retransmitted
[0m[NR_MAC] [RAPROC][943.18] RA-Msg3 retransmitted
[0m[NR_MAC] [RAPROC][944.18] RA-Msg3 retransmitted
[0m[93m[MAC]    [UE 0] Contention resolution failed
[0m[NR_MAC] PRACH scheduler: Selected RO Frame 951, Slot 19, Symbol 0, Fdm 0
[0m[PHY]    PRACH [UE 0] in frame.slot 951.19, placing PRACH in position 740, Msg1/MsgA-Preamble frequency start 0 (k1 0), preamble_offset 45, first_nonzero_root_idx 0, preambleIndex = 45
[0m[PHY]    [UE 0] RAR-Msg2 decoded
[0m[NR_MAC] [UE 0][RAPROC][RA-RNTI 010b] Got BI RAR subPDU 5 ms
[0m[NR_MAC] [UE 0][RAPROC][RA-RNTI 010b] Got RAPID RAR subPDU
[0m[32m[NR_MAC] [UE 0][RAPROC][952.10] Found RAR with the intended RAPID 45
[0m[32m[NR_MAC] [RAPROC][952.18] RA-Msg3 transmitted
[0m[NR_MAC] [RAPROC][953.18] RA-Msg3 retransmitted
[0m[NR_MAC] [RAPROC][954.18] RA-Msg3 retransmitted
[0m[NR_MAC] [RAPROC][955.18] RA-Msg3 retransmitted
[0m[93m[MAC]    [UE 0] Contention resolution failed
[0m[NR_MAC] PRACH scheduler: Selected RO Frame 962, Slot 19, Symbol 0, Fdm 0
[0m[PHY]    PRACH [UE 0] in frame.slot 962.19, placing PRACH in position 740, Msg1/MsgA-Preamble frequency start 0 (k1 0), preamble_offset 39, first_nonzero_root_idx 0, preambleIndex = 39
[0m[PHY]    [UE 0] RAR-Msg2 decoded
[0m[NR_MAC] [UE 0][RAPROC][RA-RNTI 010b] Got BI RAR subPDU 5 ms
[0m[NR_MAC] [UE 0][RAPROC][RA-RNTI 010b] Got RAPID RAR subPDU
[0m[32m[NR_MAC] [UE 0][RAPROC][963.10] Found RAR with the intended RAPID 39
[0m[32m[NR_MAC] [RAPROC][963.18] RA-Msg3 transmitted
[0m[NR_MAC] [RAPROC][964.18] RA-Msg3 retransmitted
[0m[NR_MAC] [RAPROC][965.18] RA-Msg3 retransmitted
[0m[NR_MAC] [RAPROC][966.18] RA-Msg3 retransmitted
[0m[93m[MAC]    [UE 0] Contention resolution failed
[0m[NR_MAC] PRACH scheduler: Selected RO Frame 973, Slot 19, Symbol 0, Fdm 0
[0m[PHY]    PRACH [UE 0] in frame.slot 973.19, placing PRACH in position 740, Msg1/MsgA-Preamble frequency start 0 (k1 0), preamble_offset 48, first_nonzero_root_idx 0, preambleIndex = 48
[0m[PHY]    [UE 0] RAR-Msg2 decoded
[0m[NR_MAC] [UE 0][RAPROC][RA-RNTI 010b] Got BI RAR subPDU 5 ms
[0m[NR_MAC] [UE 0][RAPROC][RA-RNTI 010b] Got RAPID RAR subPDU
[0m[32m[NR_MAC] [UE 0][RAPROC][974.10] Found RAR with the intended RAPID 48
[0m[32m[NR_MAC] [RAPROC][974.18] RA-Msg3 transmitted
[0m[NR_MAC] [RAPROC][975.18] RA-Msg3 retransmitted
[0m[NR_MAC] [RAPROC][976.18] RA-Msg3 retransmitted
[0m[NR_MAC] [RAPROC][977.18] RA-Msg3 retransmitted
[0m[93m[MAC]    [UE 0] Contention resolution failed
[0m[NR_MAC] PRACH scheduler: Selected RO Frame 984, Slot 19, Symbol 0, Fdm 0
[0m[PHY]    PRACH [UE 0] in frame.slot 984.19, placing PRACH in position 740, Msg1/MsgA-Preamble frequency start 0 (k1 0), preamble_offset 52, first_nonzero_root_idx 0, preambleIndex = 52
[0m[PHY]    [UE 0] RAR-Msg2 decoded
[0m[NR_MAC] [UE 0][RAPROC][RA-RNTI 010b] Got BI RAR subPDU 5 ms
[0m[NR_MAC] [UE 0][RAPROC][RA-RNTI 010b] Got RAPID RAR subPDU
[0m[32m[NR_MAC] [UE 0][RAPROC][985.10] Found RAR with the intended RAPID 52
[0m[32m[NR_MAC] [RAPROC][985.18] RA-Msg3 transmitted
[0m[NR_MAC] [RAPROC][986.18] RA-Msg3 retransmitted
[0m[NR_MAC] [RAPROC][987.18] RA-Msg3 retransmitted
[0m[NR_MAC] [RAPROC][988.18] RA-Msg3 retransmitted
[0m[93m[MAC]    [UE 0] Contention resolution failed
[0m[NR_MAC] PRACH scheduler: Selected RO Frame 995, Slot 19, Symbol 0, Fdm 0
[0m[PHY]    PRACH [UE 0] in frame.slot 995.19, placing PRACH in position 740, Msg1/MsgA-Preamble frequency start 0 (k1 0), preamble_offset 18, first_nonzero_root_idx 0, preambleIndex = 18
[0m[PHY]    [UE 0] RAR-Msg2 decoded
[0m[NR_MAC] [UE 0][RAPROC][RA-RNTI 010b] Got BI RAR subPDU 5 ms
[0m[NR_MAC] [UE 0][RAPROC][RA-RNTI 010b] Got RAPID RAR subPDU
[0m[32m[NR_MAC] [UE 0][RAPROC][996.10] Found RAR with the intended RAPID 18
[0m[32m[NR_MAC] [RAPROC][996.18] RA-Msg3 transmitted
[0m[NR_MAC] [RAPROC][997.18] RA-Msg3 retransmitted
[0m[NR_MAC] [RAPROC][998.18] RA-Msg3 retransmitted
[0m[NR_MAC] [RAPROC][999.18] RA-Msg3 retransmitted
[0m[93m[MAC]    [UE 0] Contention resolution failed
[0m[NR_MAC] PRACH scheduler: Selected RO Frame 1006, Slot 19, Symbol 0, Fdm 0
[0m[PHY]    PRACH [UE 0] in frame.slot 1006.19, placing PRACH in position 740, Msg1/MsgA-Preamble frequency start 0 (k1 0), preamble_offset 52, first_nonzero_root_idx 0, preambleIndex = 52
[0m[PHY]    [UE 0] RAR-Msg2 decoded
[0m[NR_MAC] [UE 0][RAPROC][RA-RNTI 010b] Got BI RAR subPDU 5 ms
[0m[NR_MAC] [UE 0][RAPROC][RA-RNTI 010b] Got RAPID RAR subPDU
[0m[32m[NR_MAC] [UE 0][RAPROC][1007.10] Found RAR with the intended RAPID 52
[0m[32m[NR_MAC] [RAPROC][1007.18] RA-Msg3 transmitted
[0m[NR_MAC] [RAPROC][1008.18] RA-Msg3 retransmitted
[0m[NR_MAC] [RAPROC][1009.18] RA-Msg3 retransmitted
[0m[NR_MAC] [RAPROC][1010.18] RA-Msg3 retransmitted
[0m[93m[MAC]    [UE 0] Contention resolution failed
[0m[NR_MAC] PRACH scheduler: Selected RO Frame 1017, Slot 19, Symbol 0, Fdm 0
[0m[PHY]    PRACH [UE 0] in frame.slot 1017.19, placing PRACH in position 740, Msg1/MsgA-Preamble frequency start 0 (k1 0), preamble_offset 13, first_nonzero_root_idx 0, preambleIndex = 13
[0m[PHY]    [UE 0] RAR-Msg2 decoded
[0m[NR_MAC] [UE 0][RAPROC][RA-RNTI 010b] Got BI RAR subPDU 5 ms
[0m[NR_MAC] [UE 0][RAPROC][RA-RNTI 010b] Got RAPID RAR subPDU
[0m[32m[NR_MAC] [UE 0][RAPROC][1018.10] Found RAR with the intended RAPID 13
[0m[32m[NR_MAC] [RAPROC][1018.18] RA-Msg3 transmitted
[0m[NR_MAC] [RAPROC][1019.18] RA-Msg3 retransmitted
[0m[NR_MAC] [RAPROC][1020.18] RA-Msg3 retransmitted
[0m[NR_MAC] [RAPROC][1021.18] RA-Msg3 retransmitted
[0m[93m[MAC]    [UE 0] Contention resolution failed
[0m[NR_MAC] PRACH scheduler: Selected RO Frame 4, Slot 19, Symbol 0, Fdm 0
[0m[PHY]    PRACH [UE 0] in frame.slot 4.19, placing PRACH in position 740, Msg1/MsgA-Preamble frequency start 0 (k1 0), preamble_offset 59, first_nonzero_root_idx 0, preambleIndex = 59
[0m[PHY]    [UE 0] RAR-Msg2 decoded
[0m[NR_MAC] [UE 0][RAPROC][RA-RNTI 010b] Got BI RAR subPDU 5 ms
[0m[NR_MAC] [UE 0][RAPROC][RA-RNTI 010b] Got RAPID RAR subPDU
[0m[32m[NR_MAC] [UE 0][RAPROC][5.10] Found RAR with the intended RAPID 59
[0m[32m[NR_MAC] [RAPROC][5.18] RA-Msg3 transmitted
[0m[NR_MAC] [RAPROC][6.18] RA-Msg3 retransmitted
[0m[NR_MAC] [RAPROC][7.18] RA-Msg3 retransmitted
[0m[NR_MAC] [RAPROC][8.18] RA-Msg3 retransmitted
[0m[93m[MAC]    [UE 0] Contention resolution failed
[0m[NR_MAC] PRACH scheduler: Selected RO Frame 15, Slot 19, Symbol 0, Fdm 0
[0m[PHY]    PRACH [UE 0] in frame.slot 15.19, placing PRACH in position 740, Msg1/MsgA-Preamble frequency start 0 (k1 0), preamble_offset 3, first_nonzero_root_idx 0, preambleIndex = 3
[0m[PHY]    [UE 0] RAR-Msg2 decoded
[0m[NR_MAC] [UE 0][RAPROC][RA-RNTI 010b] Got BI RAR subPDU 5 ms
[0m[NR_MAC] [UE 0][RAPROC][RA-RNTI 010b] Got RAPID RAR subPDU
[0m[32m[NR_MAC] [UE 0][RAPROC][16.10] Found RAR with the intended RAPID 3
[0m[32m[NR_MAC] [RAPROC][16.18] RA-Msg3 transmitted
[0m[NR_MAC] [RAPROC][17.18] RA-Msg3 retransmitted
[0m[NR_MAC] [RAPROC][18.18] RA-Msg3 retransmitted
[0m[NR_MAC] [RAPROC][19.18] RA-Msg3 retransmitted
[0m[93m[MAC]    [UE 0] Contention resolution failed
[0m[NR_MAC] PRACH scheduler: Selected RO Frame 26, Slot 19, Symbol 0, Fdm 0
[0m[PHY]    PRACH [UE 0] in frame.slot 26.19, placing PRACH in position 740, Msg1/MsgA-Preamble frequency start 0 (k1 0), preamble_offset 5, first_nonzero_root_idx 0, preambleIndex = 5
[0m[PHY]    [UE 0] RAR-Msg2 decoded
[0m[NR_MAC] [UE 0][RAPROC][RA-RNTI 010b] Got BI RAR subPDU 5 ms
[0m[NR_MAC] [UE 0][RAPROC][RA-RNTI 010b] Got RAPID RAR subPDU
[0m[32m[NR_MAC] [UE 0][RAPROC][27.10] Found RAR with the intended RAPID 5
[0m[32m[NR_MAC] [RAPROC][27.18] RA-Msg3 transmitted
[0m[NR_MAC] [RAPROC][28.18] RA-Msg3 retransmitted
[0m[NR_MAC] [RAPROC][29.18] RA-Msg3 retransmitted
[0m[NR_MAC] [RAPROC][30.18] RA-Msg3 retransmitted
[0m[93m[MAC]    [UE 0] Contention resolution failed
[0m[NR_MAC] PRACH scheduler: Selected RO Frame 37, Slot 19, Symbol 0, Fdm 0
[0m[PHY]    PRACH [UE 0] in frame.slot 37.19, placing PRACH in position 740, Msg1/MsgA-Preamble frequency start 0 (k1 0), preamble_offset 23, first_nonzero_root_idx 0, preambleIndex = 23
[0m[PHY]    [UE 0] RAR-Msg2 decoded
[0m[NR_MAC] [UE 0][RAPROC][RA-RNTI 010b] Got BI RAR subPDU 5 ms
[0m[NR_MAC] [UE 0][RAPROC][RA-RNTI 010b] Got RAPID RAR subPDU
[0m[32m[NR_MAC] [UE 0][RAPROC][38.10] Found RAR with the intended RAPID 23
[0m[32m[NR_MAC] [RAPROC][38.18] RA-Msg3 transmitted
[0m[NR_MAC] [RAPROC][39.18] RA-Msg3 retransmitted
[0m[NR_MAC] [RAPROC][40.18] RA-Msg3 retransmitted
[0m[NR_MAC] [RAPROC][41.18] RA-Msg3 retransmitted
[0m[93m[MAC]    [UE 0] Contention resolution failed
[0m[NR_MAC] PRACH scheduler: Selected RO Frame 48, Slot 19, Symbol 0, Fdm 0
[0m[PHY]    PRACH [UE 0] in frame.slot 48.19, placing PRACH in position 740, Msg1/MsgA-Preamble frequency start 0 (k1 0), preamble_offset 4, first_nonzero_root_idx 0, preambleIndex = 4
[0m[PHY]    [UE 0] RAR-Msg2 decoded
[0m[NR_MAC] [UE 0][RAPROC][RA-RNTI 010b] Got BI RAR subPDU 5 ms
[0m[NR_MAC] [UE 0][RAPROC][RA-RNTI 010b] Got RAPID RAR subPDU
[0m[32m[NR_MAC] [UE 0][RAPROC][49.10] Found RAR with the intended RAPID 4
[0m[32m[NR_MAC] [RAPROC][49.18] RA-Msg3 transmitted
[0m[NR_MAC] [RAPROC][50.18] RA-Msg3 retransmitted
[0m[NR_MAC] [RAPROC][51.18] RA-Msg3 retransmitted
[0m[NR_MAC] [RAPROC][52.18] RA-Msg3 retransmitted
[0m[93m[MAC]    [UE 0] Contention resolution failed
[0m[NR_MAC] PRACH scheduler: Selected RO Frame 59, Slot 19, Symbol 0, Fdm 0
[0m[PHY]    PRACH [UE 0] in frame.slot 59.19, placing PRACH in position 740, Msg1/MsgA-Preamble frequency start 0 (k1 0), preamble_offset 41, first_nonzero_root_idx 0, preambleIndex = 41
[0m[PHY]    [UE 0] RAR-Msg2 decoded
[0m[NR_MAC] [UE 0][RAPROC][RA-RNTI 010b] Got BI RAR subPDU 5 ms
[0m[NR_MAC] [UE 0][RAPROC][RA-RNTI 010b] Got RAPID RAR subPDU
[0m[32m[NR_MAC] [UE 0][RAPROC][60.10] Found RAR with the intended RAPID 41
[0m[32m[NR_MAC] [RAPROC][60.18] RA-Msg3 transmitted
[0m[NR_MAC] [RAPROC][61.18] RA-Msg3 retransmitted
[0m[NR_MAC] [RAPROC][62.18] RA-Msg3 retransmitted
[0m[NR_MAC] [RAPROC][63.18] RA-Msg3 retransmitted
[0m[93m[MAC]    [UE 0] Contention resolution failed
[0m[93m[NR_RRC] [UE 0] Timer T300 expired! No timely response to RRCSetupRequest
[0m[MAC]    Initialization of 4-Step CBRA procedure
[0m[NR_MAC] PRACH scheduler: Selected RO Frame 100, Slot 19, Symbol 0, Fdm 0
[0m[PHY]    PRACH [UE 0] in frame.slot 100.19, placing PRACH in position 740, Msg1/MsgA-Preamble frequency start 0 (k1 0), preamble_offset 55, first_nonzero_root_idx 0, preambleIndex = 55
[0m[PHY]    [UE 0] RAR-Msg2 decoded
[0m[NR_MAC] [UE 0][RAPROC][RA-RNTI 010b] Got BI RAR subPDU 5 ms
[0m[NR_MAC] [UE 0][RAPROC][RA-RNTI 010b] Got RAPID RAR subPDU
[0m[32m[NR_MAC] [UE 0][RAPROC][101.10] Found RAR with the intended RAPID 55
[0m[93m[MAC]    received TA command 31
[0m[32m[NR_MAC] [RAPROC][101.18] RA-Msg3 transmitted
[0m[NR_MAC] [RAPROC][102.18] RA-Msg3 retransmitted
[0m[NR_MAC] [RAPROC][103.18] RA-Msg3 retransmitted
[0m[NR_MAC] [RAPROC][104.18] RA-Msg3 retransmitted
[0m[93m[MAC]    [UE 0] Contention resolution failed
[0m[NR_MAC] PRACH scheduler: Selected RO Frame 111, Slot 19, Symbol 0, Fdm 0
[0m[PHY]    PRACH [UE 0] in frame.slot 111.19, placing PRACH in position 740, Msg1/MsgA-Preamble frequency start 0 (k1 0), preamble_offset 26, first_nonzero_root_idx 0, preambleIndex = 26
[0m[PHY]    [UE 0] RAR-Msg2 decoded
[0m[NR_MAC] [UE 0][RAPROC][RA-RNTI 010b] Got BI RAR subPDU 5 ms
[0m[NR_MAC] [UE 0][RAPROC][RA-RNTI 010b] Got RAPID RAR subPDU
[0m[32m[NR_MAC] [UE 0][RAPROC][112.10] Found RAR with the intended RAPID 26
[0m[32m[NR_MAC] [RAPROC][112.18] RA-Msg3 transmitted
[0m[NR_MAC] [RAPROC][113.18] RA-Msg3 retransmitted
[0m[NR_MAC] [RAPROC][114.18] RA-Msg3 retransmitted
[0m[NR_MAC] [RAPROC][115.18] RA-Msg3 retransmitted
[0m[93m[MAC]    [UE 0] Contention resolution failed
[0m[NR_MAC] PRACH scheduler: Selected RO Frame 122, Slot 19, Symbol 0, Fdm 0
[0m[PHY]    PRACH [UE 0] in frame.slot 122.19, placing PRACH in position 740, Msg1/MsgA-Preamble frequency start 0 (k1 0), preamble_offset 2, first_nonzero_root_idx 0, preambleIndex = 2
[0m[PHY]    [UE 0] RAR-Msg2 decoded
[0m[NR_MAC] [UE 0][RAPROC][RA-RNTI 010b] Got BI RAR subPDU 5 ms
[0m[NR_MAC] [UE 0][RAPROC][RA-RNTI 010b] Got RAPID RAR subPDU
[0m[32m[NR_MAC] [UE 0][RAPROC][123.10] Found RAR with the intended RAPID 2
[0m[32m[NR_MAC] [RAPROC][123.18] RA-Msg3 transmitted
[0m[NR_MAC] [RAPROC][124.18] RA-Msg3 retransmitted
[0m[NR_MAC] [RAPROC][125.18] RA-Msg3 retransmitted
[0m[NR_MAC] [RAPROC][126.18] RA-Msg3 retransmitted
[0m[93m[MAC]    [UE 0] Contention resolution failed
[0m[NR_MAC] PRACH scheduler: Selected RO Frame 133, Slot 19, Symbol 0, Fdm 0
[0m[PHY]    PRACH [UE 0] in frame.slot 133.19, placing PRACH in position 740, Msg1/MsgA-Preamble frequency start 0 (k1 0), preamble_offset 14, first_nonzero_root_idx 0, preambleIndex = 14
[0m[PHY]    [UE 0] RAR-Msg2 decoded
[0m[NR_MAC] [UE 0][RAPROC][RA-RNTI 010b] Got BI RAR subPDU 5 ms
[0m[NR_MAC] [UE 0][RAPROC][RA-RNTI 010b] Got RAPID RAR subPDU
[0m[32m[NR_MAC] [UE 0][RAPROC][134.10] Found RAR with the intended RAPID 14
[0m[32m[NR_MAC] [RAPROC][134.18] RA-Msg3 transmitted
[0m[NR_MAC] [RAPROC][135.18] RA-Msg3 retransmitted
[0m[NR_MAC] [RAPROC][136.18] RA-Msg3 retransmitted
[0m[NR_MAC] [RAPROC][137.18] RA-Msg3 retransmitted
[0m[93m[MAC]    [UE 0] Contention resolution failed
[0m[NR_MAC] PRACH scheduler: Selected RO Frame 144, Slot 19, Symbol 0, Fdm 0
[0m[PHY]    PRACH [UE 0] in frame.slot 144.19, placing PRACH in position 740, Msg1/MsgA-Preamble frequency start 0 (k1 0), preamble_offset 33, first_nonzero_root_idx 0, preambleIndex = 33
[0m[PHY]    [UE 0] RAR-Msg2 decoded
[0m[NR_MAC] [UE 0][RAPROC][RA-RNTI 010b] Got BI RAR subPDU 5 ms
[0m[NR_MAC] [UE 0][RAPROC][RA-RNTI 010b] Got RAPID RAR subPDU
[0m[32m[NR_MAC] [UE 0][RAPROC][145.10] Found RAR with the intended RAPID 33
[0m[32m[NR_MAC] [RAPROC][145.18] RA-Msg3 transmitted
[0m[NR_MAC] [RAPROC][146.18] RA-Msg3 retransmitted
[0m[NR_MAC] [RAPROC][147.18] RA-Msg3 retransmitted
[0m[NR_MAC] [RAPROC][148.18] RA-Msg3 retransmitted
[0m[93m[MAC]    [UE 0] Contention resolution failed
[0m[NR_MAC] PRACH scheduler: Selected RO Frame 155, Slot 19, Symbol 0, Fdm 0
[0m[PHY]    PRACH [UE 0] in frame.slot 155.19, placing PRACH in position 740, Msg1/MsgA-Preamble frequency start 0 (k1 0), preamble_offset 36, first_nonzero_root_idx 0, preambleIndex = 36
[0m[PHY]    [UE 0] RAR-Msg2 decoded
[0m[NR_MAC] [UE 0][RAPROC][RA-RNTI 010b] Got BI RAR subPDU 5 ms
[0m[NR_MAC] [UE 0][RAPROC][RA-RNTI 010b] Got RAPID RAR subPDU
[0m[32m[NR_MAC] [UE 0][RAPROC][156.10] Found RAR with the intended RAPID 36
[0m[32m[NR_MAC] [RAPROC][156.18] RA-Msg3 transmitted
[0m[NR_MAC] [RAPROC][157.18] RA-Msg3 retransmitted
[0m[NR_MAC] [RAPROC][158.18] RA-Msg3 retransmitted
[0m[NR_MAC] [RAPROC][159.18] RA-Msg3 retransmitted
[0m[93m[MAC]    [UE 0] Contention resolution failed
[0m[NR_MAC] PRACH scheduler: Selected RO Frame 166, Slot 19, Symbol 0, Fdm 0
[0m[PHY]    PRACH [UE 0] in frame.slot 166.19, placing PRACH in position 740, Msg1/MsgA-Preamble frequency start 0 (k1 0), preamble_offset 19, first_nonzero_root_idx 0, preambleIndex = 19
[0m[PHY]    [UE 0] RAR-Msg2 decoded
[0m[NR_MAC] [UE 0][RAPROC][RA-RNTI 010b] Got BI RAR subPDU 5 ms
[0m[NR_MAC] [UE 0][RAPROC][RA-RNTI 010b] Got RAPID RAR subPDU
[0m[32m[NR_MAC] [UE 0][RAPROC][167.10] Found RAR with the intended RAPID 19
[0m[32m[NR_MAC] [RAPROC][167.18] RA-Msg3 transmitted
[0m[NR_MAC] [RAPROC][168.18] RA-Msg3 retransmitted
[0m[NR_MAC] [RAPROC][169.18] RA-Msg3 retransmitted
[0m[NR_MAC] [RAPROC][170.18] RA-Msg3 retransmitted
[0m[93m[MAC]    [UE 0] Contention resolution failed
[0m[NR_MAC] PRACH scheduler: Selected RO Frame 177, Slot 19, Symbol 0, Fdm 0
[0m[PHY]    PRACH [UE 0] in frame.slot 177.19, placing PRACH in position 740, Msg1/MsgA-Preamble frequency start 0 (k1 0), preamble_offset 32, first_nonzero_root_idx 0, preambleIndex = 32
[0m[PHY]    [UE 0] RAR-Msg2 decoded
[0m[NR_MAC] [UE 0][RAPROC][RA-RNTI 010b] Got BI RAR subPDU 5 ms
[0m[NR_MAC] [UE 0][RAPROC][RA-RNTI 010b] Got RAPID RAR subPDU
[0m[32m[NR_MAC] [UE 0][RAPROC][178.10] Found RAR with the intended RAPID 32
[0m[32m[NR_MAC] [RAPROC][178.18] RA-Msg3 transmitted
[0m[NR_MAC] [RAPROC][179.18] RA-Msg3 retransmitted
[0m[NR_MAC] [RAPROC][180.18] RA-Msg3 retransmitted
[0m[NR_MAC] [RAPROC][181.18] RA-Msg3 retransmitted
[0m[93m[MAC]    [UE 0] Contention resolution failed
[0m[NR_MAC] PRACH scheduler: Selected RO Frame 188, Slot 19, Symbol 0, Fdm 0
[0m[PHY]    PRACH [UE 0] in frame.slot 188.19, placing PRACH in position 740, Msg1/MsgA-Preamble frequency start 0 (k1 0), preamble_offset 28, first_nonzero_root_idx 0, preambleIndex = 28
[0m[PHY]    [UE 0] RAR-Msg2 decoded
[0m[NR_MAC] [UE 0][RAPROC][RA-RNTI 010b] Got BI RAR subPDU 5 ms
[0m[NR_MAC] [UE 0][RAPROC][RA-RNTI 010b] Got RAPID RAR subPDU
[0m[32m[NR_MAC] [UE 0][RAPROC][189.10] Found RAR with the intended RAPID 28
[0m[32m[NR_MAC] [RAPROC][189.18] RA-Msg3 transmitted
[0m[NR_MAC] [RAPROC][190.18] RA-Msg3 retransmitted
[0m[NR_MAC] [RAPROC][191.18] RA-Msg3 retransmitted
[0m[NR_MAC] [RAPROC][192.18] RA-Msg3 retransmitted
[0m[93m[MAC]    [UE 0] Contention resolution failed
[0m[NR_MAC] PRACH scheduler: Selected RO Frame 199, Slot 19, Symbol 0, Fdm 0
[0m[PHY]    PRACH [UE 0] in frame.slot 199.19, placing PRACH in position 740, Msg1/MsgA-Preamble frequency start 0 (k1 0), preamble_offset 50, first_nonzero_root_idx 0, preambleIndex = 50
[0m[PHY]    [UE 0] RAR-Msg2 decoded
[0m[NR_MAC] [UE 0][RAPROC][RA-RNTI 010b] Got BI RAR subPDU 5 ms
[0m[NR_MAC] [UE 0][RAPROC][RA-RNTI 010b] Got RAPID RAR subPDU
[0m[32m[NR_MAC] [UE 0][RAPROC][200.10] Found RAR with the intended RAPID 50
[0m[32m[NR_MAC] [RAPROC][200.18] RA-Msg3 transmitted
[0m[NR_MAC] [RAPROC][201.18] RA-Msg3 retransmitted
[0m[NR_MAC] [RAPROC][202.18] RA-Msg3 retransmitted
[0m[NR_MAC] [RAPROC][203.18] RA-Msg3 retransmitted
[0m[93m[MAC]    [UE 0] Contention resolution failed
[0m[NR_MAC] PRACH scheduler: Selected RO Frame 210, Slot 19, Symbol 0, Fdm 0
[0m[PHY]    PRACH [UE 0] in frame.slot 210.19, placing PRACH in position 740, Msg1/MsgA-Preamble frequency start 0 (k1 0), preamble_offset 62, first_nonzero_root_idx 0, preambleIndex = 62
[0m[PHY]    [UE 0] RAR-Msg2 decoded
[0m[NR_MAC] [UE 0][RAPROC][RA-RNTI 010b] Got BI RAR subPDU 5 ms
[0m[NR_MAC] [UE 0][RAPROC][RA-RNTI 010b] Got RAPID RAR subPDU
[0m[32m[NR_MAC] [UE 0][RAPROC][211.10] Found RAR with the intended RAPID 62
[0m[32m[NR_MAC] [RAPROC][211.18] RA-Msg3 transmitted
[0m[NR_MAC] [RAPROC][212.18] RA-Msg3 retransmitted
[0m[NR_MAC] [RAPROC][213.18] RA-Msg3 retransmitted
[0m[NR_MAC] [RAPROC][214.18] RA-Msg3 retransmitted
[0m[93m[MAC]    [UE 0] Contention resolution failed
[0m[NR_MAC] PRACH scheduler: Selected RO Frame 221, Slot 19, Symbol 0, Fdm 0
[0m[PHY]    PRACH [UE 0] in frame.slot 221.19, placing PRACH in position 740, Msg1/MsgA-Preamble frequency start 0 (k1 0), preamble_offset 22, first_nonzero_root_idx 0, preambleIndex = 22
[0m[PHY]    [UE 0] RAR-Msg2 decoded
[0m[NR_MAC] [UE 0][RAPROC][RA-RNTI 010b] Got BI RAR subPDU 5 ms
[0m[NR_MAC] [UE 0][RAPROC][RA-RNTI 010b] Got RAPID RAR subPDU
[0m[32m[NR_MAC] [UE 0][RAPROC][222.10] Found RAR with the intended RAPID 22
[0m[32m[NR_MAC] [RAPROC][222.18] RA-Msg3 transmitted
[0m[NR_MAC] [RAPROC][223.18] RA-Msg3 retransmitted
[0m[NR_MAC] [RAPROC][224.18] RA-Msg3 retransmitted
[0m[NR_MAC] [RAPROC][225.18] RA-Msg3 retransmitted
[0m[93m[MAC]    [UE 0] Contention resolution failed
[0m[NR_MAC] PRACH scheduler: Selected RO Frame 232, Slot 19, Symbol 0, Fdm 0
[0m[PHY]    PRACH [UE 0] in frame.slot 232.19, placing PRACH in position 740, Msg1/MsgA-Preamble frequency start 0 (k1 0), preamble_offset 1, first_nonzero_root_idx 0, preambleIndex = 1
[0m[PHY]    [UE 0] RAR-Msg2 decoded
[0m[NR_MAC] [UE 0][RAPROC][RA-RNTI 010b] Got BI RAR subPDU 5 ms
[0m[NR_MAC] [UE 0][RAPROC][RA-RNTI 010b] Got RAPID RAR subPDU
[0m[32m[NR_MAC] [UE 0][RAPROC][233.10] Found RAR with the intended RAPID 1
[0m[32m[NR_MAC] [RAPROC][233.18] RA-Msg3 transmitted
[0m[NR_MAC] [RAPROC][234.18] RA-Msg3 retransmitted
[0m[NR_MAC] [RAPROC][235.18] RA-Msg3 retransmitted
[0m[NR_MAC] [RAPROC][236.18] RA-Msg3 retransmitted
[0m[93m[MAC]    [UE 0] Contention resolution failed
[0m[NR_MAC] PRACH scheduler: Selected RO Frame 243, Slot 19, Symbol 0, Fdm 0
[0m[PHY]    PRACH [UE 0] in frame.slot 243.19, placing PRACH in position 740, Msg1/MsgA-Preamble frequency start 0 (k1 0), preamble_offset 5, first_nonzero_root_idx 0, preambleIndex = 5
[0m[PHY]    [UE 0] RAR-Msg2 decoded
[0m[NR_MAC] [UE 0][RAPROC][RA-RNTI 010b] Got BI RAR subPDU 5 ms
[0m[NR_MAC] [UE 0][RAPROC][RA-RNTI 010b] Got RAPID RAR subPDU
[0m[32m[NR_MAC] [UE 0][RAPROC][244.10] Found RAR with the intended RAPID 5
[0m[32m[NR_MAC] [RAPROC][244.18] RA-Msg3 transmitted
[0m[NR_MAC] [RAPROC][245.18] RA-Msg3 retransmitted
[0m[NR_MAC] [RAPROC][246.18] RA-Msg3 retransmitted
[0m[NR_MAC] [RAPROC][247.18] RA-Msg3 retransmitted
[0m[93m[MAC]    [UE 0] Contention resolution failed
[0m[NR_MAC] PRACH scheduler: Selected RO Frame 254, Slot 19, Symbol 0, Fdm 0
[0m[PHY]    PRACH [UE 0] in frame.slot 254.19, placing PRACH in position 740, Msg1/MsgA-Preamble frequency start 0 (k1 0), preamble_offset 49, first_nonzero_root_idx 0, preambleIndex = 49
[0m[PHY]    [UE 0] RAR-Msg2 decoded
[0m[NR_MAC] [UE 0][RAPROC][RA-RNTI 010b] Got BI RAR subPDU 5 ms
[0m[NR_MAC] [UE 0][RAPROC][RA-RNTI 010b] Got RAPID RAR subPDU
[0m[32m[NR_MAC] [UE 0][RAPROC][255.10] Found RAR with the intended RAPID 49
[0m[32m[NR_MAC] [RAPROC][255.18] RA-Msg3 transmitted
[0m[NR_MAC] [RAPROC][256.18] RA-Msg3 retransmitted
[0m[NR_MAC] [RAPROC][257.18] RA-Msg3 retransmitted
[0m[NR_MAC] [RAPROC][258.18] RA-Msg3 retransmitted
[0m[93m[MAC]    [UE 0] Contention resolution failed
[0m[NR_MAC] PRACH scheduler: Selected RO Frame 265, Slot 19, Symbol 0, Fdm 0
[0m[PHY]    PRACH [UE 0] in frame.slot 265.19, placing PRACH in position 740, Msg1/MsgA-Preamble frequency start 0 (k1 0), preamble_offset 11, first_nonzero_root_idx 0, preambleIndex = 11
[0m[PHY]    [UE 0] RAR-Msg2 decoded
[0m[NR_MAC] [UE 0][RAPROC][RA-RNTI 010b] Got BI RAR subPDU 5 ms
[0m[NR_MAC] [UE 0][RAPROC][RA-RNTI 010b] Got RAPID RAR subPDU
[0m[32m[NR_MAC] [UE 0][RAPROC][266.10] Found RAR with the intended RAPID 11
[0m[32m[NR_MAC] [RAPROC][266.18] RA-Msg3 transmitted
[0m[NR_MAC] [RAPROC][267.18] RA-Msg3 retransmitted
[0m[NR_MAC] [RAPROC][268.18] RA-Msg3 retransmitted
[0m[NR_MAC] [RAPROC][269.18] RA-Msg3 retransmitted
[0m[93m[MAC]    [UE 0] Contention resolution failed
[0m[NR_MAC] PRACH scheduler: Selected RO Frame 276, Slot 19, Symbol 0, Fdm 0
[0m[PHY]    PRACH [UE 0] in frame.slot 276.19, placing PRACH in position 740, Msg1/MsgA-Preamble frequency start 0 (k1 0), preamble_offset 13, first_nonzero_root_idx 0, preambleIndex = 13
[0m[PHY]    [UE 0] RAR-Msg2 decoded
[0m[NR_MAC] [UE 0][RAPROC][RA-RNTI 010b] Got BI RAR subPDU 5 ms
[0m[NR_MAC] [UE 0][RAPROC][RA-RNTI 010b] Got RAPID RAR subPDU
[0m[32m[NR_MAC] [UE 0][RAPROC][277.10] Found RAR with the intended RAPID 13
[0m[32m[NR_MAC] [RAPROC][277.18] RA-Msg3 transmitted
[0m[NR_MAC] [RAPROC][278.18] RA-Msg3 retransmitted
[0m[NR_MAC] [RAPROC][279.18] RA-Msg3 retransmitted
[0m[NR_MAC] [RAPROC][280.18] RA-Msg3 retransmitted
[0m[93m[MAC]    [UE 0] Contention resolution failed
[0m[NR_MAC] PRACH scheduler: Selected RO Frame 287, Slot 19, Symbol 0, Fdm 0
[0m[PHY]    PRACH [UE 0] in frame.slot 287.19, placing PRACH in position 740, Msg1/MsgA-Preamble frequency start 0 (k1 0), preamble_offset 36, first_nonzero_root_idx 0, preambleIndex = 36
[0m[PHY]    [UE 0] RAR-Msg2 decoded
[0m[NR_MAC] [UE 0][RAPROC][RA-RNTI 010b] Got BI RAR subPDU 5 ms
[0m[NR_MAC] [UE 0][RAPROC][RA-RNTI 010b] Got RAPID RAR subPDU
[0m[32m[NR_MAC] [UE 0][RAPROC][288.10] Found RAR with the intended RAPID 36
[0m[32m[NR_MAC] [RAPROC][288.18] RA-Msg3 transmitted
[0m[NR_MAC] [RAPROC][289.18] RA-Msg3 retransmitted
[0m[NR_MAC] [RAPROC][290.18] RA-Msg3 retransmitted
[0m[NR_MAC] [RAPROC][291.18] RA-Msg3 retransmitted
[0m[93m[MAC]    [UE 0] Contention resolution failed
[0m[NR_MAC] PRACH scheduler: Selected RO Frame 298, Slot 19, Symbol 0, Fdm 0
[0m[PHY]    PRACH [UE 0] in frame.slot 298.19, placing PRACH in position 740, Msg1/MsgA-Preamble frequency start 0 (k1 0), preamble_offset 13, first_nonzero_root_idx 0, preambleIndex = 13
[0m[PHY]    [UE 0] RAR-Msg2 decoded
[0m[NR_MAC] [UE 0][RAPROC][RA-RNTI 010b] Got BI RAR subPDU 5 ms
[0m[NR_MAC] [UE 0][RAPROC][RA-RNTI 010b] Got RAPID RAR subPDU
[0m[32m[NR_MAC] [UE 0][RAPROC][299.10] Found RAR with the intended RAPID 13
[0m[32m[NR_MAC] [RAPROC][299.18] RA-Msg3 transmitted
[0m[NR_MAC] [RAPROC][300.18] RA-Msg3 retransmitted
[0m[NR_MAC] [RAPROC][301.18] RA-Msg3 retransmitted
[0m[NR_MAC] [RAPROC][302.18] RA-Msg3 retransmitted
[0m[93m[MAC]    [UE 0] Contention resolution failed
[0m[NR_MAC] PRACH scheduler: Selected RO Frame 309, Slot 19, Symbol 0, Fdm 0
[0m[PHY]    PRACH [UE 0] in frame.slot 309.19, placing PRACH in position 740, Msg1/MsgA-Preamble frequency start 0 (k1 0), preamble_offset 25, first_nonzero_root_idx 0, preambleIndex = 25
[0m[PHY]    [UE 0] RAR-Msg2 decoded
[0m[NR_MAC] [UE 0][RAPROC][RA-RNTI 010b] Got BI RAR subPDU 5 ms
[0m[NR_MAC] [UE 0][RAPROC][RA-RNTI 010b] Got RAPID RAR subPDU
[0m[32m[NR_MAC] [UE 0][RAPROC][310.10] Found RAR with the intended RAPID 25
[0m[32m[NR_MAC] [RAPROC][310.18] RA-Msg3 transmitted
[0m[NR_MAC] [RAPROC][311.18] RA-Msg3 retransmitted
[0m[NR_MAC] [RAPROC][312.18] RA-Msg3 retransmitted
[0m[NR_MAC] [RAPROC][313.18] RA-Msg3 retransmitted
[0m[93m[MAC]    [UE 0] Contention resolution failed
[0m[93m[NR_RRC] [UE 0] Timer T300 expired! No timely response to RRCSetupRequest
[0m[MAC]    Initialization of 4-Step CBRA procedure
[0m[NR_MAC] PRACH scheduler: Selected RO Frame 350, Slot 19, Symbol 0, Fdm 0
[0m[PHY]    PRACH [UE 0] in frame.slot 350.19, placing PRACH in position 740, Msg1/MsgA-Preamble frequency start 0 (k1 0), preamble_offset 31, first_nonzero_root_idx 0, preambleIndex = 31
[0m[PHY]    [UE 0] RAR-Msg2 decoded
[0m[NR_MAC] [UE 0][RAPROC][RA-RNTI 010b] Got BI RAR subPDU 5 ms
[0m[NR_MAC] [UE 0][RAPROC][RA-RNTI 010b] Got RAPID RAR subPDU
[0m[32m[NR_MAC] [UE 0][RAPROC][351.10] Found RAR with the intended RAPID 31
[0m[93m[MAC]    received TA command 31
[0m[32m[NR_MAC] [RAPROC][351.18] RA-Msg3 transmitted
[0m[NR_MAC] [RAPROC][352.18] RA-Msg3 retransmitted
[0m[NR_MAC] [RAPROC][353.18] RA-Msg3 retransmitted
[0m[NR_MAC] [RAPROC][354.18] RA-Msg3 retransmitted
[0m[93m[MAC]    [UE 0] Contention resolution failed
[0m[NR_MAC] PRACH scheduler: Selected RO Frame 361, Slot 19, Symbol 0, Fdm 0
[0m[PHY]    PRACH [UE 0] in frame.slot 361.19, placing PRACH in position 740, Msg1/MsgA-Preamble frequency start 0 (k1 0), preamble_offset 11, first_nonzero_root_idx 0, preambleIndex = 11
[0m[PHY]    [UE 0] RAR-Msg2 decoded
[0m[NR_MAC] [UE 0][RAPROC][RA-RNTI 010b] Got BI RAR subPDU 5 ms
[0m[NR_MAC] [UE 0][RAPROC][RA-RNTI 010b] Got RAPID RAR subPDU
[0m[32m[NR_MAC] [UE 0][RAPROC][362.10] Found RAR with the intended RAPID 11
[0m[32m[NR_MAC] [RAPROC][362.18] RA-Msg3 transmitted
[0m[NR_MAC] [RAPROC][363.18] RA-Msg3 retransmitted
[0m[NR_MAC] [RAPROC][364.18] RA-Msg3 retransmitted
[0m[NR_MAC] [RAPROC][365.18] RA-Msg3 retransmitted
[0m[93m[MAC]    [UE 0] Contention resolution failed
[0m[NR_MAC] PRACH scheduler: Selected RO Frame 372, Slot 19, Symbol 0, Fdm 0
[0m[PHY]    PRACH [UE 0] in frame.slot 372.19, placing PRACH in position 740, Msg1/MsgA-Preamble frequency start 0 (k1 0), preamble_offset 42, first_nonzero_root_idx 0, preambleIndex = 42
[0m[PHY]    [UE 0] RAR-Msg2 decoded
[0m[NR_MAC] [UE 0][RAPROC][RA-RNTI 010b] Got BI RAR subPDU 5 ms
[0m[NR_MAC] [UE 0][RAPROC][RA-RNTI 010b] Got RAPID RAR subPDU
[0m[32m[NR_MAC] [UE 0][RAPROC][373.10] Found RAR with the intended RAPID 42
[0m[32m[NR_MAC] [RAPROC][373.18] RA-Msg3 transmitted
[0m[NR_MAC] [RAPROC][374.18] RA-Msg3 retransmitted
[0m[NR_MAC] [RAPROC][375.18] RA-Msg3 retransmitted
[0m[NR_MAC] [RAPROC][376.18] RA-Msg3 retransmitted
[0m[93m[MAC]    [UE 0] Contention resolution failed
[0m[NR_MAC] PRACH scheduler: Selected RO Frame 383, Slot 19, Symbol 0, Fdm 0
[0m[PHY]    PRACH [UE 0] in frame.slot 383.19, placing PRACH in position 740, Msg1/MsgA-Preamble frequency start 0 (k1 0), preamble_offset 55, first_nonzero_root_idx 0, preambleIndex = 55
[0m[PHY]    [UE 0] RAR-Msg2 decoded
[0m[NR_MAC] [UE 0][RAPROC][RA-RNTI 010b] Got BI RAR subPDU 5 ms
[0m[NR_MAC] [UE 0][RAPROC][RA-RNTI 010b] Got RAPID RAR subPDU
[0m[32m[NR_MAC] [UE 0][RAPROC][384.10] Found RAR with the intended RAPID 55
[0m[32m[NR_MAC] [RAPROC][384.18] RA-Msg3 transmitted
[0m[NR_MAC] [RAPROC][385.18] RA-Msg3 retransmitted
[0m[NR_MAC] [RAPROC][386.18] RA-Msg3 retransmitted
[0m[NR_MAC] [RAPROC][387.18] RA-Msg3 retransmitted
[0m[93m[MAC]    [UE 0] Contention resolution failed
[0m[NR_MAC] PRACH scheduler: Selected RO Frame 394, Slot 19, Symbol 0, Fdm 0
[0m[PHY]    PRACH [UE 0] in frame.slot 394.19, placing PRACH in position 740, Msg1/MsgA-Preamble frequency start 0 (k1 0), preamble_offset 31, first_nonzero_root_idx 0, preambleIndex = 31
[0m[PHY]    [UE 0] RAR-Msg2 decoded
[0m[NR_MAC] [UE 0][RAPROC][RA-RNTI 010b] Got BI RAR subPDU 5 ms
[0m[NR_MAC] [UE 0][RAPROC][RA-RNTI 010b] Got RAPID RAR subPDU
[0m[32m[NR_MAC] [UE 0][RAPROC][395.10] Found RAR with the intended RAPID 31
[0m[32m[NR_MAC] [RAPROC][395.18] RA-Msg3 transmitted
[0m[NR_MAC] [RAPROC][396.18] RA-Msg3 retransmitted
[0m[NR_MAC] [RAPROC][397.18] RA-Msg3 retransmitted
[0m[NR_MAC] [RAPROC][398.18] RA-Msg3 retransmitted
[0m[93m[MAC]    [UE 0] Contention resolution failed
[0m[NR_MAC] PRACH scheduler: Selected RO Frame 405, Slot 19, Symbol 0, Fdm 0
[0m[PHY]    PRACH [UE 0] in frame.slot 405.19, placing PRACH in position 740, Msg1/MsgA-Preamble frequency start 0 (k1 0), preamble_offset 56, first_nonzero_root_idx 0, preambleIndex = 56
[0m[PHY]    [UE 0] RAR-Msg2 decoded
[0m[NR_MAC] [UE 0][RAPROC][RA-RNTI 010b] Got BI RAR subPDU 5 ms
[0m[NR_MAC] [UE 0][RAPROC][RA-RNTI 010b] Got RAPID RAR subPDU
[0m[32m[NR_MAC] [UE 0][RAPROC][406.10] Found RAR with the intended RAPID 56
[0m[32m[NR_MAC] [RAPROC][406.18] RA-Msg3 transmitted
[0m[NR_MAC] [RAPROC][407.18] RA-Msg3 retransmitted
[0m[NR_MAC] [RAPROC][408.18] RA-Msg3 retransmitted
[0m[NR_MAC] [RAPROC][409.18] RA-Msg3 retransmitted
[0m[93m[MAC]    [UE 0] Contention resolution failed
[0m[NR_MAC] PRACH scheduler: Selected RO Frame 416, Slot 19, Symbol 0, Fdm 0
[0m[PHY]    PRACH [UE 0] in frame.slot 416.19, placing PRACH in position 740, Msg1/MsgA-Preamble frequency start 0 (k1 0), preamble_offset 15, first_nonzero_root_idx 0, preambleIndex = 15
[0m[PHY]    [UE 0] RAR-Msg2 decoded
[0m[NR_MAC] [UE 0][RAPROC][RA-RNTI 010b] Got BI RAR subPDU 5 ms
[0m[NR_MAC] [UE 0][RAPROC][RA-RNTI 010b] Got RAPID RAR subPDU
[0m[32m[NR_MAC] [UE 0][RAPROC][417.10] Found RAR with the intended RAPID 15
[0m[32m[NR_MAC] [RAPROC][417.18] RA-Msg3 transmitted
[0m[NR_MAC] [RAPROC][418.18] RA-Msg3 retransmitted
[0m[NR_MAC] [RAPROC][419.18] RA-Msg3 retransmitted
[0m[NR_MAC] [RAPROC][420.18] RA-Msg3 retransmitted
[0m[93m[MAC]    [UE 0] Contention resolution failed
[0m[NR_MAC] PRACH scheduler: Selected RO Frame 427, Slot 19, Symbol 0, Fdm 0
[0m[PHY]    PRACH [UE 0] in frame.slot 427.19, placing PRACH in position 740, Msg1/MsgA-Preamble frequency start 0 (k1 0), preamble_offset 47, first_nonzero_root_idx 0, preambleIndex = 47
[0m[PHY]    [UE 0] RAR-Msg2 decoded
[0m[NR_MAC] [UE 0][RAPROC][RA-RNTI 010b] Got BI RAR subPDU 5 ms
[0m[NR_MAC] [UE 0][RAPROC][RA-RNTI 010b] Got RAPID RAR subPDU
[0m[32m[NR_MAC] [UE 0][RAPROC][428.10] Found RAR with the intended RAPID 47
[0m[32m[NR_MAC] [RAPROC][428.18] RA-Msg3 transmitted
[0m[NR_MAC] [RAPROC][429.18] RA-Msg3 retransmitted
[0m[NR_MAC] [RAPROC][430.18] RA-Msg3 retransmitted
[0m[NR_MAC] [RAPROC][431.18] RA-Msg3 retransmitted
[0m[93m[MAC]    [UE 0] Contention resolution failed
[0m[NR_MAC] PRACH scheduler: Selected RO Frame 438, Slot 19, Symbol 0, Fdm 0
[0m[PHY]    PRACH [UE 0] in frame.slot 438.19, placing PRACH in position 740, Msg1/MsgA-Preamble frequency start 0 (k1 0), preamble_offset 51, first_nonzero_root_idx 0, preambleIndex = 51
[0m[PHY]    [UE 0] RAR-Msg2 decoded
[0m[NR_MAC] [UE 0][RAPROC][RA-RNTI 010b] Got BI RAR subPDU 5 ms
[0m[NR_MAC] [UE 0][RAPROC][RA-RNTI 010b] Got RAPID RAR subPDU
[0m[32m[NR_MAC] [UE 0][RAPROC][439.10] Found RAR with the intended RAPID 51
[0m[32m[NR_MAC] [RAPROC][439.18] RA-Msg3 transmitted
[0m[NR_MAC] [RAPROC][440.18] RA-Msg3 retransmitted
[0m[NR_MAC] [RAPROC][441.18] RA-Msg3 retransmitted
[0m[NR_MAC] [RAPROC][442.18] RA-Msg3 retransmitted
[0m[93m[MAC]    [UE 0] Contention resolution failed
[0m[NR_MAC] PRACH scheduler: Selected RO Frame 449, Slot 19, Symbol 0, Fdm 0
[0m[PHY]    PRACH [UE 0] in frame.slot 449.19, placing PRACH in position 740, Msg1/MsgA-Preamble frequency start 0 (k1 0), preamble_offset 42, first_nonzero_root_idx 0, preambleIndex = 42
[0m[PHY]    [UE 0] RAR-Msg2 decoded
[0m[NR_MAC] [UE 0][RAPROC][RA-RNTI 010b] Got BI RAR subPDU 5 ms
[0m[NR_MAC] [UE 0][RAPROC][RA-RNTI 010b] Got RAPID RAR subPDU
[0m[32m[NR_MAC] [UE 0][RAPROC][450.10] Found RAR with the intended RAPID 42
[0m[32m[NR_MAC] [RAPROC][450.18] RA-Msg3 transmitted
[0m[NR_MAC] [RAPROC][451.18] RA-Msg3 retransmitted
[0m[NR_MAC] [RAPROC][452.18] RA-Msg3 retransmitted
[0m[NR_MAC] [RAPROC][453.18] RA-Msg3 retransmitted
[0m[93m[MAC]    [UE 0] Contention resolution failed
[0m[NR_MAC] PRACH scheduler: Selected RO Frame 460, Slot 19, Symbol 0, Fdm 0
[0m[PHY]    PRACH [UE 0] in frame.slot 460.19, placing PRACH in position 740, Msg1/MsgA-Preamble frequency start 0 (k1 0), preamble_offset 61, first_nonzero_root_idx 0, preambleIndex = 61
[0m[PHY]    [UE 0] RAR-Msg2 decoded
[0m[NR_MAC] [UE 0][RAPROC][RA-RNTI 010b] Got BI RAR subPDU 5 ms
[0m[NR_MAC] [UE 0][RAPROC][RA-RNTI 010b] Got RAPID RAR subPDU
[0m[32m[NR_MAC] [UE 0][RAPROC][461.10] Found RAR with the intended RAPID 61
[0m[32m[NR_MAC] [RAPROC][461.18] RA-Msg3 transmitted
[0m[NR_MAC] [RAPROC][462.18] RA-Msg3 retransmitted
[0m[NR_MAC] [RAPROC][463.18] RA-Msg3 retransmitted
[0m[NR_MAC] [RAPROC][464.18] RA-Msg3 retransmitted
[0m[93m[MAC]    [UE 0] Contention resolution failed
[0m[NR_MAC] PRACH scheduler: Selected RO Frame 471, Slot 19, Symbol 0, Fdm 0
[0m[PHY]    PRACH [UE 0] in frame.slot 471.19, placing PRACH in position 740, Msg1/MsgA-Preamble frequency start 0 (k1 0), preamble_offset 17, first_nonzero_root_idx 0, preambleIndex = 17
[0m[PHY]    [UE 0] RAR-Msg2 decoded
[0m[NR_MAC] [UE 0][RAPROC][RA-RNTI 010b] Got BI RAR subPDU 5 ms
[0m[NR_MAC] [UE 0][RAPROC][RA-RNTI 010b] Got RAPID RAR subPDU
[0m[32m[NR_MAC] [UE 0][RAPROC][472.10] Found RAR with the intended RAPID 17
[0m[32m[NR_MAC] [RAPROC][472.18] RA-Msg3 transmitted
[0m[NR_MAC] [RAPROC][473.18] RA-Msg3 retransmitted
[0m[NR_MAC] [RAPROC][474.18] RA-Msg3 retransmitted
[0m[NR_MAC] [RAPROC][475.18] RA-Msg3 retransmitted
[0m[93m[MAC]    [UE 0] Contention resolution failed
[0m[NR_MAC] PRACH scheduler: Selected RO Frame 482, Slot 19, Symbol 0, Fdm 0
[0m[PHY]    PRACH [UE 0] in frame.slot 482.19, placing PRACH in position 740, Msg1/MsgA-Preamble frequency start 0 (k1 0), preamble_offset 46, first_nonzero_root_idx 0, preambleIndex = 46
[0m[PHY]    [UE 0] RAR-Msg2 decoded
[0m[NR_MAC] [UE 0][RAPROC][RA-RNTI 010b] Got BI RAR subPDU 5 ms
[0m[NR_MAC] [UE 0][RAPROC][RA-RNTI 010b] Got RAPID RAR subPDU
[0m[32m[NR_MAC] [UE 0][RAPROC][483.10] Found RAR with the intended RAPID 46
[0m[32m[NR_MAC] [RAPROC][483.18] RA-Msg3 transmitted
[0m[NR_MAC] [RAPROC][484.18] RA-Msg3 retransmitted
[0m[NR_MAC] [RAPROC][485.18] RA-Msg3 retransmitted
[0m[NR_MAC] [RAPROC][486.18] RA-Msg3 retransmitted
[0m[93m[MAC]    [UE 0] Contention resolution failed
[0m[NR_MAC] PRACH scheduler: Selected RO Frame 493, Slot 19, Symbol 0, Fdm 0
[0m[PHY]    PRACH [UE 0] in frame.slot 493.19, placing PRACH in position 740, Msg1/MsgA-Preamble frequency start 0 (k1 0), preamble_offset 60, first_nonzero_root_idx 0, preambleIndex = 60
[0m[PHY]    [UE 0] RAR-Msg2 decoded
[0m[NR_MAC] [UE 0][RAPROC][RA-RNTI 010b] Got BI RAR subPDU 5 ms
[0m[NR_MAC] [UE 0][RAPROC][RA-RNTI 010b] Got RAPID RAR subPDU
[0m[32m[NR_MAC] [UE 0][RAPROC][494.10] Found RAR with the intended RAPID 60
[0m[32m[NR_MAC] [RAPROC][494.18] RA-Msg3 transmitted
[0m[NR_MAC] [RAPROC][495.18] RA-Msg3 retransmitted
[0m[NR_MAC] [RAPROC][496.18] RA-Msg3 retransmitted
[0m[NR_MAC] [RAPROC][497.18] RA-Msg3 retransmitted
[0m[93m[MAC]    [UE 0] Contention resolution failed
[0m[NR_MAC] PRACH scheduler: Selected RO Frame 504, Slot 19, Symbol 0, Fdm 0
[0m[PHY]    PRACH [UE 0] in frame.slot 504.19, placing PRACH in position 740, Msg1/MsgA-Preamble frequency start 0 (k1 0), preamble_offset 26, first_nonzero_root_idx 0, preambleIndex = 26
[0m[PHY]    [UE 0] RAR-Msg2 decoded
[0m[NR_MAC] [UE 0][RAPROC][RA-RNTI 010b] Got BI RAR subPDU 5 ms
[0m[NR_MAC] [UE 0][RAPROC][RA-RNTI 010b] Got RAPID RAR subPDU
[0m[32m[NR_MAC] [UE 0][RAPROC][505.10] Found RAR with the intended RAPID 26
[0m[32m[NR_MAC] [RAPROC][505.18] RA-Msg3 transmitted
[0m[NR_MAC] [RAPROC][506.18] RA-Msg3 retransmitted
[0m[NR_MAC] [RAPROC][507.18] RA-Msg3 retransmitted
[0m[NR_MAC] [RAPROC][508.18] RA-Msg3 retransmitted
[0m[93m[MAC]    [UE 0] Contention resolution failed
[0m[NR_MAC] PRACH scheduler: Selected RO Frame 515, Slot 19, Symbol 0, Fdm 0
[0m[PHY]    PRACH [UE 0] in frame.slot 515.19, placing PRACH in position 740, Msg1/MsgA-Preamble frequency start 0 (k1 0), preamble_offset 62, first_nonzero_root_idx 0, preambleIndex = 62
[0m[PHY]    [UE 0] RAR-Msg2 decoded
[0m[NR_MAC] [UE 0][RAPROC][RA-RNTI 010b] Got BI RAR subPDU 5 ms
[0m[NR_MAC] [UE 0][RAPROC][RA-RNTI 010b] Got RAPID RAR subPDU
[0m[32m[NR_MAC] [UE 0][RAPROC][516.10] Found RAR with the intended RAPID 62
[0m[32m[NR_MAC] [RAPROC][516.18] RA-Msg3 transmitted
[0m[NR_MAC] [RAPROC][517.18] RA-Msg3 retransmitted
[0m[NR_MAC] [RAPROC][518.18] RA-Msg3 retransmitted
[0m[NR_MAC] [RAPROC][519.18] RA-Msg3 retransmitted
[0m[93m[MAC]    [UE 0] Contention resolution failed
[0m[NR_MAC] PRACH scheduler: Selected RO Frame 526, Slot 19, Symbol 0, Fdm 0
[0m[PHY]    PRACH [UE 0] in frame.slot 526.19, placing PRACH in position 740, Msg1/MsgA-Preamble frequency start 0 (k1 0), preamble_offset 20, first_nonzero_root_idx 0, preambleIndex = 20
[0m[PHY]    [UE 0] RAR-Msg2 decoded
[0m[NR_MAC] [UE 0][RAPROC][RA-RNTI 010b] Got BI RAR subPDU 5 ms
[0m[NR_MAC] [UE 0][RAPROC][RA-RNTI 010b] Got RAPID RAR subPDU
[0m[32m[NR_MAC] [UE 0][RAPROC][527.10] Found RAR with the intended RAPID 20
[0m[32m[NR_MAC] [RAPROC][527.18] RA-Msg3 transmitted
[0m[NR_MAC] [RAPROC][528.18] RA-Msg3 retransmitted
[0m[NR_MAC] [RAPROC][529.18] RA-Msg3 retransmitted
[0m[NR_MAC] [RAPROC][530.18] RA-Msg3 retransmitted
[0m[93m[MAC]    [UE 0] Contention resolution failed
[0m[NR_MAC] PRACH scheduler: Selected RO Frame 537, Slot 19, Symbol 0, Fdm 0
[0m[PHY]    PRACH [UE 0] in frame.slot 537.19, placing PRACH in position 740, Msg1/MsgA-Preamble frequency start 0 (k1 0), preamble_offset 45, first_nonzero_root_idx 0, preambleIndex = 45
[0m[PHY]    [UE 0] RAR-Msg2 decoded
[0m[NR_MAC] [UE 0][RAPROC][RA-RNTI 010b] Got BI RAR subPDU 5 ms
[0m[NR_MAC] [UE 0][RAPROC][RA-RNTI 010b] Got RAPID RAR subPDU
[0m[32m[NR_MAC] [UE 0][RAPROC][538.10] Found RAR with the intended RAPID 45
[0m[32m[NR_MAC] [RAPROC][538.18] RA-Msg3 transmitted
[0m[NR_MAC] [RAPROC][539.18] RA-Msg3 retransmitted
[0m[NR_MAC] [RAPROC][540.18] RA-Msg3 retransmitted
[0m[NR_MAC] [RAPROC][541.18] RA-Msg3 retransmitted
[0m[93m[MAC]    [UE 0] Contention resolution failed
[0m[NR_MAC] PRACH scheduler: Selected RO Frame 548, Slot 19, Symbol 0, Fdm 0
[0m[PHY]    PRACH [UE 0] in frame.slot 548.19, placing PRACH in position 740, Msg1/MsgA-Preamble frequency start 0 (k1 0), preamble_offset 57, first_nonzero_root_idx 0, preambleIndex = 57
[0m[PHY]    [UE 0] RAR-Msg2 decoded
[0m[NR_MAC] [UE 0][RAPROC][RA-RNTI 010b] Got BI RAR subPDU 5 ms
[0m[NR_MAC] [UE 0][RAPROC][RA-RNTI 010b] Got RAPID RAR subPDU
[0m[32m[NR_MAC] [UE 0][RAPROC][549.10] Found RAR with the intended RAPID 57
[0m[32m[NR_MAC] [RAPROC][549.18] RA-Msg3 transmitted
[0m[NR_MAC] [RAPROC][550.18] RA-Msg3 retransmitted
[0m[NR_MAC] [RAPROC][551.18] RA-Msg3 retransmitted
[0m[NR_MAC] [RAPROC][552.18] RA-Msg3 retransmitted
[0m[93m[MAC]    [UE 0] Contention resolution failed
[0m[NR_MAC] PRACH scheduler: Selected RO Frame 559, Slot 19, Symbol 0, Fdm 0
[0m[PHY]    PRACH [UE 0] in frame.slot 559.19, placing PRACH in position 740, Msg1/MsgA-Preamble frequency start 0 (k1 0), preamble_offset 12, first_nonzero_root_idx 0, preambleIndex = 12
[0m[PHY]    [UE 0] RAR-Msg2 decoded
[0m[NR_MAC] [UE 0][RAPROC][RA-RNTI 010b] Got BI RAR subPDU 5 ms
[0m[NR_MAC] [UE 0][RAPROC][RA-RNTI 010b] Got RAPID RAR subPDU
[0m[32m[NR_MAC] [UE 0][RAPROC][560.10] Found RAR with the intended RAPID 12
[0m[32m[NR_MAC] [RAPROC][560.18] RA-Msg3 transmitted
[0m[NR_MAC] [RAPROC][561.18] RA-Msg3 retransmitted
[0m[NR_MAC] [RAPROC][562.18] RA-Msg3 retransmitted
[0m[NR_MAC] [RAPROC][563.18] RA-Msg3 retransmitted
[0m[93m[MAC]    [UE 0] Contention resolution failed
[0m[93m[NR_RRC] [UE 0] Timer T300 expired! No timely response to RRCSetupRequest
[0m[MAC]    Initialization of 4-Step CBRA procedure
[0m[NR_MAC] PRACH scheduler: Selected RO Frame 600, Slot 19, Symbol 0, Fdm 0
[0m[PHY]    PRACH [UE 0] in frame.slot 600.19, placing PRACH in position 740, Msg1/MsgA-Preamble frequency start 0 (k1 0), preamble_offset 60, first_nonzero_root_idx 0, preambleIndex = 60
[0m[PHY]    [UE 0] RAR-Msg2 decoded
[0m[NR_MAC] [UE 0][RAPROC][RA-RNTI 010b] Got BI RAR subPDU 5 ms
[0m[NR_MAC] [UE 0][RAPROC][RA-RNTI 010b] Got RAPID RAR subPDU
[0m[32m[NR_MAC] [UE 0][RAPROC][601.10] Found RAR with the intended RAPID 60
[0m[93m[MAC]    received TA command 31
[0m[32m[NR_MAC] [RAPROC][601.18] RA-Msg3 transmitted
[0m[NR_MAC] [RAPROC][602.18] RA-Msg3 retransmitted
[0m[NR_MAC] [RAPROC][603.18] RA-Msg3 retransmitted
[0m[NR_MAC] [RAPROC][604.18] RA-Msg3 retransmitted
[0m[93m[MAC]    [UE 0] Contention resolution failed
[0m[NR_MAC] PRACH scheduler: Selected RO Frame 611, Slot 19, Symbol 0, Fdm 0
[0m[PHY]    PRACH [UE 0] in frame.slot 611.19, placing PRACH in position 740, Msg1/MsgA-Preamble frequency start 0 (k1 0), preamble_offset 38, first_nonzero_root_idx 0, preambleIndex = 38
[0m[PHY]    [UE 0] RAR-Msg2 decoded
[0m[NR_MAC] [UE 0][RAPROC][RA-RNTI 010b] Got BI RAR subPDU 5 ms
[0m[NR_MAC] [UE 0][RAPROC][RA-RNTI 010b] Got RAPID RAR subPDU
[0m[32m[NR_MAC] [UE 0][RAPROC][612.10] Found RAR with the intended RAPID 38
[0m[32m[NR_MAC] [RAPROC][612.18] RA-Msg3 transmitted
[0m[NR_MAC] [RAPROC][613.18] RA-Msg3 retransmitted
[0m[NR_MAC] [RAPROC][614.18] RA-Msg3 retransmitted
[0m[NR_MAC] [RAPROC][615.18] RA-Msg3 retransmitted
[0m[93m[MAC]    [UE 0] Contention resolution failed
[0m[NR_MAC] PRACH scheduler: Selected RO Frame 622, Slot 19, Symbol 0, Fdm 0
[0m[PHY]    PRACH [UE 0] in frame.slot 622.19, placing PRACH in position 740, Msg1/MsgA-Preamble frequency start 0 (k1 0), preamble_offset 50, first_nonzero_root_idx 0, preambleIndex = 50
[0m[PHY]    [UE 0] RAR-Msg2 decoded
[0m[NR_MAC] [UE 0][RAPROC][RA-RNTI 010b] Got BI RAR subPDU 5 ms
[0m[NR_MAC] [UE 0][RAPROC][RA-RNTI 010b] Got RAPID RAR subPDU
[0m[32m[NR_MAC] [UE 0][RAPROC][623.10] Found RAR with the intended RAPID 50
[0m[32m[NR_MAC] [RAPROC][623.18] RA-Msg3 transmitted
[0m[NR_MAC] [RAPROC][624.18] RA-Msg3 retransmitted
[0m[NR_MAC] [RAPROC][625.18] RA-Msg3 retransmitted
[0m[NR_MAC] [RAPROC][626.18] RA-Msg3 retransmitted
[0m[93m[MAC]    [UE 0] Contention resolution failed
[0m[NR_MAC] PRACH scheduler: Selected RO Frame 633, Slot 19, Symbol 0, Fdm 0
[0m[PHY]    PRACH [UE 0] in frame.slot 633.19, placing PRACH in position 740, Msg1/MsgA-Preamble frequency start 0 (k1 0), preamble_offset 54, first_nonzero_root_idx 0, preambleIndex = 54
[0m[PHY]    [UE 0] RAR-Msg2 decoded
[0m[NR_MAC] [UE 0][RAPROC][RA-RNTI 010b] Got BI RAR subPDU 5 ms
[0m[NR_MAC] [UE 0][RAPROC][RA-RNTI 010b] Got RAPID RAR subPDU
[0m[32m[NR_MAC] [UE 0][RAPROC][634.10] Found RAR with the intended RAPID 54
[0m[32m[NR_MAC] [RAPROC][634.18] RA-Msg3 transmitted
[0m[NR_MAC] [RAPROC][635.18] RA-Msg3 retransmitted
[0m[NR_MAC] [RAPROC][636.18] RA-Msg3 retransmitted
[0m[NR_MAC] [RAPROC][637.18] RA-Msg3 retransmitted
[0m[93m[MAC]    [UE 0] Contention resolution failed
[0m[NR_MAC] PRACH scheduler: Selected RO Frame 644, Slot 19, Symbol 0, Fdm 0
[0m[PHY]    PRACH [UE 0] in frame.slot 644.19, placing PRACH in position 740, Msg1/MsgA-Preamble frequency start 0 (k1 0), preamble_offset 59, first_nonzero_root_idx 0, preambleIndex = 59
[0m[PHY]    [UE 0] RAR-Msg2 decoded
[0m[NR_MAC] [UE 0][RAPROC][RA-RNTI 010b] Got BI RAR subPDU 5 ms
[0m[NR_MAC] [UE 0][RAPROC][RA-RNTI 010b] Got RAPID RAR subPDU
[0m[32m[NR_MAC] [UE 0][RAPROC][645.10] Found RAR with the intended RAPID 59
[0m[32m[NR_MAC] [RAPROC][645.18] RA-Msg3 transmitted
[0m[NR_MAC] [RAPROC][646.18] RA-Msg3 retransmitted
[0m[NR_MAC] [RAPROC][647.18] RA-Msg3 retransmitted
[0m[NR_MAC] [RAPROC][648.18] RA-Msg3 retransmitted
[0m[93m[MAC]    [UE 0] Contention resolution failed
[0m[NR_MAC] PRACH scheduler: Selected RO Frame 655, Slot 19, Symbol 0, Fdm 0
[0m[PHY]    PRACH [UE 0] in frame.slot 655.19, placing PRACH in position 740, Msg1/MsgA-Preamble frequency start 0 (k1 0), preamble_offset 38, first_nonzero_root_idx 0, preambleIndex = 38
[0m[PHY]    [UE 0] RAR-Msg2 decoded
[0m[NR_MAC] [UE 0][RAPROC][RA-RNTI 010b] Got BI RAR subPDU 5 ms
[0m[NR_MAC] [UE 0][RAPROC][RA-RNTI 010b] Got RAPID RAR subPDU
[0m[32m[NR_MAC] [UE 0][RAPROC][656.10] Found RAR with the intended RAPID 38
[0m[32m[NR_MAC] [RAPROC][656.18] RA-Msg3 transmitted
[0m[NR_MAC] [RAPROC][657.18] RA-Msg3 retransmitted
[0m[NR_MAC] [RAPROC][658.18] RA-Msg3 retransmitted
[0m[NR_MAC] [RAPROC][659.18] RA-Msg3 retransmitted
[0m[93m[MAC]    [UE 0] Contention resolution failed
[0m[NR_MAC] PRACH scheduler: Selected RO Frame 666, Slot 19, Symbol 0, Fdm 0
[0m[PHY]    PRACH [UE 0] in frame.slot 666.19, placing PRACH in position 740, Msg1/MsgA-Preamble frequency start 0 (k1 0), preamble_offset 22, first_nonzero_root_idx 0, preambleIndex = 22
[0m[PHY]    [UE 0] RAR-Msg2 decoded
[0m[NR_MAC] [UE 0][RAPROC][RA-RNTI 010b] Got BI RAR subPDU 5 ms
[0m[NR_MAC] [UE 0][RAPROC][RA-RNTI 010b] Got RAPID RAR subPDU
[0m[32m[NR_MAC] [UE 0][RAPROC][667.10] Found RAR with the intended RAPID 22
[0m[32m[NR_MAC] [RAPROC][667.18] RA-Msg3 transmitted
[0m[NR_MAC] [RAPROC][668.18] RA-Msg3 retransmitted
[0m[NR_MAC] [RAPROC][669.18] RA-Msg3 retransmitted
[0m[NR_MAC] [RAPROC][670.18] RA-Msg3 retransmitted
[0m[93m[MAC]    [UE 0] Contention resolution failed
[0m[NR_MAC] PRACH scheduler: Selected RO Frame 677, Slot 19, Symbol 0, Fdm 0
[0m[PHY]    PRACH [UE 0] in frame.slot 677.19, placing PRACH in position 740, Msg1/MsgA-Preamble frequency start 0 (k1 0), preamble_offset 61, first_nonzero_root_idx 0, preambleIndex = 61
[0m[PHY]    [UE 0] RAR-Msg2 decoded
[0m[NR_MAC] [UE 0][RAPROC][RA-RNTI 010b] Got BI RAR subPDU 5 ms
[0m[NR_MAC] [UE 0][RAPROC][RA-RNTI 010b] Got RAPID RAR subPDU
[0m[32m[NR_MAC] [UE 0][RAPROC][678.10] Found RAR with the intended RAPID 61
[0m[32m[NR_MAC] [RAPROC][678.18] RA-Msg3 transmitted
[0m[NR_MAC] [RAPROC][679.18] RA-Msg3 retransmitted
[0m[NR_MAC] [RAPROC][680.18] RA-Msg3 retransmitted
[0m[NR_MAC] [RAPROC][681.18] RA-Msg3 retransmitted
[0m[93m[MAC]    [UE 0] Contention resolution failed
[0m[NR_MAC] PRACH scheduler: Selected RO Frame 688, Slot 19, Symbol 0, Fdm 0
[0m[PHY]    PRACH [UE 0] in frame.slot 688.19, placing PRACH in position 740, Msg1/MsgA-Preamble frequency start 0 (k1 0), preamble_offset 55, first_nonzero_root_idx 0, preambleIndex = 55
[0m[PHY]    [UE 0] RAR-Msg2 decoded
[0m[NR_MAC] [UE 0][RAPROC][RA-RNTI 010b] Got BI RAR subPDU 5 ms
[0m[NR_MAC] [UE 0][RAPROC][RA-RNTI 010b] Got RAPID RAR subPDU
[0m[32m[NR_MAC] [UE 0][RAPROC][689.10] Found RAR with the intended RAPID 55
[0m[32m[NR_MAC] [RAPROC][689.18] RA-Msg3 transmitted
[0m[NR_MAC] [RAPROC][690.18] RA-Msg3 retransmitted
[0m[NR_MAC] [RAPROC][691.18] RA-Msg3 retransmitted
[0m[NR_MAC] [RAPROC][692.18] RA-Msg3 retransmitted
[0m[93m[MAC]    [UE 0] Contention resolution failed
[0m[NR_MAC] PRACH scheduler: Selected RO Frame 699, Slot 19, Symbol 0, Fdm 0
[0m[PHY]    PRACH [UE 0] in frame.slot 699.19, placing PRACH in position 740, Msg1/MsgA-Preamble frequency start 0 (k1 0), preamble_offset 21, first_nonzero_root_idx 0, preambleIndex = 21
[0m[PHY]    [UE 0] RAR-Msg2 decoded
[0m[NR_MAC] [UE 0][RAPROC][RA-RNTI 010b] Got BI RAR subPDU 5 ms
[0m[NR_MAC] [UE 0][RAPROC][RA-RNTI 010b] Got RAPID RAR subPDU
[0m[32m[NR_MAC] [UE 0][RAPROC][700.10] Found RAR with the intended RAPID 21
[0m[32m[NR_MAC] [RAPROC][700.18] RA-Msg3 transmitted
[0m[NR_MAC] [RAPROC][701.18] RA-Msg3 retransmitted
[0m[NR_MAC] [RAPROC][702.18] RA-Msg3 retransmitted
[0m[NR_MAC] [RAPROC][703.18] RA-Msg3 retransmitted
[0m[93m[MAC]    [UE 0] Contention resolution failed
[0m[NR_MAC] PRACH scheduler: Selected RO Frame 710, Slot 19, Symbol 0, Fdm 0
[0m[PHY]    PRACH [UE 0] in frame.slot 710.19, placing PRACH in position 740, Msg1/MsgA-Preamble frequency start 0 (k1 0), preamble_offset 17, first_nonzero_root_idx 0, preambleIndex = 17
[0m[PHY]    [UE 0] RAR-Msg2 decoded
[0m[NR_MAC] [UE 0][RAPROC][RA-RNTI 010b] Got BI RAR subPDU 5 ms
[0m[NR_MAC] [UE 0][RAPROC][RA-RNTI 010b] Got RAPID RAR subPDU
[0m[32m[NR_MAC] [UE 0][RAPROC][711.10] Found RAR with the intended RAPID 17
[0m[32m[NR_MAC] [RAPROC][711.18] RA-Msg3 transmitted
[0m[NR_MAC] [RAPROC][712.18] RA-Msg3 retransmitted
[0m[NR_MAC] [RAPROC][713.18] RA-Msg3 retransmitted
[0m[NR_MAC] [RAPROC][714.18] RA-Msg3 retransmitted
[0m[93m[MAC]    [UE 0] Contention resolution failed
[0m[NR_MAC] PRACH scheduler: Selected RO Frame 721, Slot 19, Symbol 0, Fdm 0
[0m[PHY]    PRACH [UE 0] in frame.slot 721.19, placing PRACH in position 740, Msg1/MsgA-Preamble frequency start 0 (k1 0), preamble_offset 3, first_nonzero_root_idx 0, preambleIndex = 3
[0m[PHY]    [UE 0] RAR-Msg2 decoded
[0m[NR_MAC] [UE 0][RAPROC][RA-RNTI 010b] Got BI RAR subPDU 5 ms
[0m[NR_MAC] [UE 0][RAPROC][RA-RNTI 010b] Got RAPID RAR subPDU
[0m[32m[NR_MAC] [UE 0][RAPROC][722.10] Found RAR with the intended RAPID 3
[0m[32m[NR_MAC] [RAPROC][722.18] RA-Msg3 transmitted
[0m[NR_MAC] [RAPROC][723.18] RA-Msg3 retransmitted
[0m[NR_MAC] [RAPROC][724.18] RA-Msg3 retransmitted
[0m[NR_MAC] [RAPROC][725.18] RA-Msg3 retransmitted
[0m[93m[MAC]    [UE 0] Contention resolution failed
[0m[NR_MAC] PRACH scheduler: Selected RO Frame 732, Slot 19, Symbol 0, Fdm 0
[0m[PHY]    PRACH [UE 0] in frame.slot 732.19, placing PRACH in position 740, Msg1/MsgA-Preamble frequency start 0 (k1 0), preamble_offset 28, first_nonzero_root_idx 0, preambleIndex = 28
[0m[PHY]    [UE 0] RAR-Msg2 decoded
[0m[NR_MAC] [UE 0][RAPROC][RA-RNTI 010b] Got BI RAR subPDU 5 ms
[0m[NR_MAC] [UE 0][RAPROC][RA-RNTI 010b] Got RAPID RAR subPDU
[0m[32m[NR_MAC] [UE 0][RAPROC][733.10] Found RAR with the intended RAPID 28
[0m[32m[NR_MAC] [RAPROC][733.18] RA-Msg3 transmitted
[0m[NR_MAC] [RAPROC][734.18] RA-Msg3 retransmitted
[0m[NR_MAC] [RAPROC][735.18] RA-Msg3 retransmitted
[0m[NR_MAC] [RAPROC][736.18] RA-Msg3 retransmitted
[0m[93m[MAC]    [UE 0] Contention resolution failed
[0m[NR_MAC] PRACH scheduler: Selected RO Frame 743, Slot 19, Symbol 0, Fdm 0
[0m[PHY]    PRACH [UE 0] in frame.slot 743.19, placing PRACH in position 740, Msg1/MsgA-Preamble frequency start 0 (k1 0), preamble_offset 58, first_nonzero_root_idx 0, preambleIndex = 58
[0m[PHY]    [UE 0] RAR-Msg2 decoded
[0m[NR_MAC] [UE 0][RAPROC][RA-RNTI 010b] Got BI RAR subPDU 5 ms
[0m[NR_MAC] [UE 0][RAPROC][RA-RNTI 010b] Got RAPID RAR subPDU
[0m[32m[NR_MAC] [UE 0][RAPROC][744.10] Found RAR with the intended RAPID 58
[0m[32m[NR_MAC] [RAPROC][744.18] RA-Msg3 transmitted
[0m[NR_MAC] [RAPROC][745.18] RA-Msg3 retransmitted
[0m[NR_MAC] [RAPROC][746.18] RA-Msg3 retransmitted
[0m[NR_MAC] [RAPROC][747.18] RA-Msg3 retransmitted
[0m[93m[MAC]    [UE 0] Contention resolution failed
[0m[NR_MAC] PRACH scheduler: Selected RO Frame 754, Slot 19, Symbol 0, Fdm 0
[0m[PHY]    PRACH [UE 0] in frame.slot 754.19, placing PRACH in position 740, Msg1/MsgA-Preamble frequency start 0 (k1 0), preamble_offset 51, first_nonzero_root_idx 0, preambleIndex = 51
[0m[PHY]    [UE 0] RAR-Msg2 decoded
[0m[NR_MAC] [UE 0][RAPROC][RA-RNTI 010b] Got BI RAR subPDU 5 ms
[0m[NR_MAC] [UE 0][RAPROC][RA-RNTI 010b] Got RAPID RAR subPDU
[0m[32m[NR_MAC] [UE 0][RAPROC][755.10] Found RAR with the intended RAPID 51
[0m[32m[NR_MAC] [RAPROC][755.18] RA-Msg3 transmitted
[0m[NR_MAC] [RAPROC][756.18] RA-Msg3 retransmitted
[0m[NR_MAC] [RAPROC][757.18] RA-Msg3 retransmitted
[0m[NR_MAC] [RAPROC][758.18] RA-Msg3 retransmitted
[0m[93m[MAC]    [UE 0] Contention resolution failed
[0m[NR_MAC] PRACH scheduler: Selected RO Frame 765, Slot 19, Symbol 0, Fdm 0
[0m[PHY]    PRACH [UE 0] in frame.slot 765.19, placing PRACH in position 740, Msg1/MsgA-Preamble frequency start 0 (k1 0), preamble_offset 12, first_nonzero_root_idx 0, preambleIndex = 12
[0m[PHY]    [UE 0] RAR-Msg2 decoded
[0m[NR_MAC] [UE 0][RAPROC][RA-RNTI 010b] Got BI RAR subPDU 5 ms
[0m[NR_MAC] [UE 0][RAPROC][RA-RNTI 010b] Got RAPID RAR subPDU
[0m[32m[NR_MAC] [UE 0][RAPROC][766.10] Found RAR with the intended RAPID 12
[0m[32m[NR_MAC] [RAPROC][766.18] RA-Msg3 transmitted
[0m[NR_MAC] [RAPROC][767.18] RA-Msg3 retransmitted
[0m[NR_MAC] [RAPROC][768.18] RA-Msg3 retransmitted
[0m[NR_MAC] [RAPROC][769.18] RA-Msg3 retransmitted
[0m[93m[MAC]    [UE 0] Contention resolution failed
[0m[NR_MAC] PRACH scheduler: Selected RO Frame 776, Slot 19, Symbol 0, Fdm 0
[0m[PHY]    PRACH [UE 0] in frame.slot 776.19, placing PRACH in position 740, Msg1/MsgA-Preamble frequency start 0 (k1 0), preamble_offset 16, first_nonzero_root_idx 0, preambleIndex = 16
[0m[PHY]    [UE 0] RAR-Msg2 decoded
[0m[NR_MAC] [UE 0][RAPROC][RA-RNTI 010b] Got BI RAR subPDU 5 ms
[0m[NR_MAC] [UE 0][RAPROC][RA-RNTI 010b] Got RAPID RAR subPDU
[0m[32m[NR_MAC] [UE 0][RAPROC][777.10] Found RAR with the intended RAPID 16
[0m[32m[NR_MAC] [RAPROC][777.18] RA-Msg3 transmitted
[0m[NR_MAC] [RAPROC][778.18] RA-Msg3 retransmitted
[0m[NR_MAC] [RAPROC][779.18] RA-Msg3 retransmitted
[0m[NR_MAC] [RAPROC][780.18] RA-Msg3 retransmitted
[0m[93m[MAC]    [UE 0] Contention resolution failed
[0m[NR_MAC] PRACH scheduler: Selected RO Frame 787, Slot 19, Symbol 0, Fdm 0
[0m[PHY]    PRACH [UE 0] in frame.slot 787.19, placing PRACH in position 740, Msg1/MsgA-Preamble frequency start 0 (k1 0), preamble_offset 39, first_nonzero_root_idx 0, preambleIndex = 39
[0m[PHY]    [UE 0] RAR-Msg2 decoded
[0m[NR_MAC] [UE 0][RAPROC][RA-RNTI 010b] Got BI RAR subPDU 5 ms
[0m[NR_MAC] [UE 0][RAPROC][RA-RNTI 010b] Got RAPID RAR subPDU
[0m[32m[NR_MAC] [UE 0][RAPROC][788.10] Found RAR with the intended RAPID 39
[0m[32m[NR_MAC] [RAPROC][788.18] RA-Msg3 transmitted
[0m[NR_MAC] [RAPROC][789.18] RA-Msg3 retransmitted
[0m[NR_MAC] [RAPROC][790.18] RA-Msg3 retransmitted
[0m[NR_MAC] [RAPROC][791.18] RA-Msg3 retransmitted
[0m[93m[MAC]    [UE 0] Contention resolution failed
[0m[NR_MAC] PRACH scheduler: Selected RO Frame 798, Slot 19, Symbol 0, Fdm 0
[0m[PHY]    PRACH [UE 0] in frame.slot 798.19, placing PRACH in position 740, Msg1/MsgA-Preamble frequency start 0 (k1 0), preamble_offset 19, first_nonzero_root_idx 0, preambleIndex = 19
[0m[PHY]    [UE 0] RAR-Msg2 decoded
[0m[NR_MAC] [UE 0][RAPROC][RA-RNTI 010b] Got BI RAR subPDU 5 ms
[0m[NR_MAC] [UE 0][RAPROC][RA-RNTI 010b] Got RAPID RAR subPDU
[0m[32m[NR_MAC] [UE 0][RAPROC][799.10] Found RAR with the intended RAPID 19
[0m[32m[NR_MAC] [RAPROC][799.18] RA-Msg3 transmitted
[0m[NR_MAC] [RAPROC][800.18] RA-Msg3 retransmitted
[0m[NR_MAC] [RAPROC][801.18] RA-Msg3 retransmitted
[0m[NR_MAC] [RAPROC][802.18] RA-Msg3 retransmitted
[0m[93m[MAC]    [UE 0] Contention resolution failed
[0m[NR_MAC] PRACH scheduler: Selected RO Frame 809, Slot 19, Symbol 0, Fdm 0
[0m[PHY]    PRACH [UE 0] in frame.slot 809.19, placing PRACH in position 740, Msg1/MsgA-Preamble frequency start 0 (k1 0), preamble_offset 6, first_nonzero_root_idx 0, preambleIndex = 6
[0m[PHY]    [UE 0] RAR-Msg2 decoded
[0m[NR_MAC] [UE 0][RAPROC][RA-RNTI 010b] Got BI RAR subPDU 5 ms
[0m[NR_MAC] [UE 0][RAPROC][RA-RNTI 010b] Got RAPID RAR subPDU
[0m[32m[NR_MAC] [UE 0][RAPROC][810.10] Found RAR with the intended RAPID 6
[0m[32m[NR_MAC] [RAPROC][810.18] RA-Msg3 transmitted
[0m[NR_MAC] [RAPROC][811.18] RA-Msg3 retransmitted
[0m[NR_MAC] [RAPROC][812.18] RA-Msg3 retransmitted
[0m[NR_MAC] [RAPROC][813.18] RA-Msg3 retransmitted
[0m[93m[MAC]    [UE 0] Contention resolution failed
[0m[93m[NR_RRC] [UE 0] Timer T300 expired! No timely response to RRCSetupRequest
[0m[MAC]    Initialization of 4-Step CBRA procedure
[0m[NR_MAC] PRACH scheduler: Selected RO Frame 850, Slot 19, Symbol 0, Fdm 0
[0m[PHY]    PRACH [UE 0] in frame.slot 850.19, placing PRACH in position 740, Msg1/MsgA-Preamble frequency start 0 (k1 0), preamble_offset 2, first_nonzero_root_idx 0, preambleIndex = 2
[0m[PHY]    [UE 0] RAR-Msg2 decoded
[0m[NR_MAC] [UE 0][RAPROC][RA-RNTI 010b] Got BI RAR subPDU 5 ms
[0m[NR_MAC] [UE 0][RAPROC][RA-RNTI 010b] Got RAPID RAR subPDU
[0m[32m[NR_MAC] [UE 0][RAPROC][851.10] Found RAR with the intended RAPID 2
[0m[93m[MAC]    received TA command 31
[0m[32m[NR_MAC] [RAPROC][851.18] RA-Msg3 transmitted
[0m[NR_MAC] [RAPROC][852.18] RA-Msg3 retransmitted
[0m[NR_MAC] [RAPROC][853.18] RA-Msg3 retransmitted
[0m[NR_MAC] [RAPROC][854.18] RA-Msg3 retransmitted
[0m[93m[MAC]    [UE 0] Contention resolution failed
[0m[NR_MAC] PRACH scheduler: Selected RO Frame 861, Slot 19, Symbol 0, Fdm 0
[0m[PHY]    PRACH [UE 0] in frame.slot 861.19, placing PRACH in position 740, Msg1/MsgA-Preamble frequency start 0 (k1 0), preamble_offset 48, first_nonzero_root_idx 0, preambleIndex = 48
[0m[PHY]    [UE 0] RAR-Msg2 decoded
[0m[NR_MAC] [UE 0][RAPROC][RA-RNTI 010b] Got BI RAR subPDU 5 ms
[0m[NR_MAC] [UE 0][RAPROC][RA-RNTI 010b] Got RAPID RAR subPDU
[0m[32m[NR_MAC] [UE 0][RAPROC][862.10] Found RAR with the intended RAPID 48
[0m[32m[NR_MAC] [RAPROC][862.18] RA-Msg3 transmitted
[0m[NR_MAC] [RAPROC][863.18] RA-Msg3 retransmitted
[0m[NR_MAC] [RAPROC][864.18] RA-Msg3 retransmitted
[0m[NR_MAC] [RAPROC][865.18] RA-Msg3 retransmitted
[0m[93m[MAC]    [UE 0] Contention resolution failed
[0m[NR_MAC] PRACH scheduler: Selected RO Frame 872, Slot 19, Symbol 0, Fdm 0
[0m[PHY]    PRACH [UE 0] in frame.slot 872.19, placing PRACH in position 740, Msg1/MsgA-Preamble frequency start 0 (k1 0), preamble_offset 32, first_nonzero_root_idx 0, preambleIndex = 32
[0m[PHY]    [UE 0] RAR-Msg2 decoded
[0m[NR_MAC] [UE 0][RAPROC][RA-RNTI 010b] Got BI RAR subPDU 5 ms
[0m[NR_MAC] [UE 0][RAPROC][RA-RNTI 010b] Got RAPID RAR subPDU
[0m[32m[NR_MAC] [UE 0][RAPROC][873.10] Found RAR with the intended RAPID 32
[0m[32m[NR_MAC] [RAPROC][873.18] RA-Msg3 transmitted
[0m[NR_MAC] [RAPROC][874.18] RA-Msg3 retransmitted
[0m[NR_MAC] [RAPROC][875.18] RA-Msg3 retransmitted
[0m[NR_MAC] [RAPROC][876.18] RA-Msg3 retransmitted
[0m[93m[MAC]    [UE 0] Contention resolution failed
[0m[NR_MAC] PRACH scheduler: Selected RO Frame 883, Slot 19, Symbol 0, Fdm 0
[0m[PHY]    PRACH [UE 0] in frame.slot 883.19, placing PRACH in position 740, Msg1/MsgA-Preamble frequency start 0 (k1 0), preamble_offset 23, first_nonzero_root_idx 0, preambleIndex = 23
[0m[PHY]    [UE 0] RAR-Msg2 decoded
[0m[NR_MAC] [UE 0][RAPROC][RA-RNTI 010b] Got BI RAR subPDU 5 ms
[0m[NR_MAC] [UE 0][RAPROC][RA-RNTI 010b] Got RAPID RAR subPDU
[0m[32m[NR_MAC] [UE 0][RAPROC][884.10] Found RAR with the intended RAPID 23
[0m[32m[NR_MAC] [RAPROC][884.18] RA-Msg3 transmitted
[0m[NR_MAC] [RAPROC][885.18] RA-Msg3 retransmitted
[0m[NR_MAC] [RAPROC][886.18] RA-Msg3 retransmitted
[0m[NR_MAC] [RAPROC][887.18] RA-Msg3 retransmitted
[0m[93m[MAC]    [UE 0] Contention resolution failed
[0m[NR_MAC] PRACH scheduler: Selected RO Frame 894, Slot 19, Symbol 0, Fdm 0
[0m[PHY]    PRACH [UE 0] in frame.slot 894.19, placing PRACH in position 740, Msg1/MsgA-Preamble frequency start 0 (k1 0), preamble_offset 24, first_nonzero_root_idx 0, preambleIndex = 24
[0m[PHY]    [UE 0] RAR-Msg2 decoded
[0m[NR_MAC] [UE 0][RAPROC][RA-RNTI 010b] Got BI RAR subPDU 5 ms
[0m[NR_MAC] [UE 0][RAPROC][RA-RNTI 010b] Got RAPID RAR subPDU
[0m[32m[NR_MAC] [UE 0][RAPROC][895.10] Found RAR with the intended RAPID 24
[0m[32m[NR_MAC] [RAPROC][895.18] RA-Msg3 transmitted
[0m[NR_MAC] [RAPROC][896.18] RA-Msg3 retransmitted
[0m[NR_MAC] [RAPROC][897.18] RA-Msg3 retransmitted
[0m[NR_MAC] [RAPROC][898.18] RA-Msg3 retransmitted
[0m[93m[MAC]    [UE 0] Contention resolution failed
[0m[NR_MAC] PRACH scheduler: Selected RO Frame 905, Slot 19, Symbol 0, Fdm 0
[0m[PHY]    PRACH [UE 0] in frame.slot 905.19, placing PRACH in position 740, Msg1/MsgA-Preamble frequency start 0 (k1 0), preamble_offset 28, first_nonzero_root_idx 0, preambleIndex = 28
[0m[PHY]    [UE 0] RAR-Msg2 decoded
[0m[NR_MAC] [UE 0][RAPROC][RA-RNTI 010b] Got BI RAR subPDU 5 ms
[0m[NR_MAC] [UE 0][RAPROC][RA-RNTI 010b] Got RAPID RAR subPDU
[0m[32m[NR_MAC] [UE 0][RAPROC][906.10] Found RAR with the intended RAPID 28
[0m[32m[NR_MAC] [RAPROC][906.18] RA-Msg3 transmitted
[0m[NR_MAC] [RAPROC][907.18] RA-Msg3 retransmitted
[0m[NR_MAC] [RAPROC][908.18] RA-Msg3 retransmitted
[0m[NR_MAC] [RAPROC][909.18] RA-Msg3 retransmitted
[0m[93m[MAC]    [UE 0] Contention resolution failed
[0m[NR_MAC] PRACH scheduler: Selected RO Frame 916, Slot 19, Symbol 0, Fdm 0
[0m[PHY]    PRACH [UE 0] in frame.slot 916.19, placing PRACH in position 740, Msg1/MsgA-Preamble frequency start 0 (k1 0), preamble_offset 1, first_nonzero_root_idx 0, preambleIndex = 1
[0m[PHY]    [UE 0] RAR-Msg2 decoded
[0m[NR_MAC] [UE 0][RAPROC][RA-RNTI 010b] Got BI RAR subPDU 5 ms
[0m[NR_MAC] [UE 0][RAPROC][RA-RNTI 010b] Got RAPID RAR subPDU
[0m[32m[NR_MAC] [UE 0][RAPROC][917.10] Found RAR with the intended RAPID 1
[0m[32m[NR_MAC] [RAPROC][917.18] RA-Msg3 transmitted
[0m[NR_MAC] [RAPROC][918.18] RA-Msg3 retransmitted
[0m[NR_MAC] [RAPROC][919.18] RA-Msg3 retransmitted
[0m[NR_MAC] [RAPROC][920.18] RA-Msg3 retransmitted
[0m[93m[MAC]    [UE 0] Contention resolution failed
[0m[NR_MAC] PRACH scheduler: Selected RO Frame 927, Slot 19, Symbol 0, Fdm 0
[0m[PHY]    PRACH [UE 0] in frame.slot 927.19, placing PRACH in position 740, Msg1/MsgA-Preamble frequency start 0 (k1 0), preamble_offset 21, first_nonzero_root_idx 0, preambleIndex = 21
[0m[PHY]    [UE 0] RAR-Msg2 decoded
[0m[NR_MAC] [UE 0][RAPROC][RA-RNTI 010b] Got BI RAR subPDU 5 ms
[0m[NR_MAC] [UE 0][RAPROC][RA-RNTI 010b] Got RAPID RAR subPDU
[0m[32m[NR_MAC] [UE 0][RAPROC][928.10] Found RAR with the intended RAPID 21
[0m[32m[NR_MAC] [RAPROC][928.18] RA-Msg3 transmitted
[0m[NR_MAC] [RAPROC][929.18] RA-Msg3 retransmitted
[0m[NR_MAC] [RAPROC][930.18] RA-Msg3 retransmitted
[0m[NR_MAC] [RAPROC][931.18] RA-Msg3 retransmitted
[0m[93m[MAC]    [UE 0] Contention resolution failed
[0m[NR_MAC] PRACH scheduler: Selected RO Frame 938, Slot 19, Symbol 0, Fdm 0
[0m[PHY]    PRACH [UE 0] in frame.slot 938.19, placing PRACH in position 740, Msg1/MsgA-Preamble frequency start 0 (k1 0), preamble_offset 18, first_nonzero_root_idx 0, preambleIndex = 18
[0m[PHY]    [UE 0] RAR-Msg2 decoded
[0m[NR_MAC] [UE 0][RAPROC][RA-RNTI 010b] Got BI RAR subPDU 5 ms
[0m[NR_MAC] [UE 0][RAPROC][RA-RNTI 010b] Got RAPID RAR subPDU
[0m[32m[NR_MAC] [UE 0][RAPROC][939.10] Found RAR with the intended RAPID 18
[0m[32m[NR_MAC] [RAPROC][939.18] RA-Msg3 transmitted
[0m[NR_MAC] [RAPROC][940.18] RA-Msg3 retransmitted
[0m[NR_MAC] [RAPROC][941.18] RA-Msg3 retransmitted
[0m[NR_MAC] [RAPROC][942.18] RA-Msg3 retransmitted
[0m[93m[MAC]    [UE 0] Contention resolution failed
[0m[NR_MAC] PRACH scheduler: Selected RO Frame 949, Slot 19, Symbol 0, Fdm 0
[0m[PHY]    PRACH [UE 0] in frame.slot 949.19, placing PRACH in position 740, Msg1/MsgA-Preamble frequency start 0 (k1 0), preamble_offset 10, first_nonzero_root_idx 0, preambleIndex = 10
[0m[PHY]    [UE 0] RAR-Msg2 decoded
[0m[NR_MAC] [UE 0][RAPROC][RA-RNTI 010b] Got BI RAR subPDU 5 ms
[0m[NR_MAC] [UE 0][RAPROC][RA-RNTI 010b] Got RAPID RAR subPDU
[0m[32m[NR_MAC] [UE 0][RAPROC][950.10] Found RAR with the intended RAPID 10
[0m[32m[NR_MAC] [RAPROC][950.18] RA-Msg3 transmitted
[0m[NR_MAC] [RAPROC][951.18] RA-Msg3 retransmitted
[0m[NR_MAC] [RAPROC][952.18] RA-Msg3 retransmitted
[0m[NR_MAC] [RAPROC][953.18] RA-Msg3 retransmitted
[0m[93m[MAC]    [UE 0] Contention resolution failed
[0m[NR_MAC] PRACH scheduler: Selected RO Frame 960, Slot 19, Symbol 0, Fdm 0
[0m[PHY]    PRACH [UE 0] in frame.slot 960.19, placing PRACH in position 740, Msg1/MsgA-Preamble frequency start 0 (k1 0), preamble_offset 47, first_nonzero_root_idx 0, preambleIndex = 47
[0m[PHY]    [UE 0] RAR-Msg2 decoded
[0m[NR_MAC] [UE 0][RAPROC][RA-RNTI 010b] Got BI RAR subPDU 5 ms
[0m[NR_MAC] [UE 0][RAPROC][RA-RNTI 010b] Got RAPID RAR subPDU
[0m[32m[NR_MAC] [UE 0][RAPROC][961.10] Found RAR with the intended RAPID 47
[0m[32m[NR_MAC] [RAPROC][961.18] RA-Msg3 transmitted
[0m[NR_MAC] [RAPROC][962.18] RA-Msg3 retransmitted
[0m[NR_MAC] [RAPROC][963.18] RA-Msg3 retransmitted
[0m[NR_MAC] [RAPROC][964.18] RA-Msg3 retransmitted
[0m[93m[MAC]    [UE 0] Contention resolution failed
[0m[NR_MAC] PRACH scheduler: Selected RO Frame 971, Slot 19, Symbol 0, Fdm 0
[0m[PHY]    PRACH [UE 0] in frame.slot 971.19, placing PRACH in position 740, Msg1/MsgA-Preamble frequency start 0 (k1 0), preamble_offset 2, first_nonzero_root_idx 0, preambleIndex = 2
[0m[PHY]    [UE 0] RAR-Msg2 decoded
[0m[NR_MAC] [UE 0][RAPROC][RA-RNTI 010b] Got BI RAR subPDU 5 ms
[0m[NR_MAC] [UE 0][RAPROC][RA-RNTI 010b] Got RAPID RAR subPDU
[0m[32m[NR_MAC] [UE 0][RAPROC][972.10] Found RAR with the intended RAPID 2
[0m[32m[NR_MAC] [RAPROC][972.18] RA-Msg3 transmitted
[0m[NR_MAC] [RAPROC][973.18] RA-Msg3 retransmitted
[0m[NR_MAC] [RAPROC][974.18] RA-Msg3 retransmitted
[0m[NR_MAC] [RAPROC][975.18] RA-Msg3 retransmitted
[0m[93m[MAC]    [UE 0] Contention resolution failed
[0m[NR_MAC] PRACH scheduler: Selected RO Frame 982, Slot 19, Symbol 0, Fdm 0
[0m[PHY]    PRACH [UE 0] in frame.slot 982.19, placing PRACH in position 740, Msg1/MsgA-Preamble frequency start 0 (k1 0), preamble_offset 48, first_nonzero_root_idx 0, preambleIndex = 48
[0m[PHY]    [UE 0] RAR-Msg2 decoded
[0m[NR_MAC] [UE 0][RAPROC][RA-RNTI 010b] Got BI RAR subPDU 5 ms
[0m[NR_MAC] [UE 0][RAPROC][RA-RNTI 010b] Got RAPID RAR subPDU
[0m[32m[NR_MAC] [UE 0][RAPROC][983.10] Found RAR with the intended RAPID 48
[0m[32m[NR_MAC] [RAPROC][983.18] RA-Msg3 transmitted
[0m[NR_MAC] [RAPROC][984.18] RA-Msg3 retransmitted
[0m[NR_MAC] [RAPROC][985.18] RA-Msg3 retransmitted
[0m[NR_MAC] [RAPROC][986.18] RA-Msg3 retransmitted
[0m[93m[MAC]    [UE 0] Contention resolution failed
[0m[NR_MAC] PRACH scheduler: Selected RO Frame 993, Slot 19, Symbol 0, Fdm 0
[0m[PHY]    PRACH [UE 0] in frame.slot 993.19, placing PRACH in position 740, Msg1/MsgA-Preamble frequency start 0 (k1 0), preamble_offset 4, first_nonzero_root_idx 0, preambleIndex = 4
[0m[PHY]    [UE 0] RAR-Msg2 decoded
[0m[NR_MAC] [UE 0][RAPROC][RA-RNTI 010b] Got BI RAR subPDU 5 ms
[0m[NR_MAC] [UE 0][RAPROC][RA-RNTI 010b] Got RAPID RAR subPDU
[0m[32m[NR_MAC] [UE 0][RAPROC][994.10] Found RAR with the intended RAPID 4
[0m[32m[NR_MAC] [RAPROC][994.18] RA-Msg3 transmitted
[0m[NR_MAC] [RAPROC][995.18] RA-Msg3 retransmitted
[0m[NR_MAC] [RAPROC][996.18] RA-Msg3 retransmitted
[0m[NR_MAC] [RAPROC][997.18] RA-Msg3 retransmitted
[0m[93m[MAC]    [UE 0] Contention resolution failed
[0m[NR_MAC] PRACH scheduler: Selected RO Frame 1004, Slot 19, Symbol 0, Fdm 0
[0m[PHY]    PRACH [UE 0] in frame.slot 1004.19, placing PRACH in position 740, Msg1/MsgA-Preamble frequency start 0 (k1 0), preamble_offset 3, first_nonzero_root_idx 0, preambleIndex = 3
[0m[PHY]    [UE 0] RAR-Msg2 decoded
[0m[NR_MAC] [UE 0][RAPROC][RA-RNTI 010b] Got BI RAR subPDU 5 ms
[0m[NR_MAC] [UE 0][RAPROC][RA-RNTI 010b] Got RAPID RAR subPDU
[0m[32m[NR_MAC] [UE 0][RAPROC][1005.10] Found RAR with the intended RAPID 3
[0m[32m[NR_MAC] [RAPROC][1005.18] RA-Msg3 transmitted
[0m[NR_MAC] [RAPROC][1006.18] RA-Msg3 retransmitted
[0m[NR_MAC] [RAPROC][1007.18] RA-Msg3 retransmitted
[0m[NR_MAC] [RAPROC][1008.18] RA-Msg3 retransmitted
[0m[93m[MAC]    [UE 0] Contention resolution failed
[0m[NR_MAC] PRACH scheduler: Selected RO Frame 1015, Slot 19, Symbol 0, Fdm 0
[0m[PHY]    PRACH [UE 0] in frame.slot 1015.19, placing PRACH in position 740, Msg1/MsgA-Preamble frequency start 0 (k1 0), preamble_offset 3, first_nonzero_root_idx 0, preambleIndex = 3
[0m[PHY]    [UE 0] RAR-Msg2 decoded
[0m[NR_MAC] [UE 0][RAPROC][RA-RNTI 010b] Got BI RAR subPDU 5 ms
[0m[NR_MAC] [UE 0][RAPROC][RA-RNTI 010b] Got RAPID RAR subPDU
[0m[32m[NR_MAC] [UE 0][RAPROC][1016.10] Found RAR with the intended RAPID 3
[0m[32m[NR_MAC] [RAPROC][1016.18] RA-Msg3 transmitted
[0m[NR_MAC] [RAPROC][1017.18] RA-Msg3 retransmitted
[0m[NR_MAC] [RAPROC][1018.18] RA-Msg3 retransmitted
[0m[NR_MAC] [RAPROC][1019.18] RA-Msg3 retransmitted
[0m[93m[MAC]    [UE 0] Contention resolution failed
[0m[NR_MAC] PRACH scheduler: Selected RO Frame 2, Slot 19, Symbol 0, Fdm 0
[0m[PHY]    PRACH [UE 0] in frame.slot 2.19, placing PRACH in position 740, Msg1/MsgA-Preamble frequency start 0 (k1 0), preamble_offset 4, first_nonzero_root_idx 0, preambleIndex = 4
[0m[PHY]    [UE 0] RAR-Msg2 decoded
[0m[NR_MAC] [UE 0][RAPROC][RA-RNTI 010b] Got BI RAR subPDU 5 ms
[0m[NR_MAC] [UE 0][RAPROC][RA-RNTI 010b] Got RAPID RAR subPDU
[0m[32m[NR_MAC] [UE 0][RAPROC][3.10] Found RAR with the intended RAPID 4
[0m[32m[NR_MAC] [RAPROC][3.18] RA-Msg3 transmitted
[0m[NR_MAC] [RAPROC][4.18] RA-Msg3 retransmitted
[0m[NR_MAC] [RAPROC][5.18] RA-Msg3 retransmitted
[0m[NR_MAC] [RAPROC][6.18] RA-Msg3 retransmitted
[0m[93m[MAC]    [UE 0] Contention resolution failed
[0m[NR_MAC] PRACH scheduler: Selected RO Frame 13, Slot 19, Symbol 0, Fdm 0
[0m[PHY]    PRACH [UE 0] in frame.slot 13.19, placing PRACH in position 740, Msg1/MsgA-Preamble frequency start 0 (k1 0), preamble_offset 35, first_nonzero_root_idx 0, preambleIndex = 35
[0m[PHY]    [UE 0] RAR-Msg2 decoded
[0m[NR_MAC] [UE 0][RAPROC][RA-RNTI 010b] Got BI RAR subPDU 5 ms
[0m[NR_MAC] [UE 0][RAPROC][RA-RNTI 010b] Got RAPID RAR subPDU
[0m[32m[NR_MAC] [UE 0][RAPROC][14.10] Found RAR with the intended RAPID 35
[0m[32m[NR_MAC] [RAPROC][14.18] RA-Msg3 transmitted
[0m[NR_MAC] [RAPROC][15.18] RA-Msg3 retransmitted
[0m[NR_MAC] [RAPROC][16.18] RA-Msg3 retransmitted
[0m[NR_MAC] [RAPROC][17.18] RA-Msg3 retransmitted
[0m[93m[MAC]    [UE 0] Contention resolution failed
[0m[NR_MAC] PRACH scheduler: Selected RO Frame 24, Slot 19, Symbol 0, Fdm 0
[0m[PHY]    PRACH [UE 0] in frame.slot 24.19, placing PRACH in position 740, Msg1/MsgA-Preamble frequency start 0 (k1 0), preamble_offset 6, first_nonzero_root_idx 0, preambleIndex = 6
[0m[PHY]    [UE 0] RAR-Msg2 decoded
[0m[NR_MAC] [UE 0][RAPROC][RA-RNTI 010b] Got BI RAR subPDU 5 ms
[0m[NR_MAC] [UE 0][RAPROC][RA-RNTI 010b] Got RAPID RAR subPDU
[0m[32m[NR_MAC] [UE 0][RAPROC][25.10] Found RAR with the intended RAPID 6
[0m[32m[NR_MAC] [RAPROC][25.18] RA-Msg3 transmitted
[0m[NR_MAC] [RAPROC][26.18] RA-Msg3 retransmitted
[0m[NR_MAC] [RAPROC][27.18] RA-Msg3 retransmitted
[0m[NR_MAC] [RAPROC][28.18] RA-Msg3 retransmitted
[0m[93m[MAC]    [UE 0] Contention resolution failed
[0m[NR_MAC] PRACH scheduler: Selected RO Frame 35, Slot 19, Symbol 0, Fdm 0
[0m[PHY]    PRACH [UE 0] in frame.slot 35.19, placing PRACH in position 740, Msg1/MsgA-Preamble frequency start 0 (k1 0), preamble_offset 11, first_nonzero_root_idx 0, preambleIndex = 11
[0m[PHY]    [UE 0] RAR-Msg2 decoded
[0m[NR_MAC] [UE 0][RAPROC][RA-RNTI 010b] Got BI RAR subPDU 5 ms
[0m[NR_MAC] [UE 0][RAPROC][RA-RNTI 010b] Got RAPID RAR subPDU
[0m[32m[NR_MAC] [UE 0][RAPROC][36.10] Found RAR with the intended RAPID 11
[0m[32m[NR_MAC] [RAPROC][36.18] RA-Msg3 transmitted
[0m[NR_MAC] [RAPROC][37.18] RA-Msg3 retransmitted
[0m[NR_MAC] [RAPROC][38.18] RA-Msg3 retransmitted
[0m[NR_MAC] [RAPROC][39.18] RA-Msg3 retransmitted
[0m[93m[MAC]    [UE 0] Contention resolution failed
[0m[93m[NR_RRC] [UE 0] Timer T300 expired! No timely response to RRCSetupRequest
[0m[MAC]    Initialization of 4-Step CBRA procedure
[0m[NR_MAC] PRACH scheduler: Selected RO Frame 76, Slot 19, Symbol 0, Fdm 0
[0m[PHY]    PRACH [UE 0] in frame.slot 76.19, placing PRACH in position 740, Msg1/MsgA-Preamble frequency start 0 (k1 0), preamble_offset 13, first_nonzero_root_idx 0, preambleIndex = 13
[0m[PHY]    [UE 0] RAR-Msg2 decoded
[0m[NR_MAC] [UE 0][RAPROC][RA-RNTI 010b] Got BI RAR subPDU 5 ms
[0m[NR_MAC] [UE 0][RAPROC][RA-RNTI 010b] Got RAPID RAR subPDU
[0m[32m[NR_MAC] [UE 0][RAPROC][77.10] Found RAR with the intended RAPID 13
[0m[93m[MAC]    received TA command 31
[0m[32m[NR_MAC] [RAPROC][77.18] RA-Msg3 transmitted
[0m[NR_MAC] [RAPROC][78.18] RA-Msg3 retransmitted
[0m[NR_MAC] [RAPROC][79.18] RA-Msg3 retransmitted
[0m[NR_MAC] [RAPROC][80.18] RA-Msg3 retransmitted
[0m[93m[MAC]    [UE 0] Contention resolution failed
[0m[NR_MAC] PRACH scheduler: Selected RO Frame 87, Slot 19, Symbol 0, Fdm 0
[0m[PHY]    PRACH [UE 0] in frame.slot 87.19, placing PRACH in position 740, Msg1/MsgA-Preamble frequency start 0 (k1 0), preamble_offset 0, first_nonzero_root_idx 0, preambleIndex = 0
[0m[PHY]    [UE 0] RAR-Msg2 decoded
[0m[NR_MAC] [UE 0][RAPROC][RA-RNTI 010b] Got BI RAR subPDU 5 ms
[0m[NR_MAC] [UE 0][RAPROC][RA-RNTI 010b] Got RAPID RAR subPDU
[0m[32m[NR_MAC] [UE 0][RAPROC][88.10] Found RAR with the intended RAPID 0
[0m[32m[NR_MAC] [RAPROC][88.18] RA-Msg3 transmitted
[0m[NR_MAC] [RAPROC][89.18] RA-Msg3 retransmitted
[0m[NR_MAC] [RAPROC][90.18] RA-Msg3 retransmitted
[0m[NR_MAC] [RAPROC][91.18] RA-Msg3 retransmitted
[0m[93m[MAC]    [UE 0] Contention resolution failed
[0m[NR_MAC] PRACH scheduler: Selected RO Frame 98, Slot 19, Symbol 0, Fdm 0
[0m[PHY]    PRACH [UE 0] in frame.slot 98.19, placing PRACH in position 740, Msg1/MsgA-Preamble frequency start 0 (k1 0), preamble_offset 1, first_nonzero_root_idx 0, preambleIndex = 1
[0m[PHY]    [UE 0] RAR-Msg2 decoded
[0m[NR_MAC] [UE 0][RAPROC][RA-RNTI 010b] Got BI RAR subPDU 5 ms
[0m[NR_MAC] [UE 0][RAPROC][RA-RNTI 010b] Got RAPID RAR subPDU
[0m[32m[NR_MAC] [UE 0][RAPROC][99.10] Found RAR with the intended RAPID 1
[0m[32m[NR_MAC] [RAPROC][99.18] RA-Msg3 transmitted
[0m[NR_MAC] [RAPROC][100.18] RA-Msg3 retransmitted
[0m[NR_MAC] [RAPROC][101.18] RA-Msg3 retransmitted
[0m[NR_MAC] [RAPROC][102.18] RA-Msg3 retransmitted
[0m[93m[MAC]    [UE 0] Contention resolution failed
[0m[NR_MAC] PRACH scheduler: Selected RO Frame 109, Slot 19, Symbol 0, Fdm 0
[0m[PHY]    PRACH [UE 0] in frame.slot 109.19, placing PRACH in position 740, Msg1/MsgA-Preamble frequency start 0 (k1 0), preamble_offset 26, first_nonzero_root_idx 0, preambleIndex = 26
[0m[PHY]    [UE 0] RAR-Msg2 decoded
[0m[NR_MAC] [UE 0][RAPROC][RA-RNTI 010b] Got BI RAR subPDU 5 ms
[0m[NR_MAC] [UE 0][RAPROC][RA-RNTI 010b] Got RAPID RAR subPDU
[0m[32m[NR_MAC] [UE 0][RAPROC][110.10] Found RAR with the intended RAPID 26
[0m[32m[NR_MAC] [RAPROC][110.18] RA-Msg3 transmitted
[0m[NR_MAC] [RAPROC][111.18] RA-Msg3 retransmitted
[0m[NR_MAC] [RAPROC][112.18] RA-Msg3 retransmitted
[0m[NR_MAC] [RAPROC][113.18] RA-Msg3 retransmitted
[0m[93m[MAC]    [UE 0] Contention resolution failed
[0m[NR_MAC] PRACH scheduler: Selected RO Frame 120, Slot 19, Symbol 0, Fdm 0
[0m[PHY]    PRACH [UE 0] in frame.slot 120.19, placing PRACH in position 740, Msg1/MsgA-Preamble frequency start 0 (k1 0), preamble_offset 55, first_nonzero_root_idx 0, preambleIndex = 55
[0m[PHY]    [UE 0] RAR-Msg2 decoded
[0m[NR_MAC] [UE 0][RAPROC][RA-RNTI 010b] Got BI RAR subPDU 5 ms
[0m[NR_MAC] [UE 0][RAPROC][RA-RNTI 010b] Got RAPID RAR subPDU
[0m[32m[NR_MAC] [UE 0][RAPROC][121.10] Found RAR with the intended RAPID 55
[0m[32m[NR_MAC] [RAPROC][121.18] RA-Msg3 transmitted
[0m[NR_MAC] [RAPROC][122.18] RA-Msg3 retransmitted
[0m[NR_MAC] [RAPROC][123.18] RA-Msg3 retransmitted
[0m[NR_MAC] [RAPROC][124.18] RA-Msg3 retransmitted
[0m[93m[MAC]    [UE 0] Contention resolution failed
[0m[NR_MAC] PRACH scheduler: Selected RO Frame 131, Slot 19, Symbol 0, Fdm 0
[0m[PHY]    PRACH [UE 0] in frame.slot 131.19, placing PRACH in position 740, Msg1/MsgA-Preamble frequency start 0 (k1 0), preamble_offset 56, first_nonzero_root_idx 0, preambleIndex = 56
[0m[PHY]    [UE 0] RAR-Msg2 decoded
[0m[NR_MAC] [UE 0][RAPROC][RA-RNTI 010b] Got BI RAR subPDU 5 ms
[0m[NR_MAC] [UE 0][RAPROC][RA-RNTI 010b] Got RAPID RAR subPDU
[0m[32m[NR_MAC] [UE 0][RAPROC][132.10] Found RAR with the intended RAPID 56
[0m[32m[NR_MAC] [RAPROC][132.18] RA-Msg3 transmitted
[0m[NR_MAC] [RAPROC][133.18] RA-Msg3 retransmitted
[0m[NR_MAC] [RAPROC][134.18] RA-Msg3 retransmitted
[0m[NR_MAC] [RAPROC][135.18] RA-Msg3 retransmitted
[0m[93m[MAC]    [UE 0] Contention resolution failed
[0m[NR_MAC] PRACH scheduler: Selected RO Frame 142, Slot 19, Symbol 0, Fdm 0
[0m[PHY]    PRACH [UE 0] in frame.slot 142.19, placing PRACH in position 740, Msg1/MsgA-Preamble frequency start 0 (k1 0), preamble_offset 59, first_nonzero_root_idx 0, preambleIndex = 59
[0m[PHY]    [UE 0] RAR-Msg2 decoded
[0m[NR_MAC] [UE 0][RAPROC][RA-RNTI 010b] Got BI RAR subPDU 5 ms
[0m[NR_MAC] [UE 0][RAPROC][RA-RNTI 010b] Got RAPID RAR subPDU
[0m[32m[NR_MAC] [UE 0][RAPROC][143.10] Found RAR with the intended RAPID 59
[0m[32m[NR_MAC] [RAPROC][143.18] RA-Msg3 transmitted
[0m[NR_MAC] [RAPROC][144.18] RA-Msg3 retransmitted
[0m[NR_MAC] [RAPROC][145.18] RA-Msg3 retransmitted
[0m[NR_MAC] [RAPROC][146.18] RA-Msg3 retransmitted
[0m[93m[MAC]    [UE 0] Contention resolution failed
[0m[NR_MAC] PRACH scheduler: Selected RO Frame 153, Slot 19, Symbol 0, Fdm 0
[0m[PHY]    PRACH [UE 0] in frame.slot 153.19, placing PRACH in position 740, Msg1/MsgA-Preamble frequency start 0 (k1 0), preamble_offset 40, first_nonzero_root_idx 0, preambleIndex = 40
[0m[PHY]    [UE 0] RAR-Msg2 decoded
[0m[NR_MAC] [UE 0][RAPROC][RA-RNTI 010b] Got BI RAR subPDU 5 ms
[0m[NR_MAC] [UE 0][RAPROC][RA-RNTI 010b] Got RAPID RAR subPDU
[0m[32m[NR_MAC] [UE 0][RAPROC][154.10] Found RAR with the intended RAPID 40
[0m[32m[NR_MAC] [RAPROC][154.18] RA-Msg3 transmitted
[0m[NR_MAC] [RAPROC][155.18] RA-Msg3 retransmitted
[0m[NR_MAC] [RAPROC][156.18] RA-Msg3 retransmitted
[0m[NR_MAC] [RAPROC][157.18] RA-Msg3 retransmitted
[0m[93m[MAC]    [UE 0] Contention resolution failed
[0m[NR_MAC] PRACH scheduler: Selected RO Frame 164, Slot 19, Symbol 0, Fdm 0
[0m[PHY]    PRACH [UE 0] in frame.slot 164.19, placing PRACH in position 740, Msg1/MsgA-Preamble frequency start 0 (k1 0), preamble_offset 7, first_nonzero_root_idx 0, preambleIndex = 7
[0m[PHY]    [UE 0] RAR-Msg2 decoded
[0m[NR_MAC] [UE 0][RAPROC][RA-RNTI 010b] Got BI RAR subPDU 5 ms
[0m[NR_MAC] [UE 0][RAPROC][RA-RNTI 010b] Got RAPID RAR subPDU
[0m[32m[NR_MAC] [UE 0][RAPROC][165.10] Found RAR with the intended RAPID 7
[0m[32m[NR_MAC] [RAPROC][165.18] RA-Msg3 transmitted
[0m[NR_MAC] [RAPROC][166.18] RA-Msg3 retransmitted
[0m[NR_MAC] [RAPROC][167.18] RA-Msg3 retransmitted
[0m[NR_MAC] [RAPROC][168.18] RA-Msg3 retransmitted
[0m[93m[MAC]    [UE 0] Contention resolution failed
[0m[NR_MAC] PRACH scheduler: Selected RO Frame 175, Slot 19, Symbol 0, Fdm 0
[0m[PHY]    PRACH [UE 0] in frame.slot 175.19, placing PRACH in position 740, Msg1/MsgA-Preamble frequency start 0 (k1 0), preamble_offset 46, first_nonzero_root_idx 0, preambleIndex = 46
[0m[PHY]    [UE 0] RAR-Msg2 decoded
[0m[NR_MAC] [UE 0][RAPROC][RA-RNTI 010b] Got BI RAR subPDU 5 ms
[0m[NR_MAC] [UE 0][RAPROC][RA-RNTI 010b] Got RAPID RAR subPDU
[0m[32m[NR_MAC] [UE 0][RAPROC][176.10] Found RAR with the intended RAPID 46
[0m[32m[NR_MAC] [RAPROC][176.18] RA-Msg3 transmitted
[0m[NR_MAC] [RAPROC][177.18] RA-Msg3 retransmitted
[0m[NR_MAC] [RAPROC][178.18] RA-Msg3 retransmitted
[0m[NR_MAC] [RAPROC][179.18] RA-Msg3 retransmitted
[0m[93m[MAC]    [UE 0] Contention resolution failed
[0m[NR_MAC] PRACH scheduler: Selected RO Frame 186, Slot 19, Symbol 0, Fdm 0
[0m[PHY]    PRACH [UE 0] in frame.slot 186.19, placing PRACH in position 740, Msg1/MsgA-Preamble frequency start 0 (k1 0), preamble_offset 54, first_nonzero_root_idx 0, preambleIndex = 54
[0m[PHY]    [UE 0] RAR-Msg2 decoded
[0m[NR_MAC] [UE 0][RAPROC][RA-RNTI 010b] Got BI RAR subPDU 5 ms
[0m[NR_MAC] [UE 0][RAPROC][RA-RNTI 010b] Got RAPID RAR subPDU
[0m[32m[NR_MAC] [UE 0][RAPROC][187.10] Found RAR with the intended RAPID 54
[0m[32m[NR_MAC] [RAPROC][187.18] RA-Msg3 transmitted
[0m[NR_MAC] [RAPROC][188.18] RA-Msg3 retransmitted
[0m[NR_MAC] [RAPROC][189.18] RA-Msg3 retransmitted
[0m[NR_MAC] [RAPROC][190.18] RA-Msg3 retransmitted
[0m[93m[MAC]    [UE 0] Contention resolution failed
[0m[NR_MAC] PRACH scheduler: Selected RO Frame 197, Slot 19, Symbol 0, Fdm 0
[0m[PHY]    PRACH [UE 0] in frame.slot 197.19, placing PRACH in position 740, Msg1/MsgA-Preamble frequency start 0 (k1 0), preamble_offset 34, first_nonzero_root_idx 0, preambleIndex = 34
[0m[PHY]    [UE 0] RAR-Msg2 decoded
[0m[NR_MAC] [UE 0][RAPROC][RA-RNTI 010b] Got BI RAR subPDU 5 ms
[0m[NR_MAC] [UE 0][RAPROC][RA-RNTI 010b] Got RAPID RAR subPDU
[0m[32m[NR_MAC] [UE 0][RAPROC][198.10] Found RAR with the intended RAPID 34
[0m[32m[NR_MAC] [RAPROC][198.18] RA-Msg3 transmitted
[0m[NR_MAC] [RAPROC][199.18] RA-Msg3 retransmitted
[0m[NR_MAC] [RAPROC][200.18] RA-Msg3 retransmitted
[0m[NR_MAC] [RAPROC][201.18] RA-Msg3 retransmitted
[0m[93m[MAC]    [UE 0] Contention resolution failed
[0m[NR_MAC] PRACH scheduler: Selected RO Frame 208, Slot 19, Symbol 0, Fdm 0
[0m[PHY]    PRACH [UE 0] in frame.slot 208.19, placing PRACH in position 740, Msg1/MsgA-Preamble frequency start 0 (k1 0), preamble_offset 1, first_nonzero_root_idx 0, preambleIndex = 1
[0m[PHY]    [UE 0] RAR-Msg2 decoded
[0m[NR_MAC] [UE 0][RAPROC][RA-RNTI 010b] Got BI RAR subPDU 5 ms
[0m[NR_MAC] [UE 0][RAPROC][RA-RNTI 010b] Got RAPID RAR subPDU
[0m[32m[NR_MAC] [UE 0][RAPROC][209.10] Found RAR with the intended RAPID 1
[0m[32m[NR_MAC] [RAPROC][209.18] RA-Msg3 transmitted
[0m[NR_MAC] [RAPROC][210.18] RA-Msg3 retransmitted
[0m[NR_MAC] [RAPROC][211.18] RA-Msg3 retransmitted
[0m[NR_MAC] [RAPROC][212.18] RA-Msg3 retransmitted
[0m[93m[MAC]    [UE 0] Contention resolution failed
[0m[NR_MAC] PRACH scheduler: Selected RO Frame 219, Slot 19, Symbol 0, Fdm 0
[0m[PHY]    PRACH [UE 0] in frame.slot 219.19, placing PRACH in position 740, Msg1/MsgA-Preamble frequency start 0 (k1 0), preamble_offset 57, first_nonzero_root_idx 0, preambleIndex = 57
[0m[PHY]    [UE 0] RAR-Msg2 decoded
[0m[NR_MAC] [UE 0][RAPROC][RA-RNTI 010b] Got BI RAR subPDU 5 ms
[0m[NR_MAC] [UE 0][RAPROC][RA-RNTI 010b] Got RAPID RAR subPDU
[0m[32m[NR_MAC] [UE 0][RAPROC][220.10] Found RAR with the intended RAPID 57
[0m[32m[NR_MAC] [RAPROC][220.18] RA-Msg3 transmitted
[0m[NR_MAC] [RAPROC][221.18] RA-Msg3 retransmitted
[0m[NR_MAC] [RAPROC][222.18] RA-Msg3 retransmitted
[0m[NR_MAC] [RAPROC][223.18] RA-Msg3 retransmitted
[0m[93m[MAC]    [UE 0] Contention resolution failed
[0m[NR_MAC] PRACH scheduler: Selected RO Frame 230, Slot 19, Symbol 0, Fdm 0
[0m[PHY]    PRACH [UE 0] in frame.slot 230.19, placing PRACH in position 740, Msg1/MsgA-Preamble frequency start 0 (k1 0), preamble_offset 19, first_nonzero_root_idx 0, preambleIndex = 19
[0m[PHY]    [UE 0] RAR-Msg2 decoded
[0m[NR_MAC] [UE 0][RAPROC][RA-RNTI 010b] Got BI RAR subPDU 5 ms
[0m[NR_MAC] [UE 0][RAPROC][RA-RNTI 010b] Got RAPID RAR subPDU
[0m[32m[NR_MAC] [UE 0][RAPROC][231.10] Found RAR with the intended RAPID 19
[0m[32m[NR_MAC] [RAPROC][231.18] RA-Msg3 transmitted
[0m[NR_MAC] [RAPROC][232.18] RA-Msg3 retransmitted
[0m[NR_MAC] [RAPROC][233.18] RA-Msg3 retransmitted
[0m[NR_MAC] [RAPROC][234.18] RA-Msg3 retransmitted
[0m[93m[MAC]    [UE 0] Contention resolution failed
[0m[NR_MAC] PRACH scheduler: Selected RO Frame 241, Slot 19, Symbol 0, Fdm 0
[0m[PHY]    PRACH [UE 0] in frame.slot 241.19, placing PRACH in position 740, Msg1/MsgA-Preamble frequency start 0 (k1 0), preamble_offset 59, first_nonzero_root_idx 0, preambleIndex = 59
[0m[PHY]    [UE 0] RAR-Msg2 decoded
[0m[NR_MAC] [UE 0][RAPROC][RA-RNTI 010b] Got BI RAR subPDU 5 ms
[0m[NR_MAC] [UE 0][RAPROC][RA-RNTI 010b] Got RAPID RAR subPDU
[0m[32m[NR_MAC] [UE 0][RAPROC][242.10] Found RAR with the intended RAPID 59
[0m[32m[NR_MAC] [RAPROC][242.18] RA-Msg3 transmitted
[0m[NR_MAC] [RAPROC][243.18] RA-Msg3 retransmitted
[0m[NR_MAC] [RAPROC][244.18] RA-Msg3 retransmitted
[0m[NR_MAC] [RAPROC][245.18] RA-Msg3 retransmitted
[0m[93m[MAC]    [UE 0] Contention resolution failed
[0m[NR_MAC] PRACH scheduler: Selected RO Frame 252, Slot 19, Symbol 0, Fdm 0
[0m[PHY]    PRACH [UE 0] in frame.slot 252.19, placing PRACH in position 740, Msg1/MsgA-Preamble frequency start 0 (k1 0), preamble_offset 56, first_nonzero_root_idx 0, preambleIndex = 56
[0m[PHY]    [UE 0] RAR-Msg2 decoded
[0m[NR_MAC] [UE 0][RAPROC][RA-RNTI 010b] Got BI RAR subPDU 5 ms
[0m[NR_MAC] [UE 0][RAPROC][RA-RNTI 010b] Got RAPID RAR subPDU
[0m[32m[NR_MAC] [UE 0][RAPROC][253.10] Found RAR with the intended RAPID 56
[0m[32m[NR_MAC] [RAPROC][253.18] RA-Msg3 transmitted
[0m[NR_MAC] [RAPROC][254.18] RA-Msg3 retransmitted
[0m[NR_MAC] [RAPROC][255.18] RA-Msg3 retransmitted
[0m[NR_MAC] [RAPROC][256.18] RA-Msg3 retransmitted
[0m[93m[MAC]    [UE 0] Contention resolution failed
[0m[NR_MAC] PRACH scheduler: Selected RO Frame 263, Slot 19, Symbol 0, Fdm 0
[0m[PHY]    PRACH [UE 0] in frame.slot 263.19, placing PRACH in position 740, Msg1/MsgA-Preamble frequency start 0 (k1 0), preamble_offset 22, first_nonzero_root_idx 0, preambleIndex = 22
[0m[PHY]    [UE 0] RAR-Msg2 decoded
[0m[NR_MAC] [UE 0][RAPROC][RA-RNTI 010b] Got BI RAR subPDU 5 ms
[0m[NR_MAC] [UE 0][RAPROC][RA-RNTI 010b] Got RAPID RAR subPDU
[0m[32m[NR_MAC] [UE 0][RAPROC][264.10] Found RAR with the intended RAPID 22
[0m[32m[NR_MAC] [RAPROC][264.18] RA-Msg3 transmitted
[0m[NR_MAC] [RAPROC][265.18] RA-Msg3 retransmitted
[0m[NR_MAC] [RAPROC][266.18] RA-Msg3 retransmitted
[0m[NR_MAC] [RAPROC][267.18] RA-Msg3 retransmitted
[0m[93m[MAC]    [UE 0] Contention resolution failed
[0m[NR_MAC] PRACH scheduler: Selected RO Frame 274, Slot 19, Symbol 0, Fdm 0
[0m[PHY]    PRACH [UE 0] in frame.slot 274.19, placing PRACH in position 740, Msg1/MsgA-Preamble frequency start 0 (k1 0), preamble_offset 25, first_nonzero_root_idx 0, preambleIndex = 25
[0m[PHY]    [UE 0] RAR-Msg2 decoded
[0m[NR_MAC] [UE 0][RAPROC][RA-RNTI 010b] Got BI RAR subPDU 5 ms
[0m[NR_MAC] [UE 0][RAPROC][RA-RNTI 010b] Got RAPID RAR subPDU
[0m[32m[NR_MAC] [UE 0][RAPROC][275.10] Found RAR with the intended RAPID 25
[0m[32m[NR_MAC] [RAPROC][275.18] RA-Msg3 transmitted
[0m[NR_MAC] [RAPROC][276.18] RA-Msg3 retransmitted
[0m[NR_MAC] [RAPROC][277.18] RA-Msg3 retransmitted
[0m[NR_MAC] [RAPROC][278.18] RA-Msg3 retransmitted
[0m[93m[MAC]    [UE 0] Contention resolution failed
[0m[NR_MAC] PRACH scheduler: Selected RO Frame 285, Slot 19, Symbol 0, Fdm 0
[0m[PHY]    PRACH [UE 0] in frame.slot 285.19, placing PRACH in position 740, Msg1/MsgA-Preamble frequency start 0 (k1 0), preamble_offset 32, first_nonzero_root_idx 0, preambleIndex = 32
[0m[PHY]    [UE 0] RAR-Msg2 decoded
[0m[NR_MAC] [UE 0][RAPROC][RA-RNTI 010b] Got BI RAR subPDU 5 ms
[0m[NR_MAC] [UE 0][RAPROC][RA-RNTI 010b] Got RAPID RAR subPDU
[0m[32m[NR_MAC] [UE 0][RAPROC][286.10] Found RAR with the intended RAPID 32
[0m[32m[NR_MAC] [RAPROC][286.18] RA-Msg3 transmitted
[0m[NR_MAC] [RAPROC][287.18] RA-Msg3 retransmitted
[0m[NR_MAC] [RAPROC][288.18] RA-Msg3 retransmitted
[0m[NR_MAC] [RAPROC][289.18] RA-Msg3 retransmitted
[0m[93m[MAC]    [UE 0] Contention resolution failed
[0m[93m[NR_RRC] [UE 0] Timer T300 expired! No timely response to RRCSetupRequest
[0m[MAC]    Initialization of 4-Step CBRA procedure
[0m[NR_MAC] PRACH scheduler: Selected RO Frame 326, Slot 19, Symbol 0, Fdm 0
[0m[PHY]    PRACH [UE 0] in frame.slot 326.19, placing PRACH in position 740, Msg1/MsgA-Preamble frequency start 0 (k1 0), preamble_offset 10, first_nonzero_root_idx 0, preambleIndex = 10
[0m[PHY]    [UE 0] RAR-Msg2 decoded
[0m[NR_MAC] [UE 0][RAPROC][RA-RNTI 010b] Got BI RAR subPDU 5 ms
[0m[NR_MAC] [UE 0][RAPROC][RA-RNTI 010b] Got RAPID RAR subPDU
[0m[32m[NR_MAC] [UE 0][RAPROC][327.10] Found RAR with the intended RAPID 10
[0m[93m[MAC]    received TA command 31
[0m[32m[NR_MAC] [RAPROC][327.18] RA-Msg3 transmitted
[0m[NR_MAC] [RAPROC][328.18] RA-Msg3 retransmitted
[0m[NR_MAC] [RAPROC][329.18] RA-Msg3 retransmitted
[0m[NR_MAC] [RAPROC][330.18] RA-Msg3 retransmitted
[0m[93m[MAC]    [UE 0] Contention resolution failed
[0m[NR_MAC] PRACH scheduler: Selected RO Frame 337, Slot 19, Symbol 0, Fdm 0
[0m[PHY]    PRACH [UE 0] in frame.slot 337.19, placing PRACH in position 740, Msg1/MsgA-Preamble frequency start 0 (k1 0), preamble_offset 28, first_nonzero_root_idx 0, preambleIndex = 28
[0m[PHY]    [UE 0] RAR-Msg2 decoded
[0m[NR_MAC] [UE 0][RAPROC][RA-RNTI 010b] Got BI RAR subPDU 5 ms
[0m[NR_MAC] [UE 0][RAPROC][RA-RNTI 010b] Got RAPID RAR subPDU
[0m[32m[NR_MAC] [UE 0][RAPROC][338.10] Found RAR with the intended RAPID 28
[0m[32m[NR_MAC] [RAPROC][338.18] RA-Msg3 transmitted
[0m[NR_MAC] [RAPROC][339.18] RA-Msg3 retransmitted
[0m[NR_MAC] [RAPROC][340.18] RA-Msg3 retransmitted
[0m[NR_MAC] [RAPROC][341.18] RA-Msg3 retransmitted
[0m[93m[MAC]    [UE 0] Contention resolution failed
[0m[NR_MAC] PRACH scheduler: Selected RO Frame 348, Slot 19, Symbol 0, Fdm 0
[0m[PHY]    PRACH [UE 0] in frame.slot 348.19, placing PRACH in position 740, Msg1/MsgA-Preamble frequency start 0 (k1 0), preamble_offset 18, first_nonzero_root_idx 0, preambleIndex = 18
[0m[PHY]    [UE 0] RAR-Msg2 decoded
[0m[NR_MAC] [UE 0][RAPROC][RA-RNTI 010b] Got BI RAR subPDU 5 ms
[0m[NR_MAC] [UE 0][RAPROC][RA-RNTI 010b] Got RAPID RAR subPDU
[0m[32m[NR_MAC] [UE 0][RAPROC][349.10] Found RAR with the intended RAPID 18
[0m[32m[NR_MAC] [RAPROC][349.18] RA-Msg3 transmitted
[0m[NR_MAC] [RAPROC][350.18] RA-Msg3 retransmitted
[0m[NR_MAC] [RAPROC][351.18] RA-Msg3 retransmitted
[0m[NR_MAC] [RAPROC][352.18] RA-Msg3 retransmitted
[0m[93m[MAC]    [UE 0] Contention resolution failed
[0m[NR_MAC] PRACH scheduler: Selected RO Frame 359, Slot 19, Symbol 0, Fdm 0
[0m[PHY]    PRACH [UE 0] in frame.slot 359.19, placing PRACH in position 740, Msg1/MsgA-Preamble frequency start 0 (k1 0), preamble_offset 57, first_nonzero_root_idx 0, preambleIndex = 57
[0m[PHY]    [UE 0] RAR-Msg2 decoded
[0m[NR_MAC] [UE 0][RAPROC][RA-RNTI 010b] Got BI RAR subPDU 5 ms
[0m[NR_MAC] [UE 0][RAPROC][RA-RNTI 010b] Got RAPID RAR subPDU
[0m[32m[NR_MAC] [UE 0][RAPROC][360.10] Found RAR with the intended RAPID 57
[0m[32m[NR_MAC] [RAPROC][360.18] RA-Msg3 transmitted
[0m[NR_MAC] [RAPROC][361.18] RA-Msg3 retransmitted
[0m[NR_MAC] [RAPROC][362.18] RA-Msg3 retransmitted
[0m[NR_MAC] [RAPROC][363.18] RA-Msg3 retransmitted
[0m[93m[MAC]    [UE 0] Contention resolution failed
[0m[NR_MAC] PRACH scheduler: Selected RO Frame 370, Slot 19, Symbol 0, Fdm 0
[0m[PHY]    PRACH [UE 0] in frame.slot 370.19, placing PRACH in position 740, Msg1/MsgA-Preamble frequency start 0 (k1 0), preamble_offset 7, first_nonzero_root_idx 0, preambleIndex = 7
[0m[PHY]    [UE 0] RAR-Msg2 decoded
[0m[NR_MAC] [UE 0][RAPROC][RA-RNTI 010b] Got BI RAR subPDU 5 ms
[0m[NR_MAC] [UE 0][RAPROC][RA-RNTI 010b] Got RAPID RAR subPDU
[0m[32m[NR_MAC] [UE 0][RAPROC][371.10] Found RAR with the intended RAPID 7
[0m[32m[NR_MAC] [RAPROC][371.18] RA-Msg3 transmitted
[0m[NR_MAC] [RAPROC][372.18] RA-Msg3 retransmitted
[0m[NR_MAC] [RAPROC][373.18] RA-Msg3 retransmitted
[0m[NR_MAC] [RAPROC][374.18] RA-Msg3 retransmitted
[0m[93m[MAC]    [UE 0] Contention resolution failed
[0m[NR_MAC] PRACH scheduler: Selected RO Frame 381, Slot 19, Symbol 0, Fdm 0
[0m[PHY]    PRACH [UE 0] in frame.slot 381.19, placing PRACH in position 740, Msg1/MsgA-Preamble frequency start 0 (k1 0), preamble_offset 46, first_nonzero_root_idx 0, preambleIndex = 46
[0m[PHY]    [UE 0] RAR-Msg2 decoded
[0m[NR_MAC] [UE 0][RAPROC][RA-RNTI 010b] Got BI RAR subPDU 5 ms
[0m[NR_MAC] [UE 0][RAPROC][RA-RNTI 010b] Got RAPID RAR subPDU
[0m[32m[NR_MAC] [UE 0][RAPROC][382.10] Found RAR with the intended RAPID 46
[0m[32m[NR_MAC] [RAPROC][382.18] RA-Msg3 transmitted
[0m[NR_MAC] [RAPROC][383.18] RA-Msg3 retransmitted
[0m[NR_MAC] [RAPROC][384.18] RA-Msg3 retransmitted
[0m[NR_MAC] [RAPROC][385.18] RA-Msg3 retransmitted
[0m[93m[MAC]    [UE 0] Contention resolution failed
[0m[NR_MAC] PRACH scheduler: Selected RO Frame 392, Slot 19, Symbol 0, Fdm 0
[0m[PHY]    PRACH [UE 0] in frame.slot 392.19, placing PRACH in position 740, Msg1/MsgA-Preamble frequency start 0 (k1 0), preamble_offset 5, first_nonzero_root_idx 0, preambleIndex = 5
[0m[PHY]    [UE 0] RAR-Msg2 decoded
[0m[NR_MAC] [UE 0][RAPROC][RA-RNTI 010b] Got BI RAR subPDU 5 ms
[0m[NR_MAC] [UE 0][RAPROC][RA-RNTI 010b] Got RAPID RAR subPDU
[0m[32m[NR_MAC] [UE 0][RAPROC][393.10] Found RAR with the intended RAPID 5
[0m[32m[NR_MAC] [RAPROC][393.18] RA-Msg3 transmitted
[0m[NR_MAC] [RAPROC][394.18] RA-Msg3 retransmitted
[0m[NR_MAC] [RAPROC][395.18] RA-Msg3 retransmitted
[0m[NR_MAC] [RAPROC][396.18] RA-Msg3 retransmitted
[0m[93m[MAC]    [UE 0] Contention resolution failed
[0m[NR_MAC] PRACH scheduler: Selected RO Frame 403, Slot 19, Symbol 0, Fdm 0
[0m[PHY]    PRACH [UE 0] in frame.slot 403.19, placing PRACH in position 740, Msg1/MsgA-Preamble frequency start 0 (k1 0), preamble_offset 51, first_nonzero_root_idx 0, preambleIndex = 51
[0m[PHY]    [UE 0] RAR-Msg2 decoded
[0m[NR_MAC] [UE 0][RAPROC][RA-RNTI 010b] Got BI RAR subPDU 5 ms
[0m[NR_MAC] [UE 0][RAPROC][RA-RNTI 010b] Got RAPID RAR subPDU
[0m[32m[NR_MAC] [UE 0][RAPROC][404.10] Found RAR with the intended RAPID 51
[0m[32m[NR_MAC] [RAPROC][404.18] RA-Msg3 transmitted
[0m[NR_MAC] [RAPROC][405.18] RA-Msg3 retransmitted
[0m[NR_MAC] [RAPROC][406.18] RA-Msg3 retransmitted
[0m[NR_MAC] [RAPROC][407.18] RA-Msg3 retransmitted
[0m[93m[MAC]    [UE 0] Contention resolution failed
[0m[NR_MAC] PRACH scheduler: Selected RO Frame 414, Slot 19, Symbol 0, Fdm 0
[0m[PHY]    PRACH [UE 0] in frame.slot 414.19, placing PRACH in position 740, Msg1/MsgA-Preamble frequency start 0 (k1 0), preamble_offset 59, first_nonzero_root_idx 0, preambleIndex = 59
[0m[PHY]    [UE 0] RAR-Msg2 decoded
[0m[NR_MAC] [UE 0][RAPROC][RA-RNTI 010b] Got BI RAR subPDU 5 ms
[0m[NR_MAC] [UE 0][RAPROC][RA-RNTI 010b] Got RAPID RAR subPDU
[0m[32m[NR_MAC] [UE 0][RAPROC][415.10] Found RAR with the intended RAPID 59
[0m[32m[NR_MAC] [RAPROC][415.18] RA-Msg3 transmitted
[0m[NR_MAC] [RAPROC][416.18] RA-Msg3 retransmitted
[0m[NR_MAC] [RAPROC][417.18] RA-Msg3 retransmitted
[0m[NR_MAC] [RAPROC][418.18] RA-Msg3 retransmitted
[0m[93m[MAC]    [UE 0] Contention resolution failed
[0m[NR_MAC] PRACH scheduler: Selected RO Frame 425, Slot 19, Symbol 0, Fdm 0
[0m[PHY]    PRACH [UE 0] in frame.slot 425.19, placing PRACH in position 740, Msg1/MsgA-Preamble frequency start 0 (k1 0), preamble_offset 54, first_nonzero_root_idx 0, preambleIndex = 54
[0m[PHY]    [UE 0] RAR-Msg2 decoded
[0m[NR_MAC] [UE 0][RAPROC][RA-RNTI 010b] Got BI RAR subPDU 5 ms
[0m[NR_MAC] [UE 0][RAPROC][RA-RNTI 010b] Got RAPID RAR subPDU
[0m[32m[NR_MAC] [UE 0][RAPROC][426.10] Found RAR with the intended RAPID 54
[0m[32m[NR_MAC] [RAPROC][426.18] RA-Msg3 transmitted
[0m[NR_MAC] [RAPROC][427.18] RA-Msg3 retransmitted
[0m[NR_MAC] [RAPROC][428.18] RA-Msg3 retransmitted
[0m[NR_MAC] [RAPROC][429.18] RA-Msg3 retransmitted
[0m[93m[MAC]    [UE 0] Contention resolution failed
[0m[NR_MAC] PRACH scheduler: Selected RO Frame 436, Slot 19, Symbol 0, Fdm 0
[0m[PHY]    PRACH [UE 0] in frame.slot 436.19, placing PRACH in position 740, Msg1/MsgA-Preamble frequency start 0 (k1 0), preamble_offset 3, first_nonzero_root_idx 0, preambleIndex = 3
[0m[PHY]    [UE 0] RAR-Msg2 decoded
[0m[NR_MAC] [UE 0][RAPROC][RA-RNTI 010b] Got BI RAR subPDU 5 ms
[0m[NR_MAC] [UE 0][RAPROC][RA-RNTI 010b] Got RAPID RAR subPDU
[0m[32m[NR_MAC] [UE 0][RAPROC][437.10] Found RAR with the intended RAPID 3
[0m[32m[NR_MAC] [RAPROC][437.18] RA-Msg3 transmitted
[0m[NR_MAC] [RAPROC][438.18] RA-Msg3 retransmitted
[0m[NR_MAC] [RAPROC][439.18] RA-Msg3 retransmitted
[0m[NR_MAC] [RAPROC][440.18] RA-Msg3 retransmitted
[0m[93m[MAC]    [UE 0] Contention resolution failed
[0m[NR_MAC] PRACH scheduler: Selected RO Frame 447, Slot 19, Symbol 0, Fdm 0
[0m[PHY]    PRACH [UE 0] in frame.slot 447.19, placing PRACH in position 740, Msg1/MsgA-Preamble frequency start 0 (k1 0), preamble_offset 47, first_nonzero_root_idx 0, preambleIndex = 47
[0m[PHY]    [UE 0] RAR-Msg2 decoded
[0m[NR_MAC] [UE 0][RAPROC][RA-RNTI 010b] Got BI RAR subPDU 5 ms
[0m[NR_MAC] [UE 0][RAPROC][RA-RNTI 010b] Got RAPID RAR subPDU
[0m[32m[NR_MAC] [UE 0][RAPROC][448.10] Found RAR with the intended RAPID 47
[0m[32m[NR_MAC] [RAPROC][448.18] RA-Msg3 transmitted
[0m[NR_MAC] [RAPROC][449.18] RA-Msg3 retransmitted
[0m[NR_MAC] [RAPROC][450.18] RA-Msg3 retransmitted
[0m[NR_MAC] [RAPROC][451.18] RA-Msg3 retransmitted
[0m[93m[MAC]    [UE 0] Contention resolution failed
[0m[NR_MAC] PRACH scheduler: Selected RO Frame 458, Slot 19, Symbol 0, Fdm 0
[0m[PHY]    PRACH [UE 0] in frame.slot 458.19, placing PRACH in position 740, Msg1/MsgA-Preamble frequency start 0 (k1 0), preamble_offset 27, first_nonzero_root_idx 0, preambleIndex = 27
[0m[PHY]    [UE 0] RAR-Msg2 decoded
[0m[NR_MAC] [UE 0][RAPROC][RA-RNTI 010b] Got BI RAR subPDU 5 ms
[0m[NR_MAC] [UE 0][RAPROC][RA-RNTI 010b] Got RAPID RAR subPDU
[0m[32m[NR_MAC] [UE 0][RAPROC][459.10] Found RAR with the intended RAPID 27
[0m[32m[NR_MAC] [RAPROC][459.18] RA-Msg3 transmitted
[0m[NR_MAC] [RAPROC][460.18] RA-Msg3 retransmitted
[0m[NR_MAC] [RAPROC][461.18] RA-Msg3 retransmitted
[0m[NR_MAC] [RAPROC][462.18] RA-Msg3 retransmitted
[0m[93m[MAC]    [UE 0] Contention resolution failed
[0m[NR_MAC] PRACH scheduler: Selected RO Frame 469, Slot 19, Symbol 0, Fdm 0
[0m[PHY]    PRACH [UE 0] in frame.slot 469.19, placing PRACH in position 740, Msg1/MsgA-Preamble frequency start 0 (k1 0), preamble_offset 43, first_nonzero_root_idx 0, preambleIndex = 43
[0m[PHY]    [UE 0] RAR-Msg2 decoded
[0m[NR_MAC] [UE 0][RAPROC][RA-RNTI 010b] Got BI RAR subPDU 5 ms
[0m[NR_MAC] [UE 0][RAPROC][RA-RNTI 010b] Got RAPID RAR subPDU
[0m[32m[NR_MAC] [UE 0][RAPROC][470.10] Found RAR with the intended RAPID 43
[0m[32m[NR_MAC] [RAPROC][470.18] RA-Msg3 transmitted
[0m[NR_MAC] [RAPROC][471.18] RA-Msg3 retransmitted
[0m[NR_MAC] [RAPROC][472.18] RA-Msg3 retransmitted
[0m[NR_MAC] [RAPROC][473.18] RA-Msg3 retransmitted
[0m[93m[MAC]    [UE 0] Contention resolution failed
[0m[NR_MAC] PRACH scheduler: Selected RO Frame 480, Slot 19, Symbol 0, Fdm 0
[0m[PHY]    PRACH [UE 0] in frame.slot 480.19, placing PRACH in position 740, Msg1/MsgA-Preamble frequency start 0 (k1 0), preamble_offset 29, first_nonzero_root_idx 0, preambleIndex = 29
[0m[PHY]    [UE 0] RAR-Msg2 decoded
[0m[NR_MAC] [UE 0][RAPROC][RA-RNTI 010b] Got BI RAR subPDU 5 ms
[0m[NR_MAC] [UE 0][RAPROC][RA-RNTI 010b] Got RAPID RAR subPDU
[0m[32m[NR_MAC] [UE 0][RAPROC][481.10] Found RAR with the intended RAPID 29
[0m[32m[NR_MAC] [RAPROC][481.18] RA-Msg3 transmitted
[0m[NR_MAC] [RAPROC][482.18] RA-Msg3 retransmitted
[0m[NR_MAC] [RAPROC][483.18] RA-Msg3 retransmitted
[0m[NR_MAC] [RAPROC][484.18] RA-Msg3 retransmitted
[0m[93m[MAC]    [UE 0] Contention resolution failed
[0m[NR_MAC] PRACH scheduler: Selected RO Frame 491, Slot 19, Symbol 0, Fdm 0
[0m[PHY]    PRACH [UE 0] in frame.slot 491.19, placing PRACH in position 740, Msg1/MsgA-Preamble frequency start 0 (k1 0), preamble_offset 36, first_nonzero_root_idx 0, preambleIndex = 36
[0m[PHY]    [UE 0] RAR-Msg2 decoded
[0m[NR_MAC] [UE 0][RAPROC][RA-RNTI 010b] Got BI RAR subPDU 5 ms
[0m[NR_MAC] [UE 0][RAPROC][RA-RNTI 010b] Got RAPID RAR subPDU
[0m[32m[NR_MAC] [UE 0][RAPROC][492.10] Found RAR with the intended RAPID 36
[0m[32m[NR_MAC] [RAPROC][492.18] RA-Msg3 transmitted
[0m[NR_MAC] [RAPROC][493.18] RA-Msg3 retransmitted
[0m[NR_MAC] [RAPROC][494.18] RA-Msg3 retransmitted
[0m[NR_MAC] [RAPROC][495.18] RA-Msg3 retransmitted
[0m[93m[MAC]    [UE 0] Contention resolution failed
[0m[NR_MAC] PRACH scheduler: Selected RO Frame 502, Slot 19, Symbol 0, Fdm 0
[0m[PHY]    PRACH [UE 0] in frame.slot 502.19, placing PRACH in position 740, Msg1/MsgA-Preamble frequency start 0 (k1 0), preamble_offset 33, first_nonzero_root_idx 0, preambleIndex = 33
[0m[PHY]    [UE 0] RAR-Msg2 decoded
[0m[NR_MAC] [UE 0][RAPROC][RA-RNTI 010b] Got BI RAR subPDU 5 ms
[0m[NR_MAC] [UE 0][RAPROC][RA-RNTI 010b] Got RAPID RAR subPDU
[0m[32m[NR_MAC] [UE 0][RAPROC][503.10] Found RAR with the intended RAPID 33
[0m[32m[NR_MAC] [RAPROC][503.18] RA-Msg3 transmitted
[0m[NR_MAC] [RAPROC][504.18] RA-Msg3 retransmitted
[0m[NR_MAC] [RAPROC][505.18] RA-Msg3 retransmitted
[0m[NR_MAC] [RAPROC][506.18] RA-Msg3 retransmitted
[0m[93m[MAC]    [UE 0] Contention resolution failed
[0m[NR_MAC] PRACH scheduler: Selected RO Frame 513, Slot 19, Symbol 0, Fdm 0
[0m[PHY]    PRACH [UE 0] in frame.slot 513.19, placing PRACH in position 740, Msg1/MsgA-Preamble frequency start 0 (k1 0), preamble_offset 30, first_nonzero_root_idx 0, preambleIndex = 30
[0m[PHY]    [UE 0] RAR-Msg2 decoded
[0m[NR_MAC] [UE 0][RAPROC][RA-RNTI 010b] Got BI RAR subPDU 5 ms
[0m[NR_MAC] [UE 0][RAPROC][RA-RNTI 010b] Got RAPID RAR subPDU
[0m[32m[NR_MAC] [UE 0][RAPROC][514.10] Found RAR with the intended RAPID 30
[0m[32m[NR_MAC] [RAPROC][514.18] RA-Msg3 transmitted
[0m[NR_MAC] [RAPROC][515.18] RA-Msg3 retransmitted
[0m[NR_MAC] [RAPROC][516.18] RA-Msg3 retransmitted
[0m[NR_MAC] [RAPROC][517.18] RA-Msg3 retransmitted
[0m[93m[MAC]    [UE 0] Contention resolution failed
[0m[NR_MAC] PRACH scheduler: Selected RO Frame 524, Slot 19, Symbol 0, Fdm 0
[0m[PHY]    PRACH [UE 0] in frame.slot 524.19, placing PRACH in position 740, Msg1/MsgA-Preamble frequency start 0 (k1 0), preamble_offset 39, first_nonzero_root_idx 0, preambleIndex = 39
[0m[PHY]    [UE 0] RAR-Msg2 decoded
[0m[NR_MAC] [UE 0][RAPROC][RA-RNTI 010b] Got BI RAR subPDU 5 ms
[0m[NR_MAC] [UE 0][RAPROC][RA-RNTI 010b] Got RAPID RAR subPDU
[0m[32m[NR_MAC] [UE 0][RAPROC][525.10] Found RAR with the intended RAPID 39
[0m[32m[NR_MAC] [RAPROC][525.18] RA-Msg3 transmitted
[0m[NR_MAC] [RAPROC][526.18] RA-Msg3 retransmitted
[0m[NR_MAC] [RAPROC][527.18] RA-Msg3 retransmitted
[0m[NR_MAC] [RAPROC][528.18] RA-Msg3 retransmitted
[0m[93m[MAC]    [UE 0] Contention resolution failed
[0m[NR_MAC] PRACH scheduler: Selected RO Frame 535, Slot 19, Symbol 0, Fdm 0
[0m[PHY]    PRACH [UE 0] in frame.slot 535.19, placing PRACH in position 740, Msg1/MsgA-Preamble frequency start 0 (k1 0), preamble_offset 6, first_nonzero_root_idx 0, preambleIndex = 6
[0m[PHY]    [UE 0] RAR-Msg2 decoded
[0m[NR_MAC] [UE 0][RAPROC][RA-RNTI 010b] Got BI RAR subPDU 5 ms
[0m[NR_MAC] [UE 0][RAPROC][RA-RNTI 010b] Got RAPID RAR subPDU
[0m[32m[NR_MAC] [UE 0][RAPROC][536.10] Found RAR with the intended RAPID 6
[0m[32m[NR_MAC] [RAPROC][536.18] RA-Msg3 transmitted
[0m[NR_MAC] [RAPROC][537.18] RA-Msg3 retransmitted
[0m[NR_MAC] [RAPROC][538.18] RA-Msg3 retransmitted
[0m[NR_MAC] [RAPROC][539.18] RA-Msg3 retransmitted
[0m[93m[MAC]    [UE 0] Contention resolution failed
[0m[93m[NR_RRC] [UE 0] Timer T300 expired! No timely response to RRCSetupRequest
[0m[MAC]    Initialization of 4-Step CBRA procedure
[0m[NR_MAC] PRACH scheduler: Selected RO Frame 576, Slot 19, Symbol 0, Fdm 0
[0m[PHY]    PRACH [UE 0] in frame.slot 576.19, placing PRACH in position 740, Msg1/MsgA-Preamble frequency start 0 (k1 0), preamble_offset 23, first_nonzero_root_idx 0, preambleIndex = 23
[0m[PHY]    [UE 0] RAR-Msg2 decoded
[0m[NR_MAC] [UE 0][RAPROC][RA-RNTI 010b] Got BI RAR subPDU 5 ms
[0m[NR_MAC] [UE 0][RAPROC][RA-RNTI 010b] Got RAPID RAR subPDU
[0m[32m[NR_MAC] [UE 0][RAPROC][577.10] Found RAR with the intended RAPID 23
[0m[93m[MAC]    received TA command 31
[0m[32m[NR_MAC] [RAPROC][577.18] RA-Msg3 transmitted
[0m[NR_MAC] [RAPROC][578.18] RA-Msg3 retransmitted
[0m[NR_MAC] [RAPROC][579.18] RA-Msg3 retransmitted
[0m[NR_MAC] [RAPROC][580.18] RA-Msg3 retransmitted
[0m[93m[MAC]    [UE 0] Contention resolution failed
[0m[NR_MAC] PRACH scheduler: Selected RO Frame 587, Slot 19, Symbol 0, Fdm 0
[0m[PHY]    PRACH [UE 0] in frame.slot 587.19, placing PRACH in position 740, Msg1/MsgA-Preamble frequency start 0 (k1 0), preamble_offset 15, first_nonzero_root_idx 0, preambleIndex = 15
[0m[PHY]    [UE 0] RAR-Msg2 decoded
[0m[NR_MAC] [UE 0][RAPROC][RA-RNTI 010b] Got BI RAR subPDU 5 ms
[0m[NR_MAC] [UE 0][RAPROC][RA-RNTI 010b] Got RAPID RAR subPDU
[0m[32m[NR_MAC] [UE 0][RAPROC][588.10] Found RAR with the intended RAPID 15
[0m[32m[NR_MAC] [RAPROC][588.18] RA-Msg3 transmitted
[0m[NR_MAC] [RAPROC][589.18] RA-Msg3 retransmitted
[0m[NR_MAC] [RAPROC][590.18] RA-Msg3 retransmitted
[0m[NR_MAC] [RAPROC][591.18] RA-Msg3 retransmitted
[0m[93m[MAC]    [UE 0] Contention resolution failed
[0m[NR_MAC] PRACH scheduler: Selected RO Frame 598, Slot 19, Symbol 0, Fdm 0
[0m[PHY]    PRACH [UE 0] in frame.slot 598.19, placing PRACH in position 740, Msg1/MsgA-Preamble frequency start 0 (k1 0), preamble_offset 44, first_nonzero_root_idx 0, preambleIndex = 44
[0m[PHY]    [UE 0] RAR-Msg2 decoded
[0m[NR_MAC] [UE 0][RAPROC][RA-RNTI 010b] Got BI RAR subPDU 5 ms
[0m[NR_MAC] [UE 0][RAPROC][RA-RNTI 010b] Got RAPID RAR subPDU
[0m[32m[NR_MAC] [UE 0][RAPROC][599.10] Found RAR with the intended RAPID 44
[0m[32m[NR_MAC] [RAPROC][599.18] RA-Msg3 transmitted
[0m[NR_MAC] [RAPROC][600.18] RA-Msg3 retransmitted
[0m[NR_MAC] [RAPROC][601.18] RA-Msg3 retransmitted
[0m[NR_MAC] [RAPROC][602.18] RA-Msg3 retransmitted
[0m[93m[MAC]    [UE 0] Contention resolution failed
[0m[NR_MAC] PRACH scheduler: Selected RO Frame 609, Slot 19, Symbol 0, Fdm 0
[0m[PHY]    PRACH [UE 0] in frame.slot 609.19, placing PRACH in position 740, Msg1/MsgA-Preamble frequency start 0 (k1 0), preamble_offset 4, first_nonzero_root_idx 0, preambleIndex = 4
[0m[PHY]    [UE 0] RAR-Msg2 decoded
[0m[NR_MAC] [UE 0][RAPROC][RA-RNTI 010b] Got BI RAR subPDU 5 ms
[0m[NR_MAC] [UE 0][RAPROC][RA-RNTI 010b] Got RAPID RAR subPDU
[0m[32m[NR_MAC] [UE 0][RAPROC][610.10] Found RAR with the intended RAPID 4
[0m[32m[NR_MAC] [RAPROC][610.18] RA-Msg3 transmitted
[0m[NR_MAC] [RAPROC][611.18] RA-Msg3 retransmitted
[0m[NR_MAC] [RAPROC][612.18] RA-Msg3 retransmitted
[0m[NR_MAC] [RAPROC][613.18] RA-Msg3 retransmitted
[0m[93m[MAC]    [UE 0] Contention resolution failed
[0m[NR_MAC] PRACH scheduler: Selected RO Frame 620, Slot 19, Symbol 0, Fdm 0
[0m[PHY]    PRACH [UE 0] in frame.slot 620.19, placing PRACH in position 740, Msg1/MsgA-Preamble frequency start 0 (k1 0), preamble_offset 7, first_nonzero_root_idx 0, preambleIndex = 7
[0m[PHY]    [UE 0] RAR-Msg2 decoded
[0m[NR_MAC] [UE 0][RAPROC][RA-RNTI 010b] Got BI RAR subPDU 5 ms
[0m[NR_MAC] [UE 0][RAPROC][RA-RNTI 010b] Got RAPID RAR subPDU
[0m[32m[NR_MAC] [UE 0][RAPROC][621.10] Found RAR with the intended RAPID 7
[0m[32m[NR_MAC] [RAPROC][621.18] RA-Msg3 transmitted
[0m[NR_MAC] [RAPROC][622.18] RA-Msg3 retransmitted
[0m[NR_MAC] [RAPROC][623.18] RA-Msg3 retransmitted
[0m[NR_MAC] [RAPROC][624.18] RA-Msg3 retransmitted
[0m[93m[MAC]    [UE 0] Contention resolution failed
[0m[NR_MAC] PRACH scheduler: Selected RO Frame 631, Slot 19, Symbol 0, Fdm 0
[0m[PHY]    PRACH [UE 0] in frame.slot 631.19, placing PRACH in position 740, Msg1/MsgA-Preamble frequency start 0 (k1 0), preamble_offset 8, first_nonzero_root_idx 0, preambleIndex = 8
[0m[PHY]    [UE 0] RAR-Msg2 decoded
[0m[NR_MAC] [UE 0][RAPROC][RA-RNTI 010b] Got BI RAR subPDU 5 ms
[0m[NR_MAC] [UE 0][RAPROC][RA-RNTI 010b] Got RAPID RAR subPDU
[0m[32m[NR_MAC] [UE 0][RAPROC][632.10] Found RAR with the intended RAPID 8
[0m[32m[NR_MAC] [RAPROC][632.18] RA-Msg3 transmitted
[0m[NR_MAC] [RAPROC][633.18] RA-Msg3 retransmitted
[0m[NR_MAC] [RAPROC][634.18] RA-Msg3 retransmitted
[0m[NR_MAC] [RAPROC][635.18] RA-Msg3 retransmitted
[0m[93m[MAC]    [UE 0] Contention resolution failed
[0m[NR_MAC] PRACH scheduler: Selected RO Frame 642, Slot 19, Symbol 0, Fdm 0
[0m[PHY]    PRACH [UE 0] in frame.slot 642.19, placing PRACH in position 740, Msg1/MsgA-Preamble frequency start 0 (k1 0), preamble_offset 32, first_nonzero_root_idx 0, preambleIndex = 32
[0m[PHY]    [UE 0] RAR-Msg2 decoded
[0m[NR_MAC] [UE 0][RAPROC][RA-RNTI 010b] Got BI RAR subPDU 5 ms
[0m[NR_MAC] [UE 0][RAPROC][RA-RNTI 010b] Got RAPID RAR subPDU
[0m[32m[NR_MAC] [UE 0][RAPROC][643.10] Found RAR with the intended RAPID 32
[0m[32m[NR_MAC] [RAPROC][643.18] RA-Msg3 transmitted
[0m[NR_MAC] [RAPROC][644.18] RA-Msg3 retransmitted
[0m[NR_MAC] [RAPROC][645.18] RA-Msg3 retransmitted
[0m[NR_MAC] [RAPROC][646.18] RA-Msg3 retransmitted
[0m[93m[MAC]    [UE 0] Contention resolution failed
[0m[NR_MAC] PRACH scheduler: Selected RO Frame 653, Slot 19, Symbol 0, Fdm 0
[0m[PHY]    PRACH [UE 0] in frame.slot 653.19, placing PRACH in position 740, Msg1/MsgA-Preamble frequency start 0 (k1 0), preamble_offset 17, first_nonzero_root_idx 0, preambleIndex = 17
[0m[PHY]    [UE 0] RAR-Msg2 decoded
[0m[NR_MAC] [UE 0][RAPROC][RA-RNTI 010b] Got BI RAR subPDU 5 ms
[0m[NR_MAC] [UE 0][RAPROC][RA-RNTI 010b] Got RAPID RAR subPDU
[0m[32m[NR_MAC] [UE 0][RAPROC][654.10] Found RAR with the intended RAPID 17
[0m[32m[NR_MAC] [RAPROC][654.18] RA-Msg3 transmitted
[0m[NR_MAC] [RAPROC][655.18] RA-Msg3 retransmitted
[0m[NR_MAC] [RAPROC][656.18] RA-Msg3 retransmitted
[0m[NR_MAC] [RAPROC][657.18] RA-Msg3 retransmitted
[0m[93m[MAC]    [UE 0] Contention resolution failed
[0m[NR_MAC] PRACH scheduler: Selected RO Frame 664, Slot 19, Symbol 0, Fdm 0
[0m[PHY]    PRACH [UE 0] in frame.slot 664.19, placing PRACH in position 740, Msg1/MsgA-Preamble frequency start 0 (k1 0), preamble_offset 46, first_nonzero_root_idx 0, preambleIndex = 46
[0m[PHY]    [UE 0] RAR-Msg2 decoded
[0m[NR_MAC] [UE 0][RAPROC][RA-RNTI 010b] Got BI RAR subPDU 5 ms
[0m[NR_MAC] [UE 0][RAPROC][RA-RNTI 010b] Got RAPID RAR subPDU
[0m[32m[NR_MAC] [UE 0][RAPROC][665.10] Found RAR with the intended RAPID 46
[0m[32m[NR_MAC] [RAPROC][665.18] RA-Msg3 transmitted
[0m[NR_MAC] [RAPROC][666.18] RA-Msg3 retransmitted
[0m[NR_MAC] [RAPROC][667.18] RA-Msg3 retransmitted
[0m[NR_MAC] [RAPROC][668.18] RA-Msg3 retransmitted
[0m[93m[MAC]    [UE 0] Contention resolution failed
[0m[NR_MAC] PRACH scheduler: Selected RO Frame 675, Slot 19, Symbol 0, Fdm 0
[0m[PHY]    PRACH [UE 0] in frame.slot 675.19, placing PRACH in position 740, Msg1/MsgA-Preamble frequency start 0 (k1 0), preamble_offset 28, first_nonzero_root_idx 0, preambleIndex = 28
[0m[PHY]    [UE 0] RAR-Msg2 decoded
[0m[NR_MAC] [UE 0][RAPROC][RA-RNTI 010b] Got BI RAR subPDU 5 ms
[0m[NR_MAC] [UE 0][RAPROC][RA-RNTI 010b] Got RAPID RAR subPDU
[0m[32m[NR_MAC] [UE 0][RAPROC][676.10] Found RAR with the intended RAPID 28
[0m[32m[NR_MAC] [RAPROC][676.18] RA-Msg3 transmitted
[0m[NR_MAC] [RAPROC][677.18] RA-Msg3 retransmitted
[0m[NR_MAC] [RAPROC][678.18] RA-Msg3 retransmitted
[0m[NR_MAC] [RAPROC][679.18] RA-Msg3 retransmitted
[0m[93m[MAC]    [UE 0] Contention resolution failed
[0m[NR_MAC] PRACH scheduler: Selected RO Frame 686, Slot 19, Symbol 0, Fdm 0
[0m[PHY]    PRACH [UE 0] in frame.slot 686.19, placing PRACH in position 740, Msg1/MsgA-Preamble frequency start 0 (k1 0), preamble_offset 12, first_nonzero_root_idx 0, preambleIndex = 12
[0m[PHY]    [UE 0] RAR-Msg2 decoded
[0m[NR_MAC] [UE 0][RAPROC][RA-RNTI 010b] Got BI RAR subPDU 5 ms
[0m[NR_MAC] [UE 0][RAPROC][RA-RNTI 010b] Got RAPID RAR subPDU
[0m[32m[NR_MAC] [UE 0][RAPROC][687.10] Found RAR with the intended RAPID 12
[0m[32m[NR_MAC] [RAPROC][687.18] RA-Msg3 transmitted
[0m[NR_MAC] [RAPROC][688.18] RA-Msg3 retransmitted
[0m[NR_MAC] [RAPROC][689.18] RA-Msg3 retransmitted
[0m[NR_MAC] [RAPROC][690.18] RA-Msg3 retransmitted
[0m[93m[MAC]    [UE 0] Contention resolution failed
[0m[NR_MAC] PRACH scheduler: Selected RO Frame 697, Slot 19, Symbol 0, Fdm 0
[0m[PHY]    PRACH [UE 0] in frame.slot 697.19, placing PRACH in position 740, Msg1/MsgA-Preamble frequency start 0 (k1 0), preamble_offset 45, first_nonzero_root_idx 0, preambleIndex = 45
[0m[PHY]    [UE 0] RAR-Msg2 decoded
[0m[NR_MAC] [UE 0][RAPROC][RA-RNTI 010b] Got BI RAR subPDU 5 ms
[0m[NR_MAC] [UE 0][RAPROC][RA-RNTI 010b] Got RAPID RAR subPDU
[0m[32m[NR_MAC] [UE 0][RAPROC][698.10] Found RAR with the intended RAPID 45
[0m[32m[NR_MAC] [RAPROC][698.18] RA-Msg3 transmitted
[0m[NR_MAC] [RAPROC][699.18] RA-Msg3 retransmitted
[0m[NR_MAC] [RAPROC][700.18] RA-Msg3 retransmitted
[0m[NR_MAC] [RAPROC][701.18] RA-Msg3 retransmitted
[0m[93m[MAC]    [UE 0] Contention resolution failed
[0m[NR_MAC] PRACH scheduler: Selected RO Frame 708, Slot 19, Symbol 0, Fdm 0
[0m[PHY]    PRACH [UE 0] in frame.slot 708.19, placing PRACH in position 740, Msg1/MsgA-Preamble frequency start 0 (k1 0), preamble_offset 22, first_nonzero_root_idx 0, preambleIndex = 22
[0m[PHY]    [UE 0] RAR-Msg2 decoded
[0m[NR_MAC] [UE 0][RAPROC][RA-RNTI 010b] Got BI RAR subPDU 5 ms
[0m[NR_MAC] [UE 0][RAPROC][RA-RNTI 010b] Got RAPID RAR subPDU
[0m[32m[NR_MAC] [UE 0][RAPROC][709.10] Found RAR with the intended RAPID 22
[0m[32m[NR_MAC] [RAPROC][709.18] RA-Msg3 transmitted
[0m[NR_MAC] [RAPROC][710.18] RA-Msg3 retransmitted
[0m[NR_MAC] [RAPROC][711.18] RA-Msg3 retransmitted
[0m[NR_MAC] [RAPROC][712.18] RA-Msg3 retransmitted
[0m[93m[MAC]    [UE 0] Contention resolution failed
[0m[NR_MAC] PRACH scheduler: Selected RO Frame 719, Slot 19, Symbol 0, Fdm 0
[0m[PHY]    PRACH [UE 0] in frame.slot 719.19, placing PRACH in position 740, Msg1/MsgA-Preamble frequency start 0 (k1 0), preamble_offset 22, first_nonzero_root_idx 0, preambleIndex = 22
[0m[PHY]    [UE 0] RAR-Msg2 decoded
[0m[NR_MAC] [UE 0][RAPROC][RA-RNTI 010b] Got BI RAR subPDU 5 ms
[0m[NR_MAC] [UE 0][RAPROC][RA-RNTI 010b] Got RAPID RAR subPDU
[0m[32m[NR_MAC] [UE 0][RAPROC][720.10] Found RAR with the intended RAPID 22
[0m[32m[NR_MAC] [RAPROC][720.18] RA-Msg3 transmitted
[0m[NR_MAC] [RAPROC][721.18] RA-Msg3 retransmitted
[0m[NR_MAC] [RAPROC][722.18] RA-Msg3 retransmitted
[0m[NR_MAC] [RAPROC][723.18] RA-Msg3 retransmitted
[0m[93m[MAC]    [UE 0] Contention resolution failed
[0m[NR_MAC] PRACH scheduler: Selected RO Frame 730, Slot 19, Symbol 0, Fdm 0
[0m[PHY]    PRACH [UE 0] in frame.slot 730.19, placing PRACH in position 740, Msg1/MsgA-Preamble frequency start 0 (k1 0), preamble_offset 46, first_nonzero_root_idx 0, preambleIndex = 46
[0m[PHY]    [UE 0] RAR-Msg2 decoded
[0m[NR_MAC] [UE 0][RAPROC][RA-RNTI 010b] Got BI RAR subPDU 5 ms
[0m[NR_MAC] [UE 0][RAPROC][RA-RNTI 010b] Got RAPID RAR subPDU
[0m[32m[NR_MAC] [UE 0][RAPROC][731.10] Found RAR with the intended RAPID 46
[0m[32m[NR_MAC] [RAPROC][731.18] RA-Msg3 transmitted
[0m[NR_MAC] [RAPROC][732.18] RA-Msg3 retransmitted
[0m[NR_MAC] [RAPROC][733.18] RA-Msg3 retransmitted
[0m[NR_MAC] [RAPROC][734.18] RA-Msg3 retransmitted
[0m[93m[MAC]    [UE 0] Contention resolution failed
[0m[NR_MAC] PRACH scheduler: Selected RO Frame 741, Slot 19, Symbol 0, Fdm 0
[0m[PHY]    PRACH [UE 0] in frame.slot 741.19, placing PRACH in position 740, Msg1/MsgA-Preamble frequency start 0 (k1 0), preamble_offset 7, first_nonzero_root_idx 0, preambleIndex = 7
[0m[PHY]    [UE 0] RAR-Msg2 decoded
[0m[NR_MAC] [UE 0][RAPROC][RA-RNTI 010b] Got BI RAR subPDU 5 ms
[0m[NR_MAC] [UE 0][RAPROC][RA-RNTI 010b] Got RAPID RAR subPDU
[0m[32m[NR_MAC] [UE 0][RAPROC][742.10] Found RAR with the intended RAPID 7
[0m[32m[NR_MAC] [RAPROC][742.18] RA-Msg3 transmitted
[0m[NR_MAC] [RAPROC][743.18] RA-Msg3 retransmitted
[0m[NR_MAC] [RAPROC][744.18] RA-Msg3 retransmitted
[0m[NR_MAC] [RAPROC][745.18] RA-Msg3 retransmitted
[0m[93m[MAC]    [UE 0] Contention resolution failed
[0m[NR_MAC] PRACH scheduler: Selected RO Frame 752, Slot 19, Symbol 0, Fdm 0
[0m[PHY]    PRACH [UE 0] in frame.slot 752.19, placing PRACH in position 740, Msg1/MsgA-Preamble frequency start 0 (k1 0), preamble_offset 36, first_nonzero_root_idx 0, preambleIndex = 36
[0m[PHY]    [UE 0] RAR-Msg2 decoded
[0m[NR_MAC] [UE 0][RAPROC][RA-RNTI 010b] Got BI RAR subPDU 5 ms
[0m[NR_MAC] [UE 0][RAPROC][RA-RNTI 010b] Got RAPID RAR subPDU
[0m[32m[NR_MAC] [UE 0][RAPROC][753.10] Found RAR with the intended RAPID 36
[0m[32m[NR_MAC] [RAPROC][753.18] RA-Msg3 transmitted
[0m[NR_MAC] [RAPROC][754.18] RA-Msg3 retransmitted
[0m[NR_MAC] [RAPROC][755.18] RA-Msg3 retransmitted
[0m[NR_MAC] [RAPROC][756.18] RA-Msg3 retransmitted
[0m[93m[MAC]    [UE 0] Contention resolution failed
[0m[NR_MAC] PRACH scheduler: Selected RO Frame 763, Slot 19, Symbol 0, Fdm 0
[0m[PHY]    PRACH [UE 0] in frame.slot 763.19, placing PRACH in position 740, Msg1/MsgA-Preamble frequency start 0 (k1 0), preamble_offset 42, first_nonzero_root_idx 0, preambleIndex = 42
[0m[PHY]    [UE 0] RAR-Msg2 decoded
[0m[NR_MAC] [UE 0][RAPROC][RA-RNTI 010b] Got BI RAR subPDU 5 ms
[0m[NR_MAC] [UE 0][RAPROC][RA-RNTI 010b] Got RAPID RAR subPDU
[0m[32m[NR_MAC] [UE 0][RAPROC][764.10] Found RAR with the intended RAPID 42
[0m[32m[NR_MAC] [RAPROC][764.18] RA-Msg3 transmitted
[0m[NR_MAC] [RAPROC][765.18] RA-Msg3 retransmitted
[0m[NR_MAC] [RAPROC][766.18] RA-Msg3 retransmitted
[0m[NR_MAC] [RAPROC][767.18] RA-Msg3 retransmitted
[0m[93m[MAC]    [UE 0] Contention resolution failed
[0m[NR_MAC] PRACH scheduler: Selected RO Frame 774, Slot 19, Symbol 0, Fdm 0
[0m[PHY]    PRACH [UE 0] in frame.slot 774.19, placing PRACH in position 740, Msg1/MsgA-Preamble frequency start 0 (k1 0), preamble_offset 6, first_nonzero_root_idx 0, preambleIndex = 6
[0m[PHY]    [UE 0] RAR-Msg2 decoded
[0m[NR_MAC] [UE 0][RAPROC][RA-RNTI 010b] Got BI RAR subPDU 5 ms
[0m[NR_MAC] [UE 0][RAPROC][RA-RNTI 010b] Got RAPID RAR subPDU
[0m[32m[NR_MAC] [UE 0][RAPROC][775.10] Found RAR with the intended RAPID 6
[0m[32m[NR_MAC] [RAPROC][775.18] RA-Msg3 transmitted
[0m[NR_MAC] [RAPROC][776.18] RA-Msg3 retransmitted
[0m[NR_MAC] [RAPROC][777.18] RA-Msg3 retransmitted
[0m[NR_MAC] [RAPROC][778.18] RA-Msg3 retransmitted
[0m[93m[MAC]    [UE 0] Contention resolution failed
[0m[NR_MAC] PRACH scheduler: Selected RO Frame 785, Slot 19, Symbol 0, Fdm 0
[0m[PHY]    PRACH [UE 0] in frame.slot 785.19, placing PRACH in position 740, Msg1/MsgA-Preamble frequency start 0 (k1 0), preamble_offset 63, first_nonzero_root_idx 0, preambleIndex = 63
[0m[PHY]    [UE 0] RAR-Msg2 decoded
[0m[NR_MAC] [UE 0][RAPROC][RA-RNTI 010b] Got BI RAR subPDU 5 ms
[0m[NR_MAC] [UE 0][RAPROC][RA-RNTI 010b] Got RAPID RAR subPDU
[0m[32m[NR_MAC] [UE 0][RAPROC][786.10] Found RAR with the intended RAPID 63
[0m[32m[NR_MAC] [RAPROC][786.18] RA-Msg3 transmitted
[0m[NR_MAC] [RAPROC][787.18] RA-Msg3 retransmitted
[0m[NR_MAC] [RAPROC][788.18] RA-Msg3 retransmitted
[0m[NR_MAC] [RAPROC][789.18] RA-Msg3 retransmitted
[0m[93m[MAC]    [UE 0] Contention resolution failed
[0m[93m[NR_RRC] [UE 0] Timer T300 expired! No timely response to RRCSetupRequest
[0m[MAC]    Initialization of 4-Step CBRA procedure
[0m[NR_MAC] PRACH scheduler: Selected RO Frame 826, Slot 19, Symbol 0, Fdm 0
[0m[PHY]    PRACH [UE 0] in frame.slot 826.19, placing PRACH in position 740, Msg1/MsgA-Preamble frequency start 0 (k1 0), preamble_offset 61, first_nonzero_root_idx 0, preambleIndex = 61
[0m[PHY]    [UE 0] RAR-Msg2 decoded
[0m[NR_MAC] [UE 0][RAPROC][RA-RNTI 010b] Got BI RAR subPDU 5 ms
[0m[NR_MAC] [UE 0][RAPROC][RA-RNTI 010b] Got RAPID RAR subPDU
[0m[32m[NR_MAC] [UE 0][RAPROC][827.10] Found RAR with the intended RAPID 61
[0m[93m[MAC]    received TA command 31
[0m[32m[NR_MAC] [RAPROC][827.18] RA-Msg3 transmitted
[0m[NR_MAC] [RAPROC][828.18] RA-Msg3 retransmitted
[0m[NR_MAC] [RAPROC][829.18] RA-Msg3 retransmitted
[0m[NR_MAC] [RAPROC][830.18] RA-Msg3 retransmitted
[0m[93m[MAC]    [UE 0] Contention resolution failed
[0m[NR_MAC] PRACH scheduler: Selected RO Frame 837, Slot 19, Symbol 0, Fdm 0
[0m[PHY]    PRACH [UE 0] in frame.slot 837.19, placing PRACH in position 740, Msg1/MsgA-Preamble frequency start 0 (k1 0), preamble_offset 21, first_nonzero_root_idx 0, preambleIndex = 21
[0m[PHY]    [UE 0] RAR-Msg2 decoded
[0m[NR_MAC] [UE 0][RAPROC][RA-RNTI 010b] Got BI RAR subPDU 5 ms
[0m[NR_MAC] [UE 0][RAPROC][RA-RNTI 010b] Got RAPID RAR subPDU
[0m[32m[NR_MAC] [UE 0][RAPROC][838.10] Found RAR with the intended RAPID 21
[0m[32m[NR_MAC] [RAPROC][838.18] RA-Msg3 transmitted
[0m[NR_MAC] [RAPROC][839.18] RA-Msg3 retransmitted
[0m[NR_MAC] [RAPROC][840.18] RA-Msg3 retransmitted
[0m[NR_MAC] [RAPROC][841.18] RA-Msg3 retransmitted
[0m[93m[MAC]    [UE 0] Contention resolution failed
[0m[NR_MAC] PRACH scheduler: Selected RO Frame 848, Slot 19, Symbol 0, Fdm 0
[0m[PHY]    PRACH [UE 0] in frame.slot 848.19, placing PRACH in position 740, Msg1/MsgA-Preamble frequency start 0 (k1 0), preamble_offset 35, first_nonzero_root_idx 0, preambleIndex = 35
[0m[PHY]    [UE 0] RAR-Msg2 decoded
[0m[NR_MAC] [UE 0][RAPROC][RA-RNTI 010b] Got BI RAR subPDU 5 ms
[0m[NR_MAC] [UE 0][RAPROC][RA-RNTI 010b] Got RAPID RAR subPDU
[0m[32m[NR_MAC] [UE 0][RAPROC][849.10] Found RAR with the intended RAPID 35
[0m[32m[NR_MAC] [RAPROC][849.18] RA-Msg3 transmitted
[0m[NR_MAC] [RAPROC][850.18] RA-Msg3 retransmitted
[0m[NR_MAC] [RAPROC][851.18] RA-Msg3 retransmitted
[0m[NR_MAC] [RAPROC][852.18] RA-Msg3 retransmitted
[0m[93m[MAC]    [UE 0] Contention resolution failed
[0m[NR_MAC] PRACH scheduler: Selected RO Frame 859, Slot 19, Symbol 0, Fdm 0
[0m[PHY]    PRACH [UE 0] in frame.slot 859.19, placing PRACH in position 740, Msg1/MsgA-Preamble frequency start 0 (k1 0), preamble_offset 33, first_nonzero_root_idx 0, preambleIndex = 33
[0m[PHY]    [UE 0] RAR-Msg2 decoded
[0m[NR_MAC] [UE 0][RAPROC][RA-RNTI 010b] Got BI RAR subPDU 5 ms
[0m[NR_MAC] [UE 0][RAPROC][RA-RNTI 010b] Got RAPID RAR subPDU
[0m[32m[NR_MAC] [UE 0][RAPROC][860.10] Found RAR with the intended RAPID 33
[0m[32m[NR_MAC] [RAPROC][860.18] RA-Msg3 transmitted
[0m[NR_MAC] [RAPROC][861.18] RA-Msg3 retransmitted
[0m[NR_MAC] [RAPROC][862.18] RA-Msg3 retransmitted
[0m[NR_MAC] [RAPROC][863.18] RA-Msg3 retransmitted
[0m[93m[MAC]    [UE 0] Contention resolution failed
[0m[NR_MAC] PRACH scheduler: Selected RO Frame 870, Slot 19, Symbol 0, Fdm 0
[0m[PHY]    PRACH [UE 0] in frame.slot 870.19, placing PRACH in position 740, Msg1/MsgA-Preamble frequency start 0 (k1 0), preamble_offset 19, first_nonzero_root_idx 0, preambleIndex = 19
[0m[PHY]    [UE 0] RAR-Msg2 decoded
[0m[NR_MAC] [UE 0][RAPROC][RA-RNTI 010b] Got BI RAR subPDU 5 ms
[0m[NR_MAC] [UE 0][RAPROC][RA-RNTI 010b] Got RAPID RAR subPDU
[0m[32m[NR_MAC] [UE 0][RAPROC][871.10] Found RAR with the intended RAPID 19
[0m[32m[NR_MAC] [RAPROC][871.18] RA-Msg3 transmitted
[0m[NR_MAC] [RAPROC][872.18] RA-Msg3 retransmitted
[0m[NR_MAC] [RAPROC][873.18] RA-Msg3 retransmitted
[0m[NR_MAC] [RAPROC][874.18] RA-Msg3 retransmitted
[0m[93m[MAC]    [UE 0] Contention resolution failed
[0m[NR_MAC] PRACH scheduler: Selected RO Frame 881, Slot 19, Symbol 0, Fdm 0
[0m[PHY]    PRACH [UE 0] in frame.slot 881.19, placing PRACH in position 740, Msg1/MsgA-Preamble frequency start 0 (k1 0), preamble_offset 42, first_nonzero_root_idx 0, preambleIndex = 42
[0m[PHY]    [UE 0] RAR-Msg2 decoded
[0m[NR_MAC] [UE 0][RAPROC][RA-RNTI 010b] Got BI RAR subPDU 5 ms
[0m[NR_MAC] [UE 0][RAPROC][RA-RNTI 010b] Got RAPID RAR subPDU
[0m[32m[NR_MAC] [UE 0][RAPROC][882.10] Found RAR with the intended RAPID 42
[0m[32m[NR_MAC] [RAPROC][882.18] RA-Msg3 transmitted
[0m[NR_MAC] [RAPROC][883.18] RA-Msg3 retransmitted
[0m[NR_MAC] [RAPROC][884.18] RA-Msg3 retransmitted
[0m[NR_MAC] [RAPROC][885.18] RA-Msg3 retransmitted
[0m[93m[MAC]    [UE 0] Contention resolution failed
[0m[NR_MAC] PRACH scheduler: Selected RO Frame 892, Slot 19, Symbol 0, Fdm 0
[0m[PHY]    PRACH [UE 0] in frame.slot 892.19, placing PRACH in position 740, Msg1/MsgA-Preamble frequency start 0 (k1 0), preamble_offset 47, first_nonzero_root_idx 0, preambleIndex = 47
[0m[PHY]    [UE 0] RAR-Msg2 decoded
[0m[NR_MAC] [UE 0][RAPROC][RA-RNTI 010b] Got BI RAR subPDU 5 ms
[0m[NR_MAC] [UE 0][RAPROC][RA-RNTI 010b] Got RAPID RAR subPDU
[0m[32m[NR_MAC] [UE 0][RAPROC][893.10] Found RAR with the intended RAPID 47
[0m[32m[NR_MAC] [RAPROC][893.18] RA-Msg3 transmitted
[0m[NR_MAC] [RAPROC][894.18] RA-Msg3 retransmitted
[0m[NR_MAC] [RAPROC][895.18] RA-Msg3 retransmitted
[0m[NR_MAC] [RAPROC][896.18] RA-Msg3 retransmitted
[0m[93m[MAC]    [UE 0] Contention resolution failed
[0m[NR_MAC] PRACH scheduler: Selected RO Frame 903, Slot 19, Symbol 0, Fdm 0
[0m[PHY]    PRACH [UE 0] in frame.slot 903.19, placing PRACH in position 740, Msg1/MsgA-Preamble frequency start 0 (k1 0), preamble_offset 25, first_nonzero_root_idx 0, preambleIndex = 25
[0m[PHY]    [UE 0] RAR-Msg2 decoded
[0m[NR_MAC] [UE 0][RAPROC][RA-RNTI 010b] Got BI RAR subPDU 5 ms
[0m[NR_MAC] [UE 0][RAPROC][RA-RNTI 010b] Got RAPID RAR subPDU
[0m[32m[NR_MAC] [UE 0][RAPROC][904.10] Found RAR with the intended RAPID 25
[0m[32m[NR_MAC] [RAPROC][904.18] RA-Msg3 transmitted
[0m[NR_MAC] [RAPROC][905.18] RA-Msg3 retransmitted
[0m[NR_MAC] [RAPROC][906.18] RA-Msg3 retransmitted
[0m[NR_MAC] [RAPROC][907.18] RA-Msg3 retransmitted
[0m[93m[MAC]    [UE 0] Contention resolution failed
[0m[NR_MAC] PRACH scheduler: Selected RO Frame 914, Slot 19, Symbol 0, Fdm 0
[0m[PHY]    PRACH [UE 0] in frame.slot 914.19, placing PRACH in position 740, Msg1/MsgA-Preamble frequency start 0 (k1 0), preamble_offset 52, first_nonzero_root_idx 0, preambleIndex = 52
[0m[PHY]    [UE 0] RAR-Msg2 decoded
[0m[NR_MAC] [UE 0][RAPROC][RA-RNTI 010b] Got BI RAR subPDU 5 ms
[0m[NR_MAC] [UE 0][RAPROC][RA-RNTI 010b] Got RAPID RAR subPDU
[0m[32m[NR_MAC] [UE 0][RAPROC][915.10] Found RAR with the intended RAPID 52
[0m[32m[NR_MAC] [RAPROC][915.18] RA-Msg3 transmitted
[0m[NR_MAC] [RAPROC][916.18] RA-Msg3 retransmitted
[0m[NR_MAC] [RAPROC][917.18] RA-Msg3 retransmitted
[0m[NR_MAC] [RAPROC][918.18] RA-Msg3 retransmitted
[0m[93m[MAC]    [UE 0] Contention resolution failed
[0m[NR_MAC] PRACH scheduler: Selected RO Frame 925, Slot 19, Symbol 0, Fdm 0
[0m[PHY]    PRACH [UE 0] in frame.slot 925.19, placing PRACH in position 740, Msg1/MsgA-Preamble frequency start 0 (k1 0), preamble_offset 22, first_nonzero_root_idx 0, preambleIndex = 22
[0m[PHY]    [UE 0] RAR-Msg2 decoded
[0m[NR_MAC] [UE 0][RAPROC][RA-RNTI 010b] Got BI RAR subPDU 5 ms
[0m[NR_MAC] [UE 0][RAPROC][RA-RNTI 010b] Got RAPID RAR subPDU
[0m[32m[NR_MAC] [UE 0][RAPROC][926.10] Found RAR with the intended RAPID 22
[0m[32m[NR_MAC] [RAPROC][926.18] RA-Msg3 transmitted
[0m[NR_MAC] [RAPROC][927.18] RA-Msg3 retransmitted
[0m[NR_MAC] [RAPROC][928.18] RA-Msg3 retransmitted
[0m[NR_MAC] [RAPROC][929.18] RA-Msg3 retransmitted
[0m[93m[MAC]    [UE 0] Contention resolution failed
[0m[NR_MAC] PRACH scheduler: Selected RO Frame 936, Slot 19, Symbol 0, Fdm 0
[0m[PHY]    PRACH [UE 0] in frame.slot 936.19, placing PRACH in position 740, Msg1/MsgA-Preamble frequency start 0 (k1 0), preamble_offset 24, first_nonzero_root_idx 0, preambleIndex = 24
[0m[PHY]    [UE 0] RAR-Msg2 decoded
[0m[NR_MAC] [UE 0][RAPROC][RA-RNTI 010b] Got BI RAR subPDU 5 ms
[0m[NR_MAC] [UE 0][RAPROC][RA-RNTI 010b] Got RAPID RAR subPDU
[0m[32m[NR_MAC] [UE 0][RAPROC][937.10] Found RAR with the intended RAPID 24
[0m[32m[NR_MAC] [RAPROC][937.18] RA-Msg3 transmitted
[0m[NR_MAC] [RAPROC][938.18] RA-Msg3 retransmitted
[0m[NR_MAC] [RAPROC][939.18] RA-Msg3 retransmitted
[0m[NR_MAC] [RAPROC][940.18] RA-Msg3 retransmitted
[0m[93m[MAC]    [UE 0] Contention resolution failed
[0m[NR_MAC] PRACH scheduler: Selected RO Frame 947, Slot 19, Symbol 0, Fdm 0
[0m[PHY]    PRACH [UE 0] in frame.slot 947.19, placing PRACH in position 740, Msg1/MsgA-Preamble frequency start 0 (k1 0), preamble_offset 48, first_nonzero_root_idx 0, preambleIndex = 48
[0m[PHY]    [UE 0] RAR-Msg2 decoded
[0m[NR_MAC] [UE 0][RAPROC][RA-RNTI 010b] Got BI RAR subPDU 5 ms
[0m[NR_MAC] [UE 0][RAPROC][RA-RNTI 010b] Got RAPID RAR subPDU
[0m[32m[NR_MAC] [UE 0][RAPROC][948.10] Found RAR with the intended RAPID 48
[0m[32m[NR_MAC] [RAPROC][948.18] RA-Msg3 transmitted
[0m[NR_MAC] [RAPROC][949.18] RA-Msg3 retransmitted
[0m[NR_MAC] [RAPROC][950.18] RA-Msg3 retransmitted
[0m[NR_MAC] [RAPROC][951.18] RA-Msg3 retransmitted
[0m[93m[MAC]    [UE 0] Contention resolution failed
[0m[NR_MAC] PRACH scheduler: Selected RO Frame 958, Slot 19, Symbol 0, Fdm 0
[0m[PHY]    PRACH [UE 0] in frame.slot 958.19, placing PRACH in position 740, Msg1/MsgA-Preamble frequency start 0 (k1 0), preamble_offset 58, first_nonzero_root_idx 0, preambleIndex = 58
[0m[PHY]    [UE 0] RAR-Msg2 decoded
[0m[NR_MAC] [UE 0][RAPROC][RA-RNTI 010b] Got BI RAR subPDU 5 ms
[0m[NR_MAC] [UE 0][RAPROC][RA-RNTI 010b] Got RAPID RAR subPDU
[0m[32m[NR_MAC] [UE 0][RAPROC][959.10] Found RAR with the intended RAPID 58
[0m[32m[NR_MAC] [RAPROC][959.18] RA-Msg3 transmitted
[0m[NR_MAC] [RAPROC][960.18] RA-Msg3 retransmitted
[0m[NR_MAC] [RAPROC][961.18] RA-Msg3 retransmitted
[0m[NR_MAC] [RAPROC][962.18] RA-Msg3 retransmitted
[0m[93m[MAC]    [UE 0] Contention resolution failed
[0m[NR_MAC] PRACH scheduler: Selected RO Frame 969, Slot 19, Symbol 0, Fdm 0
[0m[PHY]    PRACH [UE 0] in frame.slot 969.19, placing PRACH in position 740, Msg1/MsgA-Preamble frequency start 0 (k1 0), preamble_offset 9, first_nonzero_root_idx 0, preambleIndex = 9
[0m[PHY]    [UE 0] RAR-Msg2 decoded
[0m[NR_MAC] [UE 0][RAPROC][RA-RNTI 010b] Got BI RAR subPDU 5 ms
[0m[NR_MAC] [UE 0][RAPROC][RA-RNTI 010b] Got RAPID RAR subPDU
[0m[32m[NR_MAC] [UE 0][RAPROC][970.10] Found RAR with the intended RAPID 9
[0m[32m[NR_MAC] [RAPROC][970.18] RA-Msg3 transmitted
[0m[NR_MAC] [RAPROC][971.18] RA-Msg3 retransmitted
[0m[NR_MAC] [RAPROC][972.18] RA-Msg3 retransmitted
[0m[NR_MAC] [RAPROC][973.18] RA-Msg3 retransmitted
[0m[93m[MAC]    [UE 0] Contention resolution failed
[0m[NR_MAC] PRACH scheduler: Selected RO Frame 980, Slot 19, Symbol 0, Fdm 0
[0m[PHY]    PRACH [UE 0] in frame.slot 980.19, placing PRACH in position 740, Msg1/MsgA-Preamble frequency start 0 (k1 0), preamble_offset 6, first_nonzero_root_idx 0, preambleIndex = 6
[0m[PHY]    [UE 0] RAR-Msg2 decoded
[0m[NR_MAC] [UE 0][RAPROC][RA-RNTI 010b] Got BI RAR subPDU 5 ms
[0m[NR_MAC] [UE 0][RAPROC][RA-RNTI 010b] Got RAPID RAR subPDU
[0m[32m[NR_MAC] [UE 0][RAPROC][981.10] Found RAR with the intended RAPID 6
[0m[32m[NR_MAC] [RAPROC][981.18] RA-Msg3 transmitted
[0m[NR_MAC] [RAPROC][982.18] RA-Msg3 retransmitted
[0m[NR_MAC] [RAPROC][983.18] RA-Msg3 retransmitted
[0m[NR_MAC] [RAPROC][984.18] RA-Msg3 retransmitted
[0m[93m[MAC]    [UE 0] Contention resolution failed
[0m[NR_MAC] PRACH scheduler: Selected RO Frame 991, Slot 19, Symbol 0, Fdm 0
[0m[PHY]    PRACH [UE 0] in frame.slot 991.19, placing PRACH in position 740, Msg1/MsgA-Preamble frequency start 0 (k1 0), preamble_offset 1, first_nonzero_root_idx 0, preambleIndex = 1
[0m[PHY]    [UE 0] RAR-Msg2 decoded
[0m[NR_MAC] [UE 0][RAPROC][RA-RNTI 010b] Got BI RAR subPDU 5 ms
[0m[NR_MAC] [UE 0][RAPROC][RA-RNTI 010b] Got RAPID RAR subPDU
[0m[32m[NR_MAC] [UE 0][RAPROC][992.10] Found RAR with the intended RAPID 1
[0m[32m[NR_MAC] [RAPROC][992.18] RA-Msg3 transmitted
[0m[NR_MAC] [RAPROC][993.18] RA-Msg3 retransmitted
[0m[NR_MAC] [RAPROC][994.18] RA-Msg3 retransmitted
[0m[NR_MAC] [RAPROC][995.18] RA-Msg3 retransmitted
[0m[93m[MAC]    [UE 0] Contention resolution failed
[0m[NR_MAC] PRACH scheduler: Selected RO Frame 1002, Slot 19, Symbol 0, Fdm 0
[0m[PHY]    PRACH [UE 0] in frame.slot 1002.19, placing PRACH in position 740, Msg1/MsgA-Preamble frequency start 0 (k1 0), preamble_offset 0, first_nonzero_root_idx 0, preambleIndex = 0
[0m[PHY]    [UE 0] RAR-Msg2 decoded
[0m[NR_MAC] [UE 0][RAPROC][RA-RNTI 010b] Got BI RAR subPDU 5 ms
[0m[NR_MAC] [UE 0][RAPROC][RA-RNTI 010b] Got RAPID RAR subPDU
[0m[32m[NR_MAC] [UE 0][RAPROC][1003.10] Found RAR with the intended RAPID 0
[0m[32m[NR_MAC] [RAPROC][1003.18] RA-Msg3 transmitted
[0m[NR_MAC] [RAPROC][1004.18] RA-Msg3 retransmitted
[0m[NR_MAC] [RAPROC][1005.18] RA-Msg3 retransmitted
[0m[NR_MAC] [RAPROC][1006.18] RA-Msg3 retransmitted
[0m[93m[MAC]    [UE 0] Contention resolution failed
[0m[NR_MAC] PRACH scheduler: Selected RO Frame 1013, Slot 19, Symbol 0, Fdm 0
[0m[PHY]    PRACH [UE 0] in frame.slot 1013.19, placing PRACH in position 740, Msg1/MsgA-Preamble frequency start 0 (k1 0), preamble_offset 52, first_nonzero_root_idx 0, preambleIndex = 52
[0m[PHY]    [UE 0] RAR-Msg2 decoded
[0m[NR_MAC] [UE 0][RAPROC][RA-RNTI 010b] Got BI RAR subPDU 5 ms
[0m[NR_MAC] [UE 0][RAPROC][RA-RNTI 010b] Got RAPID RAR subPDU
[0m[32m[NR_MAC] [UE 0][RAPROC][1014.10] Found RAR with the intended RAPID 52
[0m[32m[NR_MAC] [RAPROC][1014.18] RA-Msg3 transmitted
[0m[NR_MAC] [RAPROC][1015.18] RA-Msg3 retransmitted
[0m[NR_MAC] [RAPROC][1016.18] RA-Msg3 retransmitted
[0m[NR_MAC] [RAPROC][1017.18] RA-Msg3 retransmitted
[0m[93m[MAC]    [UE 0] Contention resolution failed
[0m[NR_MAC] PRACH scheduler: Selected RO Frame 0, Slot 19, Symbol 0, Fdm 0
[0m[PHY]    PRACH [UE 0] in frame.slot 0.19, placing PRACH in position 740, Msg1/MsgA-Preamble frequency start 0 (k1 0), preamble_offset 11, first_nonzero_root_idx 0, preambleIndex = 11
[0m[PHY]    [UE 0] RAR-Msg2 decoded
[0m[NR_MAC] [UE 0][RAPROC][RA-RNTI 010b] Got BI RAR subPDU 5 ms
[0m[NR_MAC] [UE 0][RAPROC][RA-RNTI 010b] Got RAPID RAR subPDU
[0m[32m[NR_MAC] [UE 0][RAPROC][1.10] Found RAR with the intended RAPID 11
[0m[32m[NR_MAC] [RAPROC][1.18] RA-Msg3 transmitted
[0m[NR_MAC] [RAPROC][2.18] RA-Msg3 retransmitted
[0m[NR_MAC] [RAPROC][3.18] RA-Msg3 retransmitted
[0m[NR_MAC] [RAPROC][4.18] RA-Msg3 retransmitted
[0m[93m[MAC]    [UE 0] Contention resolution failed
[0m[NR_MAC] PRACH scheduler: Selected RO Frame 11, Slot 19, Symbol 0, Fdm 0
[0m[PHY]    PRACH [UE 0] in frame.slot 11.19, placing PRACH in position 740, Msg1/MsgA-Preamble frequency start 0 (k1 0), preamble_offset 3, first_nonzero_root_idx 0, preambleIndex = 3
[0m[PHY]    [UE 0] RAR-Msg2 decoded
[0m[NR_MAC] [UE 0][RAPROC][RA-RNTI 010b] Got BI RAR subPDU 5 ms
[0m[NR_MAC] [UE 0][RAPROC][RA-RNTI 010b] Got RAPID RAR subPDU
[0m[32m[NR_MAC] [UE 0][RAPROC][12.10] Found RAR with the intended RAPID 3
[0m[32m[NR_MAC] [RAPROC][12.18] RA-Msg3 transmitted
[0m[NR_MAC] [RAPROC][13.18] RA-Msg3 retransmitted
[0m[NR_MAC] [RAPROC][14.18] RA-Msg3 retransmitted
[0m[NR_MAC] [RAPROC][15.18] RA-Msg3 retransmitted
[0m[93m[MAC]    [UE 0] Contention resolution failed
[0m[93m[NR_RRC] [UE 0] Timer T300 expired! No timely response to RRCSetupRequest
[0m[MAC]    Initialization of 4-Step CBRA procedure
[0m[NR_MAC] PRACH scheduler: Selected RO Frame 52, Slot 19, Symbol 0, Fdm 0
[0m[PHY]    PRACH [UE 0] in frame.slot 52.19, placing PRACH in position 740, Msg1/MsgA-Preamble frequency start 0 (k1 0), preamble_offset 53, first_nonzero_root_idx 0, preambleIndex = 53
[0m[PHY]    [UE 0] RAR-Msg2 decoded
[0m[NR_MAC] [UE 0][RAPROC][RA-RNTI 010b] Got BI RAR subPDU 5 ms
[0m[NR_MAC] [UE 0][RAPROC][RA-RNTI 010b] Got RAPID RAR subPDU
[0m[32m[NR_MAC] [UE 0][RAPROC][53.10] Found RAR with the intended RAPID 53
[0m[93m[MAC]    received TA command 31
[0m[32m[NR_MAC] [RAPROC][53.18] RA-Msg3 transmitted
[0m[NR_MAC] [RAPROC][54.18] RA-Msg3 retransmitted
[0m[NR_MAC] [RAPROC][55.18] RA-Msg3 retransmitted
[0m[NR_MAC] [RAPROC][56.18] RA-Msg3 retransmitted
[0m[93m[MAC]    [UE 0] Contention resolution failed
[0m[NR_MAC] PRACH scheduler: Selected RO Frame 63, Slot 19, Symbol 0, Fdm 0
[0m[PHY]    PRACH [UE 0] in frame.slot 63.19, placing PRACH in position 740, Msg1/MsgA-Preamble frequency start 0 (k1 0), preamble_offset 41, first_nonzero_root_idx 0, preambleIndex = 41
[0m[PHY]    [UE 0] RAR-Msg2 decoded
[0m[NR_MAC] [UE 0][RAPROC][RA-RNTI 010b] Got BI RAR subPDU 5 ms
[0m[NR_MAC] [UE 0][RAPROC][RA-RNTI 010b] Got RAPID RAR subPDU
[0m[32m[NR_MAC] [UE 0][RAPROC][64.10] Found RAR with the intended RAPID 41
[0m[32m[NR_MAC] [RAPROC][64.18] RA-Msg3 transmitted
[0m[NR_MAC] [RAPROC][65.18] RA-Msg3 retransmitted
[0m[NR_MAC] [RAPROC][66.18] RA-Msg3 retransmitted
[0m[NR_MAC] [RAPROC][67.18] RA-Msg3 retransmitted
[0m[93m[MAC]    [UE 0] Contention resolution failed
[0m[NR_MAC] PRACH scheduler: Selected RO Frame 74, Slot 19, Symbol 0, Fdm 0
[0m[PHY]    PRACH [UE 0] in frame.slot 74.19, placing PRACH in position 740, Msg1/MsgA-Preamble frequency start 0 (k1 0), preamble_offset 6, first_nonzero_root_idx 0, preambleIndex = 6
[0m[PHY]    [UE 0] RAR-Msg2 decoded
[0m[NR_MAC] [UE 0][RAPROC][RA-RNTI 010b] Got BI RAR subPDU 5 ms
[0m[NR_MAC] [UE 0][RAPROC][RA-RNTI 010b] Got RAPID RAR subPDU
[0m[32m[NR_MAC] [UE 0][RAPROC][75.10] Found RAR with the intended RAPID 6
[0m[32m[NR_MAC] [RAPROC][75.18] RA-Msg3 transmitted
[0m[NR_MAC] [RAPROC][76.18] RA-Msg3 retransmitted
[0m[NR_MAC] [RAPROC][77.18] RA-Msg3 retransmitted
[0m[NR_MAC] [RAPROC][78.18] RA-Msg3 retransmitted
[0m[93m[MAC]    [UE 0] Contention resolution failed
[0m[NR_MAC] PRACH scheduler: Selected RO Frame 85, Slot 19, Symbol 0, Fdm 0
[0m[PHY]    PRACH [UE 0] in frame.slot 85.19, placing PRACH in position 740, Msg1/MsgA-Preamble frequency start 0 (k1 0), preamble_offset 41, first_nonzero_root_idx 0, preambleIndex = 41
[0m[PHY]    [UE 0] RAR-Msg2 decoded
[0m[NR_MAC] [UE 0][RAPROC][RA-RNTI 010b] Got BI RAR subPDU 5 ms
[0m[NR_MAC] [UE 0][RAPROC][RA-RNTI 010b] Got RAPID RAR subPDU
[0m[32m[NR_MAC] [UE 0][RAPROC][86.10] Found RAR with the intended RAPID 41
[0m[32m[NR_MAC] [RAPROC][86.18] RA-Msg3 transmitted
[0m[NR_MAC] [RAPROC][87.18] RA-Msg3 retransmitted
[0m[NR_MAC] [RAPROC][88.18] RA-Msg3 retransmitted
[0m[NR_MAC] [RAPROC][89.18] RA-Msg3 retransmitted
[0m[93m[MAC]    [UE 0] Contention resolution failed
[0m[NR_MAC] PRACH scheduler: Selected RO Frame 96, Slot 19, Symbol 0, Fdm 0
[0m[PHY]    PRACH [UE 0] in frame.slot 96.19, placing PRACH in position 740, Msg1/MsgA-Preamble frequency start 0 (k1 0), preamble_offset 9, first_nonzero_root_idx 0, preambleIndex = 9
[0m[PHY]    [UE 0] RAR-Msg2 decoded
[0m[NR_MAC] [UE 0][RAPROC][RA-RNTI 010b] Got BI RAR subPDU 5 ms
[0m[NR_MAC] [UE 0][RAPROC][RA-RNTI 010b] Got RAPID RAR subPDU
[0m[32m[NR_MAC] [UE 0][RAPROC][97.10] Found RAR with the intended RAPID 9
[0m[32m[NR_MAC] [RAPROC][97.18] RA-Msg3 transmitted
[0m[NR_MAC] [RAPROC][98.18] RA-Msg3 retransmitted
[0m[NR_MAC] [RAPROC][99.18] RA-Msg3 retransmitted
[0m[NR_MAC] [RAPROC][100.18] RA-Msg3 retransmitted
[0m[93m[MAC]    [UE 0] Contention resolution failed
[0m[NR_MAC] PRACH scheduler: Selected RO Frame 107, Slot 19, Symbol 0, Fdm 0
[0m[PHY]    PRACH [UE 0] in frame.slot 107.19, placing PRACH in position 740, Msg1/MsgA-Preamble frequency start 0 (k1 0), preamble_offset 46, first_nonzero_root_idx 0, preambleIndex = 46
[0m[PHY]    [UE 0] RAR-Msg2 decoded
[0m[NR_MAC] [UE 0][RAPROC][RA-RNTI 010b] Got BI RAR subPDU 5 ms
[0m[NR_MAC] [UE 0][RAPROC][RA-RNTI 010b] Got RAPID RAR subPDU
[0m[32m[NR_MAC] [UE 0][RAPROC][108.10] Found RAR with the intended RAPID 46
[0m[32m[NR_MAC] [RAPROC][108.18] RA-Msg3 transmitted
[0m[NR_MAC] [RAPROC][109.18] RA-Msg3 retransmitted
[0m[NR_MAC] [RAPROC][110.18] RA-Msg3 retransmitted
[0m[NR_MAC] [RAPROC][111.18] RA-Msg3 retransmitted
[0m[93m[MAC]    [UE 0] Contention resolution failed
[0m[NR_MAC] PRACH scheduler: Selected RO Frame 118, Slot 19, Symbol 0, Fdm 0
[0m[PHY]    PRACH [UE 0] in frame.slot 118.19, placing PRACH in position 740, Msg1/MsgA-Preamble frequency start 0 (k1 0), preamble_offset 7, first_nonzero_root_idx 0, preambleIndex = 7
[0m[PHY]    [UE 0] RAR-Msg2 decoded
[0m[NR_MAC] [UE 0][RAPROC][RA-RNTI 010b] Got BI RAR subPDU 5 ms
[0m[NR_MAC] [UE 0][RAPROC][RA-RNTI 010b] Got RAPID RAR subPDU
[0m[32m[NR_MAC] [UE 0][RAPROC][119.10] Found RAR with the intended RAPID 7
[0m[32m[NR_MAC] [RAPROC][119.18] RA-Msg3 transmitted
[0m[NR_MAC] [RAPROC][120.18] RA-Msg3 retransmitted
[0m[NR_MAC] [RAPROC][121.18] RA-Msg3 retransmitted
[0m[NR_MAC] [RAPROC][122.18] RA-Msg3 retransmitted
[0m[93m[MAC]    [UE 0] Contention resolution failed
[0m[NR_MAC] PRACH scheduler: Selected RO Frame 129, Slot 19, Symbol 0, Fdm 0
[0m[PHY]    PRACH [UE 0] in frame.slot 129.19, placing PRACH in position 740, Msg1/MsgA-Preamble frequency start 0 (k1 0), preamble_offset 12, first_nonzero_root_idx 0, preambleIndex = 12
[0m[PHY]    [UE 0] RAR-Msg2 decoded
[0m[NR_MAC] [UE 0][RAPROC][RA-RNTI 010b] Got BI RAR subPDU 5 ms
[0m[NR_MAC] [UE 0][RAPROC][RA-RNTI 010b] Got RAPID RAR subPDU
[0m[32m[NR_MAC] [UE 0][RAPROC][130.10] Found RAR with the intended RAPID 12
[0m[32m[NR_MAC] [RAPROC][130.18] RA-Msg3 transmitted
[0m[NR_MAC] [RAPROC][131.18] RA-Msg3 retransmitted
[0m[NR_MAC] [RAPROC][132.18] RA-Msg3 retransmitted
[0m[NR_MAC] [RAPROC][133.18] RA-Msg3 retransmitted
[0m[93m[MAC]    [UE 0] Contention resolution failed
[0m[NR_MAC] PRACH scheduler: Selected RO Frame 140, Slot 19, Symbol 0, Fdm 0
[0m[PHY]    PRACH [UE 0] in frame.slot 140.19, placing PRACH in position 740, Msg1/MsgA-Preamble frequency start 0 (k1 0), preamble_offset 48, first_nonzero_root_idx 0, preambleIndex = 48
[0m[PHY]    [UE 0] RAR-Msg2 decoded
[0m[NR_MAC] [UE 0][RAPROC][RA-RNTI 010b] Got BI RAR subPDU 5 ms
[0m[NR_MAC] [UE 0][RAPROC][RA-RNTI 010b] Got RAPID RAR subPDU
[0m[32m[NR_MAC] [UE 0][RAPROC][141.10] Found RAR with the intended RAPID 48
[0m[32m[NR_MAC] [RAPROC][141.18] RA-Msg3 transmitted
[0m[NR_MAC] [RAPROC][142.18] RA-Msg3 retransmitted
[0m[NR_MAC] [RAPROC][143.18] RA-Msg3 retransmitted
[0m[NR_MAC] [RAPROC][144.18] RA-Msg3 retransmitted
[0m[93m[MAC]    [UE 0] Contention resolution failed
[0m[NR_MAC] PRACH scheduler: Selected RO Frame 151, Slot 19, Symbol 0, Fdm 0
[0m[PHY]    PRACH [UE 0] in frame.slot 151.19, placing PRACH in position 740, Msg1/MsgA-Preamble frequency start 0 (k1 0), preamble_offset 60, first_nonzero_root_idx 0, preambleIndex = 60
[0m[PHY]    [UE 0] RAR-Msg2 decoded
[0m[NR_MAC] [UE 0][RAPROC][RA-RNTI 010b] Got BI RAR subPDU 5 ms
[0m[NR_MAC] [UE 0][RAPROC][RA-RNTI 010b] Got RAPID RAR subPDU
[0m[32m[NR_MAC] [UE 0][RAPROC][152.10] Found RAR with the intended RAPID 60
[0m[32m[NR_MAC] [RAPROC][152.18] RA-Msg3 transmitted
[0m[NR_MAC] [RAPROC][153.18] RA-Msg3 retransmitted
[0m[NR_MAC] [RAPROC][154.18] RA-Msg3 retransmitted
[0m[NR_MAC] [RAPROC][155.18] RA-Msg3 retransmitted
[0m[93m[MAC]    [UE 0] Contention resolution failed
[0m[NR_MAC] PRACH scheduler: Selected RO Frame 162, Slot 19, Symbol 0, Fdm 0
[0m[PHY]    PRACH [UE 0] in frame.slot 162.19, placing PRACH in position 740, Msg1/MsgA-Preamble frequency start 0 (k1 0), preamble_offset 14, first_nonzero_root_idx 0, preambleIndex = 14
[0m[PHY]    [UE 0] RAR-Msg2 decoded
[0m[NR_MAC] [UE 0][RAPROC][RA-RNTI 010b] Got BI RAR subPDU 5 ms
[0m[NR_MAC] [UE 0][RAPROC][RA-RNTI 010b] Got RAPID RAR subPDU
[0m[32m[NR_MAC] [UE 0][RAPROC][163.10] Found RAR with the intended RAPID 14
[0m[32m[NR_MAC] [RAPROC][163.18] RA-Msg3 transmitted
[0m[NR_MAC] [RAPROC][164.18] RA-Msg3 retransmitted
[0m[NR_MAC] [RAPROC][165.18] RA-Msg3 retransmitted
[0m[NR_MAC] [RAPROC][166.18] RA-Msg3 retransmitted
[0m[93m[MAC]    [UE 0] Contention resolution failed
[0m[NR_MAC] PRACH scheduler: Selected RO Frame 173, Slot 19, Symbol 0, Fdm 0
[0m[PHY]    PRACH [UE 0] in frame.slot 173.19, placing PRACH in position 740, Msg1/MsgA-Preamble frequency start 0 (k1 0), preamble_offset 59, first_nonzero_root_idx 0, preambleIndex = 59
[0m[PHY]    [UE 0] RAR-Msg2 decoded
[0m[NR_MAC] [UE 0][RAPROC][RA-RNTI 010b] Got BI RAR subPDU 5 ms
[0m[NR_MAC] [UE 0][RAPROC][RA-RNTI 010b] Got RAPID RAR subPDU
[0m[32m[NR_MAC] [UE 0][RAPROC][174.10] Found RAR with the intended RAPID 59
[0m[32m[NR_MAC] [RAPROC][174.18] RA-Msg3 transmitted
[0m[NR_MAC] [RAPROC][175.18] RA-Msg3 retransmitted
[0m[NR_MAC] [RAPROC][176.18] RA-Msg3 retransmitted
[0m[NR_MAC] [RAPROC][177.18] RA-Msg3 retransmitted
[0m[93m[MAC]    [UE 0] Contention resolution failed
[0m[NR_MAC] PRACH scheduler: Selected RO Frame 184, Slot 19, Symbol 0, Fdm 0
[0m[PHY]    PRACH [UE 0] in frame.slot 184.19, placing PRACH in position 740, Msg1/MsgA-Preamble frequency start 0 (k1 0), preamble_offset 51, first_nonzero_root_idx 0, preambleIndex = 51
[0m[PHY]    [UE 0] RAR-Msg2 decoded
[0m[NR_MAC] [UE 0][RAPROC][RA-RNTI 010b] Got BI RAR subPDU 5 ms
[0m[NR_MAC] [UE 0][RAPROC][RA-RNTI 010b] Got RAPID RAR subPDU
[0m[32m[NR_MAC] [UE 0][RAPROC][185.10] Found RAR with the intended RAPID 51
[0m[32m[NR_MAC] [RAPROC][185.18] RA-Msg3 transmitted
[0m[NR_MAC] [RAPROC][186.18] RA-Msg3 retransmitted
[0m[NR_MAC] [RAPROC][187.18] RA-Msg3 retransmitted
[0m[NR_MAC] [RAPROC][188.18] RA-Msg3 retransmitted
[0m[93m[MAC]    [UE 0] Contention resolution failed
[0m[NR_MAC] PRACH scheduler: Selected RO Frame 195, Slot 19, Symbol 0, Fdm 0
[0m[PHY]    PRACH [UE 0] in frame.slot 195.19, placing PRACH in position 740, Msg1/MsgA-Preamble frequency start 0 (k1 0), preamble_offset 5, first_nonzero_root_idx 0, preambleIndex = 5
[0m[PHY]    [UE 0] RAR-Msg2 decoded
[0m[NR_MAC] [UE 0][RAPROC][RA-RNTI 010b] Got BI RAR subPDU 5 ms
[0m[NR_MAC] [UE 0][RAPROC][RA-RNTI 010b] Got RAPID RAR subPDU
[0m[32m[NR_MAC] [UE 0][RAPROC][196.10] Found RAR with the intended RAPID 5
[0m[32m[NR_MAC] [RAPROC][196.18] RA-Msg3 transmitted
[0m[NR_MAC] [RAPROC][197.18] RA-Msg3 retransmitted
[0m[NR_MAC] [RAPROC][198.18] RA-Msg3 retransmitted
[0m[NR_MAC] [RAPROC][199.18] RA-Msg3 retransmitted
[0m[93m[MAC]    [UE 0] Contention resolution failed
[0m[NR_MAC] PRACH scheduler: Selected RO Frame 206, Slot 19, Symbol 0, Fdm 0
[0m[PHY]    PRACH [UE 0] in frame.slot 206.19, placing PRACH in position 740, Msg1/MsgA-Preamble frequency start 0 (k1 0), preamble_offset 58, first_nonzero_root_idx 0, preambleIndex = 58
[0m[PHY]    [UE 0] RAR-Msg2 decoded
[0m[NR_MAC] [UE 0][RAPROC][RA-RNTI 010b] Got BI RAR subPDU 5 ms
[0m[NR_MAC] [UE 0][RAPROC][RA-RNTI 010b] Got RAPID RAR subPDU
[0m[32m[NR_MAC] [UE 0][RAPROC][207.10] Found RAR with the intended RAPID 58
[0m[32m[NR_MAC] [RAPROC][207.18] RA-Msg3 transmitted
[0m[NR_MAC] [RAPROC][208.18] RA-Msg3 retransmitted
[0m[NR_MAC] [RAPROC][209.18] RA-Msg3 retransmitted
[0m[NR_MAC] [RAPROC][210.18] RA-Msg3 retransmitted
[0m[93m[MAC]    [UE 0] Contention resolution failed
[0m[NR_MAC] PRACH scheduler: Selected RO Frame 217, Slot 19, Symbol 0, Fdm 0
[0m[PHY]    PRACH [UE 0] in frame.slot 217.19, placing PRACH in position 740, Msg1/MsgA-Preamble frequency start 0 (k1 0), preamble_offset 46, first_nonzero_root_idx 0, preambleIndex = 46
[0m[PHY]    [UE 0] RAR-Msg2 decoded
[0m[NR_MAC] [UE 0][RAPROC][RA-RNTI 010b] Got BI RAR subPDU 5 ms
[0m[NR_MAC] [UE 0][RAPROC][RA-RNTI 010b] Got RAPID RAR subPDU
[0m[32m[NR_MAC] [UE 0][RAPROC][218.10] Found RAR with the intended RAPID 46
[0m[32m[NR_MAC] [RAPROC][218.18] RA-Msg3 transmitted
[0m[NR_MAC] [RAPROC][219.18] RA-Msg3 retransmitted
[0m[NR_MAC] [RAPROC][220.18] RA-Msg3 retransmitted
[0m[NR_MAC] [RAPROC][221.18] RA-Msg3 retransmitted
[0m[93m[MAC]    [UE 0] Contention resolution failed
[0m[NR_MAC] PRACH scheduler: Selected RO Frame 228, Slot 19, Symbol 0, Fdm 0
[0m[PHY]    PRACH [UE 0] in frame.slot 228.19, placing PRACH in position 740, Msg1/MsgA-Preamble frequency start 0 (k1 0), preamble_offset 5, first_nonzero_root_idx 0, preambleIndex = 5
[0m[PHY]    [UE 0] RAR-Msg2 decoded
[0m[NR_MAC] [UE 0][RAPROC][RA-RNTI 010b] Got BI RAR subPDU 5 ms
[0m[NR_MAC] [UE 0][RAPROC][RA-RNTI 010b] Got RAPID RAR subPDU
[0m[32m[NR_MAC] [UE 0][RAPROC][229.10] Found RAR with the intended RAPID 5
[0m[32m[NR_MAC] [RAPROC][229.18] RA-Msg3 transmitted
[0m[NR_MAC] [RAPROC][230.18] RA-Msg3 retransmitted
[0m[NR_MAC] [RAPROC][231.18] RA-Msg3 retransmitted
[0m[NR_MAC] [RAPROC][232.18] RA-Msg3 retransmitted
[0m[93m[MAC]    [UE 0] Contention resolution failed
[0m[NR_MAC] PRACH scheduler: Selected RO Frame 239, Slot 19, Symbol 0, Fdm 0
[0m[PHY]    PRACH [UE 0] in frame.slot 239.19, placing PRACH in position 740, Msg1/MsgA-Preamble frequency start 0 (k1 0), preamble_offset 12, first_nonzero_root_idx 0, preambleIndex = 12
[0m[PHY]    [UE 0] RAR-Msg2 decoded
[0m[NR_MAC] [UE 0][RAPROC][RA-RNTI 010b] Got BI RAR subPDU 5 ms
[0m[NR_MAC] [UE 0][RAPROC][RA-RNTI 010b] Got RAPID RAR subPDU
[0m[32m[NR_MAC] [UE 0][RAPROC][240.10] Found RAR with the intended RAPID 12
[0m[32m[NR_MAC] [RAPROC][240.18] RA-Msg3 transmitted
[0m[NR_MAC] [RAPROC][241.18] RA-Msg3 retransmitted
[0m[NR_MAC] [RAPROC][242.18] RA-Msg3 retransmitted
[0m[NR_MAC] [RAPROC][243.18] RA-Msg3 retransmitted
[0m[93m[MAC]    [UE 0] Contention resolution failed
[0m[NR_MAC] PRACH scheduler: Selected RO Frame 250, Slot 19, Symbol 0, Fdm 0
[0m[PHY]    PRACH [UE 0] in frame.slot 250.19, placing PRACH in position 740, Msg1/MsgA-Preamble frequency start 0 (k1 0), preamble_offset 59, first_nonzero_root_idx 0, preambleIndex = 59
[0m[PHY]    [UE 0] RAR-Msg2 decoded
[0m[NR_MAC] [UE 0][RAPROC][RA-RNTI 010b] Got BI RAR subPDU 5 ms
[0m[NR_MAC] [UE 0][RAPROC][RA-RNTI 010b] Got RAPID RAR subPDU
[0m[32m[NR_MAC] [UE 0][RAPROC][251.10] Found RAR with the intended RAPID 59
[0m[32m[NR_MAC] [RAPROC][251.18] RA-Msg3 transmitted
[0m[NR_MAC] [RAPROC][252.18] RA-Msg3 retransmitted
[0m[NR_MAC] [RAPROC][253.18] RA-Msg3 retransmitted
[0m[NR_MAC] [RAPROC][254.18] RA-Msg3 retransmitted
[0m[93m[MAC]    [UE 0] Contention resolution failed
[0m[NR_MAC] PRACH scheduler: Selected RO Frame 261, Slot 19, Symbol 0, Fdm 0
[0m[PHY]    PRACH [UE 0] in frame.slot 261.19, placing PRACH in position 740, Msg1/MsgA-Preamble frequency start 0 (k1 0), preamble_offset 6, first_nonzero_root_idx 0, preambleIndex = 6
[0m[PHY]    [UE 0] RAR-Msg2 decoded
[0m[NR_MAC] [UE 0][RAPROC][RA-RNTI 010b] Got BI RAR subPDU 5 ms
[0m[NR_MAC] [UE 0][RAPROC][RA-RNTI 010b] Got RAPID RAR subPDU
[0m[32m[NR_MAC] [UE 0][RAPROC][262.10] Found RAR with the intended RAPID 6
[0m[32m[NR_MAC] [RAPROC][262.18] RA-Msg3 transmitted
[0m[NR_MAC] [RAPROC][263.18] RA-Msg3 retransmitted
[0m[NR_MAC] [RAPROC][264.18] RA-Msg3 retransmitted
[0m[NR_MAC] [RAPROC][265.18] RA-Msg3 retransmitted
[0m[93m[MAC]    [UE 0] Contention resolution failed
[0m[93m[NR_RRC] [UE 0] Timer T300 expired! No timely response to RRCSetupRequest
[0m[MAC]    Initialization of 4-Step CBRA procedure
[0m[NR_MAC] PRACH scheduler: Selected RO Frame 302, Slot 19, Symbol 0, Fdm 0
[0m[PHY]    PRACH [UE 0] in frame.slot 302.19, placing PRACH in position 740, Msg1/MsgA-Preamble frequency start 0 (k1 0), preamble_offset 10, first_nonzero_root_idx 0, preambleIndex = 10
[0m[PHY]    [UE 0] RAR-Msg2 decoded
[0m[NR_MAC] [UE 0][RAPROC][RA-RNTI 010b] Got BI RAR subPDU 5 ms
[0m[NR_MAC] [UE 0][RAPROC][RA-RNTI 010b] Got RAPID RAR subPDU
[0m[32m[NR_MAC] [UE 0][RAPROC][303.10] Found RAR with the intended RAPID 10
[0m[93m[MAC]    received TA command 31
[0m[32m[NR_MAC] [RAPROC][303.18] RA-Msg3 transmitted
[0m[NR_MAC] [RAPROC][304.18] RA-Msg3 retransmitted
[0m[NR_MAC] [RAPROC][305.18] RA-Msg3 retransmitted
[0m[NR_MAC] [RAPROC][306.18] RA-Msg3 retransmitted
[0m[93m[MAC]    [UE 0] Contention resolution failed
[0m[NR_MAC] PRACH scheduler: Selected RO Frame 313, Slot 19, Symbol 0, Fdm 0
[0m[PHY]    PRACH [UE 0] in frame.slot 313.19, placing PRACH in position 740, Msg1/MsgA-Preamble frequency start 0 (k1 0), preamble_offset 37, first_nonzero_root_idx 0, preambleIndex = 37
[0m[PHY]    [UE 0] RAR-Msg2 decoded
[0m[NR_MAC] [UE 0][RAPROC][RA-RNTI 010b] Got BI RAR subPDU 5 ms
[0m[NR_MAC] [UE 0][RAPROC][RA-RNTI 010b] Got RAPID RAR subPDU
[0m[32m[NR_MAC] [UE 0][RAPROC][314.10] Found RAR with the intended RAPID 37
[0m[32m[NR_MAC] [RAPROC][314.18] RA-Msg3 transmitted
[0m[NR_MAC] [RAPROC][315.18] RA-Msg3 retransmitted
[0m[NR_MAC] [RAPROC][316.18] RA-Msg3 retransmitted
[0m[NR_MAC] [RAPROC][317.18] RA-Msg3 retransmitted
[0m[93m[MAC]    [UE 0] Contention resolution failed
[0m[NR_MAC] PRACH scheduler: Selected RO Frame 324, Slot 19, Symbol 0, Fdm 0
[0m[PHY]    PRACH [UE 0] in frame.slot 324.19, placing PRACH in position 740, Msg1/MsgA-Preamble frequency start 0 (k1 0), preamble_offset 34, first_nonzero_root_idx 0, preambleIndex = 34
[0m[PHY]    [UE 0] RAR-Msg2 decoded
[0m[NR_MAC] [UE 0][RAPROC][RA-RNTI 010b] Got BI RAR subPDU 5 ms
[0m[NR_MAC] [UE 0][RAPROC][RA-RNTI 010b] Got RAPID RAR subPDU
[0m[32m[NR_MAC] [UE 0][RAPROC][325.10] Found RAR with the intended RAPID 34
[0m[32m[NR_MAC] [RAPROC][325.18] RA-Msg3 transmitted
[0m[NR_MAC] [RAPROC][326.18] RA-Msg3 retransmitted
[0m[NR_MAC] [RAPROC][327.18] RA-Msg3 retransmitted
[0m[NR_MAC] [RAPROC][328.18] RA-Msg3 retransmitted
[0m[93m[MAC]    [UE 0] Contention resolution failed
[0m[NR_MAC] PRACH scheduler: Selected RO Frame 335, Slot 19, Symbol 0, Fdm 0
[0m[PHY]    PRACH [UE 0] in frame.slot 335.19, placing PRACH in position 740, Msg1/MsgA-Preamble frequency start 0 (k1 0), preamble_offset 23, first_nonzero_root_idx 0, preambleIndex = 23
[0m[PHY]    [UE 0] RAR-Msg2 decoded
[0m[NR_MAC] [UE 0][RAPROC][RA-RNTI 010b] Got BI RAR subPDU 5 ms
[0m[NR_MAC] [UE 0][RAPROC][RA-RNTI 010b] Got RAPID RAR subPDU
[0m[32m[NR_MAC] [UE 0][RAPROC][336.10] Found RAR with the intended RAPID 23
[0m[32m[NR_MAC] [RAPROC][336.18] RA-Msg3 transmitted
[0m[NR_MAC] [RAPROC][337.18] RA-Msg3 retransmitted
[0m[NR_MAC] [RAPROC][338.18] RA-Msg3 retransmitted
[0m[NR_MAC] [RAPROC][339.18] RA-Msg3 retransmitted
[0m[93m[MAC]    [UE 0] Contention resolution failed
[0m[NR_MAC] PRACH scheduler: Selected RO Frame 346, Slot 19, Symbol 0, Fdm 0
[0m[PHY]    PRACH [UE 0] in frame.slot 346.19, placing PRACH in position 740, Msg1/MsgA-Preamble frequency start 0 (k1 0), preamble_offset 17, first_nonzero_root_idx 0, preambleIndex = 17
[0m[PHY]    [UE 0] RAR-Msg2 decoded
[0m[NR_MAC] [UE 0][RAPROC][RA-RNTI 010b] Got BI RAR subPDU 5 ms
[0m[NR_MAC] [UE 0][RAPROC][RA-RNTI 010b] Got RAPID RAR subPDU
[0m[32m[NR_MAC] [UE 0][RAPROC][347.10] Found RAR with the intended RAPID 17
[0m[32m[NR_MAC] [RAPROC][347.18] RA-Msg3 transmitted
[0m[NR_MAC] [RAPROC][348.18] RA-Msg3 retransmitted
[0m[NR_MAC] [RAPROC][349.18] RA-Msg3 retransmitted
[0m[NR_MAC] [RAPROC][350.18] RA-Msg3 retransmitted
[0m[93m[MAC]    [UE 0] Contention resolution failed
[0m[NR_MAC] PRACH scheduler: Selected RO Frame 357, Slot 19, Symbol 0, Fdm 0
[0m[PHY]    PRACH [UE 0] in frame.slot 357.19, placing PRACH in position 740, Msg1/MsgA-Preamble frequency start 0 (k1 0), preamble_offset 49, first_nonzero_root_idx 0, preambleIndex = 49
[0m[PHY]    [UE 0] RAR-Msg2 decoded
[0m[NR_MAC] [UE 0][RAPROC][RA-RNTI 010b] Got BI RAR subPDU 5 ms
[0m[NR_MAC] [UE 0][RAPROC][RA-RNTI 010b] Got RAPID RAR subPDU
[0m[32m[NR_MAC] [UE 0][RAPROC][358.10] Found RAR with the intended RAPID 49
[0m[32m[NR_MAC] [RAPROC][358.18] RA-Msg3 transmitted
[0m[NR_MAC] [RAPROC][359.18] RA-Msg3 retransmitted
[0m[NR_MAC] [RAPROC][360.18] RA-Msg3 retransmitted
[0m[NR_MAC] [RAPROC][361.18] RA-Msg3 retransmitted
[0m[93m[MAC]    [UE 0] Contention resolution failed
[0m[NR_MAC] PRACH scheduler: Selected RO Frame 368, Slot 19, Symbol 0, Fdm 0
[0m[PHY]    PRACH [UE 0] in frame.slot 368.19, placing PRACH in position 740, Msg1/MsgA-Preamble frequency start 0 (k1 0), preamble_offset 56, first_nonzero_root_idx 0, preambleIndex = 56
[0m[PHY]    [UE 0] RAR-Msg2 decoded
[0m[NR_MAC] [UE 0][RAPROC][RA-RNTI 010b] Got BI RAR subPDU 5 ms
[0m[NR_MAC] [UE 0][RAPROC][RA-RNTI 010b] Got RAPID RAR subPDU
[0m[32m[NR_MAC] [UE 0][RAPROC][369.10] Found RAR with the intended RAPID 56
[0m[32m[NR_MAC] [RAPROC][369.18] RA-Msg3 transmitted
[0m[NR_MAC] [RAPROC][370.18] RA-Msg3 retransmitted
[0m[NR_MAC] [RAPROC][371.18] RA-Msg3 retransmitted
[0m[NR_MAC] [RAPROC][372.18] RA-Msg3 retransmitted
[0m[93m[MAC]    [UE 0] Contention resolution failed
[0m[NR_MAC] PRACH scheduler: Selected RO Frame 379, Slot 19, Symbol 0, Fdm 0
[0m[PHY]    PRACH [UE 0] in frame.slot 379.19, placing PRACH in position 740, Msg1/MsgA-Preamble frequency start 0 (k1 0), preamble_offset 9, first_nonzero_root_idx 0, preambleIndex = 9
[0m[PHY]    [UE 0] RAR-Msg2 decoded
[0m[NR_MAC] [UE 0][RAPROC][RA-RNTI 010b] Got BI RAR subPDU 5 ms
[0m[NR_MAC] [UE 0][RAPROC][RA-RNTI 010b] Got RAPID RAR subPDU
[0m[32m[NR_MAC] [UE 0][RAPROC][380.10] Found RAR with the intended RAPID 9
[0m[32m[NR_MAC] [RAPROC][380.18] RA-Msg3 transmitted
[0m[NR_MAC] [RAPROC][381.18] RA-Msg3 retransmitted
[0m[NR_MAC] [RAPROC][382.18] RA-Msg3 retransmitted
[0m[NR_MAC] [RAPROC][383.18] RA-Msg3 retransmitted
[0m[93m[MAC]    [UE 0] Contention resolution failed
[0m[NR_MAC] PRACH scheduler: Selected RO Frame 390, Slot 19, Symbol 0, Fdm 0
[0m[PHY]    PRACH [UE 0] in frame.slot 390.19, placing PRACH in position 740, Msg1/MsgA-Preamble frequency start 0 (k1 0), preamble_offset 19, first_nonzero_root_idx 0, preambleIndex = 19
[0m[PHY]    [UE 0] RAR-Msg2 decoded
[0m[NR_MAC] [UE 0][RAPROC][RA-RNTI 010b] Got BI RAR subPDU 5 ms
[0m[NR_MAC] [UE 0][RAPROC][RA-RNTI 010b] Got RAPID RAR subPDU
[0m[32m[NR_MAC] [UE 0][RAPROC][391.10] Found RAR with the intended RAPID 19
[0m[32m[NR_MAC] [RAPROC][391.18] RA-Msg3 transmitted
[0m[NR_MAC] [RAPROC][392.18] RA-Msg3 retransmitted
[0m[NR_MAC] [RAPROC][393.18] RA-Msg3 retransmitted
[0m[NR_MAC] [RAPROC][394.18] RA-Msg3 retransmitted
[0m[93m[MAC]    [UE 0] Contention resolution failed
[0m[NR_MAC] PRACH scheduler: Selected RO Frame 401, Slot 19, Symbol 0, Fdm 0
[0m[PHY]    PRACH [UE 0] in frame.slot 401.19, placing PRACH in position 740, Msg1/MsgA-Preamble frequency start 0 (k1 0), preamble_offset 5, first_nonzero_root_idx 0, preambleIndex = 5
[0m[PHY]    [UE 0] RAR-Msg2 decoded
[0m[NR_MAC] [UE 0][RAPROC][RA-RNTI 010b] Got BI RAR subPDU 5 ms
[0m[NR_MAC] [UE 0][RAPROC][RA-RNTI 010b] Got RAPID RAR subPDU
[0m[32m[NR_MAC] [UE 0][RAPROC][402.10] Found RAR with the intended RAPID 5
[0m[32m[NR_MAC] [RAPROC][402.18] RA-Msg3 transmitted
[0m[NR_MAC] [RAPROC][403.18] RA-Msg3 retransmitted
[0m[NR_MAC] [RAPROC][404.18] RA-Msg3 retransmitted
[0m[NR_MAC] [RAPROC][405.18] RA-Msg3 retransmitted
[0m[93m[MAC]    [UE 0] Contention resolution failed
[0m[NR_MAC] PRACH scheduler: Selected RO Frame 412, Slot 19, Symbol 0, Fdm 0
[0m[PHY]    PRACH [UE 0] in frame.slot 412.19, placing PRACH in position 740, Msg1/MsgA-Preamble frequency start 0 (k1 0), preamble_offset 12, first_nonzero_root_idx 0, preambleIndex = 12
[0m[PHY]    [UE 0] RAR-Msg2 decoded
[0m[NR_MAC] [UE 0][RAPROC][RA-RNTI 010b] Got BI RAR subPDU 5 ms
[0m[NR_MAC] [UE 0][RAPROC][RA-RNTI 010b] Got RAPID RAR subPDU
[0m[32m[NR_MAC] [UE 0][RAPROC][413.10] Found RAR with the intended RAPID 12
[0m[32m[NR_MAC] [RAPROC][413.18] RA-Msg3 transmitted
[0m[NR_MAC] [RAPROC][414.18] RA-Msg3 retransmitted
[0m[NR_MAC] [RAPROC][415.18] RA-Msg3 retransmitted
[0m[NR_MAC] [RAPROC][416.18] RA-Msg3 retransmitted
[0m[93m[MAC]    [UE 0] Contention resolution failed
[0m[NR_MAC] PRACH scheduler: Selected RO Frame 423, Slot 19, Symbol 0, Fdm 0
[0m[PHY]    PRACH [UE 0] in frame.slot 423.19, placing PRACH in position 740, Msg1/MsgA-Preamble frequency start 0 (k1 0), preamble_offset 22, first_nonzero_root_idx 0, preambleIndex = 22
[0m[PHY]    [UE 0] RAR-Msg2 decoded
[0m[NR_MAC] [UE 0][RAPROC][RA-RNTI 010b] Got BI RAR subPDU 5 ms
[0m[NR_MAC] [UE 0][RAPROC][RA-RNTI 010b] Got RAPID RAR subPDU
[0m[32m[NR_MAC] [UE 0][RAPROC][424.10] Found RAR with the intended RAPID 22
[0m[32m[NR_MAC] [RAPROC][424.18] RA-Msg3 transmitted
[0m[NR_MAC] [RAPROC][425.18] RA-Msg3 retransmitted
[0m[NR_MAC] [RAPROC][426.18] RA-Msg3 retransmitted
[0m[NR_MAC] [RAPROC][427.18] RA-Msg3 retransmitted
[0m[93m[MAC]    [UE 0] Contention resolution failed
[0m[NR_MAC] PRACH scheduler: Selected RO Frame 434, Slot 19, Symbol 0, Fdm 0
[0m[PHY]    PRACH [UE 0] in frame.slot 434.19, placing PRACH in position 740, Msg1/MsgA-Preamble frequency start 0 (k1 0), preamble_offset 30, first_nonzero_root_idx 0, preambleIndex = 30
[0m[PHY]    [UE 0] RAR-Msg2 decoded
[0m[NR_MAC] [UE 0][RAPROC][RA-RNTI 010b] Got BI RAR subPDU 5 ms
[0m[NR_MAC] [UE 0][RAPROC][RA-RNTI 010b] Got RAPID RAR subPDU
[0m[32m[NR_MAC] [UE 0][RAPROC][435.10] Found RAR with the intended RAPID 30
[0m[32m[NR_MAC] [RAPROC][435.18] RA-Msg3 transmitted
[0m[NR_MAC] [RAPROC][436.18] RA-Msg3 retransmitted
[0m[NR_MAC] [RAPROC][437.18] RA-Msg3 retransmitted
[0m[NR_MAC] [RAPROC][438.18] RA-Msg3 retransmitted
[0m[93m[MAC]    [UE 0] Contention resolution failed
[0m[NR_MAC] PRACH scheduler: Selected RO Frame 445, Slot 19, Symbol 0, Fdm 0
[0m[PHY]    PRACH [UE 0] in frame.slot 445.19, placing PRACH in position 740, Msg1/MsgA-Preamble frequency start 0 (k1 0), preamble_offset 0, first_nonzero_root_idx 0, preambleIndex = 0
[0m[PHY]    [UE 0] RAR-Msg2 decoded
[0m[NR_MAC] [UE 0][RAPROC][RA-RNTI 010b] Got BI RAR subPDU 5 ms
[0m[NR_MAC] [UE 0][RAPROC][RA-RNTI 010b] Got RAPID RAR subPDU
[0m[32m[NR_MAC] [UE 0][RAPROC][446.10] Found RAR with the intended RAPID 0
[0m[32m[NR_MAC] [RAPROC][446.18] RA-Msg3 transmitted
[0m[NR_MAC] [RAPROC][447.18] RA-Msg3 retransmitted
[0m[NR_MAC] [RAPROC][448.18] RA-Msg3 retransmitted
[0m[NR_MAC] [RAPROC][449.18] RA-Msg3 retransmitted
[0m[93m[MAC]    [UE 0] Contention resolution failed
[0m[NR_MAC] PRACH scheduler: Selected RO Frame 456, Slot 19, Symbol 0, Fdm 0
[0m[PHY]    PRACH [UE 0] in frame.slot 456.19, placing PRACH in position 740, Msg1/MsgA-Preamble frequency start 0 (k1 0), preamble_offset 30, first_nonzero_root_idx 0, preambleIndex = 30
[0m[PHY]    [UE 0] RAR-Msg2 decoded
[0m[NR_MAC] [UE 0][RAPROC][RA-RNTI 010b] Got BI RAR subPDU 5 ms
[0m[NR_MAC] [UE 0][RAPROC][RA-RNTI 010b] Got RAPID RAR subPDU
[0m[32m[NR_MAC] [UE 0][RAPROC][457.10] Found RAR with the intended RAPID 30
[0m[32m[NR_MAC] [RAPROC][457.18] RA-Msg3 transmitted
[0m[NR_MAC] [RAPROC][458.18] RA-Msg3 retransmitted
[0m[NR_MAC] [RAPROC][459.18] RA-Msg3 retransmitted
[0m[NR_MAC] [RAPROC][460.18] RA-Msg3 retransmitted
[0m[93m[MAC]    [UE 0] Contention resolution failed
[0m[NR_MAC] PRACH scheduler: Selected RO Frame 467, Slot 19, Symbol 0, Fdm 0
[0m[PHY]    PRACH [UE 0] in frame.slot 467.19, placing PRACH in position 740, Msg1/MsgA-Preamble frequency start 0 (k1 0), preamble_offset 38, first_nonzero_root_idx 0, preambleIndex = 38
[0m[PHY]    [UE 0] RAR-Msg2 decoded
[0m[NR_MAC] [UE 0][RAPROC][RA-RNTI 010b] Got BI RAR subPDU 5 ms
[0m[NR_MAC] [UE 0][RAPROC][RA-RNTI 010b] Got RAPID RAR subPDU
[0m[32m[NR_MAC] [UE 0][RAPROC][468.10] Found RAR with the intended RAPID 38
[0m[32m[NR_MAC] [RAPROC][468.18] RA-Msg3 transmitted
[0m[NR_MAC] [RAPROC][469.18] RA-Msg3 retransmitted
[0m[NR_MAC] [RAPROC][470.18] RA-Msg3 retransmitted
[0m[NR_MAC] [RAPROC][471.18] RA-Msg3 retransmitted
[0m[93m[MAC]    [UE 0] Contention resolution failed
[0m[NR_MAC] PRACH scheduler: Selected RO Frame 478, Slot 19, Symbol 0, Fdm 0
[0m[PHY]    PRACH [UE 0] in frame.slot 478.19, placing PRACH in position 740, Msg1/MsgA-Preamble frequency start 0 (k1 0), preamble_offset 0, first_nonzero_root_idx 0, preambleIndex = 0
[0m[PHY]    [UE 0] RAR-Msg2 decoded
[0m[NR_MAC] [UE 0][RAPROC][RA-RNTI 010b] Got BI RAR subPDU 5 ms
[0m[NR_MAC] [UE 0][RAPROC][RA-RNTI 010b] Got RAPID RAR subPDU
[0m[32m[NR_MAC] [UE 0][RAPROC][479.10] Found RAR with the intended RAPID 0
[0m[32m[NR_MAC] [RAPROC][479.18] RA-Msg3 transmitted
[0m[NR_MAC] [RAPROC][480.18] RA-Msg3 retransmitted
[0m[NR_MAC] [RAPROC][481.18] RA-Msg3 retransmitted
[0m[NR_MAC] [RAPROC][482.18] RA-Msg3 retransmitted
[0m[93m[MAC]    [UE 0] Contention resolution failed
[0m[NR_MAC] PRACH scheduler: Selected RO Frame 489, Slot 19, Symbol 0, Fdm 0
[0m[PHY]    PRACH [UE 0] in frame.slot 489.19, placing PRACH in position 740, Msg1/MsgA-Preamble frequency start 0 (k1 0), preamble_offset 19, first_nonzero_root_idx 0, preambleIndex = 19
[0m[PHY]    [UE 0] RAR-Msg2 decoded
[0m[NR_MAC] [UE 0][RAPROC][RA-RNTI 010b] Got BI RAR subPDU 5 ms
[0m[NR_MAC] [UE 0][RAPROC][RA-RNTI 010b] Got RAPID RAR subPDU
[0m[32m[NR_MAC] [UE 0][RAPROC][490.10] Found RAR with the intended RAPID 19
[0m[32m[NR_MAC] [RAPROC][490.18] RA-Msg3 transmitted
[0m[NR_MAC] [RAPROC][491.18] RA-Msg3 retransmitted
[0m[NR_MAC] [RAPROC][492.18] RA-Msg3 retransmitted
[0m[NR_MAC] [RAPROC][493.18] RA-Msg3 retransmitted
[0m[93m[MAC]    [UE 0] Contention resolution failed
[0m[NR_MAC] PRACH scheduler: Selected RO Frame 500, Slot 19, Symbol 0, Fdm 0
[0m[PHY]    PRACH [UE 0] in frame.slot 500.19, placing PRACH in position 740, Msg1/MsgA-Preamble frequency start 0 (k1 0), preamble_offset 16, first_nonzero_root_idx 0, preambleIndex = 16
[0m[PHY]    [UE 0] RAR-Msg2 decoded
[0m[NR_MAC] [UE 0][RAPROC][RA-RNTI 010b] Got BI RAR subPDU 5 ms
[0m[NR_MAC] [UE 0][RAPROC][RA-RNTI 010b] Got RAPID RAR subPDU
[0m[32m[NR_MAC] [UE 0][RAPROC][501.10] Found RAR with the intended RAPID 16
[0m[32m[NR_MAC] [RAPROC][501.18] RA-Msg3 transmitted
[0m[NR_MAC] [RAPROC][502.18] RA-Msg3 retransmitted
[0m[NR_MAC] [RAPROC][503.18] RA-Msg3 retransmitted
[0m[NR_MAC] [RAPROC][504.18] RA-Msg3 retransmitted
[0m[93m[MAC]    [UE 0] Contention resolution failed
[0m[NR_MAC] PRACH scheduler: Selected RO Frame 511, Slot 19, Symbol 0, Fdm 0
[0m[PHY]    PRACH [UE 0] in frame.slot 511.19, placing PRACH in position 740, Msg1/MsgA-Preamble frequency start 0 (k1 0), preamble_offset 51, first_nonzero_root_idx 0, preambleIndex = 51
[0m[PHY]    [UE 0] RAR-Msg2 decoded
[0m[NR_MAC] [UE 0][RAPROC][RA-RNTI 010b] Got BI RAR subPDU 5 ms
[0m[NR_MAC] [UE 0][RAPROC][RA-RNTI 010b] Got RAPID RAR subPDU
[0m[32m[NR_MAC] [UE 0][RAPROC][512.10] Found RAR with the intended RAPID 51
[0m[32m[NR_MAC] [RAPROC][512.18] RA-Msg3 transmitted
[0m[NR_MAC] [RAPROC][513.18] RA-Msg3 retransmitted
[0m[NR_MAC] [RAPROC][514.18] RA-Msg3 retransmitted
[0m[NR_MAC] [RAPROC][515.18] RA-Msg3 retransmitted
[0m[93m[MAC]    [UE 0] Contention resolution failed
[0m[93m[NR_RRC] [UE 0] Timer T300 expired! No timely response to RRCSetupRequest
[0m[MAC]    Initialization of 4-Step CBRA procedure
[0m[NR_MAC] PRACH scheduler: Selected RO Frame 552, Slot 19, Symbol 0, Fdm 0
[0m[PHY]    PRACH [UE 0] in frame.slot 552.19, placing PRACH in position 740, Msg1/MsgA-Preamble frequency start 0 (k1 0), preamble_offset 21, first_nonzero_root_idx 0, preambleIndex = 21
[0m[PHY]    [UE 0] RAR-Msg2 decoded
[0m[NR_MAC] [UE 0][RAPROC][RA-RNTI 010b] Got BI RAR subPDU 5 ms
[0m[NR_MAC] [UE 0][RAPROC][RA-RNTI 010b] Got RAPID RAR subPDU
[0m[32m[NR_MAC] [UE 0][RAPROC][553.10] Found RAR with the intended RAPID 21
[0m[93m[MAC]    received TA command 31
[0m[32m[NR_MAC] [RAPROC][553.18] RA-Msg3 transmitted
[0m[NR_MAC] [RAPROC][554.18] RA-Msg3 retransmitted
[0m[NR_MAC] [RAPROC][555.18] RA-Msg3 retransmitted
[0m[NR_MAC] [RAPROC][556.18] RA-Msg3 retransmitted
[0m[93m[MAC]    [UE 0] Contention resolution failed
[0m[NR_MAC] PRACH scheduler: Selected RO Frame 563, Slot 19, Symbol 0, Fdm 0
[0m[PHY]    PRACH [UE 0] in frame.slot 563.19, placing PRACH in position 740, Msg1/MsgA-Preamble frequency start 0 (k1 0), preamble_offset 62, first_nonzero_root_idx 0, preambleIndex = 62
[0m[PHY]    [UE 0] RAR-Msg2 decoded
[0m[NR_MAC] [UE 0][RAPROC][RA-RNTI 010b] Got BI RAR subPDU 5 ms
[0m[NR_MAC] [UE 0][RAPROC][RA-RNTI 010b] Got RAPID RAR subPDU
[0m[32m[NR_MAC] [UE 0][RAPROC][564.10] Found RAR with the intended RAPID 62
[0m[32m[NR_MAC] [RAPROC][564.18] RA-Msg3 transmitted
[0m[NR_MAC] [RAPROC][565.18] RA-Msg3 retransmitted
[0m[NR_MAC] [RAPROC][566.18] RA-Msg3 retransmitted
[0m[NR_MAC] [RAPROC][567.18] RA-Msg3 retransmitted
[0m[93m[MAC]    [UE 0] Contention resolution failed
[0m[NR_MAC] PRACH scheduler: Selected RO Frame 574, Slot 19, Symbol 0, Fdm 0
[0m[PHY]    PRACH [UE 0] in frame.slot 574.19, placing PRACH in position 740, Msg1/MsgA-Preamble frequency start 0 (k1 0), preamble_offset 18, first_nonzero_root_idx 0, preambleIndex = 18
[0m[PHY]    [UE 0] RAR-Msg2 decoded
[0m[NR_MAC] [UE 0][RAPROC][RA-RNTI 010b] Got BI RAR subPDU 5 ms
[0m[NR_MAC] [UE 0][RAPROC][RA-RNTI 010b] Got RAPID RAR subPDU
[0m[32m[NR_MAC] [UE 0][RAPROC][575.10] Found RAR with the intended RAPID 18
[0m[32m[NR_MAC] [RAPROC][575.18] RA-Msg3 transmitted
[0m[NR_MAC] [RAPROC][576.18] RA-Msg3 retransmitted
[0m[NR_MAC] [RAPROC][577.18] RA-Msg3 retransmitted
[0m[NR_MAC] [RAPROC][578.18] RA-Msg3 retransmitted
[0m[93m[MAC]    [UE 0] Contention resolution failed
[0m[NR_MAC] PRACH scheduler: Selected RO Frame 585, Slot 19, Symbol 0, Fdm 0
[0m[PHY]    PRACH [UE 0] in frame.slot 585.19, placing PRACH in position 740, Msg1/MsgA-Preamble frequency start 0 (k1 0), preamble_offset 0, first_nonzero_root_idx 0, preambleIndex = 0
[0m[PHY]    [UE 0] RAR-Msg2 decoded
[0m[NR_MAC] [UE 0][RAPROC][RA-RNTI 010b] Got BI RAR subPDU 5 ms
[0m[NR_MAC] [UE 0][RAPROC][RA-RNTI 010b] Got RAPID RAR subPDU
[0m[32m[NR_MAC] [UE 0][RAPROC][586.10] Found RAR with the intended RAPID 0
[0m[32m[NR_MAC] [RAPROC][586.18] RA-Msg3 transmitted
[0m[NR_MAC] [RAPROC][587.18] RA-Msg3 retransmitted
[0m[NR_MAC] [RAPROC][588.18] RA-Msg3 retransmitted
[0m[NR_MAC] [RAPROC][589.18] RA-Msg3 retransmitted
[0m[93m[MAC]    [UE 0] Contention resolution failed
[0m[NR_MAC] PRACH scheduler: Selected RO Frame 596, Slot 19, Symbol 0, Fdm 0
[0m[PHY]    PRACH [UE 0] in frame.slot 596.19, placing PRACH in position 740, Msg1/MsgA-Preamble frequency start 0 (k1 0), preamble_offset 47, first_nonzero_root_idx 0, preambleIndex = 47
[0m[PHY]    [UE 0] RAR-Msg2 decoded
[0m[NR_MAC] [UE 0][RAPROC][RA-RNTI 010b] Got BI RAR subPDU 5 ms
[0m[NR_MAC] [UE 0][RAPROC][RA-RNTI 010b] Got RAPID RAR subPDU
[0m[32m[NR_MAC] [UE 0][RAPROC][597.10] Found RAR with the intended RAPID 47
[0m[32m[NR_MAC] [RAPROC][597.18] RA-Msg3 transmitted
[0m[NR_MAC] [RAPROC][598.18] RA-Msg3 retransmitted
[0m[NR_MAC] [RAPROC][599.18] RA-Msg3 retransmitted
[0m[NR_MAC] [RAPROC][600.18] RA-Msg3 retransmitted
[0m[93m[MAC]    [UE 0] Contention resolution failed
[0m[NR_MAC] PRACH scheduler: Selected RO Frame 607, Slot 19, Symbol 0, Fdm 0
[0m[PHY]    PRACH [UE 0] in frame.slot 607.19, placing PRACH in position 740, Msg1/MsgA-Preamble frequency start 0 (k1 0), preamble_offset 7, first_nonzero_root_idx 0, preambleIndex = 7
[0m[PHY]    [UE 0] RAR-Msg2 decoded
[0m[NR_MAC] [UE 0][RAPROC][RA-RNTI 010b] Got BI RAR subPDU 5 ms
[0m[NR_MAC] [UE 0][RAPROC][RA-RNTI 010b] Got RAPID RAR subPDU
[0m[32m[NR_MAC] [UE 0][RAPROC][608.10] Found RAR with the intended RAPID 7
[0m[32m[NR_MAC] [RAPROC][608.18] RA-Msg3 transmitted
[0m[NR_MAC] [RAPROC][609.18] RA-Msg3 retransmitted
[0m[NR_MAC] [RAPROC][610.18] RA-Msg3 retransmitted
[0m[NR_MAC] [RAPROC][611.18] RA-Msg3 retransmitted
[0m[93m[MAC]    [UE 0] Contention resolution failed
[0m[NR_MAC] PRACH scheduler: Selected RO Frame 618, Slot 19, Symbol 0, Fdm 0
[0m[PHY]    PRACH [UE 0] in frame.slot 618.19, placing PRACH in position 740, Msg1/MsgA-Preamble frequency start 0 (k1 0), preamble_offset 50, first_nonzero_root_idx 0, preambleIndex = 50
[0m[PHY]    [UE 0] RAR-Msg2 decoded
[0m[NR_MAC] [UE 0][RAPROC][RA-RNTI 010b] Got BI RAR subPDU 5 ms
[0m[NR_MAC] [UE 0][RAPROC][RA-RNTI 010b] Got RAPID RAR subPDU
[0m[32m[NR_MAC] [UE 0][RAPROC][619.10] Found RAR with the intended RAPID 50
[0m[32m[NR_MAC] [RAPROC][619.18] RA-Msg3 transmitted
[0m[NR_MAC] [RAPROC][620.18] RA-Msg3 retransmitted
[0m[NR_MAC] [RAPROC][621.18] RA-Msg3 retransmitted
[0m[NR_MAC] [RAPROC][622.18] RA-Msg3 retransmitted
[0m[93m[MAC]    [UE 0] Contention resolution failed
[0m[NR_MAC] PRACH scheduler: Selected RO Frame 629, Slot 19, Symbol 0, Fdm 0
[0m[PHY]    PRACH [UE 0] in frame.slot 629.19, placing PRACH in position 740, Msg1/MsgA-Preamble frequency start 0 (k1 0), preamble_offset 2, first_nonzero_root_idx 0, preambleIndex = 2
[0m[PHY]    [UE 0] RAR-Msg2 decoded
[0m[NR_MAC] [UE 0][RAPROC][RA-RNTI 010b] Got BI RAR subPDU 5 ms
[0m[NR_MAC] [UE 0][RAPROC][RA-RNTI 010b] Got RAPID RAR subPDU
[0m[32m[NR_MAC] [UE 0][RAPROC][630.10] Found RAR with the intended RAPID 2
[0m[32m[NR_MAC] [RAPROC][630.18] RA-Msg3 transmitted
[0m[NR_MAC] [RAPROC][631.18] RA-Msg3 retransmitted
[0m[NR_MAC] [RAPROC][632.18] RA-Msg3 retransmitted
[0m[NR_MAC] [RAPROC][633.18] RA-Msg3 retransmitted
[0m[93m[MAC]    [UE 0] Contention resolution failed
[0m[NR_MAC] PRACH scheduler: Selected RO Frame 640, Slot 19, Symbol 0, Fdm 0
[0m[PHY]    PRACH [UE 0] in frame.slot 640.19, placing PRACH in position 740, Msg1/MsgA-Preamble frequency start 0 (k1 0), preamble_offset 43, first_nonzero_root_idx 0, preambleIndex = 43
[0m[PHY]    [UE 0] RAR-Msg2 decoded
[0m[NR_MAC] [UE 0][RAPROC][RA-RNTI 010b] Got BI RAR subPDU 5 ms
[0m[NR_MAC] [UE 0][RAPROC][RA-RNTI 010b] Got RAPID RAR subPDU
[0m[32m[NR_MAC] [UE 0][RAPROC][641.10] Found RAR with the intended RAPID 43
[0m[32m[NR_MAC] [RAPROC][641.18] RA-Msg3 transmitted
[0m[NR_MAC] [RAPROC][642.18] RA-Msg3 retransmitted
[0m[NR_MAC] [RAPROC][643.18] RA-Msg3 retransmitted
[0m[NR_MAC] [RAPROC][644.18] RA-Msg3 retransmitted
[0m[93m[MAC]    [UE 0] Contention resolution failed
[0m[NR_MAC] PRACH scheduler: Selected RO Frame 651, Slot 19, Symbol 0, Fdm 0
[0m[PHY]    PRACH [UE 0] in frame.slot 651.19, placing PRACH in position 740, Msg1/MsgA-Preamble frequency start 0 (k1 0), preamble_offset 32, first_nonzero_root_idx 0, preambleIndex = 32
[0m[PHY]    [UE 0] RAR-Msg2 decoded
[0m[NR_MAC] [UE 0][RAPROC][RA-RNTI 010b] Got BI RAR subPDU 5 ms
[0m[NR_MAC] [UE 0][RAPROC][RA-RNTI 010b] Got RAPID RAR subPDU
[0m[32m[NR_MAC] [UE 0][RAPROC][652.10] Found RAR with the intended RAPID 32
[0m[32m[NR_MAC] [RAPROC][652.18] RA-Msg3 transmitted
[0m[NR_MAC] [RAPROC][653.18] RA-Msg3 retransmitted
[0m[NR_MAC] [RAPROC][654.18] RA-Msg3 retransmitted
[0m[NR_MAC] [RAPROC][655.18] RA-Msg3 retransmitted
[0m[93m[MAC]    [UE 0] Contention resolution failed
[0m[NR_MAC] PRACH scheduler: Selected RO Frame 662, Slot 19, Symbol 0, Fdm 0
[0m[PHY]    PRACH [UE 0] in frame.slot 662.19, placing PRACH in position 740, Msg1/MsgA-Preamble frequency start 0 (k1 0), preamble_offset 31, first_nonzero_root_idx 0, preambleIndex = 31
[0m[PHY]    [UE 0] RAR-Msg2 decoded
[0m[NR_MAC] [UE 0][RAPROC][RA-RNTI 010b] Got BI RAR subPDU 5 ms
[0m[NR_MAC] [UE 0][RAPROC][RA-RNTI 010b] Got RAPID RAR subPDU
[0m[32m[NR_MAC] [UE 0][RAPROC][663.10] Found RAR with the intended RAPID 31
[0m[32m[NR_MAC] [RAPROC][663.18] RA-Msg3 transmitted
[0m[NR_MAC] [RAPROC][664.18] RA-Msg3 retransmitted
[0m[NR_MAC] [RAPROC][665.18] RA-Msg3 retransmitted
[0m[NR_MAC] [RAPROC][666.18] RA-Msg3 retransmitted
[0m[93m[MAC]    [UE 0] Contention resolution failed
[0m[NR_MAC] PRACH scheduler: Selected RO Frame 673, Slot 19, Symbol 0, Fdm 0
[0m[PHY]    PRACH [UE 0] in frame.slot 673.19, placing PRACH in position 740, Msg1/MsgA-Preamble frequency start 0 (k1 0), preamble_offset 27, first_nonzero_root_idx 0, preambleIndex = 27
[0m[PHY]    [UE 0] RAR-Msg2 decoded
[0m[NR_MAC] [UE 0][RAPROC][RA-RNTI 010b] Got BI RAR subPDU 5 ms
[0m[NR_MAC] [UE 0][RAPROC][RA-RNTI 010b] Got RAPID RAR subPDU
[0m[32m[NR_MAC] [UE 0][RAPROC][674.10] Found RAR with the intended RAPID 27
[0m[32m[NR_MAC] [RAPROC][674.18] RA-Msg3 transmitted
[0m[NR_MAC] [RAPROC][675.18] RA-Msg3 retransmitted
[0m[NR_MAC] [RAPROC][676.18] RA-Msg3 retransmitted
[0m[NR_MAC] [RAPROC][677.18] RA-Msg3 retransmitted
[0m[93m[MAC]    [UE 0] Contention resolution failed
[0m[NR_MAC] PRACH scheduler: Selected RO Frame 684, Slot 19, Symbol 0, Fdm 0
[0m[PHY]    PRACH [UE 0] in frame.slot 684.19, placing PRACH in position 740, Msg1/MsgA-Preamble frequency start 0 (k1 0), preamble_offset 20, first_nonzero_root_idx 0, preambleIndex = 20
[0m[PHY]    [UE 0] RAR-Msg2 decoded
[0m[NR_MAC] [UE 0][RAPROC][RA-RNTI 010b] Got BI RAR subPDU 5 ms
[0m[NR_MAC] [UE 0][RAPROC][RA-RNTI 010b] Got RAPID RAR subPDU
[0m[32m[NR_MAC] [UE 0][RAPROC][685.10] Found RAR with the intended RAPID 20
[0m[32m[NR_MAC] [RAPROC][685.18] RA-Msg3 transmitted
[0m[NR_MAC] [RAPROC][686.18] RA-Msg3 retransmitted
[0m[NR_MAC] [RAPROC][687.18] RA-Msg3 retransmitted
[0m[NR_MAC] [RAPROC][688.18] RA-Msg3 retransmitted
[0m[93m[MAC]    [UE 0] Contention resolution failed
[0m[NR_MAC] PRACH scheduler: Selected RO Frame 695, Slot 19, Symbol 0, Fdm 0
[0m[PHY]    PRACH [UE 0] in frame.slot 695.19, placing PRACH in position 740, Msg1/MsgA-Preamble frequency start 0 (k1 0), preamble_offset 44, first_nonzero_root_idx 0, preambleIndex = 44
[0m[PHY]    [UE 0] RAR-Msg2 decoded
[0m[NR_MAC] [UE 0][RAPROC][RA-RNTI 010b] Got BI RAR subPDU 5 ms
[0m[NR_MAC] [UE 0][RAPROC][RA-RNTI 010b] Got RAPID RAR subPDU
[0m[32m[NR_MAC] [UE 0][RAPROC][696.10] Found RAR with the intended RAPID 44
[0m[32m[NR_MAC] [RAPROC][696.18] RA-Msg3 transmitted
[0m[NR_MAC] [RAPROC][697.18] RA-Msg3 retransmitted
[0m[NR_MAC] [RAPROC][698.18] RA-Msg3 retransmitted
[0m[NR_MAC] [RAPROC][699.18] RA-Msg3 retransmitted
[0m[93m[MAC]    [UE 0] Contention resolution failed
[0m[NR_MAC] PRACH scheduler: Selected RO Frame 706, Slot 19, Symbol 0, Fdm 0
[0m[PHY]    PRACH [UE 0] in frame.slot 706.19, placing PRACH in position 740, Msg1/MsgA-Preamble frequency start 0 (k1 0), preamble_offset 60, first_nonzero_root_idx 0, preambleIndex = 60
[0m[PHY]    [UE 0] RAR-Msg2 decoded
[0m[NR_MAC] [UE 0][RAPROC][RA-RNTI 010b] Got BI RAR subPDU 5 ms
[0m[NR_MAC] [UE 0][RAPROC][RA-RNTI 010b] Got RAPID RAR subPDU
[0m[32m[NR_MAC] [UE 0][RAPROC][707.10] Found RAR with the intended RAPID 60
[0m[32m[NR_MAC] [RAPROC][707.18] RA-Msg3 transmitted
[0m[NR_MAC] [RAPROC][708.18] RA-Msg3 retransmitted
[0m[NR_MAC] [RAPROC][709.18] RA-Msg3 retransmitted
[0m[NR_MAC] [RAPROC][710.18] RA-Msg3 retransmitted
[0m[93m[MAC]    [UE 0] Contention resolution failed
[0m[NR_MAC] PRACH scheduler: Selected RO Frame 717, Slot 19, Symbol 0, Fdm 0
[0m[PHY]    PRACH [UE 0] in frame.slot 717.19, placing PRACH in position 740, Msg1/MsgA-Preamble frequency start 0 (k1 0), preamble_offset 62, first_nonzero_root_idx 0, preambleIndex = 62
[0m[PHY]    [UE 0] RAR-Msg2 decoded
[0m[NR_MAC] [UE 0][RAPROC][RA-RNTI 010b] Got BI RAR subPDU 5 ms
[0m[NR_MAC] [UE 0][RAPROC][RA-RNTI 010b] Got RAPID RAR subPDU
[0m[32m[NR_MAC] [UE 0][RAPROC][718.10] Found RAR with the intended RAPID 62
[0m[32m[NR_MAC] [RAPROC][718.18] RA-Msg3 transmitted
[0m[NR_MAC] [RAPROC][719.18] RA-Msg3 retransmitted
[0m[NR_MAC] [RAPROC][720.18] RA-Msg3 retransmitted
[0m[NR_MAC] [RAPROC][721.18] RA-Msg3 retransmitted
[0m[93m[MAC]    [UE 0] Contention resolution failed
[0m[NR_MAC] PRACH scheduler: Selected RO Frame 728, Slot 19, Symbol 0, Fdm 0
[0m[PHY]    PRACH [UE 0] in frame.slot 728.19, placing PRACH in position 740, Msg1/MsgA-Preamble frequency start 0 (k1 0), preamble_offset 56, first_nonzero_root_idx 0, preambleIndex = 56
[0m[PHY]    [UE 0] RAR-Msg2 decoded
[0m[NR_MAC] [UE 0][RAPROC][RA-RNTI 010b] Got BI RAR subPDU 5 ms
[0m[NR_MAC] [UE 0][RAPROC][RA-RNTI 010b] Got RAPID RAR subPDU
[0m[32m[NR_MAC] [UE 0][RAPROC][729.10] Found RAR with the intended RAPID 56
[0m[32m[NR_MAC] [RAPROC][729.18] RA-Msg3 transmitted
[0m[NR_MAC] [RAPROC][730.18] RA-Msg3 retransmitted
[0m[NR_MAC] [RAPROC][731.18] RA-Msg3 retransmitted
[0m[NR_MAC] [RAPROC][732.18] RA-Msg3 retransmitted
[0m[93m[MAC]    [UE 0] Contention resolution failed
[0m[NR_MAC] PRACH scheduler: Selected RO Frame 739, Slot 19, Symbol 0, Fdm 0
[0m[PHY]    PRACH [UE 0] in frame.slot 739.19, placing PRACH in position 740, Msg1/MsgA-Preamble frequency start 0 (k1 0), preamble_offset 9, first_nonzero_root_idx 0, preambleIndex = 9
[0m[PHY]    [UE 0] RAR-Msg2 decoded
[0m[NR_MAC] [UE 0][RAPROC][RA-RNTI 010b] Got BI RAR subPDU 5 ms
[0m[NR_MAC] [UE 0][RAPROC][RA-RNTI 010b] Got RAPID RAR subPDU
[0m[32m[NR_MAC] [UE 0][RAPROC][740.10] Found RAR with the intended RAPID 9
[0m[32m[NR_MAC] [RAPROC][740.18] RA-Msg3 transmitted
[0m[NR_MAC] [RAPROC][741.18] RA-Msg3 retransmitted
[0m[NR_MAC] [RAPROC][742.18] RA-Msg3 retransmitted
[0m[NR_MAC] [RAPROC][743.18] RA-Msg3 retransmitted
[0m[93m[MAC]    [UE 0] Contention resolution failed
[0m[NR_MAC] PRACH scheduler: Selected RO Frame 750, Slot 19, Symbol 0, Fdm 0
[0m[PHY]    PRACH [UE 0] in frame.slot 750.19, placing PRACH in position 740, Msg1/MsgA-Preamble frequency start 0 (k1 0), preamble_offset 2, first_nonzero_root_idx 0, preambleIndex = 2
[0m[PHY]    [UE 0] RAR-Msg2 decoded
[0m[NR_MAC] [UE 0][RAPROC][RA-RNTI 010b] Got BI RAR subPDU 5 ms
[0m[NR_MAC] [UE 0][RAPROC][RA-RNTI 010b] Got RAPID RAR subPDU
[0m[32m[NR_MAC] [UE 0][RAPROC][751.10] Found RAR with the intended RAPID 2
[0m[32m[NR_MAC] [RAPROC][751.18] RA-Msg3 transmitted
[0m[NR_MAC] [RAPROC][752.18] RA-Msg3 retransmitted
[0m[NR_MAC] [RAPROC][753.18] RA-Msg3 retransmitted
[0m[NR_MAC] [RAPROC][754.18] RA-Msg3 retransmitted
[0m[93m[MAC]    [UE 0] Contention resolution failed
[0m[NR_MAC] PRACH scheduler: Selected RO Frame 761, Slot 19, Symbol 0, Fdm 0
[0m[PHY]    PRACH [UE 0] in frame.slot 761.19, placing PRACH in position 740, Msg1/MsgA-Preamble frequency start 0 (k1 0), preamble_offset 57, first_nonzero_root_idx 0, preambleIndex = 57
[0m[PHY]    [UE 0] RAR-Msg2 decoded
[0m[NR_MAC] [UE 0][RAPROC][RA-RNTI 010b] Got BI RAR subPDU 5 ms
[0m[NR_MAC] [UE 0][RAPROC][RA-RNTI 010b] Got RAPID RAR subPDU
[0m[32m[NR_MAC] [UE 0][RAPROC][762.10] Found RAR with the intended RAPID 57
[0m[32m[NR_MAC] [RAPROC][762.18] RA-Msg3 transmitted
[0m[NR_MAC] [RAPROC][763.18] RA-Msg3 retransmitted
[0m[NR_MAC] [RAPROC][764.18] RA-Msg3 retransmitted
[0m[NR_MAC] [RAPROC][765.18] RA-Msg3 retransmitted
[0m[93m[MAC]    [UE 0] Contention resolution failed
[0m[93m[NR_RRC] [UE 0] Timer T300 expired! No timely response to RRCSetupRequest
[0m[MAC]    Initialization of 4-Step CBRA procedure
[0m[NR_MAC] PRACH scheduler: Selected RO Frame 802, Slot 19, Symbol 0, Fdm 0
[0m[PHY]    PRACH [UE 0] in frame.slot 802.19, placing PRACH in position 740, Msg1/MsgA-Preamble frequency start 0 (k1 0), preamble_offset 12, first_nonzero_root_idx 0, preambleIndex = 12
[0m[PHY]    [UE 0] RAR-Msg2 decoded
[0m[NR_MAC] [UE 0][RAPROC][RA-RNTI 010b] Got BI RAR subPDU 5 ms
[0m[NR_MAC] [UE 0][RAPROC][RA-RNTI 010b] Got RAPID RAR subPDU
[0m[32m[NR_MAC] [UE 0][RAPROC][803.10] Found RAR with the intended RAPID 12
[0m[93m[MAC]    received TA command 31
[0m[32m[NR_MAC] [RAPROC][803.18] RA-Msg3 transmitted
[0m[NR_MAC] [RAPROC][804.18] RA-Msg3 retransmitted
[0m[NR_MAC] [RAPROC][805.18] RA-Msg3 retransmitted
[0m[NR_MAC] [RAPROC][806.18] RA-Msg3 retransmitted
[0m[93m[MAC]    [UE 0] Contention resolution failed
[0m[NR_MAC] PRACH scheduler: Selected RO Frame 813, Slot 19, Symbol 0, Fdm 0
[0m[PHY]    PRACH [UE 0] in frame.slot 813.19, placing PRACH in position 740, Msg1/MsgA-Preamble frequency start 0 (k1 0), preamble_offset 51, first_nonzero_root_idx 0, preambleIndex = 51
[0m[PHY]    [UE 0] RAR-Msg2 decoded
[0m[NR_MAC] [UE 0][RAPROC][RA-RNTI 010b] Got BI RAR subPDU 5 ms
[0m[NR_MAC] [UE 0][RAPROC][RA-RNTI 010b] Got RAPID RAR subPDU
[0m[32m[NR_MAC] [UE 0][RAPROC][814.10] Found RAR with the intended RAPID 51
[0m[32m[NR_MAC] [RAPROC][814.18] RA-Msg3 transmitted
[0m[NR_MAC] [RAPROC][815.18] RA-Msg3 retransmitted
[0m[NR_MAC] [RAPROC][816.18] RA-Msg3 retransmitted
[0m[NR_MAC] [RAPROC][817.18] RA-Msg3 retransmitted
[0m[93m[MAC]    [UE 0] Contention resolution failed
[0m[NR_MAC] PRACH scheduler: Selected RO Frame 824, Slot 19, Symbol 0, Fdm 0
[0m[PHY]    PRACH [UE 0] in frame.slot 824.19, placing PRACH in position 740, Msg1/MsgA-Preamble frequency start 0 (k1 0), preamble_offset 30, first_nonzero_root_idx 0, preambleIndex = 30
[0m[PHY]    [UE 0] RAR-Msg2 decoded
[0m[NR_MAC] [UE 0][RAPROC][RA-RNTI 010b] Got BI RAR subPDU 5 ms
[0m[NR_MAC] [UE 0][RAPROC][RA-RNTI 010b] Got RAPID RAR subPDU
[0m[32m[NR_MAC] [UE 0][RAPROC][825.10] Found RAR with the intended RAPID 30
[0m[32m[NR_MAC] [RAPROC][825.18] RA-Msg3 transmitted
[0m[NR_MAC] [RAPROC][826.18] RA-Msg3 retransmitted
[0m[NR_MAC] [RAPROC][827.18] RA-Msg3 retransmitted
[0m[NR_MAC] [RAPROC][828.18] RA-Msg3 retransmitted
[0m[93m[MAC]    [UE 0] Contention resolution failed
[0m[NR_MAC] PRACH scheduler: Selected RO Frame 835, Slot 19, Symbol 0, Fdm 0
[0m[PHY]    PRACH [UE 0] in frame.slot 835.19, placing PRACH in position 740, Msg1/MsgA-Preamble frequency start 0 (k1 0), preamble_offset 41, first_nonzero_root_idx 0, preambleIndex = 41
[0m[PHY]    [UE 0] RAR-Msg2 decoded
[0m[NR_MAC] [UE 0][RAPROC][RA-RNTI 010b] Got BI RAR subPDU 5 ms
[0m[NR_MAC] [UE 0][RAPROC][RA-RNTI 010b] Got RAPID RAR subPDU
[0m[32m[NR_MAC] [UE 0][RAPROC][836.10] Found RAR with the intended RAPID 41
[0m[32m[NR_MAC] [RAPROC][836.18] RA-Msg3 transmitted
[0m[NR_MAC] [RAPROC][837.18] RA-Msg3 retransmitted
[0m[NR_MAC] [RAPROC][838.18] RA-Msg3 retransmitted
[0m[NR_MAC] [RAPROC][839.18] RA-Msg3 retransmitted
[0m[93m[MAC]    [UE 0] Contention resolution failed
[0m[NR_MAC] PRACH scheduler: Selected RO Frame 846, Slot 19, Symbol 0, Fdm 0
[0m[PHY]    PRACH [UE 0] in frame.slot 846.19, placing PRACH in position 740, Msg1/MsgA-Preamble frequency start 0 (k1 0), preamble_offset 0, first_nonzero_root_idx 0, preambleIndex = 0
[0m[PHY]    [UE 0] RAR-Msg2 decoded
[0m[NR_MAC] [UE 0][RAPROC][RA-RNTI 010b] Got BI RAR subPDU 5 ms
[0m[NR_MAC] [UE 0][RAPROC][RA-RNTI 010b] Got RAPID RAR subPDU
[0m[32m[NR_MAC] [UE 0][RAPROC][847.10] Found RAR with the intended RAPID 0
[0m[32m[NR_MAC] [RAPROC][847.18] RA-Msg3 transmitted
[0m[NR_MAC] [RAPROC][848.18] RA-Msg3 retransmitted
[0m[NR_MAC] [RAPROC][849.18] RA-Msg3 retransmitted
[0m[NR_MAC] [RAPROC][850.18] RA-Msg3 retransmitted
[0m[93m[MAC]    [UE 0] Contention resolution failed
[0m[NR_MAC] PRACH scheduler: Selected RO Frame 857, Slot 19, Symbol 0, Fdm 0
[0m[PHY]    PRACH [UE 0] in frame.slot 857.19, placing PRACH in position 740, Msg1/MsgA-Preamble frequency start 0 (k1 0), preamble_offset 0, first_nonzero_root_idx 0, preambleIndex = 0
[0m[PHY]    [UE 0] RAR-Msg2 decoded
[0m[NR_MAC] [UE 0][RAPROC][RA-RNTI 010b] Got BI RAR subPDU 5 ms
[0m[NR_MAC] [UE 0][RAPROC][RA-RNTI 010b] Got RAPID RAR subPDU
[0m[32m[NR_MAC] [UE 0][RAPROC][858.10] Found RAR with the intended RAPID 0
[0m[32m[NR_MAC] [RAPROC][858.18] RA-Msg3 transmitted
[0m[NR_MAC] [RAPROC][859.18] RA-Msg3 retransmitted
[0m[NR_MAC] [RAPROC][860.18] RA-Msg3 retransmitted
[0m[NR_MAC] [RAPROC][861.18] RA-Msg3 retransmitted
[0m[93m[MAC]    [UE 0] Contention resolution failed
[0m[NR_MAC] PRACH scheduler: Selected RO Frame 868, Slot 19, Symbol 0, Fdm 0
[0m[PHY]    PRACH [UE 0] in frame.slot 868.19, placing PRACH in position 740, Msg1/MsgA-Preamble frequency start 0 (k1 0), preamble_offset 8, first_nonzero_root_idx 0, preambleIndex = 8
[0m[PHY]    [UE 0] RAR-Msg2 decoded
[0m[NR_MAC] [UE 0][RAPROC][RA-RNTI 010b] Got BI RAR subPDU 5 ms
[0m[NR_MAC] [UE 0][RAPROC][RA-RNTI 010b] Got RAPID RAR subPDU
[0m[32m[NR_MAC] [UE 0][RAPROC][869.10] Found RAR with the intended RAPID 8
[0m[32m[NR_MAC] [RAPROC][869.18] RA-Msg3 transmitted
[0m[NR_MAC] [RAPROC][870.18] RA-Msg3 retransmitted
[0m[NR_MAC] [RAPROC][871.18] RA-Msg3 retransmitted
[0m[NR_MAC] [RAPROC][872.18] RA-Msg3 retransmitted
[0m[93m[MAC]    [UE 0] Contention resolution failed
[0m[NR_MAC] PRACH scheduler: Selected RO Frame 879, Slot 19, Symbol 0, Fdm 0
[0m[PHY]    PRACH [UE 0] in frame.slot 879.19, placing PRACH in position 740, Msg1/MsgA-Preamble frequency start 0 (k1 0), preamble_offset 13, first_nonzero_root_idx 0, preambleIndex = 13
[0m[PHY]    [UE 0] RAR-Msg2 decoded
[0m[NR_MAC] [UE 0][RAPROC][RA-RNTI 010b] Got BI RAR subPDU 5 ms
[0m[NR_MAC] [UE 0][RAPROC][RA-RNTI 010b] Got RAPID RAR subPDU
[0m[32m[NR_MAC] [UE 0][RAPROC][880.10] Found RAR with the intended RAPID 13
[0m[32m[NR_MAC] [RAPROC][880.18] RA-Msg3 transmitted
[0m[NR_MAC] [RAPROC][881.18] RA-Msg3 retransmitted
[0m[NR_MAC] [RAPROC][882.18] RA-Msg3 retransmitted
[0m[NR_MAC] [RAPROC][883.18] RA-Msg3 retransmitted
[0m[93m[MAC]    [UE 0] Contention resolution failed
[0m[NR_MAC] PRACH scheduler: Selected RO Frame 890, Slot 19, Symbol 0, Fdm 0
[0m[PHY]    PRACH [UE 0] in frame.slot 890.19, placing PRACH in position 740, Msg1/MsgA-Preamble frequency start 0 (k1 0), preamble_offset 41, first_nonzero_root_idx 0, preambleIndex = 41
[0m[PHY]    [UE 0] RAR-Msg2 decoded
[0m[NR_MAC] [UE 0][RAPROC][RA-RNTI 010b] Got BI RAR subPDU 5 ms
[0m[NR_MAC] [UE 0][RAPROC][RA-RNTI 010b] Got RAPID RAR subPDU
[0m[32m[NR_MAC] [UE 0][RAPROC][891.10] Found RAR with the intended RAPID 41
[0m[32m[NR_MAC] [RAPROC][891.18] RA-Msg3 transmitted
[0m[NR_MAC] [RAPROC][892.18] RA-Msg3 retransmitted
[0m[NR_MAC] [RAPROC][893.18] RA-Msg3 retransmitted
[0m[NR_MAC] [RAPROC][894.18] RA-Msg3 retransmitted
[0m[93m[MAC]    [UE 0] Contention resolution failed
[0m[NR_MAC] PRACH scheduler: Selected RO Frame 901, Slot 19, Symbol 0, Fdm 0
[0m[PHY]    PRACH [UE 0] in frame.slot 901.19, placing PRACH in position 740, Msg1/MsgA-Preamble frequency start 0 (k1 0), preamble_offset 13, first_nonzero_root_idx 0, preambleIndex = 13
[0m[PHY]    [UE 0] RAR-Msg2 decoded
[0m[NR_MAC] [UE 0][RAPROC][RA-RNTI 010b] Got BI RAR subPDU 5 ms
[0m[NR_MAC] [UE 0][RAPROC][RA-RNTI 010b] Got RAPID RAR subPDU
[0m[32m[NR_MAC] [UE 0][RAPROC][902.10] Found RAR with the intended RAPID 13
[0m[32m[NR_MAC] [RAPROC][902.18] RA-Msg3 transmitted
[0m[NR_MAC] [RAPROC][903.18] RA-Msg3 retransmitted
[0m[NR_MAC] [RAPROC][904.18] RA-Msg3 retransmitted
[0m[NR_MAC] [RAPROC][905.18] RA-Msg3 retransmitted
[0m[93m[MAC]    [UE 0] Contention resolution failed
[0m[NR_MAC] PRACH scheduler: Selected RO Frame 912, Slot 19, Symbol 0, Fdm 0
[0m[PHY]    PRACH [UE 0] in frame.slot 912.19, placing PRACH in position 740, Msg1/MsgA-Preamble frequency start 0 (k1 0), preamble_offset 24, first_nonzero_root_idx 0, preambleIndex = 24
[0m[PHY]    [UE 0] RAR-Msg2 decoded
[0m[NR_MAC] [UE 0][RAPROC][RA-RNTI 010b] Got BI RAR subPDU 5 ms
[0m[NR_MAC] [UE 0][RAPROC][RA-RNTI 010b] Got RAPID RAR subPDU
[0m[32m[NR_MAC] [UE 0][RAPROC][913.10] Found RAR with the intended RAPID 24
[0m[32m[NR_MAC] [RAPROC][913.18] RA-Msg3 transmitted
[0m[NR_MAC] [RAPROC][914.18] RA-Msg3 retransmitted
[0m[NR_MAC] [RAPROC][915.18] RA-Msg3 retransmitted
[0m[NR_MAC] [RAPROC][916.18] RA-Msg3 retransmitted
[0m[93m[MAC]    [UE 0] Contention resolution failed
[0m[NR_MAC] PRACH scheduler: Selected RO Frame 923, Slot 19, Symbol 0, Fdm 0
[0m[PHY]    PRACH [UE 0] in frame.slot 923.19, placing PRACH in position 740, Msg1/MsgA-Preamble frequency start 0 (k1 0), preamble_offset 38, first_nonzero_root_idx 0, preambleIndex = 38
[0m[PHY]    [UE 0] RAR-Msg2 decoded
[0m[NR_MAC] [UE 0][RAPROC][RA-RNTI 010b] Got BI RAR subPDU 5 ms
[0m[NR_MAC] [UE 0][RAPROC][RA-RNTI 010b] Got RAPID RAR subPDU
[0m[32m[NR_MAC] [UE 0][RAPROC][924.10] Found RAR with the intended RAPID 38
[0m[32m[NR_MAC] [RAPROC][924.18] RA-Msg3 transmitted
[0m[NR_MAC] [RAPROC][925.18] RA-Msg3 retransmitted
[0m[NR_MAC] [RAPROC][926.18] RA-Msg3 retransmitted
[0m[NR_MAC] [RAPROC][927.18] RA-Msg3 retransmitted
[0m[93m[MAC]    [UE 0] Contention resolution failed
[0m[NR_MAC] PRACH scheduler: Selected RO Frame 934, Slot 19, Symbol 0, Fdm 0
[0m[PHY]    PRACH [UE 0] in frame.slot 934.19, placing PRACH in position 740, Msg1/MsgA-Preamble frequency start 0 (k1 0), preamble_offset 59, first_nonzero_root_idx 0, preambleIndex = 59
[0m[PHY]    [UE 0] RAR-Msg2 decoded
[0m[NR_MAC] [UE 0][RAPROC][RA-RNTI 010b] Got BI RAR subPDU 5 ms
[0m[NR_MAC] [UE 0][RAPROC][RA-RNTI 010b] Got RAPID RAR subPDU
[0m[32m[NR_MAC] [UE 0][RAPROC][935.10] Found RAR with the intended RAPID 59
[0m[32m[NR_MAC] [RAPROC][935.18] RA-Msg3 transmitted
[0m[NR_MAC] [RAPROC][936.18] RA-Msg3 retransmitted
[0m[NR_MAC] [RAPROC][937.18] RA-Msg3 retransmitted
[0m[NR_MAC] [RAPROC][938.18] RA-Msg3 retransmitted
[0m[93m[MAC]    [UE 0] Contention resolution failed
[0m[NR_MAC] PRACH scheduler: Selected RO Frame 945, Slot 19, Symbol 0, Fdm 0
[0m[PHY]    PRACH [UE 0] in frame.slot 945.19, placing PRACH in position 740, Msg1/MsgA-Preamble frequency start 0 (k1 0), preamble_offset 39, first_nonzero_root_idx 0, preambleIndex = 39
[0m[PHY]    [UE 0] RAR-Msg2 decoded
[0m[NR_MAC] [UE 0][RAPROC][RA-RNTI 010b] Got BI RAR subPDU 5 ms
[0m[NR_MAC] [UE 0][RAPROC][RA-RNTI 010b] Got RAPID RAR subPDU
[0m[32m[NR_MAC] [UE 0][RAPROC][946.10] Found RAR with the intended RAPID 39
[0m[32m[NR_MAC] [RAPROC][946.18] RA-Msg3 transmitted
[0m[NR_MAC] [RAPROC][947.18] RA-Msg3 retransmitted
[0m[NR_MAC] [RAPROC][948.18] RA-Msg3 retransmitted
[0m[NR_MAC] [RAPROC][949.18] RA-Msg3 retransmitted
[0m[93m[MAC]    [UE 0] Contention resolution failed
[0m[NR_MAC] PRACH scheduler: Selected RO Frame 956, Slot 19, Symbol 0, Fdm 0
[0m[PHY]    PRACH [UE 0] in frame.slot 956.19, placing PRACH in position 740, Msg1/MsgA-Preamble frequency start 0 (k1 0), preamble_offset 32, first_nonzero_root_idx 0, preambleIndex = 32
[0m[PHY]    [UE 0] RAR-Msg2 decoded
[0m[NR_MAC] [UE 0][RAPROC][RA-RNTI 010b] Got BI RAR subPDU 5 ms
[0m[NR_MAC] [UE 0][RAPROC][RA-RNTI 010b] Got RAPID RAR subPDU
[0m[32m[NR_MAC] [UE 0][RAPROC][957.10] Found RAR with the intended RAPID 32
[0m[32m[NR_MAC] [RAPROC][957.18] RA-Msg3 transmitted
[0m[NR_MAC] [RAPROC][958.18] RA-Msg3 retransmitted
[0m[NR_MAC] [RAPROC][959.18] RA-Msg3 retransmitted
[0m[NR_MAC] [RAPROC][960.18] RA-Msg3 retransmitted
[0m[93m[MAC]    [UE 0] Contention resolution failed
[0m[NR_MAC] PRACH scheduler: Selected RO Frame 967, Slot 19, Symbol 0, Fdm 0
[0m[PHY]    PRACH [UE 0] in frame.slot 967.19, placing PRACH in position 740, Msg1/MsgA-Preamble frequency start 0 (k1 0), preamble_offset 18, first_nonzero_root_idx 0, preambleIndex = 18
[0m[PHY]    [UE 0] RAR-Msg2 decoded
[0m[NR_MAC] [UE 0][RAPROC][RA-RNTI 010b] Got BI RAR subPDU 5 ms
[0m[NR_MAC] [UE 0][RAPROC][RA-RNTI 010b] Got RAPID RAR subPDU
[0m[32m[NR_MAC] [UE 0][RAPROC][968.10] Found RAR with the intended RAPID 18
[0m[32m[NR_MAC] [RAPROC][968.18] RA-Msg3 transmitted
[0m[NR_MAC] [RAPROC][969.18] RA-Msg3 retransmitted
[0m[NR_MAC] [RAPROC][970.18] RA-Msg3 retransmitted
[0m[NR_MAC] [RAPROC][971.18] RA-Msg3 retransmitted
[0m[93m[MAC]    [UE 0] Contention resolution failed
[0m[NR_MAC] PRACH scheduler: Selected RO Frame 978, Slot 19, Symbol 0, Fdm 0
[0m[PHY]    PRACH [UE 0] in frame.slot 978.19, placing PRACH in position 740, Msg1/MsgA-Preamble frequency start 0 (k1 0), preamble_offset 48, first_nonzero_root_idx 0, preambleIndex = 48
[0m[PHY]    [UE 0] RAR-Msg2 decoded
[0m[NR_MAC] [UE 0][RAPROC][RA-RNTI 010b] Got BI RAR subPDU 5 ms
[0m[NR_MAC] [UE 0][RAPROC][RA-RNTI 010b] Got RAPID RAR subPDU
[0m[32m[NR_MAC] [UE 0][RAPROC][979.10] Found RAR with the intended RAPID 48
[0m[32m[NR_MAC] [RAPROC][979.18] RA-Msg3 transmitted
[0m[NR_MAC] [RAPROC][980.18] RA-Msg3 retransmitted
[0m[NR_MAC] [RAPROC][981.18] RA-Msg3 retransmitted
[0m[NR_MAC] [RAPROC][982.18] RA-Msg3 retransmitted
[0m[93m[MAC]    [UE 0] Contention resolution failed
[0m[NR_MAC] PRACH scheduler: Selected RO Frame 989, Slot 19, Symbol 0, Fdm 0
[0m[PHY]    PRACH [UE 0] in frame.slot 989.19, placing PRACH in position 740, Msg1/MsgA-Preamble frequency start 0 (k1 0), preamble_offset 42, first_nonzero_root_idx 0, preambleIndex = 42
[0m[PHY]    [UE 0] RAR-Msg2 decoded
[0m[NR_MAC] [UE 0][RAPROC][RA-RNTI 010b] Got BI RAR subPDU 5 ms
[0m[NR_MAC] [UE 0][RAPROC][RA-RNTI 010b] Got RAPID RAR subPDU
[0m[32m[NR_MAC] [UE 0][RAPROC][990.10] Found RAR with the intended RAPID 42
[0m[32m[NR_MAC] [RAPROC][990.18] RA-Msg3 transmitted
[0m[NR_MAC] [RAPROC][991.18] RA-Msg3 retransmitted
[0m[NR_MAC] [RAPROC][992.18] RA-Msg3 retransmitted
[0m[NR_MAC] [RAPROC][993.18] RA-Msg3 retransmitted
[0m[93m[MAC]    [UE 0] Contention resolution failed
[0m[NR_MAC] PRACH scheduler: Selected RO Frame 1000, Slot 19, Symbol 0, Fdm 0
[0m[PHY]    PRACH [UE 0] in frame.slot 1000.19, placing PRACH in position 740, Msg1/MsgA-Preamble frequency start 0 (k1 0), preamble_offset 55, first_nonzero_root_idx 0, preambleIndex = 55
[0m[PHY]    [UE 0] RAR-Msg2 decoded
[0m[NR_MAC] [UE 0][RAPROC][RA-RNTI 010b] Got BI RAR subPDU 5 ms
[0m[NR_MAC] [UE 0][RAPROC][RA-RNTI 010b] Got RAPID RAR subPDU
[0m[32m[NR_MAC] [UE 0][RAPROC][1001.10] Found RAR with the intended RAPID 55
[0m[32m[NR_MAC] [RAPROC][1001.18] RA-Msg3 transmitted
[0m[NR_MAC] [RAPROC][1002.18] RA-Msg3 retransmitted
[0m[NR_MAC] [RAPROC][1003.18] RA-Msg3 retransmitted
[0m[NR_MAC] [RAPROC][1004.18] RA-Msg3 retransmitted
[0m[93m[MAC]    [UE 0] Contention resolution failed
[0m[NR_MAC] PRACH scheduler: Selected RO Frame 1011, Slot 19, Symbol 0, Fdm 0
[0m[PHY]    PRACH [UE 0] in frame.slot 1011.19, placing PRACH in position 740, Msg1/MsgA-Preamble frequency start 0 (k1 0), preamble_offset 0, first_nonzero_root_idx 0, preambleIndex = 0
[0m[PHY]    [UE 0] RAR-Msg2 decoded
[0m[NR_MAC] [UE 0][RAPROC][RA-RNTI 010b] Got BI RAR subPDU 5 ms
[0m[NR_MAC] [UE 0][RAPROC][RA-RNTI 010b] Got RAPID RAR subPDU
[0m[32m[NR_MAC] [UE 0][RAPROC][1012.10] Found RAR with the intended RAPID 0
[0m[32m[NR_MAC] [RAPROC][1012.18] RA-Msg3 transmitted
[0m[NR_MAC] [RAPROC][1013.18] RA-Msg3 retransmitted
[0m[NR_MAC] [RAPROC][1014.18] RA-Msg3 retransmitted
[0m[NR_MAC] [RAPROC][1015.18] RA-Msg3 retransmitted
[0m[93m[MAC]    [UE 0] Contention resolution failed
[0m[93m[NR_RRC] [UE 0] Timer T300 expired! No timely response to RRCSetupRequest
[0m[MAC]    Initialization of 4-Step CBRA procedure
[0m[NR_MAC] PRACH scheduler: Selected RO Frame 28, Slot 19, Symbol 0, Fdm 0
[0m[PHY]    PRACH [UE 0] in frame.slot 28.19, placing PRACH in position 740, Msg1/MsgA-Preamble frequency start 0 (k1 0), preamble_offset 13, first_nonzero_root_idx 0, preambleIndex = 13
[0m[PHY]    [UE 0] RAR-Msg2 decoded
[0m[NR_MAC] [UE 0][RAPROC][RA-RNTI 010b] Got BI RAR subPDU 5 ms
[0m[NR_MAC] [UE 0][RAPROC][RA-RNTI 010b] Got RAPID RAR subPDU
[0m[32m[NR_MAC] [UE 0][RAPROC][29.10] Found RAR with the intended RAPID 13
[0m[93m[MAC]    received TA command 31
[0m[32m[NR_MAC] [RAPROC][29.18] RA-Msg3 transmitted
[0m[NR_MAC] [RAPROC][30.18] RA-Msg3 retransmitted
[0m[NR_MAC] [RAPROC][31.18] RA-Msg3 retransmitted
[0m[NR_MAC] [RAPROC][32.18] RA-Msg3 retransmitted
[0m[93m[MAC]    [UE 0] Contention resolution failed
[0m[NR_MAC] PRACH scheduler: Selected RO Frame 39, Slot 19, Symbol 0, Fdm 0
[0m[PHY]    PRACH [UE 0] in frame.slot 39.19, placing PRACH in position 740, Msg1/MsgA-Preamble frequency start 0 (k1 0), preamble_offset 4, first_nonzero_root_idx 0, preambleIndex = 4
[0m[PHY]    [UE 0] RAR-Msg2 decoded
[0m[NR_MAC] [UE 0][RAPROC][RA-RNTI 010b] Got BI RAR subPDU 5 ms
[0m[NR_MAC] [UE 0][RAPROC][RA-RNTI 010b] Got RAPID RAR subPDU
[0m[32m[NR_MAC] [UE 0][RAPROC][40.10] Found RAR with the intended RAPID 4
[0m[32m[NR_MAC] [RAPROC][40.18] RA-Msg3 transmitted
[0m[NR_MAC] [RAPROC][41.18] RA-Msg3 retransmitted
[0m[NR_MAC] [RAPROC][42.18] RA-Msg3 retransmitted
[0m[NR_MAC] [RAPROC][43.18] RA-Msg3 retransmitted
[0m[93m[MAC]    [UE 0] Contention resolution failed
[0m[NR_MAC] PRACH scheduler: Selected RO Frame 50, Slot 19, Symbol 0, Fdm 0
[0m[PHY]    PRACH [UE 0] in frame.slot 50.19, placing PRACH in position 740, Msg1/MsgA-Preamble frequency start 0 (k1 0), preamble_offset 6, first_nonzero_root_idx 0, preambleIndex = 6
[0m[PHY]    [UE 0] RAR-Msg2 decoded
[0m[NR_MAC] [UE 0][RAPROC][RA-RNTI 010b] Got BI RAR subPDU 5 ms
[0m[NR_MAC] [UE 0][RAPROC][RA-RNTI 010b] Got RAPID RAR subPDU
[0m[32m[NR_MAC] [UE 0][RAPROC][51.10] Found RAR with the intended RAPID 6
[0m[32m[NR_MAC] [RAPROC][51.18] RA-Msg3 transmitted
[0m[NR_MAC] [RAPROC][52.18] RA-Msg3 retransmitted
[0m[NR_MAC] [RAPROC][53.18] RA-Msg3 retransmitted
[0m[NR_MAC] [RAPROC][54.18] RA-Msg3 retransmitted
[0m[93m[MAC]    [UE 0] Contention resolution failed
[0m[NR_MAC] PRACH scheduler: Selected RO Frame 61, Slot 19, Symbol 0, Fdm 0
[0m[PHY]    PRACH [UE 0] in frame.slot 61.19, placing PRACH in position 740, Msg1/MsgA-Preamble frequency start 0 (k1 0), preamble_offset 60, first_nonzero_root_idx 0, preambleIndex = 60
[0m[PHY]    [UE 0] RAR-Msg2 decoded
[0m[NR_MAC] [UE 0][RAPROC][RA-RNTI 010b] Got BI RAR subPDU 5 ms
[0m[NR_MAC] [UE 0][RAPROC][RA-RNTI 010b] Got RAPID RAR subPDU
[0m[32m[NR_MAC] [UE 0][RAPROC][62.10] Found RAR with the intended RAPID 60
[0m[32m[NR_MAC] [RAPROC][62.18] RA-Msg3 transmitted
[0m[NR_MAC] [RAPROC][63.18] RA-Msg3 retransmitted
[0m[NR_MAC] [RAPROC][64.18] RA-Msg3 retransmitted
[0m[NR_MAC] [RAPROC][65.18] RA-Msg3 retransmitted
[0m[93m[MAC]    [UE 0] Contention resolution failed
[0m[NR_MAC] PRACH scheduler: Selected RO Frame 72, Slot 19, Symbol 0, Fdm 0
[0m[PHY]    PRACH [UE 0] in frame.slot 72.19, placing PRACH in position 740, Msg1/MsgA-Preamble frequency start 0 (k1 0), preamble_offset 42, first_nonzero_root_idx 0, preambleIndex = 42
[0m[PHY]    [UE 0] RAR-Msg2 decoded
[0m[NR_MAC] [UE 0][RAPROC][RA-RNTI 010b] Got BI RAR subPDU 5 ms
[0m[NR_MAC] [UE 0][RAPROC][RA-RNTI 010b] Got RAPID RAR subPDU
[0m[32m[NR_MAC] [UE 0][RAPROC][73.10] Found RAR with the intended RAPID 42
[0m[32m[NR_MAC] [RAPROC][73.18] RA-Msg3 transmitted
[0m[NR_MAC] [RAPROC][74.18] RA-Msg3 retransmitted
[0m[NR_MAC] [RAPROC][75.18] RA-Msg3 retransmitted
[0m[NR_MAC] [RAPROC][76.18] RA-Msg3 retransmitted
[0m[93m[MAC]    [UE 0] Contention resolution failed
[0m[NR_MAC] PRACH scheduler: Selected RO Frame 83, Slot 19, Symbol 0, Fdm 0
[0m[PHY]    PRACH [UE 0] in frame.slot 83.19, placing PRACH in position 740, Msg1/MsgA-Preamble frequency start 0 (k1 0), preamble_offset 27, first_nonzero_root_idx 0, preambleIndex = 27
[0m[PHY]    [UE 0] RAR-Msg2 decoded
[0m[NR_MAC] [UE 0][RAPROC][RA-RNTI 010b] Got BI RAR subPDU 5 ms
[0m[NR_MAC] [UE 0][RAPROC][RA-RNTI 010b] Got RAPID RAR subPDU
[0m[32m[NR_MAC] [UE 0][RAPROC][84.10] Found RAR with the intended RAPID 27
[0m[32m[NR_MAC] [RAPROC][84.18] RA-Msg3 transmitted
[0m[NR_MAC] [RAPROC][85.18] RA-Msg3 retransmitted
[0m[NR_MAC] [RAPROC][86.18] RA-Msg3 retransmitted
[0m[NR_MAC] [RAPROC][87.18] RA-Msg3 retransmitted
[0m[93m[MAC]    [UE 0] Contention resolution failed
[0m[NR_MAC] PRACH scheduler: Selected RO Frame 94, Slot 19, Symbol 0, Fdm 0
[0m[PHY]    PRACH [UE 0] in frame.slot 94.19, placing PRACH in position 740, Msg1/MsgA-Preamble frequency start 0 (k1 0), preamble_offset 5, first_nonzero_root_idx 0, preambleIndex = 5
[0m[PHY]    [UE 0] RAR-Msg2 decoded
[0m[NR_MAC] [UE 0][RAPROC][RA-RNTI 010b] Got BI RAR subPDU 5 ms
[0m[NR_MAC] [UE 0][RAPROC][RA-RNTI 010b] Got RAPID RAR subPDU
[0m[32m[NR_MAC] [UE 0][RAPROC][95.10] Found RAR with the intended RAPID 5
[0m[32m[NR_MAC] [RAPROC][95.18] RA-Msg3 transmitted
[0m[NR_MAC] [RAPROC][96.18] RA-Msg3 retransmitted
[0m[NR_MAC] [RAPROC][97.18] RA-Msg3 retransmitted
[0m[NR_MAC] [RAPROC][98.18] RA-Msg3 retransmitted
[0m[93m[MAC]    [UE 0] Contention resolution failed
[0m[NR_MAC] PRACH scheduler: Selected RO Frame 105, Slot 19, Symbol 0, Fdm 0
[0m[PHY]    PRACH [UE 0] in frame.slot 105.19, placing PRACH in position 740, Msg1/MsgA-Preamble frequency start 0 (k1 0), preamble_offset 24, first_nonzero_root_idx 0, preambleIndex = 24
[0m[PHY]    [UE 0] RAR-Msg2 decoded
[0m[NR_MAC] [UE 0][RAPROC][RA-RNTI 010b] Got BI RAR subPDU 5 ms
[0m[NR_MAC] [UE 0][RAPROC][RA-RNTI 010b] Got RAPID RAR subPDU
[0m[32m[NR_MAC] [UE 0][RAPROC][106.10] Found RAR with the intended RAPID 24
[0m[32m[NR_MAC] [RAPROC][106.18] RA-Msg3 transmitted
[0m[NR_MAC] [RAPROC][107.18] RA-Msg3 retransmitted
[0m[NR_MAC] [RAPROC][108.18] RA-Msg3 retransmitted
[0m[NR_MAC] [RAPROC][109.18] RA-Msg3 retransmitted
[0m[93m[MAC]    [UE 0] Contention resolution failed
[0m[NR_MAC] PRACH scheduler: Selected RO Frame 116, Slot 19, Symbol 0, Fdm 0
[0m[PHY]    PRACH [UE 0] in frame.slot 116.19, placing PRACH in position 740, Msg1/MsgA-Preamble frequency start 0 (k1 0), preamble_offset 36, first_nonzero_root_idx 0, preambleIndex = 36
[0m[PHY]    [UE 0] RAR-Msg2 decoded
[0m[NR_MAC] [UE 0][RAPROC][RA-RNTI 010b] Got BI RAR subPDU 5 ms
[0m[NR_MAC] [UE 0][RAPROC][RA-RNTI 010b] Got RAPID RAR subPDU
[0m[32m[NR_MAC] [UE 0][RAPROC][117.10] Found RAR with the intended RAPID 36
[0m[32m[NR_MAC] [RAPROC][117.18] RA-Msg3 transmitted
[0m[NR_MAC] [RAPROC][118.18] RA-Msg3 retransmitted
[0m[NR_MAC] [RAPROC][119.18] RA-Msg3 retransmitted
[0m[NR_MAC] [RAPROC][120.18] RA-Msg3 retransmitted
[0m[93m[MAC]    [UE 0] Contention resolution failed
[0m[NR_MAC] PRACH scheduler: Selected RO Frame 127, Slot 19, Symbol 0, Fdm 0
[0m[PHY]    PRACH [UE 0] in frame.slot 127.19, placing PRACH in position 740, Msg1/MsgA-Preamble frequency start 0 (k1 0), preamble_offset 55, first_nonzero_root_idx 0, preambleIndex = 55
[0m[PHY]    [UE 0] RAR-Msg2 decoded
[0m[NR_MAC] [UE 0][RAPROC][RA-RNTI 010b] Got BI RAR subPDU 5 ms
[0m[NR_MAC] [UE 0][RAPROC][RA-RNTI 010b] Got RAPID RAR subPDU
[0m[32m[NR_MAC] [UE 0][RAPROC][128.10] Found RAR with the intended RAPID 55
[0m[32m[NR_MAC] [RAPROC][128.18] RA-Msg3 transmitted
[0m[NR_MAC] [RAPROC][129.18] RA-Msg3 retransmitted
[0m[NR_MAC] [RAPROC][130.18] RA-Msg3 retransmitted
[0m[NR_MAC] [RAPROC][131.18] RA-Msg3 retransmitted
[0m[93m[MAC]    [UE 0] Contention resolution failed
[0m[NR_MAC] PRACH scheduler: Selected RO Frame 138, Slot 19, Symbol 0, Fdm 0
[0m[PHY]    PRACH [UE 0] in frame.slot 138.19, placing PRACH in position 740, Msg1/MsgA-Preamble frequency start 0 (k1 0), preamble_offset 48, first_nonzero_root_idx 0, preambleIndex = 48
[0m[PHY]    [UE 0] RAR-Msg2 decoded
[0m[NR_MAC] [UE 0][RAPROC][RA-RNTI 010b] Got BI RAR subPDU 5 ms
[0m[NR_MAC] [UE 0][RAPROC][RA-RNTI 010b] Got RAPID RAR subPDU
[0m[32m[NR_MAC] [UE 0][RAPROC][139.10] Found RAR with the intended RAPID 48
[0m[32m[NR_MAC] [RAPROC][139.18] RA-Msg3 transmitted
[0m[NR_MAC] [RAPROC][140.18] RA-Msg3 retransmitted
[0m[NR_MAC] [RAPROC][141.18] RA-Msg3 retransmitted
[0m[NR_MAC] [RAPROC][142.18] RA-Msg3 retransmitted
[0m[93m[MAC]    [UE 0] Contention resolution failed
[0m[NR_MAC] PRACH scheduler: Selected RO Frame 149, Slot 19, Symbol 0, Fdm 0
[0m[PHY]    PRACH [UE 0] in frame.slot 149.19, placing PRACH in position 740, Msg1/MsgA-Preamble frequency start 0 (k1 0), preamble_offset 33, first_nonzero_root_idx 0, preambleIndex = 33
[0m[PHY]    [UE 0] RAR-Msg2 decoded
[0m[NR_MAC] [UE 0][RAPROC][RA-RNTI 010b] Got BI RAR subPDU 5 ms
[0m[NR_MAC] [UE 0][RAPROC][RA-RNTI 010b] Got RAPID RAR subPDU
[0m[32m[NR_MAC] [UE 0][RAPROC][150.10] Found RAR with the intended RAPID 33
[0m[32m[NR_MAC] [RAPROC][150.18] RA-Msg3 transmitted
[0m[NR_MAC] [RAPROC][151.18] RA-Msg3 retransmitted
[0m[NR_MAC] [RAPROC][152.18] RA-Msg3 retransmitted
[0m[NR_MAC] [RAPROC][153.18] RA-Msg3 retransmitted
[0m[93m[MAC]    [UE 0] Contention resolution failed
[0m[NR_MAC] PRACH scheduler: Selected RO Frame 160, Slot 19, Symbol 0, Fdm 0
[0m[PHY]    PRACH [UE 0] in frame.slot 160.19, placing PRACH in position 740, Msg1/MsgA-Preamble frequency start 0 (k1 0), preamble_offset 59, first_nonzero_root_idx 0, preambleIndex = 59
[0m[PHY]    [UE 0] RAR-Msg2 decoded
[0m[NR_MAC] [UE 0][RAPROC][RA-RNTI 010b] Got BI RAR subPDU 5 ms
[0m[NR_MAC] [UE 0][RAPROC][RA-RNTI 010b] Got RAPID RAR subPDU
[0m[32m[NR_MAC] [UE 0][RAPROC][161.10] Found RAR with the intended RAPID 59
[0m[32m[NR_MAC] [RAPROC][161.18] RA-Msg3 transmitted
[0m[NR_MAC] [RAPROC][162.18] RA-Msg3 retransmitted
[0m[NR_MAC] [RAPROC][163.18] RA-Msg3 retransmitted
[0m[NR_MAC] [RAPROC][164.18] RA-Msg3 retransmitted
[0m[93m[MAC]    [UE 0] Contention resolution failed
[0m[NR_MAC] PRACH scheduler: Selected RO Frame 171, Slot 19, Symbol 0, Fdm 0
[0m[PHY]    PRACH [UE 0] in frame.slot 171.19, placing PRACH in position 740, Msg1/MsgA-Preamble frequency start 0 (k1 0), preamble_offset 25, first_nonzero_root_idx 0, preambleIndex = 25
[0m[PHY]    [UE 0] RAR-Msg2 decoded
[0m[NR_MAC] [UE 0][RAPROC][RA-RNTI 010b] Got BI RAR subPDU 5 ms
[0m[NR_MAC] [UE 0][RAPROC][RA-RNTI 010b] Got RAPID RAR subPDU
[0m[32m[NR_MAC] [UE 0][RAPROC][172.10] Found RAR with the intended RAPID 25
[0m[32m[NR_MAC] [RAPROC][172.18] RA-Msg3 transmitted
[0m[NR_MAC] [RAPROC][173.18] RA-Msg3 retransmitted
[0m[NR_MAC] [RAPROC][174.18] RA-Msg3 retransmitted
[0m[NR_MAC] [RAPROC][175.18] RA-Msg3 retransmitted
[0m[93m[MAC]    [UE 0] Contention resolution failed
[0m[NR_MAC] PRACH scheduler: Selected RO Frame 182, Slot 19, Symbol 0, Fdm 0
[0m[PHY]    PRACH [UE 0] in frame.slot 182.19, placing PRACH in position 740, Msg1/MsgA-Preamble frequency start 0 (k1 0), preamble_offset 38, first_nonzero_root_idx 0, preambleIndex = 38
[0m[PHY]    [UE 0] RAR-Msg2 decoded
[0m[NR_MAC] [UE 0][RAPROC][RA-RNTI 010b] Got BI RAR subPDU 5 ms
[0m[NR_MAC] [UE 0][RAPROC][RA-RNTI 010b] Got RAPID RAR subPDU
[0m[32m[NR_MAC] [UE 0][RAPROC][183.10] Found RAR with the intended RAPID 38
[0m[32m[NR_MAC] [RAPROC][183.18] RA-Msg3 transmitted
[0m[NR_MAC] [RAPROC][184.18] RA-Msg3 retransmitted
[0m[NR_MAC] [RAPROC][185.18] RA-Msg3 retransmitted
[0m[NR_MAC] [RAPROC][186.18] RA-Msg3 retransmitted
[0m[93m[MAC]    [UE 0] Contention resolution failed
[0m[NR_MAC] PRACH scheduler: Selected RO Frame 193, Slot 19, Symbol 0, Fdm 0
[0m[PHY]    PRACH [UE 0] in frame.slot 193.19, placing PRACH in position 740, Msg1/MsgA-Preamble frequency start 0 (k1 0), preamble_offset 19, first_nonzero_root_idx 0, preambleIndex = 19
[0m[PHY]    [UE 0] RAR-Msg2 decoded
[0m[NR_MAC] [UE 0][RAPROC][RA-RNTI 010b] Got BI RAR subPDU 5 ms
[0m[NR_MAC] [UE 0][RAPROC][RA-RNTI 010b] Got RAPID RAR subPDU
[0m[32m[NR_MAC] [UE 0][RAPROC][194.10] Found RAR with the intended RAPID 19
[0m[32m[NR_MAC] [RAPROC][194.18] RA-Msg3 transmitted
[0m[NR_MAC] [RAPROC][195.18] RA-Msg3 retransmitted
[0m[NR_MAC] [RAPROC][196.18] RA-Msg3 retransmitted
[0m[NR_MAC] [RAPROC][197.18] RA-Msg3 retransmitted
[0m[93m[MAC]    [UE 0] Contention resolution failed
[0m[NR_MAC] PRACH scheduler: Selected RO Frame 204, Slot 19, Symbol 0, Fdm 0
[0m[PHY]    PRACH [UE 0] in frame.slot 204.19, placing PRACH in position 740, Msg1/MsgA-Preamble frequency start 0 (k1 0), preamble_offset 6, first_nonzero_root_idx 0, preambleIndex = 6
[0m[PHY]    [UE 0] RAR-Msg2 decoded
[0m[NR_MAC] [UE 0][RAPROC][RA-RNTI 010b] Got BI RAR subPDU 5 ms
[0m[NR_MAC] [UE 0][RAPROC][RA-RNTI 010b] Got RAPID RAR subPDU
[0m[32m[NR_MAC] [UE 0][RAPROC][205.10] Found RAR with the intended RAPID 6
[0m[32m[NR_MAC] [RAPROC][205.18] RA-Msg3 transmitted
[0m[NR_MAC] [RAPROC][206.18] RA-Msg3 retransmitted
[0m[NR_MAC] [RAPROC][207.18] RA-Msg3 retransmitted
[0m[NR_MAC] [RAPROC][208.18] RA-Msg3 retransmitted
[0m[93m[MAC]    [UE 0] Contention resolution failed
[0m[NR_MAC] PRACH scheduler: Selected RO Frame 215, Slot 19, Symbol 0, Fdm 0
[0m[PHY]    PRACH [UE 0] in frame.slot 215.19, placing PRACH in position 740, Msg1/MsgA-Preamble frequency start 0 (k1 0), preamble_offset 33, first_nonzero_root_idx 0, preambleIndex = 33
[0m[PHY]    [UE 0] RAR-Msg2 decoded
[0m[NR_MAC] [UE 0][RAPROC][RA-RNTI 010b] Got BI RAR subPDU 5 ms
[0m[NR_MAC] [UE 0][RAPROC][RA-RNTI 010b] Got RAPID RAR subPDU
[0m[32m[NR_MAC] [UE 0][RAPROC][216.10] Found RAR with the intended RAPID 33
[0m[32m[NR_MAC] [RAPROC][216.18] RA-Msg3 transmitted
[0m[NR_MAC] [RAPROC][217.18] RA-Msg3 retransmitted
[0m[NR_MAC] [RAPROC][218.18] RA-Msg3 retransmitted
[0m[NR_MAC] [RAPROC][219.18] RA-Msg3 retransmitted
[0m[93m[MAC]    [UE 0] Contention resolution failed
[0m[NR_MAC] PRACH scheduler: Selected RO Frame 226, Slot 19, Symbol 0, Fdm 0
[0m[PHY]    PRACH [UE 0] in frame.slot 226.19, placing PRACH in position 740, Msg1/MsgA-Preamble frequency start 0 (k1 0), preamble_offset 62, first_nonzero_root_idx 0, preambleIndex = 62
[0m[PHY]    [UE 0] RAR-Msg2 decoded
[0m[NR_MAC] [UE 0][RAPROC][RA-RNTI 010b] Got BI RAR subPDU 5 ms
[0m[NR_MAC] [UE 0][RAPROC][RA-RNTI 010b] Got RAPID RAR subPDU
[0m[32m[NR_MAC] [UE 0][RAPROC][227.10] Found RAR with the intended RAPID 62
[0m[32m[NR_MAC] [RAPROC][227.18] RA-Msg3 transmitted
[0m[NR_MAC] [RAPROC][228.18] RA-Msg3 retransmitted
[0m[NR_MAC] [RAPROC][229.18] RA-Msg3 retransmitted
[0m[NR_MAC] [RAPROC][230.18] RA-Msg3 retransmitted
[0m[93m[MAC]    [UE 0] Contention resolution failed
[0m[NR_MAC] PRACH scheduler: Selected RO Frame 237, Slot 19, Symbol 0, Fdm 0
[0m[PHY]    PRACH [UE 0] in frame.slot 237.19, placing PRACH in position 740, Msg1/MsgA-Preamble frequency start 0 (k1 0), preamble_offset 40, first_nonzero_root_idx 0, preambleIndex = 40
[0m[PHY]    [UE 0] RAR-Msg2 decoded
[0m[NR_MAC] [UE 0][RAPROC][RA-RNTI 010b] Got BI RAR subPDU 5 ms
[0m[NR_MAC] [UE 0][RAPROC][RA-RNTI 010b] Got RAPID RAR subPDU
[0m[32m[NR_MAC] [UE 0][RAPROC][238.10] Found RAR with the intended RAPID 40
[0m[32m[NR_MAC] [RAPROC][238.18] RA-Msg3 transmitted
[0m[NR_MAC] [RAPROC][239.18] RA-Msg3 retransmitted
[0m[NR_MAC] [RAPROC][240.18] RA-Msg3 retransmitted
[0m[NR_MAC] [RAPROC][241.18] RA-Msg3 retransmitted
[0m[93m[MAC]    [UE 0] Contention resolution failed
[0m[93m[NR_RRC] [UE 0] Timer T300 expired! No timely response to RRCSetupRequest
[0m[MAC]    Initialization of 4-Step CBRA procedure
[0m[NR_MAC] PRACH scheduler: Selected RO Frame 278, Slot 19, Symbol 0, Fdm 0
[0m[PHY]    PRACH [UE 0] in frame.slot 278.19, placing PRACH in position 740, Msg1/MsgA-Preamble frequency start 0 (k1 0), preamble_offset 2, first_nonzero_root_idx 0, preambleIndex = 2
[0m[PHY]    [UE 0] RAR-Msg2 decoded
[0m[NR_MAC] [UE 0][RAPROC][RA-RNTI 010b] Got BI RAR subPDU 5 ms
[0m[NR_MAC] [UE 0][RAPROC][RA-RNTI 010b] Got RAPID RAR subPDU
[0m[32m[NR_MAC] [UE 0][RAPROC][279.10] Found RAR with the intended RAPID 2
[0m[93m[MAC]    received TA command 31
[0m[32m[NR_MAC] [RAPROC][279.18] RA-Msg3 transmitted
[0m[NR_MAC] [RAPROC][280.18] RA-Msg3 retransmitted
[0m[NR_MAC] [RAPROC][281.18] RA-Msg3 retransmitted
[0m[NR_MAC] [RAPROC][282.18] RA-Msg3 retransmitted
[0m[93m[MAC]    [UE 0] Contention resolution failed
[0m[NR_MAC] PRACH scheduler: Selected RO Frame 289, Slot 19, Symbol 0, Fdm 0
[0m[PHY]    PRACH [UE 0] in frame.slot 289.19, placing PRACH in position 740, Msg1/MsgA-Preamble frequency start 0 (k1 0), preamble_offset 26, first_nonzero_root_idx 0, preambleIndex = 26
[0m[PHY]    [UE 0] RAR-Msg2 decoded
[0m[NR_MAC] [UE 0][RAPROC][RA-RNTI 010b] Got BI RAR subPDU 5 ms
[0m[NR_MAC] [UE 0][RAPROC][RA-RNTI 010b] Got RAPID RAR subPDU
[0m[32m[NR_MAC] [UE 0][RAPROC][290.10] Found RAR with the intended RAPID 26
[0m[32m[NR_MAC] [RAPROC][290.18] RA-Msg3 transmitted
[0m[NR_MAC] [RAPROC][291.18] RA-Msg3 retransmitted
[0m[NR_MAC] [RAPROC][292.18] RA-Msg3 retransmitted
[0m[NR_MAC] [RAPROC][293.18] RA-Msg3 retransmitted
[0m[93m[MAC]    [UE 0] Contention resolution failed
[0m[NR_MAC] PRACH scheduler: Selected RO Frame 300, Slot 19, Symbol 0, Fdm 0
[0m[PHY]    PRACH [UE 0] in frame.slot 300.19, placing PRACH in position 740, Msg1/MsgA-Preamble frequency start 0 (k1 0), preamble_offset 32, first_nonzero_root_idx 0, preambleIndex = 32
[0m[PHY]    [UE 0] RAR-Msg2 decoded
[0m[NR_MAC] [UE 0][RAPROC][RA-RNTI 010b] Got BI RAR subPDU 5 ms
[0m[NR_MAC] [UE 0][RAPROC][RA-RNTI 010b] Got RAPID RAR subPDU
[0m[32m[NR_MAC] [UE 0][RAPROC][301.10] Found RAR with the intended RAPID 32
[0m[32m[NR_MAC] [RAPROC][301.18] RA-Msg3 transmitted
[0m[NR_MAC] [RAPROC][302.18] RA-Msg3 retransmitted
[0m[NR_MAC] [RAPROC][303.18] RA-Msg3 retransmitted
[0m[NR_MAC] [RAPROC][304.18] RA-Msg3 retransmitted
[0m[93m[MAC]    [UE 0] Contention resolution failed
[0m[NR_MAC] PRACH scheduler: Selected RO Frame 311, Slot 19, Symbol 0, Fdm 0
[0m[PHY]    PRACH [UE 0] in frame.slot 311.19, placing PRACH in position 740, Msg1/MsgA-Preamble frequency start 0 (k1 0), preamble_offset 52, first_nonzero_root_idx 0, preambleIndex = 52
[0m[PHY]    [UE 0] RAR-Msg2 decoded
[0m[NR_MAC] [UE 0][RAPROC][RA-RNTI 010b] Got BI RAR subPDU 5 ms
[0m[NR_MAC] [UE 0][RAPROC][RA-RNTI 010b] Got RAPID RAR subPDU
[0m[32m[NR_MAC] [UE 0][RAPROC][312.10] Found RAR with the intended RAPID 52
[0m[32m[NR_MAC] [RAPROC][312.18] RA-Msg3 transmitted
[0m[NR_MAC] [RAPROC][313.18] RA-Msg3 retransmitted
[0m[NR_MAC] [RAPROC][314.18] RA-Msg3 retransmitted
[0m[NR_MAC] [RAPROC][315.18] RA-Msg3 retransmitted
[0m[93m[MAC]    [UE 0] Contention resolution failed
[0m[NR_MAC] PRACH scheduler: Selected RO Frame 322, Slot 19, Symbol 0, Fdm 0
[0m[PHY]    PRACH [UE 0] in frame.slot 322.19, placing PRACH in position 740, Msg1/MsgA-Preamble frequency start 0 (k1 0), preamble_offset 56, first_nonzero_root_idx 0, preambleIndex = 56
[0m[PHY]    [UE 0] RAR-Msg2 decoded
[0m[NR_MAC] [UE 0][RAPROC][RA-RNTI 010b] Got BI RAR subPDU 5 ms
[0m[NR_MAC] [UE 0][RAPROC][RA-RNTI 010b] Got RAPID RAR subPDU
[0m[32m[NR_MAC] [UE 0][RAPROC][323.10] Found RAR with the intended RAPID 56
[0m[32m[NR_MAC] [RAPROC][323.18] RA-Msg3 transmitted
[0m[NR_MAC] [RAPROC][324.18] RA-Msg3 retransmitted
[0m[NR_MAC] [RAPROC][325.18] RA-Msg3 retransmitted
[0m[NR_MAC] [RAPROC][326.18] RA-Msg3 retransmitted
[0m[93m[MAC]    [UE 0] Contention resolution failed
[0m[NR_MAC] PRACH scheduler: Selected RO Frame 333, Slot 19, Symbol 0, Fdm 0
[0m[PHY]    PRACH [UE 0] in frame.slot 333.19, placing PRACH in position 740, Msg1/MsgA-Preamble frequency start 0 (k1 0), preamble_offset 40, first_nonzero_root_idx 0, preambleIndex = 40
[0m[PHY]    [UE 0] RAR-Msg2 decoded
[0m[NR_MAC] [UE 0][RAPROC][RA-RNTI 010b] Got BI RAR subPDU 5 ms
[0m[NR_MAC] [UE 0][RAPROC][RA-RNTI 010b] Got RAPID RAR subPDU
[0m[32m[NR_MAC] [UE 0][RAPROC][334.10] Found RAR with the intended RAPID 40
[0m[32m[NR_MAC] [RAPROC][334.18] RA-Msg3 transmitted
[0m[NR_MAC] [RAPROC][335.18] RA-Msg3 retransmitted
[0m[NR_MAC] [RAPROC][336.18] RA-Msg3 retransmitted
[0m[NR_MAC] [RAPROC][337.18] RA-Msg3 retransmitted
[0m[93m[MAC]    [UE 0] Contention resolution failed
[0m[NR_MAC] PRACH scheduler: Selected RO Frame 344, Slot 19, Symbol 0, Fdm 0
[0m[PHY]    PRACH [UE 0] in frame.slot 344.19, placing PRACH in position 740, Msg1/MsgA-Preamble frequency start 0 (k1 0), preamble_offset 51, first_nonzero_root_idx 0, preambleIndex = 51
[0m[PHY]    [UE 0] RAR-Msg2 decoded
[0m[NR_MAC] [UE 0][RAPROC][RA-RNTI 010b] Got BI RAR subPDU 5 ms
[0m[NR_MAC] [UE 0][RAPROC][RA-RNTI 010b] Got RAPID RAR subPDU
[0m[32m[NR_MAC] [UE 0][RAPROC][345.10] Found RAR with the intended RAPID 51
[0m[32m[NR_MAC] [RAPROC][345.18] RA-Msg3 transmitted
[0m[NR_MAC] [RAPROC][346.18] RA-Msg3 retransmitted
[0m[NR_MAC] [RAPROC][347.18] RA-Msg3 retransmitted
[0m[NR_MAC] [RAPROC][348.18] RA-Msg3 retransmitted
[0m[93m[MAC]    [UE 0] Contention resolution failed
[0m[NR_MAC] PRACH scheduler: Selected RO Frame 355, Slot 19, Symbol 0, Fdm 0
[0m[PHY]    PRACH [UE 0] in frame.slot 355.19, placing PRACH in position 740, Msg1/MsgA-Preamble frequency start 0 (k1 0), preamble_offset 8, first_nonzero_root_idx 0, preambleIndex = 8
[0m[PHY]    [UE 0] RAR-Msg2 decoded
[0m[NR_MAC] [UE 0][RAPROC][RA-RNTI 010b] Got BI RAR subPDU 5 ms
[0m[NR_MAC] [UE 0][RAPROC][RA-RNTI 010b] Got RAPID RAR subPDU
[0m[32m[NR_MAC] [UE 0][RAPROC][356.10] Found RAR with the intended RAPID 8
[0m[32m[NR_MAC] [RAPROC][356.18] RA-Msg3 transmitted
[0m[NR_MAC] [RAPROC][357.18] RA-Msg3 retransmitted
[0m[NR_MAC] [RAPROC][358.18] RA-Msg3 retransmitted
[0m[NR_MAC] [RAPROC][359.18] RA-Msg3 retransmitted
[0m[93m[MAC]    [UE 0] Contention resolution failed
[0m[NR_MAC] PRACH scheduler: Selected RO Frame 366, Slot 19, Symbol 0, Fdm 0
[0m[PHY]    PRACH [UE 0] in frame.slot 366.19, placing PRACH in position 740, Msg1/MsgA-Preamble frequency start 0 (k1 0), preamble_offset 50, first_nonzero_root_idx 0, preambleIndex = 50
[0m[PHY]    [UE 0] RAR-Msg2 decoded
[0m[NR_MAC] [UE 0][RAPROC][RA-RNTI 010b] Got BI RAR subPDU 5 ms
[0m[NR_MAC] [UE 0][RAPROC][RA-RNTI 010b] Got RAPID RAR subPDU
[0m[32m[NR_MAC] [UE 0][RAPROC][367.10] Found RAR with the intended RAPID 50
[0m[32m[NR_MAC] [RAPROC][367.18] RA-Msg3 transmitted
[0m[NR_MAC] [RAPROC][368.18] RA-Msg3 retransmitted
[0m[NR_MAC] [RAPROC][369.18] RA-Msg3 retransmitted
[0m[NR_MAC] [RAPROC][370.18] RA-Msg3 retransmitted
[0m[93m[MAC]    [UE 0] Contention resolution failed
[0m[NR_MAC] PRACH scheduler: Selected RO Frame 377, Slot 19, Symbol 0, Fdm 0
[0m[PHY]    PRACH [UE 0] in frame.slot 377.19, placing PRACH in position 740, Msg1/MsgA-Preamble frequency start 0 (k1 0), preamble_offset 40, first_nonzero_root_idx 0, preambleIndex = 40
[0m[PHY]    [UE 0] RAR-Msg2 decoded
[0m[NR_MAC] [UE 0][RAPROC][RA-RNTI 010b] Got BI RAR subPDU 5 ms
[0m[NR_MAC] [UE 0][RAPROC][RA-RNTI 010b] Got RAPID RAR subPDU
[0m[32m[NR_MAC] [UE 0][RAPROC][378.10] Found RAR with the intended RAPID 40
[0m[32m[NR_MAC] [RAPROC][378.18] RA-Msg3 transmitted
[0m[NR_MAC] [RAPROC][379.18] RA-Msg3 retransmitted
[0m[NR_MAC] [RAPROC][380.18] RA-Msg3 retransmitted
[0m[NR_MAC] [RAPROC][381.18] RA-Msg3 retransmitted
[0m[93m[MAC]    [UE 0] Contention resolution failed
[0m[NR_MAC] PRACH scheduler: Selected RO Frame 388, Slot 19, Symbol 0, Fdm 0
[0m[PHY]    PRACH [UE 0] in frame.slot 388.19, placing PRACH in position 740, Msg1/MsgA-Preamble frequency start 0 (k1 0), preamble_offset 61, first_nonzero_root_idx 0, preambleIndex = 61
[0m[PHY]    [UE 0] RAR-Msg2 decoded
[0m[NR_MAC] [UE 0][RAPROC][RA-RNTI 010b] Got BI RAR subPDU 5 ms
[0m[NR_MAC] [UE 0][RAPROC][RA-RNTI 010b] Got RAPID RAR subPDU
[0m[32m[NR_MAC] [UE 0][RAPROC][389.10] Found RAR with the intended RAPID 61
[0m[32m[NR_MAC] [RAPROC][389.18] RA-Msg3 transmitted
[0m[NR_MAC] [RAPROC][390.18] RA-Msg3 retransmitted
[0m[NR_MAC] [RAPROC][391.18] RA-Msg3 retransmitted
[0m[NR_MAC] [RAPROC][392.18] RA-Msg3 retransmitted
[0m[93m[MAC]    [UE 0] Contention resolution failed
[0m[NR_MAC] PRACH scheduler: Selected RO Frame 399, Slot 19, Symbol 0, Fdm 0
[0m[PHY]    PRACH [UE 0] in frame.slot 399.19, placing PRACH in position 740, Msg1/MsgA-Preamble frequency start 0 (k1 0), preamble_offset 21, first_nonzero_root_idx 0, preambleIndex = 21
[0m[PHY]    [UE 0] RAR-Msg2 decoded
[0m[NR_MAC] [UE 0][RAPROC][RA-RNTI 010b] Got BI RAR subPDU 5 ms
[0m[NR_MAC] [UE 0][RAPROC][RA-RNTI 010b] Got RAPID RAR subPDU
[0m[32m[NR_MAC] [UE 0][RAPROC][400.10] Found RAR with the intended RAPID 21
[0m[32m[NR_MAC] [RAPROC][400.18] RA-Msg3 transmitted
[0m[NR_MAC] [RAPROC][401.18] RA-Msg3 retransmitted
[0m[NR_MAC] [RAPROC][402.18] RA-Msg3 retransmitted
[0m[NR_MAC] [RAPROC][403.18] RA-Msg3 retransmitted
[0m[93m[MAC]    [UE 0] Contention resolution failed
[0m[NR_MAC] PRACH scheduler: Selected RO Frame 410, Slot 19, Symbol 0, Fdm 0
[0m[PHY]    PRACH [UE 0] in frame.slot 410.19, placing PRACH in position 740, Msg1/MsgA-Preamble frequency start 0 (k1 0), preamble_offset 4, first_nonzero_root_idx 0, preambleIndex = 4
[0m[PHY]    [UE 0] RAR-Msg2 decoded
[0m[NR_MAC] [UE 0][RAPROC][RA-RNTI 010b] Got BI RAR subPDU 5 ms
[0m[NR_MAC] [UE 0][RAPROC][RA-RNTI 010b] Got RAPID RAR subPDU
[0m[32m[NR_MAC] [UE 0][RAPROC][411.10] Found RAR with the intended RAPID 4
[0m[32m[NR_MAC] [RAPROC][411.18] RA-Msg3 transmitted
[0m[NR_MAC] [RAPROC][412.18] RA-Msg3 retransmitted
[0m[NR_MAC] [RAPROC][413.18] RA-Msg3 retransmitted
[0m[NR_MAC] [RAPROC][414.18] RA-Msg3 retransmitted
[0m[93m[MAC]    [UE 0] Contention resolution failed
[0m[NR_MAC] PRACH scheduler: Selected RO Frame 421, Slot 19, Symbol 0, Fdm 0
[0m[PHY]    PRACH [UE 0] in frame.slot 421.19, placing PRACH in position 740, Msg1/MsgA-Preamble frequency start 0 (k1 0), preamble_offset 12, first_nonzero_root_idx 0, preambleIndex = 12
[0m[PHY]    [UE 0] RAR-Msg2 decoded
[0m[NR_MAC] [UE 0][RAPROC][RA-RNTI 010b] Got BI RAR subPDU 5 ms
[0m[NR_MAC] [UE 0][RAPROC][RA-RNTI 010b] Got RAPID RAR subPDU
[0m[32m[NR_MAC] [UE 0][RAPROC][422.10] Found RAR with the intended RAPID 12
[0m[32m[NR_MAC] [RAPROC][422.18] RA-Msg3 transmitted
[0m[NR_MAC] [RAPROC][423.18] RA-Msg3 retransmitted
[0m[NR_MAC] [RAPROC][424.18] RA-Msg3 retransmitted
[0m[NR_MAC] [RAPROC][425.18] RA-Msg3 retransmitted
[0m[93m[MAC]    [UE 0] Contention resolution failed
[0m[NR_MAC] PRACH scheduler: Selected RO Frame 432, Slot 19, Symbol 0, Fdm 0
[0m[PHY]    PRACH [UE 0] in frame.slot 432.19, placing PRACH in position 740, Msg1/MsgA-Preamble frequency start 0 (k1 0), preamble_offset 49, first_nonzero_root_idx 0, preambleIndex = 49
[0m[PHY]    [UE 0] RAR-Msg2 decoded
[0m[NR_MAC] [UE 0][RAPROC][RA-RNTI 010b] Got BI RAR subPDU 5 ms
[0m[NR_MAC] [UE 0][RAPROC][RA-RNTI 010b] Got RAPID RAR subPDU
[0m[32m[NR_MAC] [UE 0][RAPROC][433.10] Found RAR with the intended RAPID 49
[0m[32m[NR_MAC] [RAPROC][433.18] RA-Msg3 transmitted
[0m[NR_MAC] [RAPROC][434.18] RA-Msg3 retransmitted
[0m[NR_MAC] [RAPROC][435.18] RA-Msg3 retransmitted
[0m[NR_MAC] [RAPROC][436.18] RA-Msg3 retransmitted
[0m[93m[MAC]    [UE 0] Contention resolution failed
[0m[NR_MAC] PRACH scheduler: Selected RO Frame 443, Slot 19, Symbol 0, Fdm 0
[0m[PHY]    PRACH [UE 0] in frame.slot 443.19, placing PRACH in position 740, Msg1/MsgA-Preamble frequency start 0 (k1 0), preamble_offset 38, first_nonzero_root_idx 0, preambleIndex = 38
[0m[PHY]    [UE 0] RAR-Msg2 decoded
[0m[NR_MAC] [UE 0][RAPROC][RA-RNTI 010b] Got BI RAR subPDU 5 ms
[0m[NR_MAC] [UE 0][RAPROC][RA-RNTI 010b] Got RAPID RAR subPDU
[0m[32m[NR_MAC] [UE 0][RAPROC][444.10] Found RAR with the intended RAPID 38
[0m[32m[NR_MAC] [RAPROC][444.18] RA-Msg3 transmitted
[0m[NR_MAC] [RAPROC][445.18] RA-Msg3 retransmitted
[0m[NR_MAC] [RAPROC][446.18] RA-Msg3 retransmitted
[0m[NR_MAC] [RAPROC][447.18] RA-Msg3 retransmitted
[0m[93m[MAC]    [UE 0] Contention resolution failed
[0m[NR_MAC] PRACH scheduler: Selected RO Frame 454, Slot 19, Symbol 0, Fdm 0
[0m[PHY]    PRACH [UE 0] in frame.slot 454.19, placing PRACH in position 740, Msg1/MsgA-Preamble frequency start 0 (k1 0), preamble_offset 60, first_nonzero_root_idx 0, preambleIndex = 60
[0m[PHY]    [UE 0] RAR-Msg2 decoded
[0m[NR_MAC] [UE 0][RAPROC][RA-RNTI 010b] Got BI RAR subPDU 5 ms
[0m[NR_MAC] [UE 0][RAPROC][RA-RNTI 010b] Got RAPID RAR subPDU
[0m[32m[NR_MAC] [UE 0][RAPROC][455.10] Found RAR with the intended RAPID 60
[0m[32m[NR_MAC] [RAPROC][455.18] RA-Msg3 transmitted
[0m[NR_MAC] [RAPROC][456.18] RA-Msg3 retransmitted
[0m[NR_MAC] [RAPROC][457.18] RA-Msg3 retransmitted
[0m[NR_MAC] [RAPROC][458.18] RA-Msg3 retransmitted
[0m[93m[MAC]    [UE 0] Contention resolution failed
[0m[NR_MAC] PRACH scheduler: Selected RO Frame 465, Slot 19, Symbol 0, Fdm 0
[0m[PHY]    PRACH [UE 0] in frame.slot 465.19, placing PRACH in position 740, Msg1/MsgA-Preamble frequency start 0 (k1 0), preamble_offset 11, first_nonzero_root_idx 0, preambleIndex = 11
[0m[PHY]    [UE 0] RAR-Msg2 decoded
[0m[NR_MAC] [UE 0][RAPROC][RA-RNTI 010b] Got BI RAR subPDU 5 ms
[0m[NR_MAC] [UE 0][RAPROC][RA-RNTI 010b] Got RAPID RAR subPDU
[0m[32m[NR_MAC] [UE 0][RAPROC][466.10] Found RAR with the intended RAPID 11
[0m[32m[NR_MAC] [RAPROC][466.18] RA-Msg3 transmitted
[0m[NR_MAC] [RAPROC][467.18] RA-Msg3 retransmitted
[0m[NR_MAC] [RAPROC][468.18] RA-Msg3 retransmitted
[0m[NR_MAC] [RAPROC][469.18] RA-Msg3 retransmitted
[0m[93m[MAC]    [UE 0] Contention resolution failed
[0m[NR_MAC] PRACH scheduler: Selected RO Frame 476, Slot 19, Symbol 0, Fdm 0
[0m[PHY]    PRACH [UE 0] in frame.slot 476.19, placing PRACH in position 740, Msg1/MsgA-Preamble frequency start 0 (k1 0), preamble_offset 20, first_nonzero_root_idx 0, preambleIndex = 20
[0m[PHY]    [UE 0] RAR-Msg2 decoded
[0m[NR_MAC] [UE 0][RAPROC][RA-RNTI 010b] Got BI RAR subPDU 5 ms
[0m[NR_MAC] [UE 0][RAPROC][RA-RNTI 010b] Got RAPID RAR subPDU
[0m[32m[NR_MAC] [UE 0][RAPROC][477.10] Found RAR with the intended RAPID 20
[0m[32m[NR_MAC] [RAPROC][477.18] RA-Msg3 transmitted
[0m[NR_MAC] [RAPROC][478.18] RA-Msg3 retransmitted
[0m[NR_MAC] [RAPROC][479.18] RA-Msg3 retransmitted
[0m[NR_MAC] [RAPROC][480.18] RA-Msg3 retransmitted
[0m[93m[MAC]    [UE 0] Contention resolution failed
[0m[NR_MAC] PRACH scheduler: Selected RO Frame 487, Slot 19, Symbol 0, Fdm 0
[0m[PHY]    PRACH [UE 0] in frame.slot 487.19, placing PRACH in position 740, Msg1/MsgA-Preamble frequency start 0 (k1 0), preamble_offset 16, first_nonzero_root_idx 0, preambleIndex = 16
[0m[PHY]    [UE 0] RAR-Msg2 decoded
[0m[NR_MAC] [UE 0][RAPROC][RA-RNTI 010b] Got BI RAR subPDU 5 ms
[0m[NR_MAC] [UE 0][RAPROC][RA-RNTI 010b] Got RAPID RAR subPDU
[0m[32m[NR_MAC] [UE 0][RAPROC][488.10] Found RAR with the intended RAPID 16
[0m[32m[NR_MAC] [RAPROC][488.18] RA-Msg3 transmitted
[0m[NR_MAC] [RAPROC][489.18] RA-Msg3 retransmitted
[0m[NR_MAC] [RAPROC][490.18] RA-Msg3 retransmitted
[0m[NR_MAC] [RAPROC][491.18] RA-Msg3 retransmitted
[0m[93m[MAC]    [UE 0] Contention resolution failed
[0m[93m[NR_RRC] [UE 0] Timer T300 expired! No timely response to RRCSetupRequest
[0m[MAC]    Initialization of 4-Step CBRA procedure
[0m[NR_MAC] PRACH scheduler: Selected RO Frame 528, Slot 19, Symbol 0, Fdm 0
[0m[PHY]    PRACH [UE 0] in frame.slot 528.19, placing PRACH in position 740, Msg1/MsgA-Preamble frequency start 0 (k1 0), preamble_offset 59, first_nonzero_root_idx 0, preambleIndex = 59
[0m[PHY]    [UE 0] RAR-Msg2 decoded
[0m[NR_MAC] [UE 0][RAPROC][RA-RNTI 010b] Got BI RAR subPDU 5 ms
[0m[NR_MAC] [UE 0][RAPROC][RA-RNTI 010b] Got RAPID RAR subPDU
[0m[32m[NR_MAC] [UE 0][RAPROC][529.10] Found RAR with the intended RAPID 59
[0m[93m[MAC]    received TA command 31
[0m[32m[NR_MAC] [RAPROC][529.18] RA-Msg3 transmitted
[0m[NR_MAC] [RAPROC][530.18] RA-Msg3 retransmitted
[0m[NR_MAC] [RAPROC][531.18] RA-Msg3 retransmitted
[0m[NR_MAC] [RAPROC][532.18] RA-Msg3 retransmitted
[0m[93m[MAC]    [UE 0] Contention resolution failed
[0m[NR_MAC] PRACH scheduler: Selected RO Frame 539, Slot 19, Symbol 0, Fdm 0
[0m[PHY]    PRACH [UE 0] in frame.slot 539.19, placing PRACH in position 740, Msg1/MsgA-Preamble frequency start 0 (k1 0), preamble_offset 4, first_nonzero_root_idx 0, preambleIndex = 4
[0m[PHY]    [UE 0] RAR-Msg2 decoded
[0m[NR_MAC] [UE 0][RAPROC][RA-RNTI 010b] Got BI RAR subPDU 5 ms
[0m[NR_MAC] [UE 0][RAPROC][RA-RNTI 010b] Got RAPID RAR subPDU
[0m[32m[NR_MAC] [UE 0][RAPROC][540.10] Found RAR with the intended RAPID 4
[0m[32m[NR_MAC] [RAPROC][540.18] RA-Msg3 transmitted
[0m[NR_MAC] [RAPROC][541.18] RA-Msg3 retransmitted
[0m[NR_MAC] [RAPROC][542.18] RA-Msg3 retransmitted
[0m[NR_MAC] [RAPROC][543.18] RA-Msg3 retransmitted
[0m[93m[MAC]    [UE 0] Contention resolution failed
[0m[NR_MAC] PRACH scheduler: Selected RO Frame 550, Slot 19, Symbol 0, Fdm 0
[0m[PHY]    PRACH [UE 0] in frame.slot 550.19, placing PRACH in position 740, Msg1/MsgA-Preamble frequency start 0 (k1 0), preamble_offset 15, first_nonzero_root_idx 0, preambleIndex = 15
[0m[PHY]    [UE 0] RAR-Msg2 decoded
[0m[NR_MAC] [UE 0][RAPROC][RA-RNTI 010b] Got BI RAR subPDU 5 ms
[0m[NR_MAC] [UE 0][RAPROC][RA-RNTI 010b] Got RAPID RAR subPDU
[0m[32m[NR_MAC] [UE 0][RAPROC][551.10] Found RAR with the intended RAPID 15
[0m[32m[NR_MAC] [RAPROC][551.18] RA-Msg3 transmitted
[0m[NR_MAC] [RAPROC][552.18] RA-Msg3 retransmitted
[0m[NR_MAC] [RAPROC][553.18] RA-Msg3 retransmitted
[0m[NR_MAC] [RAPROC][554.18] RA-Msg3 retransmitted
[0m[93m[MAC]    [UE 0] Contention resolution failed
[0m[NR_MAC] PRACH scheduler: Selected RO Frame 561, Slot 19, Symbol 0, Fdm 0
[0m[PHY]    PRACH [UE 0] in frame.slot 561.19, placing PRACH in position 740, Msg1/MsgA-Preamble frequency start 0 (k1 0), preamble_offset 12, first_nonzero_root_idx 0, preambleIndex = 12
[0m[PHY]    [UE 0] RAR-Msg2 decoded
[0m[NR_MAC] [UE 0][RAPROC][RA-RNTI 010b] Got BI RAR subPDU 5 ms
[0m[NR_MAC] [UE 0][RAPROC][RA-RNTI 010b] Got RAPID RAR subPDU
[0m[32m[NR_MAC] [UE 0][RAPROC][562.10] Found RAR with the intended RAPID 12
[0m[32m[NR_MAC] [RAPROC][562.18] RA-Msg3 transmitted
[0m[NR_MAC] [RAPROC][563.18] RA-Msg3 retransmitted
[0m[NR_MAC] [RAPROC][564.18] RA-Msg3 retransmitted
[0m[NR_MAC] [RAPROC][565.18] RA-Msg3 retransmitted
[0m[93m[MAC]    [UE 0] Contention resolution failed
[0m[NR_MAC] PRACH scheduler: Selected RO Frame 572, Slot 19, Symbol 0, Fdm 0
[0m[PHY]    PRACH [UE 0] in frame.slot 572.19, placing PRACH in position 740, Msg1/MsgA-Preamble frequency start 0 (k1 0), preamble_offset 63, first_nonzero_root_idx 0, preambleIndex = 63
[0m[PHY]    [UE 0] RAR-Msg2 decoded
[0m[NR_MAC] [UE 0][RAPROC][RA-RNTI 010b] Got BI RAR subPDU 5 ms
[0m[NR_MAC] [UE 0][RAPROC][RA-RNTI 010b] Got RAPID RAR subPDU
[0m[32m[NR_MAC] [UE 0][RAPROC][573.10] Found RAR with the intended RAPID 63
[0m[32m[NR_MAC] [RAPROC][573.18] RA-Msg3 transmitted
[0m[NR_MAC] [RAPROC][574.18] RA-Msg3 retransmitted
[0m[NR_MAC] [RAPROC][575.18] RA-Msg3 retransmitted
[0m[NR_MAC] [RAPROC][576.18] RA-Msg3 retransmitted
[0m[93m[MAC]    [UE 0] Contention resolution failed
[0m[NR_MAC] PRACH scheduler: Selected RO Frame 583, Slot 19, Symbol 0, Fdm 0
[0m[PHY]    PRACH [UE 0] in frame.slot 583.19, placing PRACH in position 740, Msg1/MsgA-Preamble frequency start 0 (k1 0), preamble_offset 12, first_nonzero_root_idx 0, preambleIndex = 12
[0m[PHY]    [UE 0] RAR-Msg2 decoded
[0m[NR_MAC] [UE 0][RAPROC][RA-RNTI 010b] Got BI RAR subPDU 5 ms
[0m[NR_MAC] [UE 0][RAPROC][RA-RNTI 010b] Got RAPID RAR subPDU
[0m[32m[NR_MAC] [UE 0][RAPROC][584.10] Found RAR with the intended RAPID 12
[0m[32m[NR_MAC] [RAPROC][584.18] RA-Msg3 transmitted
[0m[NR_MAC] [RAPROC][585.18] RA-Msg3 retransmitted
[0m[NR_MAC] [RAPROC][586.18] RA-Msg3 retransmitted
[0m[NR_MAC] [RAPROC][587.18] RA-Msg3 retransmitted
[0m[93m[MAC]    [UE 0] Contention resolution failed
[0m[NR_MAC] PRACH scheduler: Selected RO Frame 594, Slot 19, Symbol 0, Fdm 0
[0m[PHY]    PRACH [UE 0] in frame.slot 594.19, placing PRACH in position 740, Msg1/MsgA-Preamble frequency start 0 (k1 0), preamble_offset 7, first_nonzero_root_idx 0, preambleIndex = 7
[0m[PHY]    [UE 0] RAR-Msg2 decoded
[0m[NR_MAC] [UE 0][RAPROC][RA-RNTI 010b] Got BI RAR subPDU 5 ms
[0m[NR_MAC] [UE 0][RAPROC][RA-RNTI 010b] Got RAPID RAR subPDU
[0m[32m[NR_MAC] [UE 0][RAPROC][595.10] Found RAR with the intended RAPID 7
[0m[32m[NR_MAC] [RAPROC][595.18] RA-Msg3 transmitted
[0m[NR_MAC] [RAPROC][596.18] RA-Msg3 retransmitted
[0m[NR_MAC] [RAPROC][597.18] RA-Msg3 retransmitted
[0m[NR_MAC] [RAPROC][598.18] RA-Msg3 retransmitted
[0m[93m[MAC]    [UE 0] Contention resolution failed
[0m[NR_MAC] PRACH scheduler: Selected RO Frame 605, Slot 19, Symbol 0, Fdm 0
[0m[PHY]    PRACH [UE 0] in frame.slot 605.19, placing PRACH in position 740, Msg1/MsgA-Preamble frequency start 0 (k1 0), preamble_offset 41, first_nonzero_root_idx 0, preambleIndex = 41
[0m[PHY]    [UE 0] RAR-Msg2 decoded
[0m[NR_MAC] [UE 0][RAPROC][RA-RNTI 010b] Got BI RAR subPDU 5 ms
[0m[NR_MAC] [UE 0][RAPROC][RA-RNTI 010b] Got RAPID RAR subPDU
[0m[32m[NR_MAC] [UE 0][RAPROC][606.10] Found RAR with the intended RAPID 41
[0m[32m[NR_MAC] [RAPROC][606.18] RA-Msg3 transmitted
[0m[NR_MAC] [RAPROC][607.18] RA-Msg3 retransmitted
[0m[NR_MAC] [RAPROC][608.18] RA-Msg3 retransmitted
[0m[NR_MAC] [RAPROC][609.18] RA-Msg3 retransmitted
[0m[93m[MAC]    [UE 0] Contention resolution failed
[0m[NR_MAC] PRACH scheduler: Selected RO Frame 616, Slot 19, Symbol 0, Fdm 0
[0m[PHY]    PRACH [UE 0] in frame.slot 616.19, placing PRACH in position 740, Msg1/MsgA-Preamble frequency start 0 (k1 0), preamble_offset 37, first_nonzero_root_idx 0, preambleIndex = 37
[0m[PHY]    [UE 0] RAR-Msg2 decoded
[0m[NR_MAC] [UE 0][RAPROC][RA-RNTI 010b] Got BI RAR subPDU 5 ms
[0m[NR_MAC] [UE 0][RAPROC][RA-RNTI 010b] Got RAPID RAR subPDU
[0m[32m[NR_MAC] [UE 0][RAPROC][617.10] Found RAR with the intended RAPID 37
[0m[32m[NR_MAC] [RAPROC][617.18] RA-Msg3 transmitted
[0m[NR_MAC] [RAPROC][618.18] RA-Msg3 retransmitted
[0m[NR_MAC] [RAPROC][619.18] RA-Msg3 retransmitted
[0m[NR_MAC] [RAPROC][620.18] RA-Msg3 retransmitted
[0m[93m[MAC]    [UE 0] Contention resolution failed
[0m[NR_MAC] PRACH scheduler: Selected RO Frame 627, Slot 19, Symbol 0, Fdm 0
[0m[PHY]    PRACH [UE 0] in frame.slot 627.19, placing PRACH in position 740, Msg1/MsgA-Preamble frequency start 0 (k1 0), preamble_offset 57, first_nonzero_root_idx 0, preambleIndex = 57
[0m[PHY]    [UE 0] RAR-Msg2 decoded
[0m[NR_MAC] [UE 0][RAPROC][RA-RNTI 010b] Got BI RAR subPDU 5 ms
[0m[NR_MAC] [UE 0][RAPROC][RA-RNTI 010b] Got RAPID RAR subPDU
[0m[32m[NR_MAC] [UE 0][RAPROC][628.10] Found RAR with the intended RAPID 57
[0m[32m[NR_MAC] [RAPROC][628.18] RA-Msg3 transmitted
[0m[NR_MAC] [RAPROC][629.18] RA-Msg3 retransmitted
[0m[NR_MAC] [RAPROC][630.18] RA-Msg3 retransmitted
[0m[NR_MAC] [RAPROC][631.18] RA-Msg3 retransmitted
[0m[93m[MAC]    [UE 0] Contention resolution failed
[0m[NR_MAC] PRACH scheduler: Selected RO Frame 638, Slot 19, Symbol 0, Fdm 0
[0m[PHY]    PRACH [UE 0] in frame.slot 638.19, placing PRACH in position 740, Msg1/MsgA-Preamble frequency start 0 (k1 0), preamble_offset 59, first_nonzero_root_idx 0, preambleIndex = 59
[0m[PHY]    [UE 0] RAR-Msg2 decoded
[0m[NR_MAC] [UE 0][RAPROC][RA-RNTI 010b] Got BI RAR subPDU 5 ms
[0m[NR_MAC] [UE 0][RAPROC][RA-RNTI 010b] Got RAPID RAR subPDU
[0m[32m[NR_MAC] [UE 0][RAPROC][639.10] Found RAR with the intended RAPID 59
[0m[32m[NR_MAC] [RAPROC][639.18] RA-Msg3 transmitted
[0m[NR_MAC] [RAPROC][640.18] RA-Msg3 retransmitted
[0m[NR_MAC] [RAPROC][641.18] RA-Msg3 retransmitted
[0m[NR_MAC] [RAPROC][642.18] RA-Msg3 retransmitted
[0m[93m[MAC]    [UE 0] Contention resolution failed
[0m[NR_MAC] PRACH scheduler: Selected RO Frame 649, Slot 19, Symbol 0, Fdm 0
[0m[PHY]    PRACH [UE 0] in frame.slot 649.19, placing PRACH in position 740, Msg1/MsgA-Preamble frequency start 0 (k1 0), preamble_offset 34, first_nonzero_root_idx 0, preambleIndex = 34
[0m[PHY]    [UE 0] RAR-Msg2 decoded
[0m[NR_MAC] [UE 0][RAPROC][RA-RNTI 010b] Got BI RAR subPDU 5 ms
[0m[NR_MAC] [UE 0][RAPROC][RA-RNTI 010b] Got RAPID RAR subPDU
[0m[32m[NR_MAC] [UE 0][RAPROC][650.10] Found RAR with the intended RAPID 34
[0m[32m[NR_MAC] [RAPROC][650.18] RA-Msg3 transmitted
[0m[NR_MAC] [RAPROC][651.18] RA-Msg3 retransmitted
[0m[NR_MAC] [RAPROC][652.18] RA-Msg3 retransmitted
[0m[NR_MAC] [RAPROC][653.18] RA-Msg3 retransmitted
[0m[93m[MAC]    [UE 0] Contention resolution failed
[0m[NR_MAC] PRACH scheduler: Selected RO Frame 660, Slot 19, Symbol 0, Fdm 0
[0m[PHY]    PRACH [UE 0] in frame.slot 660.19, placing PRACH in position 740, Msg1/MsgA-Preamble frequency start 0 (k1 0), preamble_offset 57, first_nonzero_root_idx 0, preambleIndex = 57
[0m[PHY]    [UE 0] RAR-Msg2 decoded
[0m[NR_MAC] [UE 0][RAPROC][RA-RNTI 010b] Got BI RAR subPDU 5 ms
[0m[NR_MAC] [UE 0][RAPROC][RA-RNTI 010b] Got RAPID RAR subPDU
[0m[32m[NR_MAC] [UE 0][RAPROC][661.10] Found RAR with the intended RAPID 57
[0m[32m[NR_MAC] [RAPROC][661.18] RA-Msg3 transmitted
[0m[NR_MAC] [RAPROC][662.18] RA-Msg3 retransmitted
[0m[NR_MAC] [RAPROC][663.18] RA-Msg3 retransmitted
[0m[NR_MAC] [RAPROC][664.18] RA-Msg3 retransmitted
[0m[93m[MAC]    [UE 0] Contention resolution failed
[0m[NR_MAC] PRACH scheduler: Selected RO Frame 671, Slot 19, Symbol 0, Fdm 0
[0m[PHY]    PRACH [UE 0] in frame.slot 671.19, placing PRACH in position 740, Msg1/MsgA-Preamble frequency start 0 (k1 0), preamble_offset 52, first_nonzero_root_idx 0, preambleIndex = 52
[0m[PHY]    [UE 0] RAR-Msg2 decoded
[0m[NR_MAC] [UE 0][RAPROC][RA-RNTI 010b] Got BI RAR subPDU 5 ms
[0m[NR_MAC] [UE 0][RAPROC][RA-RNTI 010b] Got RAPID RAR subPDU
[0m[32m[NR_MAC] [UE 0][RAPROC][672.10] Found RAR with the intended RAPID 52
[0m[32m[NR_MAC] [RAPROC][672.18] RA-Msg3 transmitted
[0m[NR_MAC] [RAPROC][673.18] RA-Msg3 retransmitted
[0m[NR_MAC] [RAPROC][674.18] RA-Msg3 retransmitted
[0m[NR_MAC] [RAPROC][675.18] RA-Msg3 retransmitted
[0m[93m[MAC]    [UE 0] Contention resolution failed
[0m[NR_MAC] PRACH scheduler: Selected RO Frame 682, Slot 19, Symbol 0, Fdm 0
[0m[PHY]    PRACH [UE 0] in frame.slot 682.19, placing PRACH in position 740, Msg1/MsgA-Preamble frequency start 0 (k1 0), preamble_offset 44, first_nonzero_root_idx 0, preambleIndex = 44
[0m[PHY]    [UE 0] RAR-Msg2 decoded
[0m[NR_MAC] [UE 0][RAPROC][RA-RNTI 010b] Got BI RAR subPDU 5 ms
[0m[NR_MAC] [UE 0][RAPROC][RA-RNTI 010b] Got RAPID RAR subPDU
[0m[32m[NR_MAC] [UE 0][RAPROC][683.10] Found RAR with the intended RAPID 44
[0m[32m[NR_MAC] [RAPROC][683.18] RA-Msg3 transmitted
[0m[NR_MAC] [RAPROC][684.18] RA-Msg3 retransmitted
[0m[NR_MAC] [RAPROC][685.18] RA-Msg3 retransmitted
[0m[NR_MAC] [RAPROC][686.18] RA-Msg3 retransmitted
[0m[93m[MAC]    [UE 0] Contention resolution failed
[0m[NR_MAC] PRACH scheduler: Selected RO Frame 693, Slot 19, Symbol 0, Fdm 0
[0m[PHY]    PRACH [UE 0] in frame.slot 693.19, placing PRACH in position 740, Msg1/MsgA-Preamble frequency start 0 (k1 0), preamble_offset 17, first_nonzero_root_idx 0, preambleIndex = 17
[0m[PHY]    [UE 0] RAR-Msg2 decoded
[0m[NR_MAC] [UE 0][RAPROC][RA-RNTI 010b] Got BI RAR subPDU 5 ms
[0m[NR_MAC] [UE 0][RAPROC][RA-RNTI 010b] Got RAPID RAR subPDU
[0m[32m[NR_MAC] [UE 0][RAPROC][694.10] Found RAR with the intended RAPID 17
[0m[32m[NR_MAC] [RAPROC][694.18] RA-Msg3 transmitted
[0m[NR_MAC] [RAPROC][695.18] RA-Msg3 retransmitted
[0m[NR_MAC] [RAPROC][696.18] RA-Msg3 retransmitted
[0m[NR_MAC] [RAPROC][697.18] RA-Msg3 retransmitted
[0m[93m[MAC]    [UE 0] Contention resolution failed
[0m[NR_MAC] PRACH scheduler: Selected RO Frame 704, Slot 19, Symbol 0, Fdm 0
[0m[PHY]    PRACH [UE 0] in frame.slot 704.19, placing PRACH in position 740, Msg1/MsgA-Preamble frequency start 0 (k1 0), preamble_offset 18, first_nonzero_root_idx 0, preambleIndex = 18
[0m[PHY]    [UE 0] RAR-Msg2 decoded
[0m[NR_MAC] [UE 0][RAPROC][RA-RNTI 010b] Got BI RAR subPDU 5 ms
[0m[NR_MAC] [UE 0][RAPROC][RA-RNTI 010b] Got RAPID RAR subPDU
[0m[32m[NR_MAC] [UE 0][RAPROC][705.10] Found RAR with the intended RAPID 18
[0m[32m[NR_MAC] [RAPROC][705.18] RA-Msg3 transmitted
[0m[NR_MAC] [RAPROC][706.18] RA-Msg3 retransmitted
[0m[NR_MAC] [RAPROC][707.18] RA-Msg3 retransmitted
[0m[NR_MAC] [RAPROC][708.18] RA-Msg3 retransmitted
[0m[93m[MAC]    [UE 0] Contention resolution failed
[0m[NR_MAC] PRACH scheduler: Selected RO Frame 715, Slot 19, Symbol 0, Fdm 0
[0m[PHY]    PRACH [UE 0] in frame.slot 715.19, placing PRACH in position 740, Msg1/MsgA-Preamble frequency start 0 (k1 0), preamble_offset 46, first_nonzero_root_idx 0, preambleIndex = 46
[0m[PHY]    [UE 0] RAR-Msg2 decoded
[0m[NR_MAC] [UE 0][RAPROC][RA-RNTI 010b] Got BI RAR subPDU 5 ms
[0m[NR_MAC] [UE 0][RAPROC][RA-RNTI 010b] Got RAPID RAR subPDU
[0m[32m[NR_MAC] [UE 0][RAPROC][716.10] Found RAR with the intended RAPID 46
[0m[32m[NR_MAC] [RAPROC][716.18] RA-Msg3 transmitted
[0m[NR_MAC] [RAPROC][717.18] RA-Msg3 retransmitted
[0m[NR_MAC] [RAPROC][718.18] RA-Msg3 retransmitted
[0m[NR_MAC] [RAPROC][719.18] RA-Msg3 retransmitted
[0m[93m[MAC]    [UE 0] Contention resolution failed
[0m[NR_MAC] PRACH scheduler: Selected RO Frame 726, Slot 19, Symbol 0, Fdm 0
[0m[PHY]    PRACH [UE 0] in frame.slot 726.19, placing PRACH in position 740, Msg1/MsgA-Preamble frequency start 0 (k1 0), preamble_offset 28, first_nonzero_root_idx 0, preambleIndex = 28
[0m[PHY]    [UE 0] RAR-Msg2 decoded
[0m[NR_MAC] [UE 0][RAPROC][RA-RNTI 010b] Got BI RAR subPDU 5 ms
[0m[NR_MAC] [UE 0][RAPROC][RA-RNTI 010b] Got RAPID RAR subPDU
[0m[32m[NR_MAC] [UE 0][RAPROC][727.10] Found RAR with the intended RAPID 28
[0m[32m[NR_MAC] [RAPROC][727.18] RA-Msg3 transmitted
[0m[NR_MAC] [RAPROC][728.18] RA-Msg3 retransmitted
[0m[NR_MAC] [RAPROC][729.18] RA-Msg3 retransmitted
[0m[NR_MAC] [RAPROC][730.18] RA-Msg3 retransmitted
[0m[93m[MAC]    [UE 0] Contention resolution failed
[0m[NR_MAC] PRACH scheduler: Selected RO Frame 737, Slot 19, Symbol 0, Fdm 0
[0m[PHY]    PRACH [UE 0] in frame.slot 737.19, placing PRACH in position 740, Msg1/MsgA-Preamble frequency start 0 (k1 0), preamble_offset 62, first_nonzero_root_idx 0, preambleIndex = 62
[0m[PHY]    [UE 0] RAR-Msg2 decoded
[0m[NR_MAC] [UE 0][RAPROC][RA-RNTI 010b] Got BI RAR subPDU 5 ms
[0m[NR_MAC] [UE 0][RAPROC][RA-RNTI 010b] Got RAPID RAR subPDU
[0m[32m[NR_MAC] [UE 0][RAPROC][738.10] Found RAR with the intended RAPID 62
[0m[32m[NR_MAC] [RAPROC][738.18] RA-Msg3 transmitted
[0m[NR_MAC] [RAPROC][739.18] RA-Msg3 retransmitted
[0m[NR_MAC] [RAPROC][740.18] RA-Msg3 retransmitted
[0m[NR_MAC] [RAPROC][741.18] RA-Msg3 retransmitted
[0m[93m[MAC]    [UE 0] Contention resolution failed
[0m[93m[NR_RRC] [UE 0] Timer T300 expired! No timely response to RRCSetupRequest
[0m[MAC]    Initialization of 4-Step CBRA procedure
[0m[NR_MAC] PRACH scheduler: Selected RO Frame 778, Slot 19, Symbol 0, Fdm 0
[0m[PHY]    PRACH [UE 0] in frame.slot 778.19, placing PRACH in position 740, Msg1/MsgA-Preamble frequency start 0 (k1 0), preamble_offset 49, first_nonzero_root_idx 0, preambleIndex = 49
[0m[PHY]    [UE 0] RAR-Msg2 decoded
[0m[NR_MAC] [UE 0][RAPROC][RA-RNTI 010b] Got BI RAR subPDU 5 ms
[0m[NR_MAC] [UE 0][RAPROC][RA-RNTI 010b] Got RAPID RAR subPDU
[0m[32m[NR_MAC] [UE 0][RAPROC][779.10] Found RAR with the intended RAPID 49
[0m[93m[MAC]    received TA command 31
[0m[32m[NR_MAC] [RAPROC][779.18] RA-Msg3 transmitted
[0m[NR_MAC] [RAPROC][780.18] RA-Msg3 retransmitted
[0m[NR_MAC] [RAPROC][781.18] RA-Msg3 retransmitted
[0m[NR_MAC] [RAPROC][782.18] RA-Msg3 retransmitted
[0m[93m[MAC]    [UE 0] Contention resolution failed
[0m[NR_MAC] PRACH scheduler: Selected RO Frame 789, Slot 19, Symbol 0, Fdm 0
[0m[PHY]    PRACH [UE 0] in frame.slot 789.19, placing PRACH in position 740, Msg1/MsgA-Preamble frequency start 0 (k1 0), preamble_offset 43, first_nonzero_root_idx 0, preambleIndex = 43
[0m[PHY]    [UE 0] RAR-Msg2 decoded
[0m[NR_MAC] [UE 0][RAPROC][RA-RNTI 010b] Got BI RAR subPDU 5 ms
[0m[NR_MAC] [UE 0][RAPROC][RA-RNTI 010b] Got RAPID RAR subPDU
[0m[32m[NR_MAC] [UE 0][RAPROC][790.10] Found RAR with the intended RAPID 43
[0m[32m[NR_MAC] [RAPROC][790.18] RA-Msg3 transmitted
[0m[NR_MAC] [RAPROC][791.18] RA-Msg3 retransmitted
[0m[NR_MAC] [RAPROC][792.18] RA-Msg3 retransmitted
[0m[NR_MAC] [RAPROC][793.18] RA-Msg3 retransmitted
[0m[93m[MAC]    [UE 0] Contention resolution failed
[0m[NR_MAC] PRACH scheduler: Selected RO Frame 800, Slot 19, Symbol 0, Fdm 0
[0m[PHY]    PRACH [UE 0] in frame.slot 800.19, placing PRACH in position 740, Msg1/MsgA-Preamble frequency start 0 (k1 0), preamble_offset 12, first_nonzero_root_idx 0, preambleIndex = 12
[0m[PHY]    [UE 0] RAR-Msg2 decoded
[0m[NR_MAC] [UE 0][RAPROC][RA-RNTI 010b] Got BI RAR subPDU 5 ms
[0m[NR_MAC] [UE 0][RAPROC][RA-RNTI 010b] Got RAPID RAR subPDU
[0m[32m[NR_MAC] [UE 0][RAPROC][801.10] Found RAR with the intended RAPID 12
[0m[32m[NR_MAC] [RAPROC][801.18] RA-Msg3 transmitted
[0m[NR_MAC] [RAPROC][802.18] RA-Msg3 retransmitted
[0m[NR_MAC] [RAPROC][803.18] RA-Msg3 retransmitted
[0m[NR_MAC] [RAPROC][804.18] RA-Msg3 retransmitted
[0m[93m[MAC]    [UE 0] Contention resolution failed
[0m[NR_MAC] PRACH scheduler: Selected RO Frame 811, Slot 19, Symbol 0, Fdm 0
[0m[PHY]    PRACH [UE 0] in frame.slot 811.19, placing PRACH in position 740, Msg1/MsgA-Preamble frequency start 0 (k1 0), preamble_offset 41, first_nonzero_root_idx 0, preambleIndex = 41
[0m[PHY]    [UE 0] RAR-Msg2 decoded
[0m[NR_MAC] [UE 0][RAPROC][RA-RNTI 010b] Got BI RAR subPDU 5 ms
[0m[NR_MAC] [UE 0][RAPROC][RA-RNTI 010b] Got RAPID RAR subPDU
[0m[32m[NR_MAC] [UE 0][RAPROC][812.10] Found RAR with the intended RAPID 41
[0m[32m[NR_MAC] [RAPROC][812.18] RA-Msg3 transmitted
[0m[NR_MAC] [RAPROC][813.18] RA-Msg3 retransmitted
[0m[NR_MAC] [RAPROC][814.18] RA-Msg3 retransmitted
[0m[NR_MAC] [RAPROC][815.18] RA-Msg3 retransmitted
[0m[93m[MAC]    [UE 0] Contention resolution failed
[0m[NR_MAC] PRACH scheduler: Selected RO Frame 822, Slot 19, Symbol 0, Fdm 0
[0m[PHY]    PRACH [UE 0] in frame.slot 822.19, placing PRACH in position 740, Msg1/MsgA-Preamble frequency start 0 (k1 0), preamble_offset 38, first_nonzero_root_idx 0, preambleIndex = 38
[0m[PHY]    [UE 0] RAR-Msg2 decoded
[0m[NR_MAC] [UE 0][RAPROC][RA-RNTI 010b] Got BI RAR subPDU 5 ms
[0m[NR_MAC] [UE 0][RAPROC][RA-RNTI 010b] Got RAPID RAR subPDU
[0m[32m[NR_MAC] [UE 0][RAPROC][823.10] Found RAR with the intended RAPID 38
[0m[32m[NR_MAC] [RAPROC][823.18] RA-Msg3 transmitted
[0m[NR_MAC] [RAPROC][824.18] RA-Msg3 retransmitted
[0m[NR_MAC] [RAPROC][825.18] RA-Msg3 retransmitted
[0m[NR_MAC] [RAPROC][826.18] RA-Msg3 retransmitted
[0m[93m[MAC]    [UE 0] Contention resolution failed
[0m[NR_MAC] PRACH scheduler: Selected RO Frame 833, Slot 19, Symbol 0, Fdm 0
[0m[PHY]    PRACH [UE 0] in frame.slot 833.19, placing PRACH in position 740, Msg1/MsgA-Preamble frequency start 0 (k1 0), preamble_offset 19, first_nonzero_root_idx 0, preambleIndex = 19
[0m[PHY]    [UE 0] RAR-Msg2 decoded
[0m[NR_MAC] [UE 0][RAPROC][RA-RNTI 010b] Got BI RAR subPDU 5 ms
[0m[NR_MAC] [UE 0][RAPROC][RA-RNTI 010b] Got RAPID RAR subPDU
[0m[32m[NR_MAC] [UE 0][RAPROC][834.10] Found RAR with the intended RAPID 19
[0m[32m[NR_MAC] [RAPROC][834.18] RA-Msg3 transmitted
[0m[NR_MAC] [RAPROC][835.18] RA-Msg3 retransmitted
[0m[NR_MAC] [RAPROC][836.18] RA-Msg3 retransmitted
[0m[NR_MAC] [RAPROC][837.18] RA-Msg3 retransmitted
[0m[93m[MAC]    [UE 0] Contention resolution failed
[0m[NR_MAC] PRACH scheduler: Selected RO Frame 844, Slot 19, Symbol 0, Fdm 0
[0m[PHY]    PRACH [UE 0] in frame.slot 844.19, placing PRACH in position 740, Msg1/MsgA-Preamble frequency start 0 (k1 0), preamble_offset 34, first_nonzero_root_idx 0, preambleIndex = 34
[0m[PHY]    [UE 0] RAR-Msg2 decoded
[0m[NR_MAC] [UE 0][RAPROC][RA-RNTI 010b] Got BI RAR subPDU 5 ms
[0m[NR_MAC] [UE 0][RAPROC][RA-RNTI 010b] Got RAPID RAR subPDU
[0m[32m[NR_MAC] [UE 0][RAPROC][845.10] Found RAR with the intended RAPID 34
[0m[32m[NR_MAC] [RAPROC][845.18] RA-Msg3 transmitted
[0m[NR_MAC] [RAPROC][846.18] RA-Msg3 retransmitted
[0m[NR_MAC] [RAPROC][847.18] RA-Msg3 retransmitted
[0m[NR_MAC] [RAPROC][848.18] RA-Msg3 retransmitted
[0m[93m[MAC]    [UE 0] Contention resolution failed
[0m[NR_MAC] PRACH scheduler: Selected RO Frame 855, Slot 19, Symbol 0, Fdm 0
[0m[PHY]    PRACH [UE 0] in frame.slot 855.19, placing PRACH in position 740, Msg1/MsgA-Preamble frequency start 0 (k1 0), preamble_offset 61, first_nonzero_root_idx 0, preambleIndex = 61
[0m[PHY]    [UE 0] RAR-Msg2 decoded
[0m[NR_MAC] [UE 0][RAPROC][RA-RNTI 010b] Got BI RAR subPDU 5 ms
[0m[NR_MAC] [UE 0][RAPROC][RA-RNTI 010b] Got RAPID RAR subPDU
[0m[32m[NR_MAC] [UE 0][RAPROC][856.10] Found RAR with the intended RAPID 61
[0m[32m[NR_MAC] [RAPROC][856.18] RA-Msg3 transmitted
[0m[NR_MAC] [RAPROC][857.18] RA-Msg3 retransmitted
[0m[NR_MAC] [RAPROC][858.18] RA-Msg3 retransmitted
[0m[NR_MAC] [RAPROC][859.18] RA-Msg3 retransmitted
[0m[93m[MAC]    [UE 0] Contention resolution failed
[0m[NR_MAC] PRACH scheduler: Selected RO Frame 866, Slot 19, Symbol 0, Fdm 0
[0m[PHY]    PRACH [UE 0] in frame.slot 866.19, placing PRACH in position 740, Msg1/MsgA-Preamble frequency start 0 (k1 0), preamble_offset 36, first_nonzero_root_idx 0, preambleIndex = 36
[0m[PHY]    [UE 0] RAR-Msg2 decoded
[0m[NR_MAC] [UE 0][RAPROC][RA-RNTI 010b] Got BI RAR subPDU 5 ms
[0m[NR_MAC] [UE 0][RAPROC][RA-RNTI 010b] Got RAPID RAR subPDU
[0m[32m[NR_MAC] [UE 0][RAPROC][867.10] Found RAR with the intended RAPID 36
[0m[32m[NR_MAC] [RAPROC][867.18] RA-Msg3 transmitted
[0m[NR_MAC] [RAPROC][868.18] RA-Msg3 retransmitted
[0m[NR_MAC] [RAPROC][869.18] RA-Msg3 retransmitted
[0m[NR_MAC] [RAPROC][870.18] RA-Msg3 retransmitted
[0m[93m[MAC]    [UE 0] Contention resolution failed
[0m[NR_MAC] PRACH scheduler: Selected RO Frame 877, Slot 19, Symbol 0, Fdm 0
[0m[PHY]    PRACH [UE 0] in frame.slot 877.19, placing PRACH in position 740, Msg1/MsgA-Preamble frequency start 0 (k1 0), preamble_offset 47, first_nonzero_root_idx 0, preambleIndex = 47
[0m[PHY]    [UE 0] RAR-Msg2 decoded
[0m[NR_MAC] [UE 0][RAPROC][RA-RNTI 010b] Got BI RAR subPDU 5 ms
[0m[NR_MAC] [UE 0][RAPROC][RA-RNTI 010b] Got RAPID RAR subPDU
[0m[32m[NR_MAC] [UE 0][RAPROC][878.10] Found RAR with the intended RAPID 47
[0m[32m[NR_MAC] [RAPROC][878.18] RA-Msg3 transmitted
[0m[NR_MAC] [RAPROC][879.18] RA-Msg3 retransmitted
[0m[NR_MAC] [RAPROC][880.18] RA-Msg3 retransmitted
[0m[NR_MAC] [RAPROC][881.18] RA-Msg3 retransmitted
[0m[93m[MAC]    [UE 0] Contention resolution failed
[0m[NR_MAC] PRACH scheduler: Selected RO Frame 888, Slot 19, Symbol 0, Fdm 0
[0m[PHY]    PRACH [UE 0] in frame.slot 888.19, placing PRACH in position 740, Msg1/MsgA-Preamble frequency start 0 (k1 0), preamble_offset 38, first_nonzero_root_idx 0, preambleIndex = 38
[0m[PHY]    [UE 0] RAR-Msg2 decoded
[0m[NR_MAC] [UE 0][RAPROC][RA-RNTI 010b] Got BI RAR subPDU 5 ms
[0m[NR_MAC] [UE 0][RAPROC][RA-RNTI 010b] Got RAPID RAR subPDU
[0m[32m[NR_MAC] [UE 0][RAPROC][889.10] Found RAR with the intended RAPID 38
[0m[32m[NR_MAC] [RAPROC][889.18] RA-Msg3 transmitted
[0m[NR_MAC] [RAPROC][890.18] RA-Msg3 retransmitted
[0m[NR_MAC] [RAPROC][891.18] RA-Msg3 retransmitted
[0m[NR_MAC] [RAPROC][892.18] RA-Msg3 retransmitted
[0m[93m[MAC]    [UE 0] Contention resolution failed
[0m[NR_MAC] PRACH scheduler: Selected RO Frame 899, Slot 19, Symbol 0, Fdm 0
[0m[PHY]    PRACH [UE 0] in frame.slot 899.19, placing PRACH in position 740, Msg1/MsgA-Preamble frequency start 0 (k1 0), preamble_offset 47, first_nonzero_root_idx 0, preambleIndex = 47
[0m[PHY]    [UE 0] RAR-Msg2 decoded
[0m[NR_MAC] [UE 0][RAPROC][RA-RNTI 010b] Got BI RAR subPDU 5 ms
[0m[NR_MAC] [UE 0][RAPROC][RA-RNTI 010b] Got RAPID RAR subPDU
[0m[32m[NR_MAC] [UE 0][RAPROC][900.10] Found RAR with the intended RAPID 47
[0m[32m[NR_MAC] [RAPROC][900.18] RA-Msg3 transmitted
[0m[NR_MAC] [RAPROC][901.18] RA-Msg3 retransmitted
[0m[NR_MAC] [RAPROC][902.18] RA-Msg3 retransmitted
[0m[NR_MAC] [RAPROC][903.18] RA-Msg3 retransmitted
[0m[93m[MAC]    [UE 0] Contention resolution failed
[0m[NR_MAC] PRACH scheduler: Selected RO Frame 910, Slot 19, Symbol 0, Fdm 0
[0m[PHY]    PRACH [UE 0] in frame.slot 910.19, placing PRACH in position 740, Msg1/MsgA-Preamble frequency start 0 (k1 0), preamble_offset 39, first_nonzero_root_idx 0, preambleIndex = 39
[0m[PHY]    [UE 0] RAR-Msg2 decoded
[0m[NR_MAC] [UE 0][RAPROC][RA-RNTI 010b] Got BI RAR subPDU 5 ms
[0m[NR_MAC] [UE 0][RAPROC][RA-RNTI 010b] Got RAPID RAR subPDU
[0m[32m[NR_MAC] [UE 0][RAPROC][911.10] Found RAR with the intended RAPID 39
[0m[32m[NR_MAC] [RAPROC][911.18] RA-Msg3 transmitted
[0m[NR_MAC] [RAPROC][912.18] RA-Msg3 retransmitted
[0m[NR_MAC] [RAPROC][913.18] RA-Msg3 retransmitted
[0m[NR_MAC] [RAPROC][914.18] RA-Msg3 retransmitted
[0m[93m[MAC]    [UE 0] Contention resolution failed
[0m[NR_MAC] PRACH scheduler: Selected RO Frame 921, Slot 19, Symbol 0, Fdm 0
[0m[PHY]    PRACH [UE 0] in frame.slot 921.19, placing PRACH in position 740, Msg1/MsgA-Preamble frequency start 0 (k1 0), preamble_offset 14, first_nonzero_root_idx 0, preambleIndex = 14
[0m[PHY]    [UE 0] RAR-Msg2 decoded
[0m[NR_MAC] [UE 0][RAPROC][RA-RNTI 010b] Got BI RAR subPDU 5 ms
[0m[NR_MAC] [UE 0][RAPROC][RA-RNTI 010b] Got RAPID RAR subPDU
[0m[32m[NR_MAC] [UE 0][RAPROC][922.10] Found RAR with the intended RAPID 14
[0m[32m[NR_MAC] [RAPROC][922.18] RA-Msg3 transmitted
[0m[NR_MAC] [RAPROC][923.18] RA-Msg3 retransmitted
[0m[NR_MAC] [RAPROC][924.18] RA-Msg3 retransmitted
[0m[NR_MAC] [RAPROC][925.18] RA-Msg3 retransmitted
[0m[93m[MAC]    [UE 0] Contention resolution failed
[0m[NR_MAC] PRACH scheduler: Selected RO Frame 932, Slot 19, Symbol 0, Fdm 0
[0m[PHY]    PRACH [UE 0] in frame.slot 932.19, placing PRACH in position 740, Msg1/MsgA-Preamble frequency start 0 (k1 0), preamble_offset 45, first_nonzero_root_idx 0, preambleIndex = 45
[0m[PHY]    [UE 0] RAR-Msg2 decoded
[0m[NR_MAC] [UE 0][RAPROC][RA-RNTI 010b] Got BI RAR subPDU 5 ms
[0m[NR_MAC] [UE 0][RAPROC][RA-RNTI 010b] Got RAPID RAR subPDU
[0m[32m[NR_MAC] [UE 0][RAPROC][933.10] Found RAR with the intended RAPID 45
[0m[32m[NR_MAC] [RAPROC][933.18] RA-Msg3 transmitted
[0m[NR_MAC] [RAPROC][934.18] RA-Msg3 retransmitted
[0m