Logging terminal output to /home/jesse/oran_lab/logs/run_ue/run_ue_20260531_114255_pid692197.log
UE cores: 20,21,22,23
UE sample advance: 0
VRTSIM shared memory is ready; starting UE without waiting for non-zero DL samples.
CMDLINE: "./nr-uesoftmodem" "-O" "/home/jesse/oran_lab/ue_test.conf" "-C" "4049760000" "-r" "24" "--numerology" "1" "--band" "77" "--ssb" "24" "-A" "0" "--device.name" "vrtsim" "--vrtsim.role" "client" "--ue-nb-ant-tx" "2" "--ue-nb-ant-rx" "2" "--vrtsim.chanmod" "1" 
[UTIL]   running in SA mode (no --phy-test, --do-ra, --nsa option present)
[0m[UTIL]   threadCreate() for Tpool0_-1: creating thread with affinity ffffffff, priority 97
[0m[UTIL]   threadCreate() for Tpool1_-1: creating thread with affinity ffffffff, priority 97
[0m[UTIL]   threadCreate() for Tpool2_-1: creating thread with affinity ffffffff, priority 97
[0m[UTIL]   threadCreate() for Tpool3_-1: creating thread with affinity ffffffff, priority 97
[0m[UTIL]   threadCreate() for Tpool4_-1: creating thread with affinity ffffffff, priority 97
[0m[UTIL]   threadCreate() for Tpool5_-1: creating thread with affinity ffffffff, priority 97
[0m[UTIL]   threadCreate() for Tpool6_-1: creating thread with affinity ffffffff, priority 97
[0m[UTIL]   threadCreate() for Tpool7_-1: creating thread with affinity ffffffff, priority 97
[0m[UTIL]   threadCreate() for Tpool8_-1: creating thread with affinity ffffffff, priority 97
[0m[UTIL]   threadCreate() for Tpool9_-1: creating thread with affinity ffffffff, priority 97
[0m[UTIL]   threadCreate() for Tpool10_-1: creating thread with affinity ffffffff, priority 97
[0m[UTIL]   threadCreate() for Tpool11_-1: creating thread with affinity ffffffff, priority 97
[0m[OPT]    OPT disabled
[0m[HW]     Version: Branch: compression-plus-timing-fix Abrev. Hash: 3b10464162 Date: Tue May 26 09:32:18 2026 -0700
[0m[NR_RRC] create TASK_RRC_NRUE 
[0m[UTIL]   threadCreate() for TASK_RRC_NRUE: creating thread with affinity ffffffff, priority 50
[0m[UTIL]   threadCreate() for TASK_NAS_NRUE: creating thread with affinity ffffffff, priority 50
[0m[SIM]    UICC simulation: IMSI=2089900007487, IMEISV=6754567890123413, Ki=fec86ba6eb707ed08905757b1bb44b8f, OPc=C42449363BBAD02B66D16BC975D77CC1
[0m[SIM]    overriding potential uicc0.dnn/nssai_sst/nssai_sd from uicc0.pdu_sessions
[0m[SIM]    will request PDU session ID 1, type 1, DNN oai, NSSAI 1.ffffff
[0m[NR_MAC] [UE0] Initializing MAC
[0m[NR_MAC] Initializing dl and ul config_request. num_slots = 20
[0m[RLC]    Activated srb0 for UE 0
[0m[UTIL]   threadCreate() for time source realtime: creating thread with affinity ffffffff, priority 2
[0m[UTIL]   time manager configuration: [time source: reatime] [mode: standalone] [server IP: 127.0.0.1} [server port: 7374] (server IP/port not used)
[0m[PHY]    Set UE nb_rx_antenna 2, nb_tx_antenna 2, threequarter_fs 0, ofdm_offset_divisor 8
[0m[PHY]    SA init parameters. DL freq 4049760000 UL offset 0 SSB numerology 1 N_RB_DL 24
[0m[PHY]    Init: N_RB_DL 24, first_carrier_offset 368, nb_prefix_samples 36,nb_prefix_samples0 44, ofdm_symbol_size 512
[0m[93m[PHY]    samples_per_subframe 15360/per second 15360000, wCP 14336
[0m[PHY]    Set UE_fo_compensation 0, UE_scan_carrier 0, UE_no_timing_correction 0 
, chest-freq 0, chest-time 0
[0m[UTIL]   threadCreate() for SYNC__actor: creating thread with affinity ffffffff, priority 97
[0m[UTIL]   threadCreate() for DL__actor: creating thread with affinity ffffffff, priority 97
[0m[UTIL]   threadCreate() for DL__actor: creating thread with affinity ffffffff, priority 97
[0m[UTIL]   threadCreate() for DL__actor: creating thread with affinity ffffffff, priority 97
[0m[UTIL]   threadCreate() for DL__actor: creating thread with affinity ffffffff, priority 97
[0m[UTIL]   threadCreate() for UL__actor: creating thread with affinity ffffffff, priority 97
[0m[UTIL]   threadCreate() for UL__actor: creating thread with affinity ffffffff, priority 97
[0m[PHY]    Initializing UE vars for gNB TXant 2, UE RXant 2
[0m[PHY]    prs_config configuration NOT found..!! Skipped configuring UE for the PRS reception
[0m[PHY]    HW: Configuring ru_id 0, sample_rate 15360000.000000, tx/rx num_channels 2/2, duplex_mode TDD
[0m[PHY]    HW: Configuring channel 0 (rf_chain 0): setting tx_freq 4049760000 Hz, rx_freq 4049760000 Hz, tune_offset 0
[0m[PHY]    HW: Configuring channel 1 (rf_chain 0): setting tx_freq 4049760000 Hz, rx_freq 4049760000 Hz, tune_offset 0
[0m[PHY]    HW: Configuring channel 0 (rf_chain 0): setting tx_gain 0, rx_gain 110
[0m[PHY]    HW: Configuring channel 1 (rf_chain 0): setting tx_gain 0, rx_gain 110
[0m[UTIL]   threadCreate() for ru_start_thread: creating thread with affinity ffffffff, priority 97
[0m[HW]     VRTSIM: TX sample advance 4096 samples
[0m[HW]     Running as client: will connect to a vrtsim server
[0m[32m[HW]     VRTSIM: Noise power 0 sample value
[0m[HW]     [RAU] has loaded RFSIMULATOR device.
[0m[HW]     VRTSIM: UE 0/1 - 2x2 antennas, UL offset=0, DL offset=0
[0m[HW]     VRTSIM: client RX aligned to frame boundary current_sample=118605108 aligned_sample=118732800 samples_per_frame=153600
[0m[UTIL]   threadCreate() for chanmod_actor: creating thread with affinity 1c, priority 97
[0m[UTIL]   threadCreate() for chanmod_actor: creating thread with affinity 1d, priority 97
[0m[OCM]    Channel Model (inside of new_channel_desc_scm)=12

[0m[OCM]    Model server_tx_channel_model type TDL_D allocated from config file, list vrtsim_sweep_list
[0m[OCM]    Channel Model (inside of new_channel_desc_scm)=12

[0m[OCM]    Model client_tx_channel_model type TDL_D allocated from config file, list vrtsim_sweep_list
[0m[HW]     Channel model client_tx_channel_model parameters: path_loss_dB=0.00, nb_tx=2, nb_rx=2, channel_length=4
[0m[PHY]    Intializing UE Threads for instance 0 ...
[0m[UTIL]   threadCreate() for UEthread_0: creating thread with affinity ffffffff, priority 97
[0m[UTIL]   threadCreate() for L1_UE_stats_0: creating thread with affinity ffffffff, priority 1
[0m[93m[PHY]    SSB position provided
[0m[93m[NR_PHY] Starting sync detection
[0m[PHY]    [UE thread Synch] Running Initial Synch 
[0m[NR_PHY] Starting cell search with center freq: 4049760000, bandwidth: 24. Scanning for 1 number of GSCN.
[0m[NR_PHY] Scanning GSCN: 0, with SSB offset: 24, SSB Freq: 0.000000
[0m[1;31m[PHY]    synch Failed: 
[0m[93m[PHY]    SSB position provided
[0m[93m[NR_PHY] Starting sync detection
[0m[PHY]    [UE thread Synch] Running Initial Synch 
[0m[NR_PHY] Starting cell search with center freq: 4049760000, bandwidth: 24. Scanning for 1 number of GSCN.
[0m[NR_PHY] Scanning GSCN: 0, with SSB offset: 24, SSB Freq: 0.000000
[0m[1;31m[PHY]    synch Failed: 
[0m[93m[PHY]    SSB position provided
[0m[93m[NR_PHY] Starting sync detection
[0m[PHY]    [UE thread Synch] Running Initial Synch 
[0m[NR_PHY] Starting cell search with center freq: 4049760000, bandwidth: 24. Scanning for 1 number of GSCN.
[0m[NR_PHY] Scanning GSCN: 0, with SSB offset: 24, SSB Freq: 0.000000
[0m[1;31m[PHY]    synch Failed: 
[0m[93m[PHY]    SSB position provided
[0m[93m[NR_PHY] Starting sync detection
[0m[PHY]    [UE thread Synch] Running Initial Synch 
[0m[NR_PHY] Starting cell search with center freq: 4049760000, bandwidth: 24. Scanning for 1 number of GSCN.
[0m[NR_PHY] Scanning GSCN: 0, with SSB offset: 24, SSB Freq: 0.000000
[0m[1;31m[PHY]    synch Failed: 
[0m[93m[PHY]    SSB position provided
[0m[93m[NR_PHY] Starting sync detection
[0m[PHY]    [UE thread Synch] Running Initial Synch 
[0m[NR_PHY] Starting cell search with center freq: 4049760000, bandwidth: 24. Scanning for 1 number of GSCN.
[0m[NR_PHY] Scanning GSCN: 0, with SSB offset: 24, SSB Freq: 0.000000
[0m[1;31m[PHY]    synch Failed: 
[0m[93m[PHY]    SSB position provided
[0m[93m[NR_PHY] Starting sync detection
[0m[PHY]    [UE thread Synch] Running Initial Synch 
[0m[NR_PHY] Starting cell search with center freq: 4049760000, bandwidth: 24. Scanning for 1 number of GSCN.
[0m[NR_PHY] Scanning GSCN: 0, with SSB offset: 24, SSB Freq: 0.000000
[0m[1;31m[PHY]    synch Failed: 
[0m[93m[PHY]    SSB position provided
[0m[93m[NR_PHY] Starting sync detection
[0m[PHY]    [UE thread Synch] Running Initial Synch 
[0m[NR_PHY] Starting cell search with center freq: 4049760000, bandwidth: 24. Scanning for 1 number of GSCN.
[0m[NR_PHY] Scanning GSCN: 0, with SSB offset: 24, SSB Freq: 0.000000
[0m[1;31m[PHY]    synch Failed: 
[0m[93m[PHY]    SSB position provided
[0m[93m[NR_PHY] Starting sync detection
[0m[PHY]    [UE thread Synch] Running Initial Synch 
[0m[NR_PHY] Starting cell search with center freq: 4049760000, bandwidth: 24. Scanning for 1 number of GSCN.
[0m[NR_PHY] Scanning GSCN: 0, with SSB offset: 24, SSB Freq: 0.000000
[0m[1;31m[PHY]    synch Failed: 
[0m[93m[PHY]    SSB position provided
[0m[93m[NR_PHY] Starting sync detection
[0m[PHY]    [UE thread Synch] Running Initial Synch 
[0m[NR_PHY] Starting cell search with center freq: 4049760000, bandwidth: 24. Scanning for 1 number of GSCN.
[0m[NR_PHY] Scanning GSCN: 0, with SSB offset: 24, SSB Freq: 0.000000
[0m[1;31m[PHY]    synch Failed: 
[0m[93m[PHY]    SSB position provided
[0m[93m[NR_PHY] Starting sync detection
[0m[PHY]    [UE thread Synch] Running Initial Synch 
[0m[NR_PHY] Starting cell search with center freq: 4049760000, bandwidth: 24. Scanning for 1 number of GSCN.
[0m[NR_PHY] Scanning GSCN: 0, with SSB offset: 24, SSB Freq: 0.000000
[0m[1;31m[PHY]    synch Failed: 
[0m[93m[PHY]    SSB position provided
[0m[93m[NR_PHY] Starting sync detection
[0m[PHY]    [UE thread Synch] Running Initial Synch 
[0m[NR_PHY] Starting cell search with center freq: 4049760000, bandwidth: 24. Scanning for 1 number of GSCN.
[0m[NR_PHY] Scanning GSCN: 0, with SSB offset: 24, SSB Freq: 0.000000
[0m[1;31m[PHY]    synch Failed: 
[0m[93m[PHY]    SSB position provided
[0m[93m[NR_PHY] Starting sync detection
[0m[PHY]    [UE thread Synch] Running Initial Synch 
[0m[NR_PHY] Starting cell search with center freq: 4049760000, bandwidth: 24. Scanning for 1 number of GSCN.
[0m[NR_PHY] Scanning GSCN: 0, with SSB offset: 24, SSB Freq: 0.000000
[0m[1;31m[PHY]    synch Failed: 
[0m[93m[PHY]    SSB position provided
[0m[93m[NR_PHY] Starting sync detection
[0m[PHY]    [UE thread Synch] Running Initial Synch 
[0m[NR_PHY] Starting cell search with center freq: 4049760000, bandwidth: 24. Scanning for 1 number of GSCN.
[0m[NR_PHY] Scanning GSCN: 0, with SSB offset: 24, SSB Freq: 0.000000
[0m[1;31m[PHY]    synch Failed: 
[0m[93m[PHY]    SSB position provided
[0m[93m[NR_PHY] Starting sync detection
[0m[PHY]    [UE thread Synch] Running Initial Synch 
[0m[NR_PHY] Starting cell search with center freq: 4049760000, bandwidth: 24. Scanning for 1 number of GSCN.
[0m[NR_PHY] Scanning GSCN: 0, with SSB offset: 24, SSB Freq: 0.000000
[0m[1;31m[PHY]    synch Failed: 
[0m[93m[PHY]    SSB position provided
[0m[93m[NR_PHY] Starting sync detection
[0m[PHY]    [UE thread Synch] Running Initial Synch 
[0m[NR_PHY] Starting cell search with center freq: 4049760000, bandwidth: 24. Scanning for 1 number of GSCN.
[0m[NR_PHY] Scanning GSCN: 0, with SSB offset: 24, SSB Freq: 0.000000
[0m[1;31m[PHY]    synch Failed: 
[0m[93m[PHY]    SSB position provided
[0m[93m[NR_PHY] Starting sync detection
[0m[PHY]    [UE thread Synch] Running Initial Synch 
[0m[NR_PHY] Starting cell search with center freq: 4049760000, bandwidth: 24. Scanning for 1 number of GSCN.
[0m[NR_PHY] Scanning GSCN: 0, with SSB offset: 24, SSB Freq: 0.000000
[0m[1;31m[PHY]    synch Failed: 
[0m[93m[PHY]    SSB position provided
[0m[93m[NR_PHY] Starting sync detection
[0m[PHY]    [UE thread Synch] Running Initial Synch 
[0m[NR_PHY] Starting cell search with center freq: 4049760000, bandwidth: 24. Scanning for 1 number of GSCN.
[0m[NR_PHY] Scanning GSCN: 0, with SSB offset: 24, SSB Freq: 0.000000
[0m[32m[PHY]    Initial sync: pbch decoded sucessfully, ssb index 0
[0m[PHY]    pbch rx ok. rsrp:62 dB/RE, adjust_rxgain:-12 dB
[0m[NR_PHY] Cell Detected with GSCN: 0, SSB SC offset: 24, SSB Ref: 0.000000, PSS Corr peak: 114 dB, PSS Corr Average: 82
[0m[PHY]    [UE0] In synch, rx_offset 38496 samples
[0m[PHY]    [UE 0] Measured Carrier Frequency offset -43 Hz
[0m[32m[PHY]    Initial sync successful, PCI: 0
[0m[PHY]    HW: Configuring channel 0 (rf_chain 0): setting tx_freq 4049759957 Hz, rx_freq 4049759957 Hz, tune_offset 0
[0m[PHY]    HW: Configuring channel 1 (rf_chain 0): setting tx_freq 4049759957 Hz, rx_freq 4049759957 Hz, tune_offset 0
[0m[PHY]    Got synch: hw_slot_offset 10, carrier off -43 Hz
[0m[NR_RRC] [UE 0] BCCH update: phyCellID 0->0, arfcn_ssb 0->669984
[0m[32m[PHY]    UE synchronized! decoded_frame_rx=106 UE->init_sync_frame=0 trashed_frames=4
[0m[PHY]    Resynchronizing RX by 38496 samples
[0m[HW]     received write reorder clear context
[0m[PHY]    max_pos_acc = 0, shiftForNextFrame = 0
[0m[32m[NR_RRC] SIB1 decoded
[0m[NR_MAC] [UE 0] Initial cell selection: dl_frequency=4045440 kHz (from command-line, band=77, scs=1)
[0m[NR_MAC] Initial cell selection: uplink_frequency=4045440 kHz (from dl_frequency=4045440 kHz)
[0m[NR_MAC] TDD period index = 5, based on the sum of dl_UL_TransmissionPeriodicity from Pattern1 (2.500000 ms) and Pattern2 (0.000000 ms): Total = 2.500000 ms
[0m[NR_MAC] Set TDD configuration period to: 2 DL slots, 4 UL slots, 5 slots per period (NR_TDD_UL_DL_Pattern is 1 DL slots, 3 UL slots, 6 DL symbols, 4 UL symbols)
[0m[NR_MAC] Configured 1 TDD patterns (total slots: pattern1 = 5, pattern2 = 0)
[0m[PHY]    N_TA_offset changed from 0 to 200
[0m[MAC]    Initialization of 4-Step CBRA procedure
[0m[NR_MAC] PRACH scheduler: Selected RO Frame 112, Slot 19, Symbol 0, Fdm 0
[0m[PHY]    PRACH [UE 0] in frame.slot 112.19, placing PRACH in position 740, Msg1/MsgA-Preamble frequency start 0 (k1 0), preamble_offset 26, first_nonzero_root_idx 0, preambleIndex = 26
[0m[PHY]    [UE 0] RAR-Msg2 decoded
[0m[NR_MAC] [UE 0][RAPROC][RA-RNTI 010b] Got BI RAR subPDU 5 ms
[0m[NR_MAC] [UE 0][RAPROC][RA-RNTI 010b] Got RAPID RAR subPDU
[0m[32m[NR_MAC] [UE 0][RAPROC][113.10] Found RAR with the intended RAPID 26
[0m[93m[MAC]    received TA command 31
[0m[32m[NR_MAC] [RAPROC][113.18] RA-Msg3 transmitted
[0m[32m[NR_MAC] [UE 0][114.10][RAPROC] 4-Step RA procedure succeeded. CBRA: Contention Resolution is successful.
[0m[NR_RRC] [UE0][RAPROC] Logical Channel DL-CCCH (SRB0), Received NR_RRCSetup
[0m[RLC]    Added srb 1 to UE 0
[0m[NR_RRC] State = NR_RRC_CONNECTED
[0m[NAS]    Generate Initial NAS Message: Registration Request
[0m[NR_RRC] [UE 0][RAPROC] Logical Channel UL-DCCH (SRB1), Generating RRCSetupComplete (bytes32)
[0m[NAS]    [UE 0] Received NR_NAS_CONN_ESTABLISH_IND: asCause 0
[0m[MAC]    [UE 0] Applying CellGroupConfig from gNodeB
[0m[NR_PHY] RI = 2 i1 = 0.0.0, i2 = 1, SINR = 41 dB, CQI = 15
[0m[NAS]    [UE 0] Received NAS_DOWNLINK_DATA_IND type FGS_AUTHENTICATION_REQUEST with length 42
[0m[NR_PHY] RI = 2 i1 = 0.0.0, i2 = 1, SINR = 41 dB, CQI = 15
[0m[NAS]    [UE 0] Received NAS_DOWNLINK_DATA_IND type FGS_SECURITY_MODE_COMMAND with length 21
[0m[NAS]    Generate Initial NAS Message: Registration Request
[0m[NR_PHY] RI = 2 i1 = 0.0.0, i2 = 1, SINR = 41 dB, CQI = 15
[0m[NR_PHY] RI = 2 i1 = 0.0.0, i2 = 1, SINR = 41 dB, CQI = 15
[0m[NR_RRC] Received securityModeCommand (gNB 0)
[0m[NR_RRC] Receiving from SRB1 (DL-DCCH), Processing securityModeCommand
[0m[NR_RRC] Security algorithm is set to nea0
[0m[NR_RRC] Integrity protection algorithm is set to nia2
[0m[NR_RRC] Receiving from SRB1 (DL-DCCH), encoding securityModeComplete, rrc_TransactionIdentifier: 0
[0m[NR_PHY] RI = 2 i1 = 0.0.0, i2 = 1, SINR = 41 dB, CQI = 15
[0m[NR_PHY] RI = 2 i1 = 0.0.0, i2 = 1, SINR = 41 dB, CQI = 15
[0m[NR_RRC] Received Capability Enquiry (gNB 0)
[0m[NR_RRC] Receiving from SRB1 (DL-DCCH), Processing UECapabilityEnquiry
[0m[CONFIG] function config_libconfig_init returned 0
Initializing random number generator, seed 14510886463771383559
Initializing random number generator, seed 1545188542178341331
Waiting for server to create shared memory segment
last path (12) at 12.525000 * 3.000000e-01 = 3.757500e+00
TDL : 15360000.000000 Ms/s, nb_taps 13, Td 3.757500e+00, channel_length 5
last path (12) at 3.757500 * 3.000000e-01 = 1.127250e+00
TDL : 15360000.000000 Ms/s, nb_taps 13, Td 1.127250e+00, channel_length 4
UE threads created by 692205
TYPE <CTRL-C> TO TERMINATE
Entering ITTI signals handler
TYPE <CTRL-C> TO TERMINATE
kausf:d3 97 db c5 7e f6 a3 c 42 bc 29 70 3 67 4d c6 ce 14 44 9c 2b 58 3 5e 4a ba 32 6b 4a a8 a9 ed 
kseaf:70 ef c5 3d 81 f3 45 f9 a8 93 82 8b 1e 5a c0 17 85 45 3a 97 1 85 7c 6c 69 b4 15 8a 80 67 1d d7 
kamf:b5 12 d4 b5 9 1b cc 6e e5 b9 51 2a 89 a9 6c 9c 9a 42 2f ba bb a ea dc ed c3 8d ef 1e 10 17 b0 
knas_int: 92 39 c3 de ac 81 fb 78 27 a6 2 d 5c 99 33 cf 
knas_enc: ef 5 64 ef aa a7 5e a5 f0 f3 d7 a1 7b 33 a3 67 
mac 4d 46 b0 80 
[NR_RRC] deriving kRRCenc, kRRCint from KgNB=85 e8 f1 f6 44 f5 bb 74 82 d6 e8 f8 14 7e b0 75 85 5e a0 b2 32 c0 44 b9 29 dc ae 71 e0 4d b5 95 [0m
[NR_RRC] securityModeComplete payload: 28 00 00 00 00 00 00 00 60 12 00 90 5c 74 00 00 [0m
<UE-NR-Capability>
    <accessStratumRelease><rel15/></accessStratumRelease>
    <pdcp-Parameters>
        <supportedROHC-Profiles>
            <profile0x0000><false/></profile0x0000>
            <profile0x0001><false/></profile0x0001>
            <profile0x0002><false/></profile0x0002>
            <profile0x0003><false/></profile0x0003>
            <profile0x0004><false/></profile0x0004>
            <profile0x0006><false/></profile0x0006>
            <profile0x0101><false/></profile0x0101>
            <profile0x0102><false/></profile0x0102>
            <profile0x0103><false/></profile0x0103>
            <profile0x0104><false/></profile0x0104>
        </supportedROHC-Profiles>
        <maxNumberROHC-ContextSessions><cs2/></maxNumberROHC-ContextSessions>
    </pdcp-Parameters>
    <phy-Parameters>
    </phy-Parameters>
    <rf-Parameters>
        <supportedBandListNR>
            <BandNR>
                <bandNR>1</bandNR>
            </BandNR>
        </supportedBandListNR>
    </rf-Parameters>
</UE-NR-Capability>
[PHY]    [RRC]UE NR Capability encoded, 10 bytes (86 bits)
[0m[NR_RRC] UECapabilityInformation Encoded 106 bits (14 bytes)
[0m[NAS]    [UE 0] Received NAS_DOWNLINK_DATA_IND type FGS_REGISTRATION_ACCEPT with length 53
[0m[NAS]    Received Registration Accept with result 3GPP
[0m[NAS]    SMS not allowed in 5GS Registration Result
[0m[NR_RRC] 5G-GUTI: AMF pointer 1, AMF Set ID 1, 5G-TMSI 2460062611 
[0m[NAS]    Send NAS_UPLINK_DATA_REQ message(RegistrationComplete)
[0m[NAS]    requested PDU session ID 1 type 1 NSSAI 1.16777215 DNN oai
[0m[NAS]    Send NAS_UPLINK_DATA_REQ message(PduSessionEstablishRequest)
[0m[NR_PHY] RI = 2 i1 = 0.0.0, i2 = 1, SINR = 41 dB, CQI = 15
[0m[NR_MAC] UE 0 RNTI 77c8 stats sfn: 128.2, cumulated bad DCI 0
    DL harq: 9/0
    UL harq: 12/0 avg code rate 0.1, avg bit/symbol 2.0, avg per TB: (nb RBs 16.0, nb symbols 12.2)
[0m[NR_PHY] RI = 2 i1 = 0.0.0, i2 = 1, SINR = 41 dB, CQI = 15
[0m[RLC]    Added srb 2 to UE 0
[0m[RLC]    Added drb 1 to UE 0
[0m[RLC]    Added DRB to UE 0
[0m[NR_RRC] RRCReconfiguration includes radio Bearer Configuration
[0m[MAC]    [UE 0] Applying CellGroupConfig from gNodeB
[0m[SDAP]   Default DRB for the created SDAP entity: DRB 1 
[0m[PDCP]   Added DRB 1 to UE ID 0
[0m[NR_RRC] State = NR_RRC_CONNECTED
[0m[NR_RRC] RRCReconfiguration includes Measurement Configuration
[0m[93m[NR_RRC] Measurement gaps not yet supported!
[0m[NR_RRC] rrcReconfigurationComplete Encoded 10 bits (2 bytes)
[0m[NR_RRC]  Logical Channel UL-DCCH (SRB1), Generating RRCReconfigurationComplete (bytes 2)
[0m[NAS]    [UE 0] Received NAS_CONN_ESTABLI_CNF: errCode 1, length 98
[0m[NAS]    Received PDU Session Establishment Accept, UE IPv4: 10.0.0.85
[0m[32m[OIP]    TUN Interface oaitun_ue1 successfully configured, IPv4 10.0.0.85, IPv6 (null)
[0m[93m[NR_RRC] (active_cell_rsrp) -135 + (rsrp_hysteresis) 0 < (rsrp_threshold) -97
[0m[NR_PHY] RI = 2 i1 = 0.0.0, i2 = 1, SINR = 41 dB, CQI = 15
[0m[UTIL]   threadCreate() for ue_tun_read_0_p1: creating thread with affinity ffffffff, priority 1
[0m[NR_PHY] RI = 2 i1 = 0.0.0, i2 = 1, SINR = 41 dB, CQI = 15
[0m[NR_RRC] MeasurementReport Encoded 53 bits (7 bytes)
[0m[NR_PHY] RI = 2 i1 = 0.0.0, i2 = 1, SINR = 41 dB, CQI = 15
[0m[NR_PHY] RI = 2 i1 = 0.0.0, i2 = 1, SINR = 41 dB, CQI = 15
[0m[NR_PHY] RI = 2 i1 = 0.0.0, i2 = 1, SINR = 41 dB, CQI = 15
[0m[NR_PHY] RI = 2 i1 = 0.0.0, i2 = 1, SINR = 41 dB, CQI = 15
[0m[NR_PHY] RI = 2 i1 = 0.0.0, i2 = 1, SINR = 41 dB, CQI = 15
[0m[NR_PHY] RI = 2 i1 = 0.0.0, i2 = 1, SINR = 41 dB, CQI = 15
[0m[NR_PHY] RI = 2 i1 = 0.0.0, i2 = 1, SINR = 41 dB, CQI = 15
[0m[NR_PHY] RI = 2 i1 = 0.0.0, i2 = 1, SINR = 41 dB, CQI = 15
[0m[NR_PHY] RI = 2 i1 = 0.0.0, i2 = 1, SINR = 41 dB, CQI = 15
[0m[NR_PHY] RI = 2 i1 = 0.0.0, i2 = 1, SINR = 41 dB, CQI = 15
[0m[NR_PHY] RI = 2 i1 = 0.0.0, i2 = 1, SINR = 41 dB, CQI = 15
[0m[NR_PHY] RI = 2 i1 = 0.0.0, i2 = 1, SINR = 41 dB, CQI = 15
[0m[NR_PHY] RI = 2 i1 = 0.0.0, i2 = 1, SINR = 41 dB, CQI = 15
[0m[NR_PHY] RI = 2 i1 = 0.0.0, i2 = 1, SINR = 41 dB, CQI = 15
[0m[NR_PHY] RI = 2 i1 = 0.0.0, i2 = 1, SINR = 41 dB, CQI = 15
[0m[NR_PHY] RI = 2 i1 = 0.0.0, i2 = 1, SINR = 41 dB, CQI = 15
[0m[NR_PHY] RI = 2 i1 = 0.0.0, i2 = 1, SINR = 41 dB, CQI = 15
[0m[NR_PHY] RI = 2 i1 = 0.0.0, i2 = 1, SINR = 41 dB, CQI = 15
[0m[NR_PHY] RI = 2 i1 = 0.0.0, i2 = 1, SINR = 41 dB, CQI = 15
[0m[NR_PHY] RI = 2 i1 = 0.0.0, i2 = 1, SINR = 41 dB, CQI = 15
[0m[NR_PHY] RI = 2 i1 = 0.0.0, i2 = 1, SINR = 41 dB, CQI = 15
[0m[NR_PHY] RI = 2 i1 = 0.0.0, i2 = 1, SINR = 41 dB, CQI = 15
[0m[NR_PHY] RI = 2 i1 = 0.0.0, i2 = 1, SINR = 41 dB, CQI = 15
[0m[NR_PHY] RI = 2 i1 = 0.0.0, i2 = 1, SINR = 41 dB, CQI = 15
[0m[NR_RRC] MeasurementReport Encoded 53 bits (7 bytes)
[0m[NR_PHY] RI = 2 i1 = 0.0.0, i2 = 1, SINR = 41 dB, CQI = 15
[0m[NR_PHY] RI = 2 i1 = 0.0.0, i2 = 1, SINR = 41 dB, CQI = 15
[0m[NR_PHY] RI = 2 i1 = 0.0.0, i2 = 1, SINR = 41 dB, CQI = 15
[0m[NR_PHY] RI = 2 i1 = 0.0.0, i2 = 1, SINR = 41 dB, CQI = 15
[0m[NR_PHY] RI = 2 i1 = 0.0.0, i2 = 1, SINR = 41 dB, CQI = 15
[0m[NR_PHY] RI = 2 i1 = 0.0.0, i2 = 1, SINR = 41 dB, CQI = 15
[0m[NR_PHY] RI = 2 i1 = 0.0.0, i2 = 1, SINR = 41 dB, CQI = 15
[0m[NR_PHY] RI = 2 i1 = 0.0.0, i2 = 1, SINR = 41 dB, CQI = 15
[0m[NR_PHY] RI = 2 i1 = 0.0.0, i2 = 1, SINR = 41 dB, CQI = 15
[0m[NR_PHY] RI = 2 i1 = 0.0.0, i2 = 1, SINR = 41 dB, CQI = 15
[0m[NR_PHY] RI = 2 i1 = 0.0.0, i2 = 1, SINR = 41 dB, CQI = 15
[0m[NR_PHY] RI = 2 i1 = 0.0.0, i2 = 1, SINR = 41 dB, CQI = 15
[0m[NR_PHY] RI = 2 i1 = 0.0.0, i2 = 1, SINR = 41 dB, CQI = 15
[0m[NR_PHY] RI = 2 i1 = 0.0.0, i2 = 1, SINR = 41 dB, CQI = 15
[0m[NR_PHY] RI = 2 i1 = 0.0.0, i2 = 1, SINR = 41 dB, CQI = 15
[0m[NR_PHY] RI = 2 i1 = 0.0.0, i2 = 1, SINR = 41 dB, CQI = 15
[0m[NR_PHY] RI = 2 i1 = 0.0.0, i2 = 1, SINR = 41 dB, CQI = 15
[0m[NR_PHY] RI = 2 i1 = 0.0.0, i2 = 1, SINR = 41 dB, CQI = 15
[0m[NR_PHY] RI = 2 i1 = 0.0.0, i2 = 1, SINR = 41 dB, CQI = 15
[0m[NR_PHY] RI = 2 i1 = 0.0.0, i2 = 1, SINR = 41 dB, CQI = 15
[0m[NR_PHY] RI = 2 i1 = 0.0.0, i2 = 1, SINR = 41 dB, CQI = 15
[0m[NR_PHY] RI = 2 i1 = 0.0.0, i2 = 1, SINR = 41 dB, CQI = 15
[0m[NR_PHY] RI = 2 i1 = 0.0.0, i2 = 1, SINR = 41 dB, CQI = 15
[0m[NR_PHY] RI = 2 i1 = 0.0.0, i2 = 1, SINR = 41 dB, CQI = 15
[0m[NR_RRC] MeasurementReport Encoded 53 bits (7 bytes)
[0m[NR_PHY] RI = 2 i1 = 0.0.0, i2 = 1, SINR = 41 dB, CQI = 15
[0m[NR_PHY] RI = 2 i1 = 0.0.0, i2 = 1, SINR = 41 dB, CQI = 15
[0m[NR_PHY] RI = 2 i1 = 0.0.0, i2 = 1, SINR = 41 dB, CQI = 15
[0m[NR_PHY] RI = 2 i1 = 0.0.0, i2 = 1, SINR = 41 dB, CQI = 15
[0m[NR_PHY] RI = 2 i1 = 0.0.0, i2 = 1, SINR = 41 dB, CQI = 15
[0m[NR_PHY] RI = 2 i1 = 0.0.0, i2 = 1, SINR = 41 dB, CQI = 15
[0m[NR_PHY] RI = 2 i1 = 0.0.0, i2 = 1, SINR = 41 dB, CQI = 15
[0m[NR_PHY] RI = 2 i1 = 0.0.0, i2 = 1, SINR = 41 dB, CQI = 15
[0m[NR_PHY] RI = 2 i1 = 0.0.0, i2 = 1, SINR = 41 dB, CQI = 15
[0m[NR_PHY] RI = 2 i1 = 0.0.0, i2 = 1, SINR = 41 dB, CQI = 15
[0m[NR_PHY] RI = 2 i1 = 0.0.0, i2 = 1, SINR = 41 dB, CQI = 15
[0m[NR_PHY] RI = 2 i1 = 0.0.0, i2 = 1, SINR = 41 dB, CQI = 15
[0m[NR_PHY] RI = 2 i1 = 0.0.0, i2 = 1, SINR = 41 dB, CQI = 15
[0m[NR_MAC] UE 0 RNTI 77c8 stats sfn: 256.2, cumulated bad DCI 0
    DL harq: 25/0
    UL harq: 35/0 avg code rate 0.1, avg bit/symbol 2.0, avg per TB: (nb RBs 16.0, nb symbols 12.7)
[0m[NR_PHY] RI = 2 i1 = 0.0.0, i2 = 1, SINR = 41 dB, CQI = 15
[0m[NR_PHY] RI = 2 i1 = 0.0.0, i2 = 1, SINR = 41 dB, CQI = 15
[0m[NR_PHY] RI = 2 i1 = 0.0.0, i2 = 1, SINR = 41 dB, CQI = 15
[0m[NR_PHY] RI = 2 i1 = 0.0.0, i2 = 1, SINR = 41 dB, CQI = 15
[0m[NR_PHY] RI = 2 i1 = 0.0.0, i2 = 1, SINR = 41 dB, CQI = 15
[0m[NR_PHY] RI = 2 i1 = 0.0.0, i2 = 1, SINR = 41 dB, CQI = 15
[0m[NR_PHY] RI = 2 i1 = 0.0.0, i2 = 1, SINR = 41 dB, CQI = 15
[0m[NR_PHY] RI = 2 i1 = 0.0.0, i2 = 1, SINR = 41 dB, CQI = 15
[0m[NR_PHY] RI = 2 i1 = 0.0.0, i2 = 1, SINR = 41 dB, CQI = 15
[0m[NR_PHY] RI = 2 i1 = 0.0.0, i2 = 1, SINR = 41 dB, CQI = 15
[0m[NR_PHY] RI = 2 i1 = 0.0.0, i2 = 1, SINR = 41 dB, CQI = 15
[0m[NR_RRC] MeasurementReport Encoded 53 bits (7 bytes)
[0m[NR_PHY] RI = 2 i1 = 0.0.0, i2 = 1, SINR = 41 dB, CQI = 15
[0m[NR_PHY] RI = 2 i1 = 0.0.0, i2 = 1, SINR = 41 dB, CQI = 15
[0m[NR_PHY] RI = 2 i1 = 0.0.0, i2 = 1, SINR = 41 dB, CQI = 15
[0m[NR_PHY] RI = 2 i1 = 0.0.0, i2 = 1, SINR = 41 dB, CQI = 15
[0m[NR_PHY] RI = 2 i1 = 0.0.0, i2 = 1, SINR = 41 dB, CQI = 15
[0m[NR_PHY] RI = 2 i1 = 0.0.0, i2 = 1, SINR = 41 dB, CQI = 15
[0m[NR_PHY] RI = 2 i1 = 0.0.0, i2 = 1, SINR = 41 dB, CQI = 15
[0m[NR_PHY] RI = 2 i1 = 0.0.0, i2 = 1, SINR = 41 dB, CQI = 15
[0m[NR_PHY] RI = 2 i1 = 0.0.0, i2 = 1, SINR = 41 dB, CQI = 15
[0m[NR_PHY] RI = 2 i1 = 0.0.0, i2 = 1, SINR = 41 dB, CQI = 15
[0m[NR_PHY] RI = 2 i1 = 0.0.0, i2 = 1, SINR = 41 dB, CQI = 15
[0m[NR_PHY] RI = 2 i1 = 0.0.0, i2 = 1, SINR = 41 dB, CQI = 15
[0m[NR_PHY] RI = 2 i1 = 0.0.0, i2 = 1, SINR = 41 dB, CQI = 15
[0m[NR_PHY] RI = 2 i1 = 0.0.0, i2 = 1, SINR = 41 dB, CQI = 15
[0m[NR_PHY] RI = 2 i1 = 0.0.0, i2 = 1, SINR = 41 dB, CQI = 15
[0m[NR_PHY] RI = 2 i1 = 0.0.0, i2 = 1, SINR = 41 dB, CQI = 15
[0m[NR_PHY] RI = 2 i1 = 0.0.0, i2 = 1, SINR = 41 dB, CQI = 15
[0m[NR_PHY] RI = 2 i1 = 0.0.0, i2 = 1, SINR = 41 dB, CQI = 15
[0m[NR_PHY] RI = 2 i1 = 0.0.0, i2 = 1, SINR = 41 dB, CQI = 15
[0m[NR_PHY] RI = 2 i1 = 0.0.0, i2 = 1, SINR = 41 dB, CQI = 15
[0m[NR_PHY] RI = 2 i1 = 0.0.0, i2 = 1, SINR = 41 dB, CQI = 15
[0m[NR_PHY] RI = 2 i1 = 0.0.0, i2 = 1, SINR = 41 dB, CQI = 15
[0m[NR_PHY] RI = 2 i1 = 0.0.0, i2 = 1, SINR = 41 dB, CQI = 15
[0m[NR_PHY] RI = 2 i1 = 0.0.0, i2 = 1, SINR = 41 dB, CQI = 15
[0m[NR_PHY] RI = 2 i1 = 0.0.0, i2 = 1, SINR = 41 dB, CQI = 15
[0m[NR_PHY] RI = 2 i1 = 0.0.0, i2 = 1, SINR = 41 dB, CQI = 15
[0m[NR_PHY] RI = 2 i1 = 0.0.0, i2 = 1, SINR = 41 dB, CQI = 15
[0m[NR_PHY] RI = 2 i1 = 0.0.0, i2 = 1, SINR = 41 dB, CQI = 15
[0m[NR_PHY] RI = 2 i1 = 0.0.0, i2 = 1, SINR = 41 dB, CQI = 15
[0m[NR_PHY] RI = 2 i1 = 0.0.0, i2 = 1, SINR = 41 dB, CQI = 15
[0m[NR_PHY] RI = 2 i1 = 0.0.0, i2 = 1, SINR = 41 dB, CQI = 15
[0m[NR_PHY] RI = 2 i1 = 0.0.0, i2 = 1, SINR = 41 dB, CQI = 15
[0m[NR_PHY] RI = 2 i1 = 0.0.0, i2 = 1, SINR = 41 dB, CQI = 15
[0m[NR_PHY] RI = 2 i1 = 0.0.0, i2 = 1, SINR = 41 dB, CQI = 15
[0m[NR_PHY] RI = 2 i1 = 0.0.0, i2 = 1, SINR = 41 dB, CQI = 15
[0m[NR_PHY] RI = 2 i1 = 0.0.0, i2 = 1, SINR = 41 dB, CQI = 15
[0m[NR_PHY] RI = 2 i1 = 0.0.0, i2 = 1, SINR = 41 dB, CQI = 15
[0m[NR_PHY] RI = 2 i1 = 0.0.0, i2 = 1, SINR = 41 dB, CQI = 15
[0m[NR_PHY] RI = 2 i1 = 0.0.0, i2 = 1, SINR = 41 dB, CQI = 15
[0m[NR_PHY] RI = 2 i1 = 0.0.0, i2 = 1, SINR = 41 dB, CQI = 15
[0m[NR_PHY] RI = 2 i1 = 0.0.0, i2 = 1, SINR = 41 dB, CQI = 15
[0m[NR_PHY] RI = 2 i1 = 0.0.0, i2 = 1, SINR = 41 dB, CQI = 15
[0m[NR_PHY] RI = 2 i1 = 0.0.0, i2 = 1, SINR = 41 dB, CQI = 15
[0m[NR_PHY] RI = 2 i1 = 0.0.0, i2 = 1, SINR = 41 dB, CQI = 15
[0m[NR_PHY] RI = 2 i1 = 0.0.0, i2 = 1, SINR = 41 dB, CQI = 15
[0m[NR_PHY] RI = 2 i1 = 0.0.0, i2 = 1, SINR = 41 dB, CQI = 15
[0m[NR_PHY] RI = 2 i1 = 0.0.0, i2 = 1, SINR = 41 dB, CQI = 15
[0m[NR_PHY] RI = 2 i1 = 0.0.0, i2 = 1, SINR = 41 dB, CQI = 15
[0m[NR_PHY] RI = 2 i1 = 0.0.0, i2 = 1, SINR = 41 dB, CQI = 15
[0m[NR_PHY] RI = 2 i1 = 0.0.0, i2 = 1, SINR = 41 dB, CQI = 15
[0m[NR_PHY] RI = 2 i1 = 0.0.0, i2 = 1, SINR = 41 dB, CQI = 15
[0m[NR_PHY] RI = 2 i1 = 0.0.0, i2 = 1, SINR = 41 dB, CQI = 15
[0m[NR_PHY] RI = 2 i1 = 0.0.0, i2 = 1, SINR = 41 dB, CQI = 15
[0m[NR_MAC] UE 0 RNTI 77c8 stats sfn: 384.2, cumulated bad DCI 0
    DL harq: 27/0
    UL harq: 48/0 avg code rate 0.1, avg bit/symbol 2.0, avg per TB: (nb RBs 16.0, nb symbols 12.8)
[0m[NR_PHY] RI = 2 i1 = 0.0.0, i2 = 1, SINR = 41 dB, CQI = 15
[0m[NR_PHY] RI = 2 i1 = 0.0.0, i2 = 1, SINR = 41 dB, CQI = 15
[0m[NR_PHY] RI = 2 i1 = 0.0.0, i2 = 1, SINR = 41 dB, CQI = 15
[0m[NR_PHY] RI = 2 i1 = 0.0.0, i2 = 1, SINR = 41 dB, CQI = 15
[0m[NR_PHY] RI = 2 i1 = 0.0.0, i2 = 1, SINR = 41 dB, CQI = 15
[0m[NR_PHY] RI = 2 i1 = 0.0.0, i2 = 1, SINR = 41 dB, CQI = 15
[0m[NR_PHY] RI = 2 i1 = 0.0.0, i2 = 1, SINR = 41 dB, CQI = 15
[0m[NR_PHY] RI = 2 i1 = 0.0.0, i2 = 1, SINR = 41 dB, CQI = 15
[0m[NR_PHY] RI = 2 i1 = 0.0.0, i2 = 1, SINR = 41 dB, CQI = 15
[0m[NR_PHY] RI = 2 i1 = 0.0.0, i2 = 1, SINR = 41 dB, CQI = 15
[0m[NR_PHY] RI = 2 i1 = 0.0.0, i2 = 1, SINR = 41 dB, CQI = 15
[0m[NR_PHY] RI = 2 i1 = 0.0.0, i2 = 1, SINR = 41 dB, CQI = 15
[0m[NR_PHY] RI = 2 i1 = 0.0.0, i2 = 1, SINR = 41 dB, CQI = 15
[0m[NR_PHY] RI = 2 i1 = 0.0.0, i2 = 1, SINR = 41 dB, CQI = 15
[0m[NR_PHY] RI = 2 i1 = 0.0.0, i2 = 1, SINR = 41 dB, CQI = 15
[0m[NR_PHY] RI = 2 i1 = 0.0.0, i2 = 1, SINR = 41 dB, CQI = 15
[0m[NR_PHY] RI = 2 i1 = 0.0.0, i2 = 1, SINR = 41 dB, CQI = 15
[0m[NR_PHY] RI = 2 i1 = 0.0.0, i2 = 1, SINR = 41 dB, CQI = 15
[0m[NR_PHY] RI = 2 i1 = 0.0.0, i2 = 1, SINR = 41 dB, CQI = 15
[0m[NR_PHY] RI = 2 i1 = 0.0.0, i2 = 1, SINR = 41 dB, CQI = 15
[0m[NR_PHY] RI = 2 i1 = 0.0.0, i2 = 0, SINR = 0 dB, CQI = 0
[0m[NR_PHY] RI = 2 i1 = 0.0.0, i2 = 1, SINR = 41 dB, CQI = 15
[0m[NR_PHY] RI = 2 i1 = 0.0.0, i2 = 1, SINR = 41 dB, CQI = 15
[0m[NR_PHY] RI = 2 i1 = 0.0.0, i2 = 1, SINR = 41 dB, CQI = 15
[0m[NR_PHY] RI = 2 i1 = 0.0.0, i2 = 1, SINR = 41 dB, CQI = 15
[0m[NR_PHY] RI = 2 i1 = 0.0.0, i2 = 1, SINR = 41 dB, CQI = 15
[0m[NR_PHY] RI = 2 i1 = 0.0.0, i2 = 1, SINR = 41 dB, CQI = 15
[0m[NR_PHY] RI = 2 i1 = 0.0.0, i2 = 1, SINR = 41 dB, CQI = 15
[0m[NR_PHY] RI = 2 i1 = 0.0.0, i2 = 1, SINR = 41 dB, CQI = 15
[0m[NR_PHY] RI = 2 i1 = 0.0.0, i2 = 1, SINR = 41 dB, CQI = 15
[0m[NR_PHY] RI = 2 i1 = 0.0.0, i2 = 1, SINR = 41 dB, CQI = 15
[0m[NR_PHY] RI = 2 i1 = 0.0.0, i2 = 1, SINR = 41 dB, CQI = 15
[0m[NR_PHY] RI = 2 i1 = 0.0.0, i2 = 1, SINR = 41 dB, CQI = 15
[0m[NR_PHY] RI = 2 i1 = 0.0.0, i2 = 1, SINR = 41 dB, CQI = 15
[0m[NR_PHY] RI = 2 i1 = 0.0.0, i2 = 1, SINR = 41 dB, CQI = 15
[0m[NR_PHY] RI = 2 i1 = 0.0.0, i2 = 1, SINR = 41 dB, CQI = 15
[0m[NR_PHY] RI = 2 i1 = 0.0.0, i2 = 1, SINR = 41 dB, CQI = 15
[0m[NR_PHY] RI = 2 i1 = 0.0.0, i2 = 1, SINR = 41 dB, CQI = 15
[0m[NR_PHY] RI = 2 i1 = 0.0.0, i2 = 1, SINR = 41 dB, CQI = 15
[0m[NR_PHY] RI = 2 i1 = 0.0.0, i2 = 1, SINR = 41 dB, CQI = 15
[0m[NR_PHY] RI = 2 i1 = 0.0.0, i2 = 1, SINR = 41 dB, CQI = 15
[0m[NR_PHY] RI = 2 i1 = 0.0.0, i2 = 1, SINR = 41 dB, CQI = 15
[0m[NR_PHY] RI = 2 i1 = 0.0.0, i2 = 1, SINR = 41 dB, CQI = 15
[0m[NR_PHY] RI = 2 i1 = 0.0.0, i2 = 1, SINR = 41 dB, CQI = 15
[0m[NR_PHY] RI = 2 i1 = 0.0.0, i2 = 1, SINR = 41 dB, CQI = 15
[0m[NR_PHY] RI = 2 i1 = 0.0.0, i2 = 1, SINR = 41 dB, CQI = 15
[0m[NR_PHY] RI = 2 i1 = 0.0.0, i2 = 1, SINR = 41 dB, CQI = 15
[0m[NR_PHY] RI = 2 i1 = 0.0.0, i2 = 1, SINR = 41 dB, CQI = 15
[0m[NR_PHY] RI = 2 i1 = 0.0.0, i2 = 1, SINR = 41 dB, CQI = 15
[0m[NR_PHY] RI = 2 i1 = 0.0.0, i2 = 1, SINR = 41 dB, CQI = 15
[0m[NR_PHY] RI = 2 i1 = 0.0.0, i2 = 1, SINR = 41 dB, CQI = 15
[0m[NR_PHY] RI = 2 i1 = 0.0.0, i2 = 1, SINR = 41 dB, CQI = 15
[0m[NR_PHY] RI = 2 i1 = 0.0.0, i2 = 1, SINR = 41 dB, CQI = 15
[0m[NR_PHY] RI = 2 i1 = 0.0.0, i2 = 1, SINR = 41 dB, CQI = 15
[0m[NR_PHY] RI = 2 i1 = 0.0.0, i2 = 1, SINR = 41 dB, CQI = 15
[0m[NR_PHY] RI = 2 i1 = 0.0.0, i2 = 1, SINR = 41 dB, CQI = 15
[0m[NR_PHY] RI = 2 i1 = 0.0.0, i2 = 1, SINR = 41 dB, CQI = 15
[0m[NR_PHY] RI = 2 i1 = 0.0.0, i2 = 1, SINR = 41 dB, CQI = 15
[0m[NR_PHY] RI = 2 i1 = 0.0.0, i2 = 1, SINR = 41 dB, CQI = 15
[0m[NR_PHY] RI = 2 i1 = 0.0.0, i2 = 1, SINR = 41 dB, CQI = 15
[0m[NR_PHY] RI = 2 i1 = 0.0.0, i2 = 1, SINR = 41 dB, CQI = 15
[0m[NR_PHY] RI = 2 i1 = 0.0.0, i2 = 1, SINR = 41 dB, CQI = 15
[0m[NR_PHY] RI = 2 i1 = 0.0.0, i2 = 1, SINR = 41 dB, CQI = 15
[0m[NR_PHY] RI = 2 i1 = 0.0.0, i2 = 1, SINR = 41 dB, CQI = 15
[0m[NR_MAC] UE 0 RNTI 77c8 stats sfn: 512.2, cumulated bad DCI 0
    DL harq: 28/0
    UL harq: 61/0 avg code rate 0.1, avg bit/symbol 2.0, avg per TB: (nb RBs 16.0, nb symbols 12.8)
[0m[NR_PHY] RI = 2 i1 = 0.0.0, i2 = 1, SINR = 41 dB, CQI = 15
[0m[NR_PHY] RI = 2 i1 = 0.0.0, i2 = 1, SINR = 41 dB, CQI = 15
[0m[NR_PHY] RI = 2 i1 = 0.0.0, i2 = 1, SINR = 41 dB, CQI = 15
[0m[NR_PHY] RI = 2 i1 = 0.0.0, i2 = 1, SINR = 41 dB, CQI = 15
[0m[NR_PHY] RI = 2 i1 = 0.0.0, i2 = 1, SINR = 41 dB, CQI = 15
[0m[NR_PHY] RI = 2 i1 = 0.0.0, i2 = 1, SINR = 41 dB, CQI = 15
[0m[NR_PHY] RI = 2 i1 = 0.0.0, i2 = 1, SINR = 41 dB, CQI = 15
[0m[NR_PHY] RI = 2 i1 = 0.0.0, i2 = 1, SINR = 41 dB, CQI = 15
[0m[NR_PHY] RI = 2 i1 = 0.0.0, i2 = 1, SINR = 41 dB, CQI = 15
[0m[NR_PHY] RI = 2 i1 = 0.0.0, i2 = 1, SINR = 41 dB, CQI = 15
[0m[NR_PHY] RI = 2 i1 = 0.0.0, i2 = 1, SINR = 41 dB, CQI = 15
[0m[NR_PHY] RI = 2 i1 = 0.0.0, i2 = 1, SINR = 41 dB, CQI = 15
[0m[NR_PHY] RI = 2 i1 = 0.0.0, i2 = 1, SINR = 41 dB, CQI = 15
[0m[NR_PHY] RI = 2 i1 = 0.0.0, i2 = 1, SINR = 41 dB, CQI = 15
[0m[NR_PHY] RI = 2 i1 = 0.0.0, i2 = 1, SINR = 41 dB, CQI = 15
[0m[NR_PHY] RI = 2 i1 = 0.0.0, i2 = 1, SINR = 41 dB, CQI = 15
[0m[NR_PHY] RI = 2 i1 = 0.0.0, i2 = 1, SINR = 41 dB, CQI = 15
[0m[NR_PHY] RI = 2 i1 = 0.0.0, i2 = 1, SINR = 41 dB, CQI = 15
[0m[NR_PHY] RI = 2 i1 = 0.0.0, i2 = 0, SINR = 0 dB, CQI = 0
[0m[NR_PHY] RI = 2 i1 = 0.0.0, i2 = 1, SINR = 41 dB, CQI = 15
[0m[NR_PHY] RI = 2 i1 = 0.0.0, i2 = 1, SINR = 41 dB, CQI = 15
[0m[NR_PHY] RI = 2 i1 = 0.0.0, i2 = 1, SINR = 41 dB, CQI = 15
[0m[NR_PHY] RI = 2 i1 = 0.0.0, i2 = 1, SINR = 41 dB, CQI = 15
[0m[NR_PHY] RI = 2 i1 = 0.0.0, i2 = 1, SINR = 41 dB, CQI = 15
[0m[NR_PHY] RI = 2 i1 = 0.0.0, i2 = 1, SINR = 41 dB, CQI = 15
[0m[NR_PHY] RI = 2 i1 = 0.0.0, i2 = 1, SINR = 41 dB, CQI = 15
[0m[NR_PHY] RI = 2 i1 = 0.0.0, i2 = 1, SINR = 41 dB, CQI = 15
[0m[NR_PHY] RI = 2 i1 = 0.0.0, i2 = 1, SINR = 41 dB, CQI = 15
[0m[NR_PHY] RI = 2 i1 = 0.0.0, i2 = 1, SINR = 41 dB, CQI = 15
[0m[NR_PHY] RI = 2 i1 = 0.0.0, i2 = 1, SINR = 41 dB, CQI = 15
[0m[NR_PHY] RI = 2 i1 = 0.0.0, i2 = 1, SINR = 41 dB, CQI = 15
[0m[NR_PHY] RI = 2 i1 = 0.0.0, i2 = 1, SINR = 41 dB, CQI = 15
[0m[NR_PHY] RI = 2 i1 = 0.0.0, i2 = 1, SINR = 41 dB, CQI = 15
[0m[NR_PHY] RI = 2 i1 = 0.0.0, i2 = 1, SINR = 41 dB, CQI = 15
[0m[NR_PHY] RI = 2 i1 = 0.0.0, i2 = 1, SINR = 41 dB, CQI = 15
[0m[NR_PHY] RI = 2 i1 = 0.0.0, i2 = 1, SINR = 41 dB, CQI = 15
[0m[NR_PHY] RI = 2 i1 = 0.0.0, i2 = 1, SINR = 41 dB, CQI = 15
[0m[NR_PHY] RI = 2 i1 = 0.0.0, i2 = 1, SINR = 41 dB, CQI = 15
[0m[NR_PHY] RI = 2 i1 = 0.0.0, i2 = 1, SINR = 41 dB, CQI = 15
[0m[NR_PHY] RI = 2 i1 = 0.0.0, i2 = 1, SINR = 41 dB, CQI = 15
[0m[NR_PHY] RI = 2 i1 = 0.0.0, i2 = 1, SINR = 41 dB, CQI = 15
[0m[NR_PHY] RI = 2 i1 = 0.0.0, i2 = 1, SINR = 41 dB, CQI = 15
[0m[NR_PHY] RI = 2 i1 = 0.0.0, i2 = 1, SINR = 41 dB, CQI = 15
[0m[NR_PHY] RI = 2 i1 = 0.0.0, i2 = 1, SINR = 41 dB, CQI = 15
[0m[NR_PHY] RI = 2 i1 = 0.0.0, i2 = 1, SINR = 41 dB, CQI = 15
[0m[NR_PHY] RI = 2 i1 = 0.0.0, i2 = 1, SINR = 41 dB, CQI = 15
[0m[NR_PHY] RI = 2 i1 = 0.0.0, i2 = 1, SINR = 41 dB, CQI = 15
[0m[NR_PHY] RI = 2 i1 = 0.0.0, i2 = 1, SINR = 41 dB, CQI = 15
[0m[NR_PHY] RI = 2 i1 = 0.0.0, i2 = 1, SINR = 41 dB, CQI = 15
[0m[NR_PHY] RI = 2 i1 = 0.0.0, i2 = 1, SINR = 41 dB, CQI = 15
[0m[NR_PHY] RI = 2 i1 = 0.0.0, i2 = 1, SINR = 41 dB, CQI = 15
[0m[NR_PHY] RI = 2 i1 = 0.0.0, i2 = 1, SINR = 41 dB, CQI = 15
[0m[NR_PHY] RI = 2 i1 = 0.0.0, i2 = 1, SINR = 41 dB, CQI = 15
[0m[NR_PHY] RI = 2 i1 = 0.0.0, i2 = 1, SINR = 41 dB, CQI = 15
[0m[NR_PHY] RI = 2 i1 = 0.0.0, i2 = 1, SINR = 41 dB, CQI = 15
[0m[NR_PHY] RI = 2 i1 = 0.0.0, i2 = 1, SINR = 41 dB, CQI = 15
[0m[NR_PHY] RI = 2 i1 = 0.0.0, i2 = 1, SINR = 41 dB, CQI = 15
[0m[NR_PHY] RI = 2 i1 = 0.0.0, i2 = 1, SINR = 41 dB, CQI = 15
[0m[NR_PHY] RI = 2 i1 = 0.0.0, i2 = 1, SINR = 41 dB, CQI = 15
[0m[NR_PHY] RI = 2 i1 = 0.0.0, i2 = 1, SINR = 41 dB, CQI = 15
[0m[NR_PHY] RI = 2 i1 = 0.0.0, i2 = 1, SINR = 41 dB, CQI = 15
[0m[NR_PHY] RI = 2 i1 = 0.0.0, i2 = 1, SINR = 41 dB, CQI = 15
[0m[NR_PHY] RI = 2 i1 = 0.0.0, i2 = 1, SINR = 41 dB, CQI = 15
[0m[NR_PHY] RI = 2 i1 = 0.0.0, i2 = 1, SINR = 41 dB, CQI = 15
[0m[NR_MAC] UE 0 RNTI 77c8 stats sfn: 640.2, cumulated bad DCI 0
    DL harq: 31/0
    UL harq: 73/1 avg code rate 0.1, avg bit/symbol 2.0, avg per TB: (nb RBs 16.0, nb symbols 12.9)
[0m[NR_PHY] RI = 2 i1 = 0.0.0, i2 = 1, SINR = 41 dB, CQI = 15
[0m[NR_PHY] RI = 2 i1 = 0.0.0, i2 = 1, SINR = 41 dB, CQI = 15
[0m[NR_PHY] RI = 2 i1 = 0.0.0, i2 = 1, SINR = 41 dB, CQI = 15
[0m[NR_PHY] RI = 2 i1 = 0.0.0, i2 = 1, SINR = 41 dB, CQI = 15
[0m[NR_PHY] RI = 2 i1 = 0.0.0, i2 = 1, SINR = 41 dB, CQI = 15
[0m[NR_PHY] RI = 2 i1 = 0.0.0, i2 = 1, SINR = 41 dB, CQI = 15
[0m[NR_PHY] RI = 2 i1 = 0.0.0, i2 = 1, SINR = 41 dB, CQI = 15
[0m[NR_PHY] RI = 2 i1 = 0.0.0, i2 = 1, SINR = 41 dB, CQI = 15
[0m[NR_PHY] RI = 2 i1 = 0.0.0, i2 = 1, SINR = 41 dB, CQI = 15
[0m[NR_PHY] RI = 2 i1 = 0.0.0, i2 = 1, SINR = 41 dB, CQI = 15
[0m[NR_PHY] RI = 2 i1 = 0.0.0, i2 = 1, SINR = 41 dB, CQI = 15
[0m[NR_PHY] RI = 2 i1 = 0.0.0, i2 = 1, SINR = 41 dB, CQI = 15
[0m[NR_PHY] RI = 2 i1 = 0.0.0, i2 = 1, SINR = 41 dB, CQI = 15
[0m[NR_PHY] RI = 2 i1 = 0.0.0, i2 = 1, SINR = 41 dB, CQI = 15
[0m[NR_PHY] RI = 2 i1 = 0.0.0, i2 = 1, SINR = 41 dB, CQI = 15
[0m[NR_PHY] RI = 2 i1 = 0.0.0, i2 = 1, SINR = 41 dB, CQI = 15
[0m[NR_PHY] RI = 2 i1 = 0.0.0, i2 = 1, SINR = 41 dB, CQI = 15
[0m[NR_PHY] RI = 2 i1 = 0.0.0, i2 = 1, SINR = 41 dB, CQI = 15
[0m[NR_PHY] RI = 2 i1 = 0.0.0, i2 = 1, SINR = 41 dB, CQI = 15
[0m[NR_PHY] RI = 2 i1 = 0.0.0, i2 = 1, SINR = 41 dB, CQI = 15
[0m[NR_PHY] RI = 2 i1 = 0.0.0, i2 = 1, SINR = 41 dB, CQI = 15
[0m[NR_PHY] RI = 2 i1 = 0.0.0, i2 = 1, SINR = 41 dB, CQI = 15
[0m[NR_PHY] RI = 2 i1 = 0.0.0, i2 = 1, SINR = 41 dB, CQI = 15
[0m[NR_PHY] RI = 2 i1 = 0.0.0, i2 = 1, SINR = 41 dB, CQI = 15
[0m[NR_PHY] RI = 2 i1 = 0.0.0, i2 = 1, SINR = 41 dB, CQI = 15
[0m[NR_PHY] RI = 2 i1 = 0.0.0, i2 = 1, SINR = 41 dB, CQI = 15
[0m[NR_PHY] RI = 2 i1 = 0.0.0, i2 = 1, SINR = 41 dB, CQI = 15
[0m[NR_PHY] RI = 2 i1 = 0.0.0, i2 = 1, SINR = 41 dB, CQI = 15
[0m[NR_PHY] RI = 2 i1 = 0.0.0, i2 = 1, SINR = 41 dB, CQI = 15
[0m[NR_PHY] RI = 2 i1 = 0.0.0, i2 = 1, SINR = 41 dB, CQI = 15
[0m[NR_PHY] RI = 2 i1 = 0.0.0, i2 = 1, SINR = 41 dB, CQI = 15
[0m[NR_PHY] RI = 2 i1 = 0.0.0, i2 = 1, SINR = 41 dB, CQI = 15
[0m[NR_PHY] RI = 2 i1 = 0.0.0, i2 = 1, SINR = 41 dB, CQI = 15
[0m[NR_PHY] RI = 2 i1 = 0.0.0, i2 = 1, SINR = 41 dB, CQI = 15
[0m[NR_PHY] RI = 2 i1 = 0.0.0, i2 = 1, SINR = 41 dB, CQI = 15
[0m[NR_PHY] RI = 2 i1 = 0.0.0, i2 = 1, SINR = 41 dB, CQI = 15
[0m[NR_PHY] RI = 2 i1 = 0.0.0, i2 = 1, SINR = 41 dB, CQI = 15
[0m[NR_PHY] RI = 2 i1 = 0.0.0, i2 = 1, SINR = 41 dB, CQI = 15
[0m[NR_PHY] RI = 2 i1 = 0.0.0, i2 = 1, SINR = 41 dB, CQI = 15
[0m[NR_PHY] RI = 2 i1 = 0.0.0, i2 = 1, SINR = 41 dB, CQI = 15
[0m[NR_PHY] RI = 2 i1 = 0.0.0, i2 = 1, SINR = 41 dB, CQI = 15
[0m[NR_PHY] RI = 2 i1 = 0.0.0, i2 = 1, SINR = 41 dB, CQI = 15
[0m[NR_PHY] RI = 2 i1 = 0.0.0, i2 = 1, SINR = 41 dB, CQI = 15
[0m[NR_PHY] RI = 2 i1 = 0.0.0, i2 = 1, SINR = 41 dB, CQI = 15
[0m[NR_PHY] RI = 2 i1 = 0.0.0, i2 = 1, SINR = 41 dB, CQI = 15
[0m[NR_PHY] RI = 2 i1 = 0.0.0, i2 = 1, SINR = 41 dB, CQI = 15
[0m[NR_PHY] RI = 2 i1 = 0.0.0, i2 = 1, SINR = 41 dB, CQI = 15
[0m[NR_PHY] RI = 2 i1 = 0.0.0, i2 = 1, SINR = 41 dB, CQI = 15
[0m[NR_PHY] RI = 2 i1 = 0.0.0, i2 = 1, SINR = 41 dB, CQI = 15
[0m[NR_PHY] RI = 2 i1 = 0.0.0, i2 = 1, SINR = 41 dB, CQI = 15
[0m[NR_PHY] RI = 2 i1 = 0.0.0, i2 = 1, SINR = 41 dB, CQI = 15
[0m[NR_PHY] RI = 2 i1 = 0.0.0, i2 = 1, SINR = 41 dB, CQI = 15
[0m[NR_PHY] RI = 2 i1 = 0.0.0, i2 = 1, SINR = 41 dB, CQI = 15
[0m[NR_PHY] RI = 2 i1 = 0.0.0, i2 = 1, SINR = 41 dB, CQI = 15
[0m[NR_PHY] RI = 2 i1 = 0.0.0, i2 = 1, SINR = 41 dB, CQI = 15
[0m[NR_PHY] RI = 2 i1 = 0.0.0, i2 = 1, SINR = 41 dB, CQI = 15
[0m[NR_PHY] RI = 2 i1 = 0.0.0, i2 = 1, SINR = 41 dB, CQI = 15
[0m[NR_PHY] RI = 2 i1 = 0.0.0, i2 = 1, SINR = 41 dB, CQI = 15
[0m[NR_PHY] RI = 2 i1 = 0.0.0, i2 = 1, SINR = 41 dB, CQI = 15
[0m[NR_PHY] RI = 2 i1 = 0.0.0, i2 = 1, SINR = 41 dB, CQI = 15
[0m[NR_PHY] RI = 2 i1 = 0.0.0, i2 = 1, SINR = 41 dB, CQI = 15
[0m[NR_PHY] RI = 2 i1 = 0.0.0, i2 = 1, SINR = 41 dB, CQI = 15
[0m[NR_PHY] RI = 2 i1 = 0.0.0, i2 = 1, SINR = 41 dB, CQI = 15
[0m[NR_PHY] RI = 2 i1 = 0.0.0, i2 = 1, SINR = 41 dB, CQI = 15
[0m[NR_MAC] UE 0 RNTI 77c8 stats sfn: 768.2, cumulated bad DCI 0
    DL harq: 32/0
    UL harq: 85/2 avg code rate 0.1, avg bit/symbol 2.0, avg per TB: (nb RBs 16.0, nb symbols 12.9)
[0m[NR_PHY] RI = 2 i1 = 0.0.0, i2 = 1, SINR = 41 dB, CQI = 15
[0m[NR_PHY] RI = 2 i1 = 0.0.0, i2 = 1, SINR = 41 dB, CQI = 15
[0m[NR_PHY] RI = 2 i1 = 0.0.0, i2 = 1, SINR = 41 dB, CQI = 15
[0m[NR_PHY] RI = 2 i1 = 0.0.0, i2 = 1, SINR = 41 dB, CQI = 15
[0m[NR_PHY] RI = 2 i1 = 0.0.0, i2 = 1, SINR = 41 dB, CQI = 15
[0m[NR_PHY] RI = 2 i1 = 0.0.0, i2 = 1, SINR = 41 dB, CQI = 15
[0m[NR_PHY] RI = 2 i1 = 0.0.0, i2 = 1, SINR = 41 dB, CQI = 15
[0m[NR_PHY] RI = 2 i1 = 0.0.0, i2 = 1, SINR = 41 dB, CQI = 15
[0m[NR_PHY] RI = 2 i1 = 0.0.0, i2 = 1, SINR = 41 dB, CQI = 15
[0m[NR_PHY] RI = 2 i1 = 0.0.0, i2 = 1, SINR = 41 dB, CQI = 15
[0m[NR_PHY] RI = 2 i1 = 0.0.0, i2 = 1, SINR = 41 dB, CQI = 15
[0m[NR_PHY] RI = 2 i1 = 0.0.0, i2 = 1, SINR = 41 dB, CQI = 15
[0m[NR_PHY] RI = 2 i1 = 0.0.0, i2 = 1, SINR = 41 dB, CQI = 15
[0m[NR_PHY] RI = 2 i1 = 0.0.0, i2 = 1, SINR = 41 dB, CQI = 15
[0m[NR_PHY] RI = 2 i1 = 0.0.0, i2 = 1, SINR = 41 dB, CQI = 15
[0m[NR_PHY] RI = 2 i1 = 0.0.0, i2 = 1, SINR = 41 dB, CQI = 15
[0m[NR_PHY] RI = 2 i1 = 0.0.0, i2 = 1, SINR = 41 dB, CQI = 15
[0m[NR_PHY] RI = 2 i1 = 0.0.0, i2 = 1, SINR = 41 dB, CQI = 15
[0m[NR_PHY] RI = 2 i1 = 0.0.0, i2 = 1, SINR = 41 dB, CQI = 15
[0m[NR_PHY] RI = 2 i1 = 0.0.0, i2 = 1, SINR = 41 dB, CQI = 15
[0m[NR_PHY] RI = 2 i1 = 0.0.0, i2 = 1, SINR = 41 dB, CQI = 15
[0m[NR_PHY] RI = 2 i1 = 0.0.0, i2 = 1, SINR = 41 dB, CQI = 15
[0m[NR_PHY] RI = 2 i1 = 0.0.0, i2 = 1, SINR = 41 dB, CQI = 15
[0m[NR_PHY] RI = 2 i1 = 0.0.0, i2 = 1, SINR = 41 dB, CQI = 15
[0m[NR_PHY] RI = 2 i1 = 0.0.0, i2 = 1, SINR = 41 dB, CQI = 15
[0m[NR_PHY] RI = 2 i1 = 0.0.0, i2 = 1, SINR = 41 dB, CQI = 15
[0m[NR_PHY] RI = 2 i1 = 0.0.0, i2 = 1, SINR = 41 dB, CQI = 15
[0m[NR_PHY] RI = 2 i1 = 0.0.0, i2 = 1, SINR = 41 dB, CQI = 15
[0m[NR_PHY] RI = 2 i1 = 0.0.0, i2 = 1, SINR = 41 dB, CQI = 15
[0m[NR_PHY] RI = 2 i1 = 0.0.0, i2 = 1, SINR = 41 dB, CQI = 15
[0m[NR_PHY] RI = 2 i1 = 0.0.0, i2 = 1, SINR = 41 dB, CQI = 15
[0m[NR_PHY] RI = 2 i1 = 0.0.0, i2 = 1, SINR = 41 dB, CQI = 15
[0m[NR_PHY] RI = 2 i1 = 0.0.0, i2 = 1, SINR = 41 dB, CQI = 15
[0m[NR_PHY] RI = 2 i1 = 0.0.0, i2 = 1, SINR = 41 dB, CQI = 15
[0m[NR_PHY] RI = 2 i1 = 0.0.0, i2 = 1, SINR = 41 dB, CQI = 15
[0m[NR_PHY] RI = 2 i1 = 0.0.0, i2 = 1, SINR = 41 dB, CQI = 15
[0m[NR_PHY] RI = 2 i1 = 0.0.0, i2 = 1, SINR = 41 dB, CQI = 15
[0m[NR_PHY] RI = 2 i1 = 0.0.0, i2 = 1, SINR = 41 dB, CQI = 15
[0m[NR_PHY] RI = 2 i1 = 0.0.0, i2 = 1, SINR = 41 dB, CQI = 15
[0m[NR_PHY] RI = 2 i1 = 0.0.0, i2 = 1, SINR = 41 dB, CQI = 15
[0m[NR_PHY] RI = 2 i1 = 0.0.0, i2 = 1, SINR = 41 dB, CQI = 15
[0m[NR_PHY] RI = 2 i1 = 0.0.0, i2 = 1, SINR = 41 dB, CQI = 15
[0m[NR_PHY] RI = 2 i1 = 0.0.0, i2 = 1, SINR = 41 dB, CQI = 15
[0m[NR_PHY] RI = 2 i1 = 0.0.0, i2 = 1, SINR = 41 dB, CQI = 15
[0m[NR_PHY] RI = 2 i1 = 0.0.0, i2 = 1, SINR = 41 dB, CQI = 15
[0m[NR_PHY] RI = 2 i1 = 0.0.0, i2 = 1, SINR = 41 dB, CQI = 15
[0m[NR_PHY] RI = 2 i1 = 0.0.0, i2 = 1, SINR = 41 dB, CQI = 15
[0m[NR_PHY] RI = 2 i1 = 0.0.0, i2 = 1, SINR = 41 dB, CQI = 15
[0m[NR_PHY] RI = 2 i1 = 0.0.0, i2 = 1, SINR = 41 dB, CQI = 15
[0m[NR_PHY] RI = 2 i1 = 0.0.0, i2 = 1, SINR = 41 dB, CQI = 15
[0m[NR_PHY] RI = 2 i1 = 0.0.0, i2 = 1, SINR = 41 dB, CQI = 15
[0m[NR_PHY] RI = 2 i1 = 0.0.0, i2 = 1, SINR = 41 dB, CQI = 15
[0m[NR_PHY] RI = 2 i1 = 0.0.0, i2 = 1, SINR = 41 dB, CQI = 15
[0m[NR_PHY] RI = 2 i1 = 0.0.0, i2 = 1, SINR = 41 dB, CQI = 15
[0m[NR_PHY] RI = 2 i1 = 0.0.0, i2 = 1, SINR = 41 dB, CQI = 15
[0m[NR_PHY] RI = 2 i1 = 0.0.0, i2 = 1, SINR = 41 dB, CQI = 15
[0m[NR_PHY] RI = 2 i1 = 0.0.0, i2 = 1, SINR = 41 dB, CQI = 15
[0m[NR_PHY] RI = 2 i1 = 0.0.0, i2 = 1, SINR = 41 dB, CQI = 15
[0m[NR_PHY] RI = 2 i1 = 0.0.0, i2 = 1, SINR = 41 dB, CQI = 15
[0m[NR_PHY] RI = 2 i1 = 0.0.0, i2 = 1, SINR = 41 dB, CQI = 15
[0m[NR_PHY] RI = 2 i1 = 0.0.0, i2 = 1, SINR = 41 dB, CQI = 15
[0m[NR_PHY] RI = 2 i1 = 0.0.0, i2 = 1, SINR = 41 dB, CQI = 15
[0m[NR_PHY] RI = 2 i1 = 0.0.0, i2 = 1, SINR = 41 dB, CQI = 15
[0m[NR_PHY] RI = 2 i1 = 0.0.0, i2 = 1, SINR = 41 dB, CQI = 15
[0m[NR_MAC] UE 0 RNTI 77c8 stats sfn: 896.2, cumulated bad DCI 0
    DL harq: 33/0
    UL harq: 99/2 avg code rate 0.1, avg bit/symbol 2.0, avg per TB: (nb RBs 16.0, nb symbols 12.9)
[0m[NR_PHY] RI = 2 i1 = 0.0.0, i2 = 1, SINR = 41 dB, CQI = 15
[0m[NR_PHY] RI = 2 i1 = 0.0.0, i2 = 1, SINR = 41 dB, CQI = 15
[0m[NR_PHY] RI = 2 i1 = 0.0.0, i2 = 1, SINR = 41 dB, CQI = 15
[0m[NR_PHY] RI = 2 i1 = 0.0.0, i2 = 1, SINR = 41 dB, CQI = 15
[0m[NR_PHY] RI = 2 i1 = 0.0.0, i2 = 1, SINR = 41 dB, CQI = 15
[0m[NR_PHY] RI = 2 i1 = 0.0.0, i2 = 1, SINR = 41 dB, CQI = 15
[0m[NR_PHY] RI = 2 i1 = 0.0.0, i2 = 1, SINR = 41 dB, CQI = 15
[0m[NR_PHY] RI = 2 i1 = 0.0.0, i2 = 1, SINR = 41 dB, CQI = 15
[0m[NR_PHY] RI = 2 i1 = 0.0.0, i2 = 1, SINR = 41 dB, CQI = 15
[0m[NR_PHY] RI = 2 i1 = 0.0.0, i2 = 1, SINR = 41 dB, CQI = 15
[0m[NR_PHY] RI = 2 i1 = 0.0.0, i2 = 1, SINR = 41 dB, CQI = 15
[0m[NR_PHY] RI = 2 i1 = 0.0.0, i2 = 1, SINR = 41 dB, CQI = 15
[0m[NR_PHY] RI = 2 i1 = 0.0.0, i2 = 1, SINR = 41 dB, CQI = 15
[0m[NR_PHY] RI = 2 i1 = 0.0.0, i2 = 1, SINR = 41 dB, CQI = 15
[0m[NR_PHY] RI = 2 i1 = 0.0.0, i2 = 1, SINR = 41 dB, CQI = 15
[0m[NR_PHY] RI = 2 i1 = 0.0.0, i2 = 1, SINR = 41 dB, CQI = 15
[0m[NR_PHY] RI = 2 i1 = 0.0.0, i2 = 1, SINR = 41 dB, CQI = 15
[0m[NR_PHY] RI = 2 i1 = 0.0.0, i2 = 1, SINR = 41 dB, CQI = 15
[0m[NR_PHY] RI = 2 i1 = 0.0.0, i2 = 1, SINR = 41 dB, CQI = 15
[0m[NR_PHY] RI = 2 i1 = 0.0.0, i2 = 1, SINR = 41 dB, CQI = 15
[0m[NR_PHY] RI = 2 i1 = 0.0.0, i2 = 1, SINR = 41 dB, CQI = 15
[0m[NR_PHY] RI = 2 i1 = 0.0.0, i2 = 1, SINR = 41 dB, CQI = 15
[0m[NR_PHY] RI = 2 i1 = 0.0.0, i2 = 1, SINR = 41 dB, CQI = 15
[0m[NR_PHY] RI = 2 i1 = 0.0.0, i2 = 1, SINR = 41 dB, CQI = 15
[0m[NR_PHY] RI = 2 i1 = 0.0.0, i2 = 1, SINR = 41 dB, CQI = 15
[0m[NR_PHY] RI = 2 i1 = 0.0.0, i2 = 1, SINR = 41 dB, CQI = 15
[0m[NR_PHY] RI = 2 i1 = 0.0.0, i2 = 1, SINR = 41 dB, CQI = 15
[0m[NR_PHY] RI = 2 i1 = 0.0.0, i2 = 1, SINR = 41 dB, CQI = 15
[0m[NR_PHY] RI = 2 i1 = 0.0.0, i2 = 1, SINR = 41 dB, CQI = 15
[0m[NR_PHY] RI = 2 i1 = 0.0.0, i2 = 1, SINR = 41 dB, CQI = 15
[0m[NR_PHY] RI = 2 i1 = 0.0.0, i2 = 1, SINR = 41 dB, CQI = 15
[0m[NR_PHY] RI = 2 i1 = 0.0.0, i2 = 1, SINR = 41 dB, CQI = 15
[0m[NR_PHY] RI = 2 i1 = 0.0.0, i2 = 1, SINR = 41 dB, CQI = 15
[0m[NR_PHY] RI = 2 i1 = 0.0.0, i2 = 1, SINR = 41 dB, CQI = 15
[0m[NR_PHY] RI = 2 i1 = 0.0.0, i2 = 1, SINR = 41 dB, CQI = 15
[0m[NR_PHY] RI = 2 i1 = 0.0.0, i2 = 1, SINR = 41 dB, CQI = 15
[0m[NR_PHY] RI = 2 i1 = 0.0.0, i2 = 1, SINR = 41 dB, CQI = 15
[0m[NR_PHY] RI = 2 i1 = 0.0.0, i2 = 1, SINR = 41 dB, CQI = 15
[0m[NR_PHY] RI = 2 i1 = 0.0.0, i2 = 1, SINR = 41 dB, CQI = 15
[0m[NR_PHY] RI = 2 i1 = 0.0.0, i2 = 1, SINR = 41 dB, CQI = 15
[0m[NR_PHY] RI = 2 i1 = 0.0.0, i2 = 1, SINR = 41 dB, CQI = 15
[0m[NR_PHY] RI = 2 i1 = 0.0.0, i2 = 1, SINR = 41 dB, CQI = 15
[0m[NR_PHY] RI = 2 i1 = 0.0.0, i2 = 1, SINR = 41 dB, CQI = 15
[0m[NR_PHY] RI = 2 i1 = 0.0.0, i2 = 1, SINR = 41 dB, CQI = 15
[0m[NR_PHY] RI = 2 i1 = 0.0.0, i2 = 1, SINR = 41 dB, CQI = 15
[0m[NR_PHY] RI = 2 i1 = 0.0.0, i2 = 1, SINR = 41 dB, CQI = 15
[0m[NR_PHY] RI = 2 i1 = 0.0.0, i2 = 1, SINR = 41 dB, CQI = 15
[0m[NR_PHY] RI = 2 i1 = 0.0.0, i2 = 1, SINR = 41 dB, CQI = 15
[0m[NR_PHY] RI = 2 i1 = 0.0.0, i2 = 1, SINR = 41 dB, CQI = 15
[0m[NR_PHY] RI = 2 i1 = 0.0.0, i2 = 1, SINR = 41 dB, CQI = 15
[0m[NR_PHY] RI = 2 i1 = 0.0.0, i2 = 1, SINR = 41 dB, CQI = 15
[0m[NR_PHY] RI = 2 i1 = 0.0.0, i2 = 1, SINR = 41 dB, CQI = 15
[0m[NR_PHY] RI = 2 i1 = 0.0.0, i2 = 1, SINR = 41 dB, CQI = 15
[0m[NR_PHY] RI = 2 i1 = 0.0.0, i2 = 1, SINR = 41 dB, CQI = 15
[0m[NR_PHY] RI = 2 i1 = 0.0.0, i2 = 1, SINR = 41 dB, CQI = 15
[0m[NR_PHY] RI = 2 i1 = 0.0.0, i2 = 1, SINR = 41 dB, CQI = 15
[0m[NR_PHY] RI = 2 i1 = 0.0.0, i2 = 1, SINR = 41 dB, CQI = 15
[0m[NR_PHY] RI = 2 i1 = 0.0.0, i2 = 1, SINR = 41 dB, CQI = 15
[0m[NR_PHY] RI = 2 i1 = 0.0.0, i2 = 1, SINR = 41 dB, CQI = 15
[0m[NR_PHY] RI = 2 i1 = 0.0.0, i2 = 1, SINR = 41 dB, CQI = 15
[0m[NR_PHY] RI = 2 i1 = 0.0.0, i2 = 1, SINR = 41 dB, CQI = 15
[0m[NR_PHY] RI = 2 i1 = 0.0.0, i2 = 1, SINR = 41 dB, CQI = 15
[0m[NR_PHY] RI = 2 i1 = 0.0.0, i2 = 1, SINR = 41 dB, CQI = 15
[0m[NR_PHY] RI = 2 i1 = 0.0.0, i2 = 1, SINR = 41 dB, CQI = 15
[0m[NR_MAC] UE 0 RNTI 77c8 stats sfn: 0.2, cumulated bad DCI 0
    DL harq: 55/0
    UL harq: 582/4 avg code rate 0.4, avg bit/symbol 2.6, avg per TB: (nb RBs 16.8, nb symbols 13.0)
[0m[NR_PHY] RI = 2 i1 = 0.0.0, i2 = 1, SINR = 41 dB, CQI = 15
[0m[NR_PHY] RI = 2 i1 = 0.0.0, i2 = 1, SINR = 41 dB, CQI = 15
[0m[NR_PHY] RI = 2 i1 = 0.0.0, i2 = 1, SINR = 41 dB, CQI = 15
[0m[NR_PHY] RI = 2 i1 = 0.0.0, i2 = 1, SINR = 41 dB, CQI = 15
[0m[NR_PHY] RI = 2 i1 = 0.0.0, i2 = 1, SINR = 41 dB, CQI = 15
[0m[NR_PHY] RI = 2 i1 = 0.0.0, i2 = 1, SINR = 41 dB, CQI = 15
[0m[NR_PHY] RI = 2 i1 = 0.0.0, i2 = 1, SINR = 41 dB, CQI = 15
[0m[NR_PHY] RI = 2 i1 = 0.0.0, i2 = 1, SINR = 41 dB, CQI = 15
[0m[NR_PHY] RI = 2 i1 = 0.0.0, i2 = 1, SINR = 41 dB, CQI = 15
[0m[NR_PHY] RI = 2 i1 = 0.0.0, i2 = 1, SINR = 41 dB, CQI = 15
[0m[NR_PHY] RI = 2 i1 = 0.0.0, i2 = 1, SINR = 41 dB, CQI = 15
[0m[NR_PHY] RI = 2 i1 = 0.0.0, i2 = 1, SINR = 41 dB, CQI = 15
[0m[NR_PHY] RI = 2 i1 = 0.0.0, i2 = 1, SINR = 41 dB, CQI = 15
[0m[NR_PHY] RI = 2 i1 = 0.0.0, i2 = 1, SINR = 41 dB, CQI = 15
[0m[NR_PHY] RI = 2 i1 = 0.0.0, i2 = 1, SINR = 41 dB, CQI = 15
[0m[NR_PHY] RI = 2 i1 = 0.0.0, i2 = 1, SINR = 41 dB, CQI = 15
[0m[NR_PHY] RI = 2 i1 = 0.0.0, i2 = 1, SINR = 41 dB, CQI = 15
[0m[NR_PHY] RI = 2 i1 = 0.0.0, i2 = 1, SINR = 41 dB, CQI = 15
[0m[NR_PHY] RI = 2 i1 = 0.0.0, i2 = 1, SINR = 41 dB, CQI = 15
[0m[NR_PHY] RI = 2 i1 = 0.0.0, i2 = 1, SINR = 41 dB, CQI = 15
[0m[NR_PHY] RI = 2 i1 = 0.0.0, i2 = 1, SINR = 41 dB, CQI = 15
[0m[NR_PHY] RI = 2 i1 = 0.0.0, i2 = 1, SINR = 41 dB, CQI = 15
[0m[NR_PHY] RI = 2 i1 = 0.0.0, i2 = 1, SINR = 41 dB, CQI = 15
[0m[NR_PHY] RI = 2 i1 = 0.0.0, i2 = 1, SINR = 41 dB, CQI = 15
[0m[NR_PHY] RI = 2 i1 = 0.0.0, i2 = 1, SINR = 41 dB, CQI = 15
[0m[NR_PHY] RI = 2 i1 = 0.0.0, i2 = 1, SINR = 41 dB, CQI = 15
[0m[NR_PHY] RI = 2 i1 = 0.0.0, i2 = 1, SINR = 41 dB, CQI = 15
[0m[NR_PHY] RI = 2 i1 = 0.0.0, i2 = 1, SINR = 41 dB, CQI = 15
[0m[NR_PHY] RI = 2 i1 = 0.0.0, i2 = 1, SINR = 41 dB, CQI = 15
[0m[NR_PHY] RI = 2 i1 = 0.0.0, i2 = 1, SINR = 41 dB, CQI = 15
[0m[NR_PHY] RI = 2 i1 = 0.0.0, i2 = 1, SINR = 41 dB, CQI = 15
[0m[NR_PHY] RI = 2 i1 = 0.0.0, i2 = 1, SINR = 41 dB, CQI = 15
[0m[NR_PHY] RI = 2 i1 = 0.0.0, i2 = 1, SINR = 41 dB, CQI = 15
[0m[NR_PHY] RI = 2 i1 = 0.0.0, i2 = 1, SINR = 41 dB, CQI = 15
[0m[NR_PHY] RI = 2 i1 = 0.0.0, i2 = 1, SINR = 41 dB, CQI = 15
[0m[NR_PHY] RI = 2 i1 = 0.0.0, i2 = 1, SINR = 41 dB, CQI = 15
[0m[NR_PHY] RI = 2 i1 = 0.0.0, i2 = 1, SINR = 41 dB, CQI = 15
[0m[NR_PHY] RI = 2 i1 = 0.0.0, i2 = 1, SINR = 41 dB, CQI = 15
[0m[NR_PHY] RI = 2 i1 = 0.0.0, i2 = 1, SINR = 41 dB, CQI = 15
[0m[NR_PHY] RI = 2 i1 = 0.0.0, i2 = 1, SINR = 41 dB, CQI = 15
[0m[NR_PHY] RI = 2 i1 = 0.0.0, i2 = 1, SINR = 41 dB, CQI = 15
[0m[NR_PHY] RI = 2 i1 = 0.0.0, i2 = 1, SINR = 41 dB, CQI = 15
[0m[NR_PHY] RI = 2 i1 = 0.0.0, i2 = 1, SINR = 41 dB, CQI = 15
[0m[NR_PHY] RI = 2 i1 = 0.0.0, i2 = 1, SINR = 41 dB, CQI = 15
[0m[NR_PHY] RI = 2 i1 = 0.0.0, i2 = 1, SINR = 41 dB, CQI = 15
[0m[NR_PHY] RI = 2 i1 = 0.0.0, i2 = 1, SINR = 41 dB, CQI = 15
[0m[NR_PHY] RI = 2 i1 = 0.0.0, i2 = 1, SINR = 41 dB, CQI = 15
[0m[NR_PHY] RI = 2 i1 = 0.0.0, i2 = 1, SINR = 41 dB, CQI = 15
[0m[NR_PHY] RI = 2 i1 = 0.0.0, i2 = 1, SINR = 41 dB, CQI = 15
[0m[NR_PHY] RI = 2 i1 = 0.0.0, i2 = 1, SINR = 41 dB, CQI = 15
[0m[NR_PHY] RI = 2 i1 = 0.0.0, i2 = 1, SINR = 41 dB, CQI = 15
[0m[NR_PHY] RI = 2 i1 = 0.0.0, i2 = 1, SINR = 41 dB, CQI = 15
[0m[NR_PHY] RI = 2 i1 = 0.0.0, i2 = 1, SINR = 41 dB, CQI = 15
[0m[NR_PHY] RI = 2 i1 = 0.0.0, i2 = 1, SINR = 41 dB, CQI = 15
[0m[NR_PHY] RI = 2 i1 = 0.0.0, i2 = 1, SINR = 41 dB, CQI = 15
[0m[NR_PHY] RI = 2 i1 = 0.0.0, i2 = 1, SINR = 41 dB, CQI = 15
[0m[NR_PHY] RI = 2 i1 = 0.0.0, i2 = 1, SINR = 41 dB, CQI = 15
[0m[NR_PHY] RI = 2 i1 = 0.0.0, i2 = 1, SINR = 41 dB, CQI = 15
[0m[NR_PHY] RI = 2 i1 = 0.0.0, i2 = 1, SINR = 41 dB, CQI = 15
[0m[NR_PHY] RI = 2 i1 = 0.0.0, i2 = 1, SINR = 41 dB, CQI = 15
[0m[NR_PHY] RI = 2 i1 = 0.0.0, i2 = 1, SINR = 41 dB, CQI = 15
[0m[NR_PHY] RI = 2 i1 = 0.0.0, i2 = 1, SINR = 41 dB, CQI = 15
[0m[NR_PHY] RI = 2 i1 = 0.0.0, i2 = 1, SINR = 41 dB, CQI = 15
[0m[NR_PHY] RI = 2 i1 = 0.0.0, i2 = 1, SINR = 41 dB, CQI = 15
[0m[NR_MAC] UE 0 RNTI 77c8 stats sfn: 128.2, cumulated bad DCI 0
    DL harq: 74/0
    UL harq: 1087/8 avg code rate 0.6, avg bit/symbol 4.4, avg per TB: (nb RBs 16.9, nb symbols 13.0)
[0m[NR_PHY] RI = 2 i1 = 0.0.0, i2 = 1, SINR = 41 dB, CQI = 15
[0m[NR_PHY] RI = 2 i1 = 0.0.0, i2 = 1, SINR = 41 dB, CQI = 15
[0m[NR_PHY] RI = 2 i1 = 0.0.0, i2 = 1, SINR = 41 dB, CQI = 15
[0m[NR_PHY] RI = 2 i1 = 0.0.0, i2 = 1, SINR = 41 dB, CQI = 15
[0m[NR_PHY] RI = 2 i1 = 0.0.0, i2 = 1, SINR = 41 dB, CQI = 15
[0m[NR_PHY] RI = 2 i1 = 0.0.0, i2 = 1, SINR = 41 dB, CQI = 15
[0m[NR_PHY] RI = 2 i1 = 0.0.0, i2 = 1, SINR = 41 dB, CQI = 15
[0m[NR_PHY] RI = 2 i1 = 0.0.0, i2 = 1, SINR = 41 dB, CQI = 15
[0m[NR_PHY] RI = 2 i1 = 0.0.0, i2 = 1, SINR = 41 dB, CQI = 15
[0m[NR_PHY] RI = 2 i1 = 0.0.0, i2 = 1, SINR = 41 dB, CQI = 15
[0m[NR_PHY] RI = 2 i1 = 0.0.0, i2 = 1, SINR = 41 dB, CQI = 15
[0m[NR_PHY] RI = 2 i1 = 0.0.0, i2 = 1, SINR = 41 dB, CQI = 15
[0m[NR_PHY] RI = 2 i1 = 0.0.0, i2 = 1, SINR = 41 dB, CQI = 15
[0m[NR_PHY] RI = 2 i1 = 0.0.0, i2 = 1, SINR = 41 dB, CQI = 15
[0m[NR_PHY] RI = 2 i1 = 0.0.0, i2 = 1, SINR = 41 dB, CQI = 15
[0m[NR_PHY] RI = 2 i1 = 0.0.0, i2 = 1, SINR = 41 dB, CQI = 15
[0m[NR_PHY] RI = 2 i1 = 0.0.0, i2 = 1, SINR = 41 dB, CQI = 15
[0m[NR_PHY] RI = 2 i1 = 0.0.0, i2 = 1, SINR = 41 dB, CQI = 15
[0m[NR_PHY] RI = 2 i1 = 0.0.0, i2 = 1, SINR = 41 dB, CQI = 15
[0m[NR_PHY] RI = 2 i1 = 0.0.0, i2 = 1, SINR = 41 dB, CQI = 15
[0m[NR_PHY] RI = 2 i1 = 0.0.0, i2 = 1, SINR = 41 dB, CQI = 15
[0m[NR_PHY] RI = 2 i1 = 0.0.0, i2 = 1, SINR = 41 dB, CQI = 15
[0m[NR_PHY] RI = 2 i1 = 0.0.0, i2 = 1, SINR = 41 dB, CQI = 15
[0m[NR_PHY] RI = 2 i1 = 0.0.0, i2 = 1, SINR = 41 dB, CQI = 15
[0m[NR_PHY] RI = 2 i1 = 0.0.0, i2 = 1, SINR = 41 dB, CQI = 15
[0m[NR_PHY] RI = 2 i1 = 0.0.0, i2 = 1, SINR = 41 dB, CQI = 15
[0m[NR_PHY] RI = 2 i1 = 0.0.0, i2 = 1, SINR = 41 dB, CQI = 15
[0m[NR_PHY] RI = 2 i1 = 0.0.0, i2 = 1, SINR = 41 dB, CQI = 15
[0m[NR_PHY] RI = 2 i1 = 0.0.0, i2 = 1, SINR = 41 dB, CQI = 15
[0m[NR_PHY] RI = 2 i1 = 0.0.0, i2 = 1, SINR = 41 dB, CQI = 15
[0m[NR_PHY] RI = 2 i1 = 0.0.0, i2 = 1, SINR = 41 dB, CQI = 15
[0m[NR_PHY] RI = 2 i1 = 0.0.0, i2 = 1, SINR = 41 dB, CQI = 15
[0m[NR_PHY] RI = 2 i1 = 0.0.0, i2 = 1, SINR = 41 dB, CQI = 15
[0m[NR_PHY] RI = 2 i1 = 0.0.0, i2 = 1, SINR = 41 dB, CQI = 15
[0m[NR_PHY] RI = 2 i1 = 0.0.0, i2 = 1, SINR = 41 dB, CQI = 15
[0m[NR_PHY] RI = 2 i1 = 0.0.0, i2 = 1, SINR = 41 dB, CQI = 15
[0m[NR_PHY] RI = 2 i1 = 0.0.0, i2 = 1, SINR = 41 dB, CQI = 15
[0m[NR_PHY] RI = 2 i1 = 0.0.0, i2 = 1, SINR = 41 dB, CQI = 15
[0m[NR_PHY] RI = 2 i1 = 0.0.0, i2 = 1, SINR = 41 dB, CQI = 15
[0m[NR_PHY] RI = 2 i1 = 0.0.0, i2 = 1, SINR = 41 dB, CQI = 15
[0m[NR_PHY] RI = 2 i1 = 0.0.0, i2 = 1, SINR = 41 dB, CQI = 15
[0m[NR_PHY] RI = 2 i1 = 0.0.0, i2 = 1, SINR = 41 dB, CQI = 15
[0m[NR_PHY] RI = 2 i1 = 0.0.0, i2 = 1, SINR = 41 dB, CQI = 15
[0m[NR_PHY] RI = 2 i1 = 0.0.0, i2 = 1, SINR = 41 dB, CQI = 15
[0m[NR_PHY] RI = 2 i1 = 0.0.0, i2 = 1, SINR = 41 dB, CQI = 15
[0m[NR_PHY] RI = 2 i1 = 0.0.0, i2 = 1, SINR = 41 dB, CQI = 15
[0m[NR_PHY] RI = 2 i1 = 0.0.0, i2 = 1, SINR = 41 dB, CQI = 15
[0m[NR_PHY] RI = 2 i1 = 0.0.0, i2 = 1, SINR = 41 dB, CQI = 15
[0m[NR_PHY] RI = 2 i1 = 0.0.0, i2 = 1, SINR = 41 dB, CQI = 15
[0m[NR_PHY] RI = 2 i1 = 0.0.0, i2 = 1, SINR = 41 dB, CQI = 15
[0m[NR_PHY] RI = 2 i1 = 0.0.0, i2 = 1, SINR = 41 dB, CQI = 15
[0m[NR_PHY] RI = 2 i1 = 0.0.0, i2 = 1, SINR = 41 dB, CQI = 15
[0m[NR_PHY] RI = 2 i1 = 0.0.0, i2 = 1, SINR = 41 dB, CQI = 15
[0m[NR_PHY] RI = 2 i1 = 0.0.0, i2 = 1, SINR = 41 dB, CQI = 15
[0m[NR_PHY] RI = 2 i1 = 0.0.0, i2 = 1, SINR = 41 dB, CQI = 15
[0m[NR_PHY] RI = 2 i1 = 0.0.0, i2 = 1, SINR = 41 dB, CQI = 15
[0m[NR_PHY] RI = 2 i1 = 0.0.0, i2 = 1, SINR = 41 dB, CQI = 15
[0m[NR_PHY] RI = 2 i1 = 0.0.0, i2 = 1, SINR = 41 dB, CQI = 15
[0m[NR_PHY] RI = 2 i1 = 0.0.0, i2 = 1, SINR = 41 dB, CQI = 15
[0m[NR_PHY] RI = 2 i1 = 0.0.0, i2 = 1, SINR = 41 dB, CQI = 15
[0m[NR_PHY] RI = 2 i1 = 0.0.0, i2 = 1, SINR = 41 dB, CQI = 15
[0m[NR_PHY] RI = 2 i1 = 0.0.0, i2 = 1, SINR = 41 dB, CQI = 15
[0m[NR_PHY] RI = 2 i1 = 0.0.0, i2 = 1, SINR = 41 dB, CQI = 15
[0m[NR_PHY] RI = 2 i1 = 0.0.0, i2 = 1, SINR = 41 dB, CQI = 15
[0m[NR_MAC] UE 0 RNTI 77c8 stats sfn: 256.2, cumulated bad DCI 0
    DL harq: 95/0
    UL harq: 1587/14 avg code rate 0.8, avg bit/symbol 5.1, avg per TB: (nb RBs 16.9, nb symbols 13.0)
[0m[NR_PHY] RI = 2 i1 = 0.0.0, i2 = 1, SINR = 41 dB, CQI = 15
[0m[NR_PHY] RI = 2 i1 = 0.0.0, i2 = 1, SINR = 41 dB, CQI = 15
[0m[NR_PHY] RI = 2 i1 = 0.0.0, i2 = 1, SINR = 41 dB, CQI = 15
[0m[NR_PHY] RI = 2 i1 = 0.0.0, i2 = 1, SINR = 41 dB, CQI = 15
[0m[NR_PHY] RI = 2 i1 = 0.0.0, i2 = 1, SINR = 41 dB, CQI = 15
[0m[NR_PHY] RI = 2 i1 = 0.0.0, i2 = 1, SINR = 41 dB, CQI = 15
[0m[NR_PHY] RI = 2 i1 = 0.0.0, i2 = 1, SINR = 41 dB, CQI = 15
[0m[NR_PHY] RI = 2 i1 = 0.0.0, i2 = 1, SINR = 41 dB, CQI = 15
[0m[NR_PHY] RI = 2 i1 = 0.0.0, i2 = 1, SINR = 41 dB, CQI = 15
[0m[NR_PHY] RI = 2 i1 = 0.0.0, i2 = 1, SINR = 41 dB, CQI = 15
[0m[NR_PHY] RI = 2 i1 = 0.0.0, i2 = 1, SINR = 41 dB, CQI = 15
[0m[NR_PHY] RI = 2 i1 = 0.0.0, i2 = 1, SINR = 41 dB, CQI = 15
[0m[NR_PHY] RI = 2 i1 = 0.0.0, i2 = 1, SINR = 41 dB, CQI = 15
[0m[NR_PHY] RI = 2 i1 = 0.0.0, i2 = 1, SINR = 41 dB, CQI = 15
[0m[NR_PHY] RI = 2 i1 = 0.0.0, i2 = 1, SINR = 41 dB, CQI = 15
[0m[NR_PHY] RI = 2 i1 = 0.0.0, i2 = 1, SINR = 41 dB, CQI = 15
[0m[NR_PHY] RI = 2 i1 = 0.0.0, i2 = 1, SINR = 41 dB, CQI = 15
[0m[NR_PHY] RI = 2 i1 = 0.0.0, i2 = 1, SINR = 41 dB, CQI = 15
[0m[NR_PHY] RI = 2 i1 = 0.0.0, i2 = 1, SINR = 41 dB, CQI = 15
[0m[NR_PHY] RI = 2 i1 = 0.0.0, i2 = 1, SINR = 41 dB, CQI = 15
[0m[NR_PHY] RI = 2 i1 = 0.0.0, i2 = 1, SINR = 41 dB, CQI = 15
[0m[NR_PHY] RI = 2 i1 = 0.0.0, i2 = 1, SINR = 41 dB, CQI = 15
[0m[NR_PHY] RI = 2 i1 = 0.0.0, i2 = 1, SINR = 41 dB, CQI = 15
[0m[NR_PHY] RI = 2 i1 = 0.0.0, i2 = 1, SINR = 41 dB, CQI = 15
[0m[NR_PHY] RI = 2 i1 = 0.0.0, i2 = 1, SINR = 41 dB, CQI = 15
[0m[NR_PHY] RI = 2 i1 = 0.0.0, i2 = 1, SINR = 41 dB, CQI = 15
[0m[NR_PHY] RI = 2 i1 = 0.0.0, i2 = 1, SINR = 41 dB, CQI = 15
[0m[NR_PHY] RI = 2 i1 = 0.0.0, i2 = 1, SINR = 41 dB, CQI = 15
[0m[NR_PHY] RI = 2 i1 = 0.0.0, i2 = 1, SINR = 41 dB, CQI = 15
[0m[NR_PHY] RI = 2 i1 = 0.0.0, i2 = 1, SINR = 41 dB, CQI = 15
[0m[NR_PHY] RI = 2 i1 = 0.0.0, i2 = 1, SINR = 41 dB, CQI = 15
[0m[NR_PHY] RI = 2 i1 = 0.0.0, i2 = 1, SINR = 41 dB, CQI = 15
[0m[NR_PHY] RI = 2 i1 = 0.0.0, i2 = 1, SINR = 41 dB, CQI = 15
[0m[NR_PHY] RI = 2 i1 = 0.0.0, i2 = 1, SINR = 41 dB, CQI = 15
[0m[NR_PHY] RI = 2 i1 = 0.0.0, i2 = 1, SINR = 41 dB, CQI = 15
[0m[NR_PHY] RI = 2 i1 = 0.0.0, i2 = 1, SINR = 41 dB, CQI = 15
[0m[NR_PHY] RI = 2 i1 = 0.0.0, i2 = 1, SINR = 41 dB, CQI = 15
[0m[NR_PHY] RI = 2 i1 = 0.0.0, i2 = 1, SINR = 41 dB, CQI = 15
[0m[NR_PHY] RI = 2 i1 = 0.0.0, i2 = 1, SINR = 41 dB, CQI = 15
[0m[NR_PHY] RI = 2 i1 = 0.0.0, i2 = 0, SINR = 0 dB, CQI = 0
[0m[NR_PHY] RI = 2 i1 = 0.0.0, i2 = 1, SINR = 41 dB, CQI = 15
[0m[NR_PHY] RI = 2 i1 = 0.0.0, i2 = 1, SINR = 41 dB, CQI = 15
[0m[NR_PHY] RI = 2 i1 = 0.0.0, i2 = 1, SINR = 41 dB, CQI = 15
[0m[NR_PHY] RI = 2 i1 = 0.0.0, i2 = 1, SINR = 41 dB, CQI = 15
[0m[NR_PHY] RI = 2 i1 = 0.0.0, i2 = 1, SINR = 41 dB, CQI = 15
[0m[NR_PHY] RI = 2 i1 = 0.0.0, i2 = 1, SINR = 41 dB, CQI = 15
[0m[NR_PHY] RI = 2 i1 = 0.0.0, i2 = 1, SINR = 41 dB, CQI = 15
[0m[NR_PHY] RI = 2 i1 = 0.0.0, i2 = 1, SINR = 41 dB, CQI = 15
[0m[NR_PHY] RI = 2 i1 = 0.0.0, i2 = 1, SINR = 41 dB, CQI = 15
[0m[NR_PHY] RI = 2 i1 = 0.0.0, i2 = 1, SINR = 41 dB, CQI = 15
[0m[NR_PHY] RI = 2 i1 = 0.0.0, i2 = 1, SINR = 41 dB, CQI = 15
[0m[NR_PHY] RI = 2 i1 = 0.0.0, i2 = 1, SINR = 41 dB, CQI = 15
[0m[NR_PHY] RI = 2 i1 = 0.0.0, i2 = 1, SINR = 41 dB, CQI = 15
[0m[NR_PHY] RI = 2 i1 = 0.0.0, i2 = 1, SINR = 41 dB, CQI = 15
[0m[NR_PHY] RI = 2 i1 = 0.0.0, i2 = 1, SINR = 41 dB, CQI = 15
[0m[NR_PHY] RI = 2 i1 = 0.0.0, i2 = 1, SINR = 41 dB, CQI = 15
[0m[NR_PHY] RI = 2 i1 = 0.0.0, i2 = 1, SINR = 41 dB, CQI = 15
[0m[NR_PHY] RI = 2 i1 = 0.0.0, i2 = 1, SINR = 41 dB, CQI = 15
[0m[NR_PHY] RI = 2 i1 = 0.0.0, i2 = 1, SINR = 41 dB, CQI = 15
[0m[NR_PHY] RI = 2 i1 = 0.0.0, i2 = 1, SINR = 41 dB, CQI = 15
[0m[NR_PHY] RI = 2 i1 = 0.0.0, i2 = 1, SINR = 41 dB, CQI = 15
[0m[NR_PHY] RI = 2 i1 = 0.0.0, i2 = 1, SINR = 41 dB, CQI = 15
[0m[NR_PHY] RI = 2 i1 = 0.0.0, i2 = 1, SINR = 41 dB, CQI = 15
[0m[NR_PHY] RI = 2 i1 = 0.0.0, i2 = 1, SINR = 41 dB, CQI = 15
[0m[NR_MAC] UE 0 RNTI 77c8 stats sfn: 384.2, cumulated bad DCI 0
    DL harq: 115/0
    UL harq: 2089/19 avg code rate 0.8, avg bit/symbol 5.4, avg per TB: (nb RBs 16.9, nb symbols 13.0)
[0m[NR_PHY] RI = 2 i1 = 0.0.0, i2 = 1, SINR = 41 dB, CQI = 15
[0m[NR_PHY] RI = 2 i1 = 0.0.0, i2 = 1, SINR = 41 dB, CQI = 15
[0m[NR_PHY] RI = 2 i1 = 0.0.0, i2 = 1, SINR = 41 dB, CQI = 15
[0m[NR_PHY] RI = 2 i1 = 0.0.0, i2 = 1, SINR = 41 dB, CQI = 15
[0m[NR_PHY] RI = 2 i1 = 0.0.0, i2 = 1, SINR = 41 dB, CQI = 15
[0m[NR_PHY] RI = 2 i1 = 0.0.0, i2 = 1, SINR = 41 dB, CQI = 15
[0m[NR_PHY] RI = 2 i1 = 0.0.0, i2 = 1, SINR = 41 dB, CQI = 15
[0m[NR_PHY] RI = 2 i1 = 0.0.0, i2 = 1, SINR = 41 dB, CQI = 15
[0m[NR_PHY] RI = 2 i1 = 0.0.0, i2 = 1, SINR = 41 dB, CQI = 15
[0m[NR_PHY] RI = 2 i1 = 0.0.0, i2 = 1, SINR = 41 dB, CQI = 15
[0m[NR_PHY] RI = 2 i1 = 0.0.0, i2 = 0, SINR = 0 dB, CQI = 0
[0m[NR_PHY] RI = 2 i1 = 0.0.0, i2 = 1, SINR = 41 dB, CQI = 15
[0m[NR_PHY] RI = 2 i1 = 0.0.0, i2 = 1, SINR = 41 dB, CQI = 15
[0m[NR_PHY] RI = 2 i1 = 0.0.0, i2 = 1, SINR = 41 dB, CQI = 15
[0m[NR_PHY] RI = 2 i1 = 0.0.0, i2 = 1, SINR = 41 dB, CQI = 15
[0m[NR_PHY] RI = 2 i1 = 0.0.0, i2 = 1, SINR = 41 dB, CQI = 15
[0m[NR_PHY] RI = 2 i1 = 0.0.0, i2 = 1, SINR = 41 dB, CQI = 15
[0m[NR_PHY] RI = 2 i1 = 0.0.0, i2 = 1, SINR = 41 dB, CQI = 15
[0m[NR_PHY] RI = 2 i1 = 0.0.0, i2 = 1, SINR = 41 dB, CQI = 15
[0m[NR_PHY] RI = 2 i1 = 0.0.0, i2 = 1, SINR = 41 dB, CQI = 15
[0m[NR_PHY] RI = 2 i1 = 0.0.0, i2 = 1, SINR = 41 dB, CQI = 15
[0m[NR_PHY] RI = 2 i1 = 0.0.0, i2 = 1, SINR = 41 dB, CQI = 15
[0m[NR_PHY] RI = 2 i1 = 0.0.0, i2 = 1, SINR = 41 dB, CQI = 15
[0m[NR_PHY] RI = 2 i1 = 0.0.0, i2 = 1, SINR = 41 dB, CQI = 15
[0m[NR_PHY] RI = 2 i1 = 0.0.0, i2 = 1, SINR = 41 dB, CQI = 15
[0m[NR_PHY] RI = 2 i1 = 0.0.0, i2 = 1, SINR = 41 dB, CQI = 15
[0m[NR_PHY] RI = 2 i1 = 0.0.0, i2 = 1, SINR = 41 dB, CQI = 15
[0m[NR_PHY] RI = 2 i1 = 0.0.0, i2 = 1, SINR = 41 dB, CQI = 15
[0m[NR_PHY] RI = 2 i1 = 0.0.0, i2 = 1, SINR = 41 dB, CQI = 15
[0m[NR_PHY] RI = 2 i1 = 0.0.0, i2 = 1, SINR = 41 dB, CQI = 15
[0m[NR_PHY] RI = 2 i1 = 0.0.0, i2 = 1, SINR = 41 dB, CQI = 15
[0m[NR_PHY] RI = 2 i1 = 0.0.0, i2 = 1, SINR = 41 dB, CQI = 15
[0m[NR_PHY] RI = 2 i1 = 0.0.0, i2 = 1, SINR = 41 dB, CQI = 15
[0m[NR_PHY] RI = 2 i1 = 0.0.0, i2 = 1, SINR = 41 dB, CQI = 15
[0m[NR_PHY] RI = 2 i1 = 0.0.0, i2 = 1, SINR = 41 dB, CQI = 15
[0m[NR_PHY] RI = 2 i1 = 0.0.0, i2 = 1, SINR = 41 dB, CQI = 15
[0m[NR_PHY] RI = 2 i1 = 0.0.0, i2 = 1, SINR = 41 dB, CQI = 15
[0m[NR_PHY] RI = 2 i1 = 0.0.0, i2 = 1, SINR = 41 dB, CQI = 15
[0m[NR_PHY] RI = 2 i1 = 0.0.0, i2 = 1, SINR = 41 dB, CQI = 15
[0m[NR_PHY] RI = 2 i1 = 0.0.0, i2 = 1, SINR = 41 dB, CQI = 15
[0m[NR_PHY] RI = 2 i1 = 0.0.0, i2 = 1, SINR = 41 dB, CQI = 15
[0m[NR_PHY] RI = 2 i1 = 0.0.0, i2 = 1, SINR = 41 dB, CQI = 15
[0m[NR_PHY] RI = 2 i1 = 0.0.0, i2 = 1, SINR = 41 dB, CQI = 15
[0m[NR_PHY] RI = 2 i1 = 0.0.0, i2 = 1, SINR = 41 dB, CQI = 15
[0m[NR_PHY] RI = 2 i1 = 0.0.0, i2 = 1, SINR = 41 dB, CQI = 15
[0m[NR_PHY] RI = 2 i1 = 0.0.0, i2 = 1, SINR = 41 dB, CQI = 15
[0m[NR_PHY] RI = 2 i1 = 0.0.0, i2 = 1, SINR = 41 dB, CQI = 15
[0m[NR_PHY] RI = 2 i1 = 0.0.0, i2 = 1, SINR = 41 dB, CQI = 15
[0m[NR_PHY] RI = 2 i1 = 0.0.0, i2 = 1, SINR = 41 dB, CQI = 15
[0m[NR_PHY] RI = 2 i1 = 0.0.0, i2 = 1, SINR = 41 dB, CQI = 15
[0m[NR_PHY] RI = 2 i1 = 0.0.0, i2 = 1, SINR = 41 dB, CQI = 15
[0m[NR_PHY] RI = 2 i1 = 0.0.0, i2 = 1, SINR = 41 dB, CQI = 15
[0m[NR_PHY] RI = 2 i1 = 0.0.0, i2 = 1, SINR = 41 dB, CQI = 15
[0m[NR_PHY] RI = 2 i1 = 0.0.0, i2 = 1, SINR = 41 dB, CQI = 15
[0m[NR_PHY] RI = 2 i1 = 0.0.0, i2 = 1, SINR = 41 dB, CQI = 15
[0m[NR_PHY] RI = 2 i1 = 0.0.0, i2 = 1, SINR = 41 dB, CQI = 15
[0m[NR_PHY] RI = 2 i1 = 0.0.0, i2 = 1, SINR = 41 dB, CQI = 15
[0m[NR_PHY] RI = 2 i1 = 0.0.0, i2 = 1, SINR = 41 dB, CQI = 15
[0m[NR_PHY] RI = 2 i1 = 0.0.0, i2 = 1, SINR = 41 dB, CQI = 15
[0m[NR_PHY] RI = 2 i1 = 0.0.0, i2 = 1, SINR = 41 dB, CQI = 15
[0m[NR_PHY] RI = 2 i1 = 0.0.0, i2 = 1, SINR = 41 dB, CQI = 15
[0m[NR_PHY] RI = 2 i1 = 0.0.0, i2 = 1, SINR = 41 dB, CQI = 15
[0m[NR_PHY] RI = 2 i1 = 0.0.0, i2 = 1, SINR = 41 dB, CQI = 15
[0m[NR_PHY] RI = 2 i1 = 0.0.0, i2 = 1, SINR = 41 dB, CQI = 15
[0m[NR_MAC] UE 0 RNTI 77c8 stats sfn: 512.2, cumulated bad DCI 0
    DL harq: 137/0
    UL harq: 2593/23 avg code rate 0.9, avg bit/symbol 5.6, avg per TB: (nb RBs 17.0, nb symbols 13.0)
[0m[NR_PHY] RI = 2 i1 = 0.0.0, i2 = 1, SINR = 41 dB, CQI = 15
[0m[NR_PHY] RI = 2 i1 = 0.0.0, i2 = 1, SINR = 41 dB, CQI = 15
[0m[NR_PHY] RI = 2 i1 = 0.0.0, i2 = 1, SINR = 41 dB, CQI = 15
[0m[NR_PHY] RI = 2 i1 = 0.0.0, i2 = 1, SINR = 41 dB, CQI = 15
[0m[NR_PHY] RI = 2 i1 = 0.0.0, i2 = 1, SINR = 41 dB, CQI = 15
[0m[NR_PHY] RI = 2 i1 = 0.0.0, i2 = 1, SINR = 41 dB, CQI = 15
[0m[NR_PHY] RI = 2 i1 = 0.0.0, i2 = 1, SINR = 41 dB, CQI = 15
[0m[NR_PHY] RI = 2 i1 = 0.0.0, i2 = 1, SINR = 41 dB, CQI = 15
[0m[NR_PHY] RI = 2 i1 = 0.0.0, i2 = 1, SINR = 41 dB, CQI = 15
[0m[NR_PHY] RI = 2 i1 = 0.0.0, i2 = 1, SINR = 41 dB, CQI = 15
[0m[NR_PHY] RI = 2 i1 = 0.0.0, i2 = 1, SINR = 41 dB, CQI = 15
[0m[NR_PHY] RI = 2 i1 = 0.0.0, i2 = 1, SINR = 41 dB, CQI = 15
[0m[NR_PHY] RI = 2 i1 = 0.0.0, i2 = 1, SINR = 41 dB, CQI = 15
[0m[NR_PHY] RI = 2 i1 = 0.0.0, i2 = 1, SINR = 41 dB, CQI = 15
[0m[NR_PHY] RI = 2 i1 = 0.0.0, i2 = 1, SINR = 41 dB, CQI = 15
[0m[NR_PHY] RI = 2 i1 = 0.0.0, i2 = 1, SINR = 41 dB, CQI = 15
[0m[NR_PHY] RI = 2 i1 = 0.0.0, i2 = 1, SINR = 41 dB, CQI = 15
[0m[NR_PHY] RI = 2 i1 = 0.0.0, i2 = 1, SINR = 41 dB, CQI = 15
[0m[NR_PHY] RI = 2 i1 = 0.0.0, i2 = 1, SINR = 41 dB, CQI = 15
[0m[NR_PHY] RI = 2 i1 = 0.0.0, i2 = 1, SINR = 41 dB, CQI = 15
[0m[NR_PHY] RI = 2 i1 = 0.0.0, i2 = 1, SINR = 41 dB, CQI = 15
[0m[NR_PHY] RI = 2 i1 = 0.0.0, i2 = 1, SINR = 41 dB, CQI = 15
[0m[NR_PHY] RI = 2 i1 = 0.0.0, i2 = 1, SINR = 41 dB, CQI = 15
[0m[NR_PHY] RI = 2 i1 = 0.0.0, i2 = 1, SINR = 41 dB, CQI = 15
[0m[NR_PHY] RI = 2 i1 = 0.0.0, i2 = 1, SINR = 41 dB, CQI = 15
[0m[NR_PHY] RI = 2 i1 = 0.0.0, i2 = 1, SINR = 41 dB, CQI = 15
[0m[NR_PHY] RI = 2 i1 = 0.0.0, i2 = 1, SINR = 41 dB, CQI = 15
[0m[NR_PHY] RI = 2 i1 = 0.0.0, i2 = 1, SINR = 41 dB, CQI = 15
[0m[NR_PHY] RI = 2 i1 = 0.0.0, i2 = 1, SINR = 41 dB, CQI = 15
[0m[NR_PHY] RI = 2 i1 = 0.0.0, i2 = 1, SINR = 41 dB, CQI = 15
[0m[NR_PHY] RI = 2 i1 = 0.0.0, i2 = 1, SINR = 41 dB, CQI = 15
[0m[NR_PHY] RI = 2 i1 = 0.0.0, i2 = 1, SINR = 41 dB, CQI = 15
[0m[NR_PHY] RI = 2 i1 = 0.0.0, i2 = 1, SINR = 41 dB, CQI = 15
[0m[NR_PHY] RI = 2 i1 = 0.0.0, i2 = 1, SINR = 41 dB, CQI = 15
[0m[NR_PHY] RI = 2 i1 = 0.0.0, i2 = 1, SINR = 41 dB, CQI = 15
[0m[NR_PHY] RI = 2 i1 = 0.0.0, i2 = 1, SINR = 41 dB, CQI = 15
[0m[NR_PHY] RI = 2 i1 = 0.0.0, i2 = 1, SINR = 41 dB, CQI = 15
[0m[NR_PHY] RI = 2 i1 = 0.0.0, i2 = 1, SINR = 41 dB, CQI = 15
[0m[NR_PHY] RI = 2 i1 = 0.0.0, i2 = 1, SINR = 41 dB, CQI = 15
[0m[NR_PHY] RI = 2 i1 = 0.0.0, i2 = 1, SINR = 41 dB, CQI = 15
[0m[NR_PHY] RI = 2 i1 = 0.0.0, i2 = 1, SINR = 41 dB, CQI = 15
[0m[NR_PHY] RI = 2 i1 = 0.0.0, i2 = 1, SINR = 41 dB, CQI = 15
[0m[NR_PHY] RI = 2 i1 = 0.0.0, i2 = 1, SINR = 41 dB, CQI = 15
[0m[NR_PHY] RI = 2 i1 = 0.0.0, i2 = 1, SINR = 41 dB, CQI = 15
[0m[NR_PHY] RI = 2 i1 = 0.0.0, i2 = 1, SINR = 41 dB, CQI = 15
[0m[NR_PHY] RI = 2 i1 = 0.0.0, i2 = 1, SINR = 41 dB, CQI = 15
[0m[NR_PHY] RI = 2 i1 = 0.0.0, i2 = 1, SINR = 41 dB, CQI = 15
[0m[NR_PHY] RI = 2 i1 = 0.0.0, i2 = 1, SINR = 41 dB, CQI = 15
[0m[NR_PHY] RI = 2 i1 = 0.0.0, i2 = 1, SINR = 41 dB, CQI = 15
[0m[NR_PHY] RI = 2 i1 = 0.0.0, i2 = 1, SINR = 41 dB, CQI = 15
[0m[NR_PHY] RI = 2 i1 = 0.0.0, i2 = 1, SINR = 41 dB, CQI = 15
[0m[NR_PHY] RI = 2 i1 = 0.0.0, i2 = 1, SINR = 41 dB, CQI = 15
[0m[NR_PHY] RI = 2 i1 = 0.0.0, i2 = 1, SINR = 41 dB, CQI = 15
[0m[NR_PHY] RI = 2 i1 = 0.0.0, i2 = 1, SINR = 41 dB, CQI = 15
[0m[NR_PHY] RI = 2 i1 = 0.0.0, i2 = 1, SINR = 41 dB, CQI = 15
[0m[NR_PHY] RI = 2 i1 = 0.0.0, i2 = 1, SINR = 41 dB, CQI = 15
[0m[NR_PHY] RI = 2 i1 = 0.0.0, i2 = 1, SINR = 41 dB, CQI = 15
[0m[NR_PHY] RI = 2 i1 = 0.0.0, i2 = 1, SINR = 41 dB, CQI = 15
[0m[NR_PHY] RI = 2 i1 = 0.0.0, i2 = 1, SINR = 41 dB, CQI = 15
[0m[NR_PHY] RI = 2 i1 = 0.0.0, i2 = 1, SINR = 41 dB, CQI = 15
[0m[NR_PHY] RI = 2 i1 = 0.0.0, i2 = 1, SINR = 41 dB, CQI = 15
[0m[NR_PHY] RI = 2 i1 = 0.0.0, i2 = 1, SINR = 41 dB, CQI = 15
[0m[NR_PHY] RI = 2 i1 = 0.0.0, i2 = 0, SINR = 0 dB, CQI = 0
[0m[NR_PHY] RI = 2 i1 = 0.0.0, i2 = 1, SINR = 41 dB, CQI = 15
[0m[NR_MAC] UE 0 RNTI 77c8 stats sfn: 640.2, cumulated bad DCI 0
    DL harq: 157/0
    UL harq: 3091/30 avg code rate 0.9, avg bit/symbol 5.6, avg per TB: (nb RBs 17.0, nb symbols 13.0)
[0m[NR_PHY] RI = 2 i1 = 0.0.0, i2 = 1, SINR = 41 dB, CQI = 15
[0m[NR_PHY] RI = 2 i1 = 0.0.0, i2 = 1, SINR = 41 dB, CQI = 15
[0m[NR_PHY] RI = 2 i1 = 0.0.0, i2 = 1, SINR = 41 dB, CQI = 15
[0m[NR_PHY] RI = 2 i1 = 0.0.0, i2 = 1, SINR = 41 dB, CQI = 15
[0m[NR_PHY] RI = 2 i1 = 0.0.0, i2 = 1, SINR = 41 dB, CQI = 15
[0m[NR_PHY] RI = 2 i1 = 0.0.0, i2 = 1, SINR = 41 dB, CQI = 15
[0m[NR_PHY] RI = 2 i1 = 0.0.0, i2 = 1, SINR = 41 dB, CQI = 15
[0m[NR_PHY] RI = 2 i1 = 0.0.0, i2 = 1, SINR = 41 dB, CQI = 15
[0m[NR_PHY] RI = 2 i1 = 0.0.0, i2 = 1, SINR = 41 dB, CQI = 15
[0m[NR_PHY] RI = 2 i1 = 0.0.0, i2 = 1, SINR = 41 dB, CQI = 15
[0m[NR_PHY] RI = 2 i1 = 0.0.0, i2 = 1, SINR = 41 dB, CQI = 15
[0m[NR_PHY] RI = 2 i1 = 0.0.0, i2 = 1, SINR = 41 dB, CQI = 15
[0m[NR_PHY] RI = 2 i1 = 0.0.0, i2 = 1, SINR = 41 dB, CQI = 15
[0m[NR_PHY] RI = 2 i1 = 0.0.0, i2 = 1, SINR = 41 dB, CQI = 15
[0m[NR_PHY] RI = 2 i1 = 0.0.0, i2 = 1, SINR = 41 dB, CQI = 15
[0m[NR_PHY] RI = 2 i1 = 0.0.0, i2 = 1, SINR = 41 dB, CQI = 15
[0m[NR_PHY] RI = 2 i1 = 0.0.0, i2 = 1, SINR = 41 dB, CQI = 15
[0m[NR_PHY] RI = 2 i1 = 0.0.0, i2 = 1, SINR = 41 dB, CQI = 15
[0m[NR_PHY] RI = 2 i1 = 0.0.0, i2 = 1, SINR = 41 dB, CQI = 15
[0m[NR_PHY] RI = 2 i1 = 0.0.0, i2 = 1, SINR = 41 dB, CQI = 15
[0m[NR_PHY] RI = 2 i1 = 0.0.0, i2 = 1, SINR = 41 dB, CQI = 15
[0m[NR_PHY] RI = 2 i1 = 0.0.0, i2 = 1, SINR = 41 dB, CQI = 15
[0m[NR_PHY] RI = 2 i1 = 0.0.0, i2 = 1, SINR = 41 dB, CQI = 15
[0m[NR_PHY] RI = 2 i1 = 0.0.0, i2 = 1, SINR = 41 dB, CQI = 15
[0m[NR_PHY] RI = 2 i1 = 0.0.0, i2 = 1, SINR = 41 dB, CQI = 15
[0m[NR_PHY] RI = 2 i1 = 0.0.0, i2 = 1, SINR = 41 dB, CQI = 15
[0m[NR_PHY] RI = 2 i1 = 0.0.0, i2 = 1, SINR = 41 dB, CQI = 15
[0m[NR_PHY] RI = 2 i1 = 0.0.0, i2 = 1, SINR = 41 dB, CQI = 15
[0m[NR_PHY] RI = 2 i1 = 0.0.0, i2 = 1, SINR = 41 dB, CQI = 15
[0m[NR_PHY] RI = 2 i1 = 0.0.0, i2 = 1, SINR = 41 dB, CQI = 15
[0m[NR_PHY] RI = 2 i1 = 0.0.0, i2 = 1, SINR = 41 dB, CQI = 15
[0m[NR_PHY] RI = 2 i1 = 0.0.0, i2 = 1, SINR = 41 dB, CQI = 15
[0m[NR_PHY] RI = 2 i1 = 0.0.0, i2 = 1, SINR = 41 dB, CQI = 15
[0m[NR_PHY] RI = 2 i1 = 0.0.0, i2 = 1, SINR = 41 dB, CQI = 15
[0m[NR_PHY] RI = 2 i1 = 0.0.0, i2 = 1, SINR = 41 dB, CQI = 15
[0m[NR_PHY] RI = 2 i1 = 0.0.0, i2 = 1, SINR = 41 dB, CQI = 15
[0m[NR_PHY] RI = 2 i1 = 0.0.0, i2 = 1, SINR = 41 dB, CQI = 15
[0m[NR_PHY] RI = 2 i1 = 0.0.0, i2 = 1, SINR = 41 dB, CQI = 15
[0m[NR_PHY] RI = 2 i1 = 0.0.0, i2 = 1, SINR = 41 dB, CQI = 15
[0m[NR_PHY] RI = 2 i1 = 0.0.0, i2 = 1, SINR = 41 dB, CQI = 15
[0m[NR_PHY] RI = 2 i1 = 0.0.0, i2 = 0, SINR = 0 dB, CQI = 0
[0m[NR_PHY] RI = 2 i1 = 0.0.0, i2 = 1, SINR = 41 dB, CQI = 15
[0m[NR_PHY] RI = 2 i1 = 0.0.0, i2 = 1, SINR = 41 dB, CQI = 15
[0m[NR_PHY] RI = 2 i1 = 0.0.0, i2 = 1, SINR = 41 dB, CQI = 15
[0m[NR_PHY] RI = 2 i1 = 0.0.0, i2 = 1, SINR = 41 dB, CQI = 15
[0m[NR_PHY] RI = 2 i1 = 0.0.0, i2 = 1, SINR = 41 dB, CQI = 15
[0m[NR_PHY] RI = 2 i1 = 0.0.0, i2 = 1, SINR = 41 dB, CQI = 15
[0m[NR_PHY] RI = 2 i1 = 0.0.0, i2 = 1, SINR = 41 dB, CQI = 15
[0m[NR_PHY] RI = 2 i1 = 0.0.0, i2 = 1, SINR = 41 dB, CQI = 15
[0m[NR_PHY] RI = 2 i1 = 0.0.0, i2 = 1, SINR = 41 dB, CQI = 15
[0m[NR_PHY] RI = 2 i1 = 0.0.0, i2 = 1, SINR = 41 dB, CQI = 15
[0m[NR_PHY] RI = 2 i1 = 0.0.0, i2 = 1, SINR = 41 dB, CQI = 15
[0m[NR_PHY] RI = 2 i1 = 0.0.0, i2 = 1, SINR = 41 dB, CQI = 15
[0m[NR_PHY] RI = 2 i1 = 0.0.0, i2 = 1, SINR = 41 dB, CQI = 15
[0m[NR_PHY] RI = 2 i1 = 0.0.0, i2 = 1, SINR = 41 dB, CQI = 15
[0m[NR_PHY] RI = 2 i1 = 0.0.0, i2 = 1, SINR = 41 dB, CQI = 15
[0m[NR_PHY] RI = 2 i1 = 0.0.0, i2 = 1, SINR = 41 dB, CQI = 15
[0m[NR_PHY] RI = 2 i1 = 0.0.0, i2 = 1, SINR = 41 dB, CQI = 15
[0m[NR_PHY] RI = 2 i1 = 0.0.0, i2 = 1, SINR = 41 dB, CQI = 15
[0m[NR_PHY] RI = 2 i1 = 0.0.0, i2 = 1, SINR = 41 dB, CQI = 15
[0m[NR_PHY] RI = 2 i1 = 0.0.0, i2 = 1, SINR = 41 dB, CQI = 15
[0m[NR_PHY] RI = 2 i1 = 0.0.0, i2 = 1, SINR = 41 dB, CQI = 15
[0m[NR_PHY] RI = 2 i1 = 0.0.0, i2 = 1, SINR = 41 dB, CQI = 15
[0m[NR_PHY] RI = 2 i1 = 0.0.0, i2 = 1, SINR = 41 dB, CQI = 15
[0m[NR_MAC] UE 0 RNTI 77c8 stats sfn: 768.2, cumulated bad DCI 0
    DL harq: 177/0
    UL harq: 3591/36 avg code rate 0.9, avg bit/symbol 5.7, avg per TB: (nb RBs 17.0, nb symbols 13.0)
[0m[NR_PHY] RI = 2 i1 = 0.0.0, i2 = 1, SINR = 41 dB, CQI = 15
[0m[NR_PHY] RI = 2 i1 = 0.0.0, i2 = 1, SINR = 41 dB, CQI = 15
[0m[NR_PHY] RI = 2 i1 = 0.0.0, i2 = 1, SINR = 41 dB, CQI = 15
[0m[NR_PHY] RI = 2 i1 = 0.0.0, i2 = 1, SINR = 41 dB, CQI = 15
[0m[NR_PHY] RI = 2 i1 = 0.0.0, i2 = 1, SINR = 41 dB, CQI = 15
[0m[NR_PHY] RI = 2 i1 = 0.0.0, i2 = 1, SINR = 41 dB, CQI = 15
[0m[NR_PHY] RI = 2 i1 = 0.0.0, i2 = 1, SINR = 41 dB, CQI = 15
[0m[NR_PHY] RI = 2 i1 = 0.0.0, i2 = 1, SINR = 41 dB, CQI = 15
[0m[NR_PHY] RI = 2 i1 = 0.0.0, i2 = 1, SINR = 41 dB, CQI = 15
[0m[NR_PHY] RI = 2 i1 = 0.0.0, i2 = 1, SINR = 41 dB, CQI = 15
[0m[NR_PHY] RI = 2 i1 = 0.0.0, i2 = 1, SINR = 41 dB, CQI = 15
[0m[NR_PHY] RI = 2 i1 = 0.0.0, i2 = 1, SINR = 41 dB, CQI = 15
[0m[NR_PHY] RI = 2 i1 = 0.0.0, i2 = 1, SINR = 41 dB, CQI = 15
[0m[NR_PHY] RI = 2 i1 = 0.0.0, i2 = 1, SINR = 41 dB, CQI = 15
[0m[NR_PHY] RI = 2 i1 = 0.0.0, i2 = 1, SINR = 41 dB, CQI = 15
[0m[NR_PHY] RI = 2 i1 = 0.0.0, i2 = 1, SINR = 41 dB, CQI = 15
[0m[NR_PHY] RI = 2 i1 = 0.0.0, i2 = 1, SINR = 41 dB, CQI = 15
[0m[NR_PHY] RI = 2 i1 = 0.0.0, i2 = 1, SINR = 41 dB, CQI = 15
[0m[NR_PHY] RI = 2 i1 = 0.0.0, i2 = 1, SINR = 41 dB, CQI = 15
[0m[NR_PHY] RI = 2 i1 = 0.0.0, i2 = 1, SINR = 41 dB, CQI = 15
[0m[NR_PHY] RI = 2 i1 = 0.0.0, i2 = 1, SINR = 41 dB, CQI = 15
[0m[NR_PHY] RI = 2 i1 = 0.0.0, i2 = 1, SINR = 41 dB, CQI = 15
[0m[NR_PHY] RI = 2 i1 = 0.0.0, i2 = 1, SINR = 41 dB, CQI = 15
[0m[NR_PHY] RI = 2 i1 = 0.0.0, i2 = 0, SINR = 0 dB, CQI = 0
[0m[NR_PHY] RI = 2 i1 = 0.0.0, i2 = 1, SINR = 41 dB, CQI = 15
[0m[NR_PHY] RI = 2 i1 = 0.0.0, i2 = 1, SINR = 41 dB, CQI = 15
[0m[NR_PHY] RI = 2 i1 = 0.0.0, i2 = 1, SINR = 41 dB, CQI = 15
[0m[NR_PHY] RI = 2 i1 = 0.0.0, i2 = 1, SINR = 41 dB, CQI = 15
[0m[NR_PHY] RI = 2 i1 = 0.0.0, i2 = 1, SINR = 41 dB, CQI = 15
[0m[NR_PHY] RI = 2 i1 = 0.0.0, i2 = 1, SINR = 41 dB, CQI = 15
[0m[NR_PHY] RI = 2 i1 = 0.0.0, i2 = 1, SINR = 41 dB, CQI = 15
[0m[NR_PHY] RI = 2 i1 = 0.0.0, i2 = 1, SINR = 41 dB, CQI = 15
[0m[NR_PHY] RI = 2 i1 = 0.0.0, i2 = 1, SINR = 41 dB, CQI = 15
[0m[NR_PHY] RI = 2 i1 = 0.0.0, i2 = 1, SINR = 41 dB, CQI = 15
[0m[NR_PHY] RI = 2 i1 = 0.0.0, i2 = 1, SINR = 41 dB, CQI = 15
[0m[NR_PHY] RI = 2 i1 = 0.0.0, i2 = 1, SINR = 41 dB, CQI = 15
[0m[NR_PHY] RI = 2 i1 = 0.0.0, i2 = 1, SINR = 41 dB, CQI = 15
[0m[NR_PHY] RI = 2 i1 = 0.0.0, i2 = 1, SINR = 41 dB, CQI = 15
[0m[NR_PHY] RI = 2 i1 = 0.0.0, i2 = 1, SINR = 41 dB, CQI = 15
[0m[NR_PHY] RI = 2 i1 = 0.0.0, i2 = 1, SINR = 41 dB, CQI = 15
[0m[NR_PHY] RI = 2 i1 = 0.0.0, i2 = 1, SINR = 41 dB, CQI = 15
[0m[NR_PHY] RI = 2 i1 = 0.0.0, i2 = 1, SINR = 41 dB, CQI = 15
[0m[NR_PHY] RI = 2 i1 = 0.0.0, i2 = 1, SINR = 41 dB, CQI = 15
[0m[NR_PHY] RI = 2 i1 = 0.0.0, i2 = 1, SINR = 41 dB, CQI = 15
[0m[NR_PHY] RI = 2 i1 = 0.0.0, i2 = 1, SINR = 41 dB, CQI = 15
[0m[NR_PHY] RI = 2 i1 = 0.0.0, i2 = 1, SINR = 41 dB, CQI = 15
[0m[NR_PHY] RI = 2 i1 = 0.0.0, i2 = 1, SINR = 41 dB, CQI = 15
[0m[NR_PHY] RI = 2 i1 = 0.0.0, i2 = 1, SINR = 41 dB, CQI = 15
[0m[NR_PHY] RI = 2 i1 = 0.0.0, i2 = 1, SINR = 41 dB, CQI = 15
[0m[NR_PHY] RI = 2 i1 = 0.0.0, i2 = 1, SINR = 41 dB, CQI = 15
[0m[NR_PHY] RI = 2 i1 = 0.0.0, i2 = 1, SINR = 41 dB, CQI = 15
[0m[NR_PHY] RI = 2 i1 = 0.0.0, i2 = 1, SINR = 41 dB, CQI = 15
[0m[NR_PHY] RI = 2 i1 = 0.0.0, i2 = 1, SINR = 41 dB, CQI = 15
[0m[NR_PHY] RI = 2 i1 = 0.0.0, i2 = 1, SINR = 41 dB, CQI = 15
[0m[NR_PHY] RI = 2 i1 = 0.0.0, i2 = 1, SINR = 41 dB, CQI = 15
[0m[NR_PHY] RI = 2 i1 = 0.0.0, i2 = 1, SINR = 41 dB, CQI = 15
[0m[NR_PHY] RI = 2 i1 = 0.0.0, i2 = 1, SINR = 41 dB, CQI = 15
[0m[NR_PHY] RI = 2 i1 = 0.0.0, i2 = 1, SINR = 41 dB, CQI = 15
[0m[NR_PHY] RI = 2 i1 = 0.0.0, i2 = 1, SINR = 41 dB, CQI = 15
[0m[NR_PHY] RI = 2 i1 = 0.0.0, i2 = 1, SINR = 41 dB, CQI = 15
[0m[NR_PHY] RI = 2 i1 = 0.0.0, i2 = 1, SINR = 41 dB, CQI = 15
[0m[NR_PHY] RI = 2 i1 = 0.0.0, i2 = 1, SINR = 41 dB, CQI = 15
[0m[NR_PHY] RI = 2 i1 = 0.0.0, i2 = 1, SINR = 41 dB, CQI = 15
[0m[NR_PHY] RI = 2 i1 = 0.0.0, i2 = 1, SINR = 41 dB, CQI = 15
[0m[NR_MAC] UE 0 RNTI 77c8 stats sfn: 896.2, cumulated bad DCI 0
    DL harq: 198/0
    UL harq: 4089/43 avg code rate 0.9, avg bit/symbol 5.7, avg per TB: (nb RBs 17.0, nb symbols 13.0)
[0m[NR_PHY] RI = 2 i1 = 0.0.0, i2 = 1, SINR = 41 dB, CQI = 15
[0m[NR_PHY] RI = 2 i1 = 0.0.0, i2 = 1, SINR = 41 dB, CQI = 15
[0m[NR_PHY] RI = 2 i1 = 0.0.0, i2 = 1, SINR = 41 dB, CQI = 15
[0m[NR_PHY] RI = 2 i1 = 0.0.0, i2 = 0, SINR = 0 dB, CQI = 0
[0m[NR_PHY] RI = 2 i1 = 0.0.0, i2 = 1, SINR = 41 dB, CQI = 15
[0m[NR_PHY] RI = 2 i1 = 0.0.0, i2 = 1, SINR = 41 dB, CQI = 15
[0m[NR_PHY] RI = 2 i1 = 0.0.0, i2 = 1, SINR = 41 dB, CQI = 15
[0m[NR_PHY] RI = 2 i1 = 0.0.0, i2 = 1, SINR = 41 dB, CQI = 15
[0m[NR_PHY] RI = 2 i1 = 0.0.0, i2 = 1, SINR = 41 dB, CQI = 15
[0m[NR_PHY] RI = 2 i1 = 0.0.0, i2 = 1, SINR = 41 dB, CQI = 15
[0m[NR_PHY] RI = 2 i1 = 0.0.0, i2 = 1, SINR = 41 dB, CQI = 15
[0m[NR_PHY] RI = 2 i1 = 0.0.0, i2 = 1, SINR = 41 dB, CQI = 15
[0m[NR_PHY] RI = 2 i1 = 0.0.0, i2 = 1, SINR = 41 dB, CQI = 15
[0m[NR_PHY] RI = 2 i1 = 0.0.0, i2 = 1, SINR = 41 dB, CQI = 15
[0m[NR_PHY] RI = 2 i1 = 0.0.0, i2 = 1, SINR = 41 dB, CQI = 15
[0m[NR_PHY] RI = 2 i1 = 0.0.0, i2 = 1, SINR = 41 dB, CQI = 15
[0m[NR_PHY] RI = 2 i1 = 0.0.0, i2 = 1, SINR = 41 dB, CQI = 15
[0m[NR_PHY] RI = 2 i1 = 0.0.0, i2 = 1, SINR = 41 dB, CQI = 15
[0m[NR_PHY] RI = 2 i1 = 0.0.0, i2 = 1, SINR = 41 dB, CQI = 15
[0m[NR_PHY] RI = 2 i1 = 0.0.0, i2 = 1, SINR = 41 dB, CQI = 15
[0m[NR_PHY] RI = 2 i1 = 0.0.0, i2 = 1, SINR = 41 dB, CQI = 15
[0m[NR_PHY] RI = 2 i1 = 0.0.0, i2 = 1, SINR = 41 dB, CQI = 15
[0m[NR_PHY] RI = 2 i1 = 0.0.0, i2 = 1, SINR = 41 dB, CQI = 15
[0m[NR_PHY] RI = 2 i1 = 0.0.0, i2 = 1, SINR = 41 dB, CQI = 15
[0m[NR_PHY] RI = 2 i1 = 0.0.0, i2 = 1, SINR = 41 dB, CQI = 15
[0m[NR_PHY] RI = 2 i1 = 0.0.0, i2 = 1, SINR = 41 dB, CQI = 15
[0m[NR_PHY] RI = 2 i1 = 0.0.0, i2 = 1, SINR = 41 dB, CQI = 15
[0m[NR_PHY] RI = 2 i1 = 0.0.0, i2 = 1, SINR = 41 dB, CQI = 15
[0m[NR_PHY] RI = 2 i1 = 0.0.0, i2 = 1, SINR = 41 dB, CQI = 15
[0m[NR_PHY] RI = 2 i1 = 0.0.0, i2 = 1, SINR = 41 dB, CQI = 15
[0m[NR_PHY] RI = 2 i1 = 0.0.0, i2 = 1, SINR = 41 dB, CQI = 15
[0m[NR_PHY] RI = 2 i1 = 0.0.0, i2 = 1, SINR = 41 dB, CQI = 15
[0m[NR_PHY] RI = 2 i1 = 0.0.0, i2 = 1, SINR = 41 dB, CQI = 15
[0m[NR_PHY] RI = 2 i1 = 0.0.0, i2 = 1, SINR = 41 dB, CQI = 15
[0m[NR_PHY] RI = 2 i1 = 0.0.0, i2 = 1, SINR = 41 dB, CQI = 15
[0m[NR_PHY] RI = 2 i1 = 0.0.0, i2 = 1, SINR = 41 dB, CQI = 15
[0m[NR_PHY] RI = 2 i1 = 0.0.0, i2 = 1, SINR = 41 dB, CQI = 15
[0m[NR_PHY] RI = 2 i1 = 0.0.0, i2 = 1, SINR = 41 dB, CQI = 15
[0m[NR_PHY] RI = 2 i1 = 0.0.0, i2 = 1, SINR = 41 dB, CQI = 15
[0m[NR_PHY] RI = 2 i1 = 0.0.0, i2 = 1, SINR = 41 dB, CQI = 15
[0m[NR_PHY] RI = 2 i1 = 0.0.0, i2 = 1, SINR = 41 dB, CQI = 15
[0m[NR_PHY] RI = 2 i1 = 0.0.0, i2 = 1, SINR = 41 dB, CQI = 15
[0m[NR_PHY] RI = 2 i1 = 0.0.0, i2 = 1, SINR = 41 dB, CQI = 15
[0m[NR_PHY] RI = 2 i1 = 0.0.0, i2 = 1, SINR = 41 dB, CQI = 15
[0m[NR_PHY] RI = 2 i1 = 0.0.0, i2 = 1, SINR = 41 dB, CQI = 15
[0m[NR_PHY] RI = 2 i1 = 0.0.0, i2 = 1, SINR = 41 dB, CQI = 15
[0m[NR_PHY] RI = 2 i1 = 0.0.0, i2 = 1, SINR = 41 dB, CQI = 15
[0m[NR_PHY] RI = 2 i1 = 0.0.0, i2 = 1, SINR = 41 dB, CQI = 15
[0m[NR_PHY] RI = 2 i1 = 0.0.0, i2 = 1, SINR = 41 dB, CQI = 15
[0m[NR_PHY] RI = 2 i1 = 0.0.0, i2 = 1, SINR = 41 dB, CQI = 15
[0m[NR_PHY] RI = 2 i1 = 0.0.0, i2 = 1, SINR = 41 dB, CQI = 15
[0m[NR_PHY] RI = 2 i1 = 0.0.0, i2 = 1, SINR = 41 dB, CQI = 15
[0m[NR_PHY] RI = 2 i1 = 0.0.0, i2 = 1, SINR = 41 dB, CQI = 15
[0m[NR_PHY] RI = 2 i1 = 0.0.0, i2 = 1, SINR = 41 dB, CQI = 15
[0m[NR_PHY] RI = 2 i1 = 0.0.0, i2 = 1, SINR = 41 dB, CQI = 15
[0m[NR_PHY] RI = 2 i1 = 0.0.0, i2 = 1, SINR = 41 dB, CQI = 15
[0m[NR_PHY] RI = 2 i1 = 0.0.0, i2 = 1, SINR = 41 dB, CQI = 15
[0m[NR_PHY] RI = 2 i1 = 0.0.0, i2 = 1, SINR = 41 dB, CQI = 15
[0m[NR_PHY] RI = 2 i1 = 0.0.0, i2 = 1, SINR = 41 dB, CQI = 15
[0m[NR_PHY] RI = 2 i1 = 0.0.0, i2 = 1, SINR = 41 dB, CQI = 15
[0m[NR_PHY] RI = 2 i1 = 0.0.0, i2 = 1, SINR = 41 dB, CQI = 15
[0m[NR_PHY] RI = 2 i1 = 0.0.0, i2 = 1, SINR = 41 dB, CQI = 15
[0m[NR_PHY] RI = 2 i1 = 0.0.0, i2 = 1, SINR = 41 dB, CQI = 15
[0m[NR_PHY] RI = 2 i1 = 0.0.0, i2 = 1, SINR = 41 dB, CQI = 15
[0m[NR_MAC] UE 0 RNTI 77c8 stats sfn: 0.2, cumulated bad DCI 0
    DL harq: 220/0
    UL harq: 4579/54 avg code rate 0.9, avg bit/symbol 5.8, avg per TB: (nb RBs 17.0, nb symbols 13.0)
[0m[NR_PHY] RI = 2 i1 = 0.0.0, i2 = 1, SINR = 41 dB, CQI = 15
[0m[NR_PHY] RI = 2 i1 = 0.0.0, i2 = 1, SINR = 41 dB, CQI = 15
[0m[NR_PHY] RI = 2 i1 = 0.0.0, i2 = 1, SINR = 41 dB, CQI = 15
[0m[NR_PHY] RI = 2 i1 = 0.0.0, i2 = 1, SINR = 41 dB, CQI = 15
[0m[NR_PHY] RI = 2 i1 = 0.0.0, i2 = 1, SINR = 41 dB, CQI = 15
[0m[NR_PHY] RI = 2 i1 = 0.0.0, i2 = 1, SINR = 41 dB, CQI = 15
[0m[NR_PHY] RI = 2 i1 = 0.0.0, i2 = 1, SINR = 41 dB, CQI = 15
[0m[NR_PHY] RI = 2 i1 = 0.0.0, i2 = 1, SINR = 41 dB, CQI = 15
[0m[NR_PHY] RI = 2 i1 = 0.0.0, i2 = 1, SINR = 41 dB, CQI = 15
[0m[NR_PHY] RI = 2 i1 = 0.0.0, i2 = 1, SINR = 41 dB, CQI = 15
[0m[NR_PHY] RI = 2 i1 = 0.0.0, i2 = 1, SINR = 41 dB, CQI = 15
[0m[NR_PHY] RI = 2 i1 = 0.0.0, i2 = 1, SINR = 41 dB, CQI = 15
[0m[NR_PHY] RI = 2 i1 = 0.0.0, i2 = 1, SINR = 41 dB, CQI = 15
[0m[NR_PHY] RI = 2 i1 = 0.0.0, i2 = 1, SINR = 41 dB, CQI = 15
[0m[NR_PHY] RI = 2 i1 = 0.0.0, i2 = 1, SINR = 41 dB, CQI = 15
[0m[NR_PHY] RI = 2 i1 = 0.0.0, i2 = 1, SINR = 41 dB, CQI = 15
[0m[NR_PHY] RI = 2 i1 = 0.0.0, i2 = 1, SINR = 41 dB, CQI = 15
[0m[NR_PHY] RI = 2 i1 = 0.0.0, i2 = 1, SINR = 41 dB, CQI = 15
[0m[NR_PHY] RI = 2 i1 = 0.0.0, i2 = 1, SINR = 41 dB, CQI = 15
[0m[NR_PHY] RI = 2 i1 = 0.0.0, i2 = 1, SINR = 41 dB, CQI = 15
[0m[NR_PHY] RI = 2 i1 = 0.0.0, i2 = 1, SINR = 41 dB, CQI = 15
[0m[NR_PHY] RI = 2 i1 = 0.0.0, i2 = 1, SINR = 41 dB, CQI = 15
[0m[NR_PHY] RI = 2 i1 = 0.0.0, i2 = 1, SINR = 41 dB, CQI = 15
[0m[NR_PHY] RI = 2 i1 = 0.0.0, i2 = 1, SINR = 41 dB, CQI = 15
[0m[NR_PHY] RI = 2 i1 = 0.0.0, i2 = 1, SINR = 41 dB, CQI = 15
[0m[NR_PHY] RI = 2 i1 = 0.0.0, i2 = 1, SINR = 41 dB, CQI = 15
[0m[NR_PHY] RI = 2 i1 = 0.0.0, i2 = 1, SINR = 41 dB, CQI = 15
[0m[NR_PHY] RI = 2 i1 = 0.0.0, i2 = 1, SINR = 41 dB, CQI = 15
[0m[NR_PHY] RI = 2 i1 = 0.0.0, i2 = 1, SINR = 41 dB, CQI = 15
[0m[NR_PHY] RI = 2 i1 = 0.0.0, i2 = 1, SINR = 41 dB, CQI = 15
[0m[NR_PHY] RI = 2 i1 = 0.0.0, i2 = 1, SINR = 41 dB, CQI = 15
[0m[NR_PHY] RI = 2 i1 = 0.0.0, i2 = 1, SINR = 41 dB, CQI = 15
[0m[NR_PHY] RI = 2 i1 = 0.0.0, i2 = 1, SINR = 41 dB, CQI = 15
[0m[NR_PHY] RI = 2 i1 = 0.0.0, i2 = 1, SINR = 41 dB, CQI = 15
[0m[NR_PHY] RI = 2 i1 = 0.0.0, i2 = 1, SINR = 41 dB, CQI = 15
[0m[NR_PHY] RI = 2 i1 = 0.0.0, i2 = 1, SINR = 41 dB, CQI = 15
[0m[NR_PHY] RI = 2 i1 = 0.0.0, i2 = 1, SINR = 41 dB, CQI = 15
[0m[NR_PHY] RI = 2 i1 = 0.0.0, i2 = 1, SINR = 41 dB, CQI = 15
[0m[NR_PHY] RI = 2 i1 = 0.0.0, i2 = 1, SINR = 41 dB, CQI = 15
[0m[NR_PHY] RI = 2 i1 = 0.0.0, i2 = 1, SINR = 41 dB, CQI = 15
[0m[NR_PHY] RI = 2 i1 = 0.0.0, i2 = 1, SINR = 41 dB, CQI = 15
[0m[NR_PHY] RI = 2 i1 = 0.0.0, i2 = 1, SINR = 41 dB, CQI = 15
[0m[NR_PHY] RI = 2 i1 = 0.0.0, i2 = 1, SINR = 41 dB, CQI = 15
[0m[NR_PHY] RI = 2 i1 = 0.0.0, i2 = 1, SINR = 41 dB, CQI = 15
[0m[NR_PHY] RI = 2 i1 = 0.0.0, i2 = 1, SINR = 41 dB, CQI = 15
[0m[NR_PHY] RI = 2 i1 = 0.0.0, i2 = 1, SINR = 41 dB, CQI = 15
[0m[NR_PHY] RI = 2 i1 = 0.0.0, i2 = 1, SINR = 41 dB, CQI = 15
[0m[NR_PHY] RI = 2 i1 = 0.0.0, i2 = 1, SINR = 41 dB, CQI = 15
[0m[NR_PHY] RI = 2 i1 = 0.0.0, i2 = 1, SINR = 41 dB, CQI = 15
[0m[NR_PHY] RI = 2 i1 = 0.0.0, i2 = 1, SINR = 41 dB, CQI = 15
[0m[NR_PHY] RI = 2 i1 = 0.0.0, i2 = 1, SINR = 41 dB, CQI = 15
[0m[NR_PHY] RI = 2 i1 = 0.0.0, i2 = 1, SINR = 41 dB, CQI = 15
[0m[NR_PHY] RI = 2 i1 = 0.0.0, i2 = 1, SINR = 41 dB, CQI = 15
[0m[NR_PHY] RI = 2 i1 = 0.0.0, i2 = 1, SINR = 41 dB, CQI = 15
[0m[NR_PHY] RI = 2 i1 = 0.0.0, i2 = 1, SINR = 41 dB, CQI = 15
[0m[NR_PHY] RI = 2 i1 = 0.0.0, i2 = 1, SINR = 41 dB, CQI = 15
[0m[NR_PHY] RI = 2 i1 = 0.0.0, i2 = 1, SINR = 41 dB, CQI = 15
[0m[NR_PHY] RI = 2 i1 = 0.0.0, i2 = 1, SINR = 41 dB, CQI = 15
[0m[NR_PHY] RI = 2 i1 = 0.0.0, i2 = 1, SINR = 41 dB, CQI = 15
[0m[NR_PHY] RI = 2 i1 = 0.0.0, i2 = 1, SINR = 41 dB, CQI = 15
[0m[NR_PHY] RI = 2 i1 = 0.0.0, i2 = 1, SINR = 41 dB, CQI = 15
[0m[NR_PHY] RI = 2 i1 = 0.0.0, i2 = 1, SINR = 41 dB, CQI = 15
[0m[NR_PHY] RI = 2 i1 = 0.0.0, i2 = 1, SINR = 41 dB, CQI = 15
[0m[NR_PHY] RI = 2 i1 = 0.0.0, i2 = 1, SINR = 41 dB, CQI = 15
[0m[NR_MAC] UE 0 RNTI 77c8 stats sfn: 128.2, cumulated bad DCI 0
    DL harq: 240/0
    UL harq: 5079/60 avg code rate 0.9, avg bit/symbol 5.8, avg per TB: (nb RBs 17.0, nb symbols 13.0)
[0m[NR_PHY] RI = 2 i1 = 0.0.0, i2 = 1, SINR = 41 dB, CQI = 15
[0m[NR_PHY] RI = 2 i1 = 0.0.0, i2 = 1, SINR = 41 dB, CQI = 15
[0m[NR_PHY] RI = 2 i1 = 0.0.0, i2 = 1, SINR = 41 dB, CQI = 15
[0m[NR_PHY] RI = 2 i1 = 0.0.0, i2 = 1, SINR = 41 dB, CQI = 15
[0m[NR_PHY] RI = 2 i1 = 0.0.0, i2 = 1, SINR = 41 dB, CQI = 15
[0m[NR_PHY] RI = 2 i1 = 0.0.0, i2 = 1, SINR = 41 dB, CQI = 15
[0m[NR_PHY] RI = 2 i1 = 0.0.0, i2 = 1, SINR = 41 dB, CQI = 15
[0m[NR_PHY] RI = 2 i1 = 0.0.0, i2 = 1, SINR = 41 dB, CQI = 15
[0m[NR_PHY] RI = 2 i1 = 0.0.0, i2 = 1, SINR = 41 dB, CQI = 15
[0m[NR_PHY] RI = 2 i1 = 0.0.0, i2 = 1, SINR = 41 dB, CQI = 15
[0m[NR_PHY] RI = 2 i1 = 0.0.0, i2 = 1, SINR = 41 dB, CQI = 15
[0m[NR_PHY] RI = 2 i1 = 0.0.0, i2 = 1, SINR = 41 dB, CQI = 15
[0m[NR_PHY] RI = 2 i1 = 0.0.0, i2 = 1, SINR = 41 dB, CQI = 15
[0m[NR_PHY] RI = 2 i1 = 0.0.0, i2 = 1, SINR = 41 dB, CQI = 15
[0m[NR_PHY] RI = 2 i1 = 0.0.0, i2 = 1, SINR = 41 dB, CQI = 15
[0m[NR_PHY] RI = 2 i1 = 0.0.0, i2 = 1, SINR = 41 dB, CQI = 15
[0m[NR_PHY] RI = 2 i1 = 0.0.0, i2 = 1, SINR = 41 dB, CQI = 15
[0m[NR_PHY] RI = 2 i1 = 0.0.0, i2 = 1, SINR = 41 dB, CQI = 15
[0m[NR_PHY] RI = 2 i1 = 0.0.0, i2 = 1, SINR = 41 dB, CQI = 15
[0m[NR_PHY] RI = 2 i1 = 0.0.0, i2 = 1, SINR = 41 dB, CQI = 15
[0m[NR_PHY] RI = 2 i1 = 0.0.0, i2 = 1, SINR = 41 dB, CQI = 15
[0m[NR_PHY] RI = 2 i1 = 0.0.0, i2 = 1, SINR = 41 dB, CQI = 15
[0m[NR_PHY] RI = 2 i1 = 0.0.0, i2 = 1, SINR = 41 dB, CQI = 15
[0m[NR_PHY] RI = 2 i1 = 0.0.0, i2 = 1, SINR = 41 dB, CQI = 15
[0m[NR_PHY] RI = 2 i1 = 0.0.0, i2 = 1, SINR = 41 dB, CQI = 15
[0m[NR_PHY] RI = 2 i1 = 0.0.0, i2 = 1, SINR = 41 dB, CQI = 15
[0m[NR_PHY] RI = 2 i1 = 0.0.0, i2 = 1, SINR = 41 dB, CQI = 15
[0m[NR_PHY] RI = 2 i1 = 0.0.0, i2 = 1, SINR = 41 dB, CQI = 15
[0m[NR_PHY] RI = 2 i1 = 0.0.0, i2 = 0, SINR = 0 dB, CQI = 0
[0m[NR_PHY] RI = 2 i1 = 0.0.0, i2 = 1, SINR = 41 dB, CQI = 15
[0m[NR_PHY] RI = 2 i1 = 0.0.0, i2 = 1, SINR = 41 dB, CQI = 15
[0m[NR_PHY] RI = 2 i1 = 0.0.0, i2 = 1, SINR = 41 dB, CQI = 15
[0m[NR_PHY] RI = 2 i1 = 0.0.0, i2 = 1, SINR = 41 dB, CQI = 15
[0m[NR_PHY] RI = 2 i1 = 0.0.0, i2 = 1, SINR = 41 dB, CQI = 15
[0m[NR_PHY] RI = 2 i1 = 0.0.0, i2 = 1, SINR = 41 dB, CQI = 15
[0m[NR_PHY] RI = 2 i1 = 0.0.0, i2 = 1, SINR = 41 dB, CQI = 15
[0m[NR_PHY] RI = 2 i1 = 0.0.0, i2 = 1, SINR = 41 dB, CQI = 15
[0m[NR_PHY] RI = 2 i1 = 0.0.0, i2 = 1, SINR = 41 dB, CQI = 15
[0m[NR_PHY] RI = 2 i1 = 0.0.0, i2 = 1, SINR = 41 dB, CQI = 15
[0m[NR_PHY] RI = 2 i1 = 0.0.0, i2 = 1, SINR = 41 dB, CQI = 15
[0m[NR_PHY] RI = 2 i1 = 0.0.0, i2 = 1, SINR = 41 dB, CQI = 15
[0m[NR_PHY] RI = 2 i1 = 0.0.0, i2 = 1, SINR = 41 dB, CQI = 15
[0m[NR_PHY] RI = 2 i1 = 0.0.0, i2 = 1, SINR = 41 dB, CQI = 15
[0m[NR_PHY] RI = 2 i1 = 0.0.0, i2 = 1, SINR = 41 dB, CQI = 15
[0m[NR_PHY] RI = 2 i1 = 0.0.0, i2 = 1, SINR = 41 dB, CQI = 15
[0m[NR_PHY] RI = 2 i1 = 0.0.0, i2 = 1, SINR = 41 dB, CQI = 15
[0m[NR_PHY] RI = 2 i1 = 0.0.0, i2 = 1, SINR = 41 dB, CQI = 15
[0m[NR_PHY] RI = 2 i1 = 0.0.0, i2 = 1, SINR = 41 dB, CQI = 15
[0m[NR_PHY] RI = 2 i1 = 0.0.0, i2 = 1, SINR = 41 dB, CQI = 15
[0m[NR_PHY] RI = 2 i1 = 0.0.0, i2 = 1, SINR = 41 dB, CQI = 15
[0m[NR_PHY] RI = 2 i1 = 0.0.0, i2 = 1, SINR = 41 dB, CQI = 15
[0m[NR_PHY] RI = 2 i1 = 0.0.0, i2 = 1, SINR = 41 dB, CQI = 15
[0m[NR_PHY] RI = 2 i1 = 0.0.0, i2 = 1, SINR = 41 dB, CQI = 15
[0m[NR_PHY] RI = 2 i1 = 0.0.0, i2 = 1, SINR = 41 dB, CQI = 15
[0m[NR_PHY] RI = 2 i1 = 0.0.0, i2 = 1, SINR = 41 dB, CQI = 15
[0m[NR_PHY] RI = 2 i1 = 0.0.0, i2 = 1, SINR = 41 dB, CQI = 15
[0m[NR_PHY] RI = 2 i1 = 0.0.0, i2 = 1, SINR = 41 dB, CQI = 15
[0m[NR_PHY] RI = 2 i1 = 0.0.0, i2 = 1, SINR = 41 dB, CQI = 15
[0m[NR_PHY] RI = 2 i1 = 0.0.0, i2 = 1, SINR = 41 dB, CQI = 15
[0m[NR_PHY] RI = 2 i1 = 0.0.0, i2 = 1, SINR = 41 dB, CQI = 15
[0m[NR_PHY] RI = 2 i1 = 0.0.0, i2 = 1, SINR = 41 dB, CQI = 15
[0m[NR_PHY] RI = 2 i1 = 0.0.0, i2 = 1, SINR = 41 dB, CQI = 15
[0m[NR_PHY] RI = 2 i1 = 0.0.0, i2 = 1, SINR = 41 dB, CQI = 15
[0m[NR_PHY] RI = 2 i1 = 0.0.0, i2 = 1, SINR = 41 dB, CQI = 15
[0m[NR_MAC] UE 0 RNTI 77c8 stats sfn: 256.2, cumulated bad DCI 0
    DL harq: 261/0
    UL harq: 5575/68 avg code rate 0.9, avg bit/symbol 5.8, avg per TB: (nb RBs 17.0, nb symbols 13.0)
[0m[NR_PHY] RI = 2 i1 = 0.0.0, i2 = 1, SINR = 41 dB, CQI = 15
[0m[NR_PHY] RI = 2 i1 = 0.0.0, i2 = 1, SINR = 41 dB, CQI = 15
[0m[NR_PHY] RI = 2 i1 = 0.0.0, i2 = 1, SINR = 41 dB, CQI = 15
[0m[NR_PHY] RI = 2 i1 = 0.0.0, i2 = 1, SINR = 41 dB, CQI = 15
[0m[NR_PHY] RI = 2 i1 = 0.0.0, i2 = 1, SINR = 41 dB, CQI = 15
[0m[NR_PHY] RI = 2 i1 = 0.0.0, i2 = 1, SINR = 41 dB, CQI = 15
[0m[NR_PHY] RI = 2 i1 = 0.0.0, i2 = 1, SINR = 41 dB, CQI = 15
[0m[NR_PHY] RI = 2 i1 = 0.0.0, i2 = 1, SINR = 41 dB, CQI = 15
[0m[NR_PHY] RI = 2 i1 = 0.0.0, i2 = 1, SINR = 41 dB, CQI = 15
[0m[NR_PHY] RI = 2 i1 = 0.0.0, i2 = 1, SINR = 41 dB, CQI = 15
[0m[NR_PHY] RI = 2 i1 = 0.0.0, i2 = 1, SINR = 41 dB, CQI = 15
[0m[NR_PHY] RI = 2 i1 = 0.0.0, i2 = 1, SINR = 41 dB, CQI = 15
[0m[NR_PHY] RI = 2 i1 = 0.0.0, i2 = 1, SINR = 41 dB, CQI = 15
[0m[NR_PHY] RI = 2 i1 = 0.0.0, i2 = 1, SINR = 41 dB, CQI = 15
[0m[NR_PHY] RI = 2 i1 = 0.0.0, i2 = 1, SINR = 41 dB, CQI = 15
[0m[NR_PHY] RI = 2 i1 = 0.0.0, i2 = 1, SINR = 41 dB, CQI = 15
[0m[NR_PHY] RI = 2 i1 = 0.0.0, i2 = 1, SINR = 41 dB, CQI = 15
[0m[NR_PHY] RI = 2 i1 = 0.0.0, i2 = 1, SINR = 41 dB, CQI = 15
[0m[NR_PHY] RI = 2 i1 = 0.0.0, i2 = 1, SINR = 41 dB, CQI = 15
[0m[NR_PHY] RI = 2 i1 = 0.0.0, i2 = 1, SINR = 41 dB, CQI = 15
[0m[NR_PHY] RI = 2 i1 = 0.0.0, i2 = 1, SINR = 41 dB, CQI = 15
[0m[NR_PHY] RI = 2 i1 = 0.0.0, i2 = 1, SINR = 41 dB, CQI = 15
[0m[NR_PHY] RI = 2 i1 = 0.0.0, i2 = 1, SINR = 41 dB, CQI = 15
[0m[NR_PHY] RI = 2 i1 = 0.0.0, i2 = 1, SINR = 41 dB, CQI = 15
[0m[NR_PHY] RI = 2 i1 = 0.0.0, i2 = 1, SINR = 41 dB, CQI = 15
[0m[NR_PHY] RI = 2 i1 = 0.0.0, i2 = 1, SINR = 41 dB, CQI = 15
[0m[NR_PHY] RI = 2 i1 = 0.0.0, i2 = 1, SINR = 41 dB, CQI = 15
[0m[NR_PHY] RI = 2 i1 = 0.0.0, i2 = 1, SINR = 41 dB, CQI = 15
[0m[NR_PHY] RI = 2 i1 = 0.0.0, i2 = 1, SINR = 41 dB, CQI = 15
[0m[NR_PHY] RI = 2 i1 = 0.0.0, i2 = 1, SINR = 41 dB, CQI = 15
[0m[NR_PHY] RI = 2 i1 = 0.0.0, i2 = 1, SINR = 41 dB, CQI = 15
[0m[NR_PHY] RI = 2 i1 = 0.0.0, i2 = 1, SINR = 41 dB, CQI = 15
[0m[NR_PHY] RI = 2 i1 = 0.0.0, i2 = 1, SINR = 41 dB, CQI = 15
[0m[NR_PHY] RI = 2 i1 = 0.0.0, i2 = 1, SINR = 41 dB, CQI = 15
[0m[NR_PHY] RI = 2 i1 = 0.0.0, i2 = 1, SINR = 41 dB, CQI = 15
[0m[NR_PHY] RI = 2 i1 = 0.0.0, i2 = 1, SINR = 41 dB, CQI = 15
[0m[NR_PHY] RI = 2 i1 = 0.0.0, i2 = 1, SINR = 41 dB, CQI = 15
[0m[NR_PHY] RI = 2 i1 = 0.0.0, i2 = 1, SINR = 41 dB, CQI = 15
[0m[NR_PHY] RI = 2 i1 = 0.0.0, i2 = 1, SINR = 41 dB, CQI = 15
[0m[NR_PHY] RI = 2 i1 = 0.0.0, i2 = 1, SINR = 41 dB, CQI = 15
[0m[NR_PHY] RI = 2 i1 = 0.0.0, i2 = 1, SINR = 41 dB, CQI = 15
[0m[NR_PHY] RI = 2 i1 = 0.0.0, i2 = 1, SINR = 41 dB, CQI = 15
[0m[NR_PHY] RI = 2 i1 = 0.0.0, i2 = 1, SINR = 41 dB, CQI = 15
[0m[NR_PHY] RI = 2 i1 = 0.0.0, i2 = 1, SINR = 41 dB, CQI = 15
[0m[NR_PHY] RI = 2 i1 = 0.0.0, i2 = 1, SINR = 41 dB, CQI = 15
[0m[NR_PHY] RI = 2 i1 = 0.0.0, i2 = 1, SINR = 41 dB, CQI = 15
[0m[NR_PHY] RI = 2 i1 = 0.0.0, i2 = 1, SINR = 41 dB, CQI = 15
[0m[NR_PHY] RI = 2 i1 = 0.0.0, i2 = 1, SINR = 41 dB, CQI = 15
[0m[NR_PHY] RI = 2 i1 = 0.0.0, i2 = 1, SINR = 41 dB, CQI = 15
[0m[NR_PHY] RI = 2 i1 = 0.0.0, i2 = 1, SINR = 41 dB, CQI = 15
[0m[NR_PHY] RI = 2 i1 = 0.0.0, i2 = 1, SINR = 41 dB, CQI = 15
[0m[NR_PHY] RI = 2 i1 = 0.0.0, i2 = 1, SINR = 41 dB, CQI = 15
[0m[NR_PHY] RI = 2 i1 = 0.0.0, i2 = 1, SINR = 41 dB, CQI = 15
[0m[NR_PHY] RI = 2 i1 = 0.0.0, i2 = 1, SINR = 41 dB, CQI = 15
[0m[NR_PHY] RI = 2 i1 = 0.0.0, i2 = 1, SINR = 41 dB, CQI = 15
[0m[NR_PHY] RI = 2 i1 = 0.0.0, i2 = 1, SINR = 41 dB, CQI = 15
[0m[NR_PHY] RI = 2 i1 = 0.0.0, i2 = 1, SINR = 41 dB, CQI = 15
[0m[NR_PHY] RI = 2 i1 = 0.0.0, i2 = 1, SINR = 41 dB, CQI = 15
[0m[NR_PHY] RI = 2 i1 = 0.0.0, i2 = 1, SINR = 41 dB, CQI = 15
[0m[NR_PHY] RI = 2 i1 = 0.0.0, i2 = 1, SINR = 41 dB, CQI = 15
[0m[NR_PHY] RI = 2 i1 = 0.0.0, i2 = 1, SINR = 41 dB, CQI = 15
[0m[NR_PHY] RI = 2 i1 = 0.0.0, i2 = 1, SINR = 41 dB, CQI = 15
[0m[NR_PHY] RI = 2 i1 = 0.0.0, i2 = 1, SINR = 41 dB, CQI = 15
[0m[NR_PHY] RI = 2 i1 = 0.0.0, i2 = 1, SINR = 41 dB, CQI = 15
[0m[NR_MAC] UE 0 RNTI 77c8 stats sfn: 384.2, cumulated bad DCI 0
    DL harq: 283/0
    UL harq: 6079/72 avg code rate 0.9, avg bit/symbol 5.8, avg per TB: (nb RBs 17.0, nb symbols 13.0)
[0m[NR_PHY] RI = 2 i1 = 0.0.0, i2 = 1, SINR = 41 dB, CQI = 15
[0m[NR_PHY] RI = 2 i1 = 0.0.0, i2 = 1, SINR = 41 dB, CQI = 15
[0m[1;31m[RLC]    1 SDU rejected, SDU buffer full
[0m[NR_PHY] RI = 2 i1 = 0.0.0, i2 = 1, SINR = 41 dB, CQI = 15
[0m[NR_PHY] RI = 2 i1 = 0.0.0, i2 = 1, SINR = 41 dB, CQI = 15
[0m[NR_PHY] RI = 2 i1 = 0.0.0, i2 = 1, SINR = 41 dB, CQI = 15
[0m[NR_PHY] RI = 2 i1 = 0.0.0, i2 = 1, SINR = 41 dB, CQI = 15
[0m[NR_PHY] RI = 2 i1 = 0.0.0, i2 = 1, SINR = 41 dB, CQI = 15
[0m[NR_PHY] RI = 2 i1 = 0.0.0, i2 = 1, SINR = 41 dB, CQI = 15
[0m[NR_PHY] RI = 2 i1 = 0.0.0, i2 = 1, SINR = 41 dB, CQI = 15
[0m[NR_PHY] RI = 2 i1 = 0.0.0, i2 = 1, SINR = 41 dB, CQI = 15
[0m[NR_PHY] RI = 2 i1 = 0.0.0, i2 = 1, SINR = 41 dB, CQI = 15
[0m[NR_PHY] RI = 2 i1 = 0.0.0, i2 = 1, SINR = 41 dB, CQI = 15
[0m[NR_PHY] RI = 2 i1 = 0.0.0, i2 = 1, SINR = 41 dB, CQI = 15
[0m[NR_PHY] RI = 2 i1 = 0.0.0, i2 = 1, SINR = 41 dB, CQI = 15
[0m[NR_PHY] RI = 2 i1 = 0.0.0, i2 = 1, SINR = 41 dB, CQI = 15
[0m[NR_PHY] RI = 2 i1 = 0.0.0, i2 = 1, SINR = 41 dB, CQI = 15
[0m[NR_PHY] RI = 2 i1 = 0.0.0, i2 = 1, SINR = 41 dB, CQI = 15
[0m[NR_PHY] RI = 2 i1 = 0.0.0, i2 = 1, SINR = 41 dB, CQI = 15
[0m[NR_PHY] RI = 2 i1 = 0.0.0, i2 = 1, SINR = 41 dB, CQI = 15
[0m[NR_PHY] RI = 2 i1 = 0.0.0, i2 = 1, SINR = 41 dB, CQI = 15
[0m[NR_PHY] RI = 2 i1 = 0.0.0, i2 = 1, SINR = 41 dB, CQI = 15
[0m[NR_PHY] RI = 2 i1 = 0.0.0, i2 = 1, SINR = 41 dB, CQI = 15
[0m[NR_PHY] RI = 2 i1 = 0.0.0, i2 = 1, SINR = 41 dB, CQI = 15
[0m[NR_PHY] RI = 2 i1 = 0.0.0, i2 = 1, SINR = 41 dB, CQI = 15
[0m[NR_PHY] RI = 2 i1 = 0.0.0, i2 = 1, SINR = 41 dB, CQI = 15
[0m[NR_PHY] RI = 2 i1 = 0.0.0, i2 = 1, SINR = 41 dB, CQI = 15
[0m[NR_PHY] RI = 2 i1 = 0.0.0, i2 = 1, SINR = 41 dB, CQI = 15
[0m[NR_PHY] RI = 2 i1 = 0.0.0, i2 = 0, SINR = 0 dB, CQI = 0
[0m[NR_PHY] RI = 2 i1 = 0.0.0, i2 = 1, SINR = 41 dB, CQI = 15
[0m[NR_PHY] RI = 2 i1 = 0.0.0, i2 = 1, SINR = 41 dB, CQI = 15
[0m[NR_PHY] RI = 2 i1 = 0.0.0, i2 = 1, SINR = 41 dB, CQI = 15
[0m[NR_PHY] RI = 2 i1 = 0.0.0, i2 = 1, SINR = 41 dB, CQI = 15
[0m[NR_PHY] RI = 2 i1 = 0.0.0, i2 = 1, SINR = 41 dB, CQI = 15
[0m[NR_PHY] RI = 2 i1 = 0.0.0, i2 = 1, SINR = 41 dB, CQI = 15
[0m[NR_PHY] RI = 2 i1 = 0.0.0, i2 = 1, SINR = 41 dB, CQI = 15
[0m[NR_PHY] RI = 2 i1 = 0.0.0, i2 = 1, SINR = 41 dB, CQI = 15
[0m[NR_PHY] RI = 2 i1 = 0.0.0, i2 = 1, SINR = 41 dB, CQI = 15
[0m[NR_PHY] RI = 2 i1 = 0.0.0, i2 = 1, SINR = 41 dB, CQI = 15
[0m[NR_PHY] RI = 2 i1 = 0.0.0, i2 = 1, SINR = 41 dB, CQI = 15
[0m[NR_PHY] RI = 2 i1 = 0.0.0, i2 = 1, SINR = 41 dB, CQI = 15
[0m[NR_PHY] RI = 2 i1 = 0.0.0, i2 = 1, SINR = 41 dB, CQI = 15
[0m[NR_PHY] RI = 2 i1 = 0.0.0, i2 = 1, SINR = 41 dB, CQI = 15
[0m[NR_PHY] RI = 2 i1 = 0.0.0, i2 = 1, SINR = 41 dB, CQI = 15
[0m[NR_PHY] RI = 2 i1 = 0.0.0, i2 = 1, SINR = 41 dB, CQI = 15
[0m[NR_PHY] RI = 2 i1 = 0.0.0, i2 = 1, SINR = 41 dB, CQI = 15
[0m[NR_PHY] RI = 2 i1 = 0.0.0, i2 = 1, SINR = 41 dB, CQI = 15
[0m[NR_PHY] RI = 2 i1 = 0.0.0, i2 = 1, SINR = 41 dB, CQI = 15
[0m[NR_PHY] RI = 2 i1 = 0.0.0, i2 = 1, SINR = 41 dB, CQI = 15
[0m[NR_PHY] RI = 2 i1 = 0.0.0, i2 = 1, SINR = 41 dB, CQI = 15
[0m[NR_PHY] RI = 2 i1 = 0.0.0, i2 = 1, SINR = 41 dB, CQI = 15
[0m[NR_PHY] RI = 2 i1 = 0.0.0, i2 = 1, SINR = 41 dB, CQI = 15
[0m[NR_PHY] RI = 2 i1 = 0.0.0, i2 = 1, SINR = 41 dB, CQI = 15
[0m[1;31m[RLC]    2160 SDU rejected, SDU buffer full
[0m[NR_PHY] RI = 2 i1 = 0.0.0, i2 = 1, SINR = 41 dB, CQI = 15
[0m[NR_PHY] RI = 2 i1 = 0.0.0, i2 = 1, SINR = 41 dB, CQI = 15
[0m[NR_PHY] RI = 2 i1 = 0.0.0, i2 = 1, SINR = 41 dB, CQI = 15
[0m[NR_PHY] RI = 2 i1 = 0.0.0, i2 = 1, SINR = 41 dB, CQI = 15
[0m[NR_PHY] RI = 2 i1 = 0.0.0, i2 = 1, SINR = 41 dB, CQI = 15
[0m[NR_PHY] RI = 2 i1 = 0.0.0, i2 = 1, SINR = 41 dB, CQI = 15
[0m[NR_PHY] RI = 2 i1 = 0.0.0, i2 = 1, SINR = 41 dB, CQI = 15
[0m[NR_PHY] RI = 2 i1 = 0.0.0, i2 = 1, SINR = 41 dB, CQI = 15
[0m[NR_PHY] RI = 2 i1 = 0.0.0, i2 = 1, SINR = 41 dB, CQI = 15
[0m[NR_PHY] RI = 2 i1 = 0.0.0, i2 = 1, SINR = 41 dB, CQI = 15
[0m[NR_PHY] RI = 2 i1 = 0.0.0, i2 = 1, SINR = 41 dB, CQI = 15
[0m[NR_PHY] RI = 2 i1 = 0.0.0, i2 = 1, SINR = 41 dB, CQI = 15
[0m[NR_MAC] UE 0 RNTI 77c8 stats sfn: 512.2, cumulated bad DCI 0
    DL harq: 305/0
    UL harq: 6581/77 avg code rate 0.9, avg bit/symbol 5.9, avg per TB: (nb RBs 17.0, nb symbols 13.0)
[0m[NR_PHY] RI = 2 i1 = 0.0.0, i2 = 1, SINR = 41 dB, CQI = 15
[0m[NR_PHY] RI = 2 i1 = 0.0.0, i2 = 1, SINR = 41 dB, CQI = 15
[0m[NR_PHY] RI = 2 i1 = 0.0.0, i2 = 1, SINR = 41 dB, CQI = 15
[0m[NR_PHY] RI = 2 i1 = 0.0.0, i2 = 1, SINR = 41 dB, CQI = 15
[0m[NR_PHY] RI = 2 i1 = 0.0.0, i2 = 1, SINR = 41 dB, CQI = 15
[0m[NR_PHY] RI = 2 i1 = 0.0.0, i2 = 1, SINR = 41 dB, CQI = 15
[0m[NR_PHY] RI = 2 i1 = 0.0.0, i2 = 1, SINR = 41 dB, CQI = 15
[0m[NR_PHY] RI = 2 i1 = 0.0.0, i2 = 1, SINR = 41 dB, CQI = 15
[0m[NR_PHY] RI = 2 i1 = 0.0.0, i2 = 1, SINR = 41 dB, CQI = 15
[0m[NR_PHY] RI = 2 i1 = 0.0.0, i2 = 1, SINR = 41 dB, CQI = 15
[0m[NR_PHY] RI = 2 i1 = 0.0.0, i2 = 1, SINR = 41 dB, CQI = 15
[0m[NR_PHY] RI = 2 i1 = 0.0.0, i2 = 1, SINR = 41 dB, CQI = 15
[0m[NR_PHY] RI = 2 i1 = 0.0.0, i2 = 1, SINR = 41 dB, CQI = 15
[0m[NR_PHY] RI = 2 i1 = 0.0.0, i2 = 1, SINR = 41 dB, CQI = 15
[0m[NR_PHY] RI = 2 i1 = 0.0.0, i2 = 1, SINR = 41 dB, CQI = 15
[0m[NR_PHY] RI = 2 i1 = 0.0.0, i2 = 1, SINR = 41 dB, CQI = 15
[0m[NR_PHY] RI = 2 i1 = 0.0.0, i2 = 1, SINR = 41 dB, CQI = 15
[0m[NR_PHY] RI = 2 i1 = 0.0.0, i2 = 1, SINR = 41 dB, CQI = 15
[0m[NR_PHY] RI = 2 i1 = 0.0.0, i2 = 1, SINR = 41 dB, CQI = 15
[0m[NR_PHY] RI = 2 i1 = 0.0.0, i2 = 1, SINR = 41 dB, CQI = 15
[0m[NR_PHY] RI = 2 i1 = 0.0.0, i2 = 1, SINR = 41 dB, CQI = 15
[0m[NR_PHY] RI = 2 i1 = 0.0.0, i2 = 1, SINR = 41 dB, CQI = 15
[0m[NR_PHY] RI = 2 i1 = 0.0.0, i2 = 1, SINR = 41 dB, CQI = 15
[0m[NR_PHY] RI = 2 i1 = 0.0.0, i2 = 1, SINR = 41 dB, CQI = 15
[0m[NR_PHY] RI = 2 i1 = 0.0.0, i2 = 1, SINR = 41 dB, CQI = 15
[0m[NR_PHY] RI = 2 i1 = 0.0.0, i2 = 1, SINR = 41 dB, CQI = 15
[0m[NR_PHY] RI = 2 i1 = 0.0.0, i2 = 1, SINR = 41 dB, CQI = 15
[0m[NR_PHY] RI = 2 i1 = 0.0.0, i2 = 1, SINR = 41 dB, CQI = 15
[0m[NR_PHY] RI = 2 i1 = 0.0.0, i2 = 1, SINR = 41 dB, CQI = 15
[0m[NR_PHY] RI = 2 i1 = 0.0.0, i2 = 1, SINR = 41 dB, CQI = 15
[0m[NR_PHY] RI = 2 i1 = 0.0.0, i2 = 1, SINR = 41 dB, CQI = 15
[0m[NR_PHY] RI = 2 i1 = 0.0.0, i2 = 1, SINR = 41 dB, CQI = 15
[0m[NR_PHY] RI = 2 i1 = 0.0.0, i2 = 1, SINR = 41 dB, CQI = 15
[0m[NR_PHY] RI = 2 i1 = 0.0.0, i2 = 1, SINR = 41 dB, CQI = 15
[0m[NR_PHY] RI = 2 i1 = 0.0.0, i2 = 1, SINR = 41 dB, CQI = 15
[0m[NR_PHY] RI = 2 i1 = 0.0.0, i2 = 1, SINR = 41 dB, CQI = 15
[0m[NR_PHY] RI = 2 i1 = 0.0.0, i2 = 1, SINR = 41 dB, CQI = 15
[0m[NR_PHY] RI = 2 i1 = 0.0.0, i2 = 1, SINR = 41 dB, CQI = 15
[0m[1;31m[RLC]    2172 SDU rejected, SDU buffer full
[0m[NR_PHY] RI = 2 i1 = 0.0.0, i2 = 1, SINR = 41 dB, CQI = 15
[0m[NR_PHY] RI = 2 i1 = 0.0.0, i2 = 1, SINR = 41 dB, CQI = 15
[0m[NR_PHY] RI = 2 i1 = 0.0.0, i2 = 1, SINR = 41 dB, CQI = 15
[0m[NR_PHY] RI = 2 i1 = 0.0.0, i2 = 1, SINR = 41 dB, CQI = 15
[0m[NR_PHY] RI = 2 i1 = 0.0.0, i2 = 1, SINR = 41 dB, CQI = 15
[0m[NR_PHY] RI = 2 i1 = 0.0.0, i2 = 1, SINR = 41 dB, CQI = 15
[0m[NR_PHY] RI = 2 i1 = 0.0.0, i2 = 1, SINR = 41 dB, CQI = 15
[0m[NR_PHY] RI = 2 i1 = 0.0.0, i2 = 1, SINR = 41 dB, CQI = 15
[0m[NR_PHY] RI = 2 i1 = 0.0.0, i2 = 1, SINR = 41 dB, CQI = 15
[0m[NR_PHY] RI = 2 i1 = 0.0.0, i2 = 1, SINR = 41 dB, CQI = 15
[0m[NR_PHY] RI = 2 i1 = 0.0.0, i2 = 1, SINR = 41 dB, CQI = 15
[0m[NR_PHY] RI = 2 i1 = 0.0.0, i2 = 1, SINR = 41 dB, CQI = 15
[0m[NR_PHY] RI = 2 i1 = 0.0.0, i2 = 1, SINR = 41 dB, CQI = 15
[0m[NR_PHY] RI = 2 i1 = 0.0.0, i2 = 1, SINR = 41 dB, CQI = 15
[0m[NR_PHY] RI = 2 i1 = 0.0.0, i2 = 1, SINR = 41 dB, CQI = 15
[0m[NR_PHY] RI = 2 i1 = 0.0.0, i2 = 1, SINR = 41 dB, CQI = 15
[0m[NR_PHY] RI = 2 i1 = 0.0.0, i2 = 1, SINR = 41 dB, CQI = 15
[0m[NR_PHY] RI = 2 i1 = 0.0.0, i2 = 1, SINR = 41 dB, CQI = 15
[0m[NR_PHY] RI = 2 i1 = 0.0.0, i2 = 1, SINR = 41 dB, CQI = 15
[0m[NR_PHY] RI = 2 i1 = 0.0.0, i2 = 1, SINR = 41 dB, CQI = 15
[0m[NR_PHY] RI = 2 i1 = 0.0.0, i2 = 1, SINR = 41 dB, CQI = 15
[0m[NR_PHY] RI = 2 i1 = 0.0.0, i2 = 1, SINR = 41 dB, CQI = 15
[0m[NR_PHY] RI = 2 i1 = 0.0.0, i2 = 1, SINR = 41 dB, CQI = 15
[0m[NR_PHY] RI = 2 i1 = 0.0.0, i2 = 1, SINR = 41 dB, CQI = 15
[0m[NR_PHY] RI = 2 i1 = 0.0.0, i2 = 1, SINR = 41 dB, CQI = 15
[0m[NR_PHY] RI = 2 i1 = 0.0.0, i2 = 1, SINR = 41 dB, CQI = 15
[0m[NR_MAC] UE 0 RNTI 77c8 stats sfn: 640.2, cumulated bad DCI 0
    DL harq: 326/0
    UL harq: 7080/82 avg code rate 0.9, avg bit/symbol 5.9, avg per TB: (nb RBs 17.0, nb symbols 13.0)
[0m[NR_PHY] RI = 2 i1 = 0.0.0, i2 = 1, SINR = 41 dB, CQI = 15
[0m[NR_PHY] RI = 2 i1 = 0.0.0, i2 = 1, SINR = 41 dB, CQI = 15
[0m[NR_PHY] RI = 2 i1 = 0.0.0, i2 = 1, SINR = 41 dB, CQI = 15
[0m[NR_PHY] RI = 2 i1 = 0.0.0, i2 = 1, SINR = 41 dB, CQI = 15
[0m[NR_PHY] RI = 2 i1 = 0.0.0, i2 = 1, SINR = 41 dB, CQI = 15
[0m[NR_PHY] RI = 2 i1 = 0.0.0, i2 = 1, SINR = 41 dB, CQI = 15
[0m[NR_PHY] RI = 2 i1 = 0.0.0, i2 = 1, SINR = 41 dB, CQI = 15
[0m[NR_PHY] RI = 2 i1 = 0.0.0, i2 = 1, SINR = 41 dB, CQI = 15
[0m[NR_PHY] RI = 2 i1 = 0.0.0, i2 = 1, SINR = 41 dB, CQI = 15
[0m[NR_PHY] RI = 2 i1 = 0.0.0, i2 = 1, SINR = 41 dB, CQI = 15
[0m[NR_PHY] RI = 2 i1 = 0.0.0, i2 = 1, SINR = 41 dB, CQI = 15
[0m[NR_PHY] RI = 2 i1 = 0.0.0, i2 = 1, SINR = 41 dB, CQI = 15
[0m[NR_PHY] RI = 2 i1 = 0.0.0, i2 = 1, SINR = 41 dB, CQI = 15
[0m[NR_PHY] RI = 2 i1 = 0.0.0, i2 = 1, SINR = 41 dB, CQI = 15
[0m[NR_PHY] RI = 2 i1 = 0.0.0, i2 = 1, SINR = 41 dB, CQI = 15
[0m[NR_PHY] RI = 2 i1 = 0.0.0, i2 = 1, SINR = 41 dB, CQI = 15
[0m[NR_PHY] RI = 2 i1 = 0.0.0, i2 = 1, SINR = 41 dB, CQI = 15
[0m[NR_PHY] RI = 2 i1 = 0.0.0, i2 = 1, SINR = 41 dB, CQI = 15
[0m[NR_PHY] RI = 2 i1 = 0.0.0, i2 = 1, SINR = 41 dB, CQI = 15
[0m[NR_PHY] RI = 2 i1 = 0.0.0, i2 = 1, SINR = 41 dB, CQI = 15
[0m[NR_PHY] RI = 2 i1 = 0.0.0, i2 = 1, SINR = 41 dB, CQI = 15
[0m[NR_PHY] RI = 2 i1 = 0.0.0, i2 = 1, SINR = 41 dB, CQI = 15
[0m[NR_PHY] RI = 2 i1 = 0.0.0, i2 = 1, SINR = 41 dB, CQI = 15
[0m[NR_PHY] RI = 2 i1 = 0.0.0, i2 = 1, SINR = 41 dB, CQI = 15
[0m[1;31m[RLC]    2159 SDU rejected, SDU buffer full
[0m[NR_PHY] RI = 2 i1 = 0.0.0, i2 = 1, SINR = 41 dB, CQI = 15
[0m[NR_PHY] RI = 2 i1 = 0.0.0, i2 = 1, SINR = 41 dB, CQI = 15
[0m[NR_PHY] RI = 2 i1 = 0.0.0, i2 = 1, SINR = 41 dB, CQI = 15
[0m[NR_PHY] RI = 2 i1 = 0.0.0, i2 = 1, SINR = 41 dB, CQI = 15
[0m[NR_PHY] RI = 2 i1 = 0.0.0, i2 = 1, SINR = 41 dB, CQI = 15
[0m[NR_PHY] RI = 2 i1 = 0.0.0, i2 = 1, SINR = 41 dB, CQI = 15
[0m[NR_PHY] RI = 2 i1 = 0.0.0, i2 = 1, SINR = 41 dB, CQI = 15
[0m[NR_PHY] RI = 2 i1 = 0.0.0, i2 = 1, SINR = 41 dB, CQI = 15
[0m[NR_PHY] RI = 2 i1 = 0.0.0, i2 = 1, SINR = 41 dB, CQI = 15
[0m[NR_PHY] RI = 2 i1 = 0.0.0, i2 = 1, SINR = 41 dB, CQI = 15
[0m[NR_PHY] RI = 2 i1 = 0.0.0, i2 = 1, SINR = 41 dB, CQI = 15
[0m[NR_PHY] RI = 2 i1 = 0.0.0, i2 = 1, SINR = 41 dB, CQI = 15
[0m[NR_PHY] RI = 2 i1 = 0.0.0, i2 = 1, SINR = 41 dB, CQI = 15
[0m[NR_PHY] RI = 2 i1 = 0.0.0, i2 = 1, SINR = 41 dB, CQI = 15
[0m[NR_PHY] RI = 2 i1 = 0.0.0, i2 = 1, SINR = 41 dB, CQI = 15
[0m[NR_PHY] RI = 2 i1 = 0.0.0, i2 = 1, SINR = 41 dB, CQI = 15
[0m[NR_PHY] RI = 2 i1 = 0.0.0, i2 = 1, SINR = 41 dB, CQI = 15
[0m[NR_PHY] RI = 2 i1 = 0.0.0, i2 = 1, SINR = 41 dB, CQI = 15
[0m[NR_PHY] RI = 2 i1 = 0.0.0, i2 = 1, SINR = 41 dB, CQI = 15
[0m[NR_PHY] RI = 2 i1 = 0.0.0, i2 = 1, SINR = 41 dB, CQI = 15
[0m[NR_PHY] RI = 2 i1 = 0.0.0, i2 = 1, SINR = 41 dB, CQI = 15
[0m[NR_PHY] RI = 2 i1 = 0.0.0, i2 = 1, SINR = 41 dB, CQI = 15
[0m[NR_PHY] RI = 2 i1 = 0.0.0, i2 = 1, SINR = 41 dB, CQI = 15
[0m[NR_PHY] RI = 2 i1 = 0.0.0, i2 = 1, SINR = 41 dB, CQI = 15
[0m[NR_PHY] RI = 2 i1 = 0.0.0, i2 = 1, SINR = 41 dB, CQI = 15
[0m[NR_PHY] RI = 2 i1 = 0.0.0, i2 = 1, SINR = 41 dB, CQI = 15
[0m[NR_PHY] RI = 2 i1 = 0.0.0, i2 = 1, SINR = 41 dB, CQI = 15
[0m[NR_PHY] RI = 2 i1 = 0.0.0, i2 = 1, SINR = 41 dB, CQI = 15
[0m[NR_PHY] RI = 2 i1 = 0.0.0, i2 = 1, SINR = 41 dB, CQI = 15
[0m[NR_PHY] RI = 2 i1 = 0.0.0, i2 = 1, SINR = 41 dB, CQI = 15
[0m[NR_PHY] RI = 2 i1 = 0.0.0, i2 = 1, SINR = 41 dB, CQI = 15
[0m[NR_PHY] RI = 2 i1 = 0.0.0, i2 = 1, SINR = 41 dB, CQI = 15
[0m[NR_PHY] RI = 2 i1 = 0.0.0, i2 = 1, SINR = 41 dB, CQI = 15
[0m[NR_PHY] RI = 2 i1 = 0.0.0, i2 = 1, SINR = 41 dB, CQI = 15
[0m[NR_PHY] RI = 2 i1 = 0.0.0, i2 = 1, SINR = 41 dB, CQI = 15
[0m[NR_PHY] RI = 2 i1 = 0.0.0, i2 = 1, SINR = 41 dB, CQI = 15
[0m[NR_PHY] RI = 2 i1 = 0.0.0, i2 = 1, SINR = 41 dB, CQI = 15
[0m[NR_PHY] RI = 2 i1 = 0.0.0, i2 = 1, SINR = 41 dB, CQI = 15
[0m[NR_PHY] RI = 2 i1 = 0.0.0, i2 = 1, SINR = 41 dB, CQI = 15
[0m[1;31m[PHY]    received all 0 pdu, consider it false reception, even if the TS 38.212 7.2.1 says only we should attach the corresponding CRC, and nothing prevents to have a all 0 packet
[0m[NR_PHY] RI = 2 i1 = 0.0.0, i2 = 1, SINR = 41 dB, CQI = 15
[0m[NR_MAC] UE 0 RNTI 77c8 stats sfn: 768.2, cumulated bad DCI 0
    DL harq: 348/1
    UL harq: 7579/89 avg code rate 0.9, avg bit/symbol 5.9, avg per TB: (nb RBs 17.0, nb symbols 13.0)
[0m[NR_PHY] RI = 2 i1 = 0.0.0, i2 = 1, SINR = 41 dB, CQI = 15
[0m[NR_PHY] RI = 2 i1 = 0.0.0, i2 = 1, SINR = 41 dB, CQI = 15
[0m[NR_PHY] RI = 2 i1 = 0.0.0, i2 = 1, SINR = 41 dB, CQI = 15
[0m[NR_PHY] RI = 2 i1 = 0.0.0, i2 = 1, SINR = 41 dB, CQI = 15
[0m[NR_PHY] RI = 2 i1 = 0.0.0, i2 = 1, SINR = 41 dB, CQI = 15
[0m[NR_PHY] RI = 2 i1 = 0.0.0, i2 = 1, SINR = 41 dB, CQI = 15
[0m[NR_PHY] RI = 2 i1 = 0.0.0, i2 = 1, SINR = 41 dB, CQI = 15
[0m[NR_PHY] RI = 2 i1 = 0.0.0, i2 = 1, SINR = 41 dB, CQI = 15
[0m[NR_PHY] RI = 2 i1 = 0.0.0, i2 = 1, SINR = 41 dB, CQI = 15
[0m[NR_PHY] RI = 2 i1 = 0.0.0, i2 = 1, SINR = 41 dB, CQI = 15
[0m[1;31m[RLC]    2178 SDU rejected, SDU buffer full
[0m[NR_PHY] RI = 2 i1 = 0.0.0, i2 = 1, SINR = 41 dB, CQI = 15
[0m[NR_PHY] RI = 2 i1 = 0.0.0, i2 = 1, SINR = 41 dB, CQI = 15
[0m[NR_PHY] RI = 2 i1 = 0.0.0, i2 = 1, SINR = 41 dB, CQI = 15
[0m[NR_PHY] RI = 2 i1 = 0.0.0, i2 = 1, SINR = 41 dB, CQI = 15
[0m[NR_PHY] RI = 2 i1 = 0.0.0, i2 = 1, SINR = 41 dB, CQI = 15
[0m[NR_PHY] RI = 2 i1 = 0.0.0, i2 = 1, SINR = 41 dB, CQI = 15
[0m[NR_PHY] RI = 2 i1 = 0.0.0, i2 = 1, SINR = 41 dB, CQI = 15
[0m[NR_PHY] RI = 2 i1 = 0.0.0, i2 = 1, SINR = 41 dB, CQI = 15
[0m[NR_PHY] RI = 2 i1 = 0.0.0, i2 = 1, SINR = 41 dB, CQI = 15
[0m[NR_PHY] RI = 2 i1 = 0.0.0, i2 = 1, SINR = 41 dB, CQI = 15
[0m[NR_PHY] RI = 2 i1 = 0.0.0, i2 = 1, SINR = 41 dB, CQI = 15
[0m[NR_PHY] RI = 2 i1 = 0.0.0, i2 = 1, SINR = 41 dB, CQI = 15
[0m[NR_PHY] RI = 2 i1 = 0.0.0, i2 = 1, SINR = 41 dB, CQI = 15
[0m[NR_PHY] RI = 2 i1 = 0.0.0, i2 = 1, SINR = 41 dB, CQI = 15
[0m[NR_PHY] RI = 2 i1 = 0.0.0, i2 = 1, SINR = 41 dB, CQI = 15
[0m[NR_PHY] RI = 2 i1 = 0.0.0, i2 = 1, SINR = 41 dB, CQI = 15
[0m[NR_PHY] RI = 2 i1 = 0.0.0, i2 = 1, SINR = 41 dB, CQI = 15
[0m[NR_PHY] RI = 2 i1 = 0.0.0, i2 = 1, SINR = 41 dB, CQI = 15
[0m[NR_PHY] RI = 2 i1 = 0.0.0, i2 = 1, SINR = 41 dB, CQI = 15
[0m[NR_PHY] RI = 2 i1 = 0.0.0, i2 = 1, SINR = 41 dB, CQI = 15
[0m[NR_PHY] RI = 2 i1 = 0.0.0, i2 = 1, SINR = 41 dB, CQI = 15
[0m[NR_PHY] RI = 2 i1 = 0.0.0, i2 = 1, SINR = 41 dB, CQI = 15
[0m[NR_PHY] RI = 2 i1 = 0.0.0, i2 = 0, SINR = 0 dB, CQI = 0
[0m[NR_PHY] RI = 2 i1 = 0.0.0, i2 = 1, SINR = 41 dB, CQI = 15
[0m[NR_PHY] RI = 2 i1 = 0.0.0, i2 = 1, SINR = 41 dB, CQI = 15
[0m[NR_PHY] RI = 2 i1 = 0.0.0, i2 = 1, SINR = 41 dB, CQI = 15
[0m[NR_PHY] RI = 2 i1 = 0.0.0, i2 = 1, SINR = 41 dB, CQI = 15
[0m[NR_PHY] RI = 2 i1 = 0.0.0, i2 = 1, SINR = 41 dB, CQI = 15
[0m[NR_PHY] RI = 2 i1 = 0.0.0, i2 = 1, SINR = 41 dB, CQI = 15
[0m[NR_PHY] RI = 2 i1 = 0.0.0, i2 = 1, SINR = 41 dB, CQI = 15
[0m[NR_PHY] RI = 2 i1 = 0.0.0, i2 = 1, SINR = 41 dB, CQI = 15
[0m[NR_PHY] RI = 2 i1 = 0.0.0, i2 = 1, SINR = 41 dB, CQI = 15
[0m[NR_PHY] RI = 2 i1 = 0.0.0, i2 = 1, SINR = 41 dB, CQI = 15
[0m[NR_PHY] RI = 2 i1 = 0.0.0, i2 = 1, SINR = 41 dB, CQI = 15
[0m[NR_PHY] RI = 2 i1 = 0.0.0, i2 = 1, SINR = 41 dB, CQI = 15
[0m[NR_PHY] RI = 2 i1 = 0.0.0, i2 = 1, SINR = 41 dB, CQI = 15
[0m[NR_PHY] RI = 2 i1 = 0.0.0, i2 = 1, SINR = 41 dB, CQI = 15
[0m[NR_PHY] RI = 2 i1 = 0.0.0, i2 = 1, SINR = 41 dB, CQI = 15
[0m[NR_PHY] RI = 2 i1 = 0.0.0, i2 = 1, SINR = 41 dB, CQI = 15
[0m[NR_PHY] RI = 2 i1 = 0.0.0, i2 = 1, SINR = 41 dB, CQI = 15
[0m[NR_PHY] RI = 2 i1 = 0.0.0, i2 = 1, SINR = 41 dB, CQI = 15
[0m[NR_PHY] RI = 2 i1 = 0.0.0, i2 = 1, SINR = 41 dB, CQI = 15
[0m[NR_PHY] RI = 2 i1 = 0.0.0, i2 = 1, SINR = 41 dB, CQI = 15
[0m[NR_PHY] RI = 2 i1 = 0.0.0, i2 = 1, SINR = 41 dB, CQI = 15
[0m[NR_PHY] RI = 2 i1 = 0.0.0, i2 = 1, SINR = 41 dB, CQI = 15
[0m[NR_PHY] RI = 2 i1 = 0.0.0, i2 = 1, SINR = 41 dB, CQI = 15
[0m[NR_PHY] RI = 2 i1 = 0.0.0, i2 = 1, SINR = 41 dB, CQI = 15
[0m[NR_PHY] RI = 2 i1 = 0.0.0, i2 = 1, SINR = 41 dB, CQI = 15
[0m[NR_PHY] RI = 2 i1 = 0.0.0, i2 = 1, SINR = 41 dB, CQI = 15
[0m[NR_PHY] RI = 2 i1 = 0.0.0, i2 = 1, SINR = 41 dB, CQI = 15
[0m[1;31m[RLC]    2151 SDU rejected, SDU buffer full
[0m[NR_PHY] RI = 2 i1 = 0.0.0, i2 = 1, SINR = 41 dB, CQI = 15
[0m[NR_PHY] RI = 2 i1 = 0.0.0, i2 = 1, SINR = 41 dB, CQI = 15
[0m[NR_PHY] RI = 2 i1 = 0.0.0, i2 = 1, SINR = 41 dB, CQI = 15
[0m[NR_PHY] RI = 2 i1 = 0.0.0, i2 = 1, SINR = 41 dB, CQI = 15
[0m[NR_MAC] UE 0 RNTI 77c8 stats sfn: 896.2, cumulated bad DCI 0
    DL harq: 369/1
    UL harq: 8085/92 avg code rate 0.9, avg bit/symbol 5.9, avg per TB: (nb RBs 17.0, nb symbols 13.0)
[0m[NR_PHY] RI = 2 i1 = 0.0.0, i2 = 1, SINR = 41 dB, CQI = 15
[0m[NR_PHY] RI = 2 i1 = 0.0.0, i2 = 1, SINR = 41 dB, CQI = 15
[0m[NR_PHY] RI = 2 i1 = 0.0.0, i2 = 1, SINR = 41 dB, CQI = 15
[0m[NR_PHY] RI = 2 i1 = 0.0.0, i2 = 1, SINR = 41 dB, CQI = 15
[0m[NR_PHY] RI = 2 i1 = 0.0.0, i2 = 1, SINR = 41 dB, CQI = 15
[0m[NR_PHY] RI = 2 i1 = 0.0.0, i2 = 1, SINR = 41 dB, CQI = 15
[0m[NR_PHY] RI = 2 i1 = 0.0.0, i2 = 1, SINR = 41 dB, CQI = 15
[0m[NR_PHY] RI = 2 i1 = 0.0.0, i2 = 1, SINR = 41 dB, CQI = 15
[0m[NR_PHY] RI = 2 i1 = 0.0.0, i2 = 1, SINR = 41 dB, CQI = 15
[0m[NR_PHY] RI = 2 i1 = 0.0.0, i2 = 1, SINR = 41 dB, CQI = 15
[0m[NR_PHY] RI = 2 i1 = 0.0.0, i2 = 1, SINR = 41 dB, CQI = 15
[0m[NR_PHY] RI = 2 i1 = 0.0.0, i2 = 1, SINR = 41 dB, CQI = 15
[0m[NR_PHY] RI = 2 i1 = 0.0.0, i2 = 1, SINR = 41 dB, CQI = 15
[0m[NR_PHY] RI = 2 i1 = 0.0.0, i2 = 1, SINR = 41 dB, CQI = 15
[0m[NR_PHY] RI = 2 i1 = 0.0.0, i2 = 1, SINR = 41 dB, CQI = 15
[0m[NR_PHY] RI = 2 i1 = 0.0.0, i2 = 1, SINR = 41 dB, CQI = 15
[0m[NR_PHY] RI = 2 i1 = 0.0.0, i2 = 1, SINR = 41 dB, CQI = 15
[0m[NR_PHY] RI = 2 i1 = 0.0.0, i2 = 1, SINR = 41 dB, CQI = 15
[0m[NR_PHY] RI = 2 i1 = 0.0.0, i2 = 1, SINR = 41 dB, CQI = 15
[0m[NR_PHY] RI = 2 i1 = 0.0.0, i2 = 1, SINR = 41 dB, CQI = 15
[0m[NR_PHY] RI = 2 i1 = 0.0.0, i2 = 1, SINR = 41 dB, CQI = 15
[0m[NR_PHY] RI = 2 i1 = 0.0.0, i2 = 1, SINR = 41 dB, CQI = 15
[0m[NR_PHY] RI = 2 i1 = 0.0.0, i2 = 1, SINR = 41 dB, CQI = 15
[0m[NR_PHY] RI = 2 i1 = 0.0.0, i2 = 1, SINR = 41 dB, CQI = 15
[0m[NR_PHY] RI = 2 i1 = 0.0.0, i2 = 1, SINR = 41 dB, CQI = 15
[0m[NR_PHY] RI = 2 i1 = 0.0.0, i2 = 1, SINR = 41 dB, CQI = 15
[0m[NR_PHY] RI = 2 i1 = 0.0.0, i2 = 1, SINR = 41 dB, CQI = 15
[0m[NR_PHY] RI = 2 i1 = 0.0.0, i2 = 1, SINR = 41 dB, CQI = 15
[0m[NR_PHY] RI = 2 i1 = 0.0.0, i2 = 1, SINR = 41 dB, CQI = 15
[0m[NR_PHY] RI = 2 i1 = 0.0.0, i2 = 1, SINR = 41 dB, CQI = 15
[0m[NR_PHY] RI = 2 i1 = 0.0.0, i2 = 1, SINR = 41 dB, CQI = 15
[0m[NR_PHY] RI = 2 i1 = 0.0.0, i2 = 1, SINR = 41 dB, CQI = 15
[0m[NR_PHY] RI = 2 i1 = 0.0.0, i2 = 1, SINR = 41 dB, CQI = 15
[0m[NR_PHY] RI = 2 i1 = 0.0.0, i2 = 1, SINR = 41 dB, CQI = 15
[0m[NR_PHY] RI = 2 i1 = 0.0.0, i2 = 1, SINR = 41 dB, CQI = 15
[0m[NR_PHY] RI = 2 i1 = 0.0.0, i2 = 1, SINR = 41 dB, CQI = 15
[0m[NR_PHY] RI = 2 i1 = 0.0.0, i2 = 1, SINR = 41 dB, CQI = 15
[0m[NR_PHY] RI = 2 i1 = 0.0.0, i2 = 1, SINR = 41 dB, CQI = 15
[0m[NR_PHY] RI = 2 i1 = 0.0.0, i2 = 1, SINR = 41 dB, CQI = 15
[0m[NR_PHY] RI = 2 i1 = 0.0.0, i2 = 1, SINR = 41 dB, CQI = 15
[0m[NR_PHY] RI = 2 i1 = 0.0.0, i2 = 1, SINR = 41 dB, CQI = 15
[0m[NR_PHY] RI = 2 i1 = 0.0.0, i2 = 1, SINR = 41 dB, CQI = 15
[0m[NR_PHY] RI = 2 i1 = 0.0.0, i2 = 1, SINR = 41 dB, CQI = 15
[0m[NR_PHY] RI = 2 i1 = 0.0.0, i2 = 1, SINR = 41 dB, CQI = 15
[0m[NR_PHY] RI = 2 i1 = 0.0.0, i2 = 1, SINR = 41 dB, CQI = 15
[0m[NR_PHY] RI = 2 i1 = 0.0.0, i2 = 1, SINR = 41 dB, CQI = 15
[0m[1;31m[RLC]    2163 SDU rejected, SDU buffer full
[0m[NR_PHY] RI = 2 i1 = 0.0.0, i2 = 1, SINR = 41 dB, CQI = 15
[0m[NR_PHY] RI = 2 i1 = 0.0.0, i2 = 1, SINR = 41 dB, CQI = 15
[0m[NR_PHY] RI = 2 i1 = 0.0.0, i2 = 1, SINR = 41 dB, CQI = 15
[0m[NR_PHY] RI = 2 i1 = 0.0.0, i2 = 1, SINR = 41 dB, CQI = 15
[0m[NR_PHY] RI = 2 i1 = 0.0.0, i2 = 0, SINR = 0 dB, CQI = 0
[0m[NR_PHY] RI = 2 i1 = 0.0.0, i2 = 1, SINR = 41 dB, CQI = 15
[0m[NR_PHY] RI = 2 i1 = 0.0.0, i2 = 1, SINR = 41 dB, CQI = 15
[0m[NR_PHY] RI = 2 i1 = 0.0.0, i2 = 1, SINR = 41 dB, CQI = 15
[0m[NR_PHY] RI = 2 i1 = 0.0.0, i2 = 1, SINR = 41 dB, CQI = 15
[0m[NR_PHY] RI = 2 i1 = 0.0.0, i2 = 1, SINR = 41 dB, CQI = 15
[0m[NR_PHY] RI = 2 i1 = 0.0.0, i2 = 1, SINR = 41 dB, CQI = 15
[0m[NR_PHY] RI = 2 i1 = 0.0.0, i2 = 1, SINR = 41 dB, CQI = 15
[0m[NR_PHY] RI = 2 i1 = 0.0.0, i2 = 1, SINR = 41 dB, CQI = 15
[0m[NR_PHY] RI = 2 i1 = 0.0.0, i2 = 1, SINR = 41 dB, CQI = 15
[0m[NR_PHY] RI = 2 i1 = 0.0.0, i2 = 1, SINR = 41 dB, CQI = 15
[0m[NR_PHY] RI = 2 i1 = 0.0.0, i2 = 1, SINR = 41 dB, CQI = 15
[0m[NR_PHY] RI = 2 i1 = 0.0.0, i2 = 1, SINR = 41 dB, CQI = 15
[0m[NR_PHY] RI = 2 i1 = 0.0.0, i2 = 1, SINR = 41 dB, CQI = 15
[0m[NR_MAC] UE 0 RNTI 77c8 stats sfn: 0.2, cumulated bad DCI 0
    DL harq: 391/1
    UL harq: 8591/95 avg code rate 0.9, avg bit/symbol 5.9, avg per TB: (nb RBs 17.0, nb symbols 13.0)
[0m[NR_PHY] RI = 2 i1 = 0.0.0, i2 = 1, SINR = 41 dB, CQI = 15
[0m[NR_PHY] RI = 2 i1 = 0.0.0, i2 = 1, SINR = 41 dB, CQI = 15
[0m[NR_PHY] RI = 2 i1 = 0.0.0, i2 = 1, SINR = 41 dB, CQI = 15
[0m[NR_PHY] RI = 2 i1 = 0.0.0, i2 = 1, SINR = 41 dB, CQI = 15
[0m[NR_PHY] RI = 2 i1 = 0.0.0, i2 = 1, SINR = 41 dB, CQI = 15
[0m[NR_PHY] RI = 2 i1 = 0.0.0, i2 = 1, SINR = 41 dB, CQI = 15
[0m[NR_PHY] RI = 2 i1 = 0.0.0, i2 = 1, SINR = 41 dB, CQI = 15
[0m[NR_PHY] RI = 2 i1 = 0.0.0, i2 = 1, SINR = 41 dB, CQI = 15
[0m[NR_PHY] RI = 2 i1 = 0.0.0, i2 = 1, SINR = 41 dB, CQI = 15
[0m[NR_PHY] RI = 2 i1 = 0.0.0, i2 = 1, SINR = 41 dB, CQI = 15
[0m[NR_PHY] RI = 2 i1 = 0.0.0, i2 = 1, SINR = 41 dB, CQI = 15
[0m[NR_PHY] RI = 2 i1 = 0.0.0, i2 = 1, SINR = 41 dB, CQI = 15
[0m[NR_PHY] RI = 2 i1 = 0.0.0, i2 = 1, SINR = 41 dB, CQI = 15
[0m[NR_PHY] RI = 2 i1 = 0.0.0, i2 = 1, SINR = 41 dB, CQI = 15
[0m[NR_PHY] RI = 2 i1 = 0.0.0, i2 = 1, SINR = 41 dB, CQI = 15
[0m[NR_PHY] RI = 2 i1 = 0.0.0, i2 = 1, SINR = 41 dB, CQI = 15
[0m[NR_PHY] RI = 2 i1 = 0.0.0, i2 = 1, SINR = 41 dB, CQI = 15
[0m[NR_PHY] RI = 2 i1 = 0.0.0, i2 = 1, SINR = 41 dB, CQI = 15
[0m[NR_PHY] RI = 2 i1 = 0.0.0, i2 = 1, SINR = 41 dB, CQI = 15
[0m[NR_PHY] RI = 2 i1 = 0.0.0, i2 = 1, SINR = 41 dB, CQI = 15
[0m[NR_PHY] RI = 2 i1 = 0.0.0, i2 = 1, SINR = 41 dB, CQI = 15
[0m[NR_PHY] RI = 2 i1 = 0.0.0, i2 = 1, SINR = 41 dB, CQI = 15
[0m[NR_PHY] RI = 2 i1 = 0.0.0, i2 = 1, SINR = 41 dB, CQI = 15
[0m[NR_PHY] RI = 2 i1 = 0.0.0, i2 = 1, SINR = 41 dB, CQI = 15
[0m[NR_PHY] RI = 2 i1 = 0.0.0, i2 = 1, SINR = 41 dB, CQI = 15
[0m[NR_PHY] RI = 2 i1 = 0.0.0, i2 = 1, SINR = 41 dB, CQI = 15
[0m[NR_PHY] RI = 2 i1 = 0.0.0, i2 = 1, SINR = 41 dB, CQI = 15
[0m[NR_PHY] RI = 2 i1 = 0.0.0, i2 = 1, SINR = 41 dB, CQI = 15
[0m[NR_PHY] RI = 2 i1 = 0.0.0, i2 = 1, SINR = 41 dB, CQI = 15
[0m[NR_PHY] RI = 2 i1 = 0.0.0, i2 = 1, SINR = 41 dB, CQI = 15
[0m[NR_PHY] RI = 2 i1 = 0.0.0, i2 = 1, SINR = 41 dB, CQI = 15
[0m[NR_PHY] RI = 2 i1 = 0.0.0, i2 = 1, SINR = 41 dB, CQI = 15
[0m[1;31m[RLC]    2161 SDU rejected, SDU buffer full
[0m[NR_PHY] RI = 2 i1 = 0.0.0, i2 = 1, SINR = 41 dB, CQI = 15
[0m[NR_PHY] RI = 2 i1 = 0.0.0, i2 = 1, SINR = 41 dB, CQI = 15
[0m[NR_PHY] RI = 2 i1 = 0.0.0, i2 = 1, SINR = 41 dB, CQI = 15
[0m[NR_PHY] RI = 2 i1 = 0.0.0, i2 = 1, SINR = 41 dB, CQI = 15
[0m[NR_PHY] RI = 2 i1 = 0.0.0, i2 = 1, SINR = 41 dB, CQI = 15
[0m[NR_PHY] RI = 2 i1 = 0.0.0, i2 = 1, SINR = 41 dB, CQI = 15
[0m[NR_PHY] RI = 2 i1 = 0.0.0, i2 = 1, SINR = 41 dB, CQI = 15
[0m[NR_PHY] RI = 2 i1 = 0.0.0, i2 = 1, SINR = 41 dB, CQI = 15
[0m[NR_PHY] RI = 2 i1 = 0.0.0, i2 = 1, SINR = 41 dB, CQI = 15
[0m[NR_PHY] RI = 2 i1 = 0.0.0, i2 = 1, SINR = 41 dB, CQI = 15
[0m[NR_PHY] RI = 2 i1 = 0.0.0, i2 = 1, SINR = 41 dB, CQI = 15
[0m[NR_PHY] RI = 2 i1 = 0.0.0, i2 = 1, SINR = 41 dB, CQI = 15
[0m[NR_PHY] RI = 2 i1 = 0.0.0, i2 = 1, SINR = 41 dB, CQI = 15
[0m[NR_PHY] RI = 2 i1 = 0.0.0, i2 = 1, SINR = 41 dB, CQI = 15
[0m[NR_PHY] RI = 2 i1 = 0.0.0, i2 = 1, SINR = 41 dB, CQI = 15
[0m[NR_PHY] RI = 2 i1 = 0.0.0, i2 = 1, SINR = 41 dB, CQI = 15
[0m[NR_PHY] RI = 2 i1 = 0.0.0, i2 = 1, SINR = 41 dB, CQI = 15
[0m[NR_PHY] RI = 2 i1 = 0.0.0, i2 = 1, SINR = 41 dB, CQI = 15
[0m[NR_PHY] RI = 2 i1 = 0.0.0, i2 = 1, SINR = 41 dB, CQI = 15
[0m[NR_PHY] RI = 2 i1 = 0.0.0, i2 = 1, SINR = 41 dB, CQI = 15
[0m[NR_PHY] RI = 2 i1 = 0.0.0, i2 = 1, SINR = 41 dB, CQI = 15
[0m[NR_PHY] RI = 2 i1 = 0.0.0, i2 = 1, SINR = 41 dB, CQI = 15
[0m[NR_PHY] RI = 2 i1 = 0.0.0, i2 = 1, SINR = 41 dB, CQI = 15
[0m[NR_PHY] RI = 2 i1 = 0.0.0, i2 = 1, SINR = 41 dB, CQI = 15
[0m[NR_PHY] RI = 2 i1 = 0.0.0, i2 = 1, SINR = 41 dB, CQI = 15
[0m[NR_PHY] RI = 2 i1 = 0.0.0, i2 = 1, SINR = 41 dB, CQI = 15
[0m[NR_PHY] RI = 2 i1 = 0.0.0, i2 = 1, SINR = 41 dB, CQI = 15
[0m[NR_PHY] RI = 2 i1 = 0.0.0, i2 = 1, SINR = 41 dB, CQI = 15
[0m[NR_PHY] RI = 2 i1 = 0.0.0, i2 = 1, SINR = 41 dB, CQI = 15
[0m[NR_PHY] RI = 2 i1 = 0.0.0, i2 = 1, SINR = 41 dB, CQI = 15
[0m[NR_PHY] RI = 2 i1 = 0.0.0, i2 = 1, SINR = 41 dB, CQI = 15
[0m[NR_PHY] RI = 2 i1 = 0.0.0, i2 = 1, SINR = 41 dB, CQI = 15
[0m[NR_MAC] UE 0 RNTI 77c8 stats sfn: 128.2, cumulated bad DCI 0
    DL harq: 411/1
    UL harq: 9091/101 avg code rate 0.9, avg bit/symbol 5.9, avg per TB: (nb RBs 17.0, nb symbols 13.0)
[0m[NR_PHY] RI = 2 i1 = 0.0.0, i2 = 1, SINR = 41 dB, CQI = 15
[0m[NR_PHY] RI = 2 i1 = 0.0.0, i2 = 1, SINR = 41 dB, CQI = 15
[0m[NR_PHY] RI = 2 i1 = 0.0.0, i2 = 1, SINR = 41 dB, CQI = 15
[0m[NR_PHY] RI = 2 i1 = 0.0.0, i2 = 1, SINR = 41 dB, CQI = 15
[0m[NR_PHY] RI = 2 i1 = 0.0.0, i2 = 1, SINR = 41 dB, CQI = 15
[0m[NR_PHY] RI = 2 i1 = 0.0.0, i2 = 1, SINR = 41 dB, CQI = 15
[0m[NR_PHY] RI = 2 i1 = 0.0.0, i2 = 1, SINR = 41 dB, CQI = 15
[0m[NR_PHY] RI = 2 i1 = 0.0.0, i2 = 1, SINR = 41 dB, CQI = 15
[0m[NR_PHY] RI = 2 i1 = 0.0.0, i2 = 1, SINR = 41 dB, CQI = 15
[0m[NR_PHY] RI = 2 i1 = 0.0.0, i2 = 1, SINR = 41 dB, CQI = 15
[0m[NR_PHY] RI = 2 i1 = 0.0.0, i2 = 1, SINR = 41 dB, CQI = 15
[0m[NR_PHY] RI = 2 i1 = 0.0.0, i2 = 1, SINR = 41 dB, CQI = 15
[0m[NR_PHY] RI = 2 i1 = 0.0.0, i2 = 1, SINR = 41 dB, CQI = 15
[0m[NR_PHY] RI = 2 i1 = 0.0.0, i2 = 1, SINR = 41 dB, CQI = 15
[0m[NR_PHY] RI = 2 i1 = 0.0.0, i2 = 1, SINR = 41 dB, CQI = 15
[0m[NR_PHY] RI = 2 i1 = 0.0.0, i2 = 1, SINR = 41 dB, CQI = 15
[0m[NR_PHY] RI = 2 i1 = 0.0.0, i2 = 1, SINR = 41 dB, CQI = 15
[0m[NR_PHY] RI = 2 i1 = 0.0.0, i2 = 1, SINR = 41 dB, CQI = 15
[0m[1;31m[RLC]    2158 SDU rejected, SDU buffer full
[0m[NR_PHY] RI = 2 i1 = 0.0.0, i2 = 1, SINR = 41 dB, CQI = 15
[0m[NR_PHY] RI = 2 i1 = 0.0.0, i2 = 1, SINR = 41 dB, CQI = 15
[0m[NR_PHY] RI = 2 i1 = 0.0.0, i2 = 1, SINR = 41 dB, CQI = 15
[0m[NR_PHY] RI = 2 i1 = 0.0.0, i2 = 1, SINR = 41 dB, CQI = 15
[0m[NR_PHY] RI = 2 i1 = 0.0.0, i2 = 1, SINR = 41 dB, CQI = 15
[0m[NR_PHY] RI = 2 i1 = 0.0.0, i2 = 1, SINR = 41 dB, CQI = 15
[0m[NR_PHY] RI = 2 i1 = 0.0.0, i2 = 1, SINR = 41 dB, CQI = 15
[0m[NR_PHY] RI = 2 i1 = 0.0.0, i2 = 1, SINR = 41 dB, CQI = 15
[0m[NR_PHY] RI = 2 i1 = 0.0.0, i2 = 1, SINR = 41 dB, CQI = 15
[0m[NR_PHY] RI = 2 i1 = 0.0.0, i2 = 1, SINR = 41 dB, CQI = 15
[0m[NR_PHY] RI = 2 i1 = 0.0.0, i2 = 1, SINR = 41 dB, CQI = 15
[0m[NR_PHY] RI = 2 i1 = 0.0.0, i2 = 1, SINR = 41 dB, CQI = 15
[0m[NR_PHY] RI = 2 i1 = 0.0.0, i2 = 1, SINR = 41 dB, CQI = 15
[0m[NR_PHY] RI = 2 i1 = 0.0.0, i2 = 1, SINR = 41 dB, CQI = 15
[0m[NR_PHY] RI = 2 i1 = 0.0.0, i2 = 1, SINR = 41 dB, CQI = 15
[0m[NR_PHY] RI = 2 i1 = 0.0.0, i2 = 1, SINR = 41 dB, CQI = 15
[0m[NR_PHY] RI = 2 i1 = 0.0.0, i2 = 1, SINR = 41 dB, CQI = 15
[0m[NR_PHY] RI = 2 i1 = 0.0.0, i2 = 1, SINR = 41 dB, CQI = 15
[0m[NR_PHY] RI = 2 i1 = 0.0.0, i2 = 1, SINR = 41 dB, CQI = 15
[0m[NR_PHY] RI = 2 i1 = 0.0.0, i2 = 1, SINR = 41 dB, CQI = 15
[0m[NR_PHY] RI = 2 i1 = 0.0.0, i2 = 1, SINR = 41 dB, CQI = 15
[0m[NR_PHY] RI = 2 i1 = 0.0.0, i2 = 1, SINR = 41 dB, CQI = 15
[0m[NR_PHY] RI = 2 i1 = 0.0.0, i2 = 1, SINR = 41 dB, CQI = 15
[0m[NR_PHY] RI = 2 i1 = 0.0.0, i2 = 1, SINR = 41 dB, CQI = 15
[0m[NR_PHY] RI = 2 i1 = 0.0.0, i2 = 1, SINR = 41 dB, CQI = 15
[0m[NR_PHY] RI = 2 i1 = 0.0.0, i2 = 1, SINR = 41 dB, CQI = 15
[0m[NR_PHY] RI = 2 i1 = 0.0.0, i2 = 1, SINR = 41 dB, CQI = 15
[0m[NR_PHY] RI = 2 i1 = 0.0.0, i2 = 1, SINR = 41 dB, CQI = 15
[0m[NR_PHY] RI = 2 i1 = 0.0.0, i2 = 1, SINR = 41 dB, CQI = 15
[0m[NR_PHY] RI = 2 i1 = 0.0.0, i2 = 1, SINR = 41 dB, CQI = 15
[0m[NR_PHY] RI = 2 i1 = 0.0.0, i2 = 1, SINR = 41 dB, CQI = 15
[0m[NR_PHY] RI = 2 i1 = 0.0.0, i2 = 1, SINR = 41 dB, CQI = 15
[0m[NR_PHY] RI = 2 i1 = 0.0.0, i2 = 1, SINR = 41 dB, CQI = 15
[0m[NR_PHY] RI = 2 i1 = 0.0.0, i2 = 1, SINR = 41 dB, CQI = 15
[0m[NR_PHY] RI = 2 i1 = 0.0.0, i2 = 1, SINR = 41 dB, CQI = 15
[0m[NR_PHY] RI = 2 i1 = 0.0.0, i2 = 1, SINR = 41 dB, CQI = 15
[0m[NR_PHY] RI = 2 i1 = 0.0.0, i2 = 1, SINR = 41 dB, CQI = 15
[0m[NR_PHY] RI = 2 i1 = 0.0.0, i2 = 1, SINR = 41 dB, CQI = 15
[0m[NR_PHY] RI = 2 i1 = 0.0.0, i2 = 1, SINR = 41 dB, CQI = 15
[0m[NR_PHY] RI = 2 i1 = 0.0.0, i2 = 1, SINR = 41 dB, CQI = 15
[0m[NR_PHY] RI = 2 i1 = 0.0.0, i2 = 1, SINR = 41 dB, CQI = 15
[0m[NR_PHY] RI = 2 i1 = 0.0.0, i2 = 1, SINR = 41 dB, CQI = 15
[0m[NR_PHY] RI = 2 i1 = 0.0.0, i2 = 1, SINR = 41 dB, CQI = 15
[0m[NR_PHY] RI = 2 i1 = 0.0.0, i2 = 1, SINR = 41 dB, CQI = 15
[0m[NR_PHY] RI = 2 i1 = 0.0.0, i2 = 1, SINR = 41 dB, CQI = 15
[0m[NR_PHY] RI = 2 i1 = 0.0.0, i2 = 1, SINR = 41 dB, CQI = 15
[0m[NR_MAC] UE 0 RNTI 77c8 stats sfn: 256.2, cumulated bad DCI 0
    DL harq: 432/1
    UL harq: 9591/107 avg code rate 0.9, avg bit/symbol 5.9, avg per TB: (nb RBs 17.0, nb symbols 13.0)
[0m[NR_PHY] RI = 2 i1 = 0.0.0, i2 = 1, SINR = 41 dB, CQI = 15
[0m[NR_PHY] RI = 2 i1 = 0.0.0, i2 = 1, SINR = 41 dB, CQI = 15
[0m[NR_PHY] RI = 2 i1 = 0.0.0, i2 = 1, SINR = 41 dB, CQI = 15
[0m[NR_PHY] RI = 2 i1 = 0.0.0, i2 = 1, SINR = 41 dB, CQI = 15
[0m[1;31m[RLC]    2186 SDU rejected, SDU buffer full
[0m[NR_PHY] RI = 2 i1 = 0.0.0, i2 = 1, SINR = 41 dB, CQI = 15
[0m[NR_PHY] RI = 2 i1 = 0.0.0, i2 = 1, SINR = 41 dB, CQI = 15
[0m[NR_PHY] RI = 2 i1 = 0.0.0, i2 = 1, SINR = 41 dB, CQI = 15
[0m[NR_PHY] RI = 2 i1 = 0.0.0, i2 = 1, SINR = 41 dB, CQI = 15
[0m[NR_PHY] RI = 2 i1 = 0.0.0, i2 = 1, SINR = 41 dB, CQI = 15
[0m[NR_PHY] RI = 2 i1 = 0.0.0, i2 = 1, SINR = 41 dB, CQI = 15
[0m[NR_PHY] RI = 2 i1 = 0.0.0, i2 = 1, SINR = 41 dB, CQI = 15
[0m[NR_PHY] RI = 2 i1 = 0.0.0, i2 = 1, SINR = 41 dB, CQI = 15
[0m[NR_PHY] RI = 2 i1 = 0.0.0, i2 = 1, SINR = 41 dB, CQI = 15
[0m[NR_PHY] RI = 2 i1 = 0.0.0, i2 = 1, SINR = 41 dB, CQI = 15
[0m[NR_PHY] RI = 2 i1 = 0.0.0, i2 = 1, SINR = 41 dB, CQI = 15
[0m[NR_PHY] RI = 2 i1 = 0.0.0, i2 = 1, SINR = 41 dB, CQI = 15
[0m[NR_PHY] RI = 2 i1 = 0.0.0, i2 = 1, SINR = 41 dB, CQI = 15
[0m[NR_PHY] RI = 2 i1 = 0.0.0, i2 = 1, SINR = 41 dB, CQI = 15
[0m[NR_PHY] RI = 2 i1 = 0.0.0, i2 = 1, SINR = 41 dB, CQI = 15
[0m[NR_PHY] RI = 2 i1 = 0.0.0, i2 = 1, SINR = 41 dB, CQI = 15
[0m[NR_PHY] RI = 2 i1 = 0.0.0, i2 = 1, SINR = 41 dB, CQI = 15
[0m[NR_PHY] RI = 2 i1 = 0.0.0, i2 = 1, SINR = 41 dB, CQI = 15
[0m[NR_PHY] RI = 2 i1 = 0.0.0, i2 = 1, SINR = 41 dB, CQI = 15
[0m[NR_PHY] RI = 2 i1 = 0.0.0, i2 = 1, SINR = 41 dB, CQI = 15
[0m[NR_PHY] RI = 2 i1 = 0.0.0, i2 = 1, SINR = 41 dB, CQI = 15
[0m[NR_PHY] RI = 2 i1 = 0.0.0, i2 = 1, SINR = 41 dB, CQI = 15
[0m[NR_PHY] RI = 2 i1 = 0.0.0, i2 = 1, SINR = 41 dB, CQI = 15
[0m[NR_PHY] RI = 2 i1 = 0.0.0, i2 = 1, SINR = 41 dB, CQI = 15
[0m[NR_PHY] RI = 2 i1 = 0.0.0, i2 = 1, SINR = 41 dB, CQI = 15
[0m[NR_PHY] RI = 2 i1 = 0.0.0, i2 = 1, SINR = 41 dB, CQI = 15
[0m[NR_PHY] RI = 2 i1 = 0.0.0, i2 = 1, SINR = 41 dB, CQI = 15
[0m[NR_PHY] RI = 2 i1 = 0.0.0, i2 = 1, SINR = 41 dB, CQI = 15
[0m[NR_PHY] RI = 2 i1 = 0.0.0, i2 = 1, SINR = 41 dB, CQI = 15
[0m[NR_PHY] RI = 2 i1 = 0.0.0, i2 = 1, SINR = 41 dB, CQI = 15
[0m[NR_PHY] RI = 2 i1 = 0.0.0, i2 = 1, SINR = 41 dB, CQI = 15
[0m[NR_PHY] RI = 2 i1 = 0.0.0, i2 = 1, SINR = 41 dB, CQI = 15
[0m[NR_PHY] RI = 2 i1 = 0.0.0, i2 = 1, SINR = 41 dB, CQI = 15
[0m[NR_PHY] RI = 2 i1 = 0.0.0, i2 = 1, SINR = 41 dB, CQI = 15
[0m[NR_PHY] RI = 2 i1 = 0.0.0, i2 = 1, SINR = 41 dB, CQI = 15
[0m[NR_PHY] RI = 2 i1 = 0.0.0, i2 = 1, SINR = 41 dB, CQI = 15
[0m[NR_PHY] RI = 2 i1 = 0.0.0, i2 = 1, SINR = 41 dB, CQI = 15
[0m[NR_PHY] RI = 2 i1 = 0.0.0, i2 = 1, SINR = 41 dB, CQI = 15
[0m[NR_PHY] RI = 2 i1 = 0.0.0, i2 = 1, SINR = 41 dB, CQI = 15
[0m[NR_PHY] RI = 2 i1 = 0.0.0, i2 = 1, SINR = 41 dB, CQI = 15
[0m[NR_PHY] RI = 2 i1 = 0.0.0, i2 = 1, SINR = 41 dB, CQI = 15
[0m[NR_PHY] RI = 2 i1 = 0.0.0, i2 = 1, SINR = 41 dB, CQI = 15
[0m[NR_PHY] RI = 2 i1 = 0.0.0, i2 = 1, SINR = 41 dB, CQI = 15
[0m[NR_PHY] RI = 2 i1 = 0.0.0, i2 = 1, SINR = 41 dB, CQI = 15
[0m[NR_PHY] RI = 2 i1 = 0.0.0, i2 = 1, SINR = 41 dB, CQI = 15
[0m[NR_PHY] RI = 2 i1 = 0.0.0, i2 = 1, SINR = 41 dB, CQI = 15
[0m[NR_PHY] RI = 2 i1 = 0.0.0, i2 = 1, SINR = 41 dB, CQI = 15
[0m[NR_PHY] RI = 2 i1 = 0.0.0, i2 = 1, SINR = 41 dB, CQI = 15
[0m[NR_PHY] RI = 2 i1 = 0.0.0, i2 = 1, SINR = 41 dB, CQI = 15
[0m[NR_PHY] RI = 2 i1 = 0.0.0, i2 = 1, SINR = 41 dB, CQI = 15
[0m[1;31m[RLC]    2152 SDU rejected, SDU buffer full
[0m[NR_PHY] RI = 2 i1 = 0.0.0, i2 = 1, SINR = 41 dB, CQI = 15
[0m[NR_PHY] RI = 2 i1 = 0.0.0, i2 = 1, SINR = 41 dB, CQI = 15
[0m[NR_PHY] RI = 2 i1 = 0.0.0, i2 = 1, SINR = 41 dB, CQI = 15
[0m[NR_PHY] RI = 2 i1 = 0.0.0, i2 = 1, SINR = 41 dB, CQI = 15
[0m[NR_PHY] RI = 2 i1 = 0.0.0, i2 = 1, SINR = 41 dB, CQI = 15
[0m[NR_PHY] RI = 2 i1 = 0.0.0, i2 = 1, SINR = 41 dB, CQI = 15
[0m[NR_PHY] RI = 2 i1 = 0.0.0, i2 = 1, SINR = 41 dB, CQI = 15
[0m[NR_PHY] RI = 2 i1 = 0.0.0, i2 = 1, SINR = 41 dB, CQI = 15
[0m[NR_PHY] RI = 2 i1 = 0.0.0, i2 = 1, SINR = 41 dB, CQI = 15
[0m[NR_PHY] RI = 2 i1 = 0.0.0, i2 = 1, SINR = 41 dB, CQI = 15
[0m[NR_MAC] UE 0 RNTI 77c8 stats sfn: 384.2, cumulated bad DCI 0
    DL harq: 453/1
    UL harq: 10091/113 avg code rate 0.9, avg bit/symbol 5.9, avg per TB: (nb RBs 17.0, nb symbols 13.0)
[0m[NR_PHY] RI = 2 i1 = 0.0.0, i2 = 1, SINR = 41 dB, CQI = 15
[0m[NR_PHY] RI = 2 i1 = 0.0.0, i2 = 1, SINR = 41 dB, CQI = 15
[0m[NR_PHY] RI = 2 i1 = 0.0.0, i2 = 1, SINR = 41 dB, CQI = 15
[0m[NR_PHY] RI = 2 i1 = 0.0.0, i2 = 1, SINR = 41 dB, CQI = 15
[0m[NR_PHY] RI = 2 i1 = 0.0.0, i2 = 1, SINR = 41 dB, CQI = 15
[0m[NR_PHY] RI = 2 i1 = 0.0.0, i2 = 1, SINR = 41 dB, CQI = 15
[0m[NR_PHY] RI = 2 i1 = 0.0.0, i2 = 1, SINR = 41 dB, CQI = 15
[0m[NR_PHY] RI = 2 i1 = 0.0.0, i2 = 1, SINR = 41 dB, CQI = 15
[0m[NR_PHY] RI = 2 i1 = 0.0.0, i2 = 1, SINR = 41 dB, CQI = 15
[0m[NR_PHY] RI = 2 i1 = 0.0.0, i2 = 1, SINR = 41 dB, CQI = 15
[0m[NR_PHY] RI = 2 i1 = 0.0.0, i2 = 1, SINR = 41 dB, CQI = 15
[0m[NR_PHY] RI = 2 i1 = 0.0.0, i2 = 1, SINR = 41 dB, CQI = 15
[0m[NR_PHY] RI = 2 i1 = 0.0.0, i2 = 1, SINR = 41 dB, CQI = 15
[0m[NR_PHY] RI = 2 i1 = 0.0.0, i2 = 1, SINR = 41 dB, CQI = 15
[0m[NR_PHY] RI = 2 i1 = 0.0.0, i2 = 1, SINR = 41 dB, CQI = 15
[0m[NR_PHY] RI = 2 i1 = 0.0.0, i2 = 1, SINR = 41 dB, CQI = 15
[0m[NR_PHY] RI = 2 i1 = 0.0.0, i2 = 1, SINR = 41 dB, CQI = 15
[0m[NR_PHY] RI = 2 i1 = 0.0.0, i2 = 1, SINR = 41 dB, CQI = 15
[0m[NR_PHY] RI = 2 i1 = 0.0.0, i2 = 1, SINR = 41 dB, CQI = 15
[0m[NR_PHY] RI = 2 i1 = 0.0.0, i2 = 1, SINR = 41 dB, CQI = 15
[0m[NR_PHY] RI = 2 i1 = 0.0.0, i2 = 1, SINR = 41 dB, CQI = 15
[0m[NR_PHY] RI = 2 i1 = 0.0.0, i2 = 1, SINR = 41 dB, CQI = 15
[0m[NR_PHY] RI = 2 i1 = 0.0.0, i2 = 1, SINR = 41 dB, CQI = 15
[0m[NR_PHY] RI = 2 i1 = 0.0.0, i2 = 1, SINR = 41 dB, CQI = 15
[0m[NR_PHY] RI = 2 i1 = 0.0.0, i2 = 1, SINR = 41 dB, CQI = 15
[0m[NR_PHY] RI = 2 i1 = 0.0.0, i2 = 1, SINR = 41 dB, CQI = 15
[0m[NR_PHY] RI = 2 i1 = 0.0.0, i2 = 1, SINR = 41 dB, CQI = 15
[0m[NR_PHY] RI = 2 i1 = 0.0.0, i2 = 1, SINR = 41 dB, CQI = 15
[0m[NR_PHY] RI = 2 i1 = 0.0.0, i2 = 1, SINR = 41 dB, CQI = 15
[0m[NR_PHY] RI = 2 i1 = 0.0.0, i2 = 1, SINR = 41 dB, CQI = 15
[0m[NR_PHY] RI = 2 i1 = 0.0.0, i2 = 1, SINR = 41 dB, CQI = 15
[0m[NR_PHY] RI = 2 i1 = 0.0.0, i2 = 1, SINR = 41 dB, CQI = 15
[0m[NR_PHY] RI = 2 i1 = 0.0.0, i2 = 1, SINR = 41 dB, CQI = 15
[0m[NR_PHY] RI = 2 i1 = 0.0.0, i2 = 1, SINR = 41 dB, CQI = 15
[0m[NR_PHY] RI = 2 i1 = 0.0.0, i2 = 1, SINR = 41 dB, CQI = 15
[0m[NR_PHY] RI = 2 i1 = 0.0.0, i2 = 1, SINR = 41 dB, CQI = 15
[0m[NR_PHY] RI = 2 i1 = 0.0.0, i2 = 1, SINR = 41 dB, CQI = 15
[0m[NR_PHY] RI = 2 i1 = 0.0.0, i2 = 1, SINR = 41 dB, CQI = 15
[0m[NR_PHY] RI = 2 i1 = 0.0.0, i2 = 1, SINR = 41 dB, CQI = 15
[0m[NR_PHY] RI = 2 i1 = 0.0.0, i2 = 1, SINR = 41 dB, CQI = 15
[0m[1;31m[RLC]    2187 SDU rejected, SDU buffer full
[0m[NR_PHY] RI = 2 i1 = 0.0.0, i2 = 1, SINR = 41 dB, CQI = 15
[0m[NR_PHY] RI = 2 i1 = 0.0.0, i2 = 1, SINR = 41 dB, CQI = 15
[0m[NR_PHY] RI = 2 i1 = 0.0.0, i2 = 1, SINR = 41 dB, CQI = 15
[0m[NR_PHY] RI = 2 i1 = 0.0.0, i2 = 1, SINR = 41 dB, CQI = 15
[0m[NR_PHY] RI = 2 i1 = 0.0.0, i2 = 1, SINR = 41 dB, CQI = 15
[0m[NR_PHY] RI = 2 i1 = 0.0.0, i2 = 1, SINR = 41 dB, CQI = 15
[0m[NR_PHY] RI = 2 i1 = 0.0.0, i2 = 1, SINR = 41 dB, CQI = 15
[0m[NR_PHY] RI = 2 i1 = 0.0.0, i2 = 1, SINR = 41 dB, CQI = 15
[0m[NR_PHY] RI = 2 i1 = 0.0.0, i2 = 1, SINR = 41 dB, CQI = 15
[0m[NR_PHY] RI = 2 i1 = 0.0.0, i2 = 1, SINR = 41 dB, CQI = 15
[0m[NR_PHY] RI = 2 i1 = 0.0.0, i2 = 1, SINR = 41 dB, CQI = 15
[0m[NR_PHY] RI = 2 i1 = 0.0.0, i2 = 1, SINR = 41 dB, CQI = 15
[0m[NR_PHY] RI = 2 i1 = 0.0.0, i2 = 1, SINR = 41 dB, CQI = 15
[0m[NR_PHY] RI = 2 i1 = 0.0.0, i2 = 1, SINR = 41 dB, CQI = 15
[0m[NR_PHY] RI = 2 i1 = 0.0.0, i2 = 1, SINR = 41 dB, CQI = 15
[0m[NR_PHY] RI = 2 i1 = 0.0.0, i2 = 1, SINR = 41 dB, CQI = 15
[0m[NR_PHY] RI = 2 i1 = 0.0.0, i2 = 1, SINR = 41 dB, CQI = 15
[0m[NR_PHY] RI = 2 i1 = 0.0.0, i2 = 1, SINR = 41 dB, CQI = 15
[0m[NR_PHY] RI = 2 i1 = 0.0.0, i2 = 1, SINR = 41 dB, CQI = 15
[0m[NR_PHY] RI = 2 i1 = 0.0.0, i2 = 1, SINR = 41 dB, CQI = 15
[0m[NR_PHY] RI = 2 i1 = 0.0.0, i2 = 1, SINR = 41 dB, CQI = 15
[0m[NR_PHY] RI = 2 i1 = 0.0.0, i2 = 1, SINR = 41 dB, CQI = 15
[0m[NR_PHY] RI = 2 i1 = 0.0.0, i2 = 1, SINR = 41 dB, CQI = 15
[0m[NR_PHY] RI = 2 i1 = 0.0.0, i2 = 1, SINR = 41 dB, CQI = 15
[0m[NR_MAC] UE 0 RNTI 77c8 stats sfn: 512.2, cumulated bad DCI 0
    DL harq: 473/1
    UL harq: 10591/119 avg code rate 0.9, avg bit/symbol 5.9, avg per TB: (nb RBs 17.0, nb symbols 13.0)
[0m[NR_PHY] RI = 2 i1 = 0.0.0, i2 = 1, SINR = 41 dB, CQI = 15
[0m[NR_PHY] RI = 2 i1 = 0.0.0, i2 = 1, SINR = 41 dB, CQI = 15
[0m[NR_PHY] RI = 2 i1 = 0.0.0, i2 = 1, SINR = 41 dB, CQI = 15
[0m[NR_PHY] RI = 2 i1 = 0.0.0, i2 = 1, SINR = 41 dB, CQI = 15
[0m[NR_PHY] RI = 2 i1 = 0.0.0, i2 = 1, SINR = 41 dB, CQI = 15
[0m[NR_PHY] RI = 2 i1 = 0.0.0, i2 = 1, SINR = 41 dB, CQI = 15
[0m[NR_PHY] RI = 2 i1 = 0.0.0, i2 = 1, SINR = 41 dB, CQI = 15
[0m[NR_PHY] RI = 2 i1 = 0.0.0, i2 = 1, SINR = 41 dB, CQI = 15
[0m[NR_PHY] RI = 2 i1 = 0.0.0, i2 = 1, SINR = 41 dB, CQI = 15
[0m[NR_PHY] RI = 2 i1 = 0.0.0, i2 = 1, SINR = 41 dB, CQI = 15
[0m[NR_PHY] RI = 2 i1 = 0.0.0, i2 = 1, SINR = 41 dB, CQI = 15
[0m[NR_PHY] RI = 2 i1 = 0.0.0, i2 = 1, SINR = 41 dB, CQI = 15
[0m[NR_PHY] RI = 2 i1 = 0.0.0, i2 = 1, SINR = 41 dB, CQI = 15
[0m[NR_PHY] RI = 2 i1 = 0.0.0, i2 = 1, SINR = 41 dB, CQI = 15
[0m[NR_PHY] RI = 2 i1 = 0.0.0, i2 = 1, SINR = 41 dB, CQI = 15
[0m[NR_PHY] RI = 2 i1 = 0.0.0, i2 = 1, SINR = 41 dB, CQI = 15
[0m[NR_PHY] RI = 2 i1 = 0.0.0, i2 = 1, SINR = 41 dB, CQI = 15
[0m[NR_PHY] RI = 2 i1 = 0.0.0, i2 = 1, SINR = 41 dB, CQI = 15
[0m[NR_PHY] RI = 2 i1 = 0.0.0, i2 = 1, SINR = 41 dB, CQI = 15
[0m[NR_PHY] RI = 2 i1 = 0.0.0, i2 = 1, SINR = 41 dB, CQI = 15
[0m[NR_PHY] RI = 2 i1 = 0.0.0, i2 = 1, SINR = 41 dB, CQI = 15
[0m[NR_PHY] RI = 2 i1 = 0.0.0, i2 = 1, SINR = 41 dB, CQI = 15
[0m[NR_PHY] RI = 2 i1 = 0.0.0, i2 = 1, SINR = 41 dB, CQI = 15
[0m[NR_PHY] RI = 2 i1 = 0.0.0, i2 = 1, SINR = 41 dB, CQI = 15
[0m[NR_PHY] RI = 2 i1 = 0.0.0, i2 = 1, SINR = 41 dB, CQI = 15
[0m[NR_PHY] RI = 2 i1 = 0.0.0, i2 = 1, SINR = 41 dB, CQI = 15
[0m[1;31m[RLC]    2142 SDU rejected, SDU buffer full
[0m[NR_PHY] RI = 2 i1 = 0.0.0, i2 = 0, SINR = 0 dB, CQI = 0
[0m[NR_PHY] RI = 2 i1 = 0.0.0, i2 = 1, SINR = 41 dB, CQI = 15
[0m[NR_PHY] RI = 2 i1 = 0.0.0, i2 = 1, SINR = 41 dB, CQI = 15
[0m[NR_PHY] RI = 2 i1 = 0.0.0, i2 = 1, SINR = 41 dB, CQI = 15
[0m[NR_PHY] RI = 2 i1 = 0.0.0, i2 = 1, SINR = 41 dB, CQI = 15
[0m[NR_PHY] RI = 2 i1 = 0.0.0, i2 = 1, SINR = 41 dB, CQI = 15
[0m[NR_PHY] RI = 2 i1 = 0.0.0, i2 = 1, SINR = 41 dB, CQI = 15
[0m[NR_PHY] RI = 2 i1 = 0.0.0, i2 = 1, SINR = 41 dB, CQI = 15
[0m[NR_PHY] RI = 2 i1 = 0.0.0, i2 = 1, SINR = 41 dB, CQI = 15
[0m[NR_PHY] RI = 2 i1 = 0.0.0, i2 = 1, SINR = 41 dB, CQI = 15
[0m[NR_PHY] RI = 2 i1 = 0.0.0, i2 = 1, SINR = 41 dB, CQI = 15
[0m[NR_PHY] RI = 2 i1 = 0.0.0, i2 = 1, SINR = 41 dB, CQI = 15
[0m[NR_PHY] RI = 2 i1 = 0.0.0, i2 = 1, SINR = 41 dB, CQI = 15
[0m[NR_PHY] RI = 2 i1 = 0.0.0, i2 = 1, SINR = 41 dB, CQI = 15
[0m[NR_PHY] RI = 2 i1 = 0.0.0, i2 = 1, SINR = 41 dB, CQI = 15
[0m[NR_PHY] RI = 2 i1 = 0.0.0, i2 = 1, SINR = 41 dB, CQI = 15
[0m[NR_PHY] RI = 2 i1 = 0.0.0, i2 = 1, SINR = 41 dB, CQI = 15
[0m[NR_PHY] RI = 2 i1 = 0.0.0, i2 = 1, SINR = 41 dB, CQI = 15
[0m[NR_PHY] RI = 2 i1 = 0.0.0, i2 = 1, SINR = 41 dB, CQI = 15
[0m[NR_PHY] RI = 2 i1 = 0.0.0, i2 = 1, SINR = 41 dB, CQI = 15
[0m[NR_PHY] RI = 2 i1 = 0.0.0, i2 = 1, SINR = 41 dB, CQI = 15
[0m[NR_PHY] RI = 2 i1 = 0.0.0, i2 = 1, SINR = 41 dB, CQI = 15
[0m[NR_PHY] RI = 2 i1 = 0.0.0, i2 = 1, SINR = 41 dB, CQI = 15
[0m[NR_PHY] RI = 2 i1 = 0.0.0, i2 = 1, SINR = 41 dB, CQI = 15
[0m[NR_PHY] RI = 2 i1 = 0.0.0, i2 = 1, SINR = 41 dB, CQI = 15
[0m[NR_PHY] RI = 2 i1 = 0.0.0, i2 = 1, SINR = 41 dB, CQI = 15
[0m[NR_PHY] RI = 2 i1 = 0.0.0, i2 = 1, SINR = 41 dB, CQI = 15
[0m[NR_PHY] RI = 2 i1 = 0.0.0, i2 = 1, SINR = 41 dB, CQI = 15
[0m[NR_PHY] RI = 2 i1 = 0.0.0, i2 = 1, SINR = 41 dB, CQI = 15
[0m[NR_PHY] RI = 2 i1 = 0.0.0, i2 = 0, SINR = 0 dB, CQI = 0
[0m[NR_PHY] RI = 2 i1 = 0.0.0, i2 = 1, SINR = 41 dB, CQI = 15
[0m[NR_PHY] RI = 2 i1 = 0.0.0, i2 = 1, SINR = 41 dB, CQI = 15
[0m[NR_PHY] RI = 2 i1 = 0.0.0, i2 = 1, SINR = 41 dB, CQI = 15
[0m[NR_PHY] RI = 2 i1 = 0.0.0, i2 = 1, SINR = 41 dB, CQI = 15
[0m[NR_PHY] RI = 2 i1 = 0.0.0, i2 = 1, SINR = 41 dB, CQI = 15
[0m[NR_PHY] RI = 2 i1 = 0.0.0, i2 = 1, SINR = 41 dB, CQI = 15
[0m[NR_PHY] RI = 2 i1 = 0.0.0, i2 = 1, SINR = 41 dB, CQI = 15
[0m[NR_PHY] RI = 2 i1 = 0.0.0, i2 = 1, SINR = 41 dB, CQI = 15
[0m[NR_MAC] UE 0 RNTI 77c8 stats sfn: 640.2, cumulated bad DCI 0
    DL harq: 494/1
    UL harq: 11095/123 avg code rate 0.9, avg bit/symbol 5.9, avg per TB: (nb RBs 17.0, nb symbols 13.0)
[0m[NR_PHY] RI = 2 i1 = 0.0.0, i2 = 1, SINR = 41 dB, CQI = 15
[0m[NR_PHY] RI = 2 i1 = 0.0.0, i2 = 1, SINR = 41 dB, CQI = 15
[0m[NR_PHY] RI = 2 i1 = 0.0.0, i2 = 1, SINR = 41 dB, CQI = 15
[0m[NR_PHY] RI = 2 i1 = 0.0.0, i2 = 1, SINR = 41 dB, CQI = 15
[0m[NR_PHY] RI = 2 i1 = 0.0.0, i2 = 1, SINR = 41 dB, CQI = 15
[0m[NR_PHY] RI = 2 i1 = 0.0.0, i2 = 1, SINR = 41 dB, CQI = 15
[0m[NR_PHY] RI = 2 i1 = 0.0.0, i2 = 1, SINR = 41 dB, CQI = 15
[0m[NR_PHY] RI = 2 i1 = 0.0.0, i2 = 1, SINR = 41 dB, CQI = 15
[0m[NR_PHY] RI = 2 i1 = 0.0.0, i2 = 1, SINR = 41 dB, CQI = 15
[0m[NR_PHY] RI = 2 i1 = 0.0.0, i2 = 1, SINR = 41 dB, CQI = 15
[0m[NR_PHY] RI = 2 i1 = 0.0.0, i2 = 1, SINR = 41 dB, CQI = 15
[0m[NR_PHY] RI = 2 i1 = 0.0.0, i2 = 1, SINR = 41 dB, CQI = 15
[0m[1;31m[RLC]    2173 SDU rejected, SDU buffer full
[0m[NR_PHY] RI = 2 i1 = 0.0.0, i2 = 1, SINR = 41 dB, CQI = 15
[0m[NR_PHY] RI = 2 i1 = 0.0.0, i2 = 1, SINR = 41 dB, CQI = 15
[0m[NR_PHY] RI = 2 i1 = 0.0.0, i2 = 1, SINR = 41 dB, CQI = 15
[0m[NR_PHY] RI = 2 i1 = 0.0.0, i2 = 1, SINR = 41 dB, CQI = 15
[0m[NR_PHY] RI = 2 i1 = 0.0.0, i2 = 1, SINR = 41 dB, CQI = 15
[0m[NR_PHY] RI = 2 i1 = 0.0.0, i2 = 1, SINR = 41 dB, CQI = 15
[0m[NR_PHY] RI = 2 i1 = 0.0.0, i2 = 1, SINR = 41 dB, CQI = 15
[0m[NR_PHY] RI = 2 i1 = 0.0.0, i2 = 1, SINR = 41 dB, CQI = 15
[0m[NR_PHY] RI = 2 i1 = 0.0.0, i2 = 1, SINR = 41 dB, CQI = 15
[0m[NR_PHY] RI = 2 i1 = 0.0.0, i2 = 1, SINR = 41 dB, CQI = 15
[0m[NR_PHY] RI = 2 i1 = 0.0.0, i2 = 1, SINR = 41 dB, CQI = 15
[0m[NR_PHY] RI = 2 i1 = 0.0.0, i2 = 1, SINR = 41 dB, CQI = 15
[0m[NR_PHY] RI = 2 i1 = 0.0.0, i2 = 1, SINR = 41 dB, CQI = 15
[0m[NR_PHY] RI = 2 i1 = 0.0.0, i2 = 1, SINR = 41 dB, CQI = 15
[0m[NR_PHY] RI = 2 i1 = 0.0.0, i2 = 1, SINR = 41 dB, CQI = 15
[0m[NR_PHY] RI = 2 i1 = 0.0.0, i2 = 1, SINR = 41 dB, CQI = 15
[0m[NR_PHY] RI = 2 i1 = 0.0.0, i2 = 1, SINR = 41 dB, CQI = 15
[0m[NR_PHY] RI = 2 i1 = 0.0.0, i2 = 1, SINR = 41 dB, CQI = 15
[0m[NR_PHY] RI = 2 i1 = 0.0.0, i2 = 1, SINR = 41 dB, CQI = 15
[0m[NR_PHY] RI = 2 i1 = 0.0.0, i2 = 1, SINR = 41 dB, CQI = 15
[0m[NR_PHY] RI = 2 i1 = 0.0.0, i2 = 1, SINR = 41 dB, CQI = 15
[0m[NR_PHY] RI = 2 i1 = 0.0.0, i2 = 1, SINR = 41 dB, CQI = 15
[0m[NR_PHY] RI = 2 i1 = 0.0.0, i2 = 1, SINR = 41 dB, CQI = 15
[0m[NR_PHY] RI = 2 i1 = 0.0.0, i2 = 1, SINR = 41 dB, CQI = 15
[0m[NR_PHY] RI = 2 i1 = 0.0.0, i2 = 1, SINR = 41 dB, CQI = 15
[0m[NR_PHY] RI = 2 i1 = 0.0.0, i2 = 1, SINR = 41 dB, CQI = 15
[0m[NR_PHY] RI = 2 i1 = 0.0.0, i2 = 1, SINR = 41 dB, CQI = 15
[0m[NR_PHY] RI = 2 i1 = 0.0.0, i2 = 1, SINR = 41 dB, CQI = 15
[0m[NR_PHY] RI = 2 i1 = 0.0.0, i2 = 1, SINR = 41 dB, CQI = 15
[0m[NR_PHY] RI = 2 i1 = 0.0.0, i2 = 1, SINR = 41 dB, CQI = 15
[0m[NR_PHY] RI = 2 i1 = 0.0.0, i2 = 1, SINR = 41 dB, CQI = 15
[0m[NR_PHY] RI = 2 i1 = 0.0.0, i2 = 1, SINR = 41 dB, CQI = 15
[0m[NR_PHY] RI = 2 i1 = 0.0.0, i2 = 1, SINR = 41 dB, CQI = 15
[0m[NR_PHY] RI = 2 i1 = 0.0.0, i2 = 1, SINR = 41 dB, CQI = 15
[0m[NR_PHY] RI = 2 i1 = 0.0.0, i2 = 1, SINR = 41 dB, CQI = 15
[0m[NR_PHY] RI = 2 i1 = 0.0.0, i2 = 1, SINR = 41 dB, CQI = 15
[0m[NR_PHY] RI = 2 i1 = 0.0.0, i2 = 1, SINR = 41 dB, CQI = 15
[0m[NR_PHY] RI = 2 i1 = 0.0.0, i2 = 1, SINR = 41 dB, CQI = 15
[0m[NR_PHY] RI = 2 i1 = 0.0.0, i2 = 1, SINR = 41 dB, CQI = 15
[0m[NR_PHY] RI = 2 i1 = 0.0.0, i2 = 1, SINR = 41 dB, CQI = 15
[0m[NR_PHY] RI = 2 i1 = 0.0.0, i2 = 1, SINR = 41 dB, CQI = 15
[0m[NR_PHY] RI = 2 i1 = 0.0.0, i2 = 1, SINR = 41 dB, CQI = 15
[0m[NR_PHY] RI = 2 i1 = 0.0.0, i2 = 1, SINR = 41 dB, CQI = 15
[0m[NR_PHY] RI = 2 i1 = 0.0.0, i2 = 1, SINR = 41 dB, CQI = 15
[0m[NR_PHY] RI = 2 i1 = 0.0.0, i2 = 1, SINR = 41 dB, CQI = 15
[0m[NR_PHY] RI = 2 i1 = 0.0.0, i2 = 1, SINR = 41 dB, CQI = 15
[0m[NR_PHY] RI = 2 i1 = 0.0.0, i2 = 1, SINR = 41 dB, CQI = 15
[0m[NR_PHY] RI = 2 i1 = 0.0.0, i2 = 1, SINR = 41 dB, CQI = 15
[0m[NR_PHY] RI = 2 i1 = 0.0.0, i2 = 1, SINR = 41 dB, CQI = 15
[0m[NR_PHY] RI = 2 i1 = 0.0.0, i2 = 1, SINR = 41 dB, CQI = 15
[0m[1;31m[RLC]    2175 SDU rejected, SDU buffer full
[0m[NR_PHY] RI = 2 i1 = 0.0.0, i2 = 1, SINR = 41 dB, CQI = 15
[0m[NR_PHY] RI = 2 i1 = 0.0.0, i2 = 1, SINR = 41 dB, CQI = 15
[0m[NR_MAC] UE 0 RNTI 77c8 stats sfn: 768.2, cumulated bad DCI 0
    DL harq: 514/1
    UL harq: 11595/129 avg code rate 0.9, avg bit/symbol 5.9, avg per TB: (nb RBs 17.0, nb symbols 13.0)
[0m[NR_PHY] RI = 2 i1 = 0.0.0, i2 = 1, SINR = 41 dB, CQI = 15
[0m[NR_PHY] RI = 2 i1 = 0.0.0, i2 = 1, SINR = 41 dB, CQI = 15
[0m[NR_PHY] RI = 2 i1 = 0.0.0, i2 = 1, SINR = 41 dB, CQI = 15
[0m[NR_PHY] RI = 2 i1 = 0.0.0, i2 = 1, SINR = 41 dB, CQI = 15
[0m[NR_PHY] RI = 2 i1 = 0.0.0, i2 = 1, SINR = 41 dB, CQI = 15
[0m[NR_PHY] RI = 2 i1 = 0.0.0, i2 = 1, SINR = 41 dB, CQI = 15
[0m[NR_PHY] RI = 2 i1 = 0.0.0, i2 = 1, SINR = 41 dB, CQI = 15
[0m[NR_PHY] RI = 2 i1 = 0.0.0, i2 = 1, SINR = 41 dB, CQI = 15
[0m[NR_PHY] RI = 2 i1 = 0.0.0, i2 = 1, SINR = 41 dB, CQI = 15
[0m[NR_PHY] RI = 2 i1 = 0.0.0, i2 = 1, SINR = 41 dB, CQI = 15
[0m[NR_PHY] RI = 2 i1 = 0.0.0, i2 = 1, SINR = 41 dB, CQI = 15
[0m[NR_PHY] RI = 2 i1 = 0.0.0, i2 = 1, SINR = 41 dB, CQI = 15
[0m[NR_PHY] RI = 2 i1 = 0.0.0, i2 = 1, SINR = 41 dB, CQI = 15
[0m[NR_PHY] RI = 2 i1 = 0.0.0, i2 = 1, SINR = 41 dB, CQI = 15
[0m[NR_PHY] RI = 2 i1 = 0.0.0, i2 = 1, SINR = 41 dB, CQI = 15
[0m[NR_PHY] RI = 2 i1 = 0.0.0, i2 = 1, SINR = 41 dB, CQI = 15
[0m[NR_PHY] RI = 2 i1 = 0.0.0, i2 = 1, SINR = 41 dB, CQI = 15
[0m[NR_PHY] RI = 2 i1 = 0.0.0, i2 = 1, SINR = 41 dB, CQI = 15
[0m[NR_PHY] RI = 2 i1 = 0.0.0, i2 = 1, SINR = 41 dB, CQI = 15
[0m[NR_PHY] RI = 2 i1 = 0.0.0, i2 = 1, SINR = 41 dB, CQI = 15
[0m[NR_PHY] RI = 2 i1 = 0.0.0, i2 = 1, SINR = 41 dB, CQI = 15
[0m[NR_PHY] RI = 2 i1 = 0.0.0, i2 = 1, SINR = 41 dB, CQI = 15
[0m[NR_PHY] RI = 2 i1 = 0.0.0, i2 = 1, SINR = 41 dB, CQI = 15
[0m[NR_PHY] RI = 2 i1 = 0.0.0, i2 = 1, SINR = 41 dB, CQI = 15
[0m[NR_PHY] RI = 2 i1 = 0.0.0, i2 = 1, SINR = 41 dB, CQI = 15
[0m[NR_PHY] RI = 2 i1 = 0.0.0, i2 = 0, SINR = 0 dB, CQI = 0
[0m[NR_PHY] RI = 2 i1 = 0.0.0, i2 = 1, SINR = 41 dB, CQI = 15
[0m[NR_PHY] RI = 2 i1 = 0.0.0, i2 = 1, SINR = 41 dB, CQI = 15
[0m[NR_PHY] RI = 2 i1 = 0.0.0, i2 = 1, SINR = 41 dB, CQI = 15
[0m[NR_PHY] RI = 2 i1 = 0.0.0, i2 = 1, SINR = 41 dB, CQI = 15
[0m[NR_PHY] RI = 2 i1 = 0.0.0, i2 = 1, SINR = 41 dB, CQI = 15
[0m[NR_PHY] RI = 2 i1 = 0.0.0, i2 = 1, SINR = 41 dB, CQI = 15
[0m[NR_PHY] RI = 2 i1 = 0.0.0, i2 = 1, SINR = 41 dB, CQI = 15
[0m[NR_PHY] RI = 2 i1 = 0.0.0, i2 = 1, SINR = 41 dB, CQI = 15
[0m[NR_PHY] RI = 2 i1 = 0.0.0, i2 = 1, SINR = 41 dB, CQI = 15
[0m[NR_PHY] RI = 2 i1 = 0.0.0, i2 = 1, SINR = 41 dB, CQI = 15
[0m[NR_PHY] RI = 2 i1 = 0.0.0, i2 = 1, SINR = 41 dB, CQI = 15
[0m[NR_PHY] RI = 2 i1 = 0.0.0, i2 = 1, SINR = 41 dB, CQI = 15
[0m[NR_PHY] RI = 2 i1 = 0.0.0, i2 = 1, SINR = 41 dB, CQI = 15
[0m[NR_PHY] RI = 2 i1 = 0.0.0, i2 = 1, SINR = 41 dB, CQI = 15
[0m[NR_PHY] RI = 2 i1 = 0.0.0, i2 = 1, SINR = 41 dB, CQI = 15
[0m[NR_PHY] RI = 2 i1 = 0.0.0, i2 = 1, SINR = 41 dB, CQI = 15
[0m[NR_PHY] RI = 2 i1 = 0.0.0, i2 = 1, SINR = 41 dB, CQI = 15
[0m[NR_PHY] RI = 2 i1 = 0.0.0, i2 = 1, SINR = 41 dB, CQI = 15
[0m[NR_PHY] RI = 2 i1 = 0.0.0, i2 = 1, SINR = 41 dB, CQI = 15
[0m[NR_PHY] RI = 2 i1 = 0.0.0, i2 = 1, SINR = 41 dB, CQI = 15
[0m[NR_PHY] RI = 2 i1 = 0.0.0, i2 = 1, SINR = 41 dB, CQI = 15
[0m[NR_PHY] RI = 2 i1 = 0.0.0, i2 = 1, SINR = 41 dB, CQI = 15
[0m[NR_PHY] RI = 2 i1 = 0.0.0, i2 = 1, SINR = 41 dB, CQI = 15
[0m[NR_PHY] RI = 2 i1 = 0.0.0, i2 = 1, SINR = 41 dB, CQI = 15
[0m[NR_PHY] RI = 2 i1 = 0.0.0, i2 = 1, SINR = 41 dB, CQI = 15
[0m[NR_PHY] RI = 2 i1 = 0.0.0, i2 = 1, SINR = 41 dB, CQI = 15
[0m[NR_PHY] RI = 2 i1 = 0.0.0, i2 = 1, SINR = 41 dB, CQI = 15
[0m[NR_PHY] RI = 2 i1 = 0.0.0, i2 = 1, SINR = 41 dB, CQI = 15
[0m[NR_PHY] RI = 2 i1 = 0.0.0, i2 = 1, SINR = 41 dB, CQI = 15
[0m[1;31m[RLC]    1437 SDU rejected, SDU buffer full
[0m[NR_PHY] RI = 2 i1 = 0.0.0, i2 = 1, SINR = 41 dB, CQI = 15
[0m[NR_PHY] RI = 2 i1 = 0.0.0, i2 = 1, SINR = 41 dB, CQI = 15
[0m[NR_PHY] RI = 2 i1 = 0.0.0, i2 = 1, SINR = 41 dB, CQI = 15
[0m[NR_PHY] RI = 2 i1 = 0.0.0, i2 = 1, SINR = 41 dB, CQI = 15
[0m[NR_PHY] RI = 2 i1 = 0.0.0, i2 = 1, SINR = 41 dB, CQI = 15
[0m[NR_PHY] RI = 2 i1 = 0.0.0, i2 = 1, SINR = 41 dB, CQI = 15
[0m[NR_PHY] RI = 2 i1 = 0.0.0, i2 = 1, SINR = 41 dB, CQI = 15
[0m[NR_PHY] RI = 2 i1 = 0.0.0, i2 = 1, SINR = 41 dB, CQI = 15
[0m[NR_PHY] RI = 2 i1 = 0.0.0, i2 = 1, SINR = 41 dB, CQI = 15
[0m[NR_MAC] UE 0 RNTI 77c8 stats sfn: 896.2, cumulated bad DCI 0
    DL harq: 534/1
    UL harq: 12089/138 avg code rate 0.9, avg bit/symbol 5.9, avg per TB: (nb RBs 17.0, nb symbols 13.0)
[0m[NR_PHY] RI = 2 i1 = 0.0.0, i2 = 1, SINR = 41 dB, CQI = 15
[0m[NR_PHY] RI = 2 i1 = 0.0.0, i2 = 1, SINR = 41 dB, CQI = 15
[0m[NR_PHY] RI = 2 i1 = 0.0.0, i2 = 1, SINR = 41 dB, CQI = 15
[0m[NR_PHY] RI = 2 i1 = 0.0.0, i2 = 1, SINR = 41 dB, CQI = 15
[0m[NR_PHY] RI = 2 i1 = 0.0.0, i2 = 1, SINR = 41 dB, CQI = 15
[0m[NR_PHY] RI = 2 i1 = 0.0.0, i2 = 1, SINR = 41 dB, CQI = 15
[0m[NR_PHY] RI = 2 i1 = 0.0.0, i2 = 1, SINR = 41 dB, CQI = 15
[0m[NR_PHY] RI = 2 i1 = 0.0.0, i2 = 1, SINR = 41 dB, CQI = 15
[0m[NR_PHY] RI = 2 i1 = 0.0.0, i2 = 1, SINR = 41 dB, CQI = 15
[0m[NR_PHY] RI = 2 i1 = 0.0.0, i2 = 1, SINR = 41 dB, CQI = 15
[0m[NR_PHY] RI = 2 i1 = 0.0.0, i2 = 1, SINR = 41 dB, CQI = 15
[0m[NR_PHY] RI = 2 i1 = 0.0.0, i2 = 1, SINR = 41 dB, CQI = 15
[0m[NR_PHY] RI = 2 i1 = 0.0.0, i2 = 1, SINR = 41 dB, CQI = 15
[0m[NR_PHY] RI = 2 i1 = 0.0.0, i2 = 1, SINR = 41 dB, CQI = 15
[0m[NR_PHY] RI = 2 i1 = 0.0.0, i2 = 1, SINR = 41 dB, CQI = 15
[0m[NR_PHY] RI = 2 i1 = 0.0.0, i2 = 1, SINR = 41 dB, CQI = 15
[0m[NR_PHY] RI = 2 i1 = 0.0.0, i2 = 1, SINR = 41 dB, CQI = 15
[0m[NR_PHY] RI = 2 i1 = 0.0.0, i2 = 1, SINR = 41 dB, CQI = 15
[0m[NR_PHY] RI = 2 i1 = 0.0.0, i2 = 1, SINR = 41 dB, CQI = 15
[0m[NR_PHY] RI = 2 i1 = 0.0.0, i2 = 1, SINR = 41 dB, CQI = 15
[0m[NR_PHY] RI = 2 i1 = 0.0.0, i2 = 1, SINR = 41 dB, CQI = 15
[0m[NR_PHY] RI = 2 i1 = 0.0.0, i2 = 1, SINR = 41 dB, CQI = 15
[0m[NR_PHY] RI = 2 i1 = 0.0.0, i2 = 1, SINR = 41 dB, CQI = 15
[0m[NR_PHY] RI = 2 i1 = 0.0.0, i2 = 1, SINR = 41 dB, CQI = 15
[0m[NR_PHY] RI = 2 i1 = 0.0.0, i2 = 1, SINR = 41 dB, CQI = 15
[0m[NR_PHY] RI = 2 i1 = 0.0.0, i2 = 1, SINR = 41 dB, CQI = 15
[0m[NR_PHY] RI = 2 i1 = 0.0.0, i2 = 1, SINR = 41 dB, CQI = 15
[0m[NR_PHY] RI = 2 i1 = 0.0.0, i2 = 1, SINR = 41 dB, CQI = 15
[0m[NR_PHY] RI = 2 i1 = 0.0.0, i2 = 1, SINR = 41 dB, CQI = 15
[0m[NR_PHY] RI = 2 i1 = 0.0.0, i2 = 1, SINR = 41 dB, CQI = 15
[0m[NR_PHY] RI = 2 i1 = 0.0.0, i2 = 1, SINR = 41 dB, CQI = 15
[0m[NR_PHY] RI = 2 i1 = 0.0.0, i2 = 1, SINR = 41 dB, CQI = 15
[0m[NR_PHY] RI = 2 i1 = 0.0.0, i2 = 1, SINR = 41 dB, CQI = 15
[0m[NR_PHY] RI = 2 i1 = 0.0.0, i2 = 1, SINR = 41 dB, CQI = 15
[0m[NR_PHY] RI = 2 i1 = 0.0.0, i2 = 1, SINR = 41 dB, CQI = 15
[0m[NR_PHY] RI = 2 i1 = 0.0.0, i2 = 1, SINR = 41 dB, CQI = 15
[0m[NR_PHY] RI = 2 i1 = 0.0.0, i2 = 1, SINR = 41 dB, CQI = 15
[0m[NR_PHY] RI = 2 i1 = 0.0.0, i2 = 1, SINR = 41 dB, CQI = 15
[0m[NR_PHY] RI = 2 i1 = 0.0.0, i2 = 1, SINR = 41 dB, CQI = 15
[0m[NR_PHY] RI = 2 i1 = 0.0.0, i2 = 1, SINR = 41 dB, CQI = 15
[0m[NR_PHY] RI = 2 i1 = 0.0.0, i2 = 1, SINR = 41 dB, CQI = 15
[0m[NR_PHY] RI = 2 i1 = 0.0.0, i2 = 1, SINR = 41 dB, CQI = 15
[0m[NR_PHY] RI = 2 i1 = 0.0.0, i2 = 1, SINR = 41 dB, CQI = 15
[0m[NR_PHY] RI = 2 i1 = 0.0.0, i2 = 1, SINR = 41 dB, CQI = 15
[0m[NR_PHY] RI = 2 i1 = 0.0.0, i2 = 1, SINR = 41 dB, CQI = 15
[0m[NR_PHY] RI = 2 i1 = 0.0.0, i2 = 1, SINR = 41 dB, CQI = 15
[0m[NR_PHY] RI = 2 i1 = 0.0.0, i2 = 1, SINR = 41 dB, CQI = 15
[0m[NR_PHY] RI = 2 i1 = 0.0.0, i2 = 1, SINR = 41 dB, CQI = 15
[0m[NR_PHY] RI = 2 i1 = 0.0.0, i2 = 1, SINR = 41 dB, CQI = 15
[0m[NR_PHY] RI = 2 i1 = 0.0.0, i2 = 1, SINR = 41 dB, CQI = 15
[0m[NR_PHY] RI = 2 i1 = 0.0.0, i2 = 1, SINR = 41 dB, CQI = 15
[0m[NR_PHY] RI = 2 i1 = 0.0.0, i2 = 1, SINR = 41 dB, CQI = 15
[0m[NR_PHY] RI = 2 i1 = 0.0.0, i2 = 1, SINR = 41 dB, CQI = 15
[0m[NR_PHY] RI = 2 i1 = 0.0.0, i2 = 1, SINR = 41 dB, CQI = 15
[0m[NR_PHY] RI = 2 i1 = 0.0.0, i2 = 1, SINR = 41 dB, CQI = 15
[0m[NR_PHY] RI = 2 i1 = 0.0.0, i2 = 1, SINR = 41 dB, CQI = 15
[0m[NR_PHY] RI = 2 i1 = 0.0.0, i2 = 1, SINR = 41 dB, CQI = 15
[0m[NR_PHY] RI = 2 i1 = 0.0.0, i2 = 1, SINR = 41 dB, CQI = 15
[0m[NR_PHY] RI = 2 i1 = 0.0.0, i2 = 1, SINR = 41 dB, CQI = 15
[0m[NR_PHY] RI = 2 i1 = 0.0.0, i2 = 1, SINR = 41 dB, CQI = 15
[0m[NR_PHY] RI = 2 i1 = 0.0.0, i2 = 1, SINR = 41 dB, CQI = 15
[0m[NR_PHY] RI = 2 i1 = 0.0.0, i2 = 1, SINR = 41 dB, CQI = 15
[0m[NR_PHY] RI = 2 i1 = 0.0.0, i2 = 1, SINR = 41 dB, CQI = 15
[0m[NR_PHY] RI = 2 i1 = 0.0.0, i2 = 1, SINR = 41 dB, CQI = 15
[0m[NR_MAC] UE 0 RNTI 77c8 stats sfn: 0.2, cumulated bad DCI 0
    DL harq: 555/1
    UL harq: 12593/142 avg code rate 0.9, avg bit/symbol 5.9, avg per TB: (nb RBs 17.0, nb symbols 13.0)
[0m[NR_PHY] RI = 2 i1 = 0.0.0, i2 = 1, SINR = 41 dB, CQI = 15
[0m[NR_PHY] RI = 2 i1 = 0.0.0, i2 = 1, SINR = 41 dB, CQI = 15
[0m[NR_PHY] RI = 2 i1 = 0.0.0, i2 = 1, SINR = 41 dB, CQI = 15
[0m[NR_PHY] RI = 2 i1 = 0.0.0, i2 = 1, SINR = 41 dB, CQI = 15
[0m[NR_PHY] RI = 2 i1 = 0.0.0, i2 = 1, SINR = 41 dB, CQI = 15
[0m[NR_PHY] RI = 2 i1 = 0.0.0, i2 = 1, SINR = 41 dB, CQI = 15
[0m[NR_PHY] RI = 2 i1 = 0.0.0, i2 = 1, SINR = 41 dB, CQI = 15
[0m[NR_PHY] RI = 2 i1 = 0.0.0, i2 = 1, SINR = 41 dB, CQI = 15
[0m[NR_PHY] RI = 2 i1 = 0.0.0, i2 = 1, SINR = 41 dB, CQI = 15
[0m[NR_PHY] RI = 2 i1 = 0.0.0, i2 = 1, SINR = 41 dB, CQI = 15
[0m[NR_PHY] RI = 2 i1 = 0.0.0, i2 = 1, SINR = 41 dB, CQI = 15
[0m[NR_PHY] RI = 2 i1 = 0.0.0, i2 = 1, SINR = 41 dB, CQI = 15
[0m[NR_PHY] RI = 2 i1 = 0.0.0, i2 = 1, SINR = 41 dB, CQI = 15
[0m[NR_PHY] RI = 2 i1 = 0.0.0, i2 = 1, SINR = 41 dB, CQI = 15
[0m[NR_PHY] RI = 2 i1 = 0.0.0, i2 = 1, SINR = 41 dB, CQI = 15
[0m[NR_PHY] RI = 2 i1 = 0.0.0, i2 = 1, SINR = 41 dB, CQI = 15
[0m[NR_PHY] RI = 2 i1 = 0.0.0, i2 = 1, SINR = 41 dB, CQI = 15
[0m[NR_PHY] RI = 2 i1 = 0.0.0, i2 = 1, SINR = 41 dB, CQI = 15
[0m[NR_PHY] RI = 2 i1 = 0.0.0, i2 = 1, SINR = 41 dB, CQI = 15
[0m[NR_PHY] RI = 2 i1 = 0.0.0, i2 = 1, SINR = 41 dB, CQI = 15
[0m[NR_PHY] RI = 2 i1 = 0.0.0, i2 = 1, SINR = 41 dB, CQI = 15
[0m[NR_PHY] RI = 2 i1 = 0.0.0, i2 = 1, SINR = 41 dB, CQI = 15
[0m[NR_PHY] RI = 2 i1 = 0.0.0, i2 = 1, SINR = 41 dB, CQI = 15
[0m[NR_PHY] RI = 2 i1 = 0.0.0, i2 = 1, SINR = 41 dB, CQI = 15
[0m[NR_PHY] RI = 2 i1 = 0.0.0, i2 = 1, SINR = 41 dB, CQI = 15
[0m[NR_PHY] RI = 2 i1 = 0.0.0, i2 = 1, SINR = 41 dB, CQI = 15
[0m[NR_PHY] RI = 2 i1 = 0.0.0, i2 = 1, SINR = 41 dB, CQI = 15
[0m[NR_PHY] RI = 2 i1 = 0.0.0, i2 = 1, SINR = 41 dB, CQI = 15
[0m[NR_PHY] RI = 2 i1 = 0.0.0, i2 = 1, SINR = 41 dB, CQI = 15
[0m[NR_PHY] RI = 2 i1 = 0.0.0, i2 = 1, SINR = 41 dB, CQI = 15
[0m[NR_PHY] RI = 2 i1 = 0.0.0, i2 = 1, SINR = 41 dB, CQI = 15
[0m[NR_PHY] RI = 2 i1 = 0.0.0, i2 = 1, SINR = 41 dB, CQI = 15
[0m[NR_PHY] RI = 2 i1 = 0.0.0, i2 = 1, SINR = 41 dB, CQI = 15
[0m[NR_PHY] RI = 2 i1 = 0.0.0, i2 = 1, SINR = 41 dB, CQI = 15
[0m[NR_PHY] RI = 2 i1 = 0.0.0, i2 = 1, SINR = 41 dB, CQI = 15
[0m[NR_PHY] RI = 2 i1 = 0.0.0, i2 = 1, SINR = 41 dB, CQI = 15
[0m[NR_PHY] RI = 2 i1 = 0.0.0, i2 = 1, SINR = 41 dB, CQI = 15
[0m[NR_PHY] RI = 2 i1 = 0.0.0, i2 = 1, SINR = 41 dB, CQI = 15
[0m[NR_PHY] RI = 2 i1 = 0.0.0, i2 = 1, SINR = 41 dB, CQI = 15
[0m[NR_PHY] RI = 2 i1 = 0.0.0, i2 = 1, SINR = 41 dB, CQI = 15
[0m[NR_PHY] RI = 2 i1 = 0.0.0, i2 = 1, SINR = 41 dB, CQI = 15
[0m[NR_PHY] RI = 2 i1 = 0.0.0, i2 = 1, SINR = 41 dB, CQI = 15
[0m[NR_PHY] RI = 2 i1 = 0.0.0, i2 = 1, SINR = 41 dB, CQI = 15
[0m[NR_PHY] RI = 2 i1 = 0.0.0, i2 = 1, SINR = 41 dB, CQI = 15
[0m[NR_PHY] RI = 2 i1 = 0.0.0, i2 = 1, SINR = 41 dB, CQI = 15
[0m[NR_PHY] RI = 2 i1 = 0.0.0, i2 = 1, SINR = 41 dB, CQI = 15
[0m[NR_PHY] RI = 2 i1 = 0.0.0, i2 = 1, SINR = 41 dB, CQI = 15
[0m[NR_PHY] RI = 2 i1 = 0.0.0, i2 = 1, SINR = 41 dB, CQI = 15
[0m[NR_PHY] RI = 2 i1 = 0.0.0, i2 = 1, SINR = 41 dB, CQI = 15
[0m[NR_PHY] RI = 2 i1 = 0.0.0, i2 = 1, SINR = 41 dB, CQI = 15
[0m[NR_PHY] RI = 2 i1 = 0.0.0, i2 = 1, SINR = 41 dB, CQI = 15
[0m[NR_PHY] RI = 2 i1 = 0.0.0, i2 = 1, SINR = 41 dB, CQI = 15
[0m[NR_PHY] RI = 2 i1 = 0.0.0, i2 = 1, SINR = 41 dB, CQI = 15
[0m[NR_PHY] RI = 2 i1 = 0.0.0, i2 = 1, SINR = 41 dB, CQI = 15
[0m[NR_PHY] RI = 2 i1 = 0.0.0, i2 = 1, SINR = 41 dB, CQI = 15
[0m[NR_PHY] RI = 2 i1 = 0.0.0, i2 = 1, SINR = 41 dB, CQI = 15
[0m[NR_PHY] RI = 2 i1 = 0.0.0, i2 = 1, SINR = 41 dB, CQI = 15
[0m[NR_PHY] RI = 2 i1 = 0.0.0, i2 = 1, SINR = 41 dB, CQI = 15
[0m[NR_PHY] RI = 2 i1 = 0.0.0, i2 = 1, SINR = 41 dB, CQI = 15
[0m[NR_PHY] RI = 2 i1 = 0.0.0, i2 = 1, SINR = 41 dB, CQI = 15
[0m[NR_PHY] RI = 2 i1 = 0.0.0, i2 = 1, SINR = 41 dB, CQI = 15
[0m[NR_PHY] RI = 2 i1 = 0.0.0, i2 = 1, SINR = 41 dB, CQI = 15
[0m[NR_PHY] RI = 2 i1 = 0.0.0, i2 = 1, SINR = 41 dB, CQI = 15
[0m[NR_PHY] RI = 2 i1 = 0.0.0, i2 = 1, SINR = 41 dB, CQI = 15
[0m[NR_MAC] UE 0 RNTI 77c8 stats sfn: 128.2, cumulated bad DCI 0
    DL harq: 576/1/0
    UL harq: 13093/147/1 avg code rate 0.9, avg bit/symbol 5.9, avg per TB: (nb RBs 17.0, nb symbols 13.0)
[0m[NR_PHY] RI = 2 i1 = 0.0.0, i2 = 1, SINR = 41 dB, CQI = 15
[0m[NR_PHY] RI = 2 i1 = 0.0.0, i2 = 1, SINR = 41 dB, CQI = 15
[0m[NR_PHY] RI = 2 i1 = 0.0.0, i2 = 1, SINR = 41 dB, CQI = 15
[0m[NR_PHY] RI = 2 i1 = 0.0.0, i2 = 1, SINR = 41 dB, CQI = 15
[0m[NR_PHY] RI = 2 i1 = 0.0.0, i2 = 1, SINR = 41 dB, CQI = 15
[0m[NR_PHY] RI = 2 i1 = 0.0.0, i2 = 1, SINR = 41 dB, CQI = 15
[0m[NR_PHY] RI = 2 i1 = 0.0.0, i2 = 1, SINR = 41 dB, CQI = 15
[0m[NR_PHY] RI = 2 i1 = 0.0.0, i2 = 1, SINR = 41 dB, CQI = 15
[0m[NR_PHY] RI = 2 i1 = 0.0.0, i2 = 1, SINR = 41 dB, CQI = 15
[0m[NR_PHY] RI = 2 i1 = 0.0.0, i2 = 1, SINR = 41 dB, CQI = 15
[0m[NR_PHY] RI = 2 i1 = 0.0.0, i2 = 1, SINR = 41 dB, CQI = 15
[0m[NR_PHY] RI = 2 i1 = 0.0.0, i2 = 1, SINR = 41 dB, CQI = 15
[0m[NR_PHY] RI = 2 i1 = 0.0.0, i2 = 1, SINR = 41 dB, CQI = 15
[0m[NR_PHY] RI = 2 i1 = 0.0.0, i2 = 1, SINR = 41 dB, CQI = 15
[0m[NR_PHY] RI = 2 i1 = 0.0.0, i2 = 1, SINR = 41 dB, CQI = 15
[0m[NR_PHY] RI = 2 i1 = 0.0.0, i2 = 1, SINR = 41 dB, CQI = 15
[0m[NR_PHY] RI = 2 i1 = 0.0.0, i2 = 1, SINR = 41 dB, CQI = 15
[0m[NR_PHY] RI = 2 i1 = 0.0.0, i2 = 1, SINR = 41 dB, CQI = 15
[0m[NR_PHY] RI = 2 i1 = 0.0.0, i2 = 1, SINR = 41 dB, CQI = 15
[0m[NR_PHY] RI = 2 i1 = 0.0.0, i2 = 1, SINR = 41 dB, CQI = 15
[0m[NR_PHY] RI = 2 i1 = 0.0.0, i2 = 1, SINR = 41 dB, CQI = 15
[0m[NR_PHY] RI = 2 i1 = 0.0.0, i2 = 1, SINR = 41 dB, CQI = 15
[0m[NR_PHY] RI = 2 i1 = 0.0.0, i2 = 1, SINR = 41 dB, CQI = 15
[0m[NR_PHY] RI = 2 i1 = 0.0.0, i2 = 1, SINR = 41 dB, CQI = 15
[0m[NR_PHY] RI = 2 i1 = 0.0.0, i2 = 1, SINR = 41 dB, CQI = 15
[0m[NR_PHY] RI = 2 i1 = 0.0.0, i2 = 1, SINR = 41 dB, CQI = 15
[0m[NR_PHY] RI = 2 i1 = 0.0.0, i2 = 1, SINR = 41 dB, CQI = 15
[0m[NR_PHY] RI = 2 i1 = 0.0.0, i2 = 1, SINR = 41 dB, CQI = 15
[0m[NR_PHY] RI = 2 i1 = 0.0.0, i2 = 1, SINR = 41 dB, CQI = 15
[0m[NR_PHY] RI = 2 i1 = 0.0.0, i2 = 1, SINR = 41 dB, CQI = 15
[0m[NR_PHY] RI = 2 i1 = 0.0.0, i2 = 1, SINR = 41 dB, CQI = 15
[0m[NR_PHY] RI = 2 i1 = 0.0.0, i2 = 1, SINR = 41 dB, CQI = 15
[0m[NR_PHY] RI = 2 i1 = 0.0.0, i2 = 1, SINR = 41 dB, CQI = 15
[0m[NR_PHY] RI = 2 i1 = 0.0.0, i2 = 1, SINR = 41 dB, CQI = 15
[0m[NR_PHY] RI = 2 i1 = 0.0.0, i2 = 1, SINR = 41 dB, CQI = 15
[0m[NR_PHY] RI = 2 i1 = 0.0.0, i2 = 1, SINR = 41 dB, CQI = 15
[0m[NR_PHY] RI = 2 i1 = 0.0.0, i2 = 1, SINR = 41 dB, CQI = 15
[0m[NR_PHY] RI = 2 i1 = 0.0.0, i2 = 1, SINR = 41 dB, CQI = 15
[0m[NR_PHY] RI = 2 i1 = 0.0.0, i2 = 1, SINR = 41 dB, CQI = 15
[0m[NR_PHY] RI = 2 i1 = 0.0.0, i2 = 1, SINR = 41 dB, CQI = 15
[0m[NR_PHY] RI = 2 i1 = 0.0.0, i2 = 1, SINR = 41 dB, CQI = 15
[0m[NR_PHY] RI = 2 i1 = 0.0.0, i2 = 1, SINR = 41 dB, CQI = 15
[0m[NR_PHY] RI = 2 i1 = 0.0.0, i2 = 1, SINR = 41 dB, CQI = 15
[0m[NR_PHY] RI = 2 i1 = 0.0.0, i2 = 1, SINR = 41 dB, CQI = 15
[0m[NR_PHY] RI = 2 i1 = 0.0.0, i2 = 1, SINR = 41 dB, CQI = 15
[0m[NR_PHY] RI = 2 i1 = 0.0.0, i2 = 1, SINR = 41 dB, CQI = 15
[0m[NR_PHY] RI = 2 i1 = 0.0.0, i2 = 1, SINR = 41 dB, CQI = 15
[0m[NR_PHY] RI = 2 i1 = 0.0.0, i2 = 1, SINR = 41 dB, CQI = 15
[0m[NR_PHY] RI = 2 i1 = 0.0.0, i2 = 1, SINR = 41 dB, CQI = 15
[0m[NR_PHY] RI = 2 i1 = 0.0.0, i2 = 1, SINR = 41 dB, CQI = 15
[0m[NR_PHY] RI = 2 i1 = 0.0.0, i2 = 1, SINR = 41 dB, CQI = 15
[0m[NR_PHY] RI = 2 i1 = 0.0.0, i2 = 1, SINR = 41 dB, CQI = 15
[0m[NR_PHY] RI = 2 i1 = 0.0.0, i2 = 1, SINR = 41 dB, CQI = 15
[0m[NR_PHY] RI = 2 i1 = 0.0.0, i2 = 1, SINR = 41 dB, CQI = 15
[0m[NR_PHY] RI = 2 i1 = 0.0.0, i2 = 1, SINR = 41 dB, CQI = 15
[0m[NR_PHY] RI = 2 i1 = 0.0.0, i2 = 1, SINR = 41 dB, CQI = 15
[0m[NR_PHY] RI = 2 i1 = 0.0.0, i2 = 1, SINR = 41 dB, CQI = 15
[0m[NR_PHY] RI = 2 i1 = 0.0.0, i2 = 1, SINR = 41 dB, CQI = 15
[0m[NR_PHY] RI = 2 i1 = 0.0.0, i2 = 1, SINR = 41 dB, CQI = 15
[0m[NR_PHY] RI = 2 i1 = 0.0.0, i2 = 1, SINR = 41 dB, CQI = 15
[0m[NR_PHY] RI = 2 i1 = 0.0.0, i2 = 1, SINR = 41 dB, CQI = 15
[0m[NR_PHY] RI = 2 i1 = 0.0.0, i2 = 1, SINR = 41 dB, CQI = 15
[0m[NR_PHY] RI = 2 i1 = 0.0.0, i2 = 1, SINR = 41 dB, CQI = 15
[0m[NR_PHY] RI = 2 i1 = 0.0.0, i2 = 1, SINR = 41 dB, CQI = 15
[0m[NR_MAC] UE 0 RNTI 77c8 stats sfn: 256.2, cumulated bad DCI 0
    DL harq: 596/1/0
    UL harq: 13597/151/1 avg code rate 0.9, avg bit/symbol 5.9, avg per TB: (nb RBs 17.0, nb symbols 13.0)
[0m[NR_PHY] RI = 2 i1 = 0.0.0, i2 = 1, SINR = 41 dB, CQI = 15
[0m[NR_PHY] RI = 2 i1 = 0.0.0, i2 = 1, SINR = 41 dB, CQI = 15
[0m[NR_PHY] RI = 2 i1 = 0.0.0, i2 = 1, SINR = 41 dB, CQI = 15
[0m[NR_PHY] RI = 2 i1 = 0.0.0, i2 = 1, SINR = 41 dB, CQI = 15
[0m[NR_PHY] RI = 2 i1 = 0.0.0, i2 = 1, SINR = 41 dB, CQI = 15
[0m[NR_PHY] RI = 2 i1 = 0.0.0, i2 = 1, SINR = 41 dB, CQI = 15
[0m[NR_PHY] RI = 2 i1 = 0.0.0, i2 = 1, SINR = 41 dB, CQI = 15
[0m[NR_PHY] RI = 2 i1 = 0.0.0, i2 = 1, SINR = 41 dB, CQI = 15
[0m[NR_PHY] RI = 2 i1 = 0.0.0, i2 = 1, SINR = 41 dB, CQI = 15
[0m[NR_PHY] RI = 2 i1 = 0.0.0, i2 = 1, SINR = 41 dB, CQI = 15
[0m[NR_PHY] RI = 2 i1 = 0.0.0, i2 = 1, SINR = 41 dB, CQI = 15
[0m[NR_PHY] RI = 2 i1 = 0.0.0, i2 = 1, SINR = 41 dB, CQI = 15
[0m[NR_PHY] RI = 2 i1 = 0.0.0, i2 = 1, SINR = 41 dB, CQI = 15
[0m[NR_PHY] RI = 2 i1 = 0.0.0, i2 = 1, SINR = 41 dB, CQI = 15
[0m[NR_PHY] RI = 2 i1 = 0.0.0, i2 = 1, SINR = 41 dB, CQI = 15
[0m[NR_PHY] RI = 2 i1 = 0.0.0, i2 = 1, SINR = 41 dB, CQI = 15
[0m[NR_PHY] RI = 2 i1 = 0.0.0, i2 = 1, SINR = 41 dB, CQI = 15
[0m[NR_PHY] RI = 2 i1 = 0.0.0, i2 = 1, SINR = 41 dB, CQI = 15
[0m[NR_PHY] RI = 2 i1 = 0.0.0, i2 = 1, SINR = 41 dB, CQI = 15
[0m[NR_PHY] RI = 2 i1 = 0.0.0, i2 = 1, SINR = 41 dB, CQI = 15
[0m[NR_PHY] RI = 2 i1 = 0.0.0, i2 = 1, SINR = 41 dB, CQI = 15
[0m[NR_PHY] RI = 2 i1 = 0.0.0, i2 = 1, SINR = 41 dB, CQI = 15
[0m[NR_PHY] RI = 2 i1 = 0.0.0, i2 = 1, SINR = 41 dB, CQI = 15
[0m[NR_PHY] RI = 2 i1 = 0.0.0, i2 = 0, SINR = 0 dB, CQI = 0
[0m[NR_PHY] RI = 2 i1 = 0.0.0, i2 = 1, SINR = 41 dB, CQI = 15
[0m[NR_PHY] RI = 2 i1 = 0.0.0, i2 = 1, SINR = 41 dB, CQI = 15
[0m[NR_PHY] RI = 2 i1 = 0.0.0, i2 = 1, SINR = 41 dB, CQI = 15
[0m[NR_PHY] RI = 2 i1 = 0.0.0, i2 = 1, SINR = 41 dB, CQI = 15
[0m[NR_PHY] RI = 2 i1 = 0.0.0, i2 = 1, SINR = 41 dB, CQI = 15
[0m[NR_PHY] RI = 2 i1 = 0.0.0, i2 = 1, SINR = 41 dB, CQI = 15
[0m[NR_PHY] RI = 2 i1 = 0.0.0, i2 = 1, SINR = 41 dB, CQI = 15
[0m[NR_PHY] RI = 2 i1 = 0.0.0, i2 = 1, SINR = 41 dB, CQI = 15
[0m[NR_PHY] RI = 2 i1 = 0.0.0, i2 = 1, SINR = 41 dB, CQI = 15
[0m[NR_PHY] RI = 2 i1 = 0.0.0, i2 = 1, SINR = 41 dB, CQI = 15
[0m[NR_PHY] RI = 2 i1 = 0.0.0, i2 = 1, SINR = 41 dB, CQI = 15
[0m[NR_PHY] RI = 2 i1 = 0.0.0, i2 = 1, SINR = 41 dB, CQI = 15
[0m[NR_PHY] RI = 2 i1 = 0.0.0, i2 = 1, SINR = 41 dB, CQI = 15
[0m[NR_PHY] RI = 2 i1 = 0.0.0, i2 = 1, SINR = 41 dB, CQI = 15
[0m[NR_PHY] RI = 2 i1 = 0.0.0, i2 = 1, SINR = 41 dB, CQI = 15
[0m[NR_PHY] RI = 2 i1 = 0.0.0, i2 = 1, SINR = 41 dB, CQI = 15
[0m[NR_PHY] RI = 2 i1 = 0.0.0, i2 = 1, SINR = 41 dB, CQI = 15
[0m[NR_PHY] RI = 2 i1 = 0.0.0, i2 = 1, SINR = 41 dB, CQI = 15
[0m[NR_PHY] RI = 2 i1 = 0.0.0, i2 = 1, SINR = 41 dB, CQI = 15
[0m[NR_PHY] RI = 2 i1 = 0.0.0, i2 = 1, SINR = 41 dB, CQI = 15
[0m[NR_PHY] RI = 2 i1 = 0.0.0, i2 = 1, SINR = 41 dB, CQI = 15
[0m[NR_PHY] RI = 2 i1 = 0.0.0, i2 = 1, SINR = 41 dB, CQI = 15
[0m[NR_PHY] RI = 2 i1 = 0.0.0, i2 = 1, SINR = 41 dB, CQI = 15
[0m[NR_PHY] RI = 2 i1 = 0.0.0, i2 = 1, SINR = 41 dB, CQI = 15
[0m[NR_PHY] RI = 2 i1 = 0.0.0, i2 = 1, SINR = 41 dB, CQI = 15
[0m[NR_PHY] RI = 2 i1 = 0.0.0, i2 = 1, SINR = 41 dB, CQI = 15
[0m[NR_PHY] RI = 2 i1 = 0.0.0, i2 = 1, SINR = 41 dB, CQI = 15
[0m[NR_PHY] RI = 2 i1 = 0.0.0, i2 = 1, SINR = 41 dB, CQI = 15
[0m[NR_PHY] RI = 2 i1 = 0.0.0, i2 = 1, SINR = 41 dB, CQI = 15
[0m[NR_PHY] RI = 2 i1 = 0.0.0, i2 = 1, SINR = 41 dB, CQI = 15
[0m[NR_PHY] RI = 2 i1 = 0.0.0, i2 = 1, SINR = 41 dB, CQI = 15
[0m[NR_PHY] RI = 2 i1 = 0.0.0, i2 = 1, SINR = 41 dB, CQI = 15
[0m[NR_PHY] RI = 2 i1 = 0.0.0, i2 = 1, SINR = 41 dB, CQI = 15
[0m[NR_PHY] RI = 2 i1 = 0.0.0, i2 = 1, SINR = 41 dB, CQI = 15
[0m[NR_PHY] RI = 2 i1 = 0.0.0, i2 = 1, SINR = 41 dB, CQI = 15
[0m[NR_PHY] RI = 2 i1 = 0.0.0, i2 = 1, SINR = 41 dB, CQI = 15
[0m[NR_PHY] RI = 2 i1 = 0.0.0, i2 = 1, SINR = 41 dB, CQI = 15
[0m[NR_PHY] RI = 2 i1 = 0.0.0, i2 = 1, SINR = 41 dB, CQI = 15
[0m[NR_PHY] RI = 2 i1 = 0.0.0, i2 = 1, SINR = 41 dB, CQI = 15
[0m[NR_PHY] RI = 2 i1 = 0.0.0, i2 = 1, SINR = 41 dB, CQI = 15
[0m[NR_MAC] UE 0 RNTI 77c8 stats sfn: 384.2, cumulated bad DCI 0
    DL harq: 616/1/0
    UL harq: 14089/161/1 avg code rate 0.9, avg bit/symbol 5.9, avg per TB: (nb RBs 17.0, nb symbols 13.0)
[0m[NR_PHY] RI = 2 i1 = 0.0.0, i2 = 1, SINR = 41 dB, CQI = 15
[0m[NR_PHY] RI = 2 i1 = 0.0.0, i2 = 1, SINR = 41 dB, CQI = 15
[0m[NR_PHY] RI = 2 i1 = 0.0.0, i2 = 1, SINR = 41 dB, CQI = 15
[0m[NR_PHY] RI = 2 i1 = 0.0.0, i2 = 1, SINR = 41 dB, CQI = 15
[0m[NR_PHY] RI = 2 i1 = 0.0.0, i2 = 1, SINR = 41 dB, CQI = 15
[0m[NR_PHY] RI = 2 i1 = 0.0.0, i2 = 1, SINR = 41 dB, CQI = 15
[0m[NR_PHY] RI = 2 i1 = 0.0.0, i2 = 1, SINR = 41 dB, CQI = 15
[0m[NR_PHY] RI = 2 i1 = 0.0.0, i2 = 1, SINR = 41 dB, CQI = 15
[0m[NR_PHY] RI = 2 i1 = 0.0.0, i2 = 1, SINR = 41 dB, CQI = 15
[0m[NR_PHY] RI = 2 i1 = 0.0.0, i2 = 1, SINR = 41 dB, CQI = 15
[0m[NR_PHY] RI = 2 i1 = 0.0.0, i2 = 1, SINR = 41 dB, CQI = 15
[0m[NR_PHY] RI = 2 i1 = 0.0.0, i2 = 1, SINR = 41 dB, CQI = 15
[0m[NR_PHY] RI = 2 i1 = 0.0.0, i2 = 1, SINR = 41 dB, CQI = 15
[0m[NR_PHY] RI = 2 i1 = 0.0.0, i2 = 1, SINR = 41 dB, CQI = 15
[0m[NR_PHY] RI = 2 i1 = 0.0.0, i2 = 1, SINR = 41 dB, CQI = 15
[0m[NR_PHY] RI = 2 i1 = 0.0.0, i2 = 1, SINR = 41 dB, CQI = 15
[0m[NR_PHY] RI = 2 i1 = 0.0.0, i2 = 1, SINR = 41 dB, CQI = 15
[0m[NR_PHY] RI = 2 i1 = 0.0.0, i2 = 1, SINR = 41 dB, CQI = 15
[0m[NR_PHY] RI = 2 i1 = 0.0.0, i2 = 1, SINR = 41 dB, CQI = 15
[0m[NR_PHY] RI = 2 i1 = 0.0.0, i2 = 1, SINR = 41 dB, CQI = 15
[0m[NR_PHY] RI = 2 i1 = 0.0.0, i2 = 1, SINR = 41 dB, CQI = 15
[0m[NR_PHY] RI = 2 i1 = 0.0.0, i2 = 1, SINR = 41 dB, CQI = 15
[0m[NR_PHY] RI = 2 i1 = 0.0.0, i2 = 1, SINR = 41 dB, CQI = 15
[0m[NR_PHY] RI = 2 i1 = 0.0.0, i2 = 1, SINR = 41 dB, CQI = 15
[0m[NR_PHY] RI = 2 i1 = 0.0.0, i2 = 1, SINR = 41 dB, CQI = 15
[0m[NR_PHY] RI = 2 i1 = 0.0.0, i2 = 1, SINR = 41 dB, CQI = 15
[0m[NR_PHY] RI = 2 i1 = 0.0.0, i2 = 1, SINR = 41 dB, CQI = 15
[0m[NR_PHY] RI = 2 i1 = 0.0.0, i2 = 1, SINR = 41 dB, CQI = 15
[0m[NR_PHY] RI = 2 i1 = 0.0.0, i2 = 1, SINR = 41 dB, CQI = 15
[0m[NR_PHY] RI = 2 i1 = 0.0.0, i2 = 1, SINR = 41 dB, CQI = 15
[0m[NR_PHY] RI = 2 i1 = 0.0.0, i2 = 1, SINR = 41 dB, CQI = 15
[0m[NR_PHY] RI = 2 i1 = 0.0.0, i2 = 1, SINR = 41 dB, CQI = 15
[0m[NR_PHY] RI = 2 i1 = 0.0.0, i2 = 1, SINR = 41 dB, CQI = 15
[0m[NR_PHY] RI = 2 i1 = 0.0.0, i2 = 1, SINR = 41 dB, CQI = 15
[0m[NR_PHY] RI = 2 i1 = 0.0.0, i2 = 1, SINR = 41 dB, CQI = 15
[0m[NR_PHY] RI = 2 i1 = 0.0.0, i2 = 1, SINR = 41 dB, CQI = 15
[0m[NR_PHY] RI = 2 i1 = 0.0.0, i2 = 1, SINR = 41 dB, CQI = 15
[0m[NR_PHY] RI = 2 i1 = 0.0.0, i2 = 1, SINR = 41 dB, CQI = 15
[0m[NR_PHY] RI = 2 i1 = 0.0.0, i2 = 1, SINR = 41 dB, CQI = 15
[0m[NR_PHY] RI = 2 i1 = 0.0.0, i2 = 1, SINR = 41 dB, CQI = 15
[0m[NR_PHY] RI = 2 i1 = 0.0.0, i2 = 1, SINR = 41 dB, CQI = 15
[0m[NR_PHY] RI = 2 i1 = 0.0.0, i2 = 1, SINR = 41 dB, CQI = 15
[0m[NR_PHY] RI = 2 i1 = 0.0.0, i2 = 1, SINR = 41 dB, CQI = 15
[0m[NR_PHY] RI = 2 i1 = 0.0.0, i2 = 1, SINR = 41 dB, CQI = 15
[0m[NR_PHY] RI = 2 i1 = 0.0.0, i2 = 1, SINR = 41 dB, CQI = 15
[0m[NR_PHY] RI = 2 i1 = 0.0.0, i2 = 1, SINR = 41 dB, CQI = 15
[0m[NR_PHY] RI = 2 i1 = 0.0.0, i2 = 1, SINR = 41 dB, CQI = 15
[0m[NR_PHY] RI = 2 i1 = 0.0.0, i2 = 1, SINR = 41 dB, CQI = 15
[0m[NR_PHY] RI = 2 i1 = 0.0.0, i2 = 1, SINR = 41 dB, CQI = 15
[0m[NR_PHY] RI = 2 i1 = 0.0.0, i2 = 1, SINR = 41 dB, CQI = 15
[0m[NR_PHY] RI = 2 i1 = 0.0.0, i2 = 1, SINR = 41 dB, CQI = 15
[0m[NR_PHY] RI = 2 i1 = 0.0.0, i2 = 1, SINR = 41 dB, CQI = 15
[0m[NR_PHY] RI = 2 i1 = 0.0.0, i2 = 1, SINR = 41 dB, CQI = 15
[0m[NR_PHY] RI = 2 i1 = 0.0.0, i2 = 1, SINR = 41 dB, CQI = 15
[0m[NR_PHY] RI = 2 i1 = 0.0.0, i2 = 1, SINR = 41 dB, CQI = 15
[0m[NR_PHY] RI = 2 i1 = 0.0.0, i2 = 1, SINR = 41 dB, CQI = 15
[0m[NR_PHY] RI = 2 i1 = 0.0.0, i2 = 1, SINR = 41 dB, CQI = 15
[0m[NR_PHY] RI = 2 i1 = 0.0.0, i2 = 1, SINR = 41 dB, CQI = 15
[0m[NR_PHY] RI = 2 i1 = 0.0.0, i2 = 1, SINR = 41 dB, CQI = 15
[0m[NR_PHY] RI = 2 i1 = 0.0.0, i2 = 0, SINR = 0 dB, CQI = 0
[0m[NR_PHY] RI = 2 i1 = 0.0.0, i2 = 1, SINR = 41 dB, CQI = 15
[0m[NR_PHY] RI = 2 i1 = 0.0.0, i2 = 1, SINR = 41 dB, CQI = 15
[0m[NR_PHY] RI = 2 i1 = 0.0.0, i2 = 1, SINR = 41 dB, CQI = 15
[0m[NR_PHY] RI = 2 i1 = 0.0.0, i2 = 1, SINR = 41 dB, CQI = 15
[0m[NR_MAC] UE 0 RNTI 77c8 stats sfn: 512.2, cumulated bad DCI 0
    DL harq: 636/1/0
    UL harq: 14589/167/1 avg code rate 0.9, avg bit/symbol 5.9, avg per TB: (nb RBs 17.0, nb symbols 13.0)
[0m[NR_PHY] RI = 2 i1 = 0.0.0, i2 = 1, SINR = 41 dB, CQI = 15
[0m[NR_PHY] RI = 2 i1 = 0.0.0, i2 = 1, SINR = 41 dB, CQI = 15
[0m[NR_PHY] RI = 2 i1 = 0.0.0, i2 = 1, SINR = 41 dB, CQI = 15
[0m[NR_PHY] RI = 2 i1 = 0.0.0, i2 = 1, SINR = 41 dB, CQI = 15
[0m[NR_PHY] RI = 2 i1 = 0.0.0, i2 = 1, SINR = 41 dB, CQI = 15
[0m[NR_PHY] RI = 2 i1 = 0.0.0, i2 = 1, SINR = 41 dB, CQI = 15
[0m[NR_PHY] RI = 2 i1 = 0.0.0, i2 = 1, SINR = 41 dB, CQI = 15
[0m[NR_PHY] RI = 2 i1 = 0.0.0, i2 = 1, SINR = 41 dB, CQI = 15
[0m[NR_PHY] RI = 2 i1 = 0.0.0, i2 = 1, SINR = 41 dB, CQI = 15
[0m[NR_PHY] RI = 2 i1 = 0.0.0, i2 = 1, SINR = 41 dB, CQI = 15
[0m[NR_PHY] RI = 2 i1 = 0.0.0, i2 = 1, SINR = 41 dB, CQI = 15
[0m[NR_PHY] RI = 2 i1 = 0.0.0, i2 = 1, SINR = 41 dB, CQI = 15
[0m[NR_PHY] RI = 2 i1 = 0.0.0, i2 = 1, SINR = 41 dB, CQI = 15
[0m[NR_PHY] RI = 2 i1 = 0.0.0, i2 = 1, SINR = 41 dB, CQI = 15
[0m[NR_PHY] RI = 2 i1 = 0.0.0, i2 = 1, SINR = 41 dB, CQI = 15
[0m[NR_PHY] RI = 2 i1 = 0.0.0, i2 = 1, SINR = 41 dB, CQI = 15
[0m[NR_PHY] RI = 2 i1 = 0.0.0, i2 = 1, SINR = 41 dB, CQI = 15
[0m[NR_PHY] RI = 2 i1 = 0.0.0, i2 = 1, SINR = 41 dB, CQI = 15
[0m[NR_PHY] RI = 2 i1 = 0.0.0, i2 = 1, SINR = 41 dB, CQI = 15
[0m[NR_PHY] RI = 2 i1 = 0.0.0, i2 = 1, SINR = 41 dB, CQI = 15
[0m[NR_PHY] RI = 2 i1 = 0.0.0, i2 = 1, SINR = 41 dB, CQI = 15
[0m[NR_PHY] RI = 2 i1 = 0.0.0, i2 = 1, SINR = 41 dB, CQI = 15
[0m[NR_PHY] RI = 2 i1 = 0.0.0, i2 = 1, SINR = 41 dB, CQI = 15
[0m[NR_PHY] RI = 2 i1 = 0.0.0, i2 = 1, SINR = 41 dB, CQI = 15
[0m[NR_PHY] RI = 2 i1 = 0.0.0, i2 = 1, SINR = 41 dB, CQI = 15
[0m[NR_PHY] RI = 2 i1 = 0.0.0, i2 = 1, SINR = 41 dB, CQI = 15
[0m[NR_PHY] RI = 2 i1 = 0.0.0, i2 = 1, SINR = 41 dB, CQI = 15
[0m[NR_PHY] RI = 2 i1 = 0.0.0, i2 = 1, SINR = 41 dB, CQI = 15
[0m[NR_PHY] RI = 2 i1 = 0.0.0, i2 = 1, SINR = 41 dB, CQI = 15
[0m[NR_PHY] RI = 2 i1 = 0.0.0, i2 = 1, SINR = 41 dB, CQI = 15
[0m[NR_PHY] RI = 2 i1 = 0.0.0, i2 = 1, SINR = 41 dB, CQI = 15
[0m[NR_PHY] RI = 2 i1 = 0.0.0, i2 = 1, SINR = 41 dB, CQI = 15
[0m[NR_PHY] RI = 2 i1 = 0.0.0, i2 = 1, SINR = 41 dB, CQI = 15
[0m[NR_PHY] RI = 2 i1 = 0.0.0, i2 = 1, SINR = 41 dB, CQI = 15
[0m[NR_PHY] RI = 2 i1 = 0.0.0, i2 = 1, SINR = 41 dB, CQI = 15
[0m[NR_PHY] RI = 2 i1 = 0.0.0, i2 = 1, SINR = 41 dB, CQI = 15
[0m[NR_PHY] RI = 2 i1 = 0.0.0, i2 = 1, SINR = 41 dB, CQI = 15
[0m[NR_PHY] RI = 2 i1 = 0.0.0, i2 = 1, SINR = 41 dB, CQI = 15
[0m[NR_PHY] RI = 2 i1 = 0.0.0, i2 = 1, SINR = 41 dB, CQI = 15
[0m[NR_PHY] RI = 2 i1 = 0.0.0, i2 = 1, SINR = 41 dB, CQI = 15
[0m[NR_PHY] RI = 2 i1 = 0.0.0, i2 = 1, SINR = 41 dB, CQI = 15
[0m[NR_PHY] RI = 2 i1 = 0.0.0, i2 = 1, SINR = 41 dB, CQI = 15
[0m[NR_PHY] RI = 2 i1 = 0.0.0, i2 = 1, SINR = 41 dB, CQI = 15
[0m[NR_PHY] RI = 2 i1 = 0.0.0, i2 = 1, SINR = 41 dB, CQI = 15
[0m[NR_PHY] RI = 2 i1 = 0.0.0, i2 = 1, SINR = 41 dB, CQI = 15
[0m[NR_PHY] RI = 2 i1 = 0.0.0, i2 = 1, SINR = 41 dB, CQI = 15
[0m[NR_PHY] RI = 2 i1 = 0.0.0, i2 = 1, SINR = 41 dB, CQI = 15
[0m[NR_PHY] RI = 2 i1 = 0.0.0, i2 = 1, SINR = 41 dB, CQI = 15
[0m[NR_PHY] RI = 2 i1 = 0.0.0, i2 = 1, SINR = 41 dB, CQI = 15
[0m[NR_PHY] RI = 2 i1 = 0.0.0, i2 = 1, SINR = 41 dB, CQI = 15
[0m[NR_PHY] RI = 2 i1 = 0.0.0, i2 = 1, SINR = 41 dB, CQI = 15
[0m[NR_PHY] RI = 2 i1 = 0.0.0, i2 = 1, SINR = 41 dB, CQI = 15
[0m[NR_PHY] RI = 2 i1 = 0.0.0, i2 = 1, SINR = 41 dB, CQI = 15
[0m[NR_PHY] RI = 2 i1 = 0.0.0, i2 = 1, SINR = 41 dB, CQI = 15
[0m[NR_PHY] RI = 2 i1 = 0.0.0, i2 = 0, SINR = 0 dB, CQI = 0
[0m[NR_PHY] RI = 2 i1 = 0.0.0, i2 = 1, SINR = 41 dB, CQI = 15
[0m[NR_PHY] RI = 2 i1 = 0.0.0, i2 = 1, SINR = 41 dB, CQI = 15
[0m[NR_PHY] RI = 2 i1 = 0.0.0, i2 = 1, SINR = 41 dB, CQI = 15
[0m[NR_PHY] RI = 2 i1 = 0.0.0, i2 = 1, SINR = 41 dB, CQI = 15
[0m[NR_PHY] RI = 2 i1 = 0.0.0, i2 = 1, SINR = 41 dB, CQI = 15
[0m[NR_PHY] RI = 2 i1 = 0.0.0, i2 = 1, SINR = 41 dB, CQI = 15
[0m[NR_PHY] RI = 2 i1 = 0.0.0, i2 = 1, SINR = 41 dB, CQI = 15
[0m[NR_PHY] RI = 2 i1 = 0.0.0, i2 = 1, SINR = 41 dB, CQI = 15
[0m[NR_PHY] RI = 2 i1 = 0.0.0, i2 = 1, SINR = 41 dB, CQI = 15
[0m[NR_MAC] UE 0 RNTI 77c8 stats sfn: 640.2, cumulated bad DCI 0
    DL harq: 657/1/0
    UL harq: 15091/172/1 avg code rate 0.9, avg bit/symbol 5.9, avg per TB: (nb RBs 17.0, nb symbols 13.0)
[0m[NR_PHY] RI = 2 i1 = 0.0.0, i2 = 1, SINR = 41 dB, CQI = 15
[0m[NR_PHY] RI = 2 i1 = 0.0.0, i2 = 1, SINR = 41 dB, CQI = 15
[0m[NR_PHY] RI = 2 i1 = 0.0.0, i2 = 1, SINR = 41 dB, CQI = 15
[0m[NR_PHY] RI = 2 i1 = 0.0.0, i2 = 1, SINR = 41 dB, CQI = 15
[0m[NR_PHY] RI = 2 i1 = 0.0.0, i2 = 1, SINR = 41 dB, CQI = 15
[0m[NR_PHY] RI = 2 i1 = 0.0.0, i2 = 1, SINR = 41 dB, CQI = 15
[0m[NR_PHY] RI = 2 i1 = 0.0.0, i2 = 1, SINR = 41 dB, CQI = 15
[0m[NR_PHY] RI = 2 i1 = 0.0.0, i2 = 1, SINR = 41 dB, CQI = 15
[0m[NR_PHY] RI = 2 i1 = 0.0.0, i2 = 1, SINR = 41 dB, CQI = 15
[0m[NR_PHY] RI = 2 i1 = 0.0.0, i2 = 1, SINR = 41 dB, CQI = 15
[0m[NR_PHY] RI = 2 i1 = 0.0.0, i2 = 1, SINR = 41 dB, CQI = 15
[0m[NR_PHY] RI = 2 i1 = 0.0.0, i2 = 1, SINR = 41 dB, CQI = 15
[0m[NR_PHY] RI = 2 i1 = 0.0.0, i2 = 1, SINR = 41 dB, CQI = 15
[0m[NR_PHY] RI = 2 i1 = 0.0.0, i2 = 1, SINR = 41 dB, CQI = 15
[0m[NR_PHY] RI = 2 i1 = 0.0.0, i2 = 1, SINR = 41 dB, CQI = 15
[0m[NR_PHY] RI = 2 i1 = 0.0.0, i2 = 1, SINR = 41 dB, CQI = 15
[0m[NR_PHY] RI = 2 i1 = 0.0.0, i2 = 1, SINR = 41 dB, CQI = 15
[0m[NR_PHY] RI = 2 i1 = 0.0.0, i2 = 1, SINR = 41 dB, CQI = 15
[0m[NR_PHY] RI = 2 i1 = 0.0.0, i2 = 1, SINR = 41 dB, CQI = 15
[0m[NR_PHY] RI = 2 i1 = 0.0.0, i2 = 1, SINR = 41 dB, CQI = 15
[0m[NR_PHY] RI = 2 i1 = 0.0.0, i2 = 1, SINR = 41 dB, CQI = 15
[0m[NR_PHY] RI = 2 i1 = 0.0.0, i2 = 1, SINR = 41 dB, CQI = 15
[0m[NR_PHY] RI = 2 i1 = 0.0.0, i2 = 1, SINR = 41 dB, CQI = 15
[0m[NR_PHY] RI = 2 i1 = 0.0.0, i2 = 1, SINR = 41 dB, CQI = 15
[0m[NR_PHY] RI = 2 i1 = 0.0.0, i2 = 1, SINR = 41 dB, CQI = 15
[0m[NR_PHY] RI = 2 i1 = 0.0.0, i2 = 1, SINR = 41 dB, CQI = 15
[0m[NR_PHY] RI = 2 i1 = 0.0.0, i2 = 1, SINR = 41 dB, CQI = 15
[0m[NR_PHY] RI = 2 i1 = 0.0.0, i2 = 1, SINR = 41 dB, CQI = 15
[0m[NR_PHY] RI = 2 i1 = 0.0.0, i2 = 1, SINR = 41 dB, CQI = 15
[0m[NR_PHY] RI = 2 i1 = 0.0.0, i2 = 1, SINR = 41 dB, CQI = 15
[0m[NR_PHY] RI = 2 i1 = 0.0.0, i2 = 1, SINR = 41 dB, CQI = 15
[0m[NR_PHY] RI = 2 i1 = 0.0.0, i2 = 1, SINR = 41 dB, CQI = 15
[0m[NR_PHY] RI = 2 i1 = 0.0.0, i2 = 1, SINR = 41 dB, CQI = 15
[0m[NR_PHY] RI = 2 i1 = 0.0.0, i2 = 1, SINR = 41 dB, CQI = 15
[0m[NR_PHY] RI = 2 i1 = 0.0.0, i2 = 1, SINR = 41 dB, CQI = 15
[0m[NR_PHY] RI = 2 i1 = 0.0.0, i2 = 1, SINR = 41 dB, CQI = 15
[0m[NR_PHY] RI = 2 i1 = 0.0.0, i2 = 1, SINR = 41 dB, CQI = 15
[0m[NR_PHY] RI = 2 i1 = 0.0.0, i2 = 1, SINR = 41 dB, CQI = 15
[0m[NR_PHY] RI = 2 i1 = 0.0.0, i2 = 1, SINR = 41 dB, CQI = 15
[0m[NR_PHY] RI = 2 i1 = 0.0.0, i2 = 1, SINR = 41 dB, CQI = 15
[0m[NR_PHY] RI = 2 i1 = 0.0.0, i2 = 1, SINR = 41 dB, CQI = 15
[0m[NR_PHY] RI = 2 i1 = 0.0.0, i2 = 1, SINR = 41 dB, CQI = 15
[0m[NR_PHY] RI = 2 i1 = 0.0.0, i2 = 1, SINR = 41 dB, CQI = 15
[0m[NR_PHY] RI = 2 i1 = 0.0.0, i2 = 1, SINR = 41 dB, CQI = 15
[0m[NR_PHY] RI = 2 i1 = 0.0.0, i2 = 1, SINR = 41 dB, CQI = 15
[0m[NR_PHY] RI = 2 i1 = 0.0.0, i2 = 1, SINR = 41 dB, CQI = 15
[0m[NR_PHY] RI = 2 i1 = 0.0.0, i2 = 1, SINR = 41 dB, CQI = 15
[0m[NR_PHY] RI = 2 i1 = 0.0.0, i2 = 1, SINR = 41 dB, CQI = 15
[0m[NR_PHY] RI = 2 i1 = 0.0.0, i2 = 1, SINR = 41 dB, CQI = 15
[0m[NR_PHY] RI = 2 i1 = 0.0.0, i2 = 1, SINR = 41 dB, CQI = 15
[0m[NR_PHY] RI = 2 i1 = 0.0.0, i2 = 1, SINR = 41 dB, CQI = 15
[0m[NR_PHY] RI = 2 i1 = 0.0.0, i2 = 1, SINR = 41 dB, CQI = 15
[0m[NR_PHY] RI = 2 i1 = 0.0.0, i2 = 1, SINR = 41 dB, CQI = 15
[0m[NR_PHY] RI = 2 i1 = 0.0.0, i2 = 1, SINR = 41 dB, CQI = 15
[0m[NR_PHY] RI = 2 i1 = 0.0.0, i2 = 1, SINR = 41 dB, CQI = 15
[0m[NR_PHY] RI = 2 i1 = 0.0.0, i2 = 1, SINR = 41 dB, CQI = 15
[0m[NR_PHY] RI = 2 i1 = 0.0.0, i2 = 1, SINR = 41 dB, CQI = 15
[0m[NR_PHY] RI = 2 i1 = 0.0.0, i2 = 1, SINR = 41 dB, CQI = 15
[0m[NR_PHY] RI = 2 i1 = 0.0.0, i2 = 1, SINR = 41 dB, CQI = 15
[0m[NR_PHY] RI = 2 i1 = 0.0.0, i2 = 1, SINR = 41 dB, CQI = 15
[0m[NR_PHY] RI = 2 i1 = 0.0.0, i2 = 1, SINR = 41 dB, CQI = 15
[0m[NR_PHY] RI = 2 i1 = 0.0.0, i2 = 1, SINR = 41 dB, CQI = 15
[0m[NR_PHY] RI = 2 i1 = 0.0.0, i2 = 1, SINR = 41 dB, CQI = 15
[0m[NR_PHY] RI = 2 i1 = 0.0.0, i2 = 1, SINR = 41 dB, CQI = 15
[0m[NR_MAC] UE 0 RNTI 77c8 stats sfn: 768.2, cumulated bad DCI 0
    DL harq: 678/1/0
    UL harq: 15586/180/1 avg code rate 0.9, avg bit/symbol 5.9, avg per TB: (nb RBs 17.0, nb symbols 13.0)
[0m[NR_PHY] RI = 2 i1 = 0.0.0, i2 = 1, SINR = 41 dB, CQI = 15
[0m[NR_PHY] RI = 2 i1 = 0.0.0, i2 = 1, SINR = 41 dB, CQI = 15
[0m[NR_PHY] RI = 2 i1 = 0.0.0, i2 = 1, SINR = 41 dB, CQI = 15
[0m[NR_PHY] RI = 2 i1 = 0.0.0, i2 = 1, SINR = 41 dB, CQI = 15
[0m[NR_PHY] RI = 2 i1 = 0.0.0, i2 = 1, SINR = 41 dB, CQI = 15
[0m[NR_PHY] RI = 2 i1 = 0.0.0, i2 = 1, SINR = 41 dB, CQI = 15
[0m[NR_PHY] RI = 2 i1 = 0.0.0, i2 = 1, SINR = 41 dB, CQI = 15
[0m[NR_PHY] RI = 2 i1 = 0.0.0, i2 = 1, SINR = 41 dB, CQI = 15
[0m[NR_PHY] RI = 2 i1 = 0.0.0, i2 = 1, SINR = 41 dB, CQI = 15
[0m[NR_PHY] RI = 2 i1 = 0.0.0, i2 = 1, SINR = 41 dB, CQI = 15
[0m[NR_PHY] RI = 2 i1 = 0.0.0, i2 = 1, SINR = 41 dB, CQI = 15
[0m[NR_PHY] RI = 2 i1 = 0.0.0, i2 = 1, SINR = 41 dB, CQI = 15
[0m[NR_PHY] RI = 2 i1 = 0.0.0, i2 = 1, SINR = 41 dB, CQI = 15
[0m[NR_PHY] RI = 2 i1 = 0.0.0, i2 = 1, SINR = 41 dB, CQI = 15
[0m[NR_PHY] RI = 2 i1 = 0.0.0, i2 = 1, SINR = 41 dB, CQI = 15
[0m[NR_PHY] RI = 2 i1 = 0.0.0, i2 = 1, SINR = 41 dB, CQI = 15
[0m[NR_PHY] RI = 2 i1 = 0.0.0, i2 = 1, SINR = 41 dB, CQI = 15
[0m[NR_PHY] RI = 2 i1 = 0.0.0, i2 = 1, SINR = 41 dB, CQI = 15
[0m[NR_PHY] RI = 2 i1 = 0.0.0, i2 = 1, SINR = 41 dB, CQI = 15
[0m[NR_PHY] RI = 2 i1 = 0.0.0, i2 = 1, SINR = 41 dB, CQI = 15
[0m[NR_PHY] RI = 2 i1 = 0.0.0, i2 = 1, SINR = 41 dB, CQI = 15
[0m[NR_PHY] RI = 2 i1 = 0.0.0, i2 = 1, SINR = 41 dB, CQI = 15
[0m[NR_PHY] RI = 2 i1 = 0.0.0, i2 = 1, SINR = 41 dB, CQI = 15
[0m[NR_PHY] RI = 2 i1 = 0.0.0, i2 = 1, SINR = 41 dB, CQI = 15
[0m[NR_PHY] RI = 2 i1 = 0.0.0, i2 = 1, SINR = 41 dB, CQI = 15
[0m[NR_PHY] RI = 2 i1 = 0.0.0, i2 = 1, SINR = 41 dB, CQI = 15
[0m[NR_PHY] RI = 2 i1 = 0.0.0, i2 = 1, SINR = 41 dB, CQI = 15
[0m[NR_PHY] RI = 2 i1 = 0.0.0, i2 = 1, SINR = 41 dB, CQI = 15
[0m[NR_PHY] RI = 2 i1 = 0.0.0, i2 = 1, SINR = 41 dB, CQI = 15
[0m[NR_PHY] RI = 2 i1 = 0.0.0, i2 = 1, SINR = 41 dB, CQI = 15
[0m[NR_PHY] RI = 2 i1 = 0.0.0, i2 = 1, SINR = 41 dB, CQI = 15
[0m[NR_PHY] RI = 2 i1 = 0.0.0, i2 = 1, SINR = 41 dB, CQI = 15
[0m[NR_PHY] RI = 2 i1 = 0.0.0, i2 = 1, SINR = 41 dB, CQI = 15
[0m[NR_PHY] RI = 2 i1 = 0.0.0, i2 = 1, SINR = 41 dB, CQI = 15
[0m[NR_PHY] RI = 2 i1 = 0.0.0, i2 = 1, SINR = 41 dB, CQI = 15
[0m[NR_PHY] RI = 2 i1 = 0.0.0, i2 = 1, SINR = 41 dB, CQI = 15
[0m[NR_PHY] RI = 2 i1 = 0.0.0, i2 = 1, SINR = 41 dB, CQI = 15
[0m[NR_PHY] RI = 2 i1 = 0.0.0, i2 = 1, SINR = 41 dB, CQI = 15
[0m[NR_PHY] RI = 2 i1 = 0.0.0, i2 = 1, SINR = 41 dB, CQI = 15
[0m[NR_PHY] RI = 2 i1 = 0.0.0, i2 = 1, SINR = 41 dB, CQI = 15
[0m[NR_PHY] RI = 2 i1 = 0.0.0, i2 = 1, SINR = 41 dB, CQI = 15
[0m[NR_PHY] RI = 2 i1 = 0.0.0, i2 = 1, SINR = 41 dB, CQI = 15
[0m[NR_PHY] RI = 2 i1 = 0.0.0, i2 = 1, SINR = 41 dB, CQI = 15
[0m[NR_PHY] RI = 2 i1 = 0.0.0, i2 = 1, SINR = 41 dB, CQI = 15
[0m[NR_PHY] RI = 2 i1 = 0.0.0, i2 = 1, SINR = 41 dB, CQI = 15
[0m[NR_PHY] RI = 2 i1 = 0.0.0, i2 = 1, SINR = 41 dB, CQI = 15
[0m[NR_PHY] RI = 2 i1 = 0.0.0, i2 = 1, SINR = 41 dB, CQI = 15
[0m[NR_PHY] RI = 2 i1 = 0.0.0, i2 = 1, SINR = 41 dB, CQI = 15
[0m[NR_PHY] RI = 2 i1 = 0.0.0, i2 = 1, SINR = 41 dB, CQI = 15
[0m[NR_PHY] RI = 2 i1 = 0.0.0, i2 = 1, SINR = 41 dB, CQI = 15
[0m[NR_PHY] RI = 2 i1 = 0.0.0, i2 = 1, SINR = 41 dB, CQI = 15
[0m[NR_PHY] RI = 2 i1 = 0.0.0, i2 = 1, SINR = 41 dB, CQI = 15
[0m[NR_PHY] RI = 2 i1 = 0.0.0, i2 = 1, SINR = 41 dB, CQI = 15
[0m[NR_PHY] RI = 2 i1 = 0.0.0, i2 = 1, SINR = 41 dB, CQI = 15
[0m[NR_PHY] RI = 2 i1 = 0.0.0, i2 = 1, SINR = 41 dB, CQI = 15
[0m[NR_PHY] RI = 2 i1 = 0.0.0, i2 = 1, SINR = 41 dB, CQI = 15
[0m[NR_PHY] RI = 2 i1 = 0.0.0, i2 = 1, SINR = 41 dB, CQI = 15
[0m[NR_PHY] RI = 2 i1 = 0.0.0, i2 = 1, SINR = 41 dB, CQI = 15
[0m[NR_PHY] RI = 2 i1 = 0.0.0, i2 = 1, SINR = 41 dB, CQI = 15
[0m[NR_PHY] RI = 2 i1 = 0.0.0, i2 = 1, SINR = 41 dB, CQI = 15
[0m[NR_PHY] RI = 2 i1 = 0.0.0, i2 = 1, SINR = 41 dB, CQI = 15
[0m[NR_PHY] RI = 2 i1 = 0.0.0, i2 = 1, SINR = 41 dB, CQI = 15
[0m[NR_PHY] RI = 2 i1 = 0.0.0, i2 = 1, SINR = 41 dB, CQI = 15
[0m[NR_PHY] RI = 2 i1 = 0.0.0, i2 = 1, SINR = 41 dB, CQI = 15
[0m[NR_MAC] UE 0 RNTI 77c8 stats sfn: 896.2, cumulated bad DCI 0
    DL harq: 698/1/0
    UL harq: 16087/186/1 avg code rate 0.9, avg bit/symbol 5.9, avg per TB: (nb RBs 17.0, nb symbols 13.0)
[0m[NR_PHY] RI = 2 i1 = 0.0.0, i2 = 1, SINR = 41 dB, CQI = 15
[0m[NR_PHY] RI = 2 i1 = 0.0.0, i2 = 1, SINR = 41 dB, CQI = 15
[0m[NR_PHY] RI = 2 i1 = 0.0.0, i2 = 1, SINR = 41 dB, CQI = 15
[0m[NR_PHY] RI = 2 i1 = 0.0.0, i2 = 1, SINR = 41 dB, CQI = 15
[0m[NR_PHY] RI = 2 i1 = 0.0.0, i2 = 1, SINR = 41 dB, CQI = 15
[0m[NR_PHY] RI = 2 i1 = 0.0.0, i2 = 1, SINR = 41 dB, CQI = 15
[0m[NR_PHY] RI = 2 i1 = 0.0.0, i2 = 1, SINR = 41 dB, CQI = 15
[0m[NR_PHY] RI = 2 i1 = 0.0.0, i2 = 1, SINR = 41 dB, CQI = 15
[0m[NR_PHY] RI = 2 i1 = 0.0.0, i2 = 1, SINR = 41 dB, CQI = 15
[0m[NR_PHY] RI = 2 i1 = 0.0.0, i2 = 1, SINR = 41 dB, CQI = 15
[0m[NR_PHY] RI = 2 i1 = 0.0.0, i2 = 1, SINR = 41 dB, CQI = 15
[0m[NR_PHY] RI = 2 i1 = 0.0.0, i2 = 1, SINR = 41 dB, CQI = 15
[0m[NR_PHY] RI = 2 i1 = 0.0.0, i2 = 1, SINR = 41 dB, CQI = 15
[0m[NR_PHY] RI = 2 i1 = 0.0.0, i2 = 1, SINR = 41 dB, CQI = 15
[0m[NR_PHY] RI = 2 i1 = 0.0.0, i2 = 1, SINR = 41 dB, CQI = 15
[0m[NR_PHY] RI = 2 i1 = 0.0.0, i2 = 1, SINR = 41 dB, CQI = 15
[0m[NR_PHY] RI = 2 i1 = 0.0.0, i2 = 1, SINR = 41 dB, CQI = 15
[0m[NR_PHY] RI = 2 i1 = 0.0.0, i2 = 1, SINR = 41 dB, CQI = 15
[0m[NR_PHY] RI = 2 i1 = 0.0.0, i2 = 1, SINR = 41 dB, CQI = 15
[0m[NR_PHY] RI = 2 i1 = 0.0.0, i2 = 1, SINR = 41 dB, CQI = 15
[0m[NR_PHY] RI = 2 i1 = 0.0.0, i2 = 1, SINR = 41 dB, CQI = 15
[0m[NR_PHY] RI = 2 i1 = 0.0.0, i2 = 1, SINR = 41 dB, CQI = 15
[0m[NR_PHY] RI = 2 i1 = 0.0.0, i2 = 1, SINR = 41 dB, CQI = 15
[0m[NR_PHY] RI = 2 i1 = 0.0.0, i2 = 1, SINR = 41 dB, CQI = 15
[0m[NR_PHY] RI = 2 i1 = 0.0.0, i2 = 1, SINR = 41 dB, CQI = 15
[0m[NR_PHY] RI = 2 i1 = 0.0.0, i2 = 1, SINR = 41 dB, CQI = 15
[0m[NR_PHY] RI = 2 i1 = 0.0.0, i2 = 1, SINR = 41 dB, CQI = 15
[0m[NR_PHY] RI = 2 i1 = 0.0.0, i2 = 1, SINR = 41 dB, CQI = 15
[0m[NR_PHY] RI = 2 i1 = 0.0.0, i2 = 1, SINR = 41 dB, CQI = 15
[0m[NR_PHY] RI = 2 i1 = 0.0.0, i2 = 1, SINR = 41 dB, CQI = 15
[0m[NR_PHY] RI = 2 i1 = 0.0.0, i2 = 1, SINR = 41 dB, CQI = 15
[0m[NR_PHY] RI = 2 i1 = 0.0.0, i2 = 1, SINR = 41 dB, CQI = 15
[0m[NR_PHY] RI = 2 i1 = 0.0.0, i2 = 1, SINR = 41 dB, CQI = 15
[0m[NR_PHY] RI = 2 i1 = 0.0.0, i2 = 1, SINR = 41 dB, CQI = 15
[0m[NR_PHY] RI = 2 i1 = 0.0.0, i2 = 1, SINR = 41 dB, CQI = 15
[0m[NR_PHY] RI = 2 i1 = 0.0.0, i2 = 1, SINR = 41 dB, CQI = 15
[0m[NR_PHY] RI = 2 i1 = 0.0.0, i2 = 1, SINR = 41 dB, CQI = 15
[0m[NR_PHY] RI = 2 i1 = 0.0.0, i2 = 1, SINR = 41 dB, CQI = 15
[0m[NR_PHY] RI = 2 i1 = 0.0.0, i2 = 1, SINR = 41 dB, CQI = 15
[0m[NR_PHY] RI = 2 i1 = 0.0.0, i2 = 1, SINR = 41 dB, CQI = 15
[0m[NR_PHY] RI = 2 i1 = 0.0.0, i2 = 1, SINR = 41 dB, CQI = 15
[0m[NR_PHY] RI = 2 i1 = 0.0.0, i2 = 1, SINR = 41 dB, CQI = 15
[0m[NR_PHY] RI = 2 i1 = 0.0.0, i2 = 1, SINR = 41 dB, CQI = 15
[0m[NR_PHY] RI = 2 i1 = 0.0.0, i2 = 1, SINR = 41 dB, CQI = 15
[0m[NR_PHY] RI = 2 i1 = 0.0.0, i2 = 1, SINR = 41 dB, CQI = 15
[0m[NR_PHY] RI = 2 i1 = 0.0.0, i2 = 1, SINR = 41 dB, CQI = 15
[0m[NR_PHY] RI = 2 i1 = 0.0.0, i2 = 1, SINR = 41 dB, CQI = 15
[0m[NR_PHY] RI = 2 i1 = 0.0.0, i2 = 1, SINR = 41 dB, CQI = 15
[0m[NR_PHY] RI = 2 i1 = 0.0.0, i2 = 1, SINR = 41 dB, CQI = 15
[0m[NR_PHY] RI = 2 i1 = 0.0.0, i2 = 1, SINR = 41 dB, CQI = 15
[0m[NR_PHY] RI = 2 i1 = 0.0.0, i2 = 1, SINR = 41 dB, CQI = 15
[0m[NR_PHY] RI = 2 i1 = 0.0.0, i2 = 1, SINR = 41 dB, CQI = 15
[0m[NR_PHY] RI = 2 i1 = 0.0.0, i2 = 1, SINR = 41 dB, CQI = 15
[0m[NR_PHY] RI = 2 i1 = 0.0.0, i2 = 1, SINR = 41 dB, CQI = 15
[0m[NR_PHY] RI = 2 i1 = 0.0.0, i2 = 1, SINR = 41 dB, CQI = 15
[0m[NR_PHY] RI = 2 i1 = 0.0.0, i2 = 1, SINR = 41 dB, CQI = 15
[0m[NR_PHY] RI = 2 i1 = 0.0.0, i2 = 1, SINR = 41 dB, CQI = 15
[0m[NR_PHY] RI = 2 i1 = 0.0.0, i2 = 1, SINR = 41 dB, CQI = 15
[0m[NR_PHY] RI = 2 i1 = 0.0.0, i2 = 1, SINR = 41 dB, CQI = 15
[0m[NR_PHY] RI = 2 i1 = 0.0.0, i2 = 1, SINR = 41 dB, CQI = 15
[0m[NR_PHY] RI = 2 i1 = 0.0.0, i2 = 1, SINR = 41 dB, CQI = 15
[0m[NR_PHY] RI = 2 i1 = 0.0.0, i2 = 1, SINR = 41 dB, CQI = 15
[0m[NR_PHY] RI = 2 i1 = 0.0.0, i2 = 1, SINR = 41 dB, CQI = 15
[0m[NR_PHY] RI = 2 i1 = 0.0.0, i2 = 1, SINR = 41 dB, CQI = 15
[0m[NR_MAC] UE 0 RNTI 77c8 stats sfn: 0.2, cumulated bad DCI 0
    DL harq: 721/1/0
    UL harq: 16593/188/1 avg code rate 0.9, avg bit/symbol 5.9, avg per TB: (nb RBs 17.0, nb symbols 13.0)
[0m[NR_PHY] RI = 2 i1 = 0.0.0, i2 = 1, SINR = 41 dB, CQI = 15
[0m[NR_PHY] RI = 2 i1 = 0.0.0, i2 = 1, SINR = 41 dB, CQI = 15
[0m[NR_PHY] RI = 2 i1 = 0.0.0, i2 = 1, SINR = 41 dB, CQI = 15
[0m[NR_PHY] RI = 2 i1 = 0.0.0, i2 = 1, SINR = 41 dB, CQI = 15
[0m[NR_PHY] RI = 2 i1 = 0.0.0, i2 = 1, SINR = 41 dB, CQI = 15
[0m[NR_PHY] RI = 2 i1 = 0.0.0, i2 = 1, SINR = 41 dB, CQI = 15
[0m[NR_PHY] RI = 2 i1 = 0.0.0, i2 = 1, SINR = 41 dB, CQI = 15
[0m[NR_PHY] RI = 2 i1 = 0.0.0, i2 = 1, SINR = 41 dB, CQI = 15
[0m[NR_PHY] RI = 2 i1 = 0.0.0, i2 = 1, SINR = 41 dB, CQI = 15
[0m[NR_PHY] RI = 2 i1 = 0.0.0, i2 = 1, SINR = 41 dB, CQI = 15
[0m[NR_PHY] RI = 2 i1 = 0.0.0, i2 = 1, SINR = 41 dB, CQI = 15
[0m[NR_PHY] RI = 2 i1 = 0.0.0, i2 = 1, SINR = 41 dB, CQI = 15
[0m[NR_PHY] RI = 2 i1 = 0.0.0, i2 = 1, SINR = 41 dB, CQI = 15
[0m[NR_PHY] RI = 2 i1 = 0.0.0, i2 = 1, SINR = 41 dB, CQI = 15
[0m[NR_PHY] RI = 2 i1 = 0.0.0, i2 = 1, SINR = 41 dB, CQI = 15
[0m[NR_PHY] RI = 2 i1 = 0.0.0, i2 = 1, SINR = 41 dB, CQI = 15
[0m[NR_PHY] RI = 2 i1 = 0.0.0, i2 = 1, SINR = 41 dB, CQI = 15
[0m[NR_PHY] RI = 2 i1 = 0.0.0, i2 = 1, SINR = 41 dB, CQI = 15
[0m[NR_PHY] RI = 2 i1 = 0.0.0, i2 = 1, SINR = 41 dB, CQI = 15
[0m[NR_PHY] RI = 2 i1 = 0.0.0, i2 = 1, SINR = 41 dB, CQI = 15
[0m[NR_PHY] RI = 2 i1 = 0.0.0, i2 = 1, SINR = 41 dB, CQI = 15
[0m[NR_PHY] RI = 2 i1 = 0.0.0, i2 = 1, SINR = 41 dB, CQI = 15
[0m[NR_PHY] RI = 2 i1 = 0.0.0, i2 = 1, SINR = 41 dB, CQI = 15
[0m[NR_PHY] RI = 2 i1 = 0.0.0, i2 = 1, SINR = 41 dB, CQI = 15
[0m[NR_PHY] RI = 2 i1 = 0.0.0, i2 = 1, SINR = 41 dB, CQI = 15
[0m[NR_PHY] RI = 2 i1 = 0.0.0, i2 = 1, SINR = 41 dB, CQI = 15
[0m[NR_PHY] RI = 2 i1 = 0.0.0, i2 = 1, SINR = 41 dB, CQI = 15
[0m[NR_PHY] RI = 2 i1 = 0.0.0, i2 = 1, SINR = 41 dB, CQI = 15
[0m[NR_PHY] RI = 2 i1 = 0.0.0, i2 = 1, SINR = 41 dB, CQI = 15
[0m[NR_PHY] RI = 2 i1 = 0.0.0, i2 = 1, SINR = 41 dB, CQI = 15
[0m[NR_PHY] RI = 2 i1 = 0.0.0, i2 = 1, SINR = 41 dB, CQI = 15
[0m[NR_PHY] RI = 2 i1 = 0.0.0, i2 = 1, SINR = 41 dB, CQI = 15
[0m[NR_PHY] RI = 2 i1 = 0.0.0, i2 = 1, SINR = 41 dB, CQI = 15
[0m[NR_PHY] RI = 2 i1 = 0.0.0, i2 = 1, SINR = 41 dB, CQI = 15
[0m[NR_PHY] RI = 2 i1 = 0.0.0, i2 = 1, SINR = 41 dB, CQI = 15
[0m[NR_PHY] RI = 2 i1 = 0.0.0, i2 = 1, SINR = 41 dB, CQI = 15
[0m[NR_PHY] RI = 2 i1 = 0.0.0, i2 = 1, SINR = 41 dB, CQI = 15
[0m[NR_PHY] RI = 2 i1 = 0.0.0, i2 = 1, SINR = 41 dB, CQI = 15
[0m[NR_PHY] RI = 2 i1 = 0.0.0, i2 = 1, SINR = 41 dB, CQI = 15
[0m[NR_PHY] RI = 2 i1 = 0.0.0, i2 = 1, SINR = 41 dB, CQI = 15
[0m[NR_PHY] RI = 2 i1 = 0.0.0, i2 = 1, SINR = 41 dB, CQI = 15
[0m[NR_PHY] RI = 2 i1 = 0.0.0, i2 = 1, SINR = 41 dB, CQI = 15
[0m[NR_PHY] RI = 2 i1 = 0.0.0, i2 = 1, SINR = 41 dB, CQI = 15
[0m[NR_PHY] RI = 2 i1 = 0.0.0, i2 = 1, SINR = 41 dB, CQI = 15
[0m[NR_PHY] RI = 2 i1 = 0.0.0, i2 = 1, SINR = 41 dB, CQI = 15
[0m[NR_PHY] RI = 2 i1 = 0.0.0, i2 = 1, SINR = 41 dB, CQI = 15
[0m[NR_PHY] RI = 2 i1 = 0.0.0, i2 = 1, SINR = 41 dB, CQI = 15
[0m[NR_PHY] RI = 2 i1 = 0.0.0, i2 = 1, SINR = 41 dB, CQI = 15
[0m[NR_PHY] RI = 2 i1 = 0.0.0, i2 = 1, SINR = 41 dB, CQI = 15
[0m[NR_PHY] RI = 2 i1 = 0.0.0, i2 = 1, SINR = 41 dB, CQI = 15
[0m[NR_PHY] RI = 2 i1 = 0.0.0, i2 = 1, SINR = 41 dB, CQI = 15
[0m[NR_PHY] RI = 2 i1 = 0.0.0, i2 = 1, SINR = 41 dB, CQI = 15
[0m[NR_PHY] RI = 2 i1 = 0.0.0, i2 = 1, SINR = 41 dB, CQI = 15
[0m[NR_PHY] RI = 2 i1 = 0.0.0, i2 = 1, SINR = 41 dB, CQI = 15
[0m[NR_PHY] RI = 2 i1 = 0.0.0, i2 = 1, SINR = 41 dB, CQI = 15
[0m[NR_PHY] RI = 2 i1 = 0.0.0, i2 = 1, SINR = 41 dB, CQI = 15
[0m[NR_PHY] RI = 2 i1 = 0.0.0, i2 = 1, SINR = 41 dB, CQI = 15
[0m[NR_PHY] RI = 2 i1 = 0.0.0, i2 = 1, SINR = 41 dB, CQI = 15
[0m[NR_PHY] RI = 2 i1 = 0.0.0, i2 = 0, SINR = 0 dB, CQI = 0
[0m[NR_PHY] RI = 2 i1 = 0.0.0, i2 = 1, SINR = 41 dB, CQI = 15
[0m[NR_PHY] RI = 2 i1 = 0.0.0, i2 = 1, SINR = 41 dB, CQI = 15
[0m[NR_PHY] RI = 2 i1 = 0.0.0, i2 = 1, SINR = 41 dB, CQI = 15
[0m[NR_PHY] RI = 2 i1 = 0.0.0, i2 = 1, SINR = 41 dB, CQI = 15
[0m[NR_PHY] RI = 2 i1 = 0.0.0, i2 = 1, SINR = 41 dB, CQI = 15
[0m[NR_MAC] UE 0 RNTI 77c8 stats sfn: 128.2, cumulated bad DCI 0
    DL harq: 743/1/0
    UL harq: 17093/194/1 avg code rate 0.9, avg bit/symbol 5.9, avg per TB: (nb RBs 17.0, nb symbols 13.0)
[0m[NR_PHY] RI = 2 i1 = 0.0.0, i2 = 1, SINR = 41 dB, CQI = 15
[0m[NR_PHY] RI = 2 i1 = 0.0.0, i2 = 1, SINR = 41 dB, CQI = 15
[0m[NR_PHY] RI = 2 i1 = 0.0.0, i2 = 1, SINR = 41 dB, CQI = 15
[0m[NR_PHY] RI = 2 i1 = 0.0.0, i2 = 1, SINR = 41 dB, CQI = 15
[0m[NR_PHY] RI = 2 i1 = 0.0.0, i2 = 1, SINR = 41 dB, CQI = 15
[0m[NR_PHY] RI = 2 i1 = 0.0.0, i2 = 1, SINR = 41 dB, CQI = 15
[0m[NR_PHY] RI = 2 i1 = 0.0.0, i2 = 1, SINR = 41 dB, CQI = 15
[0m[NR_PHY] RI = 2 i1 = 0.0.0, i2 = 1, SINR = 41 dB, CQI = 15
[0m[NR_PHY] RI = 2 i1 = 0.0.0, i2 = 1, SINR = 41 dB, CQI = 15
[0m[NR_PHY] RI = 2 i1 = 0.0.0, i2 = 1, SINR = 41 dB, CQI = 15
[0m[NR_PHY] RI = 2 i1 = 0.0.0, i2 = 1, SINR = 41 dB, CQI = 15
[0m[NR_PHY] RI = 2 i1 = 0.0.0, i2 = 1, SINR = 41 dB, CQI = 15
[0m[NR_PHY] RI = 2 i1 = 0.0.0, i2 = 1, SINR = 41 dB, CQI = 15
[0m[NR_PHY] RI = 2 i1 = 0.0.0, i2 = 1, SINR = 41 dB, CQI = 15
[0m[NR_PHY] RI = 2 i1 = 0.0.0, i2 = 1, SINR = 41 dB, CQI = 15
[0m[NR_PHY] RI = 2 i1 = 0.0.0, i2 = 1, SINR = 41 dB, CQI = 15
[0m[NR_PHY] RI = 2 i1 = 0.0.0, i2 = 1, SINR = 41 dB, CQI = 15
[0m[NR_PHY] RI = 2 i1 = 0.0.0, i2 = 1, SINR = 41 dB, CQI = 15
[0m[NR_PHY] RI = 2 i1 = 0.0.0, i2 = 1, SINR = 41 dB, CQI = 15
[0m[NR_PHY] RI = 2 i1 = 0.0.0, i2 = 1, SINR = 41 dB, CQI = 15
[0m[NR_PHY] RI = 2 i1 = 0.0.0, i2 = 1, SINR = 41 dB, CQI = 15
[0m[NR_PHY] RI = 2 i1 = 0.0.0, i2 = 1, SINR = 41 dB, CQI = 15
[0m[NR_PHY] RI = 2 i1 = 0.0.0, i2 = 1, SINR = 41 dB, CQI = 15
[0m[NR_PHY] RI = 2 i1 = 0.0.0, i2 = 1, SINR = 41 dB, CQI = 15
[0m[NR_PHY] RI = 2 i1 = 0.0.0, i2 = 1, SINR = 41 dB, CQI = 15
[0m[NR_PHY] RI = 2 i1 = 0.0.0, i2 = 1, SINR = 41 dB, CQI = 15
[0m[NR_PHY] RI = 2 i1 = 0.0.0, i2 = 1, SINR = 41 dB, CQI = 15
[0m[NR_PHY] RI = 2 i1 = 0.0.0, i2 = 1, SINR = 41 dB, CQI = 15
[0m[NR_PHY] RI = 2 i1 = 0.0.0, i2 = 1, SINR = 41 dB, CQI = 15
[0m[NR_PHY] RI = 2 i1 = 0.0.0, i2 = 1, SINR = 41 dB, CQI = 15
[0m[NR_PHY] RI = 2 i1 = 0.0.0, i2 = 1, SINR = 41 dB, CQI = 15
[0m[NR_PHY] RI = 2 i1 = 0.0.0, i2 = 1, SINR = 41 dB, CQI = 15
[0m[NR_PHY] RI = 2 i1 = 0.0.0, i2 = 1, SINR = 41 dB, CQI = 15
[0m[NR_PHY] RI = 2 i1 = 0.0.0, i2 = 1, SINR = 41 dB, CQI = 15
[0m[NR_PHY] RI = 2 i1 = 0.0.0, i2 = 1, SINR = 41 dB, CQI = 15
[0m[NR_PHY] RI = 2 i1 = 0.0.0, i2 = 1, SINR = 41 dB, CQI = 15
[0m[NR_PHY] RI = 2 i1 = 0.0.0, i2 = 1, SINR = 41 dB, CQI = 15
[0m[NR_PHY] RI = 2 i1 = 0.0.0, i2 = 1, SINR = 41 dB, CQI = 15
[0m[NR_PHY] RI = 2 i1 = 0.0.0, i2 = 1, SINR = 41 dB, CQI = 15
[0m[NR_PHY] RI = 2 i1 = 0.0.0, i2 = 1, SINR = 41 dB, CQI = 15
[0m[NR_PHY] RI = 2 i1 = 0.0.0, i2 = 1, SINR = 41 dB, CQI = 15
[0m[NR_PHY] RI = 2 i1 = 0.0.0, i2 = 1, SINR = 41 dB, CQI = 15
[0m[NR_PHY] RI = 2 i1 = 0.0.0, i2 = 1, SINR = 41 dB, CQI = 15
[0m[NR_PHY] RI = 2 i1 = 0.0.0, i2 = 1, SINR = 41 dB, CQI = 15
[0m[NR_PHY] RI = 2 i1 = 0.0.0, i2 = 1, SINR = 41 dB, CQI = 15
[0m[NR_PHY] RI = 2 i1 = 0.0.0, i2 = 1, SINR = 41 dB, CQI = 15
[0m[NR_PHY] RI = 2 i1 = 0.0.0, i2 = 1, SINR = 41 dB, CQI = 15
[0m[NR_PHY] RI = 2 i1 = 0.0.0, i2 = 1, SINR = 41 dB, CQI = 15
[0m[NR_PHY] RI = 2 i1 = 0.0.0, i2 = 1, SINR = 41 dB, CQI = 15
[0m[NR_PHY] RI = 2 i1 = 0.0.0, i2 = 1, SINR = 41 dB, CQI = 15
[0m[NR_PHY] RI = 2 i1 = 0.0.0, i2 = 1, SINR = 41 dB, CQI = 15
[0m[NR_PHY] RI = 2 i1 = 0.0.0, i2 = 1, SINR = 41 dB, CQI = 15
[0m[NR_PHY] RI = 2 i1 = 0.0.0, i2 = 1, SINR = 41 dB, CQI = 15
[0m[NR_PHY] RI = 2 i1 = 0.0.0, i2 = 1, SINR = 41 dB, CQI = 15
[0m[NR_PHY] RI = 2 i1 = 0.0.0, i2 = 1, SINR = 41 dB, CQI = 15
[0m[NR_PHY] RI = 2 i1 = 0.0.0, i2 = 1, SINR = 41 dB, CQI = 15
[0m[NR_PHY] RI = 2 i1 = 0.0.0, i2 = 1, SINR = 41 dB, CQI = 15
[0m[NR_PHY] RI = 2 i1 = 0.0.0, i2 = 1, SINR = 41 dB, CQI = 15
[0m[NR_PHY] RI = 2 i1 = 0.0.0, i2 = 1, SINR = 41 dB, CQI = 15
[0m[NR_PHY] RI = 2 i1 = 0.0.0, i2 = 1, SINR = 41 dB, CQI = 15
[0m[NR_PHY] RI = 2 i1 = 0.0.0, i2 = 1, SINR = 41 dB, CQI = 15
[0m[NR_PHY] RI = 2 i1 = 0.0.0, i2 = 1, SINR = 41 dB, CQI = 15
[0m[NR_PHY] RI = 2 i1 = 0.0.0, i2 = 1, SINR = 41 dB, CQI = 15
[0m[NR_PHY] RI = 2 i1 = 0.0.0, i2 = 1, SINR = 41 dB, CQI = 15
[0m[NR_MAC] UE 0 RNTI 77c8 stats sfn: 256.2, cumulated bad DCI 0
    DL harq: 764/1/0
    UL harq: 17597/198/1 avg code rate 0.9, avg bit/symbol 6.0, avg per TB: (nb RBs 17.0, nb symbols 13.0)
[0m[NR_PHY] RI = 2 i1 = 0.0.0, i2 = 1, SINR = 41 dB, CQI = 15
[0m[NR_PHY] RI = 2 i1 = 0.0.0, i2 = 1, SINR = 41 dB, CQI = 15
[0m[NR_PHY] RI = 2 i1 = 0.0.0, i2 = 1, SINR = 41 dB, CQI = 15
[0m[NR_PHY] RI = 2 i1 = 0.0.0, i2 = 1, SINR = 41 dB, CQI = 15
[0m[NR_PHY] RI = 2 i1 = 0.0.0, i2 = 1, SINR = 41 dB, CQI = 15
[0m[NR_PHY] RI = 2 i1 = 0.0.0, i2 = 1, SINR = 41 dB, CQI = 15
[0m[NR_PHY] RI = 2 i1 = 0.0.0, i2 = 1, SINR = 41 dB, CQI = 15
[0m[NR_PHY] RI = 2 i1 = 0.0.0, i2 = 1, SINR = 41 dB, CQI = 15
[0m[NR_PHY] RI = 2 i1 = 0.0.0, i2 = 1, SINR = 41 dB, CQI = 15
[0m[NR_PHY] RI = 2 i1 = 0.0.0, i2 = 1, SINR = 41 dB, CQI = 15
[0m[NR_PHY] RI = 2 i1 = 0.0.0, i2 = 1, SINR = 41 dB, CQI = 15
[0m[NR_PHY] RI = 2 i1 = 0.0.0, i2 = 1, SINR = 41 dB, CQI = 15
[0m[NR_PHY] RI = 2 i1 = 0.0.0, i2 = 1, SINR = 41 dB, CQI = 15
[0m[NR_PHY] RI = 2 i1 = 0.0.0, i2 = 1, SINR = 41 dB, CQI = 15
[0m[NR_PHY] RI = 2 i1 = 0.0.0, i2 = 1, SINR = 41 dB, CQI = 15
[0m[NR_PHY] RI = 2 i1 = 0.0.0, i2 = 1, SINR = 41 dB, CQI = 15
[0m[NR_PHY] RI = 2 i1 = 0.0.0, i2 = 1, SINR = 41 dB, CQI = 15
[0m[NR_PHY] RI = 2 i1 = 0.0.0, i2 = 1, SINR = 41 dB, CQI = 15
[0m[NR_PHY] RI = 2 i1 = 0.0.0, i2 = 1, SINR = 41 dB, CQI = 15
[0m[NR_PHY] RI = 2 i1 = 0.0.0, i2 = 1, SINR = 41 dB, CQI = 15
[0m[NR_PHY] RI = 2 i1 = 0.0.0, i2 = 1, SINR = 41 dB, CQI = 15
[0m[NR_PHY] RI = 2 i1 = 0.0.0, i2 = 1, SINR = 41 dB, CQI = 15
[0m[NR_PHY] RI = 2 i1 = 0.0.0, i2 = 1, SINR = 41 dB, CQI = 15
[0m[NR_PHY] RI = 2 i1 = 0.0.0, i2 = 1, SINR = 41 dB, CQI = 15
[0m[NR_PHY] RI = 2 i1 = 0.0.0, i2 = 1, SINR = 41 dB, CQI = 15
[0m[NR_PHY] RI = 2 i1 = 0.0.0, i2 = 1, SINR = 41 dB, CQI = 15
[0m[NR_PHY] RI = 2 i1 = 0.0.0, i2 = 1, SINR = 41 dB, CQI = 15
[0m[NR_PHY] RI = 2 i1 = 0.0.0, i2 = 1, SINR = 41 dB, CQI = 15
[0m[NR_PHY] RI = 2 i1 = 0.0.0, i2 = 1, SINR = 41 dB, CQI = 15
[0m[NR_PHY] RI = 2 i1 = 0.0.0, i2 = 1, SINR = 41 dB, CQI = 15
[0m[NR_PHY] RI = 2 i1 = 0.0.0, i2 = 1, SINR = 41 dB, CQI = 15
[0m[NR_PHY] RI = 2 i1 = 0.0.0, i2 = 1, SINR = 41 dB, CQI = 15
[0m[NR_PHY] RI = 2 i1 = 0.0.0, i2 = 1, SINR = 41 dB, CQI = 15
[0m[NR_PHY] RI = 2 i1 = 0.0.0, i2 = 1, SINR = 41 dB, CQI = 15
[0m[NR_PHY] RI = 2 i1 = 0.0.0, i2 = 1, SINR = 41 dB, CQI = 15
[0m[NR_PHY] RI = 2 i1 = 0.0.0, i2 = 1, SINR = 41 dB, CQI = 15
[0m[NR_PHY] RI = 2 i1 = 0.0.0, i2 = 1, SINR = 41 dB, CQI = 15
[0m[NR_PHY] RI = 2 i1 = 0.0.0, i2 = 1, SINR = 41 dB, CQI = 15
[0m[NR_PHY] RI = 2 i1 = 0.0.0, i2 = 1, SINR = 41 dB, CQI = 15
[0m[NR_PHY] RI = 2 i1 = 0.0.0, i2 = 1, SINR = 41 dB, CQI = 15
[0m[NR_PHY] RI = 2 i1 = 0.0.0, i2 = 1, SINR = 41 dB, CQI = 15
[0m[NR_PHY] RI = 2 i1 = 0.0.0, i2 = 1, SINR = 41 dB, CQI = 15
[0m[NR_PHY] RI = 2 i1 = 0.0.0, i2 = 1, SINR = 41 dB, CQI = 15
[0m[NR_PHY] RI = 2 i1 = 0.0.0, i2 = 1, SINR = 41 dB, CQI = 15
[0m[NR_PHY] RI = 2 i1 = 0.0.0, i2 = 1, SINR = 41 dB, CQI = 15
[0m[NR_PHY] RI = 2 i1 = 0.0.0, i2 = 1, SINR = 41 dB, CQI = 15
[0m[NR_PHY] RI = 2 i1 = 0.0.0, i2 = 1, SINR = 41 dB, CQI = 15
[0m[NR_PHY] RI = 2 i1 = 0.0.0, i2 = 1, SINR = 41 dB, CQI = 15
[0m[NR_PHY] RI = 2 i1 = 0.0.0, i2 = 1, SINR = 41 dB, CQI = 15
[0m[NR_PHY] RI = 2 i1 = 0.0.0, i2 = 1, SINR = 41 dB, CQI = 15
[0m[NR_PHY] RI = 2 i1 = 0.0.0, i2 = 1, SINR = 41 dB, CQI = 15
[0m[NR_PHY] RI = 2 i1 = 0.0.0, i2 = 1, SINR = 41 dB, CQI = 15
[0m[NR_PHY] RI = 2 i1 = 0.0.0, i2 = 1, SINR = 41 dB, CQI = 15
[0m[NR_PHY] RI = 2 i1 = 0.0.0, i2 = 1, SINR = 41 dB, CQI = 15
[0m[NR_PHY] RI = 2 i1 = 0.0.0, i2 = 1, SINR = 41 dB, CQI = 15
[0m[NR_PHY] RI = 2 i1 = 0.0.0, i2 = 1, SINR = 41 dB, CQI = 15
[0m[NR_PHY] RI = 2 i1 = 0.0.0, i2 = 1, SINR = 41 dB, CQI = 15
[0m[NR_PHY] RI = 2 i1 = 0.0.0, i2 = 1, SINR = 41 dB, CQI = 15
[0m[NR_PHY] RI = 2 i1 = 0.0.0, i2 = 1, SINR = 41 dB, CQI = 15
[0m[NR_PHY] RI = 2 i1 = 0.0.0, i2 = 1, SINR = 41 dB, CQI = 15
[0m[NR_PHY] RI = 2 i1 = 0.0.0, i2 = 1, SINR = 41 dB, CQI = 15
[0m[NR_PHY] RI = 2 i1 = 0.0.0, i2 = 1, SINR = 41 dB, CQI = 15
[0m[NR_PHY] RI = 2 i1 = 0.0.0, i2 = 1, SINR = 41 dB, CQI = 15
[0m[NR_PHY] RI = 2 i1 = 0.0.0, i2 = 1, SINR = 41 dB, CQI = 15
[0m[NR_MAC] UE 0 RNTI 77c8 stats sfn: 384.2, cumulated bad DCI 0
    DL harq: 784/1/0
    UL harq: 18103/201/1 avg code rate 0.9, avg bit/symbol 6.0, avg per TB: (nb RBs 17.0, nb symbols 13.0)
[0m[NR_PHY] RI = 2 i1 = 0.0.0, i2 = 1, SINR = 41 dB, CQI = 15
[0m[NR_PHY] RI = 2 i1 = 0.0.0, i2 = 1, SINR = 41 dB, CQI = 15
[0m[NR_PHY] RI = 2 i1 = 0.0.0, i2 = 1, SINR = 41 dB, CQI = 15
[0m[NR_PHY] RI = 2 i1 = 0.0.0, i2 = 1, SINR = 41 dB, CQI = 15
[0m[NR_PHY] RI = 2 i1 = 0.0.0, i2 = 1, SINR = 41 dB, CQI = 15
[0m[NR_PHY] RI = 2 i1 = 0.0.0, i2 = 1, SINR = 41 dB, CQI = 15
[0m[NR_PHY] RI = 2 i1 = 0.0.0, i2 = 1, SINR = 41 dB, CQI = 15
[0m[NR_PHY] RI = 2 i1 = 0.0.0, i2 = 1, SINR = 41 dB, CQI = 15
[0m[NR_PHY] RI = 2 i1 = 0.0.0, i2 = 1, SINR = 41 dB, CQI = 15
[0m[NR_PHY] RI = 2 i1 = 0.0.0, i2 = 1, SINR = 41 dB, CQI = 15
[0m[NR_PHY] RI = 2 i1 = 0.0.0, i2 = 1, SINR = 41 dB, CQI = 15
[0m[NR_PHY] RI = 2 i1 = 0.0.0, i2 = 1, SINR = 41 dB, CQI = 15
[0m[NR_PHY] RI = 2 i1 = 0.0.0, i2 = 1, SINR = 41 dB, CQI = 15
[0m[NR_PHY] RI = 2 i1 = 0.0.0, i2 = 1, SINR = 41 dB, CQI = 15
[0m[NR_PHY] RI = 2 i1 = 0.0.0, i2 = 1, SINR = 41 dB, CQI = 15
[0m[NR_PHY] RI = 2 i1 = 0.0.0, i2 = 1, SINR = 41 dB, CQI = 15
[0m[NR_PHY] RI = 2 i1 = 0.0.0, i2 = 1, SINR = 41 dB, CQI = 15
[0m[NR_PHY] RI = 2 i1 = 0.0.0, i2 = 1, SINR = 41 dB, CQI = 15
[0m[NR_PHY] RI = 2 i1 = 0.0.0, i2 = 1, SINR = 41 dB, CQI = 15
[0m[NR_PHY] RI = 2 i1 = 0.0.0, i2 = 1, SINR = 41 dB, CQI = 15
[0m[NR_PHY] RI = 2 i1 = 0.0.0, i2 = 1, SINR = 41 dB, CQI = 15
[0m[NR_PHY] RI = 2 i1 = 0.0.0, i2 = 1, SINR = 41 dB, CQI = 15
[0m[NR_PHY] RI = 2 i1 = 0.0.0, i2 = 1, SINR = 41 dB, CQI = 15
[0m[NR_PHY] RI = 2 i1 = 0.0.0, i2 = 1, SINR = 41 dB, CQI = 15
[0m[NR_PHY] RI = 2 i1 = 0.0.0, i2 = 1, SINR = 41 dB, CQI = 15
[0m[NR_PHY] RI = 2 i1 = 0.0.0, i2 = 1, SINR = 41 dB, CQI = 15
[0m[NR_PHY] RI = 2 i1 = 0.0.0, i2 = 1, SINR = 41 dB, CQI = 15
[0m[NR_PHY] RI = 2 i1 = 0.0.0, i2 = 1, SINR = 41 dB, CQI = 15
[0m[NR_PHY] RI = 2 i1 = 0.0.0, i2 = 1, SINR = 41 dB, CQI = 15
[0m[NR_PHY] RI = 2 i1 = 0.0.0, i2 = 1, SINR = 41 dB, CQI = 15
[0m[NR_PHY] RI = 2 i1 = 0.0.0, i2 = 1, SINR = 41 dB, CQI = 15
[0m[NR_PHY] RI = 2 i1 = 0.0.0, i2 = 1, SINR = 41 dB, CQI = 15
[0m[NR_PHY] RI = 2 i1 = 0.0.0, i2 = 1, SINR = 41 dB, CQI = 15
[0m[NR_PHY] RI = 2 i1 = 0.0.0, i2 = 1, SINR = 41 dB, CQI = 15
[0m[NR_PHY] RI = 2 i1 = 0.0.0, i2 = 1, SINR = 41 dB, CQI = 15
[0m[NR_PHY] RI = 2 i1 = 0.0.0, i2 = 1, SINR = 41 dB, CQI = 15
[0m[NR_PHY] RI = 2 i1 = 0.0.0, i2 = 1, SINR = 41 dB, CQI = 15
[0m[NR_PHY] RI = 2 i1 = 0.0.0, i2 = 1, SINR = 41 dB, CQI = 15
[0m[NR_PHY] RI = 2 i1 = 0.0.0, i2 = 1, SINR = 41 dB, CQI = 15
[0m[NR_PHY] RI = 2 i1 = 0.0.0, i2 = 1, SINR = 41 dB, CQI = 15
[0m[NR_PHY] RI = 2 i1 = 0.0.0, i2 = 1, SINR = 41 dB, CQI = 15
[0m[NR_PHY] RI = 2 i1 = 0.0.0, i2 = 1, SINR = 41 dB, CQI = 15
[0m[NR_PHY] RI = 2 i1 = 0.0.0, i2 = 1, SINR = 41 dB, CQI = 15
[0m[NR_PHY] RI = 2 i1 = 0.0.0, i2 = 1, SINR = 41 dB, CQI = 15
[0m[NR_PHY] RI = 2 i1 = 0.0.0, i2 = 1, SINR = 41 dB, CQI = 15
[0m[NR_PHY] RI = 2 i1 = 0.0.0, i2 = 1, SINR = 41 dB, CQI = 15
[0m[NR_PHY] RI = 2 i1 = 0.0.0, i2 = 1, SINR = 41 dB, CQI = 15
[0m[NR_PHY] RI = 2 i1 = 0.0.0, i2 = 1, SINR = 41 dB, CQI = 15
[0m[NR_PHY] RI = 2 i1 = 0.0.0, i2 = 1, SINR = 41 dB, CQI = 15
[0m[NR_PHY] RI = 2 i1 = 0.0.0, i2 = 1, SINR = 41 dB, CQI = 15
[0m[NR_PHY] RI = 2 i1 = 0.0.0, i2 = 1, SINR = 41 dB, CQI = 15
[0m[NR_PHY] RI = 2 i1 = 0.0.0, i2 = 1, SINR = 41 dB, CQI = 15
[0m[NR_PHY] RI = 2 i1 = 0.0.0, i2 = 1, SINR = 41 dB, CQI = 15
[0m[NR_PHY] RI = 2 i1 = 0.0.0, i2 = 1, SINR = 41 dB, CQI = 15
[0m[NR_PHY] RI = 2 i1 = 0.0.0, i2 = 1, SINR = 41 dB, CQI = 15
[0m[NR_PHY] RI = 2 i1 = 0.0.0, i2 = 1, SINR = 41 dB, CQI = 15
[0m[NR_PHY] RI = 2 i1 = 0.0.0, i2 = 1, SINR = 41 dB, CQI = 15
[0m[NR_PHY] RI = 2 i1 = 0.0.0, i2 = 1, SINR = 41 dB, CQI = 15
[0m[NR_PHY] RI = 2 i1 = 0.0.0, i2 = 1, SINR = 41 dB, CQI = 15
[0m[NR_PHY] RI = 2 i1 = 0.0.0, i2 = 1, SINR = 41 dB, CQI = 15
[0m[NR_PHY] RI = 2 i1 = 0.0.0, i2 = 1, SINR = 41 dB, CQI = 15
[0m[NR_PHY] RI = 2 i1 = 0.0.0, i2 = 1, SINR = 41 dB, CQI = 15
[0m[NR_PHY] RI = 2 i1 = 0.0.0, i2 = 1, SINR = 41 dB, CQI = 15
[0m[NR_PHY] RI = 2 i1 = 0.0.0, i2 = 1, SINR = 41 dB, CQI = 15
[0m[NR_MAC] UE 0 RNTI 77c8 stats sfn: 512.2, cumulated bad DCI 0
    DL harq: 806/1/0
    UL harq: 18609/204/1 avg code rate 0.9, avg bit/symbol 6.0, avg per TB: (nb RBs 17.0, nb symbols 13.0)
[0m[NR_PHY] RI = 2 i1 = 0.0.0, i2 = 1, SINR = 41 dB, CQI = 15
[0m[NR_PHY] RI = 2 i1 = 0.0.0, i2 = 1, SINR = 41 dB, CQI = 15
[0m[NR_PHY] RI = 2 i1 = 0.0.0, i2 = 1, SINR = 41 dB, CQI = 15
[0m[NR_PHY] RI = 2 i1 = 0.0.0, i2 = 1, SINR = 41 dB, CQI = 15
[0m[NR_PHY] RI = 2 i1 = 0.0.0, i2 = 1, SINR = 41 dB, CQI = 15
[0m[NR_PHY] RI = 2 i1 = 0.0.0, i2 = 1, SINR = 41 dB, CQI = 15
[0m[NR_PHY] RI = 2 i1 = 0.0.0, i2 = 1, SINR = 41 dB, CQI = 15
[0m[NR_PHY] RI = 2 i1 = 0.0.0, i2 = 1, SINR = 41 dB, CQI = 15
[0m[NR_PHY] RI = 2 i1 = 0.0.0, i2 = 1, SINR = 41 dB, CQI = 15
[0m[NR_PHY] RI = 2 i1 = 0.0.0, i2 = 1, SINR = 41 dB, CQI = 15
[0m[NR_PHY] RI = 2 i1 = 0.0.0, i2 = 1, SINR = 41 dB, CQI = 15
[0m[NR_PHY] RI = 2 i1 = 0.0.0, i2 = 1, SINR = 41 dB, CQI = 15
[0m[NR_PHY] RI = 2 i1 = 0.0.0, i2 = 1, SINR = 41 dB, CQI = 15
[0m[NR_PHY] RI = 2 i1 = 0.0.0, i2 = 1, SINR = 41 dB, CQI = 15
[0m[NR_PHY] RI = 2 i1 = 0.0.0, i2 = 1, SINR = 41 dB, CQI = 15
[0m[NR_PHY] RI = 2 i1 = 0.0.0, i2 = 1, SINR = 41 dB, CQI = 15
[0m[NR_PHY] RI = 2 i1 = 0.0.0, i2 = 1, SINR = 41 dB, CQI = 15
[0m[NR_PHY] RI = 2 i1 = 0.0.0, i2 = 1, SINR = 41 dB, CQI = 15
[0m[NR_PHY] RI = 2 i1 = 0.0.0, i2 = 1, SINR = 41 dB, CQI = 15
[0m[NR_PHY] RI = 2 i1 = 0.0.0, i2 = 1, SINR = 41 dB, CQI = 15
[0m[NR_PHY] RI = 2 i1 = 0.0.0, i2 = 1, SINR = 41 dB, CQI = 15
[0m[NR_PHY] RI = 2 i1 = 0.0.0, i2 = 1, SINR = 41 dB, CQI = 15
[0m[NR_PHY] RI = 2 i1 = 0.0.0, i2 = 1, SINR = 41 dB, CQI = 15
[0m[NR_PHY] RI = 2 i1 = 0.0.0, i2 = 1, SINR = 41 dB, CQI = 15
[0m[NR_PHY] RI = 2 i1 = 0.0.0, i2 = 1, SINR = 41 dB, CQI = 15
[0m[NR_PHY] RI = 2 i1 = 0.0.0, i2 = 1, SINR = 41 dB, CQI = 15
[0m[NR_PHY] RI = 2 i1 = 0.0.0, i2 = 1, SINR = 41 dB, CQI = 15
[0m[NR_PHY] RI = 2 i1 = 0.0.0, i2 = 1, SINR = 41 dB, CQI = 15
[0m[NR_PHY] RI = 2 i1 = 0.0.0, i2 = 1, SINR = 41 dB, CQI = 15
[0m[NR_PHY] RI = 2 i1 = 0.0.0, i2 = 1, SINR = 41 dB, CQI = 15
[0m[NR_PHY] RI = 2 i1 = 0.0.0, i2 = 1, SINR = 41 dB, CQI = 15
[0m[NR_PHY] RI = 2 i1 = 0.0.0, i2 = 1, SINR = 41 dB, CQI = 15
[0m[NR_PHY] RI = 2 i1 = 0.0.0, i2 = 1, SINR = 41 dB, CQI = 15
[0m[NR_PHY] RI = 2 i1 = 0.0.0, i2 = 1, SINR = 41 dB, CQI = 15
[0m[NR_PHY] RI = 2 i1 = 0.0.0, i2 = 1, SINR = 41 dB, CQI = 15
[0m[NR_PHY] RI = 2 i1 = 0.0.0, i2 = 1, SINR = 41 dB, CQI = 15
[0m[NR_PHY] RI = 2 i1 = 0.0.0, i2 = 1, SINR = 41 dB, CQI = 15
[0m[NR_PHY] RI = 2 i1 = 0.0.0, i2 = 1, SINR = 41 dB, CQI = 15
[0m[NR_PHY] RI = 2 i1 = 0.0.0, i2 = 1, SINR = 41 dB, CQI = 15
[0m[NR_PHY] RI = 2 i1 = 0.0.0, i2 = 1, SINR = 41 dB, CQI = 15
[0m[NR_PHY] RI = 2 i1 = 0.0.0, i2 = 1, SINR = 41 dB, CQI = 15
[0m[NR_PHY] RI = 2 i1 = 0.0.0, i2 = 1, SINR = 41 dB, CQI = 15
[0m[NR_PHY] RI = 2 i1 = 0.0.0, i2 = 1, SINR = 41 dB, CQI = 15
[0m[NR_PHY] RI = 2 i1 = 0.0.0, i2 = 1, SINR = 41 dB, CQI = 15
[0m[NR_PHY] RI = 2 i1 = 0.0.0, i2 = 1, SINR = 41 dB, CQI = 15
[0m[NR_PHY] RI = 2 i1 = 0.0.0, i2 = 1, SINR = 41 dB, CQI = 15
[0m[NR_PHY] RI = 2 i1 = 0.0.0, i2 = 1, SINR = 41 dB, CQI = 15
[0m[NR_PHY] RI = 2 i1 = 0.0.0, i2 = 1, SINR = 41 dB, CQI = 15
[0m[NR_PHY] RI = 2 i1 = 0.0.0, i2 = 1, SINR = 41 dB, CQI = 15
[0m[NR_PHY] RI = 2 i1 = 0.0.0, i2 = 1, SINR = 41 dB, CQI = 15
[0m[NR_PHY] RI = 2 i1 = 0.0.0, i2 = 1, SINR = 41 dB, CQI = 15
[0m[NR_PHY] RI = 2 i1 = 0.0.0, i2 = 1, SINR = 41 dB, CQI = 15
[0m[NR_PHY] RI = 2 i1 = 0.0.0, i2 = 1, SINR = 41 dB, CQI = 15
[0m[NR_PHY] RI = 2 i1 = 0.0.0, i2 = 1, SINR = 41 dB, CQI = 15
[0m[NR_PHY] RI = 2 i1 = 0.0.0, i2 = 1, SINR = 41 dB, CQI = 15
[0m[NR_PHY] RI = 2 i1 = 0.0.0, i2 = 1, SINR = 41 dB, CQI = 15
[0m[NR_PHY] RI = 2 i1 = 0.0.0, i2 = 1, SINR = 41 dB, CQI = 15
[0m[NR_PHY] RI = 2 i1 = 0.0.0, i2 = 1, SINR = 41 dB, CQI = 15
[0m[NR_PHY] RI = 2 i1 = 0.0.0, i2 = 1, SINR = 41 dB, CQI = 15
[0m[NR_PHY] RI = 2 i1 = 0.0.0, i2 = 1, SINR = 41 dB, CQI = 15
[0m[NR_PHY] RI = 2 i1 = 0.0.0, i2 = 1, SINR = 41 dB, CQI = 15
[0m[NR_PHY] RI = 2 i1 = 0.0.0, i2 = 1, SINR = 41 dB, CQI = 15
[0m[NR_PHY] RI = 2 i1 = 0.0.0, i2 = 1, SINR = 41 dB, CQI = 15
[0m[NR_PHY] RI = 2 i1 = 0.0.0, i2 = 1, SINR = 41 dB, CQI = 15
[0m[NR_MAC] UE 0 RNTI 77c8 stats sfn: 640.2, cumulated bad DCI 0
    DL harq: 827/1/0
    UL harq: 19117/206/1 avg code rate 0.9, avg bit/symbol 6.0, avg per TB: (nb RBs 17.0, nb symbols 13.0)
[0m[NR_PHY] RI = 2 i1 = 0.0.0, i2 = 1, SINR = 41 dB, CQI = 15
[0m[NR_PHY] RI = 2 i1 = 0.0.0, i2 = 1, SINR = 41 dB, CQI = 15
[0m[NR_PHY] RI = 2 i1 = 0.0.0, i2 = 1, SINR = 41 dB, CQI = 15
[0m[NR_PHY] RI = 2 i1 = 0.0.0, i2 = 1, SINR = 41 dB, CQI = 15
[0m[NR_PHY] RI = 2 i1 = 0.0.0, i2 = 1, SINR = 41 dB, CQI = 15
[0m[NR_PHY] RI = 2 i1 = 0.0.0, i2 = 1, SINR = 41 dB, CQI = 15
[0m[NR_PHY] RI = 2 i1 = 0.0.0, i2 = 1, SINR = 41 dB, CQI = 15
[0m[NR_PHY] RI = 2 i1 = 0.0.0, i2 = 1, SINR = 41 dB, CQI = 15
[0m[NR_PHY] RI = 2 i1 = 0.0.0, i2 = 1, SINR = 41 dB, CQI = 15
[0m[NR_PHY] RI = 2 i1 = 0.0.0, i2 = 1, SINR = 41 dB, CQI = 15
[0m[NR_PHY] RI = 2 i1 = 0.0.0, i2 = 1, SINR = 41 dB, CQI = 15
[0m[NR_PHY] RI = 2 i1 = 0.0.0, i2 = 1, SINR = 41 dB, CQI = 15
[0m[NR_PHY] RI = 2 i1 = 0.0.0, i2 = 1, SINR = 41 dB, CQI = 15
[0m[NR_PHY] RI = 2 i1 = 0.0.0, i2 = 1, SINR = 41 dB, CQI = 15
[0m[NR_PHY] RI = 2 i1 = 0.0.0, i2 = 1, SINR = 41 dB, CQI = 15
[0m[NR_PHY] RI = 2 i1 = 0.0.0, i2 = 1, SINR = 41 dB, CQI = 15
[0m[NR_PHY] RI = 2 i1 = 0.0.0, i2 = 1, SINR = 41 dB, CQI = 15
[0m[NR_PHY] RI = 2 i1 = 0.0.0, i2 = 1, SINR = 41 dB, CQI = 15
[0m[NR_PHY] RI = 2 i1 = 0.0.0, i2 = 1, SINR = 41 dB, CQI = 15
[0m[NR_PHY] RI = 2 i1 = 0.0.0, i2 = 1, SINR = 41 dB, CQI = 15
[0m[NR_PHY] RI = 2 i1 = 0.0.0, i2 = 1, SINR = 41 dB, CQI = 15
[0m[NR_PHY] RI = 2 i1 = 0.0.0, i2 = 1, SINR = 41 dB, CQI = 15
[0m[NR_PHY] RI = 2 i1 = 0.0.0, i2 = 1, SINR = 41 dB, CQI = 15
[0m[NR_PHY] RI = 2 i1 = 0.0.0, i2 = 1, SINR = 41 dB, CQI = 15
[0m[NR_PHY] RI = 2 i1 = 0.0.0, i2 = 1, SINR = 41 dB, CQI = 15
[0m[NR_PHY] RI = 2 i1 = 0.0.0, i2 = 1, SINR = 41 dB, CQI = 15
[0m[NR_PHY] RI = 2 i1 = 0.0.0, i2 = 1, SINR = 41 dB, CQI = 15
[0m[NR_PHY] RI = 2 i1 = 0.0.0, i2 = 1, SINR = 41 dB, CQI = 15
[0m[NR_PHY] RI = 2 i1 = 0.0.0, i2 = 1, SINR = 41 dB, CQI = 15
[0m[NR_PHY] RI = 2 i1 = 0.0.0, i2 = 1, SINR = 41 dB, CQI = 15
[0m[NR_PHY] RI = 2 i1 = 0.0.0, i2 = 1, SINR = 41 dB, CQI = 15
[0m[NR_PHY] RI = 2 i1 = 0.0.0, i2 = 1, SINR = 41 dB, CQI = 15
[0m[NR_PHY] RI = 2 i1 = 0.0.0, i2 = 1, SINR = 41 dB, CQI = 15
[0m[NR_PHY] RI = 2 i1 = 0.0.0, i2 = 1, SINR = 41 dB, CQI = 15
[0m[NR_PHY] RI = 2 i1 = 0.0.0, i2 = 1, SINR = 41 dB, CQI = 15
[0m[NR_PHY] RI = 2 i1 = 0.0.0, i2 = 1, SINR = 41 dB, CQI = 15
[0m[NR_PHY] RI = 2 i1 = 0.0.0, i2 = 1, SINR = 41 dB, CQI = 15
[0m[NR_PHY] RI = 2 i1 = 0.0.0, i2 = 1, SINR = 41 dB, CQI = 15
[0m[NR_PHY] RI = 2 i1 = 0.0.0, i2 = 1, SINR = 41 dB, CQI = 15
[0m[NR_PHY] RI = 2 i1 = 0.0.0, i2 = 1, SINR = 41 dB, CQI = 15
[0m[NR_PHY] RI = 2 i1 = 0.0.0, i2 = 1, SINR = 41 dB, CQI = 15
[0m[NR_PHY] RI = 2 i1 = 0.0.0, i2 = 1, SINR = 41 dB, CQI = 15
[0m[NR_PHY] RI = 2 i1 = 0.0.0, i2 = 1, SINR = 41 dB, CQI = 15
[0m[NR_PHY] RI = 2 i1 = 0.0.0, i2 = 1, SINR = 41 dB, CQI = 15
[0m[NR_PHY] RI = 2 i1 = 0.0.0, i2 = 1, SINR = 41 dB, CQI = 15
[0m[NR_PHY] RI = 2 i1 = 0.0.0, i2 = 1, SINR = 41 dB, CQI = 15
[0m[NR_PHY] RI = 2 i1 = 0.0.0, i2 = 1, SINR = 41 dB, CQI = 15
[0m[NR_PHY] RI = 2 i1 = 0.0.0, i2 = 1, SINR = 41 dB, CQI = 15
[0m[NR_PHY] RI = 2 i1 = 0.0.0, i2 = 1, SINR = 41 dB, CQI = 15
[0m[NR_PHY] RI = 2 i1 = 0.0.0, i2 = 1, SINR = 41 dB, CQI = 15
[0m[NR_PHY] RI = 2 i1 = 0.0.0, i2 = 1, SINR = 41 dB, CQI = 15
[0m[NR_PHY] RI = 2 i1 = 0.0.0, i2 = 1, SINR = 41 dB, CQI = 15
[0m[NR_PHY] RI = 2 i1 = 0.0.0, i2 = 1, SINR = 41 dB, CQI = 15
[0m[NR_PHY] RI = 2 i1 = 0.0.0, i2 = 1, SINR = 41 dB, CQI = 15
[0m[NR_PHY] RI = 2 i1 = 0.0.0, i2 = 1, SINR = 41 dB, CQI = 15
[0m[NR_PHY] RI = 2 i1 = 0.0.0, i2 = 1, SINR = 41 dB, CQI = 15
[0m[NR_PHY] RI = 2 i1 = 0.0.0, i2 = 1, SINR = 41 dB, CQI = 15
[0m[NR_PHY] RI = 2 i1 = 0.0.0, i2 = 1, SINR = 41 dB, CQI = 15
[0m[NR_PHY] RI = 2 i1 = 0.0.0, i2 = 1, SINR = 41 dB, CQI = 15
[0m[NR_PHY] RI = 2 i1 = 0.0.0, i2 = 1, SINR = 41 dB, CQI = 15
[0m[NR_PHY] RI = 2 i1 = 0.0.0, i2 = 1, SINR = 41 dB, CQI = 15
[0m[NR_PHY] RI = 2 i1 = 0.0.0, i2 = 1, SINR = 41 dB, CQI = 15
[0m[NR_PHY] RI = 2 i1 = 0.0.0, i2 = 1, SINR = 41 dB, CQI = 15
[0m[NR_PHY] RI = 2 i1 = 0.0.0, i2 = 1, SINR = 41 dB, CQI = 15
[0m[NR_MAC] UE 0 RNTI 77c8 stats sfn: 768.2, cumulated bad DCI 0
    DL harq: 849/1/0
    UL harq: 19627/207/1 avg code rate 0.9, avg bit/symbol 6.0, avg per TB: (nb RBs 17.0, nb symbols 13.0)
[0m[NR_PHY] RI = 2 i1 = 0.0.0, i2 = 1, SINR = 41 dB, CQI = 15
[0m[NR_PHY] RI = 2 i1 = 0.0.0, i2 = 1, SINR = 41 dB, CQI = 15
[0m[NR_PHY] RI = 2 i1 = 0.0.0, i2 = 1, SINR = 41 dB, CQI = 15
[0m[NR_PHY] RI = 2 i1 = 0.0.0, i2 = 1, SINR = 41 dB, CQI = 15
[0m[NR_PHY] RI = 2 i1 = 0.0.0, i2 = 1, SINR = 41 dB, CQI = 15
[0m[NR_PHY] RI = 2 i1 = 0.0.0, i2 = 1, SINR = 41 dB, CQI = 15
[0m[NR_PHY] RI = 2 i1 = 0.0.0, i2 = 1, SINR = 41 dB, CQI = 15
[0m[NR_PHY] RI = 2 i1 = 0.0.0, i2 = 1, SINR = 41 dB, CQI = 15
[0m[NR_PHY] RI = 2 i1 = 0.0.0, i2 = 1, SINR = 41 dB, CQI = 15
[0m[NR_PHY] RI = 2 i1 = 0.0.0, i2 = 1, SINR = 41 dB, CQI = 15
[0m[NR_PHY] RI = 2 i1 = 0.0.0, i2 = 1, SINR = 41 dB, CQI = 15
[0m[NR_PHY] RI = 2 i1 = 0.0.0, i2 = 1, SINR = 41 dB, CQI = 15
[0m[NR_PHY] RI = 2 i1 = 0.0.0, i2 = 1, SINR = 41 dB, CQI = 15
[0m[NR_PHY] RI = 2 i1 = 0.0.0, i2 = 1, SINR = 41 dB, CQI = 15
[0m[NR_PHY] RI = 2 i1 = 0.0.0, i2 = 1, SINR = 41 dB, CQI = 15
[0m[NR_PHY] RI = 2 i1 = 0.0.0, i2 = 1, SINR = 41 dB, CQI = 15
[0m[NR_PHY] RI = 2 i1 = 0.0.0, i2 = 1, SINR = 41 dB, CQI = 15
[0m[NR_PHY] RI = 2 i1 = 0.0.0, i2 = 1, SINR = 41 dB, CQI = 15
[0m[NR_PHY] RI = 2 i1 = 0.0.0, i2 = 1, SINR = 41 dB, CQI = 15
[0m[NR_PHY] RI = 2 i1 = 0.0.0, i2 = 1, SINR = 41 dB, CQI = 15
[0m[NR_PHY] RI = 2 i1 = 0.0.0, i2 = 1, SINR = 41 dB, CQI = 15
[0m[NR_PHY] RI = 2 i1 = 0.0.0, i2 = 1, SINR = 41 dB, CQI = 15
[0m[NR_PHY] RI = 2 i1 = 0.0.0, i2 = 1, SINR = 41 dB, CQI = 15
[0m[NR_PHY] RI = 2 i1 = 0.0.0, i2 = 1, SINR = 41 dB, CQI = 15
[0m[NR_PHY] RI = 2 i1 = 0.0.0, i2 = 1, SINR = 41 dB, CQI = 15
[0m[NR_PHY] RI = 2 i1 = 0.0.0, i2 = 1, SINR = 41 dB, CQI = 15
[0m[NR_PHY] RI = 2 i1 = 0.0.0, i2 = 1, SINR = 41 dB, CQI = 15
[0m[NR_PHY] RI = 2 i1 = 0.0.0, i2 = 1, SINR = 41 dB, CQI = 15
[0m[NR_PHY] RI = 2 i1 = 0.0.0, i2 = 1, SINR = 41 dB, CQI = 15
[0m[NR_PHY] RI = 2 i1 = 0.0.0, i2 = 1, SINR = 41 dB, CQI = 15
[0m[NR_PHY] RI = 2 i1 = 0.0.0, i2 = 1, SINR = 41 dB, CQI = 15
[0m[NR_PHY] RI = 2 i1 = 0.0.0, i2 = 1, SINR = 41 dB, CQI = 15
[0m[NR_PHY] RI = 2 i1 = 0.0.0, i2 = 1, SINR = 41 dB, CQI = 15
[0m[NR_PHY] RI = 2 i1 = 0.0.0, i2 = 1, SINR = 41 dB, CQI = 15
[0m[NR_PHY] RI = 2 i1 = 0.0.0, i2 = 1, SINR = 41 dB, CQI = 15
[0m[NR_PHY] RI = 2 i1 = 0.0.0, i2 = 1, SINR = 41 dB, CQI = 15
[0m[NR_PHY] RI = 2 i1 = 0.0.0, i2 = 1, SINR = 41 dB, CQI = 15
[0m[NR_PHY] RI = 2 i1 = 0.0.0, i2 = 1, SINR = 41 dB, CQI = 15
[0m[NR_PHY] RI = 2 i1 = 0.0.0, i2 = 1, SINR = 41 dB, CQI = 15
[0m[NR_PHY] RI = 2 i1 = 0.0.0, i2 = 1, SINR = 41 dB, CQI = 15
[0m[NR_PHY] RI = 2 i1 = 0.0.0, i2 = 1, SINR = 41 dB, CQI = 15
[0m[NR_PHY] RI = 2 i1 = 0.0.0, i2 = 1, SINR = 41 dB, CQI = 15
[0m[NR_PHY] RI = 2 i1 = 0.0.0, i2 = 1, SINR = 41 dB, CQI = 15
[0m[NR_PHY] RI = 2 i1 = 0.0.0, i2 = 1, SINR = 41 dB, CQI = 15
[0m[NR_PHY] RI = 2 i1 = 0.0.0, i2 = 1, SINR = 41 dB, CQI = 15
[0m[NR_PHY] RI = 2 i1 = 0.0.0, i2 = 1, SINR = 41 dB, CQI = 15
[0m[NR_PHY] RI = 2 i1 = 0.0.0, i2 = 1, SINR = 41 dB, CQI = 15
[0m[NR_PHY] RI = 2 i1 = 0.0.0, i2 = 1, SINR = 41 dB, CQI = 15
[0m[NR_PHY] RI = 2 i1 = 0.0.0, i2 = 1, SINR = 41 dB, CQI = 15
[0m[NR_PHY] RI = 2 i1 = 0.0.0, i2 = 1, SINR = 41 dB, CQI = 15
[0m[NR_PHY] RI = 2 i1 = 0.0.0, i2 = 1, SINR = 41 dB, CQI = 15
[0m[NR_PHY] RI = 2 i1 = 0.0.0, i2 = 1, SINR = 41 dB, CQI = 15
[0m[NR_PHY] RI = 2 i1 = 0.0.0, i2 = 1, SINR = 41 dB, CQI = 15
[0m[NR_PHY] RI = 2 i1 = 0.0.0, i2 = 1, SINR = 41 dB, CQI = 15
[0m[NR_PHY] RI = 2 i1 = 0.0.0, i2 = 1, SINR = 41 dB, CQI = 15
[0m[NR_PHY] RI = 2 i1 = 0.0.0, i2 = 1, SINR = 41 dB, CQI = 15
[0m[NR_PHY] RI = 2 i1 = 0.0.0, i2 = 1, SINR = 41 dB, CQI = 15
[0m[NR_PHY] RI = 2 i1 = 0.0.0, i2 = 1, SINR = 41 dB, CQI = 15
[0m[NR_PHY] RI = 2 i1 = 0.0.0, i2 = 1, SINR = 41 dB, CQI = 15
[0m[NR_PHY] RI = 2 i1 = 0.0.0, i2 = 1, SINR = 41 dB, CQI = 15
[0m[NR_PHY] RI = 2 i1 = 0.0.0, i2 = 1, SINR = 41 dB, CQI = 15
[0m[NR_PHY] RI = 2 i1 = 0.0.0, i2 = 1, SINR = 41 dB, CQI = 15
[0m[NR_PHY] RI = 2 i1 = 0.0.0, i2 = 1, SINR = 41 dB, CQI = 15
[0m[NR_PHY] RI = 2 i1 = 0.0.0, i2 = 1, SINR = 41 dB, CQI = 15
[0m[NR_MAC] UE 0 RNTI 77c8 stats sfn: 896.2, cumulated bad DCI 0
    DL harq: 870/1/0
    UL harq: 20137/208/1 avg code rate 0.9, avg bit/symbol 6.0, avg per TB: (nb RBs 17.0, nb symbols 13.0)
[0m[NR_PHY] RI = 2 i1 = 0.0.0, i2 = 1, SINR = 41 dB, CQI = 15
[0m[NR_PHY] RI = 2 i1 = 0.0.0, i2 = 1, SINR = 41 dB, CQI = 15
[0m[NR_PHY] RI = 2 i1 = 0.0.0, i2 = 1, SINR = 41 dB, CQI = 15
[0m[NR_PHY] RI = 2 i1 = 0.0.0, i2 = 1, SINR = 41 dB, CQI = 15
[0m[NR_PHY] RI = 2 i1 = 0.0.0, i2 = 1, SINR = 41 dB, CQI = 15
[0m[NR_PHY] RI = 2 i1 = 0.0.0, i2 = 1, SINR = 41 dB, CQI = 15
[0m[NR_PHY] RI = 2 i1 = 0.0.0, i2 = 1, SINR = 41 dB, CQI = 15
[0m[NR_PHY] RI = 2 i1 = 0.0.0, i2 = 1, SINR = 41 dB, CQI = 15
[0m[NR_PHY] RI = 2 i1 = 0.0.0, i2 = 1, SINR = 41 dB, CQI = 15
[0m[NR_PHY] RI = 2 i1 = 0.0.0, i2 = 1, SINR = 41 dB, CQI = 15
[0m[NR_PHY] RI = 2 i1 = 0.0.0, i2 = 1, SINR = 41 dB, CQI = 15
[0m[NR_PHY] RI = 2 i1 = 0.0.0, i2 = 1, SINR = 41 dB, CQI = 15
[0m[NR_PHY] RI = 2 i1 = 0.0.0, i2 = 1, SINR = 41 dB, CQI = 15
[0m[NR_PHY] RI = 2 i1 = 0.0.0, i2 = 1, SINR = 41 dB, CQI = 15
[0m[NR_PHY] RI = 2 i1 = 0.0.0, i2 = 1, SINR = 41 dB, CQI = 15
[0m[NR_PHY] RI = 2 i1 = 0.0.0, i2 = 1, SINR = 41 dB, CQI = 15
[0m[NR_PHY] RI = 2 i1 = 0.0.0, i2 = 1, SINR = 41 dB, CQI = 15
[0m[NR_PHY] RI = 2 i1 = 0.0.0, i2 = 1, SINR = 41 dB, CQI = 15
[0m[NR_PHY] RI = 2 i1 = 0.0.0, i2 = 1, SINR = 41 dB, CQI = 15
[0m[NR_PHY] RI = 2 i1 = 0.0.0, i2 = 1, SINR = 41 dB, CQI = 15
[0m[NR_PHY] RI = 2 i1 = 0.0.0, i2 = 1, SINR = 41 dB, CQI = 15
[0m[NR_PHY] RI = 2 i1 = 0.0.0, i2 = 1, SINR = 41 dB, CQI = 15
[0m[NR_PHY] RI = 2 i1 = 0.0.0, i2 = 1, SINR = 41 dB, CQI = 15
[0m[NR_PHY] RI = 2 i1 = 0.0.0, i2 = 1, SINR = 41 dB, CQI = 15
[0m[NR_PHY] RI = 2 i1 = 0.0.0, i2 = 1, SINR = 41 dB, CQI = 15
[0m[NR_PHY] RI = 2 i1 = 0.0.0, i2 = 1, SINR = 41 dB, CQI = 15
[0m[NR_PHY] RI = 2 i1 = 0.0.0, i2 = 1, SINR = 41 dB, CQI = 15
[0m[NR_PHY] RI = 2 i1 = 0.0.0, i2 = 1, SINR = 41 dB, CQI = 15
[0m[NR_PHY] RI = 2 i1 = 0.0.0, i2 = 1, SINR = 41 dB, CQI = 15
[0m[NR_PHY] RI = 2 i1 = 0.0.0, i2 = 1, SINR = 41 dB, CQI = 15
[0m[NR_PHY] RI = 2 i1 = 0.0.0, i2 = 1, SINR = 41 dB, CQI = 15
[0m[NR_PHY] RI = 2 i1 = 0.0.0, i2 = 1, SINR = 41 dB, CQI = 15
[0m[NR_PHY] RI = 2 i1 = 0.0.0, i2 = 1, SINR = 41 dB, CQI = 15
[0m[NR_PHY] RI = 2 i1 = 0.0.0, i2 = 1, SINR = 41 dB, CQI = 15
[0m[NR_PHY] RI = 2 i1 = 0.0.0, i2 = 1, SINR = 41 dB, CQI = 15
[0m[NR_PHY] RI = 2 i1 = 0.0.0, i2 = 1, SINR = 41 dB, CQI = 15
[0m[NR_PHY] RI = 2 i1 = 0.0.0, i2 = 1, SINR = 41 dB, CQI = 15
[0m[NR_PHY] RI = 2 i1 = 0.0.0, i2 = 1, SINR = 41 dB, CQI = 15
[0m[NR_PHY] RI = 2 i1 = 0.0.0, i2 = 1, SINR = 41 dB, CQI = 15
[0m[NR_PHY] RI = 2 i1 = 0.0.0, i2 = 1, SINR = 41 dB, CQI = 15
[0m[NR_PHY] RI = 2 i1 = 0.0.0, i2 = 1, SINR = 41 dB, CQI = 15
[0m[NR_PHY] RI = 2 i1 = 0.0.0, i2 = 1, SINR = 41 dB, CQI = 15
[0m[NR_PHY] RI = 2 i1 = 0.0.0, i2 = 1, SINR = 41 dB, CQI = 15
[0m[NR_PHY] RI = 2 i1 = 0.0.0, i2 = 1, SINR = 41 dB, CQI = 15
[0m[NR_PHY] RI = 2 i1 = 0.0.0, i2 = 1, SINR = 41 dB, CQI = 15
[0m[NR_PHY] RI = 2 i1 = 0.0.0, i2 = 1, SINR = 41 dB, CQI = 15
[0m[NR_PHY] RI = 2 i1 = 0.0.0, i2 = 1, SINR = 41 dB, CQI = 15
[0m[NR_PHY] RI = 2 i1 = 0.0.0, i2 = 1, SINR = 41 dB, CQI = 15
[0m[NR_PHY] RI = 2 i1 = 0.0.0, i2 = 1, SINR = 41 dB, CQI = 15
[0m[NR_PHY] RI = 2 i1 = 0.0.0, i2 = 1, SINR = 41 dB, CQI = 15
[0m[NR_PHY] RI = 2 i1 = 0.0.0, i2 = 1, SINR = 41 dB, CQI = 15
[0m[NR_PHY] RI = 2 i1 = 0.0.0, i2 = 1, SINR = 41 dB, CQI = 15
[0m[NR_PHY] RI = 2 i1 = 0.0.0, i2 = 1, SINR = 41 dB, CQI = 15
[0m[NR_PHY] RI = 2 i1 = 0.0.0, i2 = 1, SINR = 41 dB, CQI = 15
[0m[NR_PHY] RI = 2 i1 = 0.0.0, i2 = 1, SINR = 41 dB, CQI = 15
[0m[NR_PHY] RI = 2 i1 = 0.0.0, i2 = 1, SINR = 41 dB, CQI = 15
[0m[NR_PHY] RI = 2 i1 = 0.0.0, i2 = 1, SINR = 41 dB, CQI = 15
[0m[NR_PHY] RI = 2 i1 = 0.0.0, i2 = 1, SINR = 41 dB, CQI = 15
[0m[NR_PHY] RI = 2 i1 = 0.0.0, i2 = 1, SINR = 41 dB, CQI = 15
[0m[NR_PHY] RI = 2 i1 = 0.0.0, i2 = 1, SINR = 41 dB, CQI = 15
[0m[NR_PHY] RI = 2 i1 = 0.0.0, i2 = 1, SINR = 41 dB, CQI = 15
[0m[NR_PHY] RI = 2 i1 = 0.0.0, i2 = 1, SINR = 41 dB, CQI = 15
[0m[NR_PHY] RI = 2 i1 = 0.0.0, i2 = 1, SINR = 41 dB, CQI = 15
[0m[NR_PHY] RI = 2 i1 = 0.0.0, i2 = 1, SINR = 41 dB, CQI = 15
[0m[NR_MAC] UE 0 RNTI 77c8 stats sfn: 0.2, cumulated bad DCI 0
    DL harq: 891/1/0
    UL harq: 20640/212/1 avg code rate 0.9, avg bit/symbol 6.0, avg per TB: (nb RBs 17.0, nb symbols 13.0)
[0m[NR_PHY] RI = 2 i1 = 0.0.0, i2 = 1, SINR = 41 dB, CQI = 15
[0m[NR_PHY] RI = 2 i1 = 0.0.0, i2 = 1, SINR = 41 dB, CQI = 15
[0m[NR_PHY] RI = 2 i1 = 0.0.0, i2 = 1, SINR = 41 dB, CQI = 15
[0m[NR_PHY] RI = 2 i1 = 0.0.0, i2 = 1, SINR = 41 dB, CQI = 15
[0m[NR_PHY] RI = 2 i1 = 0.0.0, i2 = 1, SINR = 41 dB, CQI = 15
[0m[NR_PHY] RI = 2 i1 = 0.0.0, i2 = 1, SINR = 41 dB, CQI = 15
[0m[NR_PHY] RI = 2 i1 = 0.0.0, i2 = 1, SINR = 41 dB, CQI = 15
[0m[NR_PHY] RI = 2 i1 = 0.0.0, i2 = 1, SINR = 41 dB, CQI = 15
[0m[NR_PHY] RI = 2 i1 = 0.0.0, i2 = 1, SINR = 41 dB, CQI = 15
[0m[NR_PHY] RI = 2 i1 = 0.0.0, i2 = 1, SINR = 41 dB, CQI = 15
[0m[NR_PHY] RI = 2 i1 = 0.0.0, i2 = 1, SINR = 41 dB, CQI = 15
[0m[NR_PHY] RI = 2 i1 = 0.0.0, i2 = 1, SINR = 41 dB, CQI = 15
[0m[NR_PHY] RI = 2 i1 = 0.0.0, i2 = 1, SINR = 41 dB, CQI = 15
[0m[NR_PHY] RI = 2 i1 = 0.0.0, i2 = 1, SINR = 41 dB, CQI = 15
[0m[NR_PHY] RI = 2 i1 = 0.0.0, i2 = 1, SINR = 41 dB, CQI = 15
[0m[NR_PHY] RI = 2 i1 = 0.0.0, i2 = 1, SINR = 41 dB, CQI = 15
[0m[NR_PHY] RI = 2 i1 = 0.0.0, i2 = 1, SINR = 41 dB, CQI = 15
[0m[NR_PHY] RI = 2 i1 = 0.0.0, i2 = 1, SINR = 41 dB, CQI = 15
[0m[NR_PHY] RI = 2 i1 = 0.0.0, i2 = 1, SINR = 41 dB, CQI = 15
[0m[NR_PHY] RI = 2 i1 = 0.0.0, i2 = 1, SINR = 41 dB, CQI = 15
[0m[NR_PHY] RI = 2 i1 = 0.0.0, i2 = 1, SINR = 41 dB, CQI = 15
[0m[NR_PHY] RI = 2 i1 = 0.0.0, i2 = 1, SINR = 41 dB, CQI = 15
[0m[NR_PHY] RI = 2 i1 = 0.0.0, i2 = 1, SINR = 41 dB, CQI = 15
[0m[NR_PHY] RI = 2 i1 = 0.0.0, i2 = 1, SINR = 41 dB, CQI = 15
[0m[NR_PHY] RI = 2 i1 = 0.0.0, i2 = 1, SINR = 41 dB, CQI = 15
[0m[NR_PHY] RI = 2 i1 = 0.0.0, i2 = 1, SINR = 41 dB, CQI = 15
[0m[NR_PHY] RI = 2 i1 = 0.0.0, i2 = 1, SINR = 41 dB, CQI = 15
[0m[NR_PHY] RI = 2 i1 = 0.0.0, i2 = 1, SINR = 41 dB, CQI = 15
[0m[NR_PHY] RI = 2 i1 = 0.0.0, i2 = 1, SINR = 41 dB, CQI = 15
[0m[NR_PHY] RI = 2 i1 = 0.0.0, i2 = 1, SINR = 41 dB, CQI = 15
[0m[NR_PHY] RI = 2 i1 = 0.0.0, i2 = 1, SINR = 41 dB, CQI = 15
[0m[NR_PHY] RI = 2 i1 = 0.0.0, i2 = 1, SINR = 41 dB, CQI = 15
[0m[NR_PHY] RI = 2 i1 = 0.0.0, i2 = 1, SINR = 41 dB, CQI = 15
[0m[NR_PHY] RI = 2 i1 = 0.0.0, i2 = 1, SINR = 41 dB, CQI = 15
[0m[NR_PHY] RI = 2 i1 = 0.0.0, i2 = 1, SINR = 41 dB, CQI = 15
[0m[NR_PHY] RI = 2 i1 = 0.0.0, i2 = 1, SINR = 41 dB, CQI = 15
[0m[NR_PHY] RI = 2 i1 = 0.0.0, i2 = 1, SINR = 41 dB, CQI = 15
[0m[NR_PHY] RI = 2 i1 = 0.0.0, i2 = 1, SINR = 41 dB, CQI = 15
[0m[NR_PHY] RI = 2 i1 = 0.0.0, i2 = 1, SINR = 41 dB, CQI = 15
[0m[NR_PHY] RI = 2 i1 = 0.0.0, i2 = 1, SINR = 41 dB, CQI = 15
[0m[NR_PHY] RI = 2 i1 = 0.0.0, i2 = 1, SINR = 41 dB, CQI = 15
[0m[NR_PHY] RI = 2 i1 = 0.0.0, i2 = 1, SINR = 41 dB, CQI = 15
[0m[NR_PHY] RI = 2 i1 = 0.0.0, i2 = 1, SINR = 41 dB, CQI = 15
[0m[NR_PHY] RI = 2 i1 = 0.0.0, i2 = 1, SINR = 41 dB, CQI = 15
[0m[NR_PHY] RI = 2 i1 = 0.0.0, i2 = 1, SINR = 41 dB, CQI = 15
[0m[NR_PHY] RI = 2 i1 = 0.0.0, i2 = 1, SINR = 41 dB, CQI = 15
[0m[NR_PHY] RI = 2 i1 = 0.0.0, i2 = 1, SINR = 41 dB, CQI = 15
[0m[NR_PHY] RI = 2 i1 = 0.0.0, i2 = 1, SINR = 41 dB, CQI = 15
[0m[NR_PHY] RI = 2 i1 = 0.0.0, i2 = 1, SINR = 41 dB, CQI = 15
[0m[NR_PHY] RI = 2 i1 = 0.0.0, i2 = 1, SINR = 41 dB, CQI = 15
[0m[NR_PHY] RI = 2 i1 = 0.0.0, i2 = 1, SINR = 41 dB, CQI = 15
[0m[NR_PHY] RI = 2 i1 = 0.0.0, i2 = 1, SINR = 41 dB, CQI = 15
[0m[NR_PHY] RI = 2 i1 = 0.0.0, i2 = 1, SINR = 41 dB, CQI = 15
[0m[NR_PHY] RI = 2 i1 = 0.0.0, i2 = 1, SINR = 41 dB, CQI = 15
[0m[NR_PHY] RI = 2 i1 = 0.0.0, i2 = 1, SINR = 41 dB, CQI = 15
[0m[NR_PHY] RI = 2 i1 = 0.0.0, i2 = 1, SINR = 41 dB, CQI = 15
[0m[NR_PHY] RI = 2 i1 = 0.0.0, i2 = 1, SINR = 41 dB, CQI = 15
[0m[NR_PHY] RI = 2 i1 = 0.0.0, i2 = 1, SINR = 41 dB, CQI = 15
[0m[NR_PHY] RI = 2 i1 = 0.0.0, i2 = 1, SINR = 41 dB, CQI = 15
[0m[NR_PHY] RI = 2 i1 = 0.0.0, i2 = 1, SINR = 41 dB, CQI = 15
[0m[NR_PHY] RI = 2 i1 = 0.0.0, i2 = 1, SINR = 41 dB, CQI = 15
[0m[NR_PHY] RI = 2 i1 = 0.0.0, i2 = 1, SINR = 41 dB, CQI = 15
[0m[NR_PHY] RI = 2 i1 = 0.0.0, i2 = 1, SINR = 41 dB, CQI = 15
[0m[NR_PHY] RI = 2 i1 = 0.0.0, i2 = 1, SINR = 41 dB, CQI = 15
[0m[NR_MAC] UE 0 RNTI 77c8 stats sfn: 128.2, cumulated bad DCI 0
    DL harq: 913/1/0
    UL harq: 21149/214/1 avg code rate 0.9, avg bit/symbol 6.0, avg per TB: (nb RBs 17.0, nb symbols 13.0)
[0m[NR_PHY] RI = 2 i1 = 0.0.0, i2 = 1, SINR = 41 dB, CQI = 15
[0m[NR_PHY] RI = 2 i1 = 0.0.0, i2 = 1, SINR = 41 dB, CQI = 15
[0m[NR_PHY] RI = 2 i1 = 0.0.0, i2 = 1, SINR = 41 dB, CQI = 15
[0m[NR_PHY] RI = 2 i1 = 0.0.0, i2 = 1, SINR = 41 dB, CQI = 15
[0m[NR_PHY] RI = 2 i1 = 0.0.0, i2 = 1, SINR = 41 dB, CQI = 15
[0m[NR_PHY] RI = 2 i1 = 0.0.0, i2 = 1, SINR = 41 dB, CQI = 15
[0m[NR_PHY] RI = 2 i1 = 0.0.0, i2 = 1, SINR = 41 dB, CQI = 15
[0m[NR_PHY] RI = 2 i1 = 0.0.0, i2 = 1, SINR = 41 dB, CQI = 15
[0m[NR_PHY] RI = 2 i1 = 0.0.0, i2 = 1, SINR = 41 dB, CQI = 15
[0m[NR_PHY] RI = 2 i1 = 0.0.0, i2 = 1, SINR = 41 dB, CQI = 15
[0m[NR_PHY] RI = 2 i1 = 0.0.0, i2 = 1, SINR = 41 dB, CQI = 15
[0m[NR_PHY] RI = 2 i1 = 0.0.0, i2 = 1, SINR = 41 dB, CQI = 15
[0m[NR_PHY] RI = 2 i1 = 0.0.0, i2 = 1, SINR = 41 dB, CQI = 15
[0m[NR_PHY] RI = 2 i1 = 0.0.0, i2 = 1, SINR = 41 dB, CQI = 15
[0m[NR_PHY] RI = 2 i1 = 0.0.0, i2 = 1, SINR = 41 dB, CQI = 15
[0m[NR_PHY] RI = 2 i1 = 0.0.0, i2 = 1, SINR = 41 dB, CQI = 15
[0m[NR_PHY] RI = 2 i1 = 0.0.0, i2 = 1, SINR = 41 dB, CQI = 15
[0m[NR_PHY] RI = 2 i1 = 0.0.0, i2 = 1, SINR = 41 dB, CQI = 15
[0m[NR_PHY] RI = 2 i1 = 0.0.0, i2 = 1, SINR = 41 dB, CQI = 15
[0m[NR_PHY] RI = 2 i1 = 0.0.0, i2 = 1, SINR = 41 dB, CQI = 15
[0m[NR_PHY] RI = 2 i1 = 0.0.0, i2 = 1, SINR = 41 dB, CQI = 15
[0m[NR_PHY] RI = 2 i1 = 0.0.0, i2 = 1, SINR = 41 dB, CQI = 15
[0m[NR_PHY] RI = 2 i1 = 0.0.0, i2 = 1, SINR = 41 dB, CQI = 15
[0m[NR_PHY] RI = 2 i1 = 0.0.0, i2 = 1, SINR = 41 dB, CQI = 15
[0m[NR_PHY] RI = 2 i1 = 0.0.0, i2 = 1, SINR = 41 dB, CQI = 15
[0m[NR_PHY] RI = 2 i1 = 0.0.0, i2 = 1, SINR = 41 dB, CQI = 15
[0m[NR_PHY] RI = 2 i1 = 0.0.0, i2 = 1, SINR = 41 dB, CQI = 15
[0m[NR_PHY] RI = 2 i1 = 0.0.0, i2 = 1, SINR = 41 dB, CQI = 15
[0m[NR_PHY] RI = 2 i1 = 0.0.0, i2 = 1, SINR = 41 dB, CQI = 15
[0m[NR_PHY] RI = 2 i1 = 0.0.0, i2 = 1, SINR = 41 dB, CQI = 15
[0m[NR_PHY] RI = 2 i1 = 0.0.0, i2 = 1, SINR = 41 dB, CQI = 15
[0m[NR_PHY] RI = 2 i1 = 0.0.0, i2 = 1, SINR = 41 dB, CQI = 15
[0m[NR_PHY] RI = 2 i1 = 0.0.0, i2 = 1, SINR = 41 dB, CQI = 15
[0m[NR_PHY] RI = 2 i1 = 0.0.0, i2 = 1, SINR = 41 dB, CQI = 15
[0m[NR_PHY] RI = 2 i1 = 0.0.0, i2 = 1, SINR = 41 dB, CQI = 15
[0m[NR_PHY] RI = 2 i1 = 0.0.0, i2 = 1, SINR = 41 dB, CQI = 15
[0m[NR_PHY] RI = 2 i1 = 0.0.0, i2 = 1, SINR = 41 dB, CQI = 15
[0m[NR_PHY] RI = 2 i1 = 0.0.0, i2 = 1, SINR = 41 dB, CQI = 15
[0m[NR_PHY] RI = 2 i1 = 0.0.0, i2 = 1, SINR = 41 dB, CQI = 15
[0m[NR_PHY] RI = 2 i1 = 0.0.0, i2 = 1, SINR = 41 dB, CQI = 15
[0m[NR_PHY] RI = 2 i1 = 0.0.0, i2 = 1, SINR = 41 dB, CQI = 15
[0m[NR_PHY] RI = 2 i1 = 0.0.0, i2 = 1, SINR = 41 dB, CQI = 15
[0m[NR_PHY] RI = 2 i1 = 0.0.0, i2 = 1, SINR = 41 dB, CQI = 15
[0m[NR_PHY] RI = 2 i1 = 0.0.0, i2 = 1, SINR = 41 dB, CQI = 15
[0m[NR_PHY] RI = 2 i1 = 0.0.0, i2 = 1, SINR = 41 dB, CQI = 15
[0m[NR_PHY] RI = 2 i1 = 0.0.0, i2 = 1, SINR = 41 dB, CQI = 15
[0m[NR_PHY] RI = 2 i1 = 0.0.0, i2 = 1, SINR = 41 dB, CQI = 15
[0m[NR_PHY] RI = 2 i1 = 0.0.0, i2 = 1, SINR = 41 dB, CQI = 15
[0m[NR_PHY] RI = 2 i1 = 0.0.0, i2 = 1, SINR = 41 dB, CQI = 15
[0m[NR_PHY] RI = 2 i1 = 0.0.0, i2 = 1, SINR = 41 dB, CQI = 15
[0m[NR_PHY] RI = 2 i1 = 0.0.0, i2 = 1, SINR = 41 dB, CQI = 15
[0m[NR_PHY] RI = 2 i1 = 0.0.0, i2 = 1, SINR = 41 dB, CQI = 15
[0m[NR_PHY] RI = 2 i1 = 0.0.0, i2 = 1, SINR = 41 dB, CQI = 15
[0m[NR_PHY] RI = 2 i1 = 0.0.0, i2 = 1, SINR = 41 dB, CQI = 15
[0m[NR_PHY] RI = 2 i1 = 0.0.0, i2 = 1, SINR = 41 dB, CQI = 15
[0m[NR_PHY] RI = 2 i1 = 0.0.0, i2 = 1, SINR = 41 dB, CQI = 15
[0m[NR_PHY] RI = 2 i1 = 0.0.0, i2 = 1, SINR = 41 dB, CQI = 15
[0m[NR_PHY] RI = 2 i1 = 0.0.0, i2 = 0, SINR = 0 dB, CQI = 0
[0m[NR_PHY] RI = 2 i1 = 0.0.0, i2 = 1, SINR = 41 dB, CQI = 15
[0m[NR_PHY] RI = 2 i1 = 0.0.0, i2 = 1, SINR = 41 dB, CQI = 15
[0m[NR_PHY] RI = 2 i1 = 0.0.0, i2 = 1, SINR = 41 dB, CQI = 15
[0m[NR_PHY] RI = 2 i1 = 0.0.0, i2 = 1, SINR = 41 dB, CQI = 15
[0m[NR_PHY] RI = 2 i1 = 0.0.0, i2 = 1, SINR = 41 dB, CQI = 15
[0m[NR_PHY] RI = 2 i1 = 0.0.0, i2 = 1, SINR = 41 dB, CQI = 15
[0m[NR_MAC] UE 0 RNTI 77c8 stats sfn: 256.2, cumulated bad DCI 0
    DL harq: 934/1/0
    UL harq: 21656/216/1 avg code rate 0.9, avg bit/symbol 6.0, avg per TB: (nb RBs 17.0, nb symbols 13.0)
[0m[NR_PHY] RI = 2 i1 = 0.0.0, i2 = 1, SINR = 41 dB, CQI = 15
[0m[NR_PHY] RI = 2 i1 = 0.0.0, i2 = 1, SINR = 41 dB, CQI = 15
[0m[NR_PHY] RI = 2 i1 = 0.0.0, i2 = 1, SINR = 41 dB, CQI = 15
[0m[NR_PHY] RI = 2 i1 = 0.0.0, i2 = 1, SINR = 41 dB, CQI = 15
[0m[NR_PHY] RI = 2 i1 = 0.0.0, i2 = 1, SINR = 41 dB, CQI = 15
[0m[NR_PHY] RI = 2 i1 = 0.0.0, i2 = 0, SINR = 0 dB, CQI = 0
[0m[NR_PHY] RI = 2 i1 = 0.0.0, i2 = 1, SINR = 41 dB, CQI = 15
[0m[NR_PHY] RI = 2 i1 = 0.0.0, i2 = 1, SINR = 41 dB, CQI = 15
[0m[NR_PHY] RI = 2 i1 = 0.0.0, i2 = 1, SINR = 41 dB, CQI = 15
[0m[NR_PHY] RI = 2 i1 = 0.0.0, i2 = 1, SINR = 41 dB, CQI = 15
[0m[NR_PHY] RI = 2 i1 = 0.0.0, i2 = 1, SINR = 41 dB, CQI = 15
[0m[NR_PHY] RI = 2 i1 = 0.0.0, i2 = 1, SINR = 41 dB, CQI = 15
[0m[NR_PHY] RI = 2 i1 = 0.0.0, i2 = 1, SINR = 41 dB, CQI = 15
[0m[NR_PHY] RI = 2 i1 = 0.0.0, i2 = 1, SINR = 41 dB, CQI = 15
[0m[NR_PHY] RI = 2 i1 = 0.0.0, i2 = 1, SINR = 41 dB, CQI = 15
[0m[NR_PHY] RI = 2 i1 = 0.0.0, i2 = 1, SINR = 41 dB, CQI = 15
[0m[NR_PHY] RI = 2 i1 = 0.0.0, i2 = 1, SINR = 41 dB, CQI = 15
[0m[NR_PHY] RI = 2 i1 = 0.0.0, i2 = 1, SINR = 41 dB, CQI = 15
[0m[NR_PHY] RI = 2 i1 = 0.0.0, i2 = 1, SINR = 41 dB, CQI = 15
[0m[NR_PHY] RI = 2 i1 = 0.0.0, i2 = 1, SINR = 41 dB, CQI = 15
[0m[NR_PHY] RI = 2 i1 = 0.0.0, i2 = 1, SINR = 41 dB, CQI = 15
[0m[NR_PHY] RI = 2 i1 = 0.0.0, i2 = 1, SINR = 41 dB, CQI = 15
[0m[NR_PHY] RI = 2 i1 = 0.0.0, i2 = 1, SINR = 41 dB, CQI = 15
[0m[NR_PHY] RI = 2 i1 = 0.0.0, i2 = 1, SINR = 41 dB, CQI = 15
[0m[NR_PHY] RI = 2 i1 = 0.0.0, i2 = 1, SINR = 41 dB, CQI = 15
[0m[NR_PHY] RI = 2 i1 = 0.0.0, i2 = 1, SINR = 41 dB, CQI = 15
[0m[NR_PHY] RI = 2 i1 = 0.0.0, i2 = 1, SINR = 41 dB, CQI = 15
[0m[NR_PHY] RI = 2 i1 = 0.0.0, i2 = 1, SINR = 41 dB, CQI = 15
[0m[NR_PHY] RI = 2 i1 = 0.0.0, i2 = 1, SINR = 41 dB, CQI = 15
[0m[NR_PHY] RI = 2 i1 = 0.0.0, i2 = 1, SINR = 41 dB, CQI = 15
[0m[NR_PHY] RI = 2 i1 = 0.0.0, i2 = 1, SINR = 41 dB, CQI = 15
[0m[NR_PHY] RI = 2 i1 = 0.0.0, i2 = 1, SINR = 41 dB, CQI = 15
[0m[NR_PHY] RI = 2 i1 = 0.0.0, i2 = 1, SINR = 41 dB, CQI = 15
[0m[NR_PHY] RI = 2 i1 = 0.0.0, i2 = 1, SINR = 41 dB, CQI = 15
[0m[NR_PHY] RI = 2 i1 = 0.0.0, i2 = 1, SINR = 41 dB, CQI = 15
[0m[NR_PHY] RI = 2 i1 = 0.0.0, i2 = 1, SINR = 41 dB, CQI = 15
[0m[NR_PHY] RI = 2 i1 = 0.0.0, i2 = 1, SINR = 41 dB, CQI = 15
[0m[NR_PHY] RI = 2 i1 = 0.0.0, i2 = 1, SINR = 41 dB, CQI = 15
[0m[NR_PHY] RI = 2 i1 = 0.0.0, i2 = 1, SINR = 41 dB, CQI = 15
[0m[NR_PHY] RI = 2 i1 = 0.0.0, i2 = 1, SINR = 41 dB, CQI = 15
[0m[NR_PHY] RI = 2 i1 = 0.0.0, i2 = 1, SINR = 41 dB, CQI = 15
[0m[NR_PHY] RI = 2 i1 = 0.0.0, i2 = 1, SINR = 41 dB, CQI = 15
[0m[NR_PHY] RI = 2 i1 = 0.0.0, i2 = 1, SINR = 41 dB, CQI = 15
[0m[NR_PHY] RI = 2 i1 = 0.0.0, i2 = 1, SINR = 41 dB, CQI = 15
[0m[NR_PHY] RI = 2 i1 = 0.0.0, i2 = 1, SINR = 41 dB, CQI = 15
[0m[NR_PHY] RI = 2 i1 = 0.0.0, i2 = 1, SINR = 41 dB, CQI = 15
[0m[NR_PHY] RI = 2 i1 = 0.0.0, i2 = 1, SINR = 41 dB, CQI = 15
[0m[NR_PHY] RI = 2 i1 = 0.0.0, i2 = 1, SINR = 41 dB, CQI = 15
[0m[NR_PHY] RI = 2 i1 = 0.0.0, i2 = 1, SINR = 41 dB, CQI = 15
[0m[NR_PHY] RI = 2 i1 = 0.0.0, i2 = 1, SINR = 41 dB, CQI = 15
[0m[NR_PHY] RI = 2 i1 = 0.0.0, i2 = 1, SINR = 41 dB, CQI = 15
[0m[NR_PHY] RI = 2 i1 = 0.0.0, i2 = 1, SINR = 41 dB, CQI = 15
[0m[NR_PHY] RI = 2 i1 = 0.0.0, i2 = 1, SINR = 41 dB, CQI = 15
[0m[NR_PHY] RI = 2 i1 = 0.0.0, i2 = 1, SINR = 41 dB, CQI = 15
[0m[NR_PHY] RI = 2 i1 = 0.0.0, i2 = 1, SINR = 41 dB, CQI = 15
[0m[NR_PHY] RI = 2 i1 = 0.0.0, i2 = 1, SINR = 41 dB, CQI = 15
[0m[NR_PHY] RI = 2 i1 = 0.0.0, i2 = 1, SINR = 41 dB, CQI = 15
[0m[NR_PHY] RI = 2 i1 = 0.0.0, i2 = 1, SINR = 41 dB, CQI = 15
[0m[NR_PHY] RI = 2 i1 = 0.0.0, i2 = 1, SINR = 41 dB, CQI = 15
[0m[NR_PHY] RI = 2 i1 = 0.0.0, i2 = 1, SINR = 41 dB, CQI = 15
[0m[NR_PHY] RI = 2 i1 = 0.0.0, i2 = 1, SINR = 41 dB, CQI = 15
[0m[NR_PHY] RI = 2 i1 = 0.0.0, i2 = 1, SINR = 41 dB, CQI = 15
[0m[NR_PHY] RI = 2 i1 = 0.0.0, i2 = 1, SINR = 41 dB, CQI = 15
[0m[NR_PHY] RI = 2 i1 = 0.0.0, i2 = 1, SINR = 41 dB, CQI = 15
[0m[NR_MAC] UE 0 RNTI 77c8 stats sfn: 384.2, cumulated bad DCI 0
    DL harq: 955/1/0
    UL harq: 22165/218/1 avg code rate 0.9, avg bit/symbol 6.0, avg per TB: (nb RBs 17.0, nb symbols 13.0)
[0m[NR_PHY] RI = 2 i1 = 0.0.0, i2 = 1, SINR = 41 dB, CQI = 15
[0m[NR_PHY] RI = 2 i1 = 0.0.0, i2 = 1, SINR = 41 dB, CQI = 15
[0m[NR_PHY] RI = 2 i1 = 0.0.0, i2 = 1, SINR = 41 dB, CQI = 15
[0m[NR_PHY] RI = 2 i1 = 0.0.0, i2 = 1, SINR = 41 dB, CQI = 15
[0m[NR_PHY] RI = 2 i1 = 0.0.0, i2 = 1, SINR = 41 dB, CQI = 15
[0m[NR_PHY] RI = 2 i1 = 0.0.0, i2 = 1, SINR = 41 dB, CQI = 15
[0m[NR_PHY] RI = 2 i1 = 0.0.0, i2 = 1, SINR = 41 dB, CQI = 15
[0m[NR_PHY] RI = 2 i1 = 0.0.0, i2 = 1, SINR = 41 dB, CQI = 15
[0m[NR_PHY] RI = 2 i1 = 0.0.0, i2 = 1, SINR = 41 dB, CQI = 15
[0m[NR_PHY] RI = 2 i1 = 0.0.0, i2 = 1, SINR = 41 dB, CQI = 15
[0m[NR_PHY] RI = 2 i1 = 0.0.0, i2 = 1, SINR = 41 dB, CQI = 15
[0m[NR_PHY] RI = 2 i1 = 0.0.0, i2 = 1, SINR = 41 dB, CQI = 15
[0m[NR_PHY] RI = 2 i1 = 0.0.0, i2 = 1, SINR = 41 dB, CQI = 15
[0m[NR_PHY] RI = 2 i1 = 0.0.0, i2 = 1, SINR = 41 dB, CQI = 15
[0m[NR_PHY] RI = 2 i1 = 0.0.0, i2 = 1, SINR = 41 dB, CQI = 15
[0m[NR_PHY] RI = 2 i1 = 0.0.0, i2 = 1, SINR = 41 dB, CQI = 15
[0m[NR_PHY] RI = 2 i1 = 0.0.0, i2 = 1, SINR = 41 dB, CQI = 15
[0m[NR_PHY] RI = 2 i1 = 0.0.0, i2 = 1, SINR = 41 dB, CQI = 15
[0m[NR_PHY] RI = 2 i1 = 0.0.0, i2 = 1, SINR = 41 dB, CQI = 15
[0m[NR_PHY] RI = 2 i1 = 0.0.0, i2 = 1, SINR = 41 dB, CQI = 15
[0m[NR_PHY] RI = 2 i1 = 0.0.0, i2 = 1, SINR = 41 dB, CQI = 15
[0m[NR_PHY] RI = 2 i1 = 0.0.0, i2 = 1, SINR = 41 dB, CQI = 15
[0m[NR_PHY] RI = 2 i1 = 0.0.0, i2 = 1, SINR = 41 dB, CQI = 15
[0m[NR_PHY] RI = 2 i1 = 0.0.0, i2 = 1, SINR = 41 dB, CQI = 15
[0m[NR_PHY] RI = 2 i1 = 0.0.0, i2 = 1, SINR = 41 dB, CQI = 15
[0m[NR_PHY] RI = 2 i1 = 0.0.0, i2 = 1, SINR = 41 dB, CQI = 15
[0m[NR_PHY] RI = 2 i1 = 0.0.0, i2 = 1, SINR = 41 dB, CQI = 15
[0m[NR_PHY] RI = 2 i1 = 0.0.0, i2 = 1, SINR = 41 dB, CQI = 15
[0m[NR_PHY] RI = 2 i1 = 0.0.0, i2 = 1, SINR = 41 dB, CQI = 15
[0m[NR_PHY] RI = 2 i1 = 0.0.0, i2 = 1, SINR = 41 dB, CQI = 15
[0m[NR_PHY] RI = 2 i1 = 0.0.0, i2 = 1, SINR = 41 dB, CQI = 15
[0m[NR_PHY] RI = 2 i1 = 0.0.0, i2 = 1, SINR = 41 dB, CQI = 15
[0m[NR_PHY] RI = 2 i1 = 0.0.0, i2 = 1, SINR = 41 dB, CQI = 15
[0m[NR_PHY] RI = 2 i1 = 0.0.0, i2 = 1, SINR = 41 dB, CQI = 15
[0m[NR_PHY] RI = 2 i1 = 0.0.0, i2 = 1, SINR = 41 dB, CQI = 15
[0m[NR_PHY] RI = 2 i1 = 0.0.0, i2 = 1, SINR = 41 dB, CQI = 15
[0m[NR_PHY] RI = 2 i1 = 0.0.0, i2 = 1, SINR = 41 dB, CQI = 15
[0m[NR_PHY] RI = 2 i1 = 0.0.0, i2 = 1, SINR = 41 dB, CQI = 15
[0m[NR_PHY] RI = 2 i1 = 0.0.0, i2 = 1, SINR = 41 dB, CQI = 15
[0m[NR_PHY] RI = 2 i1 = 0.0.0, i2 = 1, SINR = 41 dB, CQI = 15
[0m[NR_PHY] RI = 2 i1 = 0.0.0, i2 = 1, SINR = 41 dB, CQI = 15
[0m[NR_PHY] RI = 2 i1 = 0.0.0, i2 = 1, SINR = 41 dB, CQI = 15
[0m[NR_PHY] RI = 2 i1 = 0.0.0, i2 = 1, SINR = 41 dB, CQI = 15
[0m[NR_PHY] RI = 2 i1 = 0.0.0, i2 = 1, SINR = 41 dB, CQI = 15
[0m[NR_PHY] RI = 2 i1 = 0.0.0, i2 = 1, SINR = 41 dB, CQI = 15
[0m[NR_PHY] RI = 2 i1 = 0.0.0, i2 = 1, SINR = 41 dB, CQI = 15
[0m[NR_PHY] RI = 2 i1 = 0.0.0, i2 = 1, SINR = 41 dB, CQI = 15
[0m[NR_PHY] RI = 2 i1 = 0.0.0, i2 = 1, SINR = 41 dB, CQI = 15
[0m[NR_PHY] RI = 2 i1 = 0.0.0, i2 = 1, SINR = 41 dB, CQI = 15
[0m[NR_PHY] RI = 2 i1 = 0.0.0, i2 = 1, SINR = 41 dB, CQI = 15
[0m[NR_PHY] RI = 2 i1 = 0.0.0, i2 = 1, SINR = 41 dB, CQI = 15
[0m[NR_PHY] RI = 2 i1 = 0.0.0, i2 = 1, SINR = 41 dB, CQI = 15
[0m[NR_PHY] RI = 2 i1 = 0.0.0, i2 = 1, SINR = 41 dB, CQI = 15
[0m[NR_PHY] RI = 2 i1 = 0.0.0, i2 = 1, SINR = 41 dB, CQI = 15
[0m[NR_PHY] RI = 2 i1 = 0.0.0, i2 = 1, SINR = 41 dB, CQI = 15
[0m[NR_PHY] RI = 2 i1 = 0.0.0, i2 = 1, SINR = 41 dB, CQI = 15
[0m[NR_PHY] RI = 2 i1 = 0.0.0, i2 = 1, SINR = 41 dB, CQI = 15
[0m[NR_PHY] RI = 2 i1 = 0.0.0, i2 = 1, SINR = 41 dB, CQI = 15
[0m[NR_PHY] RI = 2 i1 = 0.0.0, i2 = 1, SINR = 41 dB, CQI = 15
[0m[NR_PHY] RI = 2 i1 = 0.0.0, i2 = 1, SINR = 41 dB, CQI = 15
[0m[NR_PHY] RI = 2 i1 = 0.0.0, i2 = 1, SINR = 41 dB, CQI = 15
[0m[NR_PHY] RI = 2 i1 = 0.0.0, i2 = 1, SINR = 41 dB, CQI = 15
[0m[NR_PHY] RI = 2 i1 = 0.0.0, i2 = 1, SINR = 41 dB, CQI = 15
[0m[NR_PHY] RI = 2 i1 = 0.0.0, i2 = 1, SINR = 41 dB, CQI = 15
[0m[NR_MAC] UE 0 RNTI 77c8 stats sfn: 512.2, cumulated bad DCI 0
    DL harq: 976/1/0
    UL harq: 22671/221/1 avg code rate 0.9, avg bit/symbol 6.0, avg per TB: (nb RBs 17.0, nb symbols 13.0)
[0m[NR_PHY] RI = 2 i1 = 0.0.0, i2 = 1, SINR = 41 dB, CQI = 15
[0m[NR_PHY] RI = 2 i1 = 0.0.0, i2 = 1, SINR = 41 dB, CQI = 15
[0m[NR_PHY] RI = 2 i1 = 0.0.0, i2 = 1, SINR = 41 dB, CQI = 15
[0m[NR_PHY] RI = 2 i1 = 0.0.0, i2 = 1, SINR = 41 dB, CQI = 15
[0m[NR_PHY] RI = 2 i1 = 0.0.0, i2 = 1, SINR = 41 dB, CQI = 15
[0m[NR_PHY] RI = 2 i1 = 0.0.0, i2 = 1, SINR = 41 dB, CQI = 15
[0m[NR_PHY] RI = 2 i1 = 0.0.0, i2 = 1, SINR = 41 dB, CQI = 15
[0m[NR_PHY] RI = 2 i1 = 0.0.0, i2 = 1, SINR = 41 dB, CQI = 15
[0m[NR_PHY] RI = 2 i1 = 0.0.0, i2 = 1, SINR = 41 dB, CQI = 15
[0m[NR_PHY] RI = 2 i1 = 0.0.0, i2 = 1, SINR = 41 dB, CQI = 15
[0m[NR_PHY] RI = 2 i1 = 0.0.0, i2 = 1, SINR = 41 dB, CQI = 15
[0m[NR_PHY] RI = 2 i1 = 0.0.0, i2 = 1, SINR = 41 dB, CQI = 15
[0m[NR_PHY] RI = 2 i1 = 0.0.0, i2 = 1, SINR = 41 dB, CQI = 15
[0m[NR_PHY] RI = 2 i1 = 0.0.0, i2 = 1, SINR = 41 dB, CQI = 15
[0m[NR_PHY] RI = 2 i1 = 0.0.0, i2 = 1, SINR = 41 dB, CQI = 15
[0m[NR_PHY] RI = 2 i1 = 0.0.0, i2 = 1, SINR = 41 dB, CQI = 15
[0m[NR_PHY] RI = 2 i1 = 0.0.0, i2 = 1, SINR = 41 dB, CQI = 15
[0m[NR_PHY] RI = 2 i1 = 0.0.0, i2 = 1, SINR = 41 dB, CQI = 15
[0m[NR_PHY] RI = 2 i1 = 0.0.0, i2 = 1, SINR = 41 dB, CQI = 15
[0m[NR_PHY] RI = 2 i1 = 0.0.0, i2 = 1, SINR = 41 dB, CQI = 15
[0m[NR_PHY] RI = 2 i1 = 0.0.0, i2 = 1, SINR = 41 dB, CQI = 15
[0m[NR_PHY] RI = 2 i1 = 0.0.0, i2 = 1, SINR = 41 dB, CQI = 15
[0m[NR_PHY] RI = 2 i1 = 0.0.0, i2 = 1, SINR = 41 dB, CQI = 15
[0m[NR_PHY] RI = 2 i1 = 0.0.0, i2 = 1, SINR = 41 dB, CQI = 15
[0m[NR_PHY] RI = 2 i1 = 0.0.0, i2 = 1, SINR = 41 dB, CQI = 15
[0m[NR_PHY] RI = 2 i1 = 0.0.0, i2 = 1, SINR = 41 dB, CQI = 15
[0m[NR_PHY] RI = 2 i1 = 0.0.0, i2 = 1, SINR = 41 dB, CQI = 15
[0m[NR_PHY] RI = 2 i1 = 0.0.0, i2 = 1, SINR = 41 dB, CQI = 15
[0m[NR_PHY] RI = 2 i1 = 0.0.0, i2 = 1, SINR = 41 dB, CQI = 15
[0m[NR_PHY] RI = 2 i1 = 0.0.0, i2 = 1, SINR = 41 dB, CQI = 15
[0m[NR_PHY] RI = 2 i1 = 0.0.0, i2 = 1, SINR = 41 dB, CQI = 15
[0m[NR_PHY] RI = 2 i1 = 0.0.0, i2 = 1, SINR = 41 dB, CQI = 15
[0m[NR_PHY] RI = 2 i1 = 0.0.0, i2 = 1, SINR = 41 dB, CQI = 15
[0m[NR_PHY] RI = 2 i1 = 0.0.0, i2 = 1, SINR = 41 dB, CQI = 15
[0m[NR_PHY] RI = 2 i1 = 0.0.0, i2 = 1, SINR = 41 dB, CQI = 15
[0m[NR_PHY] RI = 2 i1 = 0.0.0, i2 = 1, SINR = 41 dB, CQI = 15
[0m[NR_PHY] RI = 2 i1 = 0.0.0, i2 = 1, SINR = 41 dB, CQI = 15
[0m[NR_PHY] RI = 2 i1 = 0.0.0, i2 = 1, SINR = 41 dB, CQI = 15
[0m[NR_PHY] RI = 2 i1 = 0.0.0, i2 = 1, SINR = 41 dB, CQI = 15
[0m[NR_PHY] RI = 2 i1 = 0.0.0, i2 = 1, SINR = 41 dB, CQI = 15
[0m[NR_PHY] RI = 2 i1 = 0.0.0, i2 = 1, SINR = 41 dB, CQI = 15
[0m[NR_PHY] RI = 2 i1 = 0.0.0, i2 = 1, SINR = 41 dB, CQI = 15
[0m[NR_PHY] RI = 2 i1 = 0.0.0, i2 = 1, SINR = 41 dB, CQI = 15
[0m[NR_PHY] RI = 2 i1 = 0.0.0, i2 = 1, SINR = 41 dB, CQI = 15
[0m[NR_PHY] RI = 2 i1 = 0.0.0, i2 = 1, SINR = 41 dB, CQI = 15
[0m[NR_PHY] RI = 2 i1 = 0.0.0, i2 = 1, SINR = 41 dB, CQI = 15
[0m[NR_PHY] RI = 2 i1 = 0.0.0, i2 = 1, SINR = 41 dB, CQI = 15
[0m[NR_PHY] RI = 2 i1 = 0.0.0, i2 = 1, SINR = 41 dB, CQI = 15
[0m[NR_PHY] RI = 2 i1 = 0.0.0, i2 = 1, SINR = 41 dB, CQI = 15
[0m[NR_PHY] RI = 2 i1 = 0.0.0, i2 = 1, SINR = 41 dB, CQI = 15
[0m[NR_PHY] RI = 2 i1 = 0.0.0, i2 = 1, SINR = 41 dB, CQI = 15
[0m[NR_PHY] RI = 2 i1 = 0.0.0, i2 = 1, SINR = 41 dB, CQI = 15
[0m[NR_PHY] RI = 2 i1 = 0.0.0, i2 = 1, SINR = 41 dB, CQI = 15
[0m[NR_PHY] RI = 2 i1 = 0.0.0, i2 = 1, SINR = 41 dB, CQI = 15
[0m[NR_PHY] RI = 2 i1 = 0.0.0, i2 = 1, SINR = 41 dB, CQI = 15
[0m[NR_PHY] RI = 2 i1 = 0.0.0, i2 = 1, SINR = 41 dB, CQI = 15
[0m[NR_PHY] RI = 2 i1 = 0.0.0, i2 = 1, SINR = 41 dB, CQI = 15
[0m[NR_PHY] RI = 2 i1 = 0.0.0, i2 = 1, SINR = 41 dB, CQI = 15
[0m[NR_PHY] RI = 2 i1 = 0.0.0, i2 = 1, SINR = 41 dB, CQI = 15
[0m[NR_PHY] RI = 2 i1 = 0.0.0, i2 = 1, SINR = 41 dB, CQI = 15
[0m[NR_PHY] RI = 2 i1 = 0.0.0, i2 = 1, SINR = 41 dB, CQI = 15
[0m[NR_PHY] RI = 2 i1 = 0.0.0, i2 = 1, SINR = 41 dB, CQI = 15
[0m[NR_PHY] RI = 2 i1 = 0.0.0, i2 = 1, SINR = 41 dB, CQI = 15
[0m[NR_PHY] RI = 2 i1 = 0.0.0, i2 = 1, SINR = 41 dB, CQI = 15
[0m[NR_MAC] UE 0 RNTI 77c8 stats sfn: 640.2, cumulated bad DCI 0
    DL harq: 997/1/0
    UL harq: 23177/224/1 avg code rate 0.9, avg bit/symbol 6.0, avg per TB: (nb RBs 17.0, nb symbols 13.0)
[0m[NR_PHY] RI = 2 i1 = 0.0.0, i2 = 1, SINR = 41 dB, CQI = 15
[0m[NR_PHY] RI = 2 i1 = 0.0.0, i2 = 1, SINR = 41 dB, CQI = 15
[0m[NR_PHY] RI = 2 i1 = 0.0.0, i2 = 1, SINR = 41 dB, CQI = 15
[0m[NR_PHY] RI = 2 i1 = 0.0.0, i2 = 1, SINR = 41 dB, CQI = 15
[0m[NR_PHY] RI = 2 i1 = 0.0.0, i2 = 1, SINR = 41 dB, CQI = 15
[0m[NR_PHY] RI = 2 i1 = 0.0.0, i2 = 1, SINR = 41 dB, CQI = 15
[0m[NR_PHY] RI = 2 i1 = 0.0.0, i2 = 1, SINR = 41 dB, CQI = 15
[0m[NR_PHY] RI = 2 i1 = 0.0.0, i2 = 1, SINR = 41 dB, CQI = 15
[0m[NR_PHY] RI = 2 i1 = 0.0.0, i2 = 1, SINR = 41 dB, CQI = 15
[0m[NR_PHY] RI = 2 i1 = 0.0.0, i2 = 1, SINR = 41 dB, CQI = 15
[0m[NR_PHY] RI = 2 i1 = 0.0.0, i2 = 1, SINR = 41 dB, CQI = 15
[0m[NR_PHY] RI = 2 i1 = 0.0.0, i2 = 1, SINR = 41 dB, CQI = 15
[0m[NR_PHY] RI = 2 i1 = 0.0.0, i2 = 1, SINR = 41 dB, CQI = 15
[0m[NR_PHY] RI = 2 i1 = 0.0.0, i2 = 1, SINR = 41 dB, CQI = 15
[0m[NR_PHY] RI = 2 i1 = 0.0.0, i2 = 1, SINR = 41 dB, CQI = 15
[0m[NR_PHY] RI = 2 i1 = 0.0.0, i2 = 1, SINR = 41 dB, CQI = 15
[0m[NR_PHY] RI = 2 i1 = 0.0.0, i2 = 1, SINR = 41 dB, CQI = 15
[0m[NR_PHY] RI = 2 i1 = 0.0.0, i2 = 1, SINR = 41 dB, CQI = 15
[0m[NR_PHY] RI = 2 i1 = 0.0.0, i2 = 1, SINR = 41 dB, CQI = 15
[0m[NR_PHY] RI = 2 i1 = 0.0.0, i2 = 1, SINR = 41 dB, CQI = 15
[0m[NR_PHY] RI = 2 i1 = 0.0.0, i2 = 1, SINR = 41 dB, CQI = 15
[0m[NR_PHY] RI = 2 i1 = 0.0.0, i2 = 1, SINR = 41 dB, CQI = 15
[0m[NR_PHY] RI = 2 i1 = 0.0.0, i2 = 1, SINR = 41 dB, CQI = 15
[0m[NR_PHY] RI = 2 i1 = 0.0.0, i2 = 1, SINR = 41 dB, CQI = 15
[0m[NR_PHY] RI = 2 i1 = 0.0.0, i2 = 1, SINR = 41 dB, CQI = 15
[0m[NR_PHY] RI = 2 i1 = 0.0.0, i2 = 1, SINR = 41 dB, CQI = 15
[0m[NR_PHY] RI = 2 i1 = 0.0.0, i2 = 1, SINR = 41 dB, CQI = 15
[0m[NR_PHY] RI = 2 i1 = 0.0.0, i2 = 1, SINR = 41 dB, CQI = 15
[0m[NR_PHY] RI = 2 i1 = 0.0.0, i2 = 1, SINR = 41 dB, CQI = 15
[0m[NR_PHY] RI = 2 i1 = 0.0.0, i2 = 1, SINR = 41 dB, CQI = 15
[0m[NR_PHY] RI = 2 i1 = 0.0.0, i2 = 1, SINR = 41 dB, CQI = 15
[0m[NR_PHY] RI = 2 i1 = 0.0.0, i2 = 1, SINR = 41 dB, CQI = 15
[0m[NR_PHY] RI = 2 i1 = 0.0.0, i2 = 1, SINR = 41 dB, CQI = 15
[0m[NR_PHY] RI = 2 i1 = 0.0.0, i2 = 1, SINR = 41 dB, CQI = 15
[0m[NR_PHY] RI = 2 i1 = 0.0.0, i2 = 1, SINR = 41 dB, CQI = 15
[0m[NR_PHY] RI = 2 i1 = 0.0.0, i2 = 1, SINR = 41 dB, CQI = 15
[0m[NR_PHY] RI = 2 i1 = 0.0.0, i2 = 1, SINR = 41 dB, CQI = 15
[0m[NR_PHY] RI = 2 i1 = 0.0.0, i2 = 1, SINR = 41 dB, CQI = 15
[0m[NR_PHY] RI = 2 i1 = 0.0.0, i2 = 1, SINR = 41 dB, CQI = 15
[0m[NR_PHY] RI = 2 i1 = 0.0.0, i2 = 1, SINR = 41 dB, CQI = 15
[0m[NR_PHY] RI = 2 i1 = 0.0.0, i2 = 1, SINR = 41 dB, CQI = 15
[0m[NR_PHY] RI = 2 i1 = 0.0.0, i2 = 1, SINR = 41 dB, CQI = 15
[0m[NR_PHY] RI = 2 i1 = 0.0.0, i2 = 1, SINR = 41 dB, CQI = 15
[0m[NR_PHY] RI = 2 i1 = 0.0.0, i2 = 1, SINR = 41 dB, CQI = 15
[0m[NR_PHY] RI = 2 i1 = 0.0.0, i2 = 1, SINR = 41 dB, CQI = 15
[0m[NR_PHY] RI = 2 i1 = 0.0.0, i2 = 1, SINR = 41 dB, CQI = 15
[0m[NR_PHY] RI = 2 i1 = 0.0.0, i2 = 1, SINR = 41 dB, CQI = 15
[0m[NR_PHY] RI = 2 i1 = 0.0.0, i2 = 0, SINR = 0 dB, CQI = 0
[0m[NR_PHY] RI = 2 i1 = 0.0.0, i2 = 1, SINR = 41 dB, CQI = 15
[0m[NR_PHY] RI = 2 i1 = 0.0.0, i2 = 1, SINR = 41 dB, CQI = 15
[0m[NR_PHY] RI = 2 i1 = 0.0.0, i2 = 1, SINR = 41 dB, CQI = 15
[0m[NR_PHY] RI = 2 i1 = 0.0.0, i2 = 1, SINR = 41 dB, CQI = 15
[0m[NR_PHY] RI = 2 i1 = 0.0.0, i2 = 1, SINR = 41 dB, CQI = 15
[0m[NR_PHY] RI = 2 i1 = 0.0.0, i2 = 1, SINR = 41 dB, CQI = 15
[0m[NR_PHY] RI = 2 i1 = 0.0.0, i2 = 1, SINR = 41 dB, CQI = 15
[0m[NR_PHY] RI = 2 i1 = 0.0.0, i2 = 1, SINR = 41 dB, CQI = 15
[0m[NR_PHY] RI = 2 i1 = 0.0.0, i2 = 1, SINR = 41 dB, CQI = 15
[0m[NR_PHY] RI = 2 i1 = 0.0.0, i2 = 1, SINR = 41 dB, CQI = 15
[0m[NR_PHY] RI = 2 i1 = 0.0.0, i2 = 1, SINR = 41 dB, CQI = 15
[0m[NR_PHY] RI = 2 i1 = 0.0.0, i2 = 1, SINR = 41 dB, CQI = 15
[0m[NR_PHY] RI = 2 i1 = 0.0.0, i2 = 1, SINR = 41 dB, CQI = 15
[0m[NR_PHY] RI = 2 i1 = 0.0.0, i2 = 1, SINR = 41 dB, CQI = 15
[0m[NR_PHY] RI = 2 i1 = 0.0.0, i2 = 1, SINR = 41 dB, CQI = 15
[0m[NR_PHY] RI = 2 i1 = 0.0.0, i2 = 1, SINR = 41 dB, CQI = 15
[0m[NR_MAC] UE 0 RNTI 77c8 stats sfn: 768.2, cumulated bad DCI 0
    DL harq: 1017/1/0
    UL harq: 23677/230/1 avg code rate 0.9, avg bit/symbol 6.0, avg per TB: (nb RBs 17.0, nb symbols 13.0)
[0m[NR_PHY] RI = 2 i1 = 0.0.0, i2 = 1, SINR = 41 dB, CQI = 15
[0m[NR_PHY] RI = 2 i1 = 0.0.0, i2 = 1, SINR = 41 dB, CQI = 15
[0m[NR_PHY] RI = 2 i1 = 0.0.0, i2 = 1, SINR = 41 dB, CQI = 15
[0m[NR_PHY] RI = 2 i1 = 0.0.0, i2 = 1, SINR = 41 dB, CQI = 15
[0m[NR_PHY] RI = 2 i1 = 0.0.0, i2 = 1, SINR = 41 dB, CQI = 15
[0m[NR_PHY] RI = 2 i1 = 0.0.0, i2 = 1, SINR = 41 dB, CQI = 15
[0m[NR_PHY] RI = 2 i1 = 0.0.0, i2 = 1, SINR = 41 dB, CQI = 15
[0m[NR_PHY] RI = 2 i1 = 0.0.0, i2 = 1, SINR = 41 dB, CQI = 15
[0m[NR_PHY] RI = 2 i1 = 0.0.0, i2 = 1, SINR = 41 dB, CQI = 15
[0m[NR_PHY] RI = 2 i1 = 0.0.0, i2 = 1, SINR = 41 dB, CQI = 15
[0m[NR_PHY] RI = 2 i1 = 0.0.0, i2 = 1, SINR = 41 dB, CQI = 15
[0m[NR_PHY] RI = 2 i1 = 0.0.0, i2 = 1, SINR = 41 dB, CQI = 15
[0m[NR_PHY] RI = 2 i1 = 0.0.0, i2 = 1, SINR = 41 dB, CQI = 15
[0m[NR_PHY] RI = 2 i1 = 0.0.0, i2 = 1, SINR = 41 dB, CQI = 15
[0m[NR_PHY] RI = 2 i1 = 0.0.0, i2 = 1, SINR = 41 dB, CQI = 15
[0m[NR_PHY] RI = 2 i1 = 0.0.0, i2 = 1, SINR = 41 dB, CQI = 15
[0m[NR_PHY] RI = 2 i1 = 0.0.0, i2 = 1, SINR = 41 dB, CQI = 15
[0m[NR_PHY] RI = 2 i1 = 0.0.0, i2 = 1, SINR = 41 dB, CQI = 15
[0m[NR_PHY] RI = 2 i1 = 0.0.0, i2 = 1, SINR = 41 dB, CQI = 15
[0m[NR_PHY] RI = 2 i1 = 0.0.0, i2 = 1, SINR = 41 dB, CQI = 15
[0m[NR_PHY] RI = 2 i1 = 0.0.0, i2 = 1, SINR = 41 dB, CQI = 15
[0m[NR_PHY] RI = 2 i1 = 0.0.0, i2 = 1, SINR = 41 dB, CQI = 15
[0m[NR_PHY] RI = 2 i1 = 0.0.0, i2 = 1, SINR = 41 dB, CQI = 15
[0m[NR_PHY] RI = 2 i1 = 0.0.0, i2 = 1, SINR = 41 dB, CQI = 15
[0m[NR_PHY] RI = 2 i1 = 0.0.0, i2 = 1, SINR = 41 dB, CQI = 15
[0m[NR_PHY] RI = 2 i1 = 0.0.0, i2 = 1, SINR = 41 dB, CQI = 15
[0m[NR_PHY] RI = 2 i1 = 0.0.0, i2 = 1, SINR = 41 dB, CQI = 15
[0m[NR_PHY] RI = 2 i1 = 0.0.0, i2 = 1, SINR = 41 dB, CQI = 15
[0m[NR_PHY] RI = 2 i1 = 0.0.0, i2 = 1, SINR = 41 dB, CQI = 15
[0m[NR_PHY] RI = 2 i1 = 0.0.0, i2 = 1, SINR = 41 dB, CQI = 15
[0m[NR_PHY] RI = 2 i1 = 0.0.0, i2 = 1, SINR = 41 dB, CQI = 15
[0m[NR_PHY] RI = 2 i1 = 0.0.0, i2 = 1, SINR = 41 dB, CQI = 15
[0m[NR_PHY] RI = 2 i1 = 0.0.0, i2 = 1, SINR = 41 dB, CQI = 15
[0m[NR_PHY] RI = 2 i1 = 0.0.0, i2 = 1, SINR = 41 dB, CQI = 15
[0m[NR_PHY] RI = 2 i1 = 0.0.0, i2 = 1, SINR = 41 dB, CQI = 15
[0m[NR_PHY] RI = 2 i1 = 0.0.0, i2 = 1, SINR = 41 dB, CQI = 15
[0m[NR_PHY] RI = 2 i1 = 0.0.0, i2 = 1, SINR = 41 dB, CQI = 15
[0m[NR_PHY] RI = 2 i1 = 0.0.0, i2 = 1, SINR = 41 dB, CQI = 15
[0m[NR_PHY] RI = 2 i1 = 0.0.0, i2 = 1, SINR = 41 dB, CQI = 15
[0m[NR_PHY] RI = 2 i1 = 0.0.0, i2 = 1, SINR = 41 dB, CQI = 15
[0m[NR_PHY] RI = 2 i1 = 0.0.0, i2 = 1, SINR = 41 dB, CQI = 15
[0m[NR_PHY] RI = 2 i1 = 0.0.0, i2 = 1, SINR = 41 dB, CQI = 15
[0m[NR_PHY] RI = 2 i1 = 0.0.0, i2 = 1, SINR = 41 dB, CQI = 15
[0m[NR_PHY] RI = 2 i1 = 0.0.0, i2 = 1, SINR = 41 dB, CQI = 15
[0m[NR_PHY] RI = 2 i1 = 0.0.0, i2 = 1, SINR = 41 dB, CQI = 15
[0m[NR_PHY] RI = 2 i1 = 0.0.0, i2 = 1, SINR = 41 dB, CQI = 15
[0m[NR_PHY] RI = 2 i1 = 0.0.0, i2 = 1, SINR = 41 dB, CQI = 15
[0m[NR_PHY] RI = 2 i1 = 0.0.0, i2 = 1, SINR = 41 dB, CQI = 15
[0m[NR_PHY] RI = 2 i1 = 0.0.0, i2 = 1, SINR = 41 dB, CQI = 15
[0m[NR_PHY] RI = 2 i1 = 0.0.0, i2 = 1, SINR = 41 dB, CQI = 15
[0m[NR_PHY] RI = 2 i1 = 0.0.0, i2 = 1, SINR = 41 dB, CQI = 15
[0m[NR_PHY] RI = 2 i1 = 0.0.0, i2 = 1, SINR = 41 dB, CQI = 15
[0m[NR_PHY] RI = 2 i1 = 0.0.0, i2 = 1, SINR = 41 dB, CQI = 15
[0m[NR_PHY] RI = 2 i1 = 0.0.0, i2 = 1, SINR = 41 dB, CQI = 15
[0m[NR_PHY] RI = 2 i1 = 0.0.0, i2 = 1, SINR = 41 dB, CQI = 15
[0m[NR_PHY] RI = 2 i1 = 0.0.0, i2 = 1, SINR = 41 dB, CQI = 15
[0m[NR_PHY] RI = 2 i1 = 0.0.0, i2 = 1, SINR = 41 dB, CQI = 15
[0m[NR_PHY] RI = 2 i1 = 0.0.0, i2 = 1, SINR = 41 dB, CQI = 15
[0m[NR_PHY] RI = 2 i1 = 0.0.0, i2 = 1, SINR = 41 dB, CQI = 15
[0m[NR_PHY] RI = 2 i1 = 0.0.0, i2 = 1, SINR = 41 dB, CQI = 15
[0m[NR_PHY] RI = 2 i1 = 0.0.0, i2 = 1, SINR = 41 dB, CQI = 15
[0m[NR_PHY] RI = 2 i1 = 0.0.0, i2 = 0, SINR = 0 dB, CQI = 0
[0m[NR_PHY] RI = 2 i1 = 0.0.0, i2 = 1, SINR = 41 dB, CQI = 15
[0m[NR_PHY] RI = 2 i1 = 0.0.0, i2 = 1, SINR = 41 dB, CQI = 15
[0m[NR_MAC] UE 0 RNTI 77c8 stats sfn: 896.2, cumulated bad DCI 0
    DL harq: 1039/1/0
    UL harq: 24169/239/1 avg code rate 0.9, avg bit/symbol 6.0, avg per TB: (nb RBs 17.0, nb symbols 13.0)
[0m[NR_PHY] RI = 2 i1 = 0.0.0, i2 = 1, SINR = 41 dB, CQI = 15
[0m[NR_PHY] RI = 2 i1 = 0.0.0, i2 = 1, SINR = 41 dB, CQI = 15
[0m[NR_PHY] RI = 2 i1 = 0.0.0, i2 = 1, SINR = 41 dB, CQI = 15
[0m[NR_PHY] RI = 2 i1 = 0.0.0, i2 = 1, SINR = 41 dB, CQI = 15
[0m[NR_PHY] RI = 2 i1 = 0.0.0, i2 = 1, SINR = 41 dB, CQI = 15
[0m[NR_PHY] RI = 2 i1 = 0.0.0, i2 = 1, SINR = 41 dB, CQI = 15
[0m[NR_PHY] RI = 2 i1 = 0.0.0, i2 = 1, SINR = 41 dB, CQI = 15
[0m[NR_PHY] RI = 2 i1 = 0.0.0, i2 = 1, SINR = 41 dB, CQI = 15
[0m[NR_PHY] RI = 2 i1 = 0.0.0, i2 = 1, SINR = 41 dB, CQI = 15
[0m[NR_PHY] RI = 2 i1 = 0.0.0, i2 = 1, SINR = 41 dB, CQI = 15
[0m[NR_PHY] RI = 2 i1 = 0.0.0, i2 = 1, SINR = 41 dB, CQI = 15
[0m[NR_PHY] RI = 2 i1 = 0.0.0, i2 = 1, SINR = 41 dB, CQI = 15
[0m[NR_PHY] RI = 2 i1 = 0.0.0, i2 = 1, SINR = 41 dB, CQI = 15
[0m[NR_PHY] RI = 2 i1 = 0.0.0, i2 = 1, SINR = 41 dB, CQI = 15
[0m[NR_PHY] RI = 2 i1 = 0.0.0, i2 = 1, SINR = 41 dB, CQI = 15
[0m[NR_PHY] RI = 2 i1 = 0.0.0, i2 = 1, SINR = 41 dB, CQI = 15
[0m[NR_PHY] RI = 2 i1 = 0.0.0, i2 = 1, SINR = 41 dB, CQI = 15
[0m[NR_PHY] RI = 2 i1 = 0.0.0, i2 = 1, SINR = 41 dB, CQI = 15
[0m[NR_PHY] RI = 2 i1 = 0.0.0, i2 = 1, SINR = 41 dB, CQI = 15
[0m[NR_PHY] RI = 2 i1 = 0.0.0, i2 = 1, SINR = 41 dB, CQI = 15
[0m[NR_PHY] RI = 2 i1 = 0.0.0, i2 = 1, SINR = 41 dB, CQI = 15
[0m[NR_PHY] RI = 2 i1 = 0.0.0, i2 = 1, SINR = 41 dB, CQI = 15
[0m[NR_PHY] RI = 2 i1 = 0.0.0, i2 = 1, SINR = 41 dB, CQI = 15
[0m[NR_PHY] RI = 2 i1 = 0.0.0, i2 = 1, SINR = 41 dB, CQI = 15
[0m[NR_PHY] RI = 2 i1 = 0.0.0, i2 = 1, SINR = 41 dB, CQI = 15
[0m[NR_PHY] RI = 2 i1 = 0.0.0, i2 = 1, SINR = 41 dB, CQI = 15
[0m[NR_PHY] RI = 2 i1 = 0.0.0, i2 = 1, SINR = 41 dB, CQI = 15
[0m[NR_PHY] RI = 2 i1 = 0.0.0, i2 = 1, SINR = 41 dB, CQI = 15
[0m[NR_PHY] RI = 2 i1 = 0.0.0, i2 = 1, SINR = 41 dB, CQI = 15
[0m[NR_PHY] RI = 2 i1 = 0.0.0, i2 = 1, SINR = 41 dB, CQI = 15
[0m[NR_PHY] RI = 2 i1 = 0.0.0, i2 = 1, SINR = 41 dB, CQI = 15
[0m[NR_PHY] RI = 2 i1 = 0.0.0, i2 = 1, SINR = 41 dB, CQI = 15
[0m[NR_PHY] RI = 2 i1 = 0.0.0, i2 = 1, SINR = 41 dB, CQI = 15
[0m[NR_PHY] RI = 2 i1 = 0.0.0, i2 = 1, SINR = 41 dB, CQI = 15
[0m[NR_PHY] RI = 2 i1 = 0.0.0, i2 = 1, SINR = 41 dB, CQI = 15
[0m[NR_PHY] RI = 2 i1 = 0.0.0, i2 = 1, SINR = 41 dB, CQI = 15
[0m[NR_PHY] RI = 2 i1 = 0.0.0, i2 = 1, SINR = 41 dB, CQI = 15
[0m[NR_PHY] RI = 2 i1 = 0.0.0, i2 = 1, SINR = 41 dB, CQI = 15
[0m[NR_PHY] RI = 2 i1 = 0.0.0, i2 = 1, SINR = 41 dB, CQI = 15
[0m[NR_PHY] RI = 2 i1 = 0.0.0, i2 = 1, SINR = 41 dB, CQI = 15
[0m[NR_PHY] RI = 2 i1 = 0.0.0, i2 = 1, SINR = 41 dB, CQI = 15
[0m[NR_PHY] RI = 2 i1 = 0.0.0, i2 = 1, SINR = 41 dB, CQI = 15
[0m[NR_PHY] RI = 2 i1 = 0.0.0, i2 = 1, SINR = 41 dB, CQI = 15
[0m[NR_PHY] RI = 2 i1 = 0.0.0, i2 = 1, SINR = 41 dB, CQI = 15
[0m[NR_PHY] RI = 2 i1 = 0.0.0, i2 = 1, SINR = 41 dB, CQI = 15
[0m[NR_PHY] RI = 2 i1 = 0.0.0, i2 = 1, SINR = 41 dB, CQI = 15
[0m[NR_PHY] RI = 2 i1 = 0.0.0, i2 = 1, SINR = 41 dB, CQI = 15
[0m[NR_PHY] RI = 2 i1 = 0.0.0, i2 = 1, SINR = 41 dB, CQI = 15
[0m[NR_PHY] RI = 2 i1 = 0.0.0, i2 = 1, SINR = 41 dB, CQI = 15
[0m[NR_PHY] RI = 2 i1 = 0.0.0, i2 = 1, SINR = 41 dB, CQI = 15
[0m[NR_PHY] RI = 2 i1 = 0.0.0, i2 = 1, SINR = 41 dB, CQI = 15
[0m[NR_PHY] RI = 2 i1 = 0.0.0, i2 = 1, SINR = 41 dB, CQI = 15
[0m[NR_PHY] RI = 2 i1 = 0.0.0, i2 = 1, SINR = 41 dB, CQI = 15
[0m[NR_PHY] RI = 2 i1 = 0.0.0, i2 = 1, SINR = 41 dB, CQI = 15
[0m[NR_PHY] RI = 2 i1 = 0.0.0, i2 = 1, SINR = 41 dB, CQI = 15
[0m[NR_PHY] RI = 2 i1 = 0.0.0, i2 = 1, SINR = 41 dB, CQI = 15
[0m[NR_PHY] RI = 2 i1 = 0.0.0, i2 = 1, SINR = 41 dB, CQI = 15
[0m[NR_PHY] RI = 2 i1 = 0.0.0, i2 = 1, SINR = 41 dB, CQI = 15
[0m[NR_PHY] RI = 2 i1 = 0.0.0, i2 = 1, SINR = 41 dB, CQI = 15
[0m[NR_PHY] RI = 2 i1 = 0.0.0, i2 = 1, SINR = 41 dB, CQI = 15
[0m[NR_PHY] RI = 2 i1 = 0.0.0, i2 = 1, SINR = 41 dB, CQI = 15
[0m[NR_PHY] RI = 2 i1 = 0.0.0, i2 = 1, SINR = 41 dB, CQI = 15
[0m[NR_PHY] RI = 2 i1 = 0.0.0, i2 = 1, SINR = 41 dB, CQI = 15
[0m[NR_PHY] RI = 2 i1 = 0.0.0, i2 = 1, SINR = 41 dB, CQI = 15
[0m[NR_MAC] UE 0 RNTI 77c8 stats sfn: 0.2, cumulated bad DCI 0
    DL harq: 1060/1/0
    UL harq: 24675/242/1 avg code rate 0.9, avg bit/symbol 6.0, avg per TB: (nb RBs 17.0, nb symbols 13.0)
[0m[NR_PHY] RI = 2 i1 = 0.0.0, i2 = 1, SINR = 41 dB, CQI = 15
[0m[NR_PHY] RI = 2 i1 = 0.0.0, i2 = 1, SINR = 41 dB, CQI = 15
[0m[NR_PHY] RI = 2 i1 = 0.0.0, i2 = 1, SINR = 41 dB, CQI = 15
[0m[NR_PHY] RI = 2 i1 = 0.0.0, i2 = 1, SINR = 41 dB, CQI = 15
[0m[NR_PHY] RI = 2 i1 = 0.0.0, i2 = 1, SINR = 41 dB, CQI = 15
[0m[NR_PHY] RI = 2 i1 = 0.0.0, i2 = 1, SINR = 41 dB, CQI = 15
[0m[NR_PHY] RI = 2 i1 = 0.0.0, i2 = 1, SINR = 41 dB, CQI = 15
[0m[NR_PHY] RI = 2 i1 = 0.0.0, i2 = 1, SINR = 41 dB, CQI = 15
[0m[NR_PHY] RI = 2 i1 = 0.0.0, i2 = 1, SINR = 41 dB, CQI = 15
[0m[NR_PHY] RI = 2 i1 = 0.0.0, i2 = 1, SINR = 41 dB, CQI = 15
[0m[NR_PHY] RI = 2 i1 = 0.0.0, i2 = 1, SINR = 41 dB, CQI = 15
[0m[NR_PHY] RI = 2 i1 = 0.0.0, i2 = 1, SINR = 41 dB, CQI = 15
[0m[NR_PHY] RI = 2 i1 = 0.0.0, i2 = 1, SINR = 41 dB, CQI = 15
[0m[NR_PHY] RI = 2 i1 = 0.0.0, i2 = 1, SINR = 41 dB, CQI = 15
[0m[NR_PHY] RI = 2 i1 = 0.0.0, i2 = 1, SINR = 41 dB, CQI = 15
[0m[NR_PHY] RI = 2 i1 = 0.0.0, i2 = 1, SINR = 41 dB, CQI = 15
[0m[NR_PHY] RI = 2 i1 = 0.0.0, i2 = 1, SINR = 41 dB, CQI = 15
[0m[NR_PHY] RI = 2 i1 = 0.0.0, i2 = 1, SINR = 41 dB, CQI = 15
[0m[NR_PHY] RI = 2 i1 = 0.0.0, i2 = 1, SINR = 41 dB, CQI = 15
[0m[NR_PHY] RI = 2 i1 = 0.0.0, i2 = 1, SINR = 41 dB, CQI = 15
[0m[NR_PHY] RI = 2 i1 = 0.0.0, i2 = 1, SINR = 41 dB, CQI = 15
[0m[NR_PHY] RI = 2 i1 = 0.0.0, i2 = 1, SINR = 41 dB, CQI = 15
[0m[NR_PHY] RI = 2 i1 = 0.0.0, i2 = 1, SINR = 41 dB, CQI = 15
[0m[NR_PHY] RI = 2 i1 = 0.0.0, i2 = 1, SINR = 41 dB, CQI = 15
[0m[NR_PHY] RI = 2 i1 = 0.0.0, i2 = 1, SINR = 41 dB, CQI = 15
[0m[NR_PHY] RI = 2 i1 = 0.0.0, i2 = 1, SINR = 41 dB, CQI = 15
[0m[NR_PHY] RI = 2 i1 = 0.0.0, i2 = 1, SINR = 41 dB, CQI = 15
[0m[NR_PHY] RI = 2 i1 = 0.0.0, i2 = 1, SINR = 41 dB, CQI = 15
[0m[NR_PHY] RI = 2 i1 = 0.0.0, i2 = 1, SINR = 41 dB, CQI = 15
[0m[NR_PHY] RI = 2 i1 = 0.0.0, i2 = 1, SINR = 41 dB, CQI = 15
[0m[NR_PHY] RI = 2 i1 = 0.0.0, i2 = 1, SINR = 41 dB, CQI = 15
[0m[NR_PHY] RI = 2 i1 = 0.0.0, i2 = 1, SINR = 41 dB, CQI = 15
[0m[NR_PHY] RI = 2 i1 = 0.0.0, i2 = 1, SINR = 41 dB, CQI = 15
[0m[NR_PHY] RI = 2 i1 = 0.0.0, i2 = 1, SINR = 41 dB, CQI = 15
[0m[NR_PHY] RI = 2 i1 = 0.0.0, i2 = 1, SINR = 41 dB, CQI = 15
[0m[NR_PHY] RI = 2 i1 = 0.0.0, i2 = 1, SINR = 41 dB, CQI = 15
[0m[NR_PHY] RI = 2 i1 = 0.0.0, i2 = 1, SINR = 41 dB, CQI = 15
[0m[NR_PHY] RI = 2 i1 = 0.0.0, i2 = 1, SINR = 41 dB, CQI = 15
[0m[NR_PHY] RI = 2 i1 = 0.0.0, i2 = 1, SINR = 41 dB, CQI = 15
[0m[NR_PHY] RI = 2 i1 = 0.0.0, i2 = 1, SINR = 41 dB, CQI = 15
[0m[NR_PHY] RI = 2 i1 = 0.0.0, i2 = 1, SINR = 41 dB, CQI = 15
[0m[NR_PHY] RI = 2 i1 = 0.0.0, i2 = 1, SINR = 41 dB, CQI = 15
[0m[NR_PHY] RI = 2 i1 = 0.0.0, i2 = 1, SINR = 41 dB, CQI = 15
[0m[NR_PHY] RI = 2 i1 = 0.0.0, i2 = 1, SINR = 41 dB, CQI = 15
[0m[NR_PHY] RI = 2 i1 = 0.0.0, i2 = 1, SINR = 41 dB, CQI = 15
[0m[NR_PHY] RI = 2 i1 = 0.0.0, i2 = 1, SINR = 41 dB, CQI = 15
[0m[NR_PHY] RI = 2 i1 = 0.0.0, i2 = 1, SINR = 41 dB, CQI = 15
[0m[NR_PHY] RI = 2 i1 = 0.0.0, i2 = 1, SINR = 41 dB, CQI = 15
[0m[NR_PHY] RI = 2 i1 = 0.0.0, i2 = 1, SINR = 41 dB, CQI = 15
[0m[NR_PHY] RI = 2 i1 = 0.0.0, i2 = 1, SINR = 41 dB, CQI = 15
[0m[NR_PHY] RI = 2 i1 = 0.0.0, i2 = 1, SINR = 41 dB, CQI = 15
[0m[NR_PHY] RI = 2 i1 = 0.0.0, i2 = 1, SINR = 41 dB, CQI = 15
[0m[NR_PHY] RI = 2 i1 = 0.0.0, i2 = 1, SINR = 41 dB, CQI = 15
[0m[NR_PHY] RI = 2 i1 = 0.0.0, i2 = 1, SINR = 41 dB, CQI = 15
[0m[NR_PHY] RI = 2 i1 = 0.0.0, i2 = 1, SINR = 41 dB, CQI = 15
[0m[NR_PHY] RI = 2 i1 = 0.0.0, i2 = 1, SINR = 41 dB, CQI = 15
[0m[NR_PHY] RI = 2 i1 = 0.0.0, i2 = 1, SINR = 41 dB, CQI = 15
[0m[NR_PHY] RI = 2 i1 = 0.0.0, i2 = 1, SINR = 41 dB, CQI = 15
[0m[NR_PHY] RI = 2 i1 = 0.0.0, i2 = 1, SINR = 41 dB, CQI = 15
[0m[NR_PHY] RI = 2 i1 = 0.0.0, i2 = 1, SINR = 41 dB, CQI = 15
[0m[NR_PHY] RI = 2 i1 = 0.0.0, i2 = 1, SINR = 41 dB, CQI = 15
[0m[NR_PHY] RI = 2 i1 = 0.0.0, i2 = 1, SINR = 41 dB, CQI = 15
[0m[NR_PHY] RI = 2 i1 = 0.0.0, i2 = 1, SINR = 41 dB, CQI = 15
[0m[NR_PHY] RI = 2 i1 = 0.0.0, i2 = 1, SINR = 41 dB, CQI = 15
[0m[NR_MAC] UE 0 RNTI 77c8 stats sfn: 128.2, cumulated bad DCI 0
    DL harq: 1082/1/0
    UL harq: 25173/248/2 avg code rate 0.9, avg bit/symbol 6.0, avg per TB: (nb RBs 17.0, nb symbols 13.0)
[0m[NR_PHY] RI = 2 i1 = 0.0.0, i2 = 1, SINR = 41 dB, CQI = 15
[0m[NR_PHY] RI = 2 i1 = 0.0.0, i2 = 1, SINR = 41 dB, CQI = 15
[0m[NR_PHY] RI = 2 i1 = 0.0.0, i2 = 1, SINR = 41 dB, CQI = 15
[0m[NR_PHY] RI = 2 i1 = 0.0.0, i2 = 1, SINR = 41 dB, CQI = 15
[0m[NR_PHY] RI = 2 i1 = 0.0.0, i2 = 1, SINR = 41 dB, CQI = 15
[0m[NR_PHY] RI = 2 i1 = 0.0.0, i2 = 1, SINR = 41 dB, CQI = 15
[0m[NR_PHY] RI = 2 i1 = 0.0.0, i2 = 1, SINR = 41 dB, CQI = 15
[0m[NR_PHY] RI = 2 i1 = 0.0.0, i2 = 1, SINR = 41 dB, CQI = 15
[0m[NR_PHY] RI = 2 i1 = 0.0.0, i2 = 1, SINR = 41 dB, CQI = 15
[0m[NR_PHY] RI = 2 i1 = 0.0.0, i2 = 1, SINR = 41 dB, CQI = 15
[0m[NR_PHY] RI = 2 i1 = 0.0.0, i2 = 1, SINR = 41 dB, CQI = 15
[0m[NR_PHY] RI = 2 i1 = 0.0.0, i2 = 1, SINR = 41 dB, CQI = 15
[0m[NR_PHY] RI = 2 i1 = 0.0.0, i2 = 1, SINR = 41 dB, CQI = 15
[0m[NR_PHY] RI = 2 i1 = 0.0.0, i2 = 1, SINR = 41 dB, CQI = 15
[0m[NR_PHY] RI = 2 i1 = 0.0.0, i2 = 1, SINR = 41 dB, CQI = 15
[0m[NR_PHY] RI = 2 i1 = 0.0.0, i2 = 1, SINR = 41 dB, CQI = 15
[0m[NR_PHY] RI = 2 i1 = 0.0.0, i2 = 1, SINR = 41 dB, CQI = 15
[0m[NR_PHY] RI = 2 i1 = 0.0.0, i2 = 1, SINR = 41 dB, CQI = 15
[0m[NR_PHY] RI = 2 i1 = 0.0.0, i2 = 1, SINR = 41 dB, CQI = 15
[0m[NR_PHY] RI = 2 i1 = 0.0.0, i2 = 1, SINR = 41 dB, CQI = 15
[0m[NR_PHY] RI = 2 i1 = 0.0.0, i2 = 1, SINR = 41 dB, CQI = 15
[0m[NR_PHY] RI = 2 i1 = 0.0.0, i2 = 1, SINR = 41 dB, CQI = 15
[0m[NR_PHY] RI = 2 i1 = 0.0.0, i2 = 1, SINR = 41 dB, CQI = 15
[0m[NR_PHY] RI = 2 i1 = 0.0.0, i2 = 1, SINR = 41 dB, CQI = 15
[0m[NR_PHY] RI = 2 i1 = 0.0.0, i2 = 1, SINR = 41 dB, CQI = 15
[0m[NR_PHY] RI = 2 i1 = 0.0.0, i2 = 1, SINR = 41 dB, CQI = 15
[0m[NR_PHY] RI = 2 i1 = 0.0.0, i2 = 1, SINR = 41 dB, CQI = 15
[0m[NR_PHY] RI = 2 i1 = 0.0.0, i2 = 1, SINR = 41 dB, CQI = 15
[0m[NR_PHY] RI = 2 i1 = 0.0.0, i2 = 1, SINR = 41 dB, CQI = 15
[0m[NR_PHY] RI = 2 i1 = 0.0.0, i2 = 1, SINR = 41 dB, CQI = 15
[0m[NR_PHY] RI = 2 i1 = 0.0.0, i2 = 1, SINR = 41 dB, CQI = 15
[0m[NR_PHY] RI = 2 i1 = 0.0.0, i2 = 1, SINR = 41 dB, CQI = 15
[0m[NR_PHY] RI = 2 i1 = 0.0.0, i2 = 1, SINR = 41 dB, CQI = 15
[0m[NR_PHY] RI = 2 i1 = 0.0.0, i2 = 1, SINR = 41 dB, CQI = 15
[0m[NR_PHY] RI = 2 i1 = 0.0.0, i2 = 1, SINR = 41 dB, CQI = 15
[0m[NR_PHY] RI = 2 i1 = 0.0.0, i2 = 1, SINR = 41 dB, CQI = 15
[0m[NR_PHY] RI = 2 i1 = 0.0.0, i2 = 1, SINR = 41 dB, CQI = 15
[0m[NR_PHY] RI = 2 i1 = 0.0.0, i2 = 1, SINR = 41 dB, CQI = 15
[0m[NR_PHY] RI = 2 i1 = 0.0.0, i2 = 1, SINR = 41 dB, CQI = 15
[0m[NR_PHY] RI = 2 i1 = 0.0.0, i2 = 1, SINR = 41 dB, CQI = 15
[0m[NR_PHY] RI = 2 i1 = 0.0.0, i2 = 1, SINR = 41 dB, CQI = 15
[0m[NR_PHY] RI = 2 i1 = 0.0.0, i2 = 1, SINR = 41 dB, CQI = 15
[0m[NR_PHY] RI = 2 i1 = 0.0.0, i2 = 1, SINR = 41 dB, CQI = 15
[0m[NR_PHY] RI = 2 i1 = 0.0.0, i2 = 1, SINR = 41 dB, CQI = 15
[0m[NR_PHY] RI = 2 i1 = 0.0.0, i2 = 1, SINR = 41 dB, CQI = 15
[0m[NR_PHY] RI = 2 i1 = 0.0.0, i2 = 1, SINR = 41 dB, CQI = 15
[0m[NR_PHY] RI = 2 i1 = 0.0.0, i2 = 1, SINR = 41 dB, CQI = 15
[0m[NR_PHY] RI = 2 i1 = 0.0.0, i2 = 1, SINR = 41 dB, CQI = 15
[0m[NR_PHY] RI = 2 i1 = 0.0.0, i2 = 1, SINR = 41 dB, CQI = 15
[0m[NR_PHY] RI = 2 i1 = 0.0.0, i2 = 1, SINR = 41 dB, CQI = 15
[0m[NR_PHY] RI = 2 i1 = 0.0.0, i2 = 1, SINR = 41 dB, CQI = 15
[0m[NR_PHY] RI = 2 i1 = 0.0.0, i2 = 1, SINR = 41 dB, CQI = 15
[0m[NR_PHY] RI = 2 i1 = 0.0.0, i2 = 1, SINR = 41 dB, CQI = 15
[0m[NR_PHY] RI = 2 i1 = 0.0.0, i2 = 1, SINR = 41 dB, CQI = 15
[0m[NR_PHY] RI = 2 i1 = 0.0.0, i2 = 1, SINR = 41 dB, CQI = 15
[0m[NR_PHY] RI = 2 i1 = 0.0.0, i2 = 1, SINR = 41 dB, CQI = 15
[0m[NR_PHY] RI = 2 i1 = 0.0.0, i2 = 1, SINR = 41 dB, CQI = 15
[0m[NR_PHY] RI = 2 i1 = 0.0.0, i2 = 1, SINR = 41 dB, CQI = 15
[0m[NR_PHY] RI = 2 i1 = 0.0.0, i2 = 1, SINR = 41 dB, CQI = 15
[0m[NR_PHY] RI = 2 i1 = 0.0.0, i2 = 1, SINR = 41 dB, CQI = 15
[0m[NR_PHY] RI = 2 i1 = 0.0.0, i2 = 1, SINR = 41 dB, CQI = 15
[0m[NR_PHY] RI = 2 i1 = 0.0.0, i2 = 1, SINR = 41 dB, CQI = 15
[0m[NR_PHY] RI = 2 i1 = 0.0.0, i2 = 1, SINR = 41 dB, CQI = 15
[0m[NR_PHY] RI = 2 i1 = 0.0.0, i2 = 1, SINR = 41 dB, CQI = 15
[0m[NR_MAC] UE 0 RNTI 77c8 stats sfn: 256.2, cumulated bad DCI 0
    DL harq: 1104/1/0
    UL harq: 25679/251/2 avg code rate 0.9, avg bit/symbol 6.0, avg per TB: (nb RBs 17.0, nb symbols 13.0)
[0m[NR_PHY] RI = 2 i1 = 0.0.0, i2 = 1, SINR = 41 dB, CQI = 15
[0m[NR_PHY] RI = 2 i1 = 0.0.0, i2 = 1, SINR = 41 dB, CQI = 15
[0m[NR_PHY] RI = 2 i1 = 0.0.0, i2 = 1, SINR = 41 dB, CQI = 15
[0m[NR_PHY] RI = 2 i1 = 0.0.0, i2 = 1, SINR = 41 dB, CQI = 15
[0m[NR_PHY] RI = 2 i1 = 0.0.0, i2 = 1, SINR = 41 dB, CQI = 15
[0m[NR_PHY] RI = 2 i1 = 0.0.0, i2 = 1, SINR = 41 dB, CQI = 15
[0m[NR_PHY] RI = 2 i1 = 0.0.0, i2 = 1, SINR = 41 dB, CQI = 15
[0m[NR_PHY] RI = 2 i1 = 0.0.0, i2 = 1, SINR = 41 dB, CQI = 15
[0m[NR_PHY] RI = 2 i1 = 0.0.0, i2 = 1, SINR = 41 dB, CQI = 15
[0m[NR_PHY] RI = 2 i1 = 0.0.0, i2 = 1, SINR = 41 dB, CQI = 15
[0m[NR_PHY] RI = 2 i1 = 0.0.0, i2 = 1, SINR = 41 dB, CQI = 15
[0m[NR_PHY] RI = 2 i1 = 0.0.0, i2 = 1, SINR = 41 dB, CQI = 15
[0m[NR_PHY] RI = 2 i1 = 0.0.0, i2 = 1, SINR = 41 dB, CQI = 15
[0m[NR_PHY] RI = 2 i1 = 0.0.0, i2 = 1, SINR = 41 dB, CQI = 15
[0m[NR_PHY] RI = 2 i1 = 0.0.0, i2 = 1, SINR = 41 dB, CQI = 15
[0m[NR_PHY] RI = 2 i1 = 0.0.0, i2 = 1, SINR = 41 dB, CQI = 15
[0m[NR_PHY] RI = 2 i1 = 0.0.0, i2 = 1, SINR = 41 dB, CQI = 15
[0m[NR_PHY] RI = 2 i1 = 0.0.0, i2 = 1, SINR = 41 dB, CQI = 15
[0m[NR_PHY] RI = 2 i1 = 0.0.0, i2 = 1, SINR = 41 dB, CQI = 15
[0m[NR_PHY] RI = 2 i1 = 0.0.0, i2 = 1, SINR = 41 dB, CQI = 15
[0m[NR_PHY] RI = 2 i1 = 0.0.0, i2 = 1, SINR = 41 dB, CQI = 15
[0m[NR_PHY] RI = 2 i1 = 0.0.0, i2 = 1, SINR = 41 dB, CQI = 15
[0m[NR_PHY] RI = 2 i1 = 0.0.0, i2 = 1, SINR = 41 dB, CQI = 15
[0m[NR_PHY] RI = 2 i1 = 0.0.0, i2 = 1, SINR = 41 dB, CQI = 15
[0m[NR_PHY] RI = 2 i1 = 0.0.0, i2 = 1, SINR = 41 dB, CQI = 15
[0m[NR_PHY] RI = 2 i1 = 0.0.0, i2 = 1, SINR = 41 dB, CQI = 15
[0m[NR_PHY] RI = 2 i1 = 0.0.0, i2 = 1, SINR = 41 dB, CQI = 15
[0m[NR_PHY] RI = 2 i1 = 0.0.0, i2 = 1, SINR = 41 dB, CQI = 15
[0m[NR_PHY] RI = 2 i1 = 0.0.0, i2 = 1, SINR = 41 dB, CQI = 15
[0m[NR_PHY] RI = 2 i1 = 0.0.0, i2 = 1, SINR = 41 dB, CQI = 15
[0m[NR_PHY] RI = 2 i1 = 0.0.0, i2 = 1, SINR = 41 dB, CQI = 15
[0m[NR_PHY] RI = 2 i1 = 0.0.0, i2 = 1, SINR = 41 dB, CQI = 15
[0m[NR_PHY] RI = 2 i1 = 0.0.0, i2 = 1, SINR = 41 dB, CQI = 15
[0m[NR_PHY] RI = 2 i1 = 0.0.0, i2 = 1, SINR = 41 dB, CQI = 15
[0m[NR_PHY] RI = 2 i1 = 0.0.0, i2 = 1, SINR = 41 dB, CQI = 15
[0m[NR_PHY] RI = 2 i1 = 0.0.0, i2 = 1, SINR = 41 dB, CQI = 15
[0m[NR_PHY] RI = 2 i1 = 0.0.0, i2 = 1, SINR = 41 dB, CQI = 15
[0m[NR_PHY] RI = 2 i1 = 0.0.0, i2 = 1, SINR = 41 dB, CQI = 15
[0m[NR_PHY] RI = 2 i1 = 0.0.0, i2 = 1, SINR = 41 dB, CQI = 15
[0m[NR_PHY] RI = 2 i1 = 0.0.0, i2 = 1, SINR = 41 dB, CQI = 15
[0m[NR_PHY] RI = 2 i1 = 0.0.0, i2 = 1, SINR = 41 dB, CQI = 15
[0m[NR_PHY] RI = 2 i1 = 0.0.0, i2 = 1, SINR = 41 dB, CQI = 15
[0m[NR_PHY] RI = 2 i1 = 0.0.0, i2 = 1, SINR = 41 dB, CQI = 15
[0m[NR_PHY] RI = 2 i1 = 0.0.0, i2 = 1, SINR = 41 dB, CQI = 15
[0m[NR_PHY] RI = 2 i1 = 0.0.0, i2 = 1, SINR = 41 dB, CQI = 15
[0m[NR_PHY] RI = 2 i1 = 0.0.0, i2 = 1, SINR = 41 dB, CQI = 15
[0m[NR_PHY] RI = 2 i1 = 0.0.0, i2 = 1, SINR = 41 dB, CQI = 15
[0m[NR_PHY] RI = 2 i1 = 0.0.0, i2 = 1, SINR = 41 dB, CQI = 15
[0m[NR_PHY] RI = 2 i1 = 0.0.0, i2 = 1, SINR = 41 dB, CQI = 15
[0m[NR_PHY] RI = 2 i1 = 0.0.0, i2 = 1, SINR = 41 dB, CQI = 15
[0m[NR_PHY] RI = 2 i1 = 0.0.0, i2 = 1, SINR = 41 dB, CQI = 15
[0m[NR_PHY] RI = 2 i1 = 0.0.0, i2 = 1, SINR = 41 dB, CQI = 15
[0m[NR_PHY] RI = 2 i1 = 0.0.0, i2 = 1, SINR = 41 dB, CQI = 15
[0m[NR_PHY] RI = 2 i1 = 0.0.0, i2 = 1, SINR = 41 dB, CQI = 15
[0m[NR_PHY] RI = 2 i1 = 0.0.0, i2 = 1, SINR = 41 dB, CQI = 15
[0m[NR_PHY] RI = 2 i1 = 0.0.0, i2 = 1, SINR = 41 dB, CQI = 15
[0m[NR_PHY] RI = 2 i1 = 0.0.0, i2 = 1, SINR = 41 dB, CQI = 15
[0m[NR_PHY] RI = 2 i1 = 0.0.0, i2 = 1, SINR = 41 dB, CQI = 15
[0m[NR_PHY] RI = 2 i1 = 0.0.0, i2 = 1, SINR = 41 dB, CQI = 15
[0m[NR_PHY] RI = 2 i1 = 0.0.0, i2 = 1, SINR = 41 dB, CQI = 15
[0m[NR_PHY] RI = 2 i1 = 0.0.0, i2 = 1, SINR = 41 dB, CQI = 15
[0m[NR_PHY] RI = 2 i1 = 0.0.0, i2 = 1, SINR = 41 dB, CQI = 15
[0m[NR_PHY] RI = 2 i1 = 0.0.0, i2 = 1, SINR = 41 dB, CQI = 15
[0m[NR_PHY] RI = 2 i1 = 0.0.0, i2 = 1, SINR = 41 dB, CQI = 15
[0m[NR_MAC] UE 0 RNTI 77c8 stats sfn: 384.2, cumulated bad DCI 0
    DL harq: 1125/1/0
    UL harq: 26187/253/2 avg code rate 0.9, avg bit/symbol 6.0, avg per TB: (nb RBs 17.0, nb symbols 13.0)
[0m[NR_PHY] RI = 2 i1 = 0.0.0, i2 = 1, SINR = 41 dB, CQI = 15
[0m[NR_PHY] RI = 2 i1 = 0.0.0, i2 = 1, SINR = 41 dB, CQI = 15
[0m[NR_PHY] RI = 2 i1 = 0.0.0, i2 = 1, SINR = 41 dB, CQI = 15
[0m[NR_PHY] RI = 2 i1 = 0.0.0, i2 = 1, SINR = 41 dB, CQI = 15
[0m[NR_PHY] RI = 2 i1 = 0.0.0, i2 = 1, SINR = 41 dB, CQI = 15
[0m[NR_PHY] RI = 2 i1 = 0.0.0, i2 = 1, SINR = 41 dB, CQI = 15
[0m[NR_PHY] RI = 2 i1 = 0.0.0, i2 = 1, SINR = 41 dB, CQI = 15
[0m[NR_PHY] RI = 2 i1 = 0.0.0, i2 = 1, SINR = 41 dB, CQI = 15
[0m[NR_PHY] RI = 2 i1 = 0.0.0, i2 = 1, SINR = 41 dB, CQI = 15
[0m[NR_PHY] RI = 2 i1 = 0.0.0, i2 = 1, SINR = 41 dB, CQI = 15
[0m[NR_PHY] RI = 2 i1 = 0.0.0, i2 = 1, SINR = 41 dB, CQI = 15
[0m[NR_PHY] RI = 2 i1 = 0.0.0, i2 = 1, SINR = 41 dB, CQI = 15
[0m[NR_PHY] RI = 2 i1 = 0.0.0, i2 = 1, SINR = 41 dB, CQI = 15
[0m[NR_PHY] RI = 2 i1 = 0.0.0, i2 = 1, SINR = 41 dB, CQI = 15
[0m[NR_PHY] RI = 2 i1 = 0.0.0, i2 = 1, SINR = 41 dB, CQI = 15
[0m[NR_PHY] RI = 2 i1 = 0.0.0, i2 = 1, SINR = 41 dB, CQI = 15
[0m[NR_PHY] RI = 2 i1 = 0.0.0, i2 = 1, SINR = 41 dB, CQI = 15
[0m[NR_PHY] RI = 2 i1 = 0.0.0, i2 = 1, SINR = 41 dB, CQI = 15
[0m[NR_PHY] RI = 2 i1 = 0.0.0, i2 = 1, SINR = 41 dB, CQI = 15
[0m[NR_PHY] RI = 2 i1 = 0.0.0, i2 = 1, SINR = 41 dB, CQI = 15
[0m[NR_PHY] RI = 2 i1 = 0.0.0, i2 = 1, SINR = 41 dB, CQI = 15
[0m[NR_PHY] RI = 2 i1 = 0.0.0, i2 = 1, SINR = 41 dB, CQI = 15
[0m[NR_PHY] RI = 2 i1 = 0.0.0, i2 = 1, SINR = 41 dB, CQI = 15
[0m[NR_PHY] RI = 2 i1 = 0.0.0, i2 = 1, SINR = 41 dB, CQI = 15
[0m[NR_PHY] RI = 2 i1 = 0.0.0, i2 = 1, SINR = 41 dB, CQI = 15
[0m[NR_PHY] RI = 2 i1 = 0.0.0, i2 = 1, SINR = 41 dB, CQI = 15
[0m[NR_PHY] RI = 2 i1 = 0.0.0, i2 = 1, SINR = 41 dB, CQI = 15
[0m[NR_PHY] RI = 2 i1 = 0.0.0, i2 = 1, SINR = 41 dB, CQI = 15
[0m[NR_PHY] RI = 2 i1 = 0.0.0, i2 = 1, SINR = 41 dB, CQI = 15
[0m[NR_PHY] RI = 2 i1 = 0.0.0, i2 = 1, SINR = 41 dB, CQI = 15
[0m[NR_PHY] RI = 2 i1 = 0.0.0, i2 = 1, SINR = 41 dB, CQI = 15
[0m[NR_PHY] RI = 2 i1 = 0.0.0, i2 = 1, SINR = 41 dB, CQI = 15
[0m[NR_PHY] RI = 2 i1 = 0.0.0, i2 = 1, SINR = 41 dB, CQI = 15
[0m[NR_PHY] RI = 2 i1 = 0.0.0, i2 = 1, SINR = 41 dB, CQI = 15
[0m[NR_PHY] RI = 2 i1 = 0.0.0, i2 = 1, SINR = 41 dB, CQI = 15
[0m[NR_PHY] RI = 2 i1 = 0.0.0, i2 = 1, SINR = 41 dB, CQI = 15
[0m[NR_PHY] RI = 2 i1 = 0.0.0, i2 = 1, SINR = 41 dB, CQI = 15
[0m[NR_PHY] RI = 2 i1 = 0.0.0, i2 = 1, SINR = 41 dB, CQI = 15
[0m[NR_PHY] RI = 2 i1 = 0.0.0, i2 = 1, SINR = 41 dB, CQI = 15
[0m[NR_PHY] RI = 2 i1 = 0.0.0, i2 = 1, SINR = 41 dB, CQI = 15
[0m[NR_PHY] RI = 2 i1 = 0.0.0, i2 = 1, SINR = 41 dB, CQI = 15
[0m[NR_PHY] RI = 2 i1 = 0.0.0, i2 = 1, SINR = 41 dB, CQI = 15
[0m[NR_PHY] RI = 2 i1 = 0.0.0, i2 = 1, SINR = 41 dB, CQI = 15
[0m[NR_PHY] RI = 2 i1 = 0.0.0, i2 = 1, SINR = 41 dB, CQI = 15
[0m[NR_PHY] RI = 2 i1 = 0.0.0, i2 = 1, SINR = 41 dB, CQI = 15
[0m[NR_PHY] RI = 2 i1 = 0.0.0, i2 = 1, SINR = 41 dB, CQI = 15
[0m[NR_PHY] RI = 2 i1 = 0.0.0, i2 = 1, SINR = 41 dB, CQI = 15
[0m[NR_PHY] RI = 2 i1 = 0.0.0, i2 = 1, SINR = 41 dB, CQI = 15
[0m[NR_PHY] RI = 2 i1 = 0.0.0, i2 = 1, SINR = 41 dB, CQI = 15
[0m[NR_PHY] RI = 2 i1 = 0.0.0, i2 = 1, SINR = 41 dB, CQI = 15
[0m[NR_PHY] RI = 2 i1 = 0.0.0, i2 = 1, SINR = 41 dB, CQI = 15
[0m[NR_PHY] RI = 2 i1 = 0.0.0, i2 = 1, SINR = 41 dB, CQI = 15
[0m[NR_PHY] RI = 2 i1 = 0.0.0, i2 = 1, SINR = 41 dB, CQI = 15
[0m[NR_PHY] RI = 2 i1 = 0.0.0, i2 = 1, SINR = 41 dB, CQI = 15
[0m[NR_PHY] RI = 2 i1 = 0.0.0, i2 = 1, SINR = 41 dB, CQI = 15
[0m[NR_PHY] RI = 2 i1 = 0.0.0, i2 = 1, SINR = 41 dB, CQI = 15
[0m[NR_PHY] RI = 2 i1 = 0.0.0, i2 = 1, SINR = 41 dB, CQI = 15
[0m[NR_PHY] RI = 2 i1 = 0.0.0, i2 = 1, SINR = 41 dB, CQI = 15
[0m[NR_PHY] RI = 2 i1 = 0.0.0, i2 = 1, SINR = 41 dB, CQI = 15
[0m[NR_PHY] RI = 2 i1 = 0.0.0, i2 = 1, SINR = 41 dB, CQI = 15
[0m[NR_PHY] RI = 2 i1 = 0.0.0, i2 = 1, SINR = 41 dB, CQI = 15
[0m[NR_PHY] RI = 2 i1 = 0.0.0, i2 = 1, SINR = 41 dB, CQI = 15
[0m[NR_PHY] RI = 2 i1 = 0.0.0, i2 = 1, SINR = 41 dB, CQI = 15
[0m[NR_PHY] RI = 2 i1 = 0.0.0, i2 = 1, SINR = 41 dB, CQI = 15
[0m[NR_MAC] UE 0 RNTI 77c8 stats sfn: 512.2, cumulated bad DCI 0
    DL harq: 1147/1/0
    UL harq: 26699/253/2 avg code rate 0.9, avg bit/symbol 6.0, avg per TB: (nb RBs 17.0, nb symbols 13.0)
[0m[NR_PHY] RI = 2 i1 = 0.0.0, i2 = 1, SINR = 41 dB, CQI = 15
[0m[NR_PHY] RI = 2 i1 = 0.0.0, i2 = 1, SINR = 41 dB, CQI = 15
[0m[NR_PHY] RI = 2 i1 = 0.0.0, i2 = 1, SINR = 41 dB, CQI = 15
[0m[NR_PHY] RI = 2 i1 = 0.0.0, i2 = 1, SINR = 41 dB, CQI = 15
[0m[NR_PHY] RI = 2 i1 = 0.0.0, i2 = 1, SINR = 41 dB, CQI = 15
[0m[NR_PHY] RI = 2 i1 = 0.0.0, i2 = 1, SINR = 41 dB, CQI = 15
[0m[NR_PHY] RI = 2 i1 = 0.0.0, i2 = 1, SINR = 41 dB, CQI = 15
[0m[NR_PHY] RI = 2 i1 = 0.0.0, i2 = 1, SINR = 41 dB, CQI = 15
[0m[NR_PHY] RI = 2 i1 = 0.0.0, i2 = 1, SINR = 41 dB, CQI = 15
[0m[NR_PHY] RI = 2 i1 = 0.0.0, i2 = 1, SINR = 41 dB, CQI = 15
[0m[NR_PHY] RI = 2 i1 = 0.0.0, i2 = 1, SINR = 41 dB, CQI = 15
[0m[NR_PHY] RI = 2 i1 = 0.0.0, i2 = 1, SINR = 41 dB, CQI = 15
[0m[NR_PHY] RI = 2 i1 = 0.0.0, i2 = 1, SINR = 41 dB, CQI = 15
[0m[NR_PHY] RI = 2 i1 = 0.0.0, i2 = 1, SINR = 41 dB, CQI = 15
[0m[NR_PHY] RI = 2 i1 = 0.0.0, i2 = 1, SINR = 41 dB, CQI = 15
[0m[NR_PHY] RI = 2 i1 = 0.0.0, i2 = 1, SINR = 41 dB, CQI = 15
[0m[NR_PHY] RI = 2 i1 = 0.0.0, i2 = 1, SINR = 41 dB, CQI = 15
[0m[NR_PHY] RI = 2 i1 = 0.0.0, i2 = 1, SINR = 41 dB, CQI = 15
[0m[NR_PHY] RI = 2 i1 = 0.0.0, i2 = 1, SINR = 41 dB, CQI = 15
[0m[NR_PHY] RI = 2 i1 = 0.0.0, i2 = 1, SINR = 41 dB, CQI = 15
[0m[NR_PHY] RI = 2 i1 = 0.0.0, i2 = 1, SINR = 41 dB, CQI = 15
[0m[NR_PHY] RI = 2 i1 = 0.0.0, i2 = 1, SINR = 41 dB, CQI = 15
[0m[NR_PHY] RI = 2 i1 = 0.0.0, i2 = 1, SINR = 41 dB, CQI = 15
[0m[NR_PHY] RI = 2 i1 = 0.0.0, i2 = 1, SINR = 41 dB, CQI = 15
[0m[NR_PHY] RI = 2 i1 = 0.0.0, i2 = 1, SINR = 41 dB, CQI = 15
[0m[NR_PHY] RI = 2 i1 = 0.0.0, i2 = 1, SINR = 41 dB, CQI = 15
[0m[NR_PHY] RI = 2 i1 = 0.0.0, i2 = 1, SINR = 41 dB, CQI = 15
[0m[NR_PHY] RI = 2 i1 = 0.0.0, i2 = 1, SINR = 41 dB, CQI = 15
[0m[NR_PHY] RI = 2 i1 = 0.0.0, i2 = 1, SINR = 41 dB, CQI = 15
[0m[NR_PHY] RI = 2 i1 = 0.0.0, i2 = 1, SINR = 41 dB, CQI = 15
[0m[NR_PHY] RI = 2 i1 = 0.0.0, i2 = 1, SINR = 41 dB, CQI = 15
[0m[NR_PHY] RI = 2 i1 = 0.0.0, i2 = 1, SINR = 41 dB, CQI = 15
[0m[NR_PHY] RI = 2 i1 = 0.0.0, i2 = 1, SINR = 41 dB, CQI = 15
[0m[NR_PHY] RI = 2 i1 = 0.0.0, i2 = 1, SINR = 41 dB, CQI = 15
[0m[NR_PHY] RI = 2 i1 = 0.0.0, i2 = 1, SINR = 41 dB, CQI = 15
[0m[NR_PHY] RI = 2 i1 = 0.0.0, i2 = 1, SINR = 41 dB, CQI = 15
[0m[NR_PHY] RI = 2 i1 = 0.0.0, i2 = 1, SINR = 41 dB, CQI = 15
[0m[NR_PHY] RI = 2 i1 = 0.0.0, i2 = 1, SINR = 41 dB, CQI = 15
[0m[NR_PHY] RI = 2 i1 = 0.0.0, i2 = 1, SINR = 41 dB, CQI = 15
[0m[NR_PHY] RI = 2 i1 = 0.0.0, i2 = 1, SINR = 41 dB, CQI = 15
[0m[NR_PHY] RI = 2 i1 = 0.0.0, i2 = 1, SINR = 41 dB, CQI = 15
[0m[NR_PHY] RI = 2 i1 = 0.0.0, i2 = 1, SINR = 41 dB, CQI = 15
[0m[NR_PHY] RI = 2 i1 = 0.0.0, i2 = 1, SINR = 41 dB, CQI = 15
[0m[NR_PHY] RI = 2 i1 = 0.0.0, i2 = 1, SINR = 41 dB, CQI = 15
[0m[NR_PHY] RI = 2 i1 = 0.0.0, i2 = 1, SINR = 41 dB, CQI = 15
[0m[NR_PHY] RI = 2 i1 = 0.0.0, i2 = 1, SINR = 41 dB, CQI = 15
[0m[NR_PHY] RI = 2 i1 = 0.0.0, i2 = 1, SINR = 41 dB, CQI = 15
[0m[NR_PHY] RI = 2 i1 = 0.0.0, i2 = 1, SINR = 41 dB, CQI = 15
[0m[NR_PHY] RI = 2 i1 = 0.0.0, i2 = 1, SINR = 41 dB, CQI = 15
[0m[NR_PHY] RI = 2 i1 = 0.0.0, i2 = 1, SINR = 41 dB, CQI = 15
[0m[NR_PHY] RI = 2 i1 = 0.0.0, i2 = 1, SINR = 41 dB, CQI = 15
[0m[NR_PHY] RI = 2 i1 = 0.0.0, i2 = 1, SINR = 41 dB, CQI = 15
[0m[NR_PHY] RI = 2 i1 = 0.0.0, i2 = 1, SINR = 41 dB, CQI = 15
[0m[NR_PHY] RI = 2 i1 = 0.0.0, i2 = 1, SINR = 41 dB, CQI = 15
[0m[NR_PHY] RI = 2 i1 = 0.0.0, i2 = 1, SINR = 41 dB, CQI = 15
[0m[NR_PHY] RI = 2 i1 = 0.0.0, i2 = 1, SINR = 41 dB, CQI = 15
[0m[NR_PHY] RI = 2 i1 = 0.0.0, i2 = 1, SINR = 41 dB, CQI = 15
[0m[NR_PHY] RI = 2 i1 = 0.0.0, i2 = 1, SINR = 41 dB, CQI = 15
[0m[NR_PHY] RI = 2 i1 = 0.0.0, i2 = 1, SINR = 41 dB, CQI = 15
[0m[NR_PHY] RI = 2 i1 = 0.0.0, i2 = 1, SINR = 41 dB, CQI = 15
[0m[NR_PHY] RI = 2 i1 = 0.0.0, i2 = 1, SINR = 41 dB, CQI = 15
[0m[NR_PHY] RI = 2 i1 = 0.0.0, i2 = 1, SINR = 41 dB, CQI = 15
[0m[NR_PHY] RI = 2 i1 = 0.0.0, i2 = 1, SINR = 41 dB, CQI = 15
[0m[NR_PHY] RI = 2 i1 = 0.0.0, i2 = 1, SINR = 41 dB, CQI = 15
[0m[NR_MAC] UE 0 RNTI 77c8 stats sfn: 640.2, cumulated bad DCI 0
    DL harq: 1168/1/0
    UL harq: 27203/257/2 avg code rate 0.9, avg bit/symbol 6.0, avg per TB: (nb RBs 17.0, nb symbols 13.0)
[0m[NR_PHY] RI = 2 i1 = 0.0.0, i2 = 1, SINR = 41 dB, CQI = 15
[0m[NR_PHY] RI = 2 i1 = 0.0.0, i2 = 1, SINR = 41 dB, CQI = 15
[0m[NR_PHY] RI = 2 i1 = 0.0.0, i2 = 1, SINR = 41 dB, CQI = 15
[0m[NR_PHY] RI = 2 i1 = 0.0.0, i2 = 1, SINR = 41 dB, CQI = 15
[0m[NR_PHY] RI = 2 i1 = 0.0.0, i2 = 1, SINR = 41 dB, CQI = 15
[0m[NR_PHY] RI = 2 i1 = 0.0.0, i2 = 1, SINR = 41 dB, CQI = 15
[0m[NR_PHY] RI = 2 i1 = 0.0.0, i2 = 1, SINR = 41 dB, CQI = 15
[0m[NR_PHY] RI = 2 i1 = 0.0.0, i2 = 1, SINR = 41 dB, CQI = 15
[0m[NR_PHY] RI = 2 i1 = 0.0.0, i2 = 1, SINR = 41 dB, CQI = 15
[0m[NR_PHY] RI = 2 i1 = 0.0.0, i2 = 1, SINR = 41 dB, CQI = 15
[0m[NR_PHY] RI = 2 i1 = 0.0.0, i2 = 1, SINR = 41 dB, CQI = 15
[0m[NR_PHY] RI = 2 i1 = 0.0.0, i2 = 1, SINR = 41 dB, CQI = 15
[0m[NR_PHY] RI = 2 i1 = 0.0.0, i2 = 1, SINR = 41 dB, CQI = 15
[0m[NR_PHY] RI = 2 i1 = 0.0.0, i2 = 1, SINR = 41 dB, CQI = 15
[0m[NR_PHY] RI = 2 i1 = 0.0.0, i2 = 1, SINR = 41 dB, CQI = 15
[0m[NR_PHY] RI = 2 i1 = 0.0.0, i2 = 1, SINR = 41 dB, CQI = 15
[0m[NR_PHY] RI = 2 i1 = 0.0.0, i2 = 1, SINR = 41 dB, CQI = 15
[0m[NR_PHY] RI = 2 i1 = 0.0.0, i2 = 1, SINR = 41 dB, CQI = 15
[0m[NR_PHY] RI = 2 i1 = 0.0.0, i2 = 1, SINR = 41 dB, CQI = 15
[0m[NR_PHY] RI = 2 i1 = 0.0.0, i2 = 1, SINR = 41 dB, CQI = 15
[0m[NR_PHY] RI = 2 i1 = 0.0.0, i2 = 1, SINR = 41 dB, CQI = 15
[0m[NR_PHY] RI = 2 i1 = 0.0.0, i2 = 1, SINR = 41 dB, CQI = 15
[0m[NR_PHY] RI = 2 i1 = 0.0.0, i2 = 1, SINR = 41 dB, CQI = 15
[0m[NR_PHY] RI = 2 i1 = 0.0.0, i2 = 1, SINR = 41 dB, CQI = 15
[0m[NR_PHY] RI = 2 i1 = 0.0.0, i2 = 1, SINR = 41 dB, CQI = 15
[0m[NR_PHY] RI = 2 i1 = 0.0.0, i2 = 1, SINR = 41 dB, CQI = 15
[0m[NR_PHY] RI = 2 i1 = 0.0.0, i2 = 1, SINR = 41 dB, CQI = 15
[0m[NR_PHY] RI = 2 i1 = 0.0.0, i2 = 1, SINR = 41 dB, CQI = 15
[0m[NR_PHY] RI = 2 i1 = 0.0.0, i2 = 1, SINR = 41 dB, CQI = 15
[0m[NR_PHY] RI = 2 i1 = 0.0.0, i2 = 1, SINR = 41 dB, CQI = 15
[0m[NR_PHY] RI = 2 i1 = 0.0.0, i2 = 1, SINR = 41 dB, CQI = 15
[0m[NR_PHY] RI = 2 i1 = 0.0.0, i2 = 1, SINR = 41 dB, CQI = 15
[0m[NR_PHY] RI = 2 i1 = 0.0.0, i2 = 1, SINR = 41 dB, CQI = 15
[0m[NR_PHY] RI = 2 i1 = 0.0.0, i2 = 1, SINR = 41 dB, CQI = 15
[0m[NR_PHY] RI = 2 i1 = 0.0.0, i2 = 1, SINR = 41 dB, CQI = 15
[0m[NR_PHY] RI = 2 i1 = 0.0.0, i2 = 1, SINR = 41 dB, CQI = 15
[0m[NR_PHY] RI = 2 i1 = 0.0.0, i2 = 1, SINR = 41 dB, CQI = 15
[0m[NR_PHY] RI = 2 i1 = 0.0.0, i2 = 1, SINR = 41 dB, CQI = 15
[0m[NR_PHY] RI = 2 i1 = 0.0.0, i2 = 1, SINR = 41 dB, CQI = 15
[0m[NR_PHY] RI = 2 i1 = 0.0.0, i2 = 1, SINR = 41 dB, CQI = 15
[0m[NR_PHY] RI = 2 i1 = 0.0.0, i2 = 1, SINR = 41 dB, CQI = 15
[0m[NR_PHY] RI = 2 i1 = 0.0.0, i2 = 1, SINR = 41 dB, CQI = 15
[0m[NR_PHY] RI = 2 i1 = 0.0.0, i2 = 1, SINR = 41 dB, CQI = 15
[0m[NR_PHY] RI = 2 i1 = 0.0.0, i2 = 1, SINR = 41 dB, CQI = 15
[0m[NR_PHY] RI = 2 i1 = 0.0.0, i2 = 1, SINR = 41 dB, CQI = 15
[0m[NR_PHY] RI = 2 i1 = 0.0.0, i2 = 1, SINR = 41 dB, CQI = 15
[0m[NR_PHY] RI = 2 i1 = 0.0.0, i2 = 1, SINR = 41 dB, CQI = 15
[0m[NR_PHY] RI = 2 i1 = 0.0.0, i2 = 1, SINR = 41 dB, CQI = 15
[0m[NR_PHY] RI = 2 i1 = 0.0.0, i2 = 1, SINR = 41 dB, CQI = 15
[0m[NR_PHY] RI = 2 i1 = 0.0.0, i2 = 1, SINR = 41 dB, CQI = 15
[0m[NR_PHY] RI = 2 i1 = 0.0.0, i2 = 1, SINR = 41 dB, CQI = 15
[0m[NR_PHY] RI = 2 i1 = 0.0.0, i2 = 1, SINR = 41 dB, CQI = 15
[0m[NR_PHY] RI = 2 i1 = 0.0.0, i2 = 1, SINR = 41 dB, CQI = 15
[0m[NR_PHY] RI = 2 i1 = 0.0.0, i2 = 1, SINR = 41 dB, CQI = 15
[0m[NR_PHY] RI = 2 i1 = 0.0.0, i2 = 1, SINR = 41 dB, CQI = 15
[0m[NR_PHY] RI = 2 i1 = 0.0.0, i2 = 1, SINR = 41 dB, CQI = 15
[0m[NR_PHY] RI = 2 i1 = 0.0.0, i2 = 1, SINR = 41 dB, CQI = 15
[0m[NR_PHY] RI = 2 i1 = 0.0.0, i2 = 1, SINR = 41 dB, CQI = 15
[0m[NR_PHY] RI = 2 i1 = 0.0.0, i2 = 1, SINR = 41 dB, CQI = 15
[0m[NR_PHY] RI = 2 i1 = 0.0.0, i2 = 1, SINR = 41 dB, CQI = 15
[0m[NR_PHY] RI = 2 i1 = 0.0.0, i2 = 1, SINR = 41 dB, CQI = 15
[0m[NR_PHY] RI = 2 i1 = 0.0.0, i2 = 1, SINR = 41 dB, CQI = 15
[0m[NR_PHY] RI = 2 i1 = 0.0.0, i2 = 1, SINR = 41 dB, CQI = 15
[0m[NR_PHY] RI = 2 i1 = 0.0.0, i2 = 1, SINR = 41 dB, CQI = 15
[0m[NR_MAC] UE 0 RNTI 77c8 stats sfn: 768.2, cumulated bad DCI 0
    DL harq: 1225/2/0
    UL harq: 27713/258/2 avg code rate 0.9, avg bit/symbol 6.0, avg per TB: (nb RBs 17.0, nb symbols 13.0)
[0m[NR_PHY] RI = 2 i1 = 0.0.0, i2 = 1, SINR = 41 dB, CQI = 15
[0m[NR_PHY] RI = 2 i1 = 0.0.0, i2 = 1, SINR = 41 dB, CQI = 15
[0m[NR_PHY] RI = 2 i1 = 0.0.0, i2 = 1, SINR = 41 dB, CQI = 15
[0m[NR_PHY] RI = 2 i1 = 0.0.0, i2 = 1, SINR = 41 dB, CQI = 15
[0m[NR_PHY] RI = 2 i1 = 0.0.0, i2 = 1, SINR = 41 dB, CQI = 15
[0m[NR_PHY] RI = 2 i1 = 0.0.0, i2 = 1, SINR = 41 dB, CQI = 15
[0m[NR_PHY] RI = 2 i1 = 0.0.0, i2 = 1, SINR = 41 dB, CQI = 15
[0m[NR_PHY] RI = 2 i1 = 0.0.0, i2 = 1, SINR = 41 dB, CQI = 15
[0m[NR_PHY] RI = 2 i1 = 0.0.0, i2 = 1, SINR = 41 dB, CQI = 15
[0m[NR_PHY] RI = 2 i1 = 0.0.0, i2 = 1, SINR = 41 dB, CQI = 15
[0m[NR_PHY] RI = 2 i1 = 0.0.0, i2 = 1, SINR = 41 dB, CQI = 15
[0m[NR_PHY] RI = 2 i1 = 0.0.0, i2 = 1, SINR = 41 dB, CQI = 15
[0m[NR_PHY] RI = 2 i1 = 0.0.0, i2 = 1, SINR = 41 dB, CQI = 15
[0m[NR_PHY] RI = 2 i1 = 0.0.0, i2 = 1, SINR = 41 dB, CQI = 15
[0m[NR_PHY] RI = 2 i1 = 0.0.0, i2 = 1, SINR = 41 dB, CQI = 15
[0m[NR_PHY] RI = 2 i1 = 0.0.0, i2 = 1, SINR = 41 dB, CQI = 15
[0m[NR_PHY] RI = 2 i1 = 0.0.0, i2 = 1, SINR = 41 dB, CQI = 15
[0m[NR_PHY] RI = 2 i1 = 0.0.0, i2 = 1, SINR = 41 dB, CQI = 15
[0m[NR_PHY] RI = 2 i1 = 0.0.0, i2 = 1, SINR = 41 dB, CQI = 15
[0m[NR_PHY] RI = 2 i1 = 0.0.0, i2 = 1, SINR = 41 dB, CQI = 15
[0m[NR_PHY] RI = 2 i1 = 0.0.0, i2 = 1, SINR = 41 dB, CQI = 15
[0m[NR_PHY] RI = 2 i1 = 0.0.0, i2 = 1, SINR = 41 dB, CQI = 15
[0m[NR_PHY] RI = 2 i1 = 0.0.0, i2 = 1, SINR = 41 dB, CQI = 15
[0m[NR_PHY] RI = 2 i1 = 0.0.0, i2 = 1, SINR = 41 dB, CQI = 15
[0m[NR_PHY] RI = 2 i1 = 0.0.0, i2 = 1, SINR = 41 dB, CQI = 15
[0m[NR_PHY] RI = 2 i1 = 0.0.0, i2 = 1, SINR = 41 dB, CQI = 15
[0m[NR_PHY] RI = 2 i1 = 0.0.0, i2 = 1, SINR = 41 dB, CQI = 15
[0m[NR_PHY] RI = 2 i1 = 0.0.0, i2 = 1, SINR = 41 dB, CQI = 15
[0m[NR_PHY] RI = 2 i1 = 0.0.0, i2 = 1, SINR = 41 dB, CQI = 15
[0m[NR_PHY] RI = 2 i1 = 0.0.0, i2 = 1, SINR = 41 dB, CQI = 15
[0m[NR_PHY] RI = 2 i1 = 0.0.0, i2 = 1, SINR = 41 dB, CQI = 15
[0m[NR_PHY] RI = 2 i1 = 0.0.0, i2 = 1, SINR = 41 dB, CQI = 15
[0m[NR_PHY] RI = 2 i1 = 0.0.0, i2 = 1, SINR = 41 dB, CQI = 15
[0m[NR_PHY] RI = 2 i1 = 0.0.0, i2 = 1, SINR = 41 dB, CQI = 15
[0m[NR_PHY] RI = 2 i1 = 0.0.0, i2 = 1, SINR = 41 dB, CQI = 15
[0m[NR_PHY] RI = 2 i1 = 0.0.0, i2 = 1, SINR = 41 dB, CQI = 15
[0m[NR_PHY] RI = 2 i1 = 0.0.0, i2 = 1, SINR = 41 dB, CQI = 15
[0m[NR_PHY] RI = 2 i1 = 0.0.0, i2 = 1, SINR = 41 dB, CQI = 15
[0m[NR_PHY] RI = 2 i1 = 0.0.0, i2 = 1, SINR = 41 dB, CQI = 15
[0m[NR_PHY] RI = 2 i1 = 0.0.0, i2 = 1, SINR = 41 dB, CQI = 15
[0m[NR_PHY] RI = 2 i1 = 0.0.0, i2 = 1, SINR = 41 dB, CQI = 15
[0m[NR_PHY] RI = 2 i1 = 0.0.0, i2 = 1, SINR = 41 dB, CQI = 15
[0m[NR_PHY] RI = 2 i1 = 0.0.0, i2 = 1, SINR = 41 dB, CQI = 15
[0m[NR_PHY] RI = 2 i1 = 0.0.0, i2 = 1, SINR = 41 dB, CQI = 15
[0m[NR_PHY] RI = 2 i1 = 0.0.0, i2 = 1, SINR = 41 dB, CQI = 15
[0m[NR_PHY] RI = 2 i1 = 0.0.0, i2 = 1, SINR = 41 dB, CQI = 15
[0m[NR_PHY] RI = 2 i1 = 0.0.0, i2 = 1, SINR = 41 dB, CQI = 15
[0m[NR_PHY] RI = 2 i1 = 0.0.0, i2 = 1, SINR = 41 dB, CQI = 15
[0m[NR_PHY] RI = 2 i1 = 0.0.0, i2 = 1, SINR = 41 dB, CQI = 15
[0m[NR_PHY] RI = 2 i1 = 0.0.0, i2 = 1, SINR = 41 dB, CQI = 15
[0m[NR_PHY] RI = 2 i1 = 0.0.0, i2 = 1, SINR = 41 dB, CQI = 15
[0m[NR_PHY] RI = 2 i1 = 0.0.0, i2 = 1, SINR = 41 dB, CQI = 15
[0m[NR_PHY] RI = 2 i1 = 0.0.0, i2 = 1, SINR = 41 dB, CQI = 15
[0m[NR_PHY] RI = 2 i1 = 0.0.0, i2 = 1, SINR = 41 dB, CQI = 15
[0m[NR_PHY] RI = 2 i1 = 0.0.0, i2 = 1, SINR = 41 dB, CQI = 15
[0m[NR_PHY] RI = 2 i1 = 0.0.0, i2 = 1, SINR = 41 dB, CQI = 15
[0m[NR_PHY] RI = 2 i1 = 0.0.0, i2 = 1, SINR = 41 dB, CQI = 15
[0m[NR_PHY] RI = 2 i1 = 0.0.0, i2 = 1, SINR = 41 dB, CQI = 15
[0m[NR_PHY] RI = 2 i1 = 0.0.0, i2 = 1, SINR = 41 dB, CQI = 15
[0m[NR_PHY] RI = 2 i1 = 0.0.0, i2 = 1, SINR = 41 dB, CQI = 15
[0m[NR_PHY] RI = 2 i1 = 0.0.0, i2 = 1, SINR = 41 dB, CQI = 15
[0m[NR_PHY] RI = 2 i1 = 0.0.0, i2 = 1, SINR = 41 dB, CQI = 15
[0m[NR_PHY] RI = 2 i1 = 0.0.0, i2 = 1, SINR = 41 dB, CQI = 15
[0m[NR_PHY] RI = 2 i1 = 0.0.0, i2 = 1, SINR = 41 dB, CQI = 15
[0m[NR_MAC] UE 0 RNTI 77c8 stats sfn: 896.2, cumulated bad DCI 0
    DL harq: 1253/2/0
    UL harq: 28219/261/2 avg code rate 0.9, avg bit/symbol 6.0, avg per TB: (nb RBs 17.0, nb symbols 13.0)
[0m[NR_PHY] RI = 2 i1 = 0.0.0, i2 = 1, SINR = 41 dB, CQI = 15
[0m[NR_PHY] RI = 2 i1 = 0.0.0, i2 = 1, SINR = 41 dB, CQI = 15
[0m[NR_PHY] RI = 2 i1 = 0.0.0, i2 = 1, SINR = 41 dB, CQI = 15
[0m[NR_PHY] RI = 2 i1 = 0.0.0, i2 = 1, SINR = 41 dB, CQI = 15
[0m[NR_PHY] RI = 2 i1 = 0.0.0, i2 = 1, SINR = 41 dB, CQI = 15
[0m[NR_PHY] RI = 2 i1 = 0.0.0, i2 = 1, SINR = 41 dB, CQI = 15
[0m[NR_PHY] RI = 2 i1 = 0.0.0, i2 = 1, SINR = 41 dB, CQI = 15
[0m[NR_PHY] RI = 2 i1 = 0.0.0, i2 = 1, SINR = 41 dB, CQI = 15
[0m[NR_PHY] RI = 2 i1 = 0.0.0, i2 = 1, SINR = 41 dB, CQI = 15
[0m[NR_PHY] RI = 2 i1 = 0.0.0, i2 = 1, SINR = 41 dB, CQI = 15
[0m[NR_PHY] RI = 2 i1 = 0.0.0, i2 = 1, SINR = 41 dB, CQI = 15
[0m[NR_PHY] RI = 2 i1 = 0.0.0, i2 = 1, SINR = 41 dB, CQI = 15
[0m[NR_PHY] RI = 2 i1 = 0.0.0, i2 = 1, SINR = 41 dB, CQI = 15
[0m[NR_PHY] RI = 2 i1 = 0.0.0, i2 = 1, SINR = 41 dB, CQI = 15
[0m[NR_PHY] RI = 2 i1 = 0.0.0, i2 = 1, SINR = 41 dB, CQI = 15
[0m[NR_PHY] RI = 2 i1 = 0.0.0, i2 = 1, SINR = 41 dB, CQI = 15
[0m[NR_PHY] RI = 2 i1 = 0.0.0, i2 = 1, SINR = 41 dB, CQI = 15
[0m[NR_PHY] RI = 2 i1 = 0.0.0, i2 = 1, SINR = 41 dB, CQI = 15
[0m[NR_PHY] RI = 2 i1 = 0.0.0, i2 = 1, SINR = 41 dB, CQI = 15
[0m[NR_PHY] RI = 2 i1 = 0.0.0, i2 = 1, SINR = 41 dB, CQI = 15
[0m[NR_PHY] RI = 2 i1 = 0.0.0, i2 = 1, SINR = 41 dB, CQI = 15
[0m[NR_PHY] RI = 2 i1 = 0.0.0, i2 = 1, SINR = 41 dB, CQI = 15
[0m[NR_PHY] RI = 2 i1 = 0.0.0, i2 = 1, SINR = 41 dB, CQI = 15
[0m[NR_PHY] RI = 2 i1 = 0.0.0, i2 = 1, SINR = 41 dB, CQI = 15
[0m[NR_PHY] RI = 2 i1 = 0.0.0, i2 = 1, SINR = 41 dB, CQI = 15
[0m[NR_PHY] RI = 2 i1 = 0.0.0, i2 = 1, SINR = 41 dB, CQI = 15
[0m[NR_PHY] RI = 2 i1 = 0.0.0, i2 = 1, SINR = 41 dB, CQI = 15
[0m[NR_PHY] RI = 2 i1 = 0.0.0, i2 = 1, SINR = 41 dB, CQI = 15
[0m[NR_PHY] RI = 2 i1 = 0.0.0, i2 = 1, SINR = 41 dB, CQI = 15
[0m[NR_PHY] RI = 2 i1 = 0.0.0, i2 = 1, SINR = 41 dB, CQI = 15
[0m[NR_PHY] RI = 2 i1 = 0.0.0, i2 = 1, SINR = 41 dB, CQI = 15
[0m[NR_PHY] RI = 2 i1 = 0.0.0, i2 = 1, SINR = 41 dB, CQI = 15
[0m[NR_PHY] RI = 2 i1 = 0.0.0, i2 = 1, SINR = 41 dB, CQI = 15
[0m[NR_PHY] RI = 2 i1 = 0.0.0, i2 = 1, SINR = 41 dB, CQI = 15
[0m[NR_PHY] RI = 2 i1 = 0.0.0, i2 = 1, SINR = 41 dB, CQI = 15
[0m[NR_PHY] RI = 2 i1 = 0.0.0, i2 = 1, SINR = 41 dB, CQI = 15
[0m[NR_PHY] RI = 2 i1 = 0.0.0, i2 = 1, SINR = 41 dB, CQI = 15
[0m[NR_PHY] RI = 2 i1 = 0.0.0, i2 = 1, SINR = 41 dB, CQI = 15
[0m[NR_PHY] RI = 2 i1 = 0.0.0, i2 = 1, SINR = 41 dB, CQI = 15
[0m[NR_PHY] RI = 2 i1 = 0.0.0, i2 = 1, SINR = 41 dB, CQI = 15
[0m[NR_PHY] RI = 2 i1 = 0.0.0, i2 = 1, SINR = 41 dB, CQI = 15
[0m[NR_PHY] RI = 2 i1 = 0.0.0, i2 = 1, SINR = 41 dB, CQI = 15
[0m[NR_PHY] RI = 2 i1 = 0.0.0, i2 = 1, SINR = 41 dB, CQI = 15
[0m[NR_PHY] RI = 2 i1 = 0.0.0, i2 = 1, SINR = 41 dB, CQI = 15
[0m[NR_PHY] RI = 2 i1 = 0.0.0, i2 = 1, SINR = 41 dB, CQI = 15
[0m[NR_PHY] RI = 2 i1 = 0.0.0, i2 = 1, SINR = 41 dB, CQI = 15
[0m[NR_PHY] RI = 2 i1 = 0.0.0, i2 = 1, SINR = 41 dB, CQI = 15
[0m[NR_PHY] RI = 2 i1 = 0.0.0, i2 = 1, SINR = 41 dB, CQI = 15
[0m[NR_PHY] RI = 2 i1 = 0.0.0, i2 = 1, SINR = 41 dB, CQI = 15
[0m[NR_PHY] RI = 2 i1 = 0.0.0, i2 = 1, SINR = 41 dB, CQI = 15
[0m[NR_PHY] RI = 2 i1 = 0.0.0, i2 = 1, SINR = 41 dB, CQI = 15
[0m[NR_PHY] RI = 2 i1 = 0.0.0, i2 = 1, SINR = 41 dB, CQI = 15
[0m[NR_PHY] RI = 2 i1 = 0.0.0, i2 = 1, SINR = 41 dB, CQI = 15
[0m[NR_PHY] RI = 2 i1 = 0.0.0, i2 = 1, SINR = 41 dB, CQI = 15
[0m[NR_PHY] RI = 2 i1 = 0.0.0, i2 = 1, SINR = 41 dB, CQI = 15
[0m[NR_PHY] RI = 2 i1 = 0.0.0, i2 = 1, SINR = 41 dB, CQI = 15
[0m[NR_PHY] RI = 2 i1 = 0.0.0, i2 = 1, SINR = 41 dB, CQI = 15
[0m[NR_PHY] RI = 2 i1 = 0.0.0, i2 = 1, SINR = 41 dB, CQI = 15
[0m[NR_PHY] RI = 2 i1 = 0.0.0, i2 = 1, SINR = 41 dB, CQI = 15
[0m[NR_PHY] RI = 2 i1 = 0.0.0, i2 = 1, SINR = 41 dB, CQI = 15
[0m[NR_PHY] RI = 2 i1 = 0.0.0, i2 = 1, SINR = 41 dB, CQI = 15
[0m[NR_PHY] RI = 2 i1 = 0.0.0, i2 = 1, SINR = 41 dB, CQI = 15
[0m[NR_PHY] RI = 2 i1 = 0.0.0, i2 = 1, SINR = 41 dB, CQI = 15
[0m[NR_PHY] RI = 2 i1 = 0.0.0, i2 = 1, SINR = 41 dB, CQI = 15
[0m[NR_MAC] UE 0 RNTI 77c8 stats sfn: 0.2, cumulated bad DCI 0
    DL harq: 1282/2/0
    UL harq: 28727/263/2 avg code rate 0.9, avg bit/symbol 6.0, avg per TB: (nb RBs 17.0, nb symbols 13.0)
[0m[NR_PHY] RI = 2 i1 = 0.0.0, i2 = 1, SINR = 41 dB, CQI = 15
[0m[NR_PHY] RI = 2 i1 = 0.0.0, i2 = 1, SINR = 41 dB, CQI = 15
[0m[NR_PHY] RI = 2 i1 = 0.0.0, i2 = 1, SINR = 41 dB, CQI = 15
[0m[NR_PHY] RI = 2 i1 = 0.0.0, i2 = 1, SINR = 41 dB, CQI = 15
[0m[NR_PHY] RI = 2 i1 = 0.0.0, i2 = 1, SINR = 41 dB, CQI = 15
[0m[NR_PHY] RI = 2 i1 = 0.0.0, i2 = 1, SINR = 41 dB, CQI = 15
[0m[NR_PHY] RI = 2 i1 = 0.0.0, i2 = 1, SINR = 41 dB, CQI = 15
[0m[NR_PHY] RI = 2 i1 = 0.0.0, i2 = 1, SINR = 41 dB, CQI = 15
[0m[NR_PHY] RI = 2 i1 = 0.0.0, i2 = 1, SINR = 41 dB, CQI = 15
[0m[NR_PHY] RI = 2 i1 = 0.0.0, i2 = 1, SINR = 41 dB, CQI = 15
[0m[NR_PHY] RI = 2 i1 = 0.0.0, i2 = 1, SINR = 41 dB, CQI = 15
[0m[NR_PHY] RI = 2 i1 = 0.0.0, i2 = 1, SINR = 41 dB, CQI = 15
[0m[NR_PHY] RI = 2 i1 = 0.0.0, i2 = 1, SINR = 41 dB, CQI = 15
[0m[NR_PHY] RI = 2 i1 = 0.0.0, i2 = 1, SINR = 41 dB, CQI = 15
[0m[NR_PHY] RI = 2 i1 = 0.0.0, i2 = 1, SINR = 41 dB, CQI = 15
[0m[NR_PHY] RI = 2 i1 = 0.0.0, i2 = 1, SINR = 41 dB, CQI = 15
[0m[NR_PHY] RI = 2 i1 = 0.0.0, i2 = 1, SINR = 41 dB, CQI = 15
[0m[NR_PHY] RI = 2 i1 = 0.0.0, i2 = 1, SINR = 41 dB, CQI = 15
[0m[NR_PHY] RI = 2 i1 = 0.0.0, i2 = 1, SINR = 41 dB, CQI = 15
[0m[NR_PHY] RI = 2 i1 = 0.0.0, i2 = 1, SINR = 41 dB, CQI = 15
[0m[NR_PHY] RI = 2 i1 = 0.0.0, i2 = 1, SINR = 41 dB, CQI = 15
[0m[NR_PHY] RI = 2 i1 = 0.0.0, i2 = 1, SINR = 41 dB, CQI = 15
[0m[NR_PHY] RI = 2 i1 = 0.0.0, i2 = 0, SINR = 0 dB, CQI = 0
[0m[NR_PHY] RI = 2 i1 = 0.0.0, i2 = 1, SINR = 41 dB, CQI = 15
[0m[NR_PHY] RI = 2 i1 = 0.0.0, i2 = 1, SINR = 41 dB, CQI = 15
[0m[NR_PHY] RI = 2 i1 = 0.0.0, i2 = 1, SINR = 41 dB, CQI = 15
[0m[NR_PHY] RI = 2 i1 = 0.0.0, i2 = 1, SINR = 41 dB, CQI = 15
[0m[NR_PHY] RI = 2 i1 = 0.0.0, i2 = 1, SINR = 41 dB, CQI = 15
[0m[NR_PHY] RI = 2 i1 = 0.0.0, i2 = 1, SINR = 41 dB, CQI = 15
[0m[NR_PHY] RI = 2 i1 = 0.0.0, i2 = 0, SINR = 0 dB, CQI = 0
[0m[NR_PHY] RI = 2 i1 = 0.0.0, i2 = 1, SINR = 41 dB, CQI = 15
[0m[NR_PHY] RI = 2 i1 = 0.0.0, i2 = 1, SINR = 41 dB, CQI = 15
[0m[NR_PHY] RI = 2 i1 = 0.0.0, i2 = 1, SINR = 41 dB, CQI = 15
[0m[NR_PHY] RI = 2 i1 = 0.0.0, i2 = 1, SINR = 41 dB, CQI = 15
[0m[NR_PHY] RI = 2 i1 = 0.0.0, i2 = 1, SINR = 41 dB, CQI = 15
[0m[NR_PHY] RI = 2 i1 = 0.0.0, i2 = 1, SINR = 41 dB, CQI = 15
[0m[NR_PHY] RI = 2 i1 = 0.0.0, i2 = 1, SINR = 41 dB, CQI = 15
[0m[NR_PHY] RI = 2 i1 = 0.0.0, i2 = 1, SINR = 41 dB, CQI = 15
[0m[NR_PHY] RI = 2 i1 = 0.0.0, i2 = 1, SINR = 41 dB, CQI = 15
[0m[NR_PHY] RI = 2 i1 = 0.0.0, i2 = 1, SINR = 41 dB, CQI = 15
[0m[NR_PHY] RI = 2 i1 = 0.0.0, i2 = 1, SINR = 41 dB, CQI = 15
[0m[NR_PHY] RI = 2 i1 = 0.0.0, i2 = 1, SINR = 41 dB, CQI = 15
[0m[NR_PHY] RI = 2 i1 = 0.0.0, i2 = 1, SINR = 41 dB, CQI = 15
[0m[NR_PHY] RI = 2 i1 = 0.0.0, i2 = 1, SINR = 41 dB, CQI = 15
[0m[NR_PHY] RI = 2 i1 = 0.0.0, i2 = 1, SINR = 41 dB, CQI = 15
[0m[NR_PHY] RI = 2 i1 = 0.0.0, i2 = 1, SINR = 41 dB, CQI = 15
[0m[NR_PHY] RI = 2 i1 = 0.0.0, i2 = 1, SINR = 41 dB, CQI = 15
[0m[NR_PHY] RI = 2 i1 = 0.0.0, i2 = 1, SINR = 41 dB, CQI = 15
[0m[NR_PHY] RI = 2 i1 = 0.0.0, i2 = 1, SINR = 41 dB, CQI = 15
[0m[NR_PHY] RI = 2 i1 = 0.0.0, i2 = 1, SINR = 41 dB, CQI = 15
[0m[NR_PHY] RI = 2 i1 = 0.0.0, i2 = 1, SINR = 41 dB, CQI = 15
[0m[NR_PHY] RI = 2 i1 = 0.0.0, i2 = 1, SINR = 41 dB, CQI = 15
[0m[NR_PHY] RI = 2 i1 = 0.0.0, i2 = 1, SINR = 41 dB, CQI = 15
[0m[NR_PHY] RI = 2 i1 = 0.0.0, i2 = 1, SINR = 41 dB, CQI = 15
[0m[NR_PHY] RI = 2 i1 = 0.0.0, i2 = 1, SINR = 41 dB, CQI = 15
[0m[NR_PHY] RI = 2 i1 = 0.0.0, i2 = 1, SINR = 41 dB, CQI = 15
[0m[NR_PHY] RI = 2 i1 = 0.0.0, i2 = 1, SINR = 41 dB, CQI = 15
[0m[NR_PHY] RI = 2 i1 = 0.0.0, i2 = 1, SINR = 41 dB, CQI = 15
[0m[NR_PHY] RI = 2 i1 = 0.0.0, i2 = 1, SINR = 41 dB, CQI = 15
[0m[NR_PHY] RI = 2 i1 = 0.0.0, i2 = 1, SINR = 41 dB, CQI = 15
[0m[NR_PHY] RI = 2 i1 = 0.0.0, i2 = 1, SINR = 41 dB, CQI = 15
[0m[NR_PHY] RI = 2 i1 = 0.0.0, i2 = 1, SINR = 41 dB, CQI = 15
[0m[NR_PHY] RI = 2 i1 = 0.0.0, i2 = 1, SINR = 41 dB, CQI = 15
[0m[NR_PHY] RI = 2 i1 = 0.0.0, i2 = 1, SINR = 41 dB, CQI = 15
[0m[NR_MAC] UE 0 RNTI 77c8 stats sfn: 128.2, cumulated bad DCI 0
    DL harq: 1315/2/0
    UL harq: 29225/269/3 avg code rate 0.9, avg bit/symbol 6.0, avg per TB: (nb RBs 17.0, nb symbols 13.0)
[0m[NR_PHY] RI = 2 i1 = 0.0.0, i2 = 1, SINR = 41 dB, CQI = 15
[0m[NR_PHY] RI = 2 i1 = 0.0.0, i2 = 1, SINR = 41 dB, CQI = 15
[0m[NR_PHY] RI = 2 i1 = 0.0.0, i2 = 1, SINR = 41 dB, CQI = 15
[0m[NR_PHY] RI = 2 i1 = 0.0.0, i2 = 1, SINR = 41 dB, CQI = 15
[0m[NR_PHY] RI = 2 i1 = 0.0.0, i2 = 1, SINR = 41 dB, CQI = 15
[0m[NR_PHY] RI = 2 i1 = 0.0.0, i2 = 1, SINR = 41 dB, CQI = 15
[0m[NR_PHY] RI = 2 i1 = 0.0.0, i2 = 1, SINR = 41 dB, CQI = 15
[0m[NR_PHY] RI = 2 i1 = 0.0.0, i2 = 1, SINR = 41 dB, CQI = 15
[0m[NR_PHY] RI = 2 i1 = 0.0.0, i2 = 1, SINR = 41 dB, CQI = 15
[0m[NR_PHY] RI = 2 i1 = 0.0.0, i2 = 1, SINR = 41 dB, CQI = 15
[0m[NR_PHY] RI = 2 i1 = 0.0.0, i2 = 1, SINR = 41 dB, CQI = 15
[0m[NR_PHY] RI = 2 i1 = 0.0.0, i2 = 1, SINR = 41 dB, CQI = 15
[0m[NR_PHY] RI = 2 i1 = 0.0.0, i2 = 1, SINR = 41 dB, CQI = 15
[0m[NR_PHY] RI = 2 i1 = 0.0.0, i2 = 1, SINR = 41 dB, CQI = 15
[0m[NR_PHY] RI = 2 i1 = 0.0.0, i2 = 1, SINR = 41 dB, CQI = 15
[0m[NR_PHY] RI = 2 i1 = 0.0.0, i2 = 1, SINR = 41 dB, CQI = 15
[0m[NR_PHY] RI = 2 i1 = 0.0.0, i2 = 1, SINR = 41 dB, CQI = 15
[0m[NR_PHY] RI = 2 i1 = 0.0.0, i2 = 1, SINR = 41 dB, CQI = 15
[0m[NR_PHY] RI = 2 i1 = 0.0.0, i2 = 1, SINR = 41 dB, CQI = 15
[0m[NR_PHY] RI = 2 i1 = 0.0.0, i2 = 1, SINR = 41 dB, CQI = 15
[0m[NR_PHY] RI = 2 i1 = 0.0.0, i2 = 1, SINR = 41 dB, CQI = 15
[0m[NR_PHY] RI = 2 i1 = 0.0.0, i2 = 1, SINR = 41 dB, CQI = 15
[0m[NR_PHY] RI = 2 i1 = 0.0.0, i2 = 1, SINR = 41 dB, CQI = 15
[0m[NR_PHY] RI = 2 i1 = 0.0.0, i2 = 1, SINR = 41 dB, CQI = 15
[0m[NR_PHY] RI = 2 i1 = 0.0.0, i2 = 1, SINR = 41 dB, CQI = 15
[0m[NR_PHY] RI = 2 i1 = 0.0.0, i2 = 1, SINR = 41 dB, CQI = 15
[0m[NR_PHY] RI = 2 i1 = 0.0.0, i2 = 1, SINR = 41 dB, CQI = 15
[0m[NR_PHY] RI = 2 i1 = 0.0.0, i2 = 1, SINR = 41 dB, CQI = 15
[0m[NR_PHY] RI = 2 i1 = 0.0.0, i2 = 1, SINR = 41 dB, CQI = 15
[0m[NR_PHY] RI = 2 i1 = 0.0.0, i2 = 1, SINR = 41 dB, CQI = 15
[0m[NR_PHY] RI = 2 i1 = 0.0.0, i2 = 1, SINR = 41 dB, CQI = 15
[0m[NR_PHY] RI = 2 i1 = 0.0.0, i2 = 1, SINR = 41 dB, CQI = 15
[0m[NR_PHY] RI = 2 i1 = 0.0.0, i2 = 1, SINR = 41 dB, CQI = 15
[0m[NR_PHY] RI = 2 i1 = 0.0.0, i2 = 1, SINR = 41 dB, CQI = 15
[0m[NR_PHY] RI = 2 i1 = 0.0.0, i2 = 1, SINR = 41 dB, CQI = 15
[0m[NR_PHY] RI = 2 i1 = 0.0.0, i2 = 1, SINR = 41 dB, CQI = 15
[0m[NR_PHY] RI = 2 i1 = 0.0.0, i2 = 1, SINR = 41 dB, CQI = 15
[0m[NR_PHY] RI = 2 i1 = 0.0.0, i2 = 1, SINR = 41 dB, CQI = 15
[0m[NR_PHY] RI = 2 i1 = 0.0.0, i2 = 1, SINR = 41 dB, CQI = 15
[0m[NR_PHY] RI = 2 i1 = 0.0.0, i2 = 1, SINR = 41 dB, CQI = 15
[0m[NR_PHY] RI = 2 i1 = 0.0.0, i2 = 1, SINR = 41 dB, CQI = 15
[0m[NR_PHY] RI = 2 i1 = 0.0.0, i2 = 1, SINR = 41 dB, CQI = 15
[0m[NR_PHY] RI = 2 i1 = 0.0.0, i2 = 1, SINR = 41 dB, CQI = 15
[0m[NR_PHY] RI = 2 i1 = 0.0.0, i2 = 1, SINR = 41 dB, CQI = 15
[0m[NR_PHY] RI = 2 i1 = 0.0.0, i2 = 1, SINR = 41 dB, CQI = 15
[0m[NR_PHY] RI = 2 i1 = 0.0.0, i2 = 1, SINR = 41 dB, CQI = 15
[0m