Logging terminal output to /home/jesse/oran_lab/logs/run_ue/run_ue_20260525_205109_pid574526.log
UE cores: 20,21,22,23
UE sample advance: 0
VRTSIM shared memory is ready; starting UE without waiting for non-zero DL samples.
CMDLINE: "./nr-uesoftmodem" "-O" "/home/jesse/oran_lab/ue_test.conf" "-C" "4049760000" "-r" "24" "--numerology" "1" "--band" "77" "--ssb" "24" "-A" "0" "--device.name" "vrtsim" "--vrtsim.role" "client" "--ue-nb-ant-tx" "1" "--ue-nb-ant-rx" "1" 
[UTIL]   running in SA mode (no --phy-test, --do-ra, --nsa option present)
[0m[UTIL]   threadCreate() for Tpool0_-1: creating thread with affinity ffffffff, priority 97
[0m[UTIL]   threadCreate() for Tpool1_-1: creating thread with affinity ffffffff, priority 97
[0m[UTIL]   threadCreate() for Tpool2_-1: creating thread with affinity ffffffff, priority 97
[0m[UTIL]   threadCreate() for Tpool3_-1: creating thread with affinity ffffffff, priority 97
[0m[UTIL]   threadCreate() for Tpool4_-1: creating thread with affinity ffffffff, priority 97
[0m[UTIL]   threadCreate() for Tpool5_-1: creating thread with affinity ffffffff, priority 97
[0m[UTIL]   threadCreate() for Tpool6_-1: creating thread with affinity ffffffff, priority 97
[0m[UTIL]   threadCreate() for Tpool7_-1: creating thread with affinity ffffffff, priority 97
[0m[UTIL]   threadCreate() for Tpool8_-1: creating thread with affinity ffffffff, priority 97
[0m[UTIL]   threadCreate() for Tpool9_-1: creating thread with affinity ffffffff, priority 97
[0m[UTIL]   threadCreate() for Tpool10_-1: creating thread with affinity ffffffff, priority 97
[0m[UTIL]   threadCreate() for Tpool11_-1: creating thread with affinity ffffffff, priority 97
[0m[OPT]    OPT disabled
[0m[HW]     Version: Branch: oru-rebase-1-plus-compression Abrev. Hash: dae942c616 Date: Fri May 15 22:54:55 2026 +0000
[0m[NR_RRC] create TASK_RRC_NRUE 
[0m[UTIL]   threadCreate() for TASK_RRC_NRUE: creating thread with affinity ffffffff, priority 50
[0m[UTIL]   threadCreate() for TASK_NAS_NRUE: creating thread with affinity ffffffff, priority 50
[0m[SIM]    UICC simulation: IMSI=2089900007487, IMEISV=6754567890123413, Ki=fec86ba6eb707ed08905757b1bb44b8f, OPc=C42449363BBAD02B66D16BC975D77CC1
[0m[SIM]    overriding potential uicc0.dnn/nssai_sst/nssai_sd from uicc0.pdu_sessions
[0m[SIM]    will request PDU session ID 1, type 1, DNN oai, NSSAI 1.ffffff
[0m[NR_MAC] [UE0] Initializing MAC
[0m[NR_MAC] Initializing dl and ul config_request. num_slots = 20
[0m[RLC]    Activated srb0 for UE 0
[0m[UTIL]   threadCreate() for time source realtime: creating thread with affinity ffffffff, priority 2
[0m[UTIL]   time manager configuration: [time source: reatime] [mode: standalone] [server IP: 127.0.0.1} [server port: 7374] (server IP/port not used)
[0m[PHY]    Set UE nb_rx_antenna 1, nb_tx_antenna 1, threequarter_fs 0, ofdm_offset_divisor 8
[0m[PHY]    SA init parameters. DL freq 4049760000 UL offset 0 SSB numerology 1 N_RB_DL 24
[0m[PHY]    Init: N_RB_DL 24, first_carrier_offset 368, nb_prefix_samples 36,nb_prefix_samples0 44, ofdm_symbol_size 512
[0m[93m[PHY]    samples_per_subframe 15360/per second 15360000, wCP 14336
[0m[PHY]    Set UE_fo_compensation 0, UE_scan_carrier 0, UE_no_timing_correction 0 
, chest-freq 0, chest-time 0
[0m[UTIL]   threadCreate() for SYNC__actor: creating thread with affinity ffffffff, priority 97
[0m[UTIL]   threadCreate() for DL__actor: creating thread with affinity ffffffff, priority 97
[0m[UTIL]   threadCreate() for DL__actor: creating thread with affinity ffffffff, priority 97
[0m[UTIL]   threadCreate() for DL__actor: creating thread with affinity ffffffff, priority 97
[0m[UTIL]   threadCreate() for DL__actor: creating thread with affinity ffffffff, priority 97
[0m[UTIL]   threadCreate() for UL__actor: creating thread with affinity ffffffff, priority 97
[0m[UTIL]   threadCreate() for UL__actor: creating thread with affinity ffffffff, priority 97
[0m[PHY]    Initializing UE vars for gNB TXant 1, UE RXant 1
[0m[PHY]    prs_config configuration NOT found..!! Skipped configuring UE for the PRS reception
[0m[PHY]    HW: Configuring ru_id 0, sample_rate 15360000.000000, tx/rx num_channels 1/1, duplex_mode TDD
[0m[PHY]    HW: Configuring channel 0 (rf_chain 0): setting tx_freq 4049760000 Hz, rx_freq 4049760000 Hz, tune_offset 0
[0m[PHY]    HW: Configuring channel 0 (rf_chain 0): setting tx_gain 0, rx_gain 110
[0m[UTIL]   threadCreate() for ru_start_thread: creating thread with affinity ffffffff, priority 97
[0m[HW]     VRTSIM: TX sample advance 4096 samples
[0m[HW]     Running as client: will connect to a vrtsim server
[0m[HW]     [RAU] has loaded RFSIMULATOR device.
[0m[HW]     VRTSIM: UE 0/1 - 1x1 antennas, UL offset=0, DL offset=0
[0m[HW]     VRTSIM: client RX aligned to frame boundary current_sample=942286099 aligned_sample=942336000 samples_per_frame=153600
[0m[PHY]    Intializing UE Threads for instance 0 ...
[0m[UTIL]   threadCreate() for UEthread_0: creating thread with affinity ffffffff, priority 97
[0m[UTIL]   threadCreate() for L1_UE_stats_0: creating thread with affinity ffffffff, priority 1
[0m[93m[PHY]    SSB position provided
[0m[93m[NR_PHY] Starting sync detection
[0m[PHY]    [UE thread Synch] Running Initial Synch 
[0m[NR_PHY] Starting cell search with center freq: 4049760000, bandwidth: 24. Scanning for 1 number of GSCN.
[0m[NR_PHY] Scanning GSCN: 0, with SSB offset: 24, SSB Freq: 0.000000
[0m[32m[PHY]    Initial sync: pbch decoded sucessfully, ssb index 0
[0m[PHY]    pbch rx ok. rsrp:74 dB/RE, adjust_rxgain:-24 dB
[0m[NR_PHY] Cell Detected with GSCN: 0, SSB SC offset: 24, SSB Ref: 0.000000, PSS Corr peak: 113 dB, PSS Corr Average: 80
[0m[PHY]    [UE0] In synch, rx_offset 81024 samples
[0m[PHY]    [UE 0] Measured Carrier Frequency offset 6 Hz
[0m[32m[PHY]    Initial sync successful, PCI: 0
[0m[PHY]    HW: Configuring channel 0 (rf_chain 0): setting tx_freq 4049760006 Hz, rx_freq 4049760006 Hz, tune_offset 0
[0m[PHY]    Got synch: hw_slot_offset 21, carrier off 6 Hz
[0m[NR_RRC] [UE 0] BCCH update: phyCellID 0->0, arfcn_ssb 0->669984
[0m[32m[PHY]    UE synchronized! decoded_frame_rx=352 UE->init_sync_frame=0 trashed_frames=2
[0m[PHY]    Resynchronizing RX by 81024 samples
[0m[HW]     received write reorder clear context
[0m[PHY]    max_pos_acc = 0, shiftForNextFrame = 0
[0m[PHY]    LDPC_LLR_DIAG rv=0 Z=88 E=1512 A=808: ulsch_llr[0..7]=111,99,-103,120,-100,-101,-103,-94 int16_z[2Z..2Z+7]=111,-103,-100,-103,86,-109,-108,123 int8_l[2Z..2Z+7]=111,-103,-100,-103,86,-109,-108,123
[0m[32m[NR_RRC] SIB1 decoded
[0m[NR_MAC] [UE 0] Initial cell selection: dl_frequency=4045440 kHz (from command-line, band=77, scs=1)
[0m[NR_MAC] Initial cell selection: uplink_frequency=4045440 kHz (from dl_frequency=4045440 kHz)
[0m[NR_MAC] TDD period index = 5, based on the sum of dl_UL_TransmissionPeriodicity from Pattern1 (2.500000 ms) and Pattern2 (0.000000 ms): Total = 2.500000 ms
[0m[NR_MAC] Set TDD configuration period to: 4 DL slots, 2 UL slots, 5 slots per period (NR_TDD_UL_DL_Pattern is 3 DL slots, 1 UL slots, 6 DL symbols, 4 UL symbols)
[0m[NR_MAC] Configured 1 TDD patterns (total slots: pattern1 = 5, pattern2 = 0)
[0m[PHY]    N_TA_offset changed from 0 to 200
[0m[MAC]    Initialization of 4-Step CBRA procedure
[0m[NR_MAC] PRACH scheduler: Selected RO Frame 356, Slot 19, Symbol 0, Fdm 0
[0m[PHY]    PRACH [UE 0] in frame.slot 356.19, placing PRACH in position 740, Msg1/MsgA-Preamble frequency start 0 (k1 0), preamble_offset 19, first_nonzero_root_idx 0, preambleIndex = 19
[0m[PHY]    LDPC_LLR_DIAG rv=0 Z=28 E=1728 A=208: ulsch_llr[0..7]=142,152,-150,149,-151,-160,161,-149 int16_z[2Z..2Z+7]=306,-306,-312,332,313,311,-323,-319 int8_l[2Z..2Z+7]=127,-128,-128,127,127,127,-128,-128
[0m[PHY]    [UE 0] RAR-Msg2 decoded
[0m[NR_MAC] [UE 0][RAPROC][RA-RNTI 010b] Got BI RAR subPDU 5 ms
[0m[NR_MAC] [UE 0][RAPROC][RA-RNTI 010b] Got RAPID RAR subPDU
[0m[32m[NR_MAC] [UE 0][RAPROC][357.10] Found RAR with the intended RAPID 19
[0m[93m[MAC]    received TA command 31
[0m[32m[NR_MAC] [RAPROC][357.18] RA-Msg3 transmitted
[0m[NR_MAC] [RAPROC][358.18] RA-Msg3 retransmitted
[0m[PHY]    LDPC_LLR_DIAG rv=0 Z=176 E=5184 A=1608: ulsch_llr[0..7]=88,76,78,99,92,105,78,78 int16_z[2Z..2Z+7]=88,78,92,78,80,78,103,95 int8_l[2Z..2Z+7]=88,78,92,78,80,78,103,95
[0m[32m[NR_MAC] [UE 0][359.10][RAPROC] 4-Step RA procedure succeeded. CBRA: Contention Resolution is successful.
[0m[NR_RRC] [UE0][RAPROC] Logical Channel DL-CCCH (SRB0), Received NR_RRCSetup
[0m[RLC]    Added srb 1 to UE 0
[0m[NR_RRC] State = NR_RRC_CONNECTED
[0m[NAS]    Generate Initial NAS Message: Registration Request
[0m[NR_RRC] [UE 0][RAPROC] Logical Channel UL-DCCH (SRB1), Generating RRCSetupComplete (bytes32)
[0m[NAS]    [UE 0] Received NR_NAS_CONN_ESTABLISH_IND: asCause 0
[0m[MAC]    [UE 0] Applying CellGroupConfig from gNodeB
[0m[NR_MAC] UE 0 RNTI 6380 stats sfn: 384.4, cumulated bad DCI 0
    DL harq: 1/0/0/0
    UL harq: 10/8/8/8 avg code rate 0.7, avg bit/symbol 2.0, avg per TB: (nb RBs 5.2, nb symbols 12.4)
[0m[1;31m[RLC]    max RETX reached on SRB 1
[0m[93m[NR_RRC] [UE 0 ID 0] Received indication that RLC reached max retransmissions
[0m[RLC]    Released RLC entity: ue_id=0, lc_id=1
[0m[NR_RRC] RRC moved into IDLE state
[0m[NAS]    [UE 0] Received NR_NAS_CONN_RELEASE_IND: cause OTHER
[0m[NR_MAC] [UE0] Initializing MAC
[0m[93m[PHY]    SSB position provided
[0m[93m[NR_PHY] Starting sync detection
[0m[PHY]    [UE thread Synch] Running Initial Synch 
[0m[NR_PHY] Starting cell search with center freq: 4049760000, bandwidth: 24. Scanning for 1 number of GSCN.
[0m[NR_PHY] Scanning GSCN: 0, with SSB offset: 24, SSB Freq: 0.000000
[0m[32m[PHY]    Initial sync: pbch decoded sucessfully, ssb index 0
[0m[PHY]    pbch rx ok. rsrp:74 dB/RE, adjust_rxgain:-24 dB
[0m[NR_PHY] Cell Detected with GSCN: 0, SSB SC offset: 24, SSB Ref: 0.000000, PSS Corr peak: 116 dB, PSS Corr Average: 80
[0m[PHY]    [UE0] In synch, rx_offset 22484 samples
[0m[PHY]    [UE 0] Measured Carrier Frequency offset -32 Hz
[0m[32m[PHY]    Initial sync successful, PCI: 0
[0m[PHY]    HW: Configuring channel 0 (rf_chain 0): setting tx_freq 4049759968 Hz, rx_freq 4049759968 Hz, tune_offset 0
[0m[PHY]    Got synch: hw_slot_offset 6, carrier off -32 Hz
[0m[32m[PHY]    UE synchronized! decoded_frame_rx=414 UE->init_sync_frame=1 trashed_frames=2
[0m[PHY]    Resynchronizing RX by 22484 samples
[0m[HW]     received write reorder clear context
[0m[PHY]    max_pos_acc = -21, shiftForNextFrame = 0
[0m[PHY]    LDPC_LLR_DIAG rv=0 Z=88 E=1512 A=808: ulsch_llr[0..7]=109,100,-102,120,-98,-101,-101,-95 int16_z[2Z..2Z+7]=109,-102,-98,-101,85,-108,-107,121 int8_l[2Z..2Z+7]=109,-102,-98,-101,85,-108,-107,121
[0m[32m[NR_RRC] SIB1 decoded
[0m[NR_MAC] [UE 0] Initial cell selection: dl_frequency=4045440 kHz (from command-line, band=77, scs=1)
[0m[NR_MAC] Initial cell selection: uplink_frequency=4045440 kHz (from dl_frequency=4045440 kHz)
[0m[NR_MAC] TDD period index = 5, based on the sum of dl_UL_TransmissionPeriodicity from Pattern1 (2.500000 ms) and Pattern2 (0.000000 ms): Total = 2.500000 ms
[0m[NR_MAC] Set TDD configuration period to: 4 DL slots, 2 UL slots, 5 slots per period (NR_TDD_UL_DL_Pattern is 3 DL slots, 1 UL slots, 6 DL symbols, 4 UL symbols)
[0m[NR_MAC] Configured 1 TDD patterns (total slots: pattern1 = 5, pattern2 = 0)
[0m[MAC]    Initialization of 4-Step CBRA procedure
[0m[NR_MAC] PRACH scheduler: Selected RO Frame 418, Slot 19, Symbol 0, Fdm 0
[0m[PHY]    PRACH [UE 0] in frame.slot 418.19, placing PRACH in position 740, Msg1/MsgA-Preamble frequency start 0 (k1 0), preamble_offset 20, first_nonzero_root_idx 0, preambleIndex = 20
[0m[PHY]    LDPC_LLR_DIAG rv=0 Z=28 E=1728 A=208: ulsch_llr[0..7]=-146,-163,-146,157,-148,-159,154,-147 int16_z[2Z..2Z+7]=-298,-298,-295,325,-317,-293,312,307 int8_l[2Z..2Z+7]=-128,-128,-128,127,-128,-128,127,127
[0m[PHY]    [UE 0] RAR-Msg2 decoded
[0m[NR_MAC] [UE 0][RAPROC][RA-RNTI 010b] Got BI RAR subPDU 5 ms
[0m[NR_MAC] [UE 0][RAPROC][RA-RNTI 010b] Got RAPID RAR subPDU
[0m[32m[NR_MAC] [UE 0][RAPROC][419.10] Found RAR with the intended RAPID 20
[0m[93m[MAC]    received TA command 31
[0m[32m[NR_MAC] [RAPROC][419.18] RA-Msg3 transmitted
[0m[NR_MAC] [RAPROC][420.18] RA-Msg3 retransmitted
[0m[NR_MAC] [RAPROC][421.18] RA-Msg3 retransmitted
[0m[PHY]    LDPC_LLR_DIAG rv=0 Z=176 E=5184 A=1608: ulsch_llr[0..7]=93,71,78,94,77,96,86,80 int16_z[2Z..2Z+7]=93,78,77,86,65,94,68,93 int8_l[2Z..2Z+7]=93,78,77,86,65,94,68,93
[0m[32m[NR_MAC] [UE 0][422.10][RAPROC] 4-Step RA procedure succeeded. CBRA: Contention Resolution is successful.
[0m[NR_RRC] [UE0][RAPROC] Logical Channel DL-CCCH (SRB0), Received NR_RRCSetup
[0m[RLC]    Added srb 1 to UE 0
[0m[NR_RRC] State = NR_RRC_CONNECTED
[0m[NAS]    Generate Initial NAS Message: Registration Request
[0m[NR_RRC] [UE 0][RAPROC] Logical Channel UL-DCCH (SRB1), Generating RRCSetupComplete (bytes32)
[0m[NAS]    [UE 0] Received NR_NAS_CONN_ESTABLISH_IND: asCause 0
[0m[MAC]    [UE 0] Applying CellGroupConfig from gNodeB
[0m[1;31m[RLC]    max RETX reached on SRB 1
[0m[93m[NR_RRC] [UE 0 ID 0] Received indication that RLC reached max retransmissions
[0m[RLC]    Released RLC entity: ue_id=0, lc_id=1
[0m[NR_RRC] RRC moved into IDLE state
[0m[NAS]    [UE 0] Received NR_NAS_CONN_RELEASE_IND: cause OTHER
[0m[NR_MAC] [UE0] Initializing MAC
[0m[93m[PHY]    SSB position provided
[0m[93m[NR_PHY] Starting sync detection
[0m[PHY]    [UE thread Synch] Running Initial Synch 
[0m[NR_PHY] Starting cell search with center freq: 4049760000, bandwidth: 24. Scanning for 1 number of GSCN.
[0m[NR_PHY] Scanning GSCN: 0, with SSB offset: 24, SSB Freq: 0.000000
[0m[32m[PHY]    Initial sync: pbch decoded sucessfully, ssb index 0
[0m[PHY]    pbch rx ok. rsrp:74 dB/RE, adjust_rxgain:-24 dB
[0m[NR_PHY] Cell Detected with GSCN: 0, SSB SC offset: 24, SSB Ref: 0.000000, PSS Corr peak: 117 dB, PSS Corr Average: 80
[0m[PHY]    [UE0] In synch, rx_offset 22484 samples
[0m[PHY]    [UE 0] Measured Carrier Frequency offset -27 Hz
[0m[32m[PHY]    Initial sync successful, PCI: 0
[0m[PHY]    HW: Configuring channel 0 (rf_chain 0): setting tx_freq 4049759973 Hz, rx_freq 4049759973 Hz, tune_offset 0
[0m[PHY]    Got synch: hw_slot_offset 6, carrier off -27 Hz
[0m[32m[PHY]    UE synchronized! decoded_frame_rx=478 UE->init_sync_frame=0 trashed_frames=2
[0m[PHY]    Resynchronizing RX by 22484 samples
[0m[HW]     received write reorder clear context
[0m[PHY]    max_pos_acc = -36, shiftForNextFrame = 0
[0m[PHY]    LDPC_LLR_DIAG rv=0 Z=88 E=1512 A=808: ulsch_llr[0..7]=105,104,-99,123,-97,-103,-101,-96 int16_z[2Z..2Z+7]=105,-99,-97,-101,84,-107,-108,124 int8_l[2Z..2Z+7]=105,-99,-97,-101,84,-107,-108,124
[0m[32m[NR_RRC] SIB1 decoded
[0m[NR_MAC] [UE 0] Initial cell selection: dl_frequency=4045440 kHz (from command-line, band=77, scs=1)
[0m[NR_MAC] Initial cell selection: uplink_frequency=4045440 kHz (from dl_frequency=4045440 kHz)
[0m[NR_MAC] TDD period index = 5, based on the sum of dl_UL_TransmissionPeriodicity from Pattern1 (2.500000 ms) and Pattern2 (0.000000 ms): Total = 2.500000 ms
[0m[NR_MAC] Set TDD configuration period to: 4 DL slots, 2 UL slots, 5 slots per period (NR_TDD_UL_DL_Pattern is 3 DL slots, 1 UL slots, 6 DL symbols, 4 UL symbols)
[0m[NR_MAC] Configured 1 TDD patterns (total slots: pattern1 = 5, pattern2 = 0)
[0m[MAC]    Initialization of 4-Step CBRA procedure
[0m[NR_MAC] PRACH scheduler: Selected RO Frame 482, Slot 19, Symbol 0, Fdm 0
[0m[PHY]    PRACH [UE 0] in frame.slot 482.19, placing PRACH in position 740, Msg1/MsgA-Preamble frequency start 0 (k1 0), preamble_offset 48, first_nonzero_root_idx 0, preambleIndex = 48
[0m[PHY]    LDPC_LLR_DIAG rv=0 Z=28 E=1728 A=208: ulsch_llr[0..7]=-160,-151,132,-141,148,149,155,-151 int16_z[2Z..2Z+7]=-309,303,316,320,-312,-311,302,312 int8_l[2Z..2Z+7]=-128,127,127,127,-128,-128,127,127
[0m[PHY]    [UE 0] RAR-Msg2 decoded
[0m[NR_MAC] [UE 0][RAPROC][RA-RNTI 010b] Got BI RAR subPDU 5 ms
[0m[NR_MAC] [UE 0][RAPROC][RA-RNTI 010b] Got RAPID RAR subPDU
[0m[32m[NR_MAC] [UE 0][RAPROC][483.10] Found RAR with the intended RAPID 48
[0m[93m[MAC]    received TA command 31
[0m[32m[NR_MAC] [RAPROC][483.18] RA-Msg3 transmitted
[0m[NR_MAC] [RAPROC][484.18] RA-Msg3 retransmitted
[0m[32m[NR_MAC] [UE 0][485.10][RAPROC] 4-Step RA procedure succeeded. CBRA: Contention Resolution is successful.
[0m[NR_RRC] [UE0][RAPROC] Logical Channel DL-CCCH (SRB0), Received NR_RRCSetup
[0m[RLC]    Added srb 1 to UE 0
[0m[NR_RRC] State = NR_RRC_CONNECTED
[0m[NAS]    Generate Initial NAS Message: Registration Request
[0m[NR_RRC] [UE 0][RAPROC] Logical Channel UL-DCCH (SRB1), Generating RRCSetupComplete (bytes32)
[0m[NAS]    [UE 0] Received NR_NAS_CONN_ESTABLISH_IND: asCause 0
[0m[MAC]    [UE 0] Applying CellGroupConfig from gNodeB
[0m[NR_MAC] UE 0 RNTI 8c98 stats sfn: 512.4, cumulated bad DCI 0
    DL harq: 3/0/0/0
    UL harq: 53/46/45/45 avg code rate 0.7, avg bit/symbol 2.0, avg per TB: (nb RBs 5.1, nb symbols 12.6)
[0m[1;31m[RLC]    max RETX reached on SRB 1
[0m[93m[NR_RRC] [UE 0 ID 0] Received indication that RLC reached max retransmissions
[0m[RLC]    Released RLC entity: ue_id=0, lc_id=1
[0m[NR_RRC] RRC moved into IDLE state
[0m[NAS]    [UE 0] Received NR_NAS_CONN_RELEASE_IND: cause OTHER
[0m[NR_MAC] [UE0] Initializing MAC
[0m[93m[PHY]    SSB position provided
[0m[93m[NR_PHY] Starting sync detection
[0m[PHY]    [UE thread Synch] Running Initial Synch 
[0m[NR_PHY] Starting cell search with center freq: 4049760000, bandwidth: 24. Scanning for 1 number of GSCN.
[0m[NR_PHY] Scanning GSCN: 0, with SSB offset: 24, SSB Freq: 0.000000
[0m[32m[PHY]    Initial sync: pbch decoded sucessfully, ssb index 0
[0m[PHY]    pbch rx ok. rsrp:74 dB/RE, adjust_rxgain:-24 dB
[0m[NR_PHY] Cell Detected with GSCN: 0, SSB SC offset: 24, SSB Ref: 0.000000, PSS Corr peak: 116 dB, PSS Corr Average: 80
[0m[PHY]    [UE0] In synch, rx_offset 99284 samples
[0m[PHY]    [UE 0] Measured Carrier Frequency offset 20 Hz
[0m[32m[PHY]    Initial sync successful, PCI: 0
[0m[PHY]    HW: Configuring channel 0 (rf_chain 0): setting tx_freq 4049760020 Hz, rx_freq 4049760020 Hz, tune_offset 0
[0m[PHY]    Got synch: hw_slot_offset 26, carrier off 20 Hz
[0m[32m[PHY]    UE synchronized! decoded_frame_rx=542 UE->init_sync_frame=0 trashed_frames=2
[0m[PHY]    Resynchronizing RX by 99284 samples
[0m[HW]     received write reorder clear context
[0m[PHY]    max_pos_acc = -51, shiftForNextFrame = 0
[0m[32m[NR_RRC] SIB1 decoded
[0m[NR_MAC] [UE 0] Initial cell selection: dl_frequency=4045440 kHz (from command-line, band=77, scs=1)
[0m[NR_MAC] Initial cell selection: uplink_frequency=4045440 kHz (from dl_frequency=4045440 kHz)
[0m[NR_MAC] TDD period index = 5, based on the sum of dl_UL_TransmissionPeriodicity from Pattern1 (2.500000 ms) and Pattern2 (0.000000 ms): Total = 2.500000 ms
[0m[NR_MAC] Set TDD configuration period to: 4 DL slots, 2 UL slots, 5 slots per period (NR_TDD_UL_DL_Pattern is 3 DL slots, 1 UL slots, 6 DL symbols, 4 UL symbols)
[0m[NR_MAC] Configured 1 TDD patterns (total slots: pattern1 = 5, pattern2 = 0)
[0m[MAC]    Initialization of 4-Step CBRA procedure
[0m[NR_MAC] PRACH scheduler: Selected RO Frame 546, Slot 19, Symbol 0, Fdm 0
[0m[PHY]    PRACH [UE 0] in frame.slot 546.19, placing PRACH in position 740, Msg1/MsgA-Preamble frequency start 0 (k1 0), preamble_offset 15, first_nonzero_root_idx 0, preambleIndex = 15
[0m[PHY]    [UE 0] RAR-Msg2 decoded
[0m[NR_MAC] [UE 0][RAPROC][RA-RNTI 010b] Got BI RAR subPDU 5 ms
[0m[NR_MAC] [UE 0][RAPROC][RA-RNTI 010b] Got RAPID RAR subPDU
[0m[32m[NR_MAC] [UE 0][RAPROC][547.10] Found RAR with the intended RAPID 15
[0m[93m[MAC]    received TA command 31
[0m[32m[NR_MAC] [RAPROC][547.18] RA-Msg3 transmitted
[0m[NR_MAC] [RAPROC][548.18] RA-Msg3 retransmitted
[0m[NR_MAC] [RAPROC][549.18] RA-Msg3 retransmitted
[0m[32m[NR_MAC] [UE 0][550.10][RAPROC] 4-Step RA procedure succeeded. CBRA: Contention Resolution is successful.
[0m[NR_RRC] [UE0][RAPROC] Logical Channel DL-CCCH (SRB0), Received NR_RRCSetup
[0m[RLC]    Added srb 1 to UE 0
[0m[NR_RRC] State = NR_RRC_CONNECTED
[0m[NAS]    Generate Initial NAS Message: Registration Request
[0m[NR_RRC] [UE 0][RAPROC] Logical Channel UL-DCCH (SRB1), Generating RRCSetupComplete (bytes32)
[0m[NAS]    [UE 0] Received NR_NAS_CONN_ESTABLISH_IND: asCause 0
[0m[MAC]    [UE 0] Applying CellGroupConfig from gNodeB
[0m[1;31m[RLC]    max RETX reached on SRB 1
[0m[93m[NR_RRC] [UE 0 ID 0] Received indication that RLC reached max retransmissions
[0m[RLC]    Released RLC entity: ue_id=0, lc_id=1
[0m[NR_RRC] RRC moved into IDLE state
[0m[NAS]    [UE 0] Received NR_NAS_CONN_RELEASE_IND: cause OTHER
[0m[NR_MAC] [UE0] Initializing MAC
[0m[93m[PHY]    SSB position provided
[0m[93m[NR_PHY] Starting sync detection
[0m[PHY]    [UE thread Synch] Running Initial Synch 
[0m[NR_PHY] Starting cell search with center freq: 4049760000, bandwidth: 24. Scanning for 1 number of GSCN.
[0m[NR_PHY] Scanning GSCN: 0, with SSB offset: 24, SSB Freq: 0.000000
[0m[32m[PHY]    Initial sync: pbch decoded sucessfully, ssb index 0
[0m[PHY]    pbch rx ok. rsrp:74 dB/RE, adjust_rxgain:-24 dB
[0m[NR_PHY] Cell Detected with GSCN: 0, SSB SC offset: 24, SSB Ref: 0.000000, PSS Corr peak: 116 dB, PSS Corr Average: 80
[0m[PHY]    [UE0] In synch, rx_offset 99284 samples
[0m[PHY]    [UE 0] Measured Carrier Frequency offset -15 Hz
[0m[32m[PHY]    Initial sync successful, PCI: 0
[0m[PHY]    HW: Configuring channel 0 (rf_chain 0): setting tx_freq 4049759985 Hz, rx_freq 4049759985 Hz, tune_offset 0
[0m[PHY]    Got synch: hw_slot_offset 26, carrier off -15 Hz
[0m[32m[PHY]    UE synchronized! decoded_frame_rx=606 UE->init_sync_frame=1 trashed_frames=2
[0m[PHY]    Resynchronizing RX by 99284 samples
[0m[HW]     received write reorder clear context
[0m[PHY]    max_pos_acc = -66, shiftForNextFrame = 0
[0m[32m[NR_RRC] SIB1 decoded
[0m[NR_MAC] [UE 0] Initial cell selection: dl_frequency=4045440 kHz (from command-line, band=77, scs=1)
[0m[NR_MAC] Initial cell selection: uplink_frequency=4045440 kHz (from dl_frequency=4045440 kHz)
[0m[NR_MAC] TDD period index = 5, based on the sum of dl_UL_TransmissionPeriodicity from Pattern1 (2.500000 ms) and Pattern2 (0.000000 ms): Total = 2.500000 ms
[0m[NR_MAC] Set TDD configuration period to: 4 DL slots, 2 UL slots, 5 slots per period (NR_TDD_UL_DL_Pattern is 3 DL slots, 1 UL slots, 6 DL symbols, 4 UL symbols)
[0m[NR_MAC] Configured 1 TDD patterns (total slots: pattern1 = 5, pattern2 = 0)
[0m[MAC]    Initialization of 4-Step CBRA procedure
[0m[NR_MAC] PRACH scheduler: Selected RO Frame 610, Slot 19, Symbol 0, Fdm 0
[0m[PHY]    PRACH [UE 0] in frame.slot 610.19, placing PRACH in position 740, Msg1/MsgA-Preamble frequency start 0 (k1 0), preamble_offset 16, first_nonzero_root_idx 0, preambleIndex = 16
[0m[PHY]    [UE 0] RAR-Msg2 decoded
[0m[NR_MAC] [UE 0][RAPROC][RA-RNTI 010b] Got BI RAR subPDU 5 ms
[0m[NR_MAC] [UE 0][RAPROC][RA-RNTI 010b] Got RAPID RAR subPDU
[0m[32m[NR_MAC] [UE 0][RAPROC][611.10] Found RAR with the intended RAPID 16
[0m[93m[MAC]    received TA command 31
[0m[32m[NR_MAC] [RAPROC][611.18] RA-Msg3 transmitted
[0m[NR_MAC] [RAPROC][612.18] RA-Msg3 retransmitted
[0m[32m[NR_MAC] [UE 0][613.10][RAPROC] 4-Step RA procedure succeeded. CBRA: Contention Resolution is successful.
[0m[NR_RRC] [UE0][RAPROC] Logical Channel DL-CCCH (SRB0), Received NR_RRCSetup
[0m[RLC]    Added srb 1 to UE 0
[0m[NR_RRC] State = NR_RRC_CONNECTED
[0m[NAS]    Generate Initial NAS Message: Registration Request
[0m[NR_RRC] [UE 0][RAPROC] Logical Channel UL-DCCH (SRB1), Generating RRCSetupComplete (bytes32)
[0m[NAS]    [UE 0] Received NR_NAS_CONN_ESTABLISH_IND: asCause 0
[0m[MAC]    [UE 0] Applying CellGroupConfig from gNodeB
[0m[NR_MAC] UE 0 RNTI b5a5 stats sfn: 640.4, cumulated bad DCI 0
    DL harq: 5/0/0/0
    UL harq: 95/85/82/82 avg code rate 0.7, avg bit/symbol 2.0, avg per TB: (nb RBs 5.1, nb symbols 12.7)
[0m[1;31m[RLC]    max RETX reached on SRB 1
[0m[93m[NR_RRC] [UE 0 ID 0] Received indication that RLC reached max retransmissions
[0m[RLC]    Released RLC entity: ue_id=0, lc_id=1
[0m[NR_RRC] RRC moved into IDLE state
[0m[NAS]    [UE 0] Received NR_NAS_CONN_RELEASE_IND: cause OTHER
[0m[NR_MAC] [UE0] Initializing MAC
[0m[93m[PHY]    SSB position provided
[0m[93m[NR_PHY] Starting sync detection
[0m[PHY]    [UE thread Synch] Running Initial Synch 
[0m[NR_PHY] Starting cell search with center freq: 4049760000, bandwidth: 24. Scanning for 1 number of GSCN.
[0m[NR_PHY] Scanning GSCN: 0, with SSB offset: 24, SSB Freq: 0.000000
[0m[32m[PHY]    Initial sync: pbch decoded sucessfully, ssb index 0
[0m[PHY]    pbch rx ok. rsrp:74 dB/RE, adjust_rxgain:-24 dB
[0m[NR_PHY] Cell Detected with GSCN: 0, SSB SC offset: 24, SSB Ref: 0.000000, PSS Corr peak: 117 dB, PSS Corr Average: 80
[0m[PHY]    [UE0] In synch, rx_offset 99284 samples
[0m[PHY]    [UE 0] Measured Carrier Frequency offset 0 Hz
[0m[32m[PHY]    Initial sync successful, PCI: 0
[0m[PHY]    HW: Configuring channel 0 (rf_chain 0): setting tx_freq 4049760000 Hz, rx_freq 4049760000 Hz, tune_offset 0
[0m[PHY]    Got synch: hw_slot_offset 26, carrier off 0 Hz
[0m[32m[PHY]    UE synchronized! decoded_frame_rx=670 UE->init_sync_frame=0 trashed_frames=2
[0m[PHY]    Resynchronizing RX by 99284 samples
[0m[HW]     received write reorder clear context
[0m[PHY]    max_pos_acc = -81, shiftForNextFrame = 0
[0m[32m[NR_RRC] SIB1 decoded
[0m[NR_MAC] [UE 0] Initial cell selection: dl_frequency=4045440 kHz (from command-line, band=77, scs=1)
[0m[NR_MAC] Initial cell selection: uplink_frequency=4045440 kHz (from dl_frequency=4045440 kHz)
[0m[NR_MAC] TDD period index = 5, based on the sum of dl_UL_TransmissionPeriodicity from Pattern1 (2.500000 ms) and Pattern2 (0.000000 ms): Total = 2.500000 ms
[0m[NR_MAC] Set TDD configuration period to: 4 DL slots, 2 UL slots, 5 slots per period (NR_TDD_UL_DL_Pattern is 3 DL slots, 1 UL slots, 6 DL symbols, 4 UL symbols)
[0m[NR_MAC] Configured 1 TDD patterns (total slots: pattern1 = 5, pattern2 = 0)
[0m[MAC]    Initialization of 4-Step CBRA procedure
[0m[NR_MAC] PRACH scheduler: Selected RO Frame 674, Slot 19, Symbol 0, Fdm 0
[0m[PHY]    PRACH [UE 0] in frame.slot 674.19, placing PRACH in position 740, Msg1/MsgA-Preamble frequency start 0 (k1 0), preamble_offset 38, first_nonzero_root_idx 0, preambleIndex = 38
[0m[PHY]    [UE 0] RAR-Msg2 decoded
[0m[NR_MAC] [UE 0][RAPROC][RA-RNTI 010b] Got BI RAR subPDU 5 ms
[0m[NR_MAC] [UE 0][RAPROC][RA-RNTI 010b] Got RAPID RAR subPDU
[0m[32m[NR_MAC] [UE 0][RAPROC][675.10] Found RAR with the intended RAPID 38
[0m[93m[MAC]    received TA command 31
[0m[32m[NR_MAC] [RAPROC][675.18] RA-Msg3 transmitted
[0m[NR_MAC] [RAPROC][676.18] RA-Msg3 retransmitted
[0m[NR_MAC] [RAPROC][677.18] RA-Msg3 retransmitted
[0m[32m[NR_MAC] [UE 0][678.10][RAPROC] 4-Step RA procedure succeeded. CBRA: Contention Resolution is successful.
[0m[NR_RRC] [UE0][RAPROC] Logical Channel DL-CCCH (SRB0), Received NR_RRCSetup
[0m[RLC]    Added srb 1 to UE 0
[0m[NR_RRC] State = NR_RRC_CONNECTED
[0m[NAS]    Generate Initial NAS Message: Registration Request
[0m[NR_RRC] [UE 0][RAPROC] Logical Channel UL-DCCH (SRB1), Generating RRCSetupComplete (bytes32)
[0m[NAS]    [UE 0] Received NR_NAS_CONN_ESTABLISH_IND: asCause 0
[0m[MAC]    [UE 0] Applying CellGroupConfig from gNodeB
[0m[1;31m[RLC]    max RETX reached on SRB 1
[0m[93m[NR_RRC] [UE 0 ID 0] Received indication that RLC reached max retransmissions
[0m[RLC]    Released RLC entity: ue_id=0, lc_id=1
[0m[NR_RRC] RRC moved into IDLE state
[0m[NAS]    [UE 0] Received NR_NAS_CONN_RELEASE_IND: cause OTHER
[0m[NR_MAC] [UE0] Initializing MAC
[0m[93m[PHY]    SSB position provided
[0m[93m[NR_PHY] Starting sync detection
[0m[PHY]    [UE thread Synch] Running Initial Synch 
[0m[NR_PHY] Starting cell search with center freq: 4049760000, bandwidth: 24. Scanning for 1 number of GSCN.
[0m[NR_PHY] Scanning GSCN: 0, with SSB offset: 24, SSB Freq: 0.000000
[0m[32m[PHY]    Initial sync: pbch decoded sucessfully, ssb index 0
[0m[PHY]    pbch rx ok. rsrp:74 dB/RE, adjust_rxgain:-24 dB
[0m[NR_PHY] Cell Detected with GSCN: 0, SSB SC offset: 24, SSB Ref: 0.000000, PSS Corr peak: 117 dB, PSS Corr Average: 81
[0m[PHY]    [UE0] In synch, rx_offset 99284 samples
[0m[PHY]    [UE 0] Measured Carrier Frequency offset 10 Hz
[0m[32m[PHY]    Initial sync successful, PCI: 0
[0m[PHY]    HW: Configuring channel 0 (rf_chain 0): setting tx_freq 4049760010 Hz, rx_freq 4049760010 Hz, tune_offset 0
[0m[PHY]    Got synch: hw_slot_offset 26, carrier off 10 Hz
[0m[32m[PHY]    UE synchronized! decoded_frame_rx=734 UE->init_sync_frame=1 trashed_frames=2
[0m[PHY]    Resynchronizing RX by 99284 samples
[0m[HW]     received write reorder clear context
[0m[PHY]    max_pos_acc = -96, shiftForNextFrame = 0
[0m[32m[NR_RRC] SIB1 decoded
[0m[NR_MAC] [UE 0] Initial cell selection: dl_frequency=4045440 kHz (from command-line, band=77, scs=1)
[0m[NR_MAC] Initial cell selection: uplink_frequency=4045440 kHz (from dl_frequency=4045440 kHz)
[0m[NR_MAC] TDD period index = 5, based on the sum of dl_UL_TransmissionPeriodicity from Pattern1 (2.500000 ms) and Pattern2 (0.000000 ms): Total = 2.500000 ms
[0m[NR_MAC] Set TDD configuration period to: 4 DL slots, 2 UL slots, 5 slots per period (NR_TDD_UL_DL_Pattern is 3 DL slots, 1 UL slots, 6 DL symbols, 4 UL symbols)
[0m[NR_MAC] Configured 1 TDD patterns (total slots: pattern1 = 5, pattern2 = 0)
[0m[MAC]    Initialization of 4-Step CBRA procedure
[0m[NR_MAC] PRACH scheduler: Selected RO Frame 738, Slot 19, Symbol 0, Fdm 0
[0m[PHY]    PRACH [UE 0] in frame.slot 738.19, placing PRACH in position 740, Msg1/MsgA-Preamble frequency start 0 (k1 0), preamble_offset 4, first_nonzero_root_idx 0, preambleIndex = 4
[0m[PHY]    [UE 0] RAR-Msg2 decoded
[0m[NR_MAC] [UE 0][RAPROC][RA-RNTI 010b] Got BI RAR subPDU 5 ms
[0m[NR_MAC] [UE 0][RAPROC][RA-RNTI 010b] Got RAPID RAR subPDU
[0m[32m[NR_MAC] [UE 0][RAPROC][739.10] Found RAR with the intended RAPID 4
[0m[93m[MAC]    received TA command 31
[0m[32m[NR_MAC] [RAPROC][739.18] RA-Msg3 transmitted
[0m[NR_MAC] [RAPROC][740.18] RA-Msg3 retransmitted
[0m[32m[NR_MAC] [UE 0][741.10][RAPROC] 4-Step RA procedure succeeded. CBRA: Contention Resolution is successful.
[0m[NR_RRC] [UE0][RAPROC] Logical Channel DL-CCCH (SRB0), Received NR_RRCSetup
[0m[RLC]    Added srb 1 to UE 0
[0m[NR_RRC] State = NR_RRC_CONNECTED
[0m[NAS]    Generate Initial NAS Message: Registration Request
[0m[NR_RRC] [UE 0][RAPROC] Logical Channel UL-DCCH (SRB1), Generating RRCSetupComplete (bytes32)
[0m[NAS]    [UE 0] Received NR_NAS_CONN_ESTABLISH_IND: asCause 0
[0m[MAC]    [UE 0] Applying CellGroupConfig from gNodeB
[0m[NR_MAC] UE 0 RNTI 234c stats sfn: 768.4, cumulated bad DCI 0
    DL harq: 7/0/0/0
    UL harq: 134/122/118/118 avg code rate 0.7, avg bit/symbol 2.0, avg per TB: (nb RBs 5.1, nb symbols 12.7)
[0m[1;31m[RLC]    max RETX reached on SRB 1
[0m[93m[NR_RRC] [UE 0 ID 0] Received indication that RLC reached max retransmissions
[0m[RLC]    Released RLC entity: ue_id=0, lc_id=1
[0m[NR_RRC] RRC moved into IDLE state
[0m[NAS]    [UE 0] Received NR_NAS_CONN_RELEASE_IND: cause OTHER
[0m[NR_MAC] [UE0] Initializing MAC
[0m[93m[PHY]    SSB position provided
[0m[93m[NR_PHY] Starting sync detection
[0m[PHY]    [UE thread Synch] Running Initial Synch 
[0m[NR_PHY] Starting cell search with center freq: 4049760000, bandwidth: 24. Scanning for 1 number of GSCN.
[0m[NR_PHY] Scanning GSCN: 0, with SSB offset: 24, SSB Freq: 0.000000
[0m[32m[PHY]    Initial sync: pbch decoded sucessfully, ssb index 0
[0m[PHY]    pbch rx ok. rsrp:74 dB/RE, adjust_rxgain:-24 dB
[0m[NR_PHY] Cell Detected with GSCN: 0, SSB SC offset: 24, SSB Ref: 0.000000, PSS Corr peak: 116 dB, PSS Corr Average: 81
[0m[PHY]    [UE0] In synch, rx_offset 22484 samples
[0m[PHY]    [UE 0] Measured Carrier Frequency offset -28 Hz
[0m[32m[PHY]    Initial sync successful, PCI: 0
[0m[PHY]    HW: Configuring channel 0 (rf_chain 0): setting tx_freq 4049759972 Hz, rx_freq 4049759972 Hz, tune_offset 0
[0m[PHY]    Got synch: hw_slot_offset 6, carrier off -28 Hz
[0m[32m[PHY]    UE synchronized! decoded_frame_rx=796 UE->init_sync_frame=1 trashed_frames=2
[0m[PHY]    Resynchronizing RX by 22484 samples
[0m[HW]     received write reorder clear context
[0m[PHY]    max_pos_acc = -113, shiftForNextFrame = 0
[0m[32m[NR_RRC] SIB1 decoded
[0m[NR_MAC] [UE 0] Initial cell selection: dl_frequency=4045440 kHz (from command-line, band=77, scs=1)
[0m[NR_MAC] Initial cell selection: uplink_frequency=4045440 kHz (from dl_frequency=4045440 kHz)
[0m[NR_MAC] TDD period index = 5, based on the sum of dl_UL_TransmissionPeriodicity from Pattern1 (2.500000 ms) and Pattern2 (0.000000 ms): Total = 2.500000 ms
[0m[NR_MAC] Set TDD configuration period to: 4 DL slots, 2 UL slots, 5 slots per period (NR_TDD_UL_DL_Pattern is 3 DL slots, 1 UL slots, 6 DL symbols, 4 UL symbols)
[0m[NR_MAC] Configured 1 TDD patterns (total slots: pattern1 = 5, pattern2 = 0)
[0m[MAC]    Initialization of 4-Step CBRA procedure
[0m[NR_MAC] PRACH scheduler: Selected RO Frame 800, Slot 19, Symbol 0, Fdm 0
[0m[PHY]    PRACH [UE 0] in frame.slot 800.19, placing PRACH in position 740, Msg1/MsgA-Preamble frequency start 0 (k1 0), preamble_offset 26, first_nonzero_root_idx 0, preambleIndex = 26
[0m[PHY]    [UE 0] RAR-Msg2 decoded
[0m[NR_MAC] [UE 0][RAPROC][RA-RNTI 010b] Got BI RAR subPDU 5 ms
[0m[NR_MAC] [UE 0][RAPROC][RA-RNTI 010b] Got RAPID RAR subPDU
[0m[32m[NR_MAC] [UE 0][RAPROC][801.10] Found RAR with the intended RAPID 26
[0m[93m[MAC]    received TA command 31
[0m[32m[NR_MAC] [RAPROC][801.18] RA-Msg3 transmitted
[0m[NR_MAC] [RAPROC][802.18] RA-Msg3 retransmitted
[0m[32m[NR_MAC] [UE 0][803.10][RAPROC] 4-Step RA procedure succeeded. CBRA: Contention Resolution is successful.
[0m[NR_RRC] [UE0][RAPROC] Logical Channel DL-CCCH (SRB0), Received NR_RRCSetup
[0m[RLC]    Added srb 1 to UE 0
[0m[NR_RRC] State = NR_RRC_CONNECTED
[0m[NAS]    Generate Initial NAS Message: Registration Request
[0m[NR_RRC] [UE 0][RAPROC] Logical Channel UL-DCCH (SRB1), Generating RRCSetupComplete (bytes32)
[0m[NAS]    [UE 0] Received NR_NAS_CONN_ESTABLISH_IND: asCause 0
[0m[MAC]    [UE 0] Applying CellGroupConfig from gNodeB
[0m[1;31m[RLC]    max RETX reached on SRB 1
[0m[93m[NR_RRC] [UE 0 ID 0] Received indication that RLC reached max retransmissions
[0m[RLC]    Released RLC entity: ue_id=0, lc_id=1
[0m[NR_RRC] RRC moved into IDLE state
[0m[NAS]    [UE 0] Received NR_NAS_CONN_RELEASE_IND: cause OTHER
[0m[NR_MAC] [UE0] Initializing MAC
[0m[93m[PHY]    SSB position provided
[0m[93m[NR_PHY] Starting sync detection
[0m[PHY]    [UE thread Synch] Running Initial Synch 
[0m[NR_PHY] Starting cell search with center freq: 4049760000, bandwidth: 24. Scanning for 1 number of GSCN.
[0m[NR_PHY] Scanning GSCN: 0, with SSB offset: 24, SSB Freq: 0.000000
[0m[32m[PHY]    Initial sync: pbch decoded sucessfully, ssb index 0
[0m[PHY]    pbch rx ok. rsrp:74 dB/RE, adjust_rxgain:-24 dB
[0m[NR_PHY] Cell Detected with GSCN: 0, SSB SC offset: 24, SSB Ref: 0.000000, PSS Corr peak: 117 dB, PSS Corr Average: 81
[0m[PHY]    [UE0] In synch, rx_offset 99284 samples
[0m[PHY]    [UE 0] Measured Carrier Frequency offset -16 Hz
[0m[32m[PHY]    Initial sync successful, PCI: 0
[0m[PHY]    HW: Configuring channel 0 (rf_chain 0): setting tx_freq 4049759984 Hz, rx_freq 4049759984 Hz, tune_offset 0
[0m[PHY]    Got synch: hw_slot_offset 26, carrier off -16 Hz
[0m[32m[PHY]    UE synchronized! decoded_frame_rx=860 UE->init_sync_frame=0 trashed_frames=2
[0m[PHY]    Resynchronizing RX by 99284 samples
[0m[HW]     received write reorder clear context
[0m[PHY]    max_pos_acc = -128, shiftForNextFrame = 0
[0m[32m[NR_RRC] SIB1 decoded
[0m[NR_MAC] [UE 0] Initial cell selection: dl_frequency=4045440 kHz (from command-line, band=77, scs=1)
[0m[NR_MAC] Initial cell selection: uplink_frequency=4045440 kHz (from dl_frequency=4045440 kHz)
[0m[NR_MAC] TDD period index = 5, based on the sum of dl_UL_TransmissionPeriodicity from Pattern1 (2.500000 ms) and Pattern2 (0.000000 ms): Total = 2.500000 ms
[0m[NR_MAC] Set TDD configuration period to: 4 DL slots, 2 UL slots, 5 slots per period (NR_TDD_UL_DL_Pattern is 3 DL slots, 1 UL slots, 6 DL symbols, 4 UL symbols)
[0m[NR_MAC] Configured 1 TDD patterns (total slots: pattern1 = 5, pattern2 = 0)
[0m[MAC]    Initialization of 4-Step CBRA procedure
[0m[NR_MAC] PRACH scheduler: Selected RO Frame 864, Slot 19, Symbol 0, Fdm 0
[0m[PHY]    PRACH [UE 0] in frame.slot 864.19, placing PRACH in position 740, Msg1/MsgA-Preamble frequency start 0 (k1 0), preamble_offset 32, first_nonzero_root_idx 0, preambleIndex = 32
[0m[PHY]    [UE 0] RAR-Msg2 decoded
[0m[NR_MAC] [UE 0][RAPROC][RA-RNTI 010b] Got BI RAR subPDU 5 ms
[0m[NR_MAC] [UE 0][RAPROC][RA-RNTI 010b] Got RAPID RAR subPDU
[0m[32m[NR_MAC] [UE 0][RAPROC][865.10] Found RAR with the intended RAPID 32
[0m[93m[MAC]    received TA command 31
[0m[32m[NR_MAC] [RAPROC][865.18] RA-Msg3 transmitted
[0m[NR_MAC] [RAPROC][866.18] RA-Msg3 retransmitted
[0m[32m[NR_MAC] [UE 0][867.10][RAPROC] 4-Step RA procedure succeeded. CBRA: Contention Resolution is successful.
[0m[NR_RRC] [UE0][RAPROC] Logical Channel DL-CCCH (SRB0), Received NR_RRCSetup
[0m[RLC]    Added srb 1 to UE 0
[0m[NR_RRC] State = NR_RRC_CONNECTED
[0m[NAS]    Generate Initial NAS Message: Registration Request
[0m[NR_RRC] [UE 0][RAPROC] Logical Channel UL-DCCH (SRB1), Generating RRCSetupComplete (bytes32)
[0m[NAS]    [UE 0] Received NR_NAS_CONN_ESTABLISH_IND: asCause 0
[0m[MAC]    [UE 0] Applying CellGroupConfig from gNodeB
[0m[NR_MAC] UE 0 RNTI ead1 stats sfn: 896.4, cumulated bad DCI 0
    DL harq: 9/0/0/0
    UL harq: 171/156/153/152 avg code rate 0.7, avg bit/symbol 2.0, avg per TB: (nb RBs 5.1, nb symbols 12.7)
[0m[1;31m[RLC]    max RETX reached on SRB 1
[0m[93m[NR_RRC] [UE 0 ID 0] Received indication that RLC reached max retransmissions
[0m[RLC]    Released RLC entity: ue_id=0, lc_id=1
[0m[NR_RRC] RRC moved into IDLE state
[0m[NAS]    [UE 0] Received NR_NAS_CONN_RELEASE_IND: cause OTHER
[0m[NR_MAC] [UE0] Initializing MAC
[0m[93m[PHY]    SSB position provided
[0m[93m[NR_PHY] Starting sync detection
[0m[PHY]    [UE thread Synch] Running Initial Synch 
[0m[NR_PHY] Starting cell search with center freq: 4049760000, bandwidth: 24. Scanning for 1 number of GSCN.
[0m[NR_PHY] Scanning GSCN: 0, with SSB offset: 24, SSB Freq: 0.000000
[0m[32m[PHY]    Initial sync: pbch decoded sucessfully, ssb index 0
[0m[PHY]    pbch rx ok. rsrp:74 dB/RE, adjust_rxgain:-24 dB
[0m[NR_PHY] Cell Detected with GSCN: 0, SSB SC offset: 24, SSB Ref: 0.000000, PSS Corr peak: 116 dB, PSS Corr Average: 82
[0m[PHY]    [UE0] In synch, rx_offset 99284 samples
[0m[PHY]    [UE 0] Measured Carrier Frequency offset -21 Hz
[0m[32m[PHY]    Initial sync successful, PCI: 0
[0m[PHY]    HW: Configuring channel 0 (rf_chain 0): setting tx_freq 4049759979 Hz, rx_freq 4049759979 Hz, tune_offset 0
[0m[PHY]    Got synch: hw_slot_offset 26, carrier off -21 Hz
[0m[32m[PHY]    UE synchronized! decoded_frame_rx=924 UE->init_sync_frame=0 trashed_frames=2
[0m[PHY]    Resynchronizing RX by 99284 samples
[0m[HW]     received write reorder clear context
[0m[PHY]    max_pos_acc = -143, shiftForNextFrame = 0
[0m[32m[NR_RRC] SIB1 decoded
[0m[NR_MAC] [UE 0] Initial cell selection: dl_frequency=4045440 kHz (from command-line, band=77, scs=1)
[0m[NR_MAC] Initial cell selection: uplink_frequency=4045440 kHz (from dl_frequency=4045440 kHz)
[0m[NR_MAC] TDD period index = 5, based on the sum of dl_UL_TransmissionPeriodicity from Pattern1 (2.500000 ms) and Pattern2 (0.000000 ms): Total = 2.500000 ms
[0m[NR_MAC] Set TDD configuration period to: 4 DL slots, 2 UL slots, 5 slots per period (NR_TDD_UL_DL_Pattern is 3 DL slots, 1 UL slots, 6 DL symbols, 4 UL symbols)
[0m[NR_MAC] Configured 1 TDD patterns (total slots: pattern1 = 5, pattern2 = 0)
[0m[MAC]    Initialization of 4-Step CBRA procedure
[0m[NR_MAC] PRACH scheduler: Selected RO Frame 928, Slot 19, Symbol 0, Fdm 0
[0m[PHY]    PRACH [UE 0] in frame.slot 928.19, placing PRACH in position 740, Msg1/MsgA-Preamble frequency start 0 (k1 0), preamble_offset 8, first_nonzero_root_idx 0, preambleIndex = 8
[0m[PHY]    [UE 0] RAR-Msg2 decoded
[0m[NR_MAC] [UE 0][RAPROC][RA-RNTI 010b] Got BI RAR subPDU 5 ms
[0m[NR_MAC] [UE 0][RAPROC][RA-RNTI 010b] Got RAPID RAR subPDU
[0m[32m[NR_MAC] [UE 0][RAPROC][929.10] Found RAR with the intended RAPID 8
[0m[93m[MAC]    received TA command 31
[0m[32m[NR_MAC] [RAPROC][929.18] RA-Msg3 transmitted
[0m[NR_MAC] [RAPROC][930.18] RA-Msg3 retransmitted
[0m[NR_MAC] [RAPROC][931.18] RA-Msg3 retransmitted
[0m[32m[NR_MAC] [UE 0][932.10][RAPROC] 4-Step RA procedure succeeded. CBRA: Contention Resolution is successful.
[0m[NR_RRC] [UE0][RAPROC] Logical Channel DL-CCCH (SRB0), Received NR_RRCSetup
[0m[RLC]    Added srb 1 to UE 0
[0m[NR_RRC] State = NR_RRC_CONNECTED
[0m[NAS]    Generate Initial NAS Message: Registration Request
[0m[NR_RRC] [UE 0][RAPROC] Logical Channel UL-DCCH (SRB1), Generating RRCSetupComplete (bytes32)
[0m[NAS]    [UE 0] Received NR_NAS_CONN_ESTABLISH_IND: asCause 0
[0m[MAC]    [UE 0] Applying CellGroupConfig from gNodeB
[0m[1;31m[RLC]    max RETX reached on SRB 1
[0m[93m[NR_RRC] [UE 0 ID 0] Received indication that RLC reached max retransmissions
[0m[RLC]    Released RLC entity: ue_id=0, lc_id=1
[0m[NR_RRC] RRC moved into IDLE state
[0m[NAS]    [UE 0] Received NR_NAS_CONN_RELEASE_IND: cause OTHER
[0m[NR_MAC] [UE0] Initializing MAC
[0m[93m[PHY]    SSB position provided
[0m[93m[NR_PHY] Starting sync detection
[0m[PHY]    [UE thread Synch] Running Initial Synch 
[0m[NR_PHY] Starting cell search with center freq: 4049760000, bandwidth: 24. Scanning for 1 number of GSCN.
[0m[NR_PHY] Scanning GSCN: 0, with SSB offset: 24, SSB Freq: 0.000000
[0m[32m[PHY]    Initial sync: pbch decoded sucessfully, ssb index 0
[0m[PHY]    pbch rx ok. rsrp:74 dB/RE, adjust_rxgain:-24 dB
[0m[NR_PHY] Cell Detected with GSCN: 0, SSB SC offset: 24, SSB Ref: 0.000000, PSS Corr peak: 116 dB, PSS Corr Average: 80
[0m[PHY]    [UE0] In synch, rx_offset 99284 samples
[0m[PHY]    [UE 0] Measured Carrier Frequency offset 20 Hz
[0m[32m[PHY]    Initial sync successful, PCI: 0
[0m[PHY]    HW: Configuring channel 0 (rf_chain 0): setting tx_freq 4049760020 Hz, rx_freq 4049760020 Hz, tune_offset 0
[0m[PHY]    Got synch: hw_slot_offset 26, carrier off 20 Hz
[0m[32m[PHY]    UE synchronized! decoded_frame_rx=988 UE->init_sync_frame=1 trashed_frames=2
[0m[PHY]    Resynchronizing RX by 99284 samples
[0m[HW]     received write reorder clear context
[0m[PHY]    max_pos_acc = -158, shiftForNextFrame = 0
[0m[32m[NR_RRC] SIB1 decoded
[0m[NR_MAC] [UE 0] Initial cell selection: dl_frequency=4045440 kHz (from command-line, band=77, scs=1)
[0m[NR_MAC] Initial cell selection: uplink_frequency=4045440 kHz (from dl_frequency=4045440 kHz)
[0m[NR_MAC] TDD period index = 5, based on the sum of dl_UL_TransmissionPeriodicity from Pattern1 (2.500000 ms) and Pattern2 (0.000000 ms): Total = 2.500000 ms
[0m[NR_MAC] Set TDD configuration period to: 4 DL slots, 2 UL slots, 5 slots per period (NR_TDD_UL_DL_Pattern is 3 DL slots, 1 UL slots, 6 DL symbols, 4 UL symbols)
[0m[NR_MAC] Configured 1 TDD patterns (total slots: pattern1 = 5, pattern2 = 0)
[0m[MAC]    Initialization of 4-Step CBRA procedure
[0m[NR_MAC] PRACH scheduler: Selected RO Frame 992, Slot 19, Symbol 0, Fdm 0
[0m[PHY]    PRACH [UE 0] in frame.slot 992.19, placing PRACH in position 740, Msg1/MsgA-Preamble frequency start 0 (k1 0), preamble_offset 49, first_nonzero_root_idx 0, preambleIndex = 49
[0m[PHY]    [UE 0] RAR-Msg2 decoded
[0m[NR_MAC] [UE 0][RAPROC][RA-RNTI 010b] Got BI RAR subPDU 5 ms
[0m[NR_MAC] [UE 0][RAPROC][RA-RNTI 010b] Got RAPID RAR subPDU
[0m[32m[NR_MAC] [UE 0][RAPROC][993.10] Found RAR with the intended RAPID 49
[0m[93m[MAC]    received TA command 31
[0m[32m[NR_MAC] [RAPROC][993.18] RA-Msg3 transmitted
[0m[NR_MAC] [RAPROC][994.18] RA-Msg3 retransmitted
[0m[NR_MAC] [RAPROC][995.18] RA-Msg3 retransmitted
[0m[32m[NR_MAC] [UE 0][996.10][RAPROC] 4-Step RA procedure succeeded. CBRA: Contention Resolution is successful.
[0m[NR_RRC] [UE0][RAPROC] Logical Channel DL-CCCH (SRB0), Received NR_RRCSetup
[0m[RLC]    Added srb 1 to UE 0
[0m[NR_RRC] State = NR_RRC_CONNECTED
[0m[NAS]    Generate Initial NAS Message: Registration Request
[0m[NR_RRC] [UE 0][RAPROC] Logical Channel UL-DCCH (SRB1), Generating RRCSetupComplete (bytes32)
[0m[NAS]    [UE 0] Received NR_NAS_CONN_ESTABLISH_IND: asCause 0
[0m[MAC]    [UE 0] Applying CellGroupConfig from gNodeB
[0m[NR_MAC] UE 0 RNTI c575 stats sfn: 0.4, cumulated bad DCI 0
    DL harq: 11/0/0/0
    UL harq: 206/189/182/182 avg code rate 0.7, avg bit/symbol 2.0, avg per TB: (nb RBs 5.1, nb symbols 12.6)
[0m[1;31m[RLC]    max RETX reached on SRB 1
[0m[93m[NR_RRC] [UE 0 ID 0] Received indication that RLC reached max retransmissions
[0m[RLC]    Released RLC entity: ue_id=0, lc_id=1
[0m[NR_RRC] RRC moved into IDLE state
[0m[NAS]    [UE 0] Received NR_NAS_CONN_RELEASE_IND: cause OTHER
[0m[NR_MAC] [UE0] Initializing MAC
[0m[93m[PHY]    SSB position provided
[0m[93m[NR_PHY] Starting sync detection
[0m[PHY]    [UE thread Synch] Running Initial Synch 
[0m[NR_PHY] Starting cell search with center freq: 4049760000, bandwidth: 24. Scanning for 1 number of GSCN.
[0m[NR_PHY] Scanning GSCN: 0, with SSB offset: 24, SSB Freq: 0.000000
[0m[32m[PHY]    Initial sync: pbch decoded sucessfully, ssb index 0
[0m[PHY]    pbch rx ok. rsrp:74 dB/RE, adjust_rxgain:-24 dB
[0m[NR_PHY] Cell Detected with GSCN: 0, SSB SC offset: 24, SSB Ref: 0.000000, PSS Corr peak: 117 dB, PSS Corr Average: 80
[0m[PHY]    [UE0] In synch, rx_offset 99284 samples
[0m[PHY]    [UE 0] Measured Carrier Frequency offset 2 Hz
[0m[32m[PHY]    Initial sync successful, PCI: 0
[0m[PHY]    HW: Configuring channel 0 (rf_chain 0): setting tx_freq 4049760002 Hz, rx_freq 4049760002 Hz, tune_offset 0
[0m[PHY]    Got synch: hw_slot_offset 26, carrier off 2 Hz
[0m[32m[PHY]    UE synchronized! decoded_frame_rx=30 UE->init_sync_frame=1 trashed_frames=2
[0m[PHY]    Resynchronizing RX by 99284 samples
[0m[HW]     received write reorder clear context
[0m[PHY]    max_pos_acc = -171, shiftForNextFrame = 0
[0m[32m[NR_RRC] SIB1 decoded
[0m[NR_MAC] [UE 0] Initial cell selection: dl_frequency=4045440 kHz (from command-line, band=77, scs=1)
[0m[NR_MAC] Initial cell selection: uplink_frequency=4045440 kHz (from dl_frequency=4045440 kHz)
[0m[NR_MAC] TDD period index = 5, based on the sum of dl_UL_TransmissionPeriodicity from Pattern1 (2.500000 ms) and Pattern2 (0.000000 ms): Total = 2.500000 ms
[0m[NR_MAC] Set TDD configuration period to: 4 DL slots, 2 UL slots, 5 slots per period (NR_TDD_UL_DL_Pattern is 3 DL slots, 1 UL slots, 6 DL symbols, 4 UL symbols)
[0m[NR_MAC] Configured 1 TDD patterns (total slots: pattern1 = 5, pattern2 = 0)
[0m[MAC]    Initialization of 4-Step CBRA procedure
[0m[NR_MAC] PRACH scheduler: Selected RO Frame 34, Slot 19, Symbol 0, Fdm 0
[0m[PHY]    PRACH [UE 0] in frame.slot 34.19, placing PRACH in position 740, Msg1/MsgA-Preamble frequency start 0 (k1 0), preamble_offset 15, first_nonzero_root_idx 0, preambleIndex = 15
[0m[PHY]    [UE 0] RAR-Msg2 decoded
[0m[NR_MAC] [UE 0][RAPROC][RA-RNTI 010b] Got BI RAR subPDU 5 ms
[0m[NR_MAC] [UE 0][RAPROC][RA-RNTI 010b] Got RAPID RAR subPDU
[0m[32m[NR_MAC] [UE 0][RAPROC][35.10] Found RAR with the intended RAPID 15
[0m[93m[MAC]    received TA command 31
[0m[32m[NR_MAC] [RAPROC][35.18] RA-Msg3 transmitted
[0m[NR_MAC] [RAPROC][36.18] RA-Msg3 retransmitted
[0m[32m[NR_MAC] [UE 0][37.10][RAPROC] 4-Step RA procedure succeeded. CBRA: Contention Resolution is successful.
[0m[NR_RRC] [UE0][RAPROC] Logical Channel DL-CCCH (SRB0), Received NR_RRCSetup
[0m[RLC]    Added srb 1 to UE 0
[0m[NR_RRC] State = NR_RRC_CONNECTED
[0m[NAS]    Generate Initial NAS Message: Registration Request
[0m[NR_RRC] [UE 0][RAPROC] Logical Channel UL-DCCH (SRB1), Generating RRCSetupComplete (bytes32)
[0m[NAS]    [UE 0] Received NR_NAS_CONN_ESTABLISH_IND: asCause 0
[0m[MAC]    [UE 0] Applying CellGroupConfig from gNodeB
[0m[1;31m[RLC]    max RETX reached on SRB 1
[0m[93m[NR_RRC] [UE 0 ID 0] Received indication that RLC reached max retransmissions
[0m[RLC]    Released RLC entity: ue_id=0, lc_id=1
[0m[NR_RRC] RRC moved into IDLE state
[0m[NAS]    [UE 0] Received NR_NAS_CONN_RELEASE_IND: cause OTHER
[0m[NR_MAC] [UE0] Initializing MAC
[0m[93m[PHY]    SSB position provided
[0m[93m[NR_PHY] Starting sync detection
[0m[PHY]    [UE thread Synch] Running Initial Synch 
[0m[NR_PHY] Starting cell search with center freq: 4049760000, bandwidth: 24. Scanning for 1 number of GSCN.
[0m[NR_PHY] Scanning GSCN: 0, with SSB offset: 24, SSB Freq: 0.000000
[0m[32m[PHY]    Initial sync: pbch decoded sucessfully, ssb index 0
[0m[PHY]    pbch rx ok. rsrp:74 dB/RE, adjust_rxgain:-24 dB
[0m[NR_PHY] Cell Detected with GSCN: 0, SSB SC offset: 24, SSB Ref: 0.000000, PSS Corr peak: 116 dB, PSS Corr Average: 80
[0m[PHY]    [UE0] In synch, rx_offset 99284 samples
[0m[PHY]    [UE 0] Measured Carrier Frequency offset -36 Hz
[0m[32m[PHY]    Initial sync successful, PCI: 0
[0m[PHY]    HW: Configuring channel 0 (rf_chain 0): setting tx_freq 4049759964 Hz, rx_freq 4049759964 Hz, tune_offset 0
[0m[PHY]    Got synch: hw_slot_offset 26, carrier off -36 Hz
[0m[32m[PHY]    UE synchronized! decoded_frame_rx=94 UE->init_sync_frame=0 trashed_frames=2
[0m[PHY]    Resynchronizing RX by 99284 samples
[0m[HW]     received write reorder clear context
[0m[PHY]    max_pos_acc = -186, shiftForNextFrame = 0
[0m[32m[NR_RRC] SIB1 decoded
[0m[NR_MAC] [UE 0] Initial cell selection: dl_frequency=4045440 kHz (from command-line, band=77, scs=1)
[0m[NR_MAC] Initial cell selection: uplink_frequency=4045440 kHz (from dl_frequency=4045440 kHz)
[0m[NR_MAC] TDD period index = 5, based on the sum of dl_UL_TransmissionPeriodicity from Pattern1 (2.500000 ms) and Pattern2 (0.000000 ms): Total = 2.500000 ms
[0m[NR_MAC] Set TDD configuration period to: 4 DL slots, 2 UL slots, 5 slots per period (NR_TDD_UL_DL_Pattern is 3 DL slots, 1 UL slots, 6 DL symbols, 4 UL symbols)
[0m[NR_MAC] Configured 1 TDD patterns (total slots: pattern1 = 5, pattern2 = 0)
[0m[MAC]    Initialization of 4-Step CBRA procedure
[0m[NR_MAC] PRACH scheduler: Selected RO Frame 98, Slot 19, Symbol 0, Fdm 0
[0m[PHY]    PRACH [UE 0] in frame.slot 98.19, placing PRACH in position 740, Msg1/MsgA-Preamble frequency start 0 (k1 0), preamble_offset 60, first_nonzero_root_idx 0, preambleIndex = 60
[0m[PHY]    [UE 0] RAR-Msg2 decoded
[0m[NR_MAC] [UE 0][RAPROC][RA-RNTI 010b] Got BI RAR subPDU 5 ms
[0m[NR_MAC] [UE 0][RAPROC][RA-RNTI 010b] Got RAPID RAR subPDU
[0m[32m[NR_MAC] [UE 0][RAPROC][99.10] Found RAR with the intended RAPID 60
[0m[93m[MAC]    received TA command 31
[0m[32m[NR_MAC] [RAPROC][99.18] RA-Msg3 transmitted
[0m[NR_MAC] [RAPROC][100.18] RA-Msg3 retransmitted
[0m[NR_MAC] [RAPROC][101.18] RA-Msg3 retransmitted
[0m[32m[NR_MAC] [UE 0][102.10][RAPROC] 4-Step RA procedure succeeded. CBRA: Contention Resolution is successful.
[0m[NR_RRC] [UE0][RAPROC] Logical Channel DL-CCCH (SRB0), Received NR_RRCSetup
[0m[RLC]    Added srb 1 to UE 0
[0m[NR_RRC] State = NR_RRC_CONNECTED
[0m[NAS]    Generate Initial NAS Message: Registration Request
[0m[NR_RRC] [UE 0][RAPROC] Logical Channel UL-DCCH (SRB1), Generating RRCSetupComplete (bytes32)
[0m[NAS]    [UE 0] Received NR_NAS_CONN_ESTABLISH_IND: asCause 0
[0m[MAC]    [UE 0] Applying CellGroupConfig from gNodeB
[0m[NR_MAC] UE 0 RNTI 9a9e stats sfn: 128.4, cumulated bad DCI 0
    DL harq: 13/0/0/0
    UL harq: 238/218/212/212 avg code rate 0.7, avg bit/symbol 2.0, avg per TB: (nb RBs 5.1, nb symbols 12.6)
[0m[1;31m[RLC]    max RETX reached on SRB 1
[0m[93m[NR_RRC] [UE 0 ID 0] Received indication that RLC reached max retransmissions
[0m[RLC]    Released RLC entity: ue_id=0, lc_id=1
[0m[NR_RRC] RRC moved into IDLE state
[0m[NAS]    [UE 0] Received NR_NAS_CONN_RELEASE_IND: cause OTHER
[0m[NR_MAC] [UE0] Initializing MAC
[0m[93m[PHY]    SSB position provided
[0m[93m[NR_PHY] Starting sync detection
[0m[PHY]    [UE thread Synch] Running Initial Synch 
[0m[NR_PHY] Starting cell search with center freq: 4049760000, bandwidth: 24. Scanning for 1 number of GSCN.
[0m[NR_PHY] Scanning GSCN: 0, with SSB offset: 24, SSB Freq: 0.000000
[0m[32m[PHY]    Initial sync: pbch decoded sucessfully, ssb index 0
[0m[PHY]    pbch rx ok. rsrp:74 dB/RE, adjust_rxgain:-24 dB
[0m[NR_PHY] Cell Detected with GSCN: 0, SSB SC offset: 24, SSB Ref: 0.000000, PSS Corr peak: 116 dB, PSS Corr Average: 82
[0m[PHY]    [UE0] In synch, rx_offset 99284 samples
[0m[PHY]    [UE 0] Measured Carrier Frequency offset 15 Hz
[0m[32m[PHY]    Initial sync successful, PCI: 0
[0m[PHY]    HW: Configuring channel 0 (rf_chain 0): setting tx_freq 4049760015 Hz, rx_freq 4049760015 Hz, tune_offset 0
[0m[PHY]    Got synch: hw_slot_offset 26, carrier off 15 Hz
[0m[32m[PHY]    UE synchronized! decoded_frame_rx=160 UE->init_sync_frame=0 trashed_frames=2
[0m[PHY]    Resynchronizing RX by 99284 samples
[0m[HW]     received write reorder clear context
[0m[PHY]    max_pos_acc = -199, shiftForNextFrame = 0
[0m[32m[NR_RRC] SIB1 decoded
[0m[NR_MAC] [UE 0] Initial cell selection: dl_frequency=4045440 kHz (from command-line, band=77, scs=1)
[0m[NR_MAC] Initial cell selection: uplink_frequency=4045440 kHz (from dl_frequency=4045440 kHz)
[0m[NR_MAC] TDD period index = 5, based on the sum of dl_UL_TransmissionPeriodicity from Pattern1 (2.500000 ms) and Pattern2 (0.000000 ms): Total = 2.500000 ms
[0m[NR_MAC] Set TDD configuration period to: 4 DL slots, 2 UL slots, 5 slots per period (NR_TDD_UL_DL_Pattern is 3 DL slots, 1 UL slots, 6 DL symbols, 4 UL symbols)
[0m[NR_MAC] Configured 1 TDD patterns (total slots: pattern1 = 5, pattern2 = 0)
[0m[MAC]    Initialization of 4-Step CBRA procedure
[0m[NR_MAC] PRACH scheduler: Selected RO Frame 164, Slot 19, Symbol 0, Fdm 0
[0m[PHY]    PRACH [UE 0] in frame.slot 164.19, placing PRACH in position 740, Msg1/MsgA-Preamble frequency start 0 (k1 0), preamble_offset 12, first_nonzero_root_idx 0, preambleIndex = 12
[0m[PHY]    [UE 0] RAR-Msg2 decoded
[0m[NR_MAC] [UE 0][RAPROC][RA-RNTI 010b] Got BI RAR subPDU 5 ms
[0m[NR_MAC] [UE 0][RAPROC][RA-RNTI 010b] Got RAPID RAR subPDU
[0m[32m[NR_MAC] [UE 0][RAPROC][165.10] Found RAR with the intended RAPID 12
[0m[93m[MAC]    received TA command 31
[0m[32m[NR_MAC] [RAPROC][165.18] RA-Msg3 transmitted
[0m[NR_MAC] [RAPROC][166.18] RA-Msg3 retransmitted
[0m[32m[NR_MAC] [UE 0][167.10][RAPROC] 4-Step RA procedure succeeded. CBRA: Contention Resolution is successful.
[0m[NR_RRC] [UE0][RAPROC] Logical Channel DL-CCCH (SRB0), Received NR_RRCSetup
[0m[RLC]    Added srb 1 to UE 0
[0m[NR_RRC] State = NR_RRC_CONNECTED
[0m[NAS]    Generate Initial NAS Message: Registration Request
[0m[NR_RRC] [UE 0][RAPROC] Logical Channel UL-DCCH (SRB1), Generating RRCSetupComplete (bytes32)
[0m[NAS]    [UE 0] Received NR_NAS_CONN_ESTABLISH_IND: asCause 0
[0m[MAC]    [UE 0] Applying CellGroupConfig from gNodeB
[0m[1;31m[RLC]    max RETX reached on SRB 1
[0m[93m[NR_RRC] [UE 0 ID 0] Received indication that RLC reached max retransmissions
[0m[RLC]    Released RLC entity: ue_id=0, lc_id=1
[0m[NR_RRC] RRC moved into IDLE state
[0m[NAS]    [UE 0] Received NR_NAS_CONN_RELEASE_IND: cause OTHER
[0m[NR_MAC] [UE0] Initializing MAC
[0m[93m[PHY]    SSB position provided
[0m[93m[NR_PHY] Starting sync detection
[0m[PHY]    [UE thread Synch] Running Initial Synch 
[0m[NR_PHY] Starting cell search with center freq: 4049760000, bandwidth: 24. Scanning for 1 number of GSCN.
[0m[NR_PHY] Scanning GSCN: 0, with SSB offset: 24, SSB Freq: 0.000000
[0m[32m[PHY]    Initial sync: pbch decoded sucessfully, ssb index 0
[0m[PHY]    pbch rx ok. rsrp:74 dB/RE, adjust_rxgain:-24 dB
[0m[NR_PHY] Cell Detected with GSCN: 0, SSB SC offset: 24, SSB Ref: 0.000000, PSS Corr peak: 117 dB, PSS Corr Average: 80
[0m[PHY]    [UE0] In synch, rx_offset 99284 samples
[0m[PHY]    [UE 0] Measured Carrier Frequency offset -10 Hz
[0m[32m[PHY]    Initial sync successful, PCI: 0
[0m[PHY]    HW: Configuring channel 0 (rf_chain 0): setting tx_freq 4049759990 Hz, rx_freq 4049759990 Hz, tune_offset 0
[0m[PHY]    Got synch: hw_slot_offset 26, carrier off -10 Hz
[0m[32m[PHY]    UE synchronized! decoded_frame_rx=224 UE->init_sync_frame=0 trashed_frames=2
[0m[PHY]    Resynchronizing RX by 99284 samples
[0m[HW]     received write reorder clear context
[0m[PHY]    max_pos_acc = -214, shiftForNextFrame = 0
[0m[32m[NR_RRC] SIB1 decoded
[0m[NR_MAC] [UE 0] Initial cell selection: dl_frequency=4045440 kHz (from command-line, band=77, scs=1)
[0m[NR_MAC] Initial cell selection: uplink_frequency=4045440 kHz (from dl_frequency=4045440 kHz)
[0m[NR_MAC] TDD period index = 5, based on the sum of dl_UL_TransmissionPeriodicity from Pattern1 (2.500000 ms) and Pattern2 (0.000000 ms): Total = 2.500000 ms
[0m[NR_MAC] Set TDD configuration period to: 4 DL slots, 2 UL slots, 5 slots per period (NR_TDD_UL_DL_Pattern is 3 DL slots, 1 UL slots, 6 DL symbols, 4 UL symbols)
[0m[NR_MAC] Configured 1 TDD patterns (total slots: pattern1 = 5, pattern2 = 0)
[0m[MAC]    Initialization of 4-Step CBRA procedure
[0m[NR_MAC] PRACH scheduler: Selected RO Frame 228, Slot 19, Symbol 0, Fdm 0
[0m[PHY]    PRACH [UE 0] in frame.slot 228.19, placing PRACH in position 740, Msg1/MsgA-Preamble frequency start 0 (k1 0), preamble_offset 6, first_nonzero_root_idx 0, preambleIndex = 6
[0m[PHY]    [UE 0] RAR-Msg2 decoded
[0m[NR_MAC] [UE 0][RAPROC][RA-RNTI 010b] Got BI RAR subPDU 5 ms
[0m[NR_MAC] [UE 0][RAPROC][RA-RNTI 010b] Got RAPID RAR subPDU
[0m[32m[NR_MAC] [UE 0][RAPROC][229.10] Found RAR with the intended RAPID 6
[0m[93m[MAC]    received TA command 31
[0m[32m[NR_MAC] [RAPROC][229.18] RA-Msg3 transmitted
[0m[NR_MAC] [RAPROC][230.18] RA-Msg3 retransmitted
[0m[32m[NR_MAC] [UE 0][231.10][RAPROC] 4-Step RA procedure succeeded. CBRA: Contention Resolution is successful.
[0m[NR_RRC] [UE0][RAPROC] Logical Channel DL-CCCH (SRB0), Received NR_RRCSetup
[0m[RLC]    Added srb 1 to UE 0
[0m[NR_RRC] State = NR_RRC_CONNECTED
[0m[NAS]    Generate Initial NAS Message: Registration Request
[0m[NR_RRC] [UE 0][RAPROC] Logical Channel UL-DCCH (SRB1), Generating RRCSetupComplete (bytes32)
[0m[NAS]    [UE 0] Received NR_NAS_CONN_ESTABLISH_IND: asCause 0
[0m[MAC]    [UE 0] Applying CellGroupConfig from gNodeB
[0m[NR_MAC] UE 0 RNTI f7dc stats sfn: 256.4, cumulated bad DCI 0
    DL harq: 15/0/0/0
    UL harq: 268/244/238/238 avg code rate 0.7, avg bit/symbol 2.0, avg per TB: (nb RBs 5.1, nb symbols 12.6)
[0m[1;31m[RLC]    max RETX reached on SRB 1
[0m[93m[NR_RRC] [UE 0 ID 0] Received indication that RLC reached max retransmissions
[0m[RLC]    Released RLC entity: ue_id=0, lc_id=1
[0m[NR_RRC] RRC moved into IDLE state
[0m[NAS]    [UE 0] Received NR_NAS_CONN_RELEASE_IND: cause OTHER
[0m[NR_MAC] [UE0] Initializing MAC
[0m[93m[PHY]    SSB position provided
[0m[93m[NR_PHY] Starting sync detection
[0m[PHY]    [UE thread Synch] Running Initial Synch 
[0m[NR_PHY] Starting cell search with center freq: 4049760000, bandwidth: 24. Scanning for 1 number of GSCN.
[0m[NR_PHY] Scanning GSCN: 0, with SSB offset: 24, SSB Freq: 0.000000
[0m[32m[PHY]    Initial sync: pbch decoded sucessfully, ssb index 0
[0m[PHY]    pbch rx ok. rsrp:74 dB/RE, adjust_rxgain:-24 dB
[0m[NR_PHY] Cell Detected with GSCN: 0, SSB SC offset: 24, SSB Ref: 0.000000, PSS Corr peak: 116 dB, PSS Corr Average: 82
[0m[PHY]    [UE0] In synch, rx_offset 99284 samples
[0m[PHY]    [UE 0] Measured Carrier Frequency offset -11 Hz
[0m[32m[PHY]    Initial sync successful, PCI: 0
[0m[PHY]    HW: Configuring channel 0 (rf_chain 0): setting tx_freq 4049759989 Hz, rx_freq 4049759989 Hz, tune_offset 0
[0m[PHY]    Got synch: hw_slot_offset 26, carrier off -11 Hz
[0m[32m[PHY]    UE synchronized! decoded_frame_rx=288 UE->init_sync_frame=0 trashed_frames=2
[0m[PHY]    Resynchronizing RX by 99284 samples
[0m[HW]     received write reorder clear context
[0m[PHY]    max_pos_acc = -229, shiftForNextFrame = 0
[0m[32m[NR_RRC] SIB1 decoded
[0m[NR_MAC] [UE 0] Initial cell selection: dl_frequency=4045440 kHz (from command-line, band=77, scs=1)
[0m[NR_MAC] Initial cell selection: uplink_frequency=4045440 kHz (from dl_frequency=4045440 kHz)
[0m[NR_MAC] TDD period index = 5, based on the sum of dl_UL_TransmissionPeriodicity from Pattern1 (2.500000 ms) and Pattern2 (0.000000 ms): Total = 2.500000 ms
[0m[NR_MAC] Set TDD configuration period to: 4 DL slots, 2 UL slots, 5 slots per period (NR_TDD_UL_DL_Pattern is 3 DL slots, 1 UL slots, 6 DL symbols, 4 UL symbols)
[0m[NR_MAC] Configured 1 TDD patterns (total slots: pattern1 = 5, pattern2 = 0)
[0m[MAC]    Initialization of 4-Step CBRA procedure
[0m[NR_MAC] PRACH scheduler: Selected RO Frame 292, Slot 19, Symbol 0, Fdm 0
[0m[PHY]    PRACH [UE 0] in frame.slot 292.19, placing PRACH in position 740, Msg1/MsgA-Preamble frequency start 0 (k1 0), preamble_offset 53, first_nonzero_root_idx 0, preambleIndex = 53
[0m[PHY]    [UE 0] RAR-Msg2 decoded
[0m[NR_MAC] [UE 0][RAPROC][RA-RNTI 010b] Got BI RAR subPDU 5 ms
[0m[NR_MAC] [UE 0][RAPROC][RA-RNTI 010b] Got RAPID RAR subPDU
[0m[32m[NR_MAC] [UE 0][RAPROC][293.10] Found RAR with the intended RAPID 53
[0m[93m[MAC]    received TA command 31
[0m[32m[NR_MAC] [RAPROC][293.18] RA-Msg3 transmitted
[0m[NR_MAC] [RAPROC][294.18] RA-Msg3 retransmitted
[0m[NR_MAC] [RAPROC][295.18] RA-Msg3 retransmitted
[0m[32m[NR_MAC] [UE 0][296.10][RAPROC] 4-Step RA procedure succeeded. CBRA: Contention Resolution is successful.
[0m[NR_RRC] [UE0][RAPROC] Logical Channel DL-CCCH (SRB0), Received NR_RRCSetup
[0m[RLC]    Added srb 1 to UE 0
[0m[NR_RRC] State = NR_RRC_CONNECTED
[0m[NAS]    Generate Initial NAS Message: Registration Request
[0m[NR_RRC] [UE 0][RAPROC] Logical Channel UL-DCCH (SRB1), Generating RRCSetupComplete (bytes32)
[0m[NAS]    [UE 0] Received NR_NAS_CONN_ESTABLISH_IND: asCause 0
[0m[MAC]    [UE 0] Applying CellGroupConfig from gNodeB
[0m[1;31m[RLC]    max RETX reached on SRB 1
[0m[93m[NR_RRC] [UE 0 ID 0] Received indication that RLC reached max retransmissions
[0m[RLC]    Released RLC entity: ue_id=0, lc_id=1
[0m[NR_RRC] RRC moved into IDLE state
[0m[NAS]    [UE 0] Received NR_NAS_CONN_RELEASE_IND: cause OTHER
[0m[NR_MAC] [UE0] Initializing MAC
[0m[93m[PHY]    SSB position provided
[0m[93m[NR_PHY] Starting sync detection
[0m[PHY]    [UE thread Synch] Running Initial Synch 
[0m[NR_PHY] Starting cell search with center freq: 4049760000, bandwidth: 24. Scanning for 1 number of GSCN.
[0m[NR_PHY] Scanning GSCN: 0, with SSB offset: 24, SSB Freq: 0.000000
[0m[32m[PHY]    Initial sync: pbch decoded sucessfully, ssb index 0
[0m[PHY]    pbch rx ok. rsrp:74 dB/RE, adjust_rxgain:-24 dB
[0m[NR_PHY] Cell Detected with GSCN: 0, SSB SC offset: 24, SSB Ref: 0.000000, PSS Corr peak: 116 dB, PSS Corr Average: 81
[0m[PHY]    [UE0] In synch, rx_offset 99284 samples
[0m[PHY]    [UE 0] Measured Carrier Frequency offset 6 Hz
[0m[32m[PHY]    Initial sync successful, PCI: 0
[0m[PHY]    HW: Configuring channel 0 (rf_chain 0): setting tx_freq 4049760006 Hz, rx_freq 4049760006 Hz, tune_offset 0
[0m[PHY]    Got synch: hw_slot_offset 26, carrier off 6 Hz
[0m[32m[PHY]    UE synchronized! decoded_frame_rx=352 UE->init_sync_frame=1 trashed_frames=2
[0m[PHY]    Resynchronizing RX by 99284 samples
[0m[HW]     received write reorder clear context
[0m[PHY]    max_pos_acc = -244, shiftForNextFrame = 0
[0m[32m[NR_RRC] SIB1 decoded
[0m[NR_MAC] [UE 0] Initial cell selection: dl_frequency=4045440 kHz (from command-line, band=77, scs=1)
[0m[NR_MAC] Initial cell selection: uplink_frequency=4045440 kHz (from dl_frequency=4045440 kHz)
[0m[NR_MAC] TDD period index = 5, based on the sum of dl_UL_TransmissionPeriodicity from Pattern1 (2.500000 ms) and Pattern2 (0.000000 ms): Total = 2.500000 ms
[0m[NR_MAC] Set TDD configuration period to: 4 DL slots, 2 UL slots, 5 slots per period (NR_TDD_UL_DL_Pattern is 3 DL slots, 1 UL slots, 6 DL symbols, 4 UL symbols)
[0m[NR_MAC] Configured 1 TDD patterns (total slots: pattern1 = 5, pattern2 = 0)
[0m[MAC]    Initialization of 4-Step CBRA procedure
[0m[NR_MAC] PRACH scheduler: Selected RO Frame 356, Slot 19, Symbol 0, Fdm 0
[0m[PHY]    PRACH [UE 0] in frame.slot 356.19, placing PRACH in position 740, Msg1/MsgA-Preamble frequency start 0 (k1 0), preamble_offset 48, first_nonzero_root_idx 0, preambleIndex = 48
[0m[PHY]    [UE 0] RAR-Msg2 decoded
[0m[NR_MAC] [UE 0][RAPROC][RA-RNTI 010b] Got BI RAR subPDU 5 ms
[0m[NR_MAC] [UE 0][RAPROC][RA-RNTI 010b] Got RAPID RAR subPDU
[0m[32m[NR_MAC] [UE 0][RAPROC][357.10] Found RAR with the intended RAPID 48
[0m[93m[MAC]    received TA command 31
[0m[32m[NR_MAC] [RAPROC][357.18] RA-Msg3 transmitted
[0m[NR_MAC] [RAPROC][358.18] RA-Msg3 retransmitted
[0m[NR_MAC] [RAPROC][359.18] RA-Msg3 retransmitted
[0m[32m[NR_MAC] [UE 0][360.10][RAPROC] 4-Step RA procedure succeeded. CBRA: Contention Resolution is successful.
[0m[93m[NR_RRC] [UE0] Logical Channel DL-CCCH (SRB0), Received RRCReject 
[0m[93m[NR_RRC] [UE 0] Timer T302 expired! Access barring alleviated!
[0m[1;31m[PHY]    [UE 0] frame 278, nr_slot_rx 0, Error decoding PBCH!
[0m[1;31m[PHY]    [UE 0] frame 280, nr_slot_rx 0, Error decoding PBCH!
[0m[1;31m[PHY]    [UE 0] frame 282, nr_slot_rx 0, Error decoding PBCH!
[0m[1;31m[PHY]    [UE 0] frame 284, nr_slot_rx 0, Error decoding PBCH!
[0m[1;31m[PHY]    [UE 0] frame 286, nr_slot_rx 0, Error decoding PBCH!
[0m[1;31m[PHY]    [UE 0] frame 288, nr_slot_rx 0, Error decoding PBCH!
[0m[1;31m[PHY]    [UE 0] frame 290, nr_slot_rx 0, Error decoding PBCH!
[0m[1;31m[PHY]    [UE 0] frame 292, nr_slot_rx 0, Error decoding PBCH!
[0m[1;31m[PHY]    [UE 0] frame 294, nr_slot_rx 0, Error decoding PBCH!
[0m[1;31m[PHY]    [UE 0] frame 296, nr_slot_rx 0, Error decoding PBCH!
[0m[1;31m[PHY]    [UE 0] frame 298, nr_slot_rx 0, Error decoding PBCH!
[0m[1;31m[PHY]    [UE 0] frame 300, nr_slot_rx 0, Error decoding PBCH!
[0m[1;31m[PHY]    [UE 0] frame 302, nr_slot_rx 0, Error decoding PBCH!
[0m[1;31m[PHY]    [UE 0] frame 304, nr_slot_rx 0, Error decoding PBCH!
[0m[1;31m[PHY]    [UE 0] frame 306, nr_slot_rx 0, Error decoding PBCH!
[0m[1;31m[PHY]    [UE 0] frame 308, nr_slot_rx 0, Error decoding PBCH!
[0m[1;31m[PHY]    [UE 0] frame 310, nr_slot_rx 0, Error decoding PBCH!
[0m[1;31m[PHY]    [UE 0] frame 312, nr_slot_rx 0, Error decoding PBCH!
[0m[1;31m[PHY]    [UE 0] frame 314, nr_slot_rx 0, Error decoding PBCH!
[0m[1;31m[PHY]    [UE 0] frame 316, nr_slot_rx 0, Error decoding PBCH!
[0m[1;31m[PHY]    [UE 0] frame 318, nr_slot_rx 0, Error decoding PBCH!
[0m[1;31m[PHY]    [UE 0] frame 320, nr_slot_rx 0, Error decoding PBCH!
[0m[1;31m[PHY]    [UE 0] frame 322, nr_slot_rx 0, Error decoding PBCH!
[0m[1;31m[PHY]    [UE 0] frame 324, nr_slot_rx 0, Error decoding PBCH!
[0m[1;31m[PHY]    [UE 0] frame 326, nr_slot_rx 0, Error decoding PBCH!
[0m[1;31m[PHY]    [UE 0] frame 328, nr_slot_rx 0, Error decoding PBCH!
[0m[1;31m[PHY]    [UE 0] frame 330, nr_slot_rx 0, Error decoding PBCH!
[0m[1;31m[PHY]    [UE 0] frame 332, nr_slot_rx 0, Error decoding PBCH!
[0m[1;31m[PHY]    [UE 0] frame 334, nr_slot_rx 0, Error decoding PBCH!
[0m[1;31m[PHY]    [UE 0] frame 336, nr_slot_rx 0, Error decoding PBCH!
[0m[1;31m[PHY]    [UE 0] frame 338, nr_slot_rx 0, Error decoding PBCH!
[0m[1;31m[PHY]    [UE 0] frame 340, nr_slot_rx 0, Error decoding PBCH!
[0m[1;31m[PHY]    [UE 0] frame 342, nr_slot_rx 0, Error decoding PBCH!
[0m[1;31m[PHY]    [UE 0] frame 344, nr_slot_rx 0, Error decoding PBCH!
[0m[1;31m[PHY]    [UE 0] frame 346, nr_slot_rx 0, Error decoding PBCH!
[0m[1;31m[PHY]    [UE 0] frame 348, nr_slot_rx 0, Error decoding PBCH!
[0m[1;31m[PHY]    [UE 0] frame 350, nr_slot_rx 0, Error decoding PBCH!
[0m[1;31m[PHY]    [UE 0] frame 352, nr_slot_rx 0, Error decoding PBCH!
[0m[1;31m[PHY]    [UE 0] frame 354, nr_slot_rx 0, Error decoding PBCH!
[0m[1;31m[PHY]    [UE 0] frame 356, nr_slot_rx 0, Error decoding PBCH!
[0m[1;31m[PHY]    [UE 0] frame 358, nr_slot_rx 0, Error decoding PBCH!
[0m[1;31m[PHY]    [UE 0] frame 360, nr_slot_rx 0, Error decoding PBCH!
[0m[1;31m[PHY]    [UE 0] frame 362, nr_slot_rx 0, Error decoding PBCH!
[0m[1;31m[PHY]    [UE 0] frame 364, nr_slot_rx 0, Error decoding PBCH!
[0m[1;31m[PHY]    [UE 0] frame 366, nr_slot_rx 0, Error decoding PBCH!
[0m[1;31m[PHY]    [UE 0] frame 368, nr_slot_rx 0, Error decoding PBCH!
[0m[1;31m[PHY]    [UE 0] frame 370, nr_slot_rx 0, Error decoding PBCH!
[0m[1;31m[PHY]    [UE 0] frame 372, nr_slot_rx 0, Error decoding PBCH!
[0m[1;31m[PHY]    [UE 0] frame 374, nr_slot_rx 0, Error decoding PBCH!
[0m[1;31m[PHY]    [UE 0] frame 376, nr_slot_rx 0, Error decoding PBCH!
[0m[1;31m[PHY]    [UE 0] frame 378, nr_slot_rx 0, Error decoding PBCH!
[0m[1;31m[PHY]    [UE 0] frame 380, nr_slot_rx 0, Error decoding PBCH!
[0m[1;31m[PHY]    [UE 0] frame 382, nr_slot_rx 0, Error decoding PBCH!
[0m[1;31m[PHY]    [UE 0] frame 384, nr_slot_rx 0, Error decoding PBCH!
[0m[1;31m[PHY]    [UE 0] frame 386, nr_slot_rx 0, Error decoding PBCH!
[0m[1;31m[PHY]    [UE 0] frame 388, nr_slot_rx 0, Error decoding PBCH!
[0m[1;31m[PHY]    [UE 0] frame 390, nr_slot_rx 0, Error decoding PBCH!
[0m[1;31m[PHY]    [UE 0] frame 392, nr_slot_rx 0, Error decoding PBCH!
[0m[1;31m[PHY]    [UE 0] frame 394, nr_slot_rx 0, Error decoding PBCH!
[0m[1;31m[PHY]    [UE 0] frame 396, nr_slot_rx 0, Error decoding PBCH!
[0m[1;31m[PHY]    [UE 0] frame 398, nr_slot_rx 0, Error decoding PBCH!
[0m[1;31m[PHY]    [UE 0] frame 400, nr_slot_rx 0, Error decoding PBCH!
[0m[1;31m[PHY]    [UE 0] frame 402, nr_slot_rx 0, Error decoding PBCH!
[0m[1;31m[PHY]    [UE 0] frame 404, nr_slot_rx 0, Error decoding PBCH!
[0m[1;31m[PHY]    [UE 0] frame 406, nr_slot_rx 0, Error decoding PBCH!
[0m[1;31m[PHY]    [UE 0] frame 408, nr_slot_rx 0, Error decoding PBCH!
[0m[1;31m[PHY]    [UE 0] frame 410, nr_slot_rx 0, Error decoding PBCH!
[0m[1;31m[PHY]    [UE 0] frame 412, nr_slot_rx 0, Error decoding PBCH!
[0m[1;31m[PHY]    [UE 0] frame 414, nr_slot_rx 0, Error decoding PBCH!
[0m[1;31m[PHY]    [UE 0] frame 416, nr_slot_rx 0, Error decoding PBCH!
[0m[1;31m[PHY]    [UE 0] frame 418, nr_slot_rx 0, Error decoding PBCH!
[0m[1;31m[PHY]    [UE 0] frame 420, nr_slot_rx 0, Error decoding PBCH!
[0m[1;31m[PHY]    [UE 0] frame 422, nr_slot_rx 0, Error decoding PBCH!
[0m[1;31m[PHY]    [UE 0] frame 424, nr_slot_rx 0, Error decoding PBCH!
[0m[1;31m[PHY]    [UE 0] frame 426, nr_slot_rx 0, Error decoding PBCH!
[0m[1;31m[PHY]    [UE 0] frame 428, nr_slot_rx 0, Error decoding PBCH!
[0m[1;31m[PHY]    [UE 0] frame 430, nr_slot_rx 0, Error decoding PBCH!
[0m[1;31m[PHY]    [UE 0] frame 432, nr_slot_rx 0, Error decoding PBCH!
[0m[1;31m[PHY]    [UE 0] frame 434, nr_slot_rx 0, Error decoding PBCH!
[0m[1;31m[PHY]    [UE 0] frame 436, nr_slot_rx 0, Error decoding PBCH!
[0m[1;31m[PHY]    [UE 0] frame 438, nr_slot_rx 0, Error decoding PBCH!
[0m[1;31m[PHY]    [UE 0] frame 440, nr_slot_rx 0, Error decoding PBCH!
[0m[1;31m[PHY]    [UE 0] frame 442, nr_slot_rx 0, Error decoding PBCH!
[0m[1;31m[PHY]    [UE 0] frame 444, nr_slot_rx 0, Error decoding PBCH!
[0m[1;31m[PHY]    [UE 0] frame 446, nr_slot_rx 0, Error decoding PBCH!
[0m[1;31m[PHY]    [UE 0] frame 448, nr_slot_rx 0, Error decoding PBCH!
[0m[1;31m[PHY]    [UE 0] frame 450, nr_slot_rx 0, Error decoding PBCH!
[0m[1;31m[PHY]    [UE 0] frame 452, nr_slot_rx 0, Error decoding PBCH!
[0m[1;31m[PHY]    [UE 0] frame 454, nr_slot_rx 0, Error decoding PBCH!
[0m[1;31m[PHY]    [UE 0] frame 456, nr_slot_rx 0, Error decoding PBCH!
[0m[1;31m[PHY]    [UE 0] frame 458, nr_slot_rx 0, Error decoding PBCH!
[0m[1;31m[PHY]    [UE 0] frame 460, nr_slot_rx 0, Error decoding PBCH!
[0m[1;31m[PHY]    [UE 0] frame 462, nr_slot_rx 0, Error decoding PBCH!
[0m[1;31m[PHY]    [UE 0] frame 464, nr_slot_rx 0, Error decoding PBCH!
[0m[1;31m[PHY]    [UE 0] frame 466, nr_slot_rx 0, Error decoding PBCH!
[0m[1;31m[PHY]    [UE 0] frame 468, nr_slot_rx 0, Error decoding PBCH!
[0m[1;31m[PHY]    [UE 0] frame 470, nr_slot_rx 0, Error decoding PBCH!
[0m[1;31m[PHY]    [UE 0] frame 472, nr_slot_rx 0, Error decoding PBCH!
[0m[1;31m[PHY]    [UE 0] frame 474, nr_slot_rx 0, Error decoding PBCH!
[0m[1;31m[PHY]    [UE 0] frame 476, nr_slot_rx 0, Error decoding PBCH!
[0m[1;31m[PHY]    [UE 0] frame 478, nr_slot_rx 0, Error decoding PBCH!
[0m[1;31m[PHY]    [UE 0] frame 480, nr_slot_rx 0, Error decoding PBCH!
[0m[1;31m[PHY]    [UE 0] frame 482, nr_slot_rx 0, Error decoding PBCH!
[0m[1;31m[PHY]    [UE 0] frame 484, nr_slot_rx 0, Error decoding PBCH!
[0m[1;31m[PHY]    [UE 0] frame 486, nr_slot_rx 0, Error decoding PBCH!
[0m[1;31m[PHY]    [UE 0] frame 488, nr_slot_rx 0, Error decoding PBCH!
[0m[1;31m[PHY]    [UE 0] frame 490, nr_slot_rx 0, Error decoding PBCH!
[0m[1;31m[PHY]    [UE 0] frame 492, nr_slot_rx 0, Error decoding PBCH!
[0m[1;31m[PHY]    [UE 0] frame 494, nr_slot_rx 0, Error decoding PBCH!
[0m[93m[NR_RRC] [UE 0] Timer T310 expired
[0m[NR_RRC] RRC moved into IDLE state
[0m[1;31m[PHY]    [UE 0] frame 496, nr_slot_rx 0, Error decoding PBCH!
[0m[NAS]    [UE 0] Received NR_NAS_CONN_RELEASE_IND: cause OTHER
[0m[NR_MAC] [UE0] Initializing MAC
[0m[93m[PHY]    SSB position provided
[0m[93m[NR_PHY] Starting sync detection
[0m[PHY]    [UE thread Synch] Running Initial Synch 
[0m[NR_PHY] Starting cell search with center freq: 4049760000, bandwidth: 24. Scanning for 1 number of GSCN.
[0m[NR_PHY] Scanning GSCN: 0, with SSB offset: 24, SSB Freq: 0.000000
[0m[1;31m[PHY]    synch Failed: 
[0m[93m[PHY]    SSB position provided
[0m[93m[NR_PHY] Starting sync detection
[0m[PHY]    [UE thread Synch] Running Initial Synch 
[0m[NR_PHY] Starting cell search with center freq: 4049760000, bandwidth: 24. Scanning for 1 number of GSCN.
[0m[NR_PHY] Scanning GSCN: 0, with SSB offset: 24, SSB Freq: 0.000000
[0m[1;31m[PHY]    synch Failed: 
[0m[93m[PHY]    SSB position provided
[0m[93m[NR_PHY] Starting sync detection
[0m[PHY]    [UE thread Synch] Running Initial Synch 
[0m[NR_PHY] Starting cell search with center freq: 4049760000, bandwidth: 24. Scanning for 1 number of GSCN.
[0m[NR_PHY] Scanning GSCN: 0, with SSB offset: 24, SSB Freq: 0.000000
[0m[1;31m[PHY]    synch Failed: 
[0m[93m[PHY]    SSB position provided
[0m[93m[NR_PHY] Starting sync detection
[0m[PHY]    [UE thread Synch] Running Initial Synch 
[0m[NR_PHY] Starting cell search with center freq: 4049760000, bandwidth: 24. Scanning for 1 number of GSCN.
[0m[NR_PHY] Scanning GSCN: 0, with SSB offset: 24, SSB Freq: 0.000000
[0m[1;31m[PHY]    synch Failed: 
[0m[93m[PHY]    SSB position provided
[0m[93m[NR_PHY] Starting sync detection
[0m[PHY]    [UE thread Synch] Running Initial Synch 
[0m[NR_PHY] Starting cell search with center freq: 4049760000, bandwidth: 24. Scanning for 1 number of GSCN.
[0m[NR_PHY] Scanning GSCN: 0, with SSB offset: 24, SSB Freq: 0.000000
[0m[1;31m[PHY]    synch Failed: 
[0m[93m[PHY]    SSB position provided
[0m[93m[NR_PHY] Starting sync detection
[0m[PHY]    [UE thread Synch] Running Initial Synch 
[0m[NR_PHY] Starting cell search with center freq: 4049760000, bandwidth: 24. Scanning for 1 number of GSCN.
[0m[NR_PHY] Scanning GSCN: 0, with SSB offset: 24, SSB Freq: 0.000000
[0m[1;31m[PHY]    synch Failed: 
[0m[93m[PHY]    SSB position provided
[0m[93m[NR_PHY] Starting sync detection
[0m[PHY]    [UE thread Synch] Running Initial Synch 
[0m[NR_PHY] Starting cell search with center freq: 4049760000, bandwidth: 24. Scanning for 1 number of GSCN.
[0m[NR_PHY] Scanning GSCN: 0, with SSB offset: 24, SSB Freq: 0.000000
[0m[1;31m[PHY]    synch Failed: 
[0m[93m[PHY]    SSB position provided
[0m[93m[NR_PHY] Starting sync detection
[0m[PHY]    [UE thread Synch] Running Initial Synch 
[0m[NR_PHY] Starting cell search with center freq: 4049760000, bandwidth: 24. Scanning for 1 number of GSCN.
[0m[NR_PHY] Scanning GSCN: 0, with SSB offset: 24, SSB Freq: 0.000000
[0m[1;31m[PHY]    synch Failed: 
[0m[93m[PHY]    SSB position provided
[0m[93m[NR_PHY] Starting sync detection
[0m[PHY]    [UE thread Synch] Running Initial Synch 
[0m[NR_PHY] Starting cell search with center freq: 4049760000, bandwidth: 24. Scanning for 1 number of GSCN.
[0m[NR_PHY] Scanning GSCN: 0, with SSB offset: 24, SSB Freq: 0.000000
[0m[1;31m[PHY]    synch Failed: 
[0m[93m[PHY]    SSB position provided
[0m[93m[NR_PHY] Starting sync detection
[0m[PHY]    [UE thread Synch] Running Initial Synch 
[0m[NR_PHY] Starting cell search with center freq: 4049760000, bandwidth: 24. Scanning for 1 number of GSCN.
[0m[NR_PHY] Scanning GSCN: 0, with SSB offset: 24, SSB Freq: 0.000000
[0m[1;31m[PHY]    synch Failed: 
[0m[93m[PHY]    SSB position provided
[0m[93m[NR_PHY] Starting sync detection
[0m[PHY]    [UE thread Synch] Running Initial Synch 
[0m[NR_PHY] Starting cell search with center freq: 4049760000, bandwidth: 24. Scanning for 1 number of GSCN.
[0m[NR_PHY] Scanning GSCN: 0, with SSB offset: 24, SSB Freq: 0.000000
[0m[1;31m[PHY]    synch Failed: 
[0m[93m[PHY]    SSB position provided
[0m[93m[NR_PHY] Starting sync detection
[0m[PHY]    [UE thread Synch] Running Initial Synch 
[0m[NR_PHY] Starting cell search with center freq: 4049760000, bandwidth: 24. Scanning for 1 number of GSCN.
[0m[NR_PHY] Scanning GSCN: 0, with SSB offset: 24, SSB Freq: 0.000000
[0m[1;31m[PHY]    synch Failed: 
[0m[93m[PHY]    SSB position provided
[0m[93m[NR_PHY] Starting sync detection
[0m[PHY]    [UE thread Synch] Running Initial Synch 
[0m[NR_PHY] Starting cell search with center freq: 4049760000, bandwidth: 24. Scanning for 1 number of GSCN.
[0m[NR_PHY] Scanning GSCN: 0, with SSB offset: 24, SSB Freq: 0.000000
[0m[1;31m[PHY]    synch Failed: 
[0m[93m[PHY]    SSB position provided
[0m[93m[NR_PHY] Starting sync detection
[0m[PHY]    [UE thread Synch] Running Initial Synch 
[0m[NR_PHY] Starting cell search with center freq: 4049760000, bandwidth: 24. Scanning for 1 number of GSCN.
[0m[NR_PHY] Scanning GSCN: 0, with SSB offset: 24, SSB Freq: 0.000000
[0m[1;31m[PHY]    synch Failed: 
[0m[93m[PHY]    SSB position provided
[0m[93m[NR_PHY] Starting sync detection
[0m[PHY]    [UE thread Synch] Running Initial Synch 
[0m[NR_PHY] Starting cell search with center freq: 4049760000, bandwidth: 24. Scanning for 1 number of GSCN.
[0m[NR_PHY] Scanning GSCN: 0, with SSB offset: 24, SSB Freq: 0.000000
[0m[1;31m[PHY]    synch Failed: 
[0m[93m[PHY]    SSB position provided
[0m[93m[NR_PHY] Starting sync detection
[0m[PHY]    [UE thread Synch] Running Initial Synch 
[0m[NR_PHY] Starting cell search with center freq: 4049760000, bandwidth: 24. Scanning for 1 number of GSCN.
[0m[NR_PHY] Scanning GSCN: 0, with SSB offset: 24, SSB Freq: 0.000000
[0m[1;31m[PHY]    synch Failed: 
[0m[93m[PHY]    SSB position provided
[0m[93m[NR_PHY] Starting sync detection
[0m[PHY]    [UE thread Synch] Running Initial Synch 
[0m[NR_PHY] Starting cell search with center freq: 4049760000, bandwidth: 24. Scanning for 1 number of GSCN.
[0m[NR_PHY] Scanning GSCN: 0, with SSB offset: 24, SSB Freq: 0.000000
[0m[1;31m[PHY]    synch Failed: 
[0m[93m[PHY]    SSB position provided
[0m[93m[NR_PHY] Starting sync detection
[0m[PHY]    [UE thread Synch] Running Initial Synch 
[0m[NR_PHY] Starting cell search with center freq: 4049760000, bandwidth: 24. Scanning for 1 number of GSCN.
[0m[NR_PHY] Scanning GSCN: 0, with SSB offset: 24, SSB Freq: 0.000000
[0m[1;31m[PHY]    synch Failed: 
[0m[93m[PHY]    SSB position provided
[0m[93m[NR_PHY] Starting sync detection
[0m[PHY]    [UE thread Synch] Running Initial Synch 
[0m[NR_PHY] Starting cell search with center freq: 4049760000, bandwidth: 24. Scanning for 1 number of GSCN.
[0m[NR_PHY] Scanning GSCN: 0, with SSB offset: 24, SSB Freq: 0.000000
[0m[1;31m[PHY]    synch Failed: 
[0m[93m[PHY]    SSB position provided
[0m[93m[NR_PHY] Starting sync detection
[0m[PHY]    [UE thread Synch] Running Initial Synch 
[0m[NR_PHY] Starting cell search with center freq: 4049760000, bandwidth: 24. Scanning for 1 number of GSCN.
[0m[NR_PHY] Scanning GSCN: 0, with SSB offset: 24, SSB Freq: 0.000000
[0m[1;31m[PHY]    synch Failed: 
[0m[93m[PHY]    SSB position provided
[0m[93m[NR_PHY] Starting sync detection
[0m[PHY]    [UE thread Synch] Running Initial Synch 
[0m[NR_PHY] Starting cell search with center freq: 4049760000, bandwidth: 24. Scanning for 1 number of GSCN.
[0m[NR_PHY] Scanning GSCN: 0, with SSB offset: 24, SSB Freq: 0.000000
[0m[1;31m[PHY]    synch Failed: 
[0m[93m[PHY]    SSB position provided
[0m[93m[NR_PHY] Starting sync detection
[0m[PHY]    [UE thread Synch] Running Initial Synch 
[0m[NR_PHY] Starting cell search with center freq: 4049760000, bandwidth: 24. Scanning for 1 number of GSCN.
[0m[NR_PHY] Scanning GSCN: 0, with SSB offset: 24, SSB Freq: 0.000000
[0m[1;31m[PHY]    synch Failed: 
[0m[93m[PHY]    SSB position provided
[0m[93m[NR_PHY] Starting sync detection
[0m[PHY]    [UE thread Synch] Running Initial Synch 
[0m[NR_PHY] Starting cell search with center freq: 4049760000, bandwidth: 24. Scanning for 1 number of GSCN.
[0m[NR_PHY] Scanning GSCN: 0, with SSB offset: 24, SSB Freq: 0.000000
[0m[1;31m[PHY]    synch Failed: 
[0m[93m[PHY]    SSB position provided
[0m[93m[NR_PHY] Starting sync detection
[0m[PHY]    [UE thread Synch] Running Initial Synch 
[0m[NR_PHY] Starting cell search with center freq: 4049760000, bandwidth: 24. Scanning for 1 number of GSCN.
[0m[NR_PHY] Scanning GSCN: 0, with SSB offset: 24, SSB Freq: 0.000000
[0m[1;31m[PHY]    synch Failed: 
[0m[93m[PHY]    SSB position provided
[0m[93m[NR_PHY] Starting sync detection
[0m[PHY]    [UE thread Synch] Running Initial Synch 
[0m[NR_PHY] Starting cell search with center freq: 4049760000, bandwidth: 24. Scanning for 1 number of GSCN.
[0m[NR_PHY] Scanning GSCN: 0, with SSB offset: 24, SSB Freq: 0.000000
[0m[1;31m[PHY]    synch Failed: 
[0m[93m[PHY]    SSB position provided
[0m[93m[NR_PHY] Starting sync detection
[0m[PHY]    [UE thread Synch] Running Initial Synch 
[0m[NR_PHY] Starting cell search with center freq: 4049760000, bandwidth: 24. Scanning for 1 number of GSCN.
[0m[NR_PHY] Scanning GSCN: 0, with SSB offset: 24, SSB Freq: 0.000000
[0m[1;31m[PHY]    synch Failed: 
[0m[93m[PHY]    SSB position provided
[0m[93m[NR_PHY] Starting sync detection
[0m[PHY]    [UE thread Synch] Running Initial Synch 
[0m[NR_PHY] Starting cell search with center freq: 4049760000, bandwidth: 24. Scanning for 1 number of GSCN.
[0m[NR_PHY] Scanning GSCN: 0, with SSB offset: 24, SSB Freq: 0.000000
[0m[1;31m[PHY]    synch Failed: 
[0m[93m[PHY]    SSB position provided
[0m[93m[NR_PHY] Starting sync detection
[0m[PHY]    [UE thread Synch] Running Initial Synch 
[0m[NR_PHY] Starting cell search with center freq: 4049760000, bandwidth: 24. Scanning for 1 number of GSCN.
[0m[NR_PHY] Scanning GSCN: 0, with SSB offset: 24, SSB Freq: 0.000000
[0m[1;31m[PHY]    synch Failed: 
[0m[93m[PHY]    SSB position provided
[0m[93m[NR_PHY] Starting sync detection
[0m[PHY]    [UE thread Synch] Running Initial Synch 
[0m[NR_PHY] Starting cell search with center freq: 4049760000, bandwidth: 24. Scanning for 1 number of GSCN.
[0m[NR_PHY] Scanning GSCN: 0, with SSB offset: 24, SSB Freq: 0.000000
[0m[1;31m[PHY]    synch Failed: 
[0m[93m[PHY]    SSB position provided
[0m[93m[NR_PHY] Starting sync detection
[0m[PHY]    [UE thread Synch] Running Initial Synch 
[0m[NR_PHY] Starting cell search with center freq: 4049760000, bandwidth: 24. Scanning for 1 number of GSCN.
[0m[NR_PHY] Scanning GSCN: 0, with SSB offset: 24, SSB Freq: 0.000000
[0m[1;31m[PHY]    synch Failed: 
[0m[93m[PHY]    SSB position provided
[0m[93m[NR_PHY] Starting sync detection
[0m[PHY]    [UE thread Synch] Running Initial Synch 
[0m[NR_PHY] Starting cell search with center freq: 4049760000, bandwidth: 24. Scanning for 1 number of GSCN.
[0m[NR_PHY] Scanning GSCN: 0, with SSB offset: 24, SSB Freq: 0.000000
[0m[1;31m[PHY]    synch Failed: 
[0m[93m[PHY]    SSB position provided
[0m[93m[NR_PHY] Starting sync detection
[0m[PHY]    [UE thread Synch] Running Initial Synch 
[0m[NR_PHY] Starting cell search with center freq: 4049760000, bandwidth: 24. Scanning for 1 number of GSCN.
[0m[NR_PHY] Scanning GSCN: 0, with SSB offset: 24, SSB Freq: 0.000000
[0m[1;31m[PHY]    synch Failed: 
[0m[93m[PHY]    SSB position provided
[0m[93m[NR_PHY] Starting sync detection
[0m[PHY]    [UE thread Synch] Running Initial Synch 
[0m[NR_PHY] Starting cell search with center freq: 4049760000, bandwidth: 24. Scanning for 1 number of GSCN.
[0m[NR_PHY] Scanning GSCN: 0, with SSB offset: 24, SSB Freq: 0.000000
[0m[1;31m[PHY]    synch Failed: 
[0m[93m[PHY]    SSB position provided
[0m[93m[NR_PHY] Starting sync detection
[0m[PHY]    [UE thread Synch] Running Initial Synch 
[0m[NR_PHY] Starting cell search with center freq: 4049760000, bandwidth: 24. Scanning for 1 number of GSCN.
[0m[NR_PHY] Scanning GSCN: 0, with SSB offset: 24, SSB Freq: 0.000000
[0m[1;31m[PHY]    synch Failed: 
[0m[93m[PHY]    SSB position provided
[0m[93m[NR_PHY] Starting sync detection
[0m[PHY]    [UE thread Synch] Running Initial Synch 
[0m[NR_PHY] Starting cell search with center freq: 4049760000, bandwidth: 24. Scanning for 1 number of GSCN.
[0m[NR_PHY] Scanning GSCN: 0, with SSB offset: 24, SSB Freq: 0.000000
[0m[1;31m[PHY]    synch Failed: 
[0m[93m[PHY]    SSB position provided
[0m[93m[NR_PHY] Starting sync detection
[0m[PHY]    [UE thread Synch] Running Initial Synch 
[0m[NR_PHY] Starting cell search with center freq: 4049760000, bandwidth: 24. Scanning for 1 number of GSCN.
[0m[NR_PHY] Scanning GSCN: 0, with SSB offset: 24, SSB Freq: 0.000000
[0m[1;31m[PHY]    synch Failed: 
[0m[93m[PHY]    SSB position provided
[0m[93m[NR_PHY] Starting sync detection
[0m[PHY]    [UE thread Synch] Running Initial Synch 
[0m[NR_PHY] Starting cell search with center freq: 4049760000, bandwidth: 24. Scanning for 1 number of GSCN.
[0m[NR_PHY] Scanning GSCN: 0, with SSB offset: 24, SSB Freq: 0.000000
[0m[1;31m[PHY]    synch Failed: 
[0m[93m[PHY]    SSB position provided
[0m[93m[NR_PHY] Starting sync detection
[0m[PHY]    [UE thread Synch] Running Initial Synch 
[0m[NR_PHY] Starting cell search with center freq: 4049760000, bandwidth: 24. Scanning for 1 number of GSCN.
[0m[NR_PHY] Scanning GSCN: 0, with SSB offset: 24, SSB Freq: 0.000000
[0m[1;31m[PHY]    synch Failed: 
[0m[93m[PHY]    SSB position provided
[0m[93m[NR_PHY] Starting sync detection
[0m[PHY]    [UE thread Synch] Running Initial Synch 
[0m[NR_PHY] Starting cell search with center freq: 4049760000, bandwidth: 24. Scanning for 1 number of GSCN.
[0m[NR_PHY] Scanning GSCN: 0, with SSB offset: 24, SSB Freq: 0.000000
[0m[1;31m[PHY]    synch Failed: 
[0m[93m[PHY]    SSB position provided
[0m[93m[NR_PHY] Starting sync detection
[0m[PHY]    [UE thread Synch] Running Initial Synch 
[0m[NR_PHY] Starting cell search with center freq: 4049760000, bandwidth: 24. Scanning for 1 number of GSCN.
[0m[NR_PHY] Scanning GSCN: 0, with SSB offset: 24, SSB Freq: 0.000000
[0m[1;31m[PHY]    synch Failed: 
[0m[93m[PHY]    SSB position provided
[0m[93m[NR_PHY] Starting sync detection
[0m[PHY]    [UE thread Synch] Running Initial Synch 
[0m[NR_PHY] Starting cell search with center freq: 4049760000, bandwidth: 24. Scanning for 1 number of GSCN.
[0m[NR_PHY] Scanning GSCN: 0, with SSB offset: 24, SSB Freq: 0.000000
[0m[1;31m[PHY]    synch Failed: 
[0m[93m[PHY]    SSB position provided
[0m[93m[NR_PHY] Starting sync detection
[0m[PHY]    [UE thread Synch] Running Initial Synch 
[0m[NR_PHY] Starting cell search with center freq: 4049760000, bandwidth: 24. Scanning for 1 number of GSCN.
[0m[NR_PHY] Scanning GSCN: 0, with SSB offset: 24, SSB Freq: 0.000000
[0m[1;31m[PHY]    synch Failed: 
[0m[93m[PHY]    SSB position provided
[0m[93m[NR_PHY] Starting sync detection
[0m[PHY]    [UE thread Synch] Running Initial Synch 
[0m[NR_PHY] Starting cell search with center freq: 4049760000, bandwidth: 24. Scanning for 1 number of GSCN.
[0m[NR_PHY] Scanning GSCN: 0, with SSB offset: 24, SSB Freq: 0.000000
[0m[1;31m[PHY]    synch Failed: 
[0m[93m[PHY]    SSB position provided
[0m[93m[NR_PHY] Starting sync detection
[0m[PHY]    [UE thread Synch] Running Initial Synch 
[0m[NR_PHY] Starting cell search with center freq: 4049760000, bandwidth: 24. Scanning for 1 number of GSCN.
[0m[NR_PHY] Scanning GSCN: 0, with SSB offset: 24, SSB Freq: 0.000000
[0m[1;31m[PHY]    synch Failed: 
[0m[93m[PHY]    SSB position provided
[0m[93m[NR_PHY] Starting sync detection
[0m[PHY]    [UE thread Synch] Running Initial Synch 
[0m[NR_PHY] Starting cell search with center freq: 4049760000, bandwidth: 24. Scanning for 1 number of GSCN.
[0m[NR_PHY] Scanning GSCN: 0, with SSB offset: 24, SSB Freq: 0.000000
[0m[1;31m[PHY]    synch Failed: 
[0m[93m[PHY]    SSB position provided
[0m[93m[NR_PHY] Starting sync detection
[0m[PHY]    [UE thread Synch] Running Initial Synch 
[0m[NR_PHY] Starting cell search with center freq: 4049760000, bandwidth: 24. Scanning for 1 number of GSCN.
[0m[NR_PHY] Scanning GSCN: 0, with SSB offset: 24, SSB Freq: 0.000000
[0m[1;31m[PHY]    synch Failed: 
[0m[93m[PHY]    SSB position provided
[0m[93m[NR_PHY] Starting sync detection
[0m[PHY]    [UE thread Synch] Running Initial Synch 
[0m[NR_PHY] Starting cell search with center freq: 4049760000, bandwidth: 24. Scanning for 1 number of GSCN.
[0m[NR_PHY] Scanning GSCN: 0, with SSB offset: 24, SSB Freq: 0.000000
[0m[1;31m[PHY]    synch Failed: 
[0m[93m[PHY]    SSB position provided
[0m[93m[NR_PHY] Starting sync detection
[0m[PHY]    [UE thread Synch] Running Initial Synch 
[0m[NR_PHY] Starting cell search with center freq: 4049760000, bandwidth: 24. Scanning for 1 number of GSCN.
[0m[NR_PHY] Scanning GSCN: 0, with SSB offset: 24, SSB Freq: 0.000000
[0m[1;31m[PHY]    synch Failed: 
[0m[93m[PHY]    SSB position provided
[0m[93m[NR_PHY] Starting sync detection
[0m[PHY]    [UE thread Synch] Running Initial Synch 
[0m[NR_PHY] Starting cell search with center freq: 4049760000, bandwidth: 24. Scanning for 1 number of GSCN.
[0m[NR_PHY] Scanning GSCN: 0, with SSB offset: 24, SSB Freq: 0.000000
[0m[1;31m[PHY]    synch Failed: 
[0m[93m[PHY]    SSB position provided
[0m[93m[NR_PHY] Starting sync detection
[0m[PHY]    [UE thread Synch] Running Initial Synch 
[0m[NR_PHY] Starting cell search with center freq: 4049760000, bandwidth: 24. Scanning for 1 number of GSCN.
[0m[NR_PHY] Scanning GSCN: 0, with SSB offset: 24, SSB Freq: 0.000000
[0m[1;31m[PHY]    synch Failed: 
[0m[93m[PHY]    SSB position provided
[0m[93m[NR_PHY] Starting sync detection
[0m[PHY]    [UE thread Synch] Running Initial Synch 
[0m[NR_PHY] Starting cell search with center freq: 4049760000, bandwidth: 24. Scanning for 1 number of GSCN.
[0m[NR_PHY] Scanning GSCN: 0, with SSB offset: 24, SSB Freq: 0.000000
[0m[1;31m[PHY]    synch Failed: 
[0m[93m[PHY]    SSB position provided
[0m[93m[NR_PHY] Starting sync detection
[0m[PHY]    [UE thread Synch] Running Initial Synch 
[0m[NR_PHY] Starting cell search with center freq: 4049760000, bandwidth: 24. Scanning for 1 number of GSCN.
[0m[NR_PHY] Scanning GSCN: 0, with SSB offset: 24, SSB Freq: 0.000000
[0m[1;31m[PHY]    synch Failed: 
[0m[93m[PHY]    SSB position provided
[0m[93m[NR_PHY] Starting sync detection
[0m[PHY]    [UE thread Synch] Running Initial Synch 
[0m[NR_PHY] Starting cell search with center freq: 4049760000, bandwidth: 24. Scanning for 1 number of GSCN.
[0m[NR_PHY] Scanning GSCN: 0, with SSB offset: 24, SSB Freq: 0.000000
[0m[1;31m[PHY]    synch Failed: 
[0m[93m[PHY]    SSB position provided
[0m[93m[NR_PHY] Starting sync detection
[0m[PHY]    [UE thread Synch] Running Initial Synch 
[0m[NR_PHY] Starting cell search with center freq: 4049760000, bandwidth: 24. Scanning for 1 number of GSCN.
[0m[NR_PHY] Scanning GSCN: 0, with SSB offset: 24, SSB Freq: 0.000000
[0m[1;31m[PHY]    synch Failed: 
[0m[93m[PHY]    SSB position provided
[0m[93m[NR_PHY] Starting sync detection
[0m[PHY]    [UE thread Synch] Running Initial Synch 
[0m[NR_PHY] Starting cell search with center freq: 4049760000, bandwidth: 24. Scanning for 1 number of GSCN.
[0m[NR_PHY] Scanning GSCN: 0, with SSB offset: 24, SSB Freq: 0.000000
[0m[1;31m[PHY]    synch Failed: 
[0m[93m[PHY]    SSB position provided
[0m[93m[NR_PHY] Starting sync detection
[0m[PHY]    [UE thread Synch] Running Initial Synch 
[0m[NR_PHY] Starting cell search with center freq: 4049760000, bandwidth: 24. Scanning for 1 number of GSCN.
[0m[NR_PHY] Scanning GSCN: 0, with SSB offset: 24, SSB Freq: 0.000000
[0m[1;31m[PHY]    synch Failed: 
[0m[93m[PHY]    SSB position provided
[0m[93m[NR_PHY] Starting sync detection
[0m[PHY]    [UE thread Synch] Running Initial Synch 
[0m[NR_PHY] Starting cell search with center freq: 4049760000, bandwidth: 24. Scanning for 1 number of GSCN.
[0m[NR_PHY] Scanning GSCN: 0, with SSB offset: 24, SSB Freq: 0.000000
[0m[1;31m[PHY]    synch Failed: 
[0m[93m[PHY]    SSB position provided
[0m[93m[NR_PHY] Starting sync detection
[0m[PHY]    [UE thread Synch] Running Initial Synch 
[0m[NR_PHY] Starting cell search with center freq: 4049760000, bandwidth: 24. Scanning for 1 number of GSCN.
[0m[NR_PHY] Scanning GSCN: 0, with SSB offset: 24, SSB Freq: 0.000000
[0m[1;31m[PHY]    synch Failed: 
[0m[93m[PHY]    SSB position provided
[0m[93m[NR_PHY] Starting sync detection
[0m[PHY]    [UE thread Synch] Running Initial Synch 
[0m[NR_PHY] Starting cell search with center freq: 4049760000, bandwidth: 24. Scanning for 1 number of GSCN.
[0m[NR_PHY] Scanning GSCN: 0, with SSB offset: 24, SSB Freq: 0.000000
[0m[1;31m[PHY]    synch Failed: 
[0m[93m[PHY]    SSB position provided
[0m[93m[NR_PHY] Starting sync detection
[0m[PHY]    [UE thread Synch] Running Initial Synch 
[0m[NR_PHY] Starting cell search with center freq: 4049760000, bandwidth: 24. Scanning for 1 number of GSCN.
[0m[NR_PHY] Scanning GSCN: 0, with SSB offset: 24, SSB Freq: 0.000000
[0m[1;31m[PHY]    synch Failed: 
[0m[93m[PHY]    SSB position provided
[0m[93m[NR_PHY] Starting sync detection
[0m[PHY]    [UE thread Synch] Running Initial Synch 
[0m[NR_PHY] Starting cell search with center freq: 4049760000, bandwidth: 24. Scanning for 1 number of GSCN.
[0m[NR_PHY] Scanning GSCN: 0, with SSB offset: 24, SSB Freq: 0.000000
[0m[1;31m[PHY]    synch Failed: 
[0m[93m[PHY]    SSB position provided
[0m[93m[NR_PHY] Starting sync detection
[0m[PHY]    [UE thread Synch] Running Initial Synch 
[0m[NR_PHY] Starting cell search with center freq: 4049760000, bandwidth: 24. Scanning for 1 number of GSCN.
[0m[NR_PHY] Scanning GSCN: 0, with SSB offset: 24, SSB Freq: 0.000000
[0m[1;31m[PHY]    synch Failed: 
[0m[93m[PHY]    SSB position provided
[0m[93m[NR_PHY] Starting sync detection
[0m[PHY]    [UE thread Synch] Running Initial Synch 
[0m[NR_PHY] Starting cell search with center freq: 4049760000, bandwidth: 24. Scanning for 1 number of GSCN.
[0m[NR_PHY] Scanning GSCN: 0, with SSB offset: 24, SSB Freq: 0.000000
[0m[1;31m[PHY]    synch Failed: 
[0m[93m[PHY]    SSB position provided
[0m[93m[NR_PHY] Starting sync detection
[0m[PHY]    [UE thread Synch] Running Initial Synch 
[0m[NR_PHY] Starting cell search with center freq: 4049760000, bandwidth: 24. Scanning for 1 number of GSCN.
[0m[NR_PHY] Scanning GSCN: 0, with SSB offset: 24, SSB Freq: 0.000000
[0m[1;31m[PHY]    synch Failed: 
[0m[93m[PHY]    SSB position provided
[0m[93m[NR_PHY] Starting sync detection
[0m[PHY]    [UE thread Synch] Running Initial Synch 
[0m[NR_PHY] Starting cell search with center freq: 4049760000, bandwidth: 24. Scanning for 1 number of GSCN.
[0m[NR_PHY] Scanning GSCN: 0, with SSB offset: 24, SSB Freq: 0.000000
[0m[1;31m[PHY]    synch Failed: 
[0m[93m[PHY]    SSB position provided
[0m[93m[NR_PHY] Starting sync detection
[0m[PHY]    [UE thread Synch] Running Initial Synch 
[0m[NR_PHY] Starting cell search with center freq: 4049760000, bandwidth: 24. Scanning for 1 number of GSCN.
[0m[NR_PHY] Scanning GSCN: 0, with SSB offset: 24, SSB Freq: 0.000000
[0m[1;31m[PHY]    synch Failed: 
[0m[93m[PHY]    SSB position provided
[0m[93m[NR_PHY] Starting sync detection
[0m[PHY]    [UE thread Synch] Running Initial Synch 
[0m[NR_PHY] Starting cell search with center freq: 4049760000, bandwidth: 24. Scanning for 1 number of GSCN.
[0m[NR_PHY] Scanning GSCN: 0, with SSB offset: 24, SSB Freq: 0.000000
[0m[1;31m[PHY]    synch Failed: 
[0m[93m[PHY]    SSB position provided
[0m[93m[NR_PHY] Starting sync detection
[0m[PHY]    [UE thread Synch] Running Initial Synch 
[0m[NR_PHY] Starting cell search with center freq: 4049760000, bandwidth: 24. Scanning for 1 number of GSCN.
[0m[NR_PHY] Scanning GSCN: 0, with SSB offset: 24, SSB Freq: 0.000000
[0m[1;31m[PHY]    synch Failed: 
[0m[93m[PHY]    SSB position provided
[0m[93m[NR_PHY] Starting sync detection
[0m[PHY]    [UE thread Synch] Running Initial Synch 
[0m[NR_PHY] Starting cell search with center freq: 4049760000, bandwidth: 24. Scanning for 1 number of GSCN.
[0m[NR_PHY] Scanning GSCN: 0, with SSB offset: 24, SSB Freq: 0.000000
[0m[1;31m[PHY]    synch Failed: 
[0m[93m[PHY]    SSB position provided
[0m[93m[NR_PHY] Starting sync detection
[0m[PHY]    [UE thread Synch] Running Initial Synch 
[0m[NR_PHY] Starting cell search with center freq: 4049760000, bandwidth: 24. Scanning for 1 number of GSCN.
[0m[NR_PHY] Scanning GSCN: 0, with SSB offset: 24, SSB Freq: 0.000000
[0m[1;31m[PHY]    synch Failed: 
[0m[93m[PHY]    SSB position provided
[0m[93m[NR_PHY] Starting sync detection
[0m[PHY]    [UE thread Synch] Running Initial Synch 
[0m[NR_PHY] Starting cell search with center freq: 4049760000, bandwidth: 24. Scanning for 1 number of GSCN.
[0m[NR_PHY] Scanning GSCN: 0, with SSB offset: 24, SSB Freq: 0.000000
[0m[1;31m[PHY]    synch Failed: 
[0m[93m[PHY]    SSB position provided
[0m[93m[NR_PHY] Starting sync detection
[0m[PHY]    [UE thread Synch] Running Initial Synch 
[0m[NR_PHY] Starting cell search with center freq: 4049760000, bandwidth: 24. Scanning for 1 number of GSCN.
[0m[NR_PHY] Scanning GSCN: 0, with SSB offset: 24, SSB Freq: 0.000000
[0m[1;31m[PHY]    synch Failed: 
[0m[93m[PHY]    SSB position provided
[0m[93m[NR_PHY] Starting sync detection
[0m[PHY]    [UE thread Synch] Running Initial Synch 
[0m[NR_PHY] Starting cell search with center freq: 4049760000, bandwidth: 24. Scanning for 1 number of GSCN.
[0m[NR_PHY] Scanning GSCN: 0, with SSB offset: 24, SSB Freq: 0.000000
[0m[1;31m[PHY]    synch Failed: 
[0m[93m[PHY]    SSB position provided
[0m[93m[NR_PHY] Starting sync detection
[0m[PHY]    [UE thread Synch] Running Initial Synch 
[0m[NR_PHY] Starting cell search with center freq: 4049760000, bandwidth: 24. Scanning for 1 number of GSCN.
[0m[NR_PHY] Scanning GSCN: 0, with SSB offset: 24, SSB Freq: 0.000000
[0m[1;31m[PHY]    synch Failed: 
[0m[93m[PHY]    SSB position provided
[0m[93m[NR_PHY] Starting sync detection
[0m[PHY]    [UE thread Synch] Running Initial Synch 
[0m[NR_PHY] Starting cell search with center freq: 4049760000, bandwidth: 24. Scanning for 1 number of GSCN.
[0m[NR_PHY] Scanning GSCN: 0, with SSB offset: 24, SSB Freq: 0.000000
[0m[1;31m[PHY]    synch Failed: 
[0m[93m[PHY]    SSB position provided
[0m[93m[NR_PHY] Starting sync detection
[0m[PHY]    [UE thread Synch] Running Initial Synch 
[0m[NR_PHY] Starting cell search with center freq: 4049760000, bandwidth: 24. Scanning for 1 number of GSCN.
[0m[NR_PHY] Scanning GSCN: 0, with SSB offset: 24, SSB Freq: 0.000000
[0m[1;31m[PHY]    synch Failed: 
[0m[93m[PHY]    SSB position provided
[0m[93m[NR_PHY] Starting sync detection
[0m[PHY]    [UE thread Synch] Running Initial Synch 
[0m[NR_PHY] Starting cell search with center freq: 4049760000, bandwidth: 24. Scanning for 1 number of GSCN.
[0m[NR_PHY] Scanning GSCN: 0, with SSB offset: 24, SSB Freq: 0.000000
[0m[1;31m[PHY]    synch Failed: 
[0m[93m[PHY]    SSB position provided
[0m[93m[NR_PHY] Starting sync detection
[0m[PHY]    [UE thread Synch] Running Initial Synch 
[0m[NR_PHY] Starting cell search with center freq: 4049760000, bandwidth: 24. Scanning for 1 number of GSCN.
[0m[NR_PHY] Scanning GSCN: 0, with SSB offset: 24, SSB Freq: 0.000000
[0m[1;31m[PHY]    synch Failed: 
[0m[93m[PHY]    SSB position provided
[0m[93m[NR_PHY] Starting sync detection
[0m[PHY]    [UE thread Synch] Running Initial Synch 
[0m[NR_PHY] Starting cell search with center freq: 4049760000, bandwidth: 24. Scanning for 1 number of GSCN.
[0m[NR_PHY] Scanning GSCN: 0, with SSB offset: 24, SSB Freq: 0.000000
[0m[1;31m[PHY]    synch Failed: 
[0m[93m[PHY]    SSB position provided
[0m[93m[NR_PHY] Starting sync detection
[0m[PHY]    [UE thread Synch] Running Initial Synch 
[0m[NR_PHY] Starting cell search with center freq: 4049760000, bandwidth: 24. Scanning for 1 number of GSCN.
[0m[NR_PHY] Scanning GSCN: 0, with SSB offset: 24, SSB Freq: 0.000000
[0m[1;31m[PHY]    synch Failed: 
[0m[93m[PHY]    SSB position provided
[0m[93m[NR_PHY] Starting sync detection
[0m[PHY]    [UE thread Synch] Running Initial Synch 
[0m[NR_PHY] Starting cell search with center freq: 4049760000, bandwidth: 24. Scanning for 1 number of GSCN.
[0m[NR_PHY] Scanning GSCN: 0, with SSB offset: 24, SSB Freq: 0.000000
[0m[1;31m[PHY]    synch Failed: 
[0m[93m[PHY]    SSB position provided
[0m[93m[NR_PHY] Starting sync detection
[0m[PHY]    [UE thread Synch] Running Initial Synch 
[0m[NR_PHY] Starting cell search with center freq: 4049760000, bandwidth: 24. Scanning for 1 number of GSCN.
[0m[NR_PHY] Scanning GSCN: 0, with SSB offset: 24, SSB Freq: 0.000000
[0m[1;31m[PHY]    synch Failed: 
[0m[93m[PHY]    SSB position provided
[0m[93m[NR_PHY] Starting sync detection
[0m[PHY]    [UE thread Synch] Running Initial Synch 
[0m[NR_PHY] Starting cell search with center freq: 4049760000, bandwidth: 24. Scanning for 1 number of GSCN.
[0m[NR_PHY] Scanning GSCN: 0, with SSB offset: 24, SSB Freq: 0.000000
[0m[1;31m[PHY]    synch Failed: 
[0m[93m[PHY]    SSB position provided
[0m[93m[NR_PHY] Starting sync detection
[0m[PHY]    [UE thread Synch] Running Initial Synch 
[0m[NR_PHY] Starting cell search with center freq: 4049760000, bandwidth: 24. Scanning for 1 number of GSCN.
[0m[NR_PHY] Scanning GSCN: 0, with SSB offset: 24, SSB Freq: 0.000000
[0m[1;31m[PHY]    synch Failed: 
[0m[93m[PHY]    SSB position provided
[0m[93m[NR_PHY] Starting sync detection
[0m[PHY]    [UE thread Synch] Running Initial Synch 
[0m[NR_PHY] Starting cell search with center freq: 4049760000, bandwidth: 24. Scanning for 1 number of GSCN.
[0m[NR_PHY] Scanning GSCN: 0, with SSB offset: 24, SSB Freq: 0.000000
[0m[1;31m[PHY]    synch Failed: 
[0m[93m[PHY]    SSB position provided
[0m[93m[NR_PHY] Starting sync detection
[0m[PHY]    [UE thread Synch] Running Initial Synch 
[0m[NR_PHY] Starting cell search with center freq: 4049760000, bandwidth: 24. Scanning for 1 number of GSCN.
[0m[NR_PHY] Scanning GSCN: 0, with SSB offset: 24, SSB Freq: 0.000000
[0m[1;31m[PHY]    synch Failed: 
[0m[93m[PHY]    SSB position provided
[0m[93m[NR_PHY] Starting sync detection
[0m[PHY]    [UE thread Synch] Running Initial Synch 
[0m[NR_PHY] Starting cell search with center freq: 4049760000, bandwidth: 24. Scanning for 1 number of GSCN.
[0m[NR_PHY] Scanning GSCN: 0, with SSB offset: 24, SSB Freq: 0.000000
[0m[1;31m[PHY]    synch Failed: 
[0m[93m[PHY]    SSB position provided
[0m[93m[NR_PHY] Starting sync detection
[0m[PHY]    [UE thread Synch] Running Initial Synch 
[0m[NR_PHY] Starting cell search with center freq: 4049760000, bandwidth: 24. Scanning for 1 number of GSCN.
[0m[NR_PHY] Scanning GSCN: 0, with SSB offset: 24, SSB Freq: 0.000000
[0m[1;31m[PHY]    synch Failed: 
[0m[93m[PHY]    SSB position provided
[0m[93m[NR_PHY] Starting sync detection
[0m[PHY]    [UE thread Synch] Running Initial Synch 
[0m[NR_PHY] Starting cell search with center freq: 4049760000, bandwidth: 24. Scanning for 1 number of GSCN.
[0m[NR_PHY] Scanning GSCN: 0, with SSB offset: 24, SSB Freq: 0.000000
[0m[1;31m[PHY]    synch Failed: 
[0m[93m[PHY]    SSB position provided
[0m[93m[NR_PHY] Starting sync detection
[0m[PHY]    [UE thread Synch] Running Initial Synch 
[0m[NR_PHY] Starting cell search with center freq: 4049760000, bandwidth: 24. Scanning for 1 number of GSCN.
[0m[NR_PHY] Scanning GSCN: 0, with SSB offset: 24, SSB Freq: 0.000000
[0m[1;31m[PHY]    synch Failed: 
[0m[93m[PHY]    SSB position provided
[0m[93m[NR_PHY] Starting sync detection
[0m[PHY]    [UE thread Synch] Running Initial Synch 
[0m[NR_PHY] Starting cell search with center freq: 4049760000, bandwidth: 24. Scanning for 1 number of GSCN.
[0m[NR_PHY] Scanning GSCN: 0, with SSB offset: 24, SSB Freq: 0.000000
[0m[1;31m[PHY]    synch Failed: 
[0m[93m[PHY]    SSB position provided
[0m[93m[NR_PHY] Starting sync detection
[0m[PHY]    [UE thread Synch] Running Initial Synch 
[0m[NR_PHY] Starting cell search with center freq: 4049760000, bandwidth: 24. Scanning for 1 number of GSCN.
[0m[NR_PHY] Scanning GSCN: 0, with SSB offset: 24, SSB Freq: 0.000000
[0m[1;31m[PHY]    synch Failed: 
[0m[93m[PHY]    SSB position provided
[0m[93m[NR_PHY] Starting sync detection
[0m[PHY]    [UE thread Synch] Running Initial Synch 
[0m[NR_PHY] Starting cell search with center freq: 4049760000, bandwidth: 24. Scanning for 1 number of GSCN.
[0m[NR_PHY] Scanning GSCN: 0, with SSB offset: 24, SSB Freq: 0.000000
[0m[1;31m[PHY]    synch Failed: 
[0m[93m[PHY]    SSB position provided
[0m[93m[NR_PHY] Starting sync detection
[0m[PHY]    [UE thread Synch] Running Initial Synch 
[0m[NR_PHY] Starting cell search with center freq: 4049760000, bandwidth: 24. Scanning for 1 number of GSCN.
[0m[NR_PHY] Scanning GSCN: 0, with SSB offset: 24, SSB Freq: 0.000000
[0m[1;31m[PHY]    synch Failed: 
[0m[93m[PHY]    SSB position provided
[0m[93m[NR_PHY] Starting sync detection
[0m[PHY]    [UE thread Synch] Running Initial Synch 
[0m[NR_PHY] Starting cell search with center freq: 4049760000, bandwidth: 24. Scanning for 1 number of GSCN.
[0m[NR_PHY] Scanning GSCN: 0, with SSB offset: 24, SSB Freq: 0.000000
[0m[1;31m[PHY]    synch Failed: 
[0m[93m[PHY]    SSB position provided
[0m[93m[NR_PHY] Starting sync detection
[0m[PHY]    [UE thread Synch] Running Initial Synch 
[0m[NR_PHY] Starting cell search with center freq: 4049760000, bandwidth: 24. Scanning for 1 number of GSCN.
[0m[NR_PHY] Scanning GSCN: 0, with SSB offset: 24, SSB Freq: 0.000000
[0m[1;31m[PHY]    synch Failed: 
[0m[93m[PHY]    SSB position provided
[0m[93m[NR_PHY] Starting sync detection
[0m[PHY]    [UE thread Synch] Running Initial Synch 
[0m[NR_PHY] Starting cell search with center freq: 4049760000, bandwidth: 24. Scanning for 1 number of GSCN.
[0m[NR_PHY] Scanning GSCN: 0, with SSB offset: 24, SSB Freq: 0.000000
[0m[1;31m[PHY]    synch Failed: 
[0m[93m[PHY]    SSB position provided
[0m[93m[NR_PHY] Starting sync detection
[0m[PHY]    [UE thread Synch] Running Initial Synch 
[0m[NR_PHY] Starting cell search with center freq: 4049760000, bandwidth: 24. Scanning for 1 number of GSCN.
[0m[NR_PHY] Scanning GSCN: 0, with SSB offset: 24, SSB Freq: 0.000000
[0m[1;31m[PHY]    synch Failed: 
[0m[93m[PHY]    SSB position provided
[0m[93m[NR_PHY] Starting sync detection
[0m[PHY]    [UE thread Synch] Running Initial Synch 
[0m[NR_PHY] Starting cell search with center freq: 4049760000, bandwidth: 24. Scanning for 1 number of GSCN.
[0m[NR_PHY] Scanning GSCN: 0, with SSB offset: 24, SSB Freq: 0.000000
[0m[1;31m[PHY]    synch Failed: 
[0m[93m[PHY]    SSB position provided
[0m[93m[NR_PHY] Starting sync detection
[0m[PHY]    [UE thread Synch] Running Initial Synch 
[0m[NR_PHY] Starting cell search with center freq: 4049760000, bandwidth: 24. Scanning for 1 number of GSCN.
[0m[NR_PHY] Scanning GSCN: 0, with SSB offset: 24, SSB Freq: 0.000000
[0m[1;31m[PHY]    synch Failed: 
[0m[93m[PHY]    SSB position provided
[0m[93m[NR_PHY] Starting sync detection
[0m[PHY]    [UE thread Synch] Running Initial Synch 
[0m[NR_PHY] Starting cell search with center freq: 4049760000, bandwidth: 24. Scanning for 1 number of GSCN.
[0m[NR_PHY] Scanning GSCN: 0, with SSB offset: 24, SSB Freq: 0.000000
[0m[1;31m[PHY]    synch Failed: 
[0m[93m[PHY]    SSB position provided
[0m[93m[NR_PHY] Starting sync detection
[0m[PHY]    [UE thread Synch] Running Initial Synch 
[0m[NR_PHY] Starting cell search with center freq: 4049760000, bandwidth: 24. Scanning for 1 number of GSCN.
[0m[NR_PHY] Scanning GSCN: 0, with SSB offset: 24, SSB Freq: 0.000000
[0m[1;31m[PHY]    synch Failed: 
[0m[93m[PHY]    SSB position provided
[0m[93m[NR_PHY] Starting sync detection
[0m[PHY]    [UE thread Synch] Running Initial Synch 
[0m[NR_PHY] Starting cell search with center freq: 4049760000, bandwidth: 24. Scanning for 1 number of GSCN.
[0m[NR_PHY] Scanning GSCN: 0, with SSB offset: 24, SSB Freq: 0.000000
[0m[1;31m[PHY]    synch Failed: 
[0m[93m[PHY]    SSB position provided
[0m[93m[NR_PHY] Starting sync detection
[0m[PHY]    [UE thread Synch] Running Initial Synch 
[0m[NR_PHY] Starting cell search with center freq: 4049760000, bandwidth: 24. Scanning for 1 number of GSCN.
[0m[NR_PHY] Scanning GSCN: 0, with SSB offset: 24, SSB Freq: 0.000000
[0m[1;31m[PHY]    synch Failed: 
[0m[93m[PHY]    SSB position provided
[0m[93m[NR_PHY] Starting sync detection
[0m[PHY]    [UE thread Synch] Running Initial Synch 
[0m[NR_PHY] Starting cell search with center freq: 4049760000, bandwidth: 24. Scanning for 1 number of GSCN.
[0m[NR_PHY] Scanning GSCN: 0, with SSB offset: 24, SSB Freq: 0.000000
[0m[1;31m[PHY]    synch Failed: 
[0m[93m[PHY]    SSB position provided
[0m[93m[NR_PHY] Starting sync detection
[0m[PHY]    [UE thread Synch] Running Initial Synch 
[0m[NR_PHY] Starting cell search with center freq: 4049760000, bandwidth: 24. Scanning for 1 number of GSCN.
[0m[NR_PHY] Scanning GSCN: 0, with SSB offset: 24, SSB Freq: 0.000000
[0m[1;31m[PHY]    synch Failed: 
[0m[93m[PHY]    SSB position provided
[0m[93m[NR_PHY] Starting sync detection
[0m[PHY]    [UE thread Synch] Running Initial Synch 
[0m[NR_PHY] Starting cell search with center freq: 4049760000, bandwidth: 24. Scanning for 1 number of GSCN.
[0m[NR_PHY] Scanning GSCN: 0, with SSB offset: 24, SSB Freq: 0.000000
[0m[1;31m[PHY]    synch Failed: 
[0m[93m[PHY]    SSB position provided
[0m[93m[NR_PHY] Starting sync detection
[0m[PHY]    [UE thread Synch] Running Initial Synch 
[0m[NR_PHY] Starting cell search with center freq: 4049760000, bandwidth: 24. Scanning for 1 number of GSCN.
[0m[NR_PHY] Scanning GSCN: 0, with SSB offset: 24, SSB Freq: 0.000000
[0m[1;31m[PHY]    synch Failed: 
[0m[93m[PHY]    SSB position provided
[0m[93m[NR_PHY] Starting sync detection
[0m[PHY]    [UE thread Synch] Running Initial Synch 
[0m[NR_PHY] Starting cell search with center freq: 4049760000, bandwidth: 24. Scanning for 1 number of GSCN.
[0m[NR_PHY] Scanning GSCN: 0, with SSB offset: 24, SSB Freq: 0.000000
[0m[1;31m[PHY]    synch Failed: 
[0m[93m[PHY]    SSB position provided
[0m[93m[NR_PHY] Starting sync detection
[0m[PHY]    [UE thread Synch] Running Initial Synch 
[0m[NR_PHY] Starting cell search with center freq: 4049760000, bandwidth: 24. Scanning for 1 number of GSCN.
[0m[NR_PHY] Scanning GSCN: 0, with SSB offset: 24, SSB Freq: 0.000000
[0m[1;31m[PHY]    synch Failed: 
[0m[93m[PHY]    SSB position provided
[0m[93m[NR_PHY] Starting sync detection
[0m[PHY]    [UE thread Synch] Running Initial Synch 
[0m[NR_PHY] Starting cell search with center freq: 4049760000, bandwidth: 24. Scanning for 1 number of GSCN.
[0m[NR_PHY] Scanning GSCN: 0, with SSB offset: 24, SSB Freq: 0.000000
[0m[1;31m[PHY]    synch Failed: 
[0m[93m[PHY]    SSB position provided
[0m[93m[NR_PHY] Starting sync detection
[0m[PHY]    [UE thread Synch] Running Initial Synch 
[0m[NR_PHY] Starting cell search with center freq: 4049760000, bandwidth: 24. Scanning for 1 number of GSCN.
[0m[NR_PHY] Scanning GSCN: 0, with SSB offset: 24, SSB Freq: 0.000000
[0m[1;31m[PHY]    synch Failed: 
[0m[93m[PHY]    SSB position provided
[0m[93m[NR_PHY] Starting sync detection
[0m[PHY]    [UE thread Synch] Running Initial Synch 
[0m[NR_PHY] Starting cell search with center freq: 4049760000, bandwidth: 24. Scanning for 1 number of GSCN.
[0m[NR_PHY] Scanning GSCN: 0, with SSB offset: 24, SSB Freq: 0.000000
[0m[1;31m[PHY]    synch Failed: 
[0m[93m[PHY]    SSB position provided
[0m[93m[NR_PHY] Starting sync detection
[0m[PHY]    [UE thread Synch] Running Initial Synch 
[0m[NR_PHY] Starting cell search with center freq: 4049760000, bandwidth: 24. Scanning for 1 number of GSCN.
[0m[NR_PHY] Scanning GSCN: 0, with SSB offset: 24, SSB Freq: 0.000000
[0m[1;31m[PHY]    synch Failed: 
[0m[93m[PHY]    SSB position provided
[0m[93m[NR_PHY] Starting sync detection
[0m[PHY]    [UE thread Synch] Running Initial Synch 
[0m[NR_PHY] Starting cell search with center freq: 4049760000, bandwidth: 24. Scanning for 1 number of GSCN.
[0m[NR_PHY] Scanning GSCN: 0, with SSB offset: 24, SSB Freq: 0.000000
[0m[1;31m[PHY]    synch Failed: 
[0m[93m[PHY]    SSB position provided
[0m[93m[NR_PHY] Starting sync detection
[0m[PHY]    [UE thread Synch] Running Initial Synch 
[0m[NR_PHY] Starting cell search with center freq: 4049760000, bandwidth: 24. Scanning for 1 number of GSCN.
[0m[NR_PHY] Scanning GSCN: 0, with SSB offset: 24, SSB Freq: 0.000000
[0m[1;31m[PHY]    synch Failed: 
[0m[93m[PHY]    SSB position provided
[0m[93m[NR_PHY] Starting sync detection
[0m[PHY]    [UE thread Synch] Running Initial Synch 
[0m[NR_PHY] Starting cell search with center freq: 4049760000, bandwidth: 24. Scanning for 1 number of GSCN.
[0m[NR_PHY] Scanning GSCN: 0, with SSB offset: 24, SSB Freq: 0.000000
[0m[1;31m[PHY]    synch Failed: 
[0m[93m[PHY]    SSB position provided
[0m[93m[NR_PHY] Starting sync detection
[0m[PHY]    [UE thread Synch] Running Initial Synch 
[0m[NR_PHY] Starting cell search with center freq: 4049760000, bandwidth: 24. Scanning for 1 number of GSCN.
[0m[NR_PHY] Scanning GSCN: 0, with SSB offset: 24, SSB Freq: 0.000000
[0m[1;31m[PHY]    synch Failed: 
[0m[93m[PHY]    SSB position provided
[0m[93m[NR_PHY] Starting sync detection
[0m[PHY]    [UE thread Synch] Running Initial Synch 
[0m[NR_PHY] Starting cell search with center freq: 4049760000, bandwidth: 24. Scanning for 1 number of GSCN.
[0m[NR_PHY] Scanning GSCN: 0, with SSB offset: 24, SSB Freq: 0.000000
[0m[1;31m[PHY]    synch Failed: 
[0m[93m[PHY]    SSB position provided
[0m[93m[NR_PHY] Starting sync detection
[0m[PHY]    [UE thread Synch] Running Initial Synch 
[0m[NR_PHY] Starting cell search with center freq: 4049760000, bandwidth: 24. Scanning for 1 number of GSCN.
[0m[NR_PHY] Scanning GSCN: 0, with SSB offset: 24, SSB Freq: 0.000000
[0m[1;31m[PHY]    synch Failed: 
[0m[93m[PHY]    SSB position provided
[0m[93m[NR_PHY] Starting sync detection
[0m[PHY]    [UE thread Synch] Running Initial Synch 
[0m[NR_PHY] Starting cell search with center freq: 4049760000, bandwidth: 24. Scanning for 1 number of GSCN.
[0m[NR_PHY] Scanning GSCN: 0, with SSB offset: 24, SSB Freq: 0.000000
[0m[1;31m[PHY]    synch Failed: 
[0m[93m[PHY]    SSB position provided
[0m[93m[NR_PHY] Starting sync detection
[0m[PHY]    [UE thread Synch] Running Initial Synch 
[0m[NR_PHY] Starting cell search with center freq: 4049760000, bandwidth: 24. Scanning for 1 number of GSCN.
[0m[NR_PHY] Scanning GSCN: 0, with SSB offset: 24, SSB Freq: 0.000000
[0m[1;31m[PHY]    synch Failed: 
[0m[93m[PHY]    SSB position provided
[0m[93m[NR_PHY] Starting sync detection
[0m[PHY]    [UE thread Synch] Running Initial Synch 
[0m[NR_PHY] Starting cell search with center freq: 4049760000, bandwidth: 24. Scanning for 1 number of GSCN.
[0m[NR_PHY] Scanning GSCN: 0, with SSB offset: 24, SSB Freq: 0.000000
[0m[1;31m[PHY]    synch Failed: 
[0m[93m[PHY]    SSB position provided
[0m[93m[NR_PHY] Starting sync detection
[0m[PHY]    [UE thread Synch] Running Initial Synch 
[0m[NR_PHY] Starting cell search with center freq: 4049760000, bandwidth: 24. Scanning for 1 number of GSCN.
[0m[NR_PHY] Scanning GSCN: 0, with SSB offset: 24, SSB Freq: 0.000000
[0m[1;31m[PHY]    synch Failed: 
[0m[93m[PHY]    SSB position provided
[0m[93m[NR_PHY] Starting sync detection
[0m[PHY]    [UE thread Synch] Running Initial Synch 
[0m[NR_PHY] Starting cell search with center freq: 4049760000, bandwidth: 24. Scanning for 1 number of GSCN.
[0m[NR_PHY] Scanning GSCN: 0, with SSB offset: 24, SSB Freq: 0.000000
[0m[1;31m[PHY]    synch Failed: 
[0m[93m[PHY]    SSB position provided
[0m[93m[NR_PHY] Starting sync detection
[0m[PHY]    [UE thread Synch] Running Initial Synch 
[0m[NR_PHY] Starting cell search with center freq: 4049760000, bandwidth: 24. Scanning for 1 number of GSCN.
[0m[NR_PHY] Scanning GSCN: 0, with SSB offset: 24, SSB Freq: 0.000000
[0m[1;31m[PHY]    synch Failed: 
[0m[93m[PHY]    SSB position provided
[0m[93m[NR_PHY] Starting sync detection
[0m[PHY]    [UE thread Synch] Running Initial Synch 
[0m[NR_PHY] Starting cell search with center freq: 4049760000, bandwidth: 24. Scanning for 1 number of GSCN.
[0m[NR_PHY] Scanning GSCN: 0, with SSB offset: 24, SSB Freq: 0.000000
[0m[1;31m[PHY]    synch Failed: 
[0m[93m[PHY]    SSB position provided
[0m[93m[NR_PHY] Starting sync detection
[0m[PHY]    [UE thread Synch] Running Initial Synch 
[0m[NR_PHY] Starting cell search with center freq: 4049760000, bandwidth: 24. Scanning for 1 number of GSCN.
[0m[NR_PHY] Scanning GSCN: 0, with SSB offset: 24, SSB Freq: 0.000000
[0m[1;31m[PHY]    synch Failed: 
[0m[93m[PHY]    SSB position provided
[0m[93m[NR_PHY] Starting sync detection
[0m[PHY]    [UE thread Synch] Running Initial Synch 
[0m[NR_PHY] Starting cell search with center freq: 4049760000, bandwidth: 24. Scanning for 1 number of GSCN.
[0m[NR_PHY] Scanning GSCN: 0, with SSB offset: 24, SSB Freq: 0.000000
[0m[1;31m[PHY]    synch Failed: 
[0m[93m[PHY]    SSB position provided
[0m[93m[NR_PHY] Starting sync detection
[0m[PHY]    [UE thread Synch] Running Initial Synch 
[0m[NR_PHY] Starting cell search with center freq: 4049760000, bandwidth: 24. Scanning for 1 number of GSCN.
[0m[NR_PHY] Scanning GSCN: 0, with SSB offset: 24, SSB Freq: 0.000000
[0m[1;31m[PHY]    synch Failed: 
[0m[93m[PHY]    SSB position provided
[0m[93m[NR_PHY] Starting sync detection
[0m[PHY]    [UE thread Synch] Running Initial Synch 
[0m[NR_PHY] Starting cell search with center freq: 4049760000, bandwidth: 24. Scanning for 1 number of GSCN.
[0m[NR_PHY] Scanning GSCN: 0, with SSB offset: 24, SSB Freq: 0.000000
[0m[1;31m[PHY]    synch Failed: 
[0m[93m[PHY]    SSB position provided
[0m[93m[NR_PHY] Starting sync detection
[0m[PHY]    [UE thread Synch] Running Initial Synch 
[0m[NR_PHY] Starting cell search with center freq: 4049760000, bandwidth: 24. Scanning for 1 number of GSCN.
[0m[NR_PHY] Scanning GSCN: 0, with SSB offset: 24, SSB Freq: 0.000000
[0m[1;31m[PHY]    synch Failed: 
[0m[93m[PHY]    SSB position provided
[0m[93m[NR_PHY] Starting sync detection
[0m[PHY]    [UE thread Synch] Running Initial Synch 
[0m[NR_PHY] Starting cell search with center freq: 4049760000, bandwidth: 24. Scanning for 1 number of GSCN.
[0m[NR_PHY] Scanning GSCN: 0, with SSB offset: 24, SSB Freq: 0.000000
[0m[1;31m[PHY]    synch Failed: 
[0m[93m[PHY]    SSB position provided
[0m[93m[NR_PHY] Starting sync detection
[0m[PHY]    [UE thread Synch] Running Initial Synch 
[0m[NR_PHY] Starting cell search with center freq: 4049760000, bandwidth: 24. Scanning for 1 number of GSCN.
[0m[NR_PHY] Scanning GSCN: 0, with SSB offset: 24, SSB Freq: 0.000000
[0m[1;31m[PHY]    synch Failed: 
[0m[93m[PHY]    SSB position provided
[0m[93m[NR_PHY] Starting sync detection
[0m[PHY]    [UE thread Synch] Running Initial Synch 
[0m[NR_PHY] Starting cell search with center freq: 4049760000, bandwidth: 24. Scanning for 1 number of GSCN.
[0m[NR_PHY] Scanning GSCN: 0, with SSB offset: 24, SSB Freq: 0.000000
[0m[1;31m[PHY]    synch Failed: 
[0m[93m[PHY]    SSB position provided
[0m[93m[NR_PHY] Starting sync detection
[0m[PHY]    [UE thread Synch] Running Initial Synch 
[0m[NR_PHY] Starting cell search with center freq: 4049760000, bandwidth: 24. Scanning for 1 number of GSCN.
[0m[NR_PHY] Scanning GSCN: 0, with SSB offset: 24, SSB Freq: 0.000000
[0m[1;31m[PHY]    synch Failed: 
[0m[93m[PHY]    SSB position provided
[0m[93m[NR_PHY] Starting sync detection
[0m[PHY]    [UE thread Synch] Running Initial Synch 
[0m[NR_PHY] Starting cell search with center freq: 4049760000, bandwidth: 24. Scanning for 1 number of GSCN.
[0m[NR_PHY] Scanning GSCN: 0, with SSB offset: 24, SSB Freq: 0.000000
[0m[1;31m[PHY]    synch Failed: 
[0m[93m[PHY]    SSB position provided
[0m[93m[NR_PHY] Starting sync detection
[0m[PHY]    [UE thread Synch] Running Initial Synch 
[0m[NR_PHY] Starting cell search with center freq: 4049760000, bandwidth: 24. Scanning for 1 number of GSCN.
[0m[NR_PHY] Scanning GSCN: 0, with SSB offset: 24, SSB Freq: 0.000000
[0m[1;31m[PHY]    synch Failed: 
[0m[93m[PHY]    SSB position provided
[0m[93m[NR_PHY] Starting sync detection
[0m[PHY]    [UE thread Synch] Running Initial Synch 
[0m[NR_PHY] Starting cell search with center freq: 4049760000, bandwidth: 24. Scanning for 1 number of GSCN.
[0m[NR_PHY] Scanning GSCN: 0, with SSB offset: 24, SSB Freq: 0.000000
[0m[1;31m[PHY]    synch Failed: 
[0m[93m[PHY]    SSB position provided
[0m[93m[NR_PHY] Starting sync detection
[0m[PHY]    [UE thread Synch] Running Initial Synch 
[0m[NR_PHY] Starting cell search with center freq: 4049760000, bandwidth: 24. Scanning for 1 number of GSCN.
[0m[NR_PHY] Scanning GSCN: 0, with SSB offset: 24, SSB Freq: 0.000000
[0m[1;31m[PHY]    synch Failed: 
[0m[93m[PHY]    SSB position provided
[0m[93m[NR_PHY] Starting sync detection
[0m[PHY]    [UE thread Synch] Running Initial Synch 
[0m[NR_PHY] Starting cell search with center freq: 4049760000, bandwidth: 24. Scanning for 1 number of GSCN.
[0m[NR_PHY] Scanning GSCN: 0, with SSB offset: 24, SSB Freq: 0.000000
[0m[1;31m[PHY]    synch Failed: 
[0m[93m[PHY]    SSB position provided
[0m[93m[NR_PHY] Starting sync detection
[0m[PHY]    [UE thread Synch] Running Initial Synch 
[0m[NR_PHY] Starting cell search with center freq: 4049760000, bandwidth: 24. Scanning for 1 number of GSCN.
[0m[NR_PHY] Scanning GSCN: 0, with SSB offset: 24, SSB Freq: 0.000000
[0m[1;31m[PHY]    synch Failed: 
[0m[93m[PHY]    SSB position provided
[0m[93m[NR_PHY] Starting sync detection
[0m[PHY]    [UE thread Synch] Running Initial Synch 
[0m[NR_PHY] Starting cell search with center freq: 4049760000, bandwidth: 24. Scanning for 1 number of GSCN.
[0m[NR_PHY] Scanning GSCN: 0, with SSB offset: 24, SSB Freq: 0.000000
[0m[1;31m[PHY]    synch Failed: 
[0m[93m[PHY]    SSB position provided
[0m[93m[NR_PHY] Starting sync detection
[0m[PHY]    [UE thread Synch] Running Initial Synch 
[0m[NR_PHY] Starting cell search with center freq: 4049760000, bandwidth: 24. Scanning for 1 number of GSCN.
[0m[NR_PHY] Scanning GSCN: 0, with SSB offset: 24, SSB Freq: 0.000000
[0m[1;31m[PHY]    synch Failed: 
[0m[93m[PHY]    SSB position provided
[0m[93m[NR_PHY] Starting sync detection
[0m[PHY]    [UE thread Synch] Running Initial Synch 
[0m[NR_PHY] Starting cell search with center freq: 4049760000, bandwidth: 24. Scanning for 1 number of GSCN.
[0m[NR_PHY] Scanning GSCN: 0, with SSB offset: 24, SSB Freq: 0.000000
[0m[1;31m[PHY]    synch Failed: 
[0m[93m[PHY]    SSB position provided
[0m[93m[NR_PHY] Starting sync detection
[0m[PHY]    [UE thread Synch] Running Initial Synch 
[0m[NR_PHY] Starting cell search with center freq: 4049760000, bandwidth: 24. Scanning for 1 number of GSCN.
[0m[NR_PHY] Scanning GSCN: 0, with SSB offset: 24, SSB Freq: 0.000000
[0m[1;31m[PHY]    synch Failed: 
[0m[93m[PHY]    SSB position provided
[0m[93m[NR_PHY] Starting sync detection
[0m[PHY]    [UE thread Synch] Running Initial Synch 
[0m[NR_PHY] Starting cell search with center freq: 4049760000, bandwidth: 24. Scanning for 1 number of GSCN.
[0m[NR_PHY] Scanning GSCN: 0, with SSB offset: 24, SSB Freq: 0.000000
[0m[1;31m[PHY]    synch Failed: 
[0m[93m[PHY]    SSB position provided
[0m[93m[NR_PHY] Starting sync detection
[0m[PHY]    [UE thread Synch] Running Initial Synch 
[0m[NR_PHY] Starting cell search with center freq: 4049760000, bandwidth: 24. Scanning for 1 number of GSCN.
[0m[NR_PHY] Scanning GSCN: 0, with SSB offset: 24, SSB Freq: 0.000000
[0m[1;31m[PHY]    synch Failed: 
[0m[93m[PHY]    SSB position provided
[0m[93m[NR_PHY] Starting sync detection
[0m[PHY]    [UE thread Synch] Running Initial Synch 
[0m[NR_PHY] Starting cell search with center freq: 4049760000, bandwidth: 24. Scanning for 1 number of GSCN.
[0m[NR_PHY] Scanning GSCN: 0, with SSB offset: 24, SSB Freq: 0.000000
[0m[1;31m[PHY]    synch Failed: 
[0m[93m[PHY]    SSB position provided
[0m[93m[NR_PHY] Starting sync detection
[0m[PHY]    [UE thread Synch] Running Initial Synch 
[0m[NR_PHY] Starting cell search with center freq: 4049760000, bandwidth: 24. Scanning for 1 number of GSCN.
[0m[NR_PHY] Scanning GSCN: 0, with SSB offset: 24, SSB Freq: 0.000000
[0m[1;31m[PHY]    synch Failed: 
[0m[93m[PHY]    SSB position provided
[0m[93m[NR_PHY] Starting sync detection
[0m[PHY]    [UE thread Synch] Running Initial Synch 
[0m[NR_PHY] Starting cell search with center freq: 4049760000, bandwidth: 24. Scanning for 1 number of GSCN.
[0m[NR_PHY] Scanning GSCN: 0, with SSB offset: 24, SSB Freq: 0.000000
[0m[1;31m[PHY]    synch Failed: 
[0m[93m[PHY]    SSB position provided
[0m[93m[NR_PHY] Starting sync detection
[0m[PHY]    [UE thread Synch] Running Initial Synch 
[0m[NR_PHY] Starting cell search with center freq: 4049760000, bandwidth: 24. Scanning for 1 number of GSCN.
[0m[NR_PHY] Scanning GSCN: 0, with SSB offset: 24, SSB Freq: 0.000000
[0m[1;31m[PHY]    synch Failed: 
[0m[93m[PHY]    SSB position provided
[0m[93m[NR_PHY] Starting sync detection
[0m[PHY]    [UE thread Synch] Running Initial Synch 
[0m[NR_PHY] Starting cell search with center freq: 4049760000, bandwidth: 24. Scanning for 1 number of GSCN.
[0m[NR_PHY] Scanning GSCN: 0, with SSB offset: 24, SSB Freq: 0.000000
[0m[1;31m[PHY]    synch Failed: 
[0m[93m[PHY]    SSB position provided
[0m[93m[NR_PHY] Starting sync detection
[0m[PHY]    [UE thread Synch] Running Initial Synch 
[0m[NR_PHY] Starting cell search with center freq: 4049760000, bandwidth: 24. Scanning for 1 number of GSCN.
[0m[NR_PHY] Scanning GSCN: 0, with SSB offset: 24, SSB Freq: 0.000000
[0m[1;31m[PHY]    synch Failed: 
[0m[93m[PHY]    SSB position provided
[0m[93m[NR_PHY] Starting sync detection
[0m[PHY]    [UE thread Synch] Running Initial Synch 
[0m[NR_PHY] Starting cell search with center freq: 4049760000, bandwidth: 24. Scanning for 1 number of GSCN.
[0m[NR_PHY] Scanning GSCN: 0, with SSB offset: 24, SSB Freq: 0.000000
[0m[1;31m[PHY]    synch Failed: 
[0m[93m[PHY]    SSB position provided
[0m[93m[NR_PHY] Starting sync detection
[0m[PHY]    [UE thread Synch] Running Initial Synch 
[0m[NR_PHY] Starting cell search with center freq: 4049760000, bandwidth: 24. Scanning for 1 number of GSCN.
[0m[NR_PHY] Scanning GSCN: 0, with SSB offset: 24, SSB Freq: 0.000000
[0m[1;31m[PHY]    synch Failed: 
[0m[93m[PHY]    SSB position provided
[0m[93m[NR_PHY] Starting sync detection
[0m[PHY]    [UE thread Synch] Running Initial Synch 
[0m[NR_PHY] Starting cell search with center freq: 4049760000, bandwidth: 24. Scanning for 1 number of GSCN.
[0m[NR_PHY] Scanning GSCN: 0, with SSB offset: 24, SSB Freq: 0.000000
[0m[1;31m[PHY]    synch Failed: 
[0m[93m[PHY]    SSB position provided
[0m[93m[NR_PHY] Starting sync detection
[0m[PHY]    [UE thread Synch] Running Initial Synch 
[0m[NR_PHY] Starting cell search with center freq: 4049760000, bandwidth: 24. Scanning for 1 number of GSCN.
[0m[NR_PHY] Scanning GSCN: 0, with SSB offset: 24, SSB Freq: 0.000000
[0m[1;31m[PHY]    synch Failed: 
[0m[93m[PHY]    SSB position provided
[0m[93m[NR_PHY] Starting sync detection
[0m[PHY]    [UE thread Synch] Running Initial Synch 
[0m[NR_PHY] Starting cell search with center freq: 4049760000, bandwidth: 24. Scanning for 1 number of GSCN.
[0m[NR_PHY] Scanning GSCN: 0, with SSB offset: 24, SSB Freq: 0.000000
[0m[1;31m[PHY]    synch Failed: 
[0m[93m[PHY]    SSB position provided
[0m[93m[NR_PHY] Starting sync detection
[0m[PHY]    [UE thread Synch] Running Initial Synch 
[0m[NR_PHY] Starting cell search with center freq: 4049760000, bandwidth: 24. Scanning for 1 number of GSCN.
[0m[NR_PHY] Scanning GSCN: 0, with SSB offset: 24, SSB Freq: 0.000000
[0m[1;31m[PHY]    synch Failed: 
[0m[93m[PHY]    SSB position provided
[0m[93m[NR_PHY] Starting sync detection
[0m[PHY]    [UE thread Synch] Running Initial Synch 
[0m[NR_PHY] Starting cell search with center freq: 4049760000, bandwidth: 24. Scanning for 1 number of GSCN.
[0m[NR_PHY] Scanning GSCN: 0, with SSB offset: 24, SSB Freq: 0.000000
[0m[1;31m[PHY]    synch Failed: 
[0m[93m[PHY]    SSB position provided
[0m[93m[NR_PHY] Starting sync detection
[0m[PHY]    [UE thread Synch] Running Initial Synch 
[0m[NR_PHY] Starting cell search with center freq: 4049760000, bandwidth: 24. Scanning for 1 number of GSCN.
[0m[NR_PHY] Scanning GSCN: 0, with SSB offset: 24, SSB Freq: 0.000000
[0m[1;31m[PHY]    synch Failed: 
[0m[93m[PHY]    SSB position provided
[0m[93m[NR_PHY] Starting sync detection
[0m[PHY]    [UE thread Synch] Running Initial Synch 
[0m[NR_PHY] Starting cell search with center freq: 4049760000, bandwidth: 24. Scanning for 1 number of GSCN.
[0m[NR_PHY] Scanning GSCN: 0, with SSB offset: 24, SSB Freq: 0.000000
[0m[1;31m[PHY]    synch Failed: 
[0m[93m[PHY]    SSB position provided
[0m[93m[NR_PHY] Starting sync detection
[0m[PHY]    [UE thread Synch] Running Initial Synch 
[0m[NR_PHY] Starting cell search with center freq: 4049760000, bandwidth: 24. Scanning for 1 number of GSCN.
[0m[NR_PHY] Scanning GSCN: 0, with SSB offset: 24, SSB Freq: 0.000000
[0m[1;31m[PHY]    synch Failed: 
[0m[93m[PHY]    SSB position provided
[0m[93m[NR_PHY] Starting sync detection
[0m[PHY]    [UE thread Synch] Running Initial Synch 
[0m[NR_PHY] Starting cell search with center freq: 4049760000, bandwidth: 24. Scanning for 1 number of GSCN.
[0m[NR_PHY] Scanning GSCN: 0, with SSB offset: 24, SSB Freq: 0.000000
[0m[1;31m[PHY]    synch Failed: 
[0m[93m[PHY]    SSB position provided
[0m[93m[NR_PHY] Starting sync detection
[0m[PHY]    [UE thread Synch] Running Initial Synch 
[0m[NR_PHY] Starting cell search with center freq: 4049760000, bandwidth: 24. Scanning for 1 number of GSCN.
[0m[NR_PHY] Scanning GSCN: 0, with SSB offset: 24, SSB Freq: 0.000000
[0m[1;31m[PHY]    synch Failed: 
[0m[93m[PHY]    SSB position provided
[0m[93m[NR_PHY] Starting sync detection
[0m[PHY]    [UE thread Synch] Running Initial Synch 
[0m[NR_PHY] Starting cell search with center freq: 4049760000, bandwidth: 24. Scanning for 1 number of GSCN.
[0m[NR_PHY] Scanning GSCN: 0, with SSB offset: 24, SSB Freq: 0.000000
[0m[1;31m[PHY]    synch Failed: 
[0m[93m[PHY]    SSB position provided
[0m[93m[NR_PHY] Starting sync detection
[0m[PHY]    [UE thread Synch] Running Initial Synch 
[0m[NR_PHY] Starting cell search with center freq: 4049760000, bandwidth: 24. Scanning for 1 number of GSCN.
[0m[NR_PHY] Scanning GSCN: 0, with SSB offset: 24, SSB Freq: 0.000000
[0m[1;31m[PHY]    synch Failed: 
[0m[93m[PHY]    SSB position provided
[0m[93m[NR_PHY] Starting sync detection
[0m[PHY]    [UE thread Synch] Running Initial Synch 
[0m[NR_PHY] Starting cell search with center freq: 4049760000, bandwidth: 24. Scanning for 1 number of GSCN.
[0m[NR_PHY] Scanning GSCN: 0, with SSB offset: 24, SSB Freq: 0.000000
[0m[1;31m[PHY]    synch Failed: 
[0m[93m[PHY]    SSB position provided
[0m[93m[NR_PHY] Starting sync detection
[0m[PHY]    [UE thread Synch] Running Initial Synch 
[0m[NR_PHY] Starting cell search with center freq: 4049760000, bandwidth: 24. Scanning for 1 number of GSCN.
[0m[NR_PHY] Scanning GSCN: 0, with SSB offset: 24, SSB Freq: 0.000000
[0m[1;31m[PHY]    synch Failed: 
[0m[93m[PHY]    SSB position provided
[0m[93m[NR_PHY] Starting sync detection
[0m[PHY]    [UE thread Synch] Running Initial Synch 
[0m[NR_PHY] Starting cell search with center freq: 4049760000, bandwidth: 24. Scanning for 1 number of GSCN.
[0m[NR_PHY] Scanning GSCN: 0, with SSB offset: 24, SSB Freq: 0.000000
[0m[1;31m[PHY]    synch Failed: 
[0m[93m[PHY]    SSB position provided
[0m[93m[NR_PHY] Starting sync detection
[0m[PHY]    [UE thread Synch] Running Initial Synch 
[0m[NR_PHY] Starting cell search with center freq: 4049760000, bandwidth: 24. Scanning for 1 number of GSCN.
[0m[NR_PHY] Scanning GSCN: 0, with SSB offset: 24, SSB Freq: 0.000000
[0m[1;31m[PHY]    synch Failed: 
[0m[93m[PHY]    SSB position provided
[0m[93m[NR_PHY] Starting sync detection
[0m[PHY]    [UE thread Synch] Running Initial Synch 
[0m[NR_PHY] Starting cell search with center freq: 4049760000, bandwidth: 24. Scanning for 1 number of GSCN.
[0m[NR_PHY] Scanning GSCN: 0, with SSB offset: 24, SSB Freq: 0.000000
[0m[1;31m[PHY]    synch Failed: 
[0m[93m[PHY]    SSB position provided
[0m[93m[NR_PHY] Starting sync detection
[0m[PHY]    [UE thread Synch] Running Initial Synch 
[0m[NR_PHY] Starting cell search with center freq: 4049760000, bandwidth: 24. Scanning for 1 number of GSCN.
[0m[NR_PHY] Scanning GSCN: 0, with SSB offset: 24, SSB Freq: 0.000000
[0m[1;31m[PHY]    synch Failed: 
[0m[93m[PHY]    SSB position provided
[0m[93m[NR_PHY] Starting sync detection
[0m[PHY]    [UE thread Synch] Running Initial Synch 
[0m[NR_PHY] Starting cell search with center freq: 4049760000, bandwidth: 24. Scanning for 1 number of GSCN.
[0m[NR_PHY] Scanning GSCN: 0, with SSB offset: 24, SSB Freq: 0.000000
[0m[1;31m[PHY]    synch Failed: 
[0m[93m[PHY]    SSB position provided
[0m[93m[NR_PHY] Starting sync detection
[0m[PHY]    [UE thread Synch] Running Initial Synch 
[0m[NR_PHY] Starting cell search with center freq: 4049760000, bandwidth: 24. Scanning for 1 number of GSCN.
[0m[NR_PHY] Scanning GSCN: 0, with SSB offset: 24, SSB Freq: 0.000000
[0m[1;31m[PHY]    synch Failed: 
[0m[93m[PHY]    SSB position provided
[0m[93m[NR_PHY] Starting sync detection
[0m[PHY]    [UE thread Synch] Running Initial Synch 
[0m[NR_PHY] Starting cell search with center freq: 4049760000, bandwidth: 24. Scanning for 1 number of GSCN.
[0m[NR_PHY] Scanning GSCN: 0, with SSB offset: 24, SSB Freq: 0.000000
[0m[1;31m[PHY]    synch Failed: 
[0m[93m[PHY]    SSB position provided
[0m[93m[NR_PHY] Starting sync detection
[0m[PHY]    [UE thread Synch] Running Initial Synch 
[0m[NR_PHY] Starting cell search with center freq: 4049760000, bandwidth: 24. Scanning for 1 number of GSCN.
[0m[NR_PHY] Scanning GSCN: 0, with SSB offset: 24, SSB Freq: 0.000000
[0m[1;31m[PHY]    synch Failed: 
[0m[93m[PHY]    SSB position provided
[0m[93m[NR_PHY] Starting sync detection
[0m[PHY]    [UE thread Synch] Running Initial Synch 
[0m[NR_PHY] Starting cell search with center freq: 4049760000, bandwidth: 24. Scanning for 1 number of GSCN.
[0m[NR_PHY] Scanning GSCN: 0, with SSB offset: 24, SSB Freq: 0.000000
[0m[1;31m[PHY]    synch Failed: 
[0m[93m[PHY]    SSB position provided
[0m[93m[NR_PHY] Starting sync detection
[0m[PHY]    [UE thread Synch] Running Initial Synch 
[0m[NR_PHY] Starting cell search with center freq: 4049760000, bandwidth: 24. Scanning for 1 number of GSCN.
[0m[NR_PHY] Scanning GSCN: 0, with SSB offset: 24, SSB Freq: 0.000000
[0m[1;31m[PHY]    synch Failed: 
[0m[93m[PHY]    SSB position provided
[0m[93m[NR_PHY] Starting sync detection
[0m[PHY]    [UE thread Synch] Running Initial Synch 
[0m[NR_PHY] Starting cell search with center freq: 4049760000, bandwidth: 24. Scanning for 1 number of GSCN.
[0m[NR_PHY] Scanning GSCN: 0, with SSB offset: 24, SSB Freq: 0.000000
[0m[1;31m[PHY]    synch Failed: 
[0m[93m[PHY]    SSB position provided
[0m[93m[NR_PHY] Starting sync detection
[0m[PHY]    [UE thread Synch] Running Initial Synch 
[0m[NR_PHY] Starting cell search with center freq: 4049760000, bandwidth: 24. Scanning for 1 number of GSCN.
[0m[NR_PHY] Scanning GSCN: 0, with SSB offset: 24, SSB Freq: 0.000000
[0m[1;31m[PHY]    synch Failed: 
[0m[93m[PHY]    SSB position provided
[0m[93m[NR_PHY] Starting sync detection
[0m[PHY]    [UE thread Synch] Running Initial Synch 
[0m[NR_PHY] Starting cell search with center freq: 4049760000, bandwidth: 24. Scanning for 1 number of GSCN.
[0m[NR_PHY] Scanning GSCN: 0, with SSB offset: 24, SSB Freq: 0.000000
[0m[1;31m[PHY]    synch Failed: 
[0m[93m[PHY]    SSB position provided
[0m[93m[NR_PHY] Starting sync detection
[0m[PHY]    [UE thread Synch] Running Initial Synch 
[0m[NR_PHY] Starting cell search with center freq: 4049760000, bandwidth: 24. Scanning for 1 number of GSCN.
[0m[NR_PHY] Scanning GSCN: 0, with SSB offset: 24, SSB Freq: 0.000000
[0m[1;31m[PHY]    synch Failed: 
[0m[93m[PHY]    SSB position provided
[0m[93m[NR_PHY] Starting sync detection
[0m[PHY]    [UE thread Synch] Running Initial Synch 
[0m[NR_PHY] Starting cell search with center freq: 4049760000, bandwidth: 24. Scanning for 1 number of GSCN.
[0m[NR_PHY] Scanning GSCN: 0, with SSB offset: 24, SSB Freq: 0.000000
[0m[1;31m[PHY]    synch Failed: 
[0m[93m[PHY]    SSB position provided
[0m[93m[NR_PHY] Starting sync detection
[0m[PHY]    [UE thread Synch] Running Initial Synch 
[0m[NR_PHY] Starting cell search with center freq: 4049760000, bandwidth: 24. Scanning for 1 number of GSCN.
[0m[NR_PHY] Scanning GSCN: 0, with SSB offset: 24, SSB Freq: 0.000000
[0m[1;31m[PHY]    synch Failed: 
[0m[93m[PHY]    SSB position provided
[0m[93m[NR_PHY] Starting sync detection
[0m[PHY]    [UE thread Synch] Running Initial Synch 
[0m[NR_PHY] Starting cell search with center freq: 4049760000, bandwidth: 24. Scanning for 1 number of GSCN.
[0m[NR_PHY] Scanning GSCN: 0, with SSB offset: 24, SSB Freq: 0.000000
[0m[1;31m[PHY]    synch Failed: 
[0m[93m[PHY]    SSB position provided
[0m[93m[NR_PHY] Starting sync detection
[0m[PHY]    [UE thread Synch] Running Initial Synch 
[0m[NR_PHY] Starting cell search with center freq: 4049760000, bandwidth: 24. Scanning for 1 number of GSCN.
[0m[NR_PHY] Scanning GSCN: 0, with SSB offset: 24, SSB Freq: 0.000000
[0m[1;31m[PHY]    synch Failed: 
[0m[93m[PHY]    SSB position provided
[0m[93m[NR_PHY] Starting sync detection
[0m[PHY]    [UE thread Synch] Running Initial Synch 
[0m[NR_PHY] Starting cell search with center freq: 4049760000, bandwidth: 24. Scanning for 1 number of GSCN.
[0m[NR_PHY] Scanning GSCN: 0, with SSB offset: 24, SSB Freq: 0.000000
[0m[1;31m[PHY]    synch Failed: 
[0m[93m[PHY]    SSB position provided
[0m[93m[NR_PHY] Starting sync detection
[0m[PHY]    [UE thread Synch] Running Initial Synch 
[0m[NR_PHY] Starting cell search with center freq: 4049760000, bandwidth: 24. Scanning for 1 number of GSCN.
[0m[NR_PHY] Scanning GSCN: 0, with SSB offset: 24, SSB Freq: 0.000000
[0m[1;31m[PHY]    synch Failed: 
[0m[93m[PHY]    SSB position provided
[0m[93m[NR_PHY] Starting sync detection
[0m[PHY]    [UE thread Synch] Running Initial Synch 
[0m[NR_PHY] Starting cell search with center freq: 4049760000, bandwidth: 24. Scanning for 1 number of GSCN.
[0m[NR_PHY] Scanning GSCN: 0, with SSB offset: 24, SSB Freq: 0.000000
[0m[1;31m[PHY]    synch Failed: 
[0m[93m[PHY]    SSB position provided
[0m[93m[NR_PHY] Starting sync detection
[0m[PHY]    [UE thread Synch] Running Initial Synch 
[0m[NR_PHY] Starting cell search with center freq: 4049760000, bandwidth: 24. Scanning for 1 number of GSCN.
[0m[NR_PHY] Scanning GSCN: 0, with SSB offset: 24, SSB Freq: 0.000000
[0m[1;31m[PHY]    synch Failed: 
[0m[93m[PHY]    SSB position provided
[0m[93m[NR_PHY] Starting sync detection
[0m[PHY]    [UE thread Synch] Running Initial Synch 
[0m[NR_PHY] Starting cell search with center freq: 4049760000, bandwidth: 24. Scanning for 1 number of GSCN.
[0m[NR_PHY] Scanning GSCN: 0, with SSB offset: 24, SSB Freq: 0.000000
[0m[1;31m[PHY]    synch Failed: 
[0m[93m[PHY]    SSB position provided
[0m[93m[NR_PHY] Starting sync detection
[0m[PHY]    [UE thread Synch] Running Initial Synch 
[0m[NR_PHY] Starting cell search with center freq: 4049760000, bandwidth: 24. Scanning for 1 number of GSCN.
[0m[NR_PHY] Scanning GSCN: 0, with SSB offset: 24, SSB Freq: 0.000000
[0m[1;31m[PHY]    synch Failed: 
[0m[93m[PHY]    SSB position provided
[0m[93m[NR_PHY] Starting sync detection
[0m[PHY]    [UE thread Synch] Running Initial Synch 
[0m[NR_PHY] Starting cell search with center freq: 4049760000, bandwidth: 24. Scanning for 1 number of GSCN.
[0m[NR_PHY] Scanning GSCN: 0, with SSB offset: 24, SSB Freq: 0.000000
[0m[1;31m[PHY]    synch Failed: 
[0m[93m[PHY]    SSB position provided
[0m[93m[NR_PHY] Starting sync detection
[0m[PHY]    [UE thread Synch] Running Initial Synch 
[0m[NR_PHY] Starting cell search with center freq: 4049760000, bandwidth: 24. Scanning for 1 number of GSCN.
[0m[NR_PHY] Scanning GSCN: 0, with SSB offset: 24, SSB Freq: 0.000000
[0m[1;31m[PHY]    synch Failed: 
[0m[93m[PHY]    SSB position provided
[0m[93m[NR_PHY] Starting sync detection
[0m[PHY]    [UE thread Synch] Running Initial Synch 
[0m[NR_PHY] Starting cell search with center freq: 4049760000, bandwidth: 24. Scanning for 1 number of GSCN.
[0m[NR_PHY] Scanning GSCN: 0, with SSB offset: 24, SSB Freq: 0.000000
[0m[1;31m[PHY]    synch Failed: 
[0m[93m[PHY]    SSB position provided
[0m[93m[NR_PHY] Starting sync detection
[0m[PHY]    [UE thread Synch] Running Initial Synch 
[0m[NR_PHY] Starting cell search with center freq: 4049760000, bandwidth: 24. Scanning for 1 number of GSCN.
[0m[NR_PHY] Scanning GSCN: 0, with SSB offset: 24, SSB Freq: 0.000000
[0m[1;31m[PHY]    synch Failed: 
[0m[93m[PHY]    SSB position provided
[0m[93m[NR_PHY] Starting sync detection
[0m[PHY]    [UE thread Synch] Running Initial Synch 
[0m[NR_PHY] Starting cell search with center freq: 4049760000, bandwidth: 24. Scanning for 1 number of GSCN.
[0m[NR_PHY] Scanning GSCN: 0, with SSB offset: 24, SSB Freq: 0.000000
[0m[1;31m[PHY]    synch Failed: 
[0m[93m[PHY]    SSB position provided
[0m[93m[NR_PHY] Starting sync detection
[0m[PHY]    [UE thread Synch] Running Initial Synch 
[0m[NR_PHY] Starting cell search with center freq: 4049760000, bandwidth: 24. Scanning for 1 number of GSCN.
[0m[NR_PHY] Scanning GSCN: 0, with SSB offset: 24, SSB Freq: 0.000000
[0m[1;31m[PHY]    synch Failed: 
[0m[93m[PHY]    SSB position provided
[0m[93m[NR_PHY] Starting sync detection
[0m[PHY]    [UE thread Synch] Running Initial Synch 
[0m[NR_PHY] Starting cell search with center freq: 4049760000, bandwidth: 24. Scanning for 1 number of GSCN.
[0m[NR_PHY] Scanning GSCN: 0, with SSB offset: 24, SSB Freq: 0.000000
[0m[1;31m[PHY]    synch Failed: 
[0m[93m[PHY]    SSB position provided
[0m[93m[NR_PHY] Starting sync detection
[0m[PHY]    [UE thread Synch] Running Initial Synch 
[0m[NR_PHY] Starting cell search with center freq: 4049760000, bandwidth: 24. Scanning for 1 number of GSCN.
[0m[NR_PHY] Scanning GSCN: 0, with SSB offset: 24, SSB Freq: 0.000000
[0m[1;31m[PHY]    synch Failed: 
[0m[93m[PHY]    SSB position provided
[0m[93m[NR_PHY] Starting sync detection
[0m[PHY]    [UE thread Synch] Running Initial Synch 
[0m[NR_PHY] Starting cell search with center freq: 4049760000, bandwidth: 24. Scanning for 1 number of GSCN.
[0m[NR_PHY] Scanning GSCN: 0, with SSB offset: 24, SSB Freq: 0.000000
[0m[1;31m[PHY]    synch Failed: 
[0m[93m[PHY]    SSB position provided
[0m[93m[NR_PHY] Starting sync detection
[0m[PHY]    [UE thread Synch] Running Initial Synch 
[0m[NR_PHY] Starting cell search with center freq: 4049760000, bandwidth: 24. Scanning for 1 number of GSCN.
[0m[NR_PHY] Scanning GSCN: 0, with SSB offset: 24, SSB Freq: 0.000000
[0m[1;31m[PHY]    synch Failed: 
[0m[93m[PHY]    SSB position provided
[0m[93m[NR_PHY] Starting sync detection
[0m[PHY]    [UE thread Synch] Running Initial Synch 
[0m[NR_PHY] Starting cell search with center freq: 4049760000, bandwidth: 24. Scanning for 1 number of GSCN.
[0m[NR_PHY] Scanning GSCN: 0, with SSB offset: 24, SSB Freq: 0.000000
[0m[1;31m[PHY]    synch Failed: 
[0m[93m[PHY]    SSB position provided
[0m[93m[NR_PHY] Starting sync detection
[0m[PHY]    [UE thread Synch] Running Initial Synch 
[0m[NR_PHY] Starting cell search with center freq: 4049760000, bandwidth: 24. Scanning for 1 number of GSCN.
[0m[NR_PHY] Scanning GSCN: 0, with SSB offset: 24, SSB Freq: 0.000000
[0m[1;31m[PHY]    synch Failed: 
[0m[93m[PHY]    SSB position provided
[0m[93m[NR_PHY] Starting sync detection
[0m[PHY]    [UE thread Synch] Running Initial Synch 
[0m[NR_PHY] Starting cell search with center freq: 4049760000, bandwidth: 24. Scanning for 1 number of GSCN.
[0m[NR_PHY] Scanning GSCN: 0, with SSB offset: 24, SSB Freq: 0.000000
[0m[1;31m[PHY]    synch Failed: 
[0m[93m[PHY]    SSB position provided
[0m[93m[NR_PHY] Starting sync detection
[0m[PHY]    [UE thread Synch] Running Initial Synch 
[0m[NR_PHY] Starting cell search with center freq: 4049760000, bandwidth: 24. Scanning for 1 number of GSCN.
[0m[NR_PHY] Scanning GSCN: 0, with SSB offset: 24, SSB Freq: 0.000000
[0m[1;31m[PHY]    synch Failed: 
[0m[93m[PHY]    SSB position provided
[0m[93m[NR_PHY] Starting sync detection
[0m[PHY]    [UE thread Synch] Running Initial Synch 
[0m[NR_PHY] Starting cell search with center freq: 4049760000, bandwidth: 24. Scanning for 1 number of GSCN.
[0m[NR_PHY] Scanning GSCN: 0, with SSB offset: 24, SSB Freq: 0.000000
[0m[1;31m[PHY]    synch Failed: 
[0m[93m[PHY]    SSB position provided
[0m[93m[NR_PHY] Starting sync detection
[0m[PHY]    [UE thread Synch] Running Initial Synch 
[0m[NR_PHY] Starting cell search with center freq: 4049760000, bandwidth: 24. Scanning for 1 number of GSCN.
[0m[NR_PHY] Scanning GSCN: 0, with SSB offset: 24, SSB Freq: 0.000000
[0m[1;31m[PHY]    synch Failed: 
[0m[93m[PHY]    SSB position provided
[0m[93m[NR_PHY] Starting sync detection
[0m[PHY]    [UE thread Synch] Running Initial Synch 
[0m[NR_PHY] Starting cell search with center freq: 4049760000, bandwidth: 24. Scanning for 1 number of GSCN.
[0m[NR_PHY] Scanning GSCN: 0, with SSB offset: 24, SSB Freq: 0.000000
[0m[1;31m[PHY]    synch Failed: 
[0m[93m[PHY]    SSB position provided
[0m[93m[NR_PHY] Starting sync detection
[0m[PHY]    [UE thread Synch] Running Initial Synch 
[0m[NR_PHY] Starting cell search with center freq: 4049760000, bandwidth: 24. Scanning for 1 number of GSCN.
[0m[NR_PHY] Scanning GSCN: 0, with SSB offset: 24, SSB Freq: 0.000000
[0m[1;31m[PHY]    synch Failed: 
[0m[93m[PHY]    SSB position provided
[0m[93m[NR_PHY] Starting sync detection
[0m[PHY]    [UE thread Synch] Running Initial Synch 
[0m[NR_PHY] Starting cell search with center freq: 4049760000, bandwidth: 24. Scanning for 1 number of GSCN.
[0m[NR_PHY] Scanning GSCN: 0, with SSB offset: 24, SSB Freq: 0.000000
[0m[1;31m[PHY]    synch Failed: 
[0m[93m[PHY]    SSB position provided
[0m[93m[NR_PHY] Starting sync detection
[0m[PHY]    [UE thread Synch] Running Initial Synch 
[0m[NR_PHY] Starting cell search with center freq: 4049760000, bandwidth: 24. Scanning for 1 number of GSCN.
[0m[NR_PHY] Scanning GSCN: 0, with SSB offset: 24, SSB Freq: 0.000000
[0m[1;31m[PHY]    synch Failed: 
[0m[93m[PHY]    SSB position provided
[0m[93m[NR_PHY] Starting sync detection
[0m[PHY]    [UE thread Synch] Running Initial Synch 
[0m[NR_PHY] Starting cell search with center freq: 4049760000, bandwidth: 24. Scanning for 1 number of GSCN.
[0m[NR_PHY] Scanning GSCN: 0, with SSB offset: 24, SSB Freq: 0.000000
[0m[1;31m[PHY]    synch Failed: 
[0m[93m[PHY]    SSB position provided
[0m[93m[NR_PHY] Starting sync detection
[0m[PHY]    [UE thread Synch] Running Initial Synch 
[0m[NR_PHY] Starting cell search with center freq: 4049760000, bandwidth: 24. Scanning for 1 number of GSCN.
[0m[NR_PHY] Scanning GSCN: 0, with SSB offset: 24, SSB Freq: 0.000000
[0m[1;31m[PHY]    synch Failed: 
[0m[93m[PHY]    SSB position provided
[0m[93m[NR_PHY] Starting sync detection
[0m[PHY]    [UE thread Synch] Running Initial Synch 
[0m[NR_PHY] Starting cell search with center freq: 4049760000, bandwidth: 24. Scanning for 1 number of GSCN.
[0m[NR_PHY] Scanning GSCN: 0, with SSB offset: 24, SSB Freq: 0.000000
[0m[1;31m[PHY]    synch Failed: 
[0m[93m[PHY]    SSB position provided
[0m[93m[NR_PHY] Starting sync detection
[0m[PHY]    [UE thread Synch] Running Initial Synch 
[0m[NR_PHY] Starting cell search with center freq: 4049760000, bandwidth: 24. Scanning for 1 number of GSCN.
[0m[NR_PHY] Scanning GSCN: 0, with SSB offset: 24, SSB Freq: 0.000000
[0m[1;31m[PHY]    synch Failed: 
[0m[93m[PHY]    SSB position provided
[0m[93m[NR_PHY] Starting sync detection
[0m[PHY]    [UE thread Synch] Running Initial Synch 
[0m[NR_PHY] Starting cell search with center freq: 4049760000, bandwidth: 24. Scanning for 1 number of GSCN.
[0m[NR_PHY] Scanning GSCN: 0, with SSB offset: 24, SSB Freq: 0.000000
[0m[1;31m[PHY]    synch Failed: 
[0m[93m[PHY]    SSB position provided
[0m[93m[NR_PHY] Starting sync detection
[0m[PHY]    [UE thread Synch] Running Initial Synch 
[0m[NR_PHY] Starting cell search with center freq: 4049760000, bandwidth: 24. Scanning for 1 number of GSCN.
[0m[NR_PHY] Scanning GSCN: 0, with SSB offset: 24, SSB Freq: 0.000000
[0m[1;31m[PHY]    synch Failed: 
[0m[93m[PHY]    SSB position provided
[0m[93m[NR_PHY] Starting sync detection
[0m[PHY]    [UE thread Synch] Running Initial Synch 
[0m[NR_PHY] Starting cell search with center freq: 4049760000, bandwidth: 24. Scanning for 1 number of GSCN.
[0m[NR_PHY] Scanning GSCN: 0, with SSB offset: 24, SSB Freq: 0.000000
[0m[1;31m[PHY]    synch Failed: 
[0m[93m[PHY]    SSB position provided
[0m[93m[NR_PHY] Starting sync detection
[0m[PHY]    [UE thread Synch] Running Initial Synch 
[0m[NR_PHY] Starting cell search with center freq: 4049760000, bandwidth: 24. Scanning for 1 number of GSCN.
[0m[NR_PHY] Scanning GSCN: 0, with SSB offset: 24, SSB Freq: 0.000000
[0m[1;31m[PHY]    synch Failed: 
[0m[93m[PHY]    SSB position provided
[0m[93m[NR_PHY] Starting sync detection
[0m[PHY]    [UE thread Synch] Running Initial Synch 
[0m[NR_PHY] Starting cell search with center freq: 4049760000, bandwidth: 24. Scanning for 1 number of GSCN.
[0m[NR_PHY] Scanning GSCN: 0, with SSB offset: 24, SSB Freq: 0.000000
[0m[1;31m[PHY]    synch Failed: 
[0m[93m[PHY]    SSB position provided
[0m[93m[NR_PHY] Starting sync detection
[0m[PHY]    [UE thread Synch] Running Initial Synch 
[0m[NR_PHY] Starting cell search with center freq: 4049760000, bandwidth: 24. Scanning for 1 number of GSCN.
[0m[NR_PHY] Scanning GSCN: 0, with SSB offset: 24, SSB Freq: 0.000000
[0m[1;31m[PHY]    synch Failed: 
[0m[93m[PHY]    SSB position provided
[0m[93m[NR_PHY] Starting sync detection
[0m[PHY]    [UE thread Synch] Running Initial Synch 
[0m[NR_PHY] Starting cell search with center freq: 4049760000, bandwidth: 24. Scanning for 1 number of GSCN.
[0m[NR_PHY] Scanning GSCN: 0, with SSB offset: 24, SSB Freq: 0.000000
[0m[1;31m[PHY]    synch Failed: 
[0m[93m[PHY]    SSB position provided
[0m[93m[NR_PHY] Starting sync detection
[0m[PHY]    [UE thread Synch] Running Initial Synch 
[0m[NR_PHY] Starting cell search with center freq: 4049760000, bandwidth: 24. Scanning for 1 number of GSCN.
[0m[NR_PHY] Scanning GSCN: 0, with SSB offset: 24, SSB Freq: 0.000000
[0m[1;31m[PHY]    synch Failed: 
[0m[93m[PHY]    SSB position provided
[0m[93m[NR_PHY] Starting sync detection
[0m[PHY]    [UE thread Synch] Running Initial Synch 
[0m[NR_PHY] Starting cell search with center freq: 4049760000, bandwidth: 24. Scanning for 1 number of GSCN.
[0m[NR_PHY] Scanning GSCN: 0, with SSB offset: 24, SSB Freq: 0.000000
[0m[1;31m[PHY]    synch Failed: 
[0m[93m[PHY]    SSB position provided
[0m[93m[NR_PHY] Starting sync detection
[0m[PHY]    [UE thread Synch] Running Initial Synch 
[0m[NR_PHY] Starting cell search with center freq: 4049760000, bandwidth: 24. Scanning for 1 number of GSCN.
[0m[NR_PHY] Scanning GSCN: 0, with SSB offset: 24, SSB Freq: 0.000000
[0m[1;31m[PHY]    synch Failed: 
[0m[93m[PHY]    SSB position provided
[0m[93m[NR_PHY] Starting sync detection
[0m[PHY]    [UE thread Synch] Running Initial Synch 
[0m[NR_PHY] Starting cell search with center freq: 4049760000, bandwidth: 24. Scanning for 1 number of GSCN.
[0m[NR_PHY] Scanning GSCN: 0, with SSB offset: 24, SSB Freq: 0.000000
[0m[1;31m[PHY]    synch Failed: 
[0m[93m[PHY]    SSB position provided
[0m[93m[NR_PHY] Starting sync detection
[0m[PHY]    [UE thread Synch] Running Initial Synch 
[0m[NR_PHY] Starting cell search with center freq: 4049760000, bandwidth: 24. Scanning for 1 number of GSCN.
[0m[NR_PHY] Scanning GSCN: 0, with SSB offset: 24, SSB Freq: 0.000000
[0m[1;31m[PHY]    synch Failed: 
[0m[93m[PHY]    SSB position provided
[0m[93m[NR_PHY] Starting sync detection
[0m[PHY]    [UE thread Synch] Running Initial Synch 
[0m[NR_PHY] Starting cell search with center freq: 4049760000, bandwidth: 24. Scanning for 1 number of GSCN.
[0m[NR_PHY] Scanning GSCN: 0, with SSB offset: 24, SSB Freq: 0.000000
[0m[1;31m[PHY]    synch Failed: 
[0m[93m[PHY]    SSB position provided
[0m[93m[NR_PHY] Starting sync detection
[0m[PHY]    [UE thread Synch] Running Initial Synch 
[0m[NR_PHY] Starting cell search with center freq: 4049760000, bandwidth: 24. Scanning for 1 number of GSCN.
[0m[NR_PHY] Scanning GSCN: 0, with SSB offset: 24, SSB Freq: 0.000000
[0m[1;31m[PHY]    synch Failed: 
[0m[93m[PHY]    SSB position provided
[0m[93m[NR_PHY] Starting sync detection
[0m[PHY]    [UE thread Synch] Running Initial Synch 
[0m[NR_PHY] Starting cell search with center freq: 4049760000, bandwidth: 24. Scanning for 1 number of GSCN.
[0m[NR_PHY] Scanning GSCN: 0, with SSB offset: 24, SSB Freq: 0.000000
[0m[1;31m[PHY]    synch Failed: 
[0m[93m[PHY]    SSB position provided
[0m[93m[NR_PHY] Starting sync detection
[0m[PHY]    [UE thread Synch] Running Initial Synch 
[0m[NR_PHY] Starting cell search with center freq: 4049760000, bandwidth: 24. Scanning for 1 number of GSCN.
[0m[NR_PHY] Scanning GSCN: 0, with SSB offset: 24, SSB Freq: 0.000000
[0m[1;31m[PHY]    synch Failed: 
[0m[93m[PHY]    SSB position provided
[0m[93m[NR_PHY] Starting sync detection
[0m[PHY]    [UE thread Synch] Running Initial Synch 
[0m[NR_PHY] Starting cell search with center freq: 4049760000, bandwidth: 24. Scanning for 1 number of GSCN.
[0m[NR_PHY] Scanning GSCN: 0, with SSB offset: 24, SSB Freq: 0.000000
[0m[1;31m[PHY]    synch Failed: 
[0m[93m[PHY]    SSB position provided
[0m[93m[NR_PHY] Starting sync detection
[0m[PHY]    [UE thread Synch] Running Initial Synch 
[0m[NR_PHY] Starting cell search with center freq: 4049760000, bandwidth: 24. Scanning for 1 number of GSCN.
[0m[NR_PHY] Scanning GSCN: 0, with SSB offset: 24, SSB Freq: 0.000000
[0m[1;31m[PHY]    synch Failed: 
[0m[93m[PHY]    SSB position provided
[0m[93m[NR_PHY] Starting sync detection
[0m[PHY]    [UE thread Synch] Running Initial Synch 
[0m[NR_PHY] Starting cell search with center freq: 4049760000, bandwidth: 24. Scanning for 1 number of GSCN.
[0m[NR_PHY] Scanning GSCN: 0, with SSB offset: 24, SSB Freq: 0.000000
[0m[1;31m[PHY]    synch Failed: 
[0m[93m[PHY]    SSB position provided
[0m[93m[NR_PHY] Starting sync detection
[0m[PHY]    [UE thread Synch] Running Initial Synch 
[0m[NR_PHY] Starting cell search with center freq: 4049760000, bandwidth: 24. Scanning for 1 number of GSCN.
[0m[NR_PHY] Scanning GSCN: 0, with SSB offset: 24, SSB Freq: 0.000000
[0m[1;31m[PHY]    synch Failed: 
[0m[93m[PHY]    SSB position provided
[0m[93m[NR_PHY] Starting sync detection
[0m[PHY]    [UE thread Synch] Running Initial Synch 
[0m[NR_PHY] Starting cell search with center freq: 4049760000, bandwidth: 24. Scanning for 1 number of GSCN.
[0m[NR_PHY] Scanning GSCN: 0, with SSB offset: 24, SSB Freq: 0.000000
[0m[1;31m[PHY]    synch Failed: 
[0m[93m[PHY]    SSB position provided
[0m[93m[NR_PHY] Starting sync detection
[0m[PHY]    [UE thread Synch] Running Initial Synch 
[0m[NR_PHY] Starting cell search with center freq: 4049760000, bandwidth: 24. Scanning for 1 number of GSCN.
[0m[NR_PHY] Scanning GSCN: 0, with SSB offset: 24, SSB Freq: 0.000000
[0m[1;31m[PHY]    synch Failed: 
[0m[93m[PHY]    SSB position provided
[0m[93m[NR_PHY] Starting sync detection
[0m[PHY]    [UE thread Synch] Running Initial Synch 
[0m[NR_PHY] Starting cell search with center freq: 4049760000, bandwidth: 24. Scanning for 1 number of GSCN.
[0m[NR_PHY] Scanning GSCN: 0, with SSB offset: 24, SSB Freq: 0.000000
[0m[1;31m[PHY]    synch Failed: 
[0m[93m[PHY]    SSB position provided
[0m[93m[NR_PHY] Starting sync detection
[0m[PHY]    [UE thread Synch] Running Initial Synch 
[0m[NR_PHY] Starting cell search with center freq: 4049760000, bandwidth: 24. Scanning for 1 number of GSCN.
[0m[NR_PHY] Scanning GSCN: 0, with SSB offset: 24, SSB Freq: 0.000000
[0m[1;31m[PHY]    synch Failed: 
[0m[93m[PHY]    SSB position provided
[0m[93m[NR_PHY] Starting sync detection
[0m[PHY]    [UE thread Synch] Running Initial Synch 
[0m[NR_PHY] Starting cell search with center freq: 4049760000, bandwidth: 24. Scanning for 1 number of GSCN.
[0m[NR_PHY] Scanning GSCN: 0, with SSB offset: 24, SSB Freq: 0.000000
[0m[1;31m[PHY]    synch Failed: 
[0m[93m[PHY]    SSB position provided
[0m[93m[NR_PHY] Starting sync detection
[0m[PHY]    [UE thread Synch] Running Initial Synch 
[0m[NR_PHY] Starting cell search with center freq: 4049760000, bandwidth: 24. Scanning for 1 number of GSCN.
[0m[NR_PHY] Scanning GSCN: 0, with SSB offset: 24, SSB Freq: 0.000000
[0m[1;31m[PHY]    synch Failed: 
[0m[93m[PHY]    SSB position provided
[0m[93m[NR_PHY] Starting sync detection
[0m[PHY]    [UE thread Synch] Running Initial Synch 
[0m[NR_PHY] Starting cell search with center freq: 4049760000, bandwidth: 24. Scanning for 1 number of GSCN.
[0m[NR_PHY] Scanning GSCN: 0, with SSB offset: 24, SSB Freq: 0.000000
[0m[1;31m[PHY]    synch Failed: 
[0m[93m[PHY]    SSB position provided
[0m[93m[NR_PHY] Starting sync detection
[0m[PHY]    [UE thread Synch] Running Initial Synch 
[0m[NR_PHY] Starting cell search with center freq: 4049760000, bandwidth: 24. Scanning for 1 number of GSCN.
[0m[NR_PHY] Scanning GSCN: 0, with SSB offset: 24, SSB Freq: 0.000000
[0m[1;31m[PHY]    synch Failed: 
[0m[93m[PHY]    SSB position provided
[0m[93m[NR_PHY] Starting sync detection
[0m[PHY]    [UE thread Synch] Running Initial Synch 
[0m[NR_PHY] Starting cell search with center freq: 4049760000, bandwidth: 24. Scanning for 1 number of GSCN.
[0m[NR_PHY] Scanning GSCN: 0, with SSB offset: 24, SSB Freq: 0.000000
[0m[1;31m[PHY]    synch Failed: 
[0m[93m[PHY]    SSB position provided
[0m[93m[NR_PHY] Starting sync detection
[0m[PHY]    [UE thread Synch] Running Initial Synch 
[0m[NR_PHY] Starting cell search with center freq: 4049760000, bandwidth: 24. Scanning for 1 number of GSCN.
[0m[NR_PHY] Scanning GSCN: 0, with SSB offset: 24, SSB Freq: 0.000000
[0m[1;31m[PHY]    synch Failed: 
[0m[93m[PHY]    SSB position provided
[0m[93m[NR_PHY] Starting sync detection
[0m[PHY]    [UE thread Synch] Running Initial Synch 
[0m[NR_PHY] Starting cell search with center freq: 4049760000, bandwidth: 24. Scanning for 1 number of GSCN.
[0m[NR_PHY] Scanning GSCN: 0, with SSB offset: 24, SSB Freq: 0.000000
[0m[1;31m[PHY]    synch Failed: 
[0m[93m[PHY]    SSB position provided
[0m[93m[NR_PHY] Starting sync detection
[0m[PHY]    [UE thread Synch] Running Initial Synch 
[0m[NR_PHY] Starting cell search with center freq: 4049760000, bandwidth: 24. Scanning for 1 number of GSCN.
[0m[NR_PHY] Scanning GSCN: 0, with SSB offset: 24, SSB Freq: 0.000000
[0m[1;31m[PHY]    synch Failed: 
[0m[93m[PHY]    SSB position provided
[0m[93m[NR_PHY] Starting sync detection
[0m[PHY]    [UE thread Synch] Running Initial Synch 
[0m[NR_PHY] Starting cell search with center freq: 4049760000, bandwidth: 24. Scanning for 1 number of GSCN.
[0m[NR_PHY] Scanning GSCN: 0, with SSB offset: 24, SSB Freq: 0.000000
[0m[1;31m[PHY]    synch Failed: 
[0m[93m[PHY]    SSB position provided
[0m[93m[NR_PHY] Starting sync detection
[0m[PHY]    [UE thread Synch] Running Initial Synch 
[0m[NR_PHY] Starting cell search with center freq: 4049760000, bandwidth: 24. Scanning for 1 number of GSCN.
[0m[NR_PHY] Scanning GSCN: 0, with SSB offset: 24, SSB Freq: 0.000000
[0m[1;31m[PHY]    synch Failed: 
[0m[93m[PHY]    SSB position provided
[0m[93m[NR_PHY] Starting sync detection
[0m[PHY]    [UE thread Synch] Running Initial Synch 
[0m[NR_PHY] Starting cell search with center freq: 4049760000, bandwidth: 24. Scanning for 1 number of GSCN.
[0m[NR_PHY] Scanning GSCN: 0, with SSB offset: 24, SSB Freq: 0.000000
[0m[1;31m[PHY]    synch Failed: 
[0m[93m[PHY]    SSB position provided
[0m[93m[NR_PHY] Starting sync detection
[0m[PHY]    [UE thread Synch] Running Initial Synch 
[0m[NR_PHY] Starting cell search with center freq: 4049760000, bandwidth: 24. Scanning for 1 number of GSCN.
[0m[NR_PHY] Scanning GSCN: 0, with SSB offset: 24, SSB Freq: 0.000000
[0m[1;31m[PHY]    synch Failed: 
[0m[93m[PHY]    SSB position provided
[0m[93m[NR_PHY] Starting sync detection
[0m[PHY]    [UE thread Synch] Running Initial Synch 
[0m[NR_PHY] Starting cell search with center freq: 4049760000, bandwidth: 24. Scanning for 1 number of GSCN.
[0m[NR_PHY] Scanning GSCN: 0, with SSB offset: 24, SSB Freq: 0.000000
[0m[1;31m[PHY]    synch Failed: 
[0m[93m[PHY]    SSB position provided
[0m[93m[NR_PHY] Starting sync detection
[0m[PHY]    [UE thread Synch] Running Initial Synch 
[0m[NR_PHY] Starting cell search with center freq: 4049760000, bandwidth: 24. Scanning for 1 number of GSCN.
[0m[NR_PHY] Scanning GSCN: 0, with SSB offset: 24, SSB Freq: 0.000000
[0m[1;31m[PHY]    synch Failed: 
[0m[93m[PHY]    SSB position provided
[0m[93m[NR_PHY] Starting sync detection
[0m[PHY]    [UE thread Synch] Running Initial Synch 
[0m[NR_PHY] Starting cell search with center freq: 4049760000, bandwidth: 24. Scanning for 1 number of GSCN.
[0m[NR_PHY] Scanning GSCN: 0, with SSB offset: 24, SSB Freq: 0.000000
[0m[1;31m[PHY]    synch Failed: 
[0m[93m[PHY]    SSB position provided
[0m[93m[NR_PHY] Starting sync detection
[0m[PHY]    [UE thread Synch] Running Initial Synch 
[0m[NR_PHY] Starting cell search with center freq: 4049760000, bandwidth: 24. Scanning for 1 number of GSCN.
[0m[NR_PHY] Scanning GSCN: 0, with SSB offset: 24, SSB Freq: 0.000000
[0m[1;31m[PHY]    synch Failed: 
[0m[93m[PHY]    SSB position provided
[0m[93m[NR_PHY] Starting sync detection
[0m[PHY]    [UE thread Synch] Running Initial Synch 
[0m[NR_PHY] Starting cell search with center freq: 4049760000, bandwidth: 24. Scanning for 1 number of GSCN.
[0m[NR_PHY] Scanning GSCN: 0, with SSB offset: 24, SSB Freq: 0.000000
[0m[1;31m[PHY]    synch Failed: 
[0m[93m[PHY]    SSB position provided
[0m[93m[NR_PHY] Starting sync detection
[0m[PHY]    [UE thread Synch] Running Initial Synch 
[0m[NR_PHY] Starting cell search with center freq: 4049760000, bandwidth: 24. Scanning for 1 number of GSCN.
[0m[NR_PHY] Scanning GSCN: 0, with SSB offset: 24, SSB Freq: 0.000000
[0m[1;31m[PHY]    synch Failed: 
[0m[93m[PHY]    SSB position provided
[0m[93m[NR_PHY] Starting sync detection
[0m[PHY]    [UE thread Synch] Running Initial Synch 
[0m[NR_PHY] Starting cell search with center freq: 4049760000, bandwidth: 24. Scanning for 1 number of GSCN.
[0m[NR_PHY] Scanning GSCN: 0, with SSB offset: 24, SSB Freq: 0.000000
[0m[1;31m[PHY]    synch Failed: 
[0m[93m[PHY]    SSB position provided
[0m[93m[NR_PHY] Starting sync detection
[0m[PHY]    [UE thread Synch] Running Initial Synch 
[0m[NR_PHY] Starting cell search with center freq: 4049760000, bandwidth: 24. Scanning for 1 number of GSCN.
[0m[NR_PHY] Scanning GSCN: 0, with SSB offset: 24, SSB Freq: 0.000000
[0m[1;31m[PHY]    synch Failed: 
[0m[93m[PHY]    SSB position provided
[0m[93m[NR_PHY] Starting sync detection
[0m[PHY]    [UE thread Synch] Running Initial Synch 
[0m[NR_PHY] Starting cell search with center freq: 4049760000, bandwidth: 24. Scanning for 1 number of GSCN.
[0m[NR_PHY] Scanning GSCN: 0, with SSB offset: 24, SSB Freq: 0.000000
[0m[1;31m[PHY]    synch Failed: 
[0m[93m[PHY]    SSB position provided
[0m[93m[NR_PHY] Starting sync detection
[0m[PHY]    [UE thread Synch] Running Initial Synch 
[0m[NR_PHY] Starting cell search with center freq: 4049760000, bandwidth: 24. Scanning for 1 number of GSCN.
[0m[NR_PHY] Scanning GSCN: 0, with SSB offset: 24, SSB Freq: 0.000000
[0m[1;31m[PHY]    synch Failed: 
[0m[93m[PHY]    SSB position provided
[0m[93m[NR_PHY] Starting sync detection
[0m[PHY]    [UE thread Synch] Running Initial Synch 
[0m[NR_PHY] Starting cell search with center freq: 4049760000, bandwidth: 24. Scanning for 1 number of GSCN.
[0m[NR_PHY] Scanning GSCN: 0, with SSB offset: 24, SSB Freq: 0.000000
[0m[1;31m[PHY]    synch Failed: 
[0m[93m[PHY]    SSB position provided
[0m[93m[NR_PHY] Starting sync detection
[0m[PHY]    [UE thread Synch] Running Initial Synch 
[0m[NR_PHY] Starting cell search with center freq: 4049760000, bandwidth: 24. Scanning for 1 number of GSCN.
[0m[NR_PHY] Scanning GSCN: 0, with SSB offset: 24, SSB Freq: 0.000000
[0m[1;31m[PHY]    synch Failed: 
[0m[93m[PHY]    SSB position provided
[0m[93m[NR_PHY] Starting sync detection
[0m[PHY]    [UE thread Synch] Running Initial Synch 
[0m[NR_PHY] Starting cell search with center freq: 4049760000, bandwidth: 24. Scanning for 1 number of GSCN.
[0m[NR_PHY] Scanning GSCN: 0, with SSB offset: 24, SSB Freq: 0.000000
[0m[1;31m[PHY]    synch Failed: 
[0m[93m[PHY]    SSB position provided
[0m[93m[NR_PHY] Starting sync detection
[0m[PHY]    [UE thread Synch] Running Initial Synch 
[0m[NR_PHY] Starting cell search with center freq: 4049760000, bandwidth: 24. Scanning for 1 number of GSCN.
[0m[NR_PHY] Scanning GSCN: 0, with SSB offset: 24, SSB Freq: 0.000000
[0m[1;31m[PHY]    synch Failed: 
[0m[93m[PHY]    SSB position provided
[0m[93m[NR_PHY] Starting sync detection
[0m[PHY]    [UE thread Synch] Running Initial Synch 
[0m[NR_PHY] Starting cell search with center freq: 4049760000, bandwidth: 24. Scanning for 1 number of GSCN.
[0m[NR_PHY] Scanning GSCN: 0, with SSB offset: 24, SSB Freq: 0.000000
[0m[1;31m[PHY]    synch Failed: 
[0m[93m[PHY]    SSB position provided
[0m[93m[NR_PHY] Starting sync detection
[0m[PHY]    [UE thread Synch] Running Initial Synch 
[0m[NR_PHY] Starting cell search with center freq: 4049760000, bandwidth: 24. Scanning for 1 number of GSCN.
[0m[NR_PHY] Scanning GSCN: 0, with SSB offset: 24, SSB Freq: 0.000000
[0m[1;31m[PHY]    synch Failed: 
[0m[93m[PHY]    SSB position provided
[0m[93m[NR_PHY] Starting sync detection
[0m[PHY]    [UE thread Synch] Running Initial Synch 
[0m[NR_PHY] Starting cell search with center freq: 4049760000, bandwidth: 24. Scanning for 1 number of GSCN.
[0m[NR_PHY] Scanning GSCN: 0, with SSB offset: 24, SSB Freq: 0.000000
[0m[1;31m[PHY]    synch Failed: 
[0m[93m[PHY]    SSB position provided
[0m[93m[NR_PHY] Starting sync detection
[0m[PHY]    [UE thread Synch] Running Initial Synch 
[0m[NR_PHY] Starting cell search with center freq: 4049760000, bandwidth: 24. Scanning for 1 number of GSCN.
[0m[NR_PHY] Scanning GSCN: 0, with SSB offset: 24, SSB Freq: 0.000000
[0m[1;31m[PHY]    synch Failed: 
[0m[93m[PHY]    SSB position provided
[0m[93m[NR_PHY] Starting sync detection
[0m[PHY]    [UE thread Synch] Running Initial Synch 
[0m[NR_PHY] Starting cell search with center freq: 4049760000, bandwidth: 24. Scanning for 1 number of GSCN.
[0m[NR_PHY] Scanning GSCN: 0, with SSB offset: 24, SSB Freq: 0.000000
[0m[1;31m[PHY]    synch Failed: 
[0m[93m[PHY]    SSB position provided
[0m[93m[NR_PHY] Starting sync detection
[0m[PHY]    [UE thread Synch] Running Initial Synch 
[0m[NR_PHY] Starting cell search with center freq: 4049760000, bandwidth: 24. Scanning for 1 number of GSCN.
[0m[NR_PHY] Scanning GSCN: 0, with SSB offset: 24, SSB Freq: 0.000000
[0m[1;31m[PHY]    synch Failed: 
[0m[93m[PHY]    SSB position provided
[0m[93m[NR_PHY] Starting sync detection
[0m[PHY]    [UE thread Synch] Running Initial Synch 
[0m[NR_PHY] Starting cell search with center freq: 4049760000, bandwidth: 24. Scanning for 1 number of GSCN.
[0m[NR_PHY] Scanning GSCN: 0, with SSB offset: 24, SSB Freq: 0.000000
[0m[1;31m[PHY]    synch Failed: 
[0m[93m[PHY]    SSB position provided
[0m[93m[NR_PHY] Starting sync detection
[0m[PHY]    [UE thread Synch] Running Initial Synch 
[0m[NR_PHY] Starting cell search with center freq: 4049760000, bandwidth: 24. Scanning for 1 number of GSCN.
[0m[NR_PHY] Scanning GSCN: 0, with SSB offset: 24, SSB Freq: 0.000000
[0m[1;31m[PHY]    synch Failed: 
[0m[93m[PHY]    SSB position provided
[0m[93m[NR_PHY] Starting sync detection
[0m[PHY]    [UE thread Synch] Running Initial Synch 
[0m[NR_PHY] Starting cell search with center freq: 4049760000, bandwidth: 24. Scanning for 1 number of GSCN.
[0m[NR_PHY] Scanning GSCN: 0, with SSB offset: 24, SSB Freq: 0.000000
[0m[1;31m[PHY]    synch Failed: 
[0m[93m[PHY]    SSB position provided
[0m[93m[NR_PHY] Starting sync detection
[0m[PHY]    [UE thread Synch] Running Initial Synch 
[0m[NR_PHY] Starting cell search with center freq: 4049760000, bandwidth: 24. Scanning for 1 number of GSCN.
[0m[NR_PHY] Scanning GSCN: 0, with SSB offset: 24, SSB Freq: 0.000000
[0m[1;31m[PHY]    synch Failed: 
[0m[93m[PHY]    SSB position provided
[0m[93m[NR_PHY] Starting sync detection
[0m[PHY]    [UE thread Synch] Running Initial Synch 
[0m[NR_PHY] Starting cell search with center freq: 4049760000, bandwidth: 24. Scanning for 1 number of GSCN.
[0m[NR_PHY] Scanning GSCN: 0, with SSB offset: 24, SSB Freq: 0.000000
[0m[1;31m[PHY]    synch Failed: 
[0m[93m[PHY]    SSB position provided
[0m[93m[NR_PHY] Starting sync detection
[0m[PHY]    [UE thread Synch] Running Initial Synch 
[0m[NR_PHY] Starting cell search with center freq: 4049760000, bandwidth: 24. Scanning for 1 number of GSCN.
[0m[NR_PHY] Scanning GSCN: 0, with SSB offset: 24, SSB Freq: 0.000000
[0m[1;31m[PHY]    synch Failed: 
[0m[93m[PHY]    SSB position provided
[0m[93m[NR_PHY] Starting sync detection
[0m[PHY]    [UE thread Synch] Running Initial Synch 
[0m[NR_PHY] Starting cell search with center freq: 4049760000, bandwidth: 24. Scanning for 1 number of GSCN.
[0m[NR_PHY] Scanning GSCN: 0, with SSB offset: 24, SSB Freq: 0.000000
[0m[1;31m[PHY]    synch Failed: 
[0m[93m[PHY]    SSB position provided
[0m[93m[NR_PHY] Starting sync detection
[0m[PHY]    [UE thread Synch] Running Initial Synch 
[0m[NR_PHY] Starting cell search with center freq: 4049760000, bandwidth: 24. Scanning for 1 number of GSCN.
[0m[NR_PHY] Scanning GSCN: 0, with SSB offset: 24, SSB Freq: 0.000000
[0m[1;31m[PHY]    synch Failed: 
[0m[93m[PHY]    SSB position provided
[0m[93m[NR_PHY] Starting sync detection
[0m[PHY]    [UE thread Synch] Running Initial Synch 
[0m[NR_PHY] Starting cell search with center freq: 4049760000, bandwidth: 24. Scanning for 1 number of GSCN.
[0m[NR_PHY] Scanning GSCN: 0, with SSB offset: 24, SSB Freq: 0.000000
[0m[1;31m[PHY]    synch Failed: 
[0m[93m[PHY]    SSB position provided
[0m[93m[NR_PHY] Starting sync detection
[0m[PHY]    [UE thread Synch] Running Initial Synch 
[0m[NR_PHY] Starting cell search with center freq: 4049760000, bandwidth: 24. Scanning for 1 number of GSCN.
[0m[NR_PHY] Scanning GSCN: 0, with SSB offset: 24, SSB Freq: 0.000000
[0m[1;31m[PHY]    synch Failed: 
[0m[93m[PHY]    SSB position provided
[0m[93m[NR_PHY] Starting sync detection
[0m[PHY]    [UE thread Synch] Running Initial Synch 
[0m[NR_PHY] Starting cell search with center freq: 4049760000, bandwidth: 24. Scanning for 1 number of GSCN.
[0m[NR_PHY] Scanning GSCN: 0, with SSB offset: 24, SSB Freq: 0.000000
[0m[1;31m[PHY]    synch Failed: 
[0m[93m[PHY]    SSB position provided
[0m[93m[NR_PHY] Starting sync detection
[0m[PHY]    [UE thread Synch] Running Initial Synch 
[0m[NR_PHY] Starting cell search with center freq: 4049760000, bandwidth: 24. Scanning for 1 number of GSCN.
[0m[NR_PHY] Scanning GSCN: 0, with SSB offset: 24, SSB Freq: 0.000000
[0m[1;31m[PHY]    synch Failed: 
[0m[93m[PHY]    SSB position provided
[0m[93m[NR_PHY] Starting sync detection
[0m[PHY]    [UE thread Synch] Running Initial Synch 
[0m[NR_PHY] Starting cell search with center freq: 4049760000, bandwidth: 24. Scanning for 1 number of GSCN.
[0m[NR_PHY] Scanning GSCN: 0, with SSB offset: 24, SSB Freq: 0.000000
[0m[1;31m[PHY]    synch Failed: 
[0m[93m[PHY]    SSB position provided
[0m[93m[NR_PHY] Starting sync detection
[0m[PHY]    [UE thread Synch] Running Initial Synch 
[0m[NR_PHY] Starting cell search with center freq: 4049760000, bandwidth: 24. Scanning for 1 number of GSCN.
[0m[NR_PHY] Scanning GSCN: 0, with SSB offset: 24, SSB Freq: 0.000000
[0m[1;31m[PHY]    synch Failed: 
[0m[93m[PHY]    SSB position provided
[0m[93m[NR_PHY] Starting sync detection
[0m[PHY]    [UE thread Synch] Running Initial Synch 
[0m[NR_PHY] Starting cell search with center freq: 4049760000, bandwidth: 24. Scanning for 1 number of GSCN.
[0m[NR_PHY] Scanning GSCN: 0, with SSB offset: 24, SSB Freq: 0.000000
[0m[1;31m[PHY]    synch Failed: 
[0m[93m[PHY]    SSB position provided
[0m[93m[NR_PHY] Starting sync detection
[0m[PHY]    [UE thread Synch] Running Initial Synch 
[0m[NR_PHY] Starting cell search with center freq: 4049760000, bandwidth: 24. Scanning for 1 number of GSCN.
[0m[NR_PHY] Scanning GSCN: 0, with SSB offset: 24, SSB Freq: 0.000000
[0m[1;31m[PHY]    synch Failed: 
[0m[93m[PHY]    SSB position provided
[0m[93m[NR_PHY] Starting sync detection
[0m[PHY]    [UE thread Synch] Running Initial Synch 
[0m[NR_PHY] Starting cell search with center freq: 4049760000, bandwidth: 24. Scanning for 1 number of GSCN.
[0m[NR_PHY] Scanning GSCN: 0, with SSB offset: 24, SSB Freq: 0.000000
[0m[1;31m[PHY]    synch Failed: 
[0m[93m[PHY]    SSB position provided
[0m[93m[NR_PHY] Starting sync detection
[0m[PHY]    [UE thread Synch] Running Initial Synch 
[0m[NR_PHY] Starting cell search with center freq: 4049760000, bandwidth: 24. Scanning for 1 number of GSCN.
[0m[NR_PHY] Scanning GSCN: 0, with SSB offset: 24, SSB Freq: 0.000000
[0m[1;31m[PHY]    synch Failed: 
[0m[93m[PHY]    SSB position provided
[0m[93m[NR_PHY] Starting sync detection
[0m[PHY]    [UE thread Synch] Running Initial Synch 
[0m[NR_PHY] Starting cell search with center freq: 4049760000, bandwidth: 24. Scanning for 1 number of GSCN.
[0m[NR_PHY] Scanning GSCN: 0, with SSB offset: 24, SSB Freq: 0.000000
[0m[1;31m[PHY]    synch Failed: 
[0m[93m[PHY]    SSB position provided
[0m[93m[NR_PHY] Starting sync detection
[0m[PHY]    [UE thread Synch] Running Initial Synch 
[0m[NR_PHY] Starting cell search with center freq: 4049760000, bandwidth: 24. Scanning for 1 number of GSCN.
[0m[NR_PHY] Scanning GSCN: 0, with SSB offset: 24, SSB Freq: 0.000000
[0m[1;31m[PHY]    synch Failed: 
[0m[93m[PHY]    SSB position provided
[0m[93m[NR_PHY] Starting sync detection
[0m[PHY]    [UE thread Synch] Running Initial Synch 
[0m[NR_PHY] Starting cell search with center freq: 4049760000, bandwidth: 24. Scanning for 1 number of GSCN.
[0m[NR_PHY] Scanning GSCN: 0, with SSB offset: 24, SSB Freq: 0.000000
[0m[1;31m[PHY]    synch Failed: 
[0m[93m[PHY]    SSB position provided
[0m[93m[NR_PHY] Starting sync detection
[0m[PHY]    [UE thread Synch] Running Initial Synch 
[0m[NR_PHY] Starting cell search with center freq: 4049760000, bandwidth: 24. Scanning for 1 number of GSCN.
[0m[NR_PHY] Scanning GSCN: 0, with SSB offset: 24, SSB Freq: 0.000000
[0m[1;31m[PHY]    synch Failed: 
[0m[93m[PHY]    SSB position provided
[0m[93m[NR_PHY] Starting sync detection
[0m[PHY]    [UE thread Synch] Running Initial Synch 
[0m[NR_PHY] Starting cell search with center freq: 4049760000, bandwidth: 24. Scanning for 1 number of GSCN.
[0m[NR_PHY] Scanning GSCN: 0, with SSB offset: 24, SSB Freq: 0.000000
[0m[1;31m[PHY]    synch Failed: 
[0m[93m[PHY]    SSB position provided
[0m[93m[NR_PHY] Starting sync detection
[0m[PHY]    [UE thread Synch] Running Initial Synch 
[0m[NR_PHY] Starting cell search with center freq: 4049760000, bandwidth: 24. Scanning for 1 number of GSCN.
[0m[NR_PHY] Scanning GSCN: 0, with SSB offset: 24, SSB Freq: 0.000000
[0m[1;31m[PHY]    synch Failed: 
[0m[93m[PHY]    SSB position provided
[0m[93m[NR_PHY] Starting sync detection
[0m[PHY]    [UE thread Synch] Running Initial Synch 
[0m[NR_PHY] Starting cell search with center freq: 4049760000, bandwidth: 24. Scanning for 1 number of GSCN.
[0m[NR_PHY] Scanning GSCN: 0, with SSB offset: 24, SSB Freq: 0.000000
[0m[1;31m[PHY]    synch Failed: 
[0m[93m[PHY]    SSB position provided
[0m[93m[NR_PHY] Starting sync detection
[0m[PHY]    [UE thread Synch] Running Initial Synch 
[0m[NR_PHY] Starting cell search with center freq: 4049760000, bandwidth: 24. Scanning for 1 number of GSCN.
[0m[NR_PHY] Scanning GSCN: 0, with SSB offset: 24, SSB Freq: 0.000000
[0m[1;31m[PHY]    synch Failed: 
[0m[93m[PHY]    SSB position provided
[0m[93m[NR_PHY] Starting sync detection
[0m[PHY]    [UE thread Synch] Running Initial Synch 
[0m[NR_PHY] Starting cell search with center freq: 4049760000, bandwidth: 24. Scanning for 1 number of GSCN.
[0m[NR_PHY] Scanning GSCN: 0, with SSB offset: 24, SSB Freq: 0.000000
[0m[1;31m[PHY]    synch Failed: 
[0m[93m[PHY]    SSB position provided
[0m[93m[NR_PHY] Starting sync detection
[0m[PHY]    [UE thread Synch] Running Initial Synch 
[0m[NR_PHY] Starting cell search with center freq: 4049760000, bandwidth: 24. Scanning for 1 number of GSCN.
[0m[NR_PHY] Scanning GSCN: 0, with SSB offset: 24, SSB Freq: 0.000000
[0m[1;31m[PHY]    synch Failed: 
[0m[93m[PHY]    SSB position provided
[0m[93m[NR_PHY] Starting sync detection
[0m[PHY]    [UE thread Synch] Running Initial Synch 
[0m[NR_PHY] Starting cell search with center freq: 4049760000, bandwidth: 24. Scanning for 1 number of GSCN.
[0m[NR_PHY] Scanning GSCN: 0, with SSB offset: 24, SSB Freq: 0.000000
[0m[1;31m[PHY]    synch Failed: 
[0m[93m[PHY]    SSB position provided
[0m[93m[NR_PHY] Starting sync detection
[0m[PHY]    [UE thread Synch] Running Initial Synch 
[0m[NR_PHY] Starting cell search with center freq: 4049760000, bandwidth: 24. Scanning for 1 number of GSCN.
[0m[NR_PHY] Scanning GSCN: 0, with SSB offset: 24, SSB Freq: 0.000000
[0m[1;31m[PHY]    synch Failed: 
[0m[93m[PHY]    SSB position provided
[0m[93m[NR_PHY] Starting sync detection
[0m[PHY]    [UE thread Synch] Running Initial Synch 
[0m[NR_PHY] Starting cell search with center freq: 4049760000, bandwidth: 24. Scanning for 1 number of GSCN.
[0m[NR_PHY] Scanning GSCN: 0, with SSB offset: 24, SSB Freq: 0.000000
[0m[1;31m[PHY]    synch Failed: 
[0m[93m[PHY]    SSB position provided
[0m[93m[NR_PHY] Starting sync detection
[0m[PHY]    [UE thread Synch] Running Initial Synch 
[0m[NR_PHY] Starting cell search with center freq: 4049760000, bandwidth: 24. Scanning for 1 number of GSCN.
[0m[NR_PHY] Scanning GSCN: 0, with SSB offset: 24, SSB Freq: 0.000000
[0m[1;31m[PHY]    synch Failed: 
[0m[93m[PHY]    SSB position provided
[0m[93m[NR_PHY] Starting sync detection
[0m[PHY]    [UE thread Synch] Running Initial Synch 
[0m[NR_PHY] Starting cell search with center freq: 4049760000, bandwidth: 24. Scanning for 1 number of GSCN.
[0m[NR_PHY] Scanning GSCN: 0, with SSB offset: 24, SSB Freq: 0.000000
[0m[1;31m[PHY]    synch Failed: 
[0m[93m[PHY]    SSB position provided
[0m[93m[NR_PHY] Starting sync detection
[0m[PHY]    [UE thread Synch] Running Initial Synch 
[0m[NR_PHY] Starting cell search with center freq: 4049760000, bandwidth: 24. Scanning for 1 number of GSCN.
[0m[NR_PHY] Scanning GSCN: 0, with SSB offset: 24, SSB Freq: 0.000000
[0m[1;31m[PHY]    synch Failed: 
[0m[93m[PHY]    SSB position provided
[0m[93m[NR_PHY] Starting sync detection
[0m[PHY]    [UE thread Synch] Running Initial Synch 
[0m[NR_PHY] Starting cell search with center freq: 4049760000, bandwidth: 24. Scanning for 1 number of GSCN.
[0m[NR_PHY] Scanning GSCN: 0, with SSB offset: 24, SSB Freq: 0.000000
[0m[1;31m[PHY]    synch Failed: 
[0m[93m[PHY]    SSB position provided
[0m[93m[NR_PHY] Starting sync detection
[0m[PHY]    [UE thread Synch] Running Initial Synch 
[0m[NR_PHY] Starting cell search with center freq: 4049760000, bandwidth: 24. Scanning for 1 number of GSCN.
[0m[NR_PHY] Scanning GSCN: 0, with SSB offset: 24, SSB Freq: 0.000000
[0m[1;31m[PHY]    synch Failed: 
[0m[93m[PHY]    SSB position provided
[0m[93m[NR_PHY] Starting sync detection
[0m[PHY]    [UE thread Synch] Running Initial Synch 
[0m[NR_PHY] Starting cell search with center freq: 4049760000, bandwidth: 24. Scanning for 1 number of GSCN.
[0m[NR_PHY] Scanning GSCN: 0, with SSB offset: 24, SSB Freq: 0.000000
[0m[1;31m[PHY]    synch Failed: 
[0m[93m[PHY]    SSB position provided
[0m[93m[NR_PHY] Starting sync detection
[0m[PHY]    [UE thread Synch] Running Initial Synch 
[0m[NR_PHY] Starting cell search with center freq: 4049760000, bandwidth: 24. Scanning for 1 number of GSCN.
[0m[NR_PHY] Scanning GSCN: 0, with SSB offset: 24, SSB Freq: 0.000000
[0m[1;31m[PHY]    synch Failed: 
[0m[93m[PHY]    SSB position provided
[0m[93m[NR_PHY] Starting sync detection
[0m[PHY]    [UE thread Synch] Running Initial Synch 
[0m[NR_PHY] Starting cell search with center freq: 4049760000, bandwidth: 24. Scanning for 1 number of GSCN.
[0m[NR_PHY] Scanning GSCN: 0, with SSB offset: 24, SSB Freq: 0.000000
[0m[1;31m[PHY]    synch Failed: 
[0m[93m[PHY]    SSB position provided
[0m[93m[NR_PHY] Starting sync detection
[0m[PHY]    [UE thread Synch] Running Initial Synch 
[0m[NR_PHY] Starting cell search with center freq: 4049760000, bandwidth: 24. Scanning for 1 number of GSCN.
[0m[NR_PHY] Scanning GSCN: 0, with SSB offset: 24, SSB Freq: 0.000000
[0m[1;31m[PHY]    synch Failed: 
[0m[93m[PHY]    SSB position provided
[0m[93m[NR_PHY] Starting sync detection
[0m[PHY]    [UE thread Synch] Running Initial Synch 
[0m[NR_PHY] Starting cell search with center freq: 4049760000, bandwidth: 24. Scanning for 1 number of GSCN.
[0m[NR_PHY] Scanning GSCN: 0, with SSB offset: 24, SSB Freq: 0.000000
[0m[1;31m[PHY]    synch Failed: 
[0m[93m[PHY]    SSB position provided
[0m[93m[NR_PHY] Starting sync detection
[0m[PHY]    [UE thread Synch] Running Initial Synch 
[0m[NR_PHY] Starting cell search with center freq: 4049760000, bandwidth: 24. Scanning for 1 number of GSCN.
[0m[NR_PHY] Scanning GSCN: 0, with SSB offset: 24, SSB Freq: 0.000000
[0m[1;31m[PHY]    synch Failed: 
[0m[93m[PHY]    SSB position provided
[0m[93m[NR_PHY] Starting sync detection
[0m[PHY]    [UE thread Synch] Running Initial Synch 
[0m[NR_PHY] Starting cell search with center freq: 4049760000, bandwidth: 24. Scanning for 1 number of GSCN.
[0m[NR_PHY] Scanning GSCN: 0, with SSB offset: 24, SSB Freq: 0.000000
[0m[1;31m[PHY]    synch Failed: 
[0m[93m[PHY]    SSB position provided
[0m[93m[NR_PHY] Starting sync detection
[0m[PHY]    [UE thread Synch] Running Initial Synch 
[0m[NR_PHY] Starting cell search with center freq: 4049760000, bandwidth: 24. Scanning for 1 number of GSCN.
[0m[NR_PHY] Scanning GSCN: 0, with SSB offset: 24, SSB Freq: 0.000000
[0m[1;31m[PHY]    synch Failed: 
[0m[93m[PHY]    SSB position provided
[0m[93m[NR_PHY] Starting sync detection
[0m[PHY]    [UE thread Synch] Running Initial Synch 
[0m[NR_PHY] Starting cell search with center freq: 4049760000, bandwidth: 24. Scanning for 1 number of GSCN.
[0m[NR_PHY] Scanning GSCN: 0, with SSB offset: 24, SSB Freq: 0.000000
[0m[1;31m[PHY]    synch Failed: 
[0m[93m[PHY]    SSB position provided
[0m[93m[NR_PHY] Starting sync detection
[0m[PHY]    [UE thread Synch] Running Initial Synch 
[0m[NR_PHY] Starting cell search with center freq: 4049760000, bandwidth: 24. Scanning for 1 number of GSCN.
[0m[NR_PHY] Scanning GSCN: 0, with SSB offset: 24, SSB Freq: 0.000000
[0m[1;31m[PHY]    synch Failed: 
[0m[93m[PHY]    SSB position provided
[0m[93m[NR_PHY] Starting sync detection
[0m[PHY]    [UE thread Synch] Running Initial Synch 
[0m[NR_PHY] Starting cell search with center freq: 4049760000, bandwidth: 24. Scanning for 1 number of GSCN.
[0m[NR_PHY] Scanning GSCN: 0, with SSB offset: 24, SSB Freq: 0.000000
[0m[1;31m[PHY]    synch Failed: 
[0m[93m[PHY]    SSB position provided
[0m[93m[NR_PHY] Starting sync detection
[0m[PHY]    [UE thread Synch] Running Initial Synch 
[0m[NR_PHY] Starting cell search with center freq: 4049760000, bandwidth: 24. Scanning for 1 number of GSCN.
[0m[NR_PHY] Scanning GSCN: 0, with SSB offset: 24, SSB Freq: 0.000000
[0m[1;31m[PHY]    synch Failed: 
[0m[93m[PHY]    SSB position provided
[0m[93m[NR_PHY] Starting sync detection
[0m[PHY]    [UE thread Synch] Running Initial Synch 
[0m[NR_PHY] Starting cell search with center freq: 4049760000, bandwidth: 24. Scanning for 1 number of GSCN.
[0m[NR_PHY] Scanning GSCN: 0, with SSB offset: 24, SSB Freq: 0.000000
[0m[1;31m[PHY]    synch Failed: 
[0m[93m[PHY]    SSB position provided
[0m[93m[NR_PHY] Starting sync detection
[0m[PHY]    [UE thread Synch] Running Initial Synch 
[0m[NR_PHY] Starting cell search with center freq: 4049760000, bandwidth: 24. Scanning for 1 number of GSCN.
[0m[NR_PHY] Scanning GSCN: 0, with SSB offset: 24, SSB Freq: 0.000000
[0m[1;31m[PHY]    synch Failed: 
[0m[93m[PHY]    SSB position provided
[0m[93m[NR_PHY] Starting sync detection
[0m[PHY]    [UE thread Synch] Running Initial Synch 
[0m[NR_PHY] Starting cell search with center freq: 4049760000, bandwidth: 24. Scanning for 1 number of GSCN.
[0m[NR_PHY] Scanning GSCN: 0, with SSB offset: 24, SSB Freq: 0.000000
[0m[1;31m[PHY]    synch Failed: 
[0m[93m[PHY]    SSB position provided
[0m[93m[NR_PHY] Starting sync detection
[0m[PHY]    [UE thread Synch] Running Initial Synch 
[0m[NR_PHY] Starting cell search with center freq: 4049760000, bandwidth: 24. Scanning for 1 number of GSCN.
[0m[NR_PHY] Scanning GSCN: 0, with SSB offset: 24, SSB Freq: 0.000000
[0m[1;31m[PHY]    synch Failed: 
[0m[93m[PHY]    SSB position provided
[0m[93m[NR_PHY] Starting sync detection
[0m[PHY]    [UE thread Synch] Running Initial Synch 
[0m[NR_PHY] Starting cell search with center freq: 4049760000, bandwidth: 24. Scanning for 1 number of GSCN.
[0m[NR_PHY] Scanning GSCN: 0, with SSB offset: 24, SSB Freq: 0.000000
[0m[1;31m[PHY]    synch Failed: 
[0m[93m[PHY]    SSB position provided
[0m[93m[NR_PHY] Starting sync detection
[0m[PHY]    [UE thread Synch] Running Initial Synch 
[0m[NR_PHY] Starting cell search with center freq: 4049760000, bandwidth: 24. Scanning for 1 number of GSCN.
[0m[NR_PHY] Scanning GSCN: 0, with SSB offset: 24, SSB Freq: 0.000000
[0m[1;31m[PHY]    synch Failed: 
[0m[93m[PHY]    SSB position provided
[0m[93m[NR_PHY] Starting sync detection
[0m[PHY]    [UE thread Synch] Running Initial Synch 
[0m[NR_PHY] Starting cell search with center freq: 4049760000, bandwidth: 24. Scanning for 1 number of GSCN.
[0m[NR_PHY] Scanning GSCN: 0, with SSB offset: 24, SSB Freq: 0.000000
[0m[1;31m[PHY]    synch Failed: 
[0m[93m[PHY]    SSB position provided
[0m[93m[NR_PHY] Starting sync detection
[0m[PHY]    [UE thread Synch] Running Initial Synch 
[0m[NR_PHY] Starting cell search with center freq: 4049760000, bandwidth: 24. Scanning for 1 number of GSCN.
[0m[NR_PHY] Scanning GSCN: 0, with SSB offset: 24, SSB Freq: 0.000000
[0m[1;31m[PHY]    synch Failed: 
[0m[93m[PHY]    SSB position provided
[0m[93m[NR_PHY] Starting sync detection
[0m[PHY]    [UE thread Synch] Running Initial Synch 
[0m[NR_PHY] Starting cell search with center freq: 4049760000, bandwidth: 24. Scanning for 1 number of GSCN.
[0m[NR_PHY] Scanning GSCN: 0, with SSB offset: 24, SSB Freq: 0.000000
[0m[1;31m[PHY]    synch Failed: 
[0m[93m[PHY]    SSB position provided
[0m[93m[NR_PHY] Starting sync detection
[0m[PHY]    [UE thread Synch] Running Initial Synch 
[0m[NR_PHY] Starting cell search with center freq: 4049760000, bandwidth: 24. Scanning for 1 number of GSCN.
[0m[NR_PHY] Scanning GSCN: 0, with SSB offset: 24, SSB Freq: 0.000000
[0m[1;31m[PHY]    synch Failed: 
[0m[93m[PHY]    SSB position provided
[0m[93m[NR_PHY] Starting sync detection
[0m[PHY]    [UE thread Synch] Running Initial Synch 
[0m[NR_PHY] Starting cell search with center freq: 4049760000, bandwidth: 24. Scanning for 1 number of GSCN.
[0m[NR_PHY] Scanning GSCN: 0, with SSB offset: 24, SSB Freq: 0.000000
[0m[1;31m[PHY]    synch Failed: 
[0m[93m[PHY]    SSB position provided
[0m[93m[NR_PHY] Starting sync detection
[0m[PHY]    [UE thread Synch] Running Initial Synch 
[0m[NR_PHY] Starting cell search with center freq: 4049760000, bandwidth: 24. Scanning for 1 number of GSCN.
[0m[NR_PHY] Scanning GSCN: 0, with SSB offset: 24, SSB Freq: 0.000000
[0m[1;31m[PHY]    synch Failed: 
[0m[93m[PHY]    SSB position provided
[0m[93m[NR_PHY] Starting sync detection
[0m[PHY]    [UE thread Synch] Running Initial Synch 
[0m[NR_PHY] Starting cell search with center freq: 4049760000, bandwidth: 24. Scanning for 1 number of GSCN.
[0m[NR_PHY] Scanning GSCN: 0, with SSB offset: 24, SSB Freq: 0.000000
[0m[1;31m[PHY]    synch Failed: 
[0m[93m[PHY]    SSB position provided
[0m[93m[NR_PHY] Starting sync detection
[0m[PHY]    [UE thread Synch] Running Initial Synch 
[0m[NR_PHY] Starting cell search with center freq: 4049760000, bandwidth: 24. Scanning for 1 number of GSCN.
[0m[NR_PHY] Scanning GSCN: 0, with SSB offset: 24, SSB Freq: 0.000000
[0m[1;31m[PHY]    synch Failed: 
[0m[93m[PHY]    SSB position provided
[0m[93m[NR_PHY] Starting sync detection
[0m[PHY]    [UE thread Synch] Running Initial Synch 
[0m[NR_PHY] Starting cell search with center freq: 4049760000, bandwidth: 24. Scanning for 1 number of GSCN.
[0m[NR_PHY] Scanning GSCN: 0, with SSB offset: 24, SSB Freq: 0.000000
[0m[1;31m[PHY]    synch Failed: 
[0m[93m[PHY]    SSB position provided
[0m[93m[NR_PHY] Starting sync detection
[0m[PHY]    [UE thread Synch] Running Initial Synch 
[0m[NR_PHY] Starting cell search with center freq: 4049760000, bandwidth: 24. Scanning for 1 number of GSCN.
[0m[NR_PHY] Scanning GSCN: 0, with SSB offset: 24, SSB Freq: 0.000000
[0m[1;31m[PHY]    synch Failed: 
[0m[93m[PHY]    SSB position provided
[0m[93m[NR_PHY] Starting sync detection
[0m[PHY]    [UE thread Synch] Running Initial Synch 
[0m[NR_PHY] Starting cell search with center freq: 4049760000, bandwidth: 24. Scanning for 1 number of GSCN.
[0m[NR_PHY] Scanning GSCN: 0, with SSB offset: 24, SSB Freq: 0.000000
[0m[1;31m[PHY]    synch Failed: 
[0m[93m[PHY]    SSB position provided
[0m[93m[NR_PHY] Starting sync detection
[0m[PHY]    [UE thread Synch] Running Initial Synch 
[0m[NR_PHY] Starting cell search with center freq: 4049760000, bandwidth: 24. Scanning for 1 number of GSCN.
[0m[NR_PHY] Scanning GSCN: 0, with SSB offset: 24, SSB Freq: 0.000000
[0m[1;31m[PHY]    synch Failed: 
[0m[93m[PHY]    SSB position provided
[0m[93m[NR_PHY] Starting sync detection
[0m[PHY]    [UE thread Synch] Running Initial Synch 
[0m[NR_PHY] Starting cell search with center freq: 4049760000, bandwidth: 24. Scanning for 1 number of GSCN.
[0m[NR_PHY] Scanning GSCN: 0, with SSB offset: 24, SSB Freq: 0.000000
[0m[1;31m[PHY]    synch Failed: 
[0m[93m[PHY]    SSB position provided
[0m[93m[NR_PHY] Starting sync detection
[0m[PHY]    [UE thread Synch] Running Initial Synch 
[0m[NR_PHY] Starting cell search with center freq: 4049760000, bandwidth: 24. Scanning for 1 number of GSCN.
[0m[NR_PHY] Scanning GSCN: 0, with SSB offset: 24, SSB Freq: 0.000000
[0m[1;31m[PHY]    synch Failed: 
[0m[93m[PHY]    SSB position provided
[0m[93m[NR_PHY] Starting sync detection
[0m[PHY]    [UE thread Synch] Running Initial Synch 
[0m[NR_PHY] Starting cell search with center freq: 4049760000, bandwidth: 24. Scanning for 1 number of GSCN.
[0m[NR_PHY] Scanning GSCN: 0, with SSB offset: 24, SSB Freq: 0.000000
[0m[1;31m[PHY]    synch Failed: 
[0m[93m[PHY]    SSB position provided
[0m[93m[NR_PHY] Starting sync detection
[0m[PHY]    [UE thread Synch] Running Initial Synch 
[0m[NR_PHY] Starting cell search with center freq: 4049760000, bandwidth: 24. Scanning for 1 number of GSCN.
[0m[NR_PHY] Scanning GSCN: 0, with SSB offset: 24, SSB Freq: 0.000000
[0m[1;31m[PHY]    synch Failed: 
[0m[93m[PHY]    SSB position provided
[0m[93m[NR_PHY] Starting sync detection
[0m[PHY]    [UE thread Synch] Running Initial Synch 
[0m[NR_PHY] Starting cell search with center freq: 4049760000, bandwidth: 24. Scanning for 1 number of GSCN.
[0m[NR_PHY] Scanning GSCN: 0, with SSB offset: 24, SSB Freq: 0.000000
[0m[1;31m[PHY]    synch Failed: 
[0m[93m[PHY]    SSB position provided
[0m[93m[NR_PHY] Starting sync detection
[0m[PHY]    [UE thread Synch] Running Initial Synch 
[0m[NR_PHY] Starting cell search with center freq: 4049760000, bandwidth: 24. Scanning for 1 number of GSCN.
[0m[NR_PHY] Scanning GSCN: 0, with SSB offset: 24, SSB Freq: 0.000000
[0m[1;31m[PHY]    synch Failed: 
[0m[93m[PHY]    SSB position provided
[0m[93m[NR_PHY] Starting sync detection
[0m[PHY]    [UE thread Synch] Running Initial Synch 
[0m[NR_PHY] Starting cell search with center freq: 4049760000, bandwidth: 24. Scanning for 1 number of GSCN.
[0m[NR_PHY] Scanning GSCN: 0, with SSB offset: 24, SSB Freq: 0.000000
[0m[1;31m[PHY]    synch Failed: 
[0m[93m[PHY]    SSB position provided
[0m[93m[NR_PHY] Starting sync detection
[0m[PHY]    [UE thread Synch] Running Initial Synch 
[0m[NR_PHY] Starting cell search with center freq: 4049760000, bandwidth: 24. Scanning for 1 number of GSCN.
[0m[NR_PHY] Scanning GSCN: 0, with SSB offset: 24, SSB Freq: 0.000000
[0m[1;31m[PHY]    synch Failed: 
[0m[93m[PHY]    SSB position provided
[0m[93m[NR_PHY] Starting sync detection
[0m[PHY]    [UE thread Synch] Running Initial Synch 
[0m[NR_PHY] Starting cell search with center freq: 4049760000, bandwidth: 24. Scanning for 1 number of GSCN.
[0m[NR_PHY] Scanning GSCN: 0, with SSB offset: 24, SSB Freq: 0.000000
[0m[1;31m[PHY]    synch Failed: 
[0m[93m[PHY]    SSB position provided
[0m[93m[NR_PHY] Starting sync detection
[0m[PHY]    [UE thread Synch] Running Initial Synch 
[0m[NR_PHY] Starting cell search with center freq: 4049760000, bandwidth: 24. Scanning for 1 number of GSCN.
[0m[NR_PHY] Scanning GSCN: 0, with SSB offset: 24, SSB Freq: 0.000000
[0m[1;31m[PHY]    synch Failed: 
[0m[93m[PHY]    SSB position provided
[0m[93m[NR_PHY] Starting sync detection
[0m[PHY]    [UE thread Synch] Running Initial Synch 
[0m[NR_PHY] Starting cell search with center freq: 4049760000, bandwidth: 24. Scanning for 1 number of GSCN.
[0m[NR_PHY] Scanning GSCN: 0, with SSB offset: 24, SSB Freq: 0.000000
[0m[1;31m[PHY]    synch Failed: 
[0m[93m[PHY]    SSB position provided
[0m[93m[NR_PHY] Starting sync detection
[0m[PHY]    [UE thread Synch] Running Initial Synch 
[0m[NR_PHY] Starting cell search with center freq: 4049760000, bandwidth: 24. Scanning for 1 number of GSCN.
[0m[NR_PHY] Scanning GSCN: 0, with SSB offset: 24, SSB Freq: 0.000000
[0m[1;31m[PHY]    synch Failed: 
[0m[93m[PHY]    SSB position provided
[0m[93m[NR_PHY] Starting sync detection
[0m[PHY]    [UE thread Synch] Running Initial Synch 
[0m[NR_PHY] Starting cell search with center freq: 4049760000, bandwidth: 24. Scanning for 1 number of GSCN.
[0m[NR_PHY] Scanning GSCN: 0, with SSB offset: 24, SSB Freq: 0.000000
[0m[1;31m[PHY]    synch Failed: 
[0m[93m[PHY]    SSB position provided
[0m[93m[NR_PHY] Starting sync detection
[0m[PHY]    [UE thread Synch] Running Initial Synch 
[0m[NR_PHY] Starting cell search with center freq: 4049760000, bandwidth: 24. Scanning for 1 number of GSCN.
[0m[NR_PHY] Scanning GSCN: 0, with SSB offset: 24, SSB Freq: 0.000000
[0m[1;31m[PHY]    synch Failed: 
[0m[93m[PHY]    SSB position provided
[0m[93m[NR_PHY] Starting sync detection
[0m[PHY]    [UE thread Synch] Running Initial Synch 
[0m[NR_PHY] Starting cell search with center freq: 4049760000, bandwidth: 24. Scanning for 1 number of GSCN.
[0m[NR_PHY] Scanning GSCN: 0, with SSB offset: 24, SSB Freq: 0.000000
[0m[1;31m[PHY]    synch Failed: 
[0m[93m[PHY]    SSB position provided
[0m[93m[NR_PHY] Starting sync detection
[0m[PHY]    [UE thread Synch] Running Initial Synch 
[0m[NR_PHY] Starting cell search with center freq: 4049760000, bandwidth: 24. Scanning for 1 number of GSCN.
[0m[NR_PHY] Scanning GSCN: 0, with SSB offset: 24, SSB Freq: 0.000000
[0m[1;31m[PHY]    synch Failed: 
[0m[93m[PHY]    SSB position provided
[0m[93m[NR_PHY] Starting sync detection
[0m[PHY]    [UE thread Synch] Running Initial Synch 
[0m[NR_PHY] Starting cell search with center freq: 4049760000, bandwidth: 24. Scanning for 1 number of GSCN.
[0m[NR_PHY] Scanning GSCN: 0, with SSB offset: 24, SSB Freq: 0.000000
[0m[1;31m[PHY]    synch Failed: 
[0m[93m[PHY]    SSB position provided
[0m[93m[NR_PHY] Starting sync detection
[0m[PHY]    [UE thread Synch] Running Initial Synch 
[0m[NR_PHY] Starting cell search with center freq: 4049760000, bandwidth: 24. Scanning for 1 number of GSCN.
[0m[NR_PHY] Scanning GSCN: 0, with SSB offset: 24, SSB Freq: 0.000000
[0m[1;31m[PHY]    synch Failed: 
[0m[93m[PHY]    SSB position provided
[0m[93m[NR_PHY] Starting sync detection
[0m[PHY]    [UE thread Synch] Running Initial Synch 
[0m[NR_PHY] Starting cell search with center freq: 4049760000, bandwidth: 24. Scanning for 1 number of GSCN.
[0m[NR_PHY] Scanning GSCN: 0, with SSB offset: 24, SSB Freq: 0.000000
[0m[1;31m[PHY]    synch Failed: 
[0m[93m[PHY]    SSB position provided
[0m[93m[NR_PHY] Starting sync detection
[0m[PHY]    [UE thread Synch] Running Initial Synch 
[0m[NR_PHY] Starting cell search with center freq: 4049760000, bandwidth: 24. Scanning for 1 number of GSCN.
[0m[NR_PHY] Scanning GSCN: 0, with SSB offset: 24, SSB Freq: 0.000000
[0m[1;31m[PHY]    synch Failed: 
[0m[93m[PHY]    SSB position provided
[0m[93m[NR_PHY] Starting sync detection
[0m[PHY]    [UE thread Synch] Running Initial Synch 
[0m[NR_PHY] Starting cell search with center freq: 4049760000, bandwidth: 24. Scanning for 1 number of GSCN.
[0m[NR_PHY] Scanning GSCN: 0, with SSB offset: 24, SSB Freq: 0.000000
[0m[1;31m[PHY]    synch Failed: 
[0m[93m[PHY]    SSB position provided
[0m[93m[NR_PHY] Starting sync detection
[0m[PHY]    [UE thread Synch] Running Initial Synch 
[0m[NR_PHY] Starting cell search with center freq: 4049760000, bandwidth: 24. Scanning for 1 number of GSCN.
[0m[NR_PHY] Scanning GSCN: 0, with SSB offset: 24, SSB Freq: 0.000000
[0m[1;31m[PHY]    synch Failed: 
[0m[93m[PHY]    SSB position provided
[0m[93m[NR_PHY] Starting sync detection
[0m[PHY]    [UE thread Synch] Running Initial Synch 
[0m[NR_PHY] Starting cell search with center freq: 4049760000, bandwidth: 24. Scanning for 1 number of GSCN.
[0m[NR_PHY] Scanning GSCN: 0, with SSB offset: 24, SSB Freq: 0.000000
[0m[1;31m[PHY]    synch Failed: 
[0m[93m[PHY]    SSB position provided
[0m[93m[NR_PHY] Starting sync detection
[0m[PHY]    [UE thread Synch] Running Initial Synch 
[0m[NR_PHY] Starting cell search with center freq: 4049760000, bandwidth: 24. Scanning for 1 number of GSCN.
[0m[NR_PHY] Scanning GSCN: 0, with SSB offset: 24, SSB Freq: 0.000000
[0m[1;31m[PHY]    synch Failed: 
[0m[93m[PHY]    SSB position provided
[0m[93m[NR_PHY] Starting sync detection
[0m[PHY]    [UE thread Synch] Running Initial Synch 
[0m[NR_PHY] Starting cell search with center freq: 4049760000, bandwidth: 24. Scanning for 1 number of GSCN.
[0m[NR_PHY] Scanning GSCN: 0, with SSB offset: 24, SSB Freq: 0.000000
[0m[1;31m[PHY]    synch Failed: 
[0m[93m[PHY]    SSB position provided
[0m[93m[NR_PHY] Starting sync detection
[0m[PHY]    [UE thread Synch] Running Initial Synch 
[0m[NR_PHY] Starting cell search with center freq: 4049760000, bandwidth: 24. Scanning for 1 number of GSCN.
[0m[NR_PHY] Scanning GSCN: 0, with SSB offset: 24, SSB Freq: 0.000000
[0m[1;31m[PHY]    synch Failed: 
[0m[93m[PHY]    SSB position provided
[0m[93m[NR_PHY] Starting sync detection
[0m[PHY]    [UE thread Synch] Running Initial Synch 
[0m[NR_PHY] Starting cell search with center freq: 4049760000, bandwidth: 24. Scanning for 1 number of GSCN.
[0m[NR_PHY] Scanning GSCN: 0, with SSB offset: 24, SSB Freq: 0.000000
[0m[1;31m[PHY]    synch Failed: 
[0m[93m[PHY]    SSB position provided
[0m[93m[NR_PHY] Starting sync detection
[0m[PHY]    [UE thread Synch] Running Initial Synch 
[0m[NR_PHY] Starting cell search with center freq: 4049760000, bandwidth: 24. Scanning for 1 number of GSCN.
[0m[NR_PHY] Scanning GSCN: 0, with SSB offset: 24, SSB Freq: 0.000000
[0m[1;31m[PHY]    synch Failed: 
[0m[93m[PHY]    SSB position provided
[0m[93m[NR_PHY] Starting sync detection
[0m[PHY]    [UE thread Synch] Running Initial Synch 
[0m[NR_PHY] Starting cell search with center freq: 4049760000, bandwidth: 24. Scanning for 1 number of GSCN.
[0m[NR_PHY] Scanning GSCN: 0, with SSB offset: 24, SSB Freq: 0.000000
[0m[1;31m[PHY]    synch Failed: 
[0m[93m[PHY]    SSB position provided
[0m[93m[NR_PHY] Starting sync detection
[0m[PHY]    [UE thread Synch] Running Initial Synch 
[0m[NR_PHY] Starting cell search with center freq: 4049760000, bandwidth: 24. Scanning for 1 number of GSCN.
[0m[NR_PHY] Scanning GSCN: 0, with SSB offset: 24, SSB Freq: 0.000000
[0m[1;31m[PHY]    synch Failed: 
[0m[93m[PHY]    SSB position provided
[0m[93m[NR_PHY] Starting sync detection
[0m[PHY]    [UE thread Synch] Running Initial Synch 
[0m[NR_PHY] Starting cell search with center freq: 4049760000, bandwidth: 24. Scanning for 1 number of GSCN.
[0m[NR_PHY] Scanning GSCN: 0, with SSB offset: 24, SSB Freq: 0.000000
[0m[1;31m[PHY]    synch Failed: 
[0m[93m[PHY]    SSB position provided
[0m[93m[NR_PHY] Starting sync detection
[0m[PHY]    [UE thread Synch] Running Initial Synch 
[0m[NR_PHY] Starting cell search with center freq: 4049760000, bandwidth: 24. Scanning for 1 number of GSCN.
[0m[NR_PHY] Scanning GSCN: 0, with SSB offset: 24, SSB Freq: 0.000000
[0m[1;31m[PHY]    synch Failed: 
[0m[93m[PHY]    SSB position provided
[0m[93m[NR_PHY] Starting sync detection
[0m[PHY]    [UE thread Synch] Running Initial Synch 
[0m[NR_PHY] Starting cell search with center freq: 4049760000, bandwidth: 24. Scanning for 1 number of GSCN.
[0m[NR_PHY] Scanning GSCN: 0, with SSB offset: 24, SSB Freq: 0.000000
[0m[1;31m[PHY]    synch Failed: 
[0m[93m[PHY]    SSB position provided
[0m[93m[NR_PHY] Starting sync detection
[0m[PHY]    [UE thread Synch] Running Initial Synch 
[0m[NR_PHY] Starting cell search with center freq: 4049760000, bandwidth: 24. Scanning for 1 number of GSCN.
[0m[NR_PHY] Scanning GSCN: 0, with SSB offset: 24, SSB Freq: 0.000000
[0m[1;31m[PHY]    synch Failed: 
[0m[93m[PHY]    SSB position provided
[0m[93m[NR_PHY] Starting sync detection
[0m[PHY]    [UE thread Synch] Running Initial Synch 
[0m[NR_PHY] Starting cell search with center freq: 4049760000, bandwidth: 24. Scanning for 1 number of GSCN.
[0m[NR_PHY] Scanning GSCN: 0, with SSB offset: 24, SSB Freq: 0.000000
[0m[1;31m[PHY]    synch Failed: 
[0m[93m[PHY]    SSB position provided
[0m[93m[NR_PHY] Starting sync detection
[0m[PHY]    [UE thread Synch] Running Initial Synch 
[0m[NR_PHY] Starting cell search with center freq: 4049760000, bandwidth: 24. Scanning for 1 number of GSCN.
[0m[NR_PHY] Scanning GSCN: 0, with SSB offset: 24, SSB Freq: 0.000000
[0m[1;31m[PHY]    synch Failed: 
[0m[93m[PHY]    SSB position provided
[0m[93m[NR_PHY] Starting sync detection
[0m[PHY]    [UE thread Synch] Running Initial Synch 
[0m[NR_PHY] Starting cell search with center freq: 4049760000, bandwidth: 24. Scanning for 1 number of GSCN.
[0m[NR_PHY] Scanning GSCN: 0, with SSB offset: 24, SSB Freq: 0.000000
[0m[1;31m[PHY]    synch Failed: 
[0m[93m[PHY]    SSB position provided
[0m[93m[NR_PHY] Starting sync detection
[0m[PHY]    [UE thread Synch] Running Initial Synch 
[0m[NR_PHY] Starting cell search with center freq: 4049760000, bandwidth: 24. Scanning for 1 number of GSCN.
[0m[NR_PHY] Scanning GSCN: 0, with SSB offset: 24, SSB Freq: 0.000000
[0m[1;31m[PHY]    synch Failed: 
[0m[93m[PHY]    SSB position provided
[0m[93m[NR_PHY] Starting sync detection
[0m[PHY]    [UE thread Synch] Running Initial Synch 
[0m[NR_PHY] Starting cell search with center freq: 4049760000, bandwidth: 24. Scanning for 1 number of GSCN.
[0m[NR_PHY] Scanning GSCN: 0, with SSB offset: 24, SSB Freq: 0.000000
[0m[1;31m[PHY]    synch Failed: 
[0m[93m[PHY]    SSB position provided
[0m[93m[NR_PHY] Starting sync detection
[0m[PHY]    [UE thread Synch] Running Initial Synch 
[0m[NR_PHY] Starting cell search with center freq: 4049760000, bandwidth: 24. Scanning for 1 number of GSCN.
[0m[NR_PHY] Scanning GSCN: 0, with SSB offset: 24, SSB Freq: 0.000000
[0m[1;31m[PHY]    synch Failed: 
[0m[93m[PHY]    SSB position provided
[0m[93m[NR_PHY] Starting sync detection
[0m[PHY]    [UE thread Synch] Running Initial Synch 
[0m[NR_PHY] Starting cell search with center freq: 4049760000, bandwidth: 24. Scanning for 1 number of GSCN.
[0m[NR_PHY] Scanning GSCN: 0, with SSB offset: 24, SSB Freq: 0.000000
[0m[1;31m[PHY]    synch Failed: 
[0m[93m[PHY]    SSB position provided
[0m[93m[NR_PHY] Starting sync detection
[0m[PHY]    [UE thread Synch] Running Initial Synch 
[0m[NR_PHY] Starting cell search with center freq: 4049760000, bandwidth: 24. Scanning for 1 number of GSCN.
[0m[NR_PHY] Scanning GSCN: 0, with SSB offset: 24, SSB Freq: 0.000000
[0m[1;31m[PHY]    synch Failed: 
[0m[93m[PHY]    SSB position provided
[0m[93m[NR_PHY] Starting sync detection
[0m[PHY]    [UE thread Synch] Running Initial Synch 
[0m[NR_PHY] Starting cell search with center freq: 4049760000, bandwidth: 24. Scanning for 1 number of GSCN.
[0m[NR_PHY] Scanning GSCN: 0, with SSB offset: 24, SSB Freq: 0.000000
[0m[1;31m[PHY]    synch Failed: 
[0m[93m[PHY]    SSB position provided
[0m[93m[NR_PHY] Starting sync detection
[0m[PHY]    [UE thread Synch] Running Initial Synch 
[0m[NR_PHY] Starting cell search with center freq: 4049760000, bandwidth: 24. Scanning for 1 number of GSCN.
[0m[NR_PHY] Scanning GSCN: 0, with SSB offset: 24, SSB Freq: 0.000000
[0m[1;31m[PHY]    synch Failed: 
[0m[93m[PHY]    SSB position provided
[0m[93m[NR_PHY] Starting sync detection
[0m[PHY]    [UE thread Synch] Running Initial Synch 
[0m[NR_PHY] Starting cell search with center freq: 4049760000, bandwidth: 24. Scanning for 1 number of GSCN.
[0m[NR_PHY] Scanning GSCN: 0, with SSB offset: 24, SSB Freq: 0.000000
[0m[1;31m[PHY]    synch Failed: 
[0m[93m[PHY]    SSB position provided
[0m[93m[NR_PHY] Starting sync detection
[0m[PHY]    [UE thread Synch] Running Initial Synch 
[0m[NR_PHY] Starting cell search with center freq: 4049760000, bandwidth: 24. Scanning for 1 number of GSCN.
[0m[NR_PHY] Scanning GSCN: 0, with SSB offset: 24, SSB Freq: 0.000000
[0m[1;31m[PHY]    synch Failed: 
[0m[93m[PHY]    SSB position provided
[0m[93m[NR_PHY] Starting sync detection
[0m[PHY]    [UE thread Synch] Running Initial Synch 
[0m[NR_PHY] Starting cell search with center freq: 4049760000, bandwidth: 24. Scanning for 1 number of GSCN.
[0m[NR_PHY] Scanning GSCN: 0, with SSB offset: 24, SSB Freq: 0.000000
[0m[1;31m[PHY]    synch Failed: 
[0m[93m[PHY]    SSB position provided
[0m[93m[NR_PHY] Starting sync detection
[0m[PHY]    [UE thread Synch] Running Initial Synch 
[0m[NR_PHY] Starting cell search with center freq: 4049760000, bandwidth: 24. Scanning for 1 number of GSCN.
[0m[NR_PHY] Scanning GSCN: 0, with SSB offset: 24, SSB Freq: 0.000000
[0m[1;31m[PHY]    synch Failed: 
[0m[93m[PHY]    SSB position provided
[0m[93m[NR_PHY] Starting sync detection
[0m[PHY]    [UE thread Synch] Running Initial Synch 
[0m[NR_PHY] Starting cell search with center freq: 4049760000, bandwidth: 24. Scanning for 1 number of GSCN.
[0m[NR_PHY] Scanning GSCN: 0, with SSB offset: 24, SSB Freq: 0.000000
[0m[1;31m[PHY]    synch Failed: 
[0m[93m[PHY]    SSB position provided
[0m[93m[NR_PHY] Starting sync detection
[0m[PHY]    [UE thread Synch] Running Initial Synch 
[0m[NR_PHY] Starting cell search with center freq: 4049760000, bandwidth: 24. Scanning for 1 number of GSCN.
[0m[NR_PHY] Scanning GSCN: 0, with SSB offset: 24, SSB Freq: 0.000000
[0m[1;31m[PHY]    synch Failed: 
[0m[93m[PHY]    SSB position provided
[0m[93m[NR_PHY] Starting sync detection
[0m[PHY]    [UE thread Synch] Running Initial Synch 
[0m[NR_PHY] Starting cell search with center freq: 4049760000, bandwidth: 24. Scanning for 1 number of GSCN.
[0m[NR_PHY] Scanning GSCN: 0, with SSB offset: 24, SSB Freq: 0.000000
[0m[1;31m[PHY]    synch Failed: 
[0m[93m[PHY]    SSB position provided
[0m[93m[NR_PHY] Starting sync detection
[0m[PHY]    [UE thread Synch] Running Initial Synch 
[0m[NR_PHY] Starting cell search with center freq: 4049760000, bandwidth: 24. Scanning for 1 number of GSCN.
[0m[NR_PHY] Scanning GSCN: 0, with SSB offset: 24, SSB Freq: 0.000000
[0m[1;31m[PHY]    synch Failed: 
[0m[93m[PHY]    SSB position provided
[0m[93m[NR_PHY] Starting sync detection
[0m[PHY]    [UE thread Synch] Running Initial Synch 
[0m[NR_PHY] Starting cell search with center freq: 4049760000, bandwidth: 24. Scanning for 1 number of GSCN.
[0m[NR_PHY] Scanning GSCN: 0, with SSB offset: 24, SSB Freq: 0.000000
[0m[1;31m[PHY]    synch Failed: 
[0m[93m[PHY]    SSB position provided
[0m[93m[NR_PHY] Starting sync detection
[0m[PHY]    [UE thread Synch] Running Initial Synch 
[0m[NR_PHY] Starting cell search with center freq: 4049760000, bandwidth: 24. Scanning for 1 number of GSCN.
[0m[NR_PHY] Scanning GSCN: 0, with SSB offset: 24, SSB Freq: 0.000000
[0m[1;31m[PHY]    synch Failed: 
[0m[93m[PHY]    SSB position provided
[0m[93m[NR_PHY] Starting sync detection
[0m[PHY]    [UE thread Synch] Running Initial Synch 
[0m[NR_PHY] Starting cell search with center freq: 4049760000, bandwidth: 24. Scanning for 1 number of GSCN.
[0m[NR_PHY] Scanning GSCN: 0, with SSB offset: 24, SSB Freq: 0.000000
[0m[1;31m[PHY]    synch Failed: 
[0m[93m[PHY]    SSB position provided
[0m[93m[NR_PHY] Starting sync detection
[0m[PHY]    [UE thread Synch] Running Initial Synch 
[0m[NR_PHY] Starting cell search with center freq: 4049760000, bandwidth: 24. Scanning for 1 number of GSCN.
[0m[NR_PHY] Scanning GSCN: 0, with SSB offset: 24, SSB Freq: 0.000000
[0m[1;31m[PHY]    synch Failed: 
[0m[93m[PHY]    SSB position provided
[0m[93m[NR_PHY] Starting sync detection
[0m[PHY]    [UE thread Synch] Running Initial Synch 
[0m[NR_PHY] Starting cell search with center freq: 4049760000, bandwidth: 24. Scanning for 1 number of GSCN.
[0m[NR_PHY] Scanning GSCN: 0, with SSB offset: 24, SSB Freq: 0.000000
[0m[1;31m[PHY]    synch Failed: 
[0m[93m[PHY]    SSB position provided
[0m[93m[NR_PHY] Starting sync detection
[0m[PHY]    [UE thread Synch] Running Initial Synch 
[0m[NR_PHY] Starting cell search with center freq: 4049760000, bandwidth: 24. Scanning for 1 number of GSCN.
[0m[NR_PHY] Scanning GSCN: 0, with SSB offset: 24, SSB Freq: 0.000000
[0m[1;31m[PHY]    synch Failed: 
[0m[93m[PHY]    SSB position provided
[0m[93m[NR_PHY] Starting sync detection
[0m[PHY]    [UE thread Synch] Running Initial Synch 
[0m[NR_PHY] Starting cell search with center freq: 4049760000, bandwidth: 24. Scanning for 1 number of GSCN.
[0m[NR_PHY] Scanning GSCN: 0, with SSB offset: 24, SSB Freq: 0.000000
[0m[1;31m[PHY]    synch Failed: 
[0m[93m[PHY]    SSB position provided
[0m[93m[NR_PHY] Starting sync detection
[0m[PHY]    [UE thread Synch] Running Initial Synch 
[0m[NR_PHY] Starting cell search with center freq: 4049760000, bandwidth: 24. Scanning for 1 number of GSCN.
[0m[NR_PHY] Scanning GSCN: 0, with SSB offset: 24, SSB Freq: 0.000000
[0m[1;31m[PHY]    synch Failed: 
[0m[93m[PHY]    SSB position provided
[0m[93m[NR_PHY] Starting sync detection
[0m[PHY]    [UE thread Synch] Running Initial Synch 
[0m[NR_PHY] Starting cell search with center freq: 4049760000, bandwidth: 24. Scanning for 1 number of GSCN.
[0m[NR_PHY] Scanning GSCN: 0, with SSB offset: 24, SSB Freq: 0.000000
[0m[1;31m[PHY]    synch Failed: 
[0m[93m[PHY]    SSB position provided
[0m[93m[NR_PHY] Starting sync detection
[0m[PHY]    [UE thread Synch] Running Initial Synch 
[0m[NR_PHY] Starting cell search with center freq: 4049760000, bandwidth: 24. Scanning for 1 number of GSCN.
[0m[NR_PHY] Scanning GSCN: 0, with SSB offset: 24, SSB Freq: 0.000000
[0m[1;31m[PHY]    synch Failed: 
[0m[93m[PHY]    SSB position provided
[0m[93m[NR_PHY] Starting sync detection
[0m[PHY]    [UE thread Synch] Running Initial Synch 
[0m[NR_PHY] Starting cell search with center freq: 4049760000, bandwidth: 24. Scanning for 1 number of GSCN.
[0m[NR_PHY] Scanning GSCN: 0, with SSB offset: 24, SSB Freq: 0.000000
[0m[1;31m[PHY]    synch Failed: 
[0m[93m[PHY]    SSB position provided
[0m[93m[NR_PHY] Starting sync detection
[0m[PHY]    [UE thread Synch] Running Initial Synch 
[0m[NR_PHY] Starting cell search with center freq: 4049760000, bandwidth: 24. Scanning for 1 number of GSCN.
[0m[NR_PHY] Scanning GSCN: 0, with SSB offset: 24, SSB Freq: 0.000000
[0m[1;31m[PHY]    synch Failed: 
[0m[93m[PHY]    SSB position provided
[0m[93m[NR_PHY] Starting sync detection
[0m[PHY]    [UE thread Synch] Running Initial Synch 
[0m[NR_PHY] Starting cell search with center freq: 4049760000, bandwidth: 24. Scanning for 1 number of GSCN.
[0m[NR_PHY] Scanning GSCN: 0, with SSB offset: 24, SSB Freq: 0.000000
[0m[1;31m[PHY]    synch Failed: 
[0m[93m[PHY]    SSB position provided
[0m[93m[NR_PHY] Starting sync detection
[0m[PHY]    [UE thread Synch] Running Initial Synch 
[0m[NR_PHY] Starting cell search with center freq: 4049760000, bandwidth: 24. Scanning for 1 number of GSCN.
[0m[NR_PHY] Scanning GSCN: 0, with SSB offset: 24, SSB Freq: 0.000000
[0m[1;31m[PHY]    synch Failed: 
[0m[93m[PHY]    SSB position provided
[0m[93m[NR_PHY] Starting sync detection
[0m[PHY]    [UE thread Synch] Running Initial Synch 
[0m[NR_PHY] Starting cell search with center freq: 4049760000, bandwidth: 24. Scanning for 1 number of GSCN.
[0m[NR_PHY] Scanning GSCN: 0, with SSB offset: 24, SSB Freq: 0.000000
[0m[1;31m[PHY]    synch Failed: 
[0m[93m[PHY]    SSB position provided
[0m[93m[NR_PHY] Starting sync detection
[0m[PHY]    [UE thread Synch] Running Initial Synch 
[0m[NR_PHY] Starting cell search with center freq: 4049760000, bandwidth: 24. Scanning for 1 number of GSCN.
[0m[NR_PHY] Scanning GSCN: 0, with SSB offset: 24, SSB Freq: 0.000000
[0m[1;31m[PHY]    synch Failed: 
[0m[93m[PHY]    SSB position provided
[0m[93m[NR_PHY] Starting sync detection
[0m[PHY]    [UE thread Synch] Running Initial Synch 
[0m[NR_PHY] Starting cell search with center freq: 4049760000, bandwidth: 24. Scanning for 1 number of GSCN.
[0m[NR_PHY] Scanning GSCN: 0, with SSB offset: 24, SSB Freq: 0.000000
[0m[1;31m[PHY]    synch Failed: 
[0m[93m[PHY]    SSB position provided
[0m[93m[NR_PHY] Starting sync detection
[0m[PHY]    [UE thread Synch] Running Initial Synch 
[0m[NR_PHY] Starting cell search with center freq: 4049760000, bandwidth: 24. Scanning for 1 number of GSCN.
[0m[NR_PHY] Scanning GSCN: 0, with SSB offset: 24, SSB Freq: 0.000000
[0m[1;31m[PHY]    synch Failed: 
[0m[93m[PHY]    SSB position provided
[0m[93m[NR_PHY] Starting sync detection
[0m[PHY]    [UE thread Synch] Running Initial Synch 
[0m[NR_PHY] Starting cell search with center freq: 4049760000, bandwidth: 24. Scanning for 1 number of GSCN.
[0m[NR_PHY] Scanning GSCN: 0, with SSB offset: 24, SSB Freq: 0.000000
[0m[1;31m[PHY]    synch Failed: 
[0m[93m[PHY]    SSB position provided
[0m[93m[NR_PHY] Starting sync detection
[0m[PHY]    [UE thread Synch] Running Initial Synch 
[0m[NR_PHY] Starting cell search with center freq: 4049760000, bandwidth: 24. Scanning for 1 number of GSCN.
[0m[NR_PHY] Scanning GSCN: 0, with SSB offset: 24, SSB Freq: 0.000000
[0m[1;31m[PHY]    synch Failed: 
[0m[93m[PHY]    SSB position provided
[0m[93m[NR_PHY] Starting sync detection
[0m[PHY]    [UE thread Synch] Running Initial Synch 
[0m[NR_PHY] Starting cell search with center freq: 4049760000, bandwidth: 24. Scanning for 1 number of GSCN.
[0m[NR_PHY] Scanning GSCN: 0, with SSB offset: 24, SSB Freq: 0.000000
[0m[1;31m[PHY]    synch Failed: 
[0m[93m[PHY]    SSB position provided
[0m[93m[NR_PHY] Starting sync detection
[0m[PHY]    [UE thread Synch] Running Initial Synch 
[0m[NR_PHY] Starting cell search with center freq: 4049760000, bandwidth: 24. Scanning for 1 number of GSCN.
[0m[NR_PHY] Scanning GSCN: 0, with SSB offset: 24, SSB Freq: 0.000000
[0m[32m[PHY]    Initial sync: pbch decoded sucessfully, ssb index 0
[0m[PHY]    pbch rx ok. rsrp:74 dB/RE, adjust_rxgain:-24 dB
[0m[NR_PHY] Cell Detected with GSCN: 0, SSB SC offset: 24, SSB Ref: 0.000000, PSS Corr peak: 117 dB, PSS Corr Average: 80
[0m[PHY]    [UE0] In synch, rx_offset 137684 samples
[0m[PHY]    [UE 0] Measured Carrier Frequency offset -32 Hz
[0m[32m[PHY]    Initial sync successful, PCI: 0
[0m[PHY]    HW: Configuring channel 0 (rf_chain 0): setting tx_freq 4049759968 Hz, rx_freq 4049759968 Hz, tune_offset 0
[0m[PHY]    Got synch: hw_slot_offset 36, carrier off -32 Hz
[0m[32m[PHY]    UE synchronized! decoded_frame_rx=102 UE->init_sync_frame=0 trashed_frames=2
[0m[PHY]    Resynchronizing RX by 137684 samples
[0m[HW]     received write reorder clear context
[0m[PHY]    max_pos_acc = -21214, shiftForNextFrame = 0
[0m[32m[NR_RRC] SIB1 decoded
[0m[NR_MAC] [UE 0] Initial cell selection: dl_frequency=4045440 kHz (from command-line, band=77, scs=1)
[0m[NR_MAC] Initial cell selection: uplink_frequency=4045440 kHz (from dl_frequency=4045440 kHz)
[0m[NR_MAC] TDD period index = 5, based on the sum of dl_UL_TransmissionPeriodicity from Pattern1 (2.500000 ms) and Pattern2 (0.000000 ms): Total = 2.500000 ms
[0m[NR_MAC] Set TDD configuration period to: 4 DL slots, 2 UL slots, 5 slots per period (NR_TDD_UL_DL_Pattern is 3 DL slots, 1 UL slots, 6 DL symbols, 4 UL symbols)
[0m[NR_MAC] Configured 1 TDD patterns (total slots: pattern1 = 5, pattern2 = 0)
[0m[MAC]    Initialization of 4-Step CBRA procedure
[0m[NR_MAC] PRACH scheduler: Selected RO Frame 106, Slot 19, Symbol 0, Fdm 0
[0m[PHY]    PRACH [UE 0] in frame.slot 106.19, placing PRACH in position 740, Msg1/MsgA-Preamble frequency start 0 (k1 0), preamble_offset 50, first_nonzero_root_idx 0, preambleIndex = 50
[0m[PHY]    [UE 0] RAR-Msg2 decoded
[0m[NR_MAC] [UE 0][RAPROC][RA-RNTI 010b] Got BI RAR subPDU 5 ms
[0m[NR_MAC] [UE 0][RAPROC][RA-RNTI 010b] Got RAPID RAR subPDU
[0m[32m[NR_MAC] [UE 0][RAPROC][107.10] Found RAR with the intended RAPID 50
[0m[93m[MAC]    received TA command 31
[0m[32m[NR_MAC] [RAPROC][107.18] RA-Msg3 transmitted
[0m[NR_MAC] [RAPROC][108.18] RA-Msg3 retransmitted
[0m[NR_MAC] [RAPROC][109.18] RA-Msg3 retransmitted
[0m[32m[NR_MAC] [UE 0][110.10][RAPROC] 4-Step RA procedure succeeded. CBRA: Contention Resolution is successful.
[0m[NR_RRC] [UE0][RAPROC] Logical Channel DL-CCCH (SRB0), Received NR_RRCSetup
[0m[RLC]    Added srb 1 to UE 0
[0m[NR_RRC] State = NR_RRC_CONNECTED
[0m[NAS]    Generate Initial NAS Message: Registration Request
[0m[NR_RRC] [UE 0][RAPROC] Logical Channel UL-DCCH (SRB1), Generating RRCSetupComplete (bytes32)
[0m[NAS]    [UE 0] Received NR_NAS_CONN_ESTABLISH_IND: asCause 0
[0m[MAC]    [UE 0] Applying CellGroupConfig from gNodeB
[0m[NR_MAC] UE 0 RNTI 4c4e stats sfn: 128.4, cumulated bad DCI 0
    DL harq: 18/0/0/0
    UL harq: 300/273/264/264 avg code rate 0.7, avg bit/symbol 2.0, avg per TB: (nb RBs 5.1, nb symbols 12.6)
[0m[1;31m[RLC]    max RETX reached on SRB 1
[0m[93m[NR_RRC] [UE 0 ID 0] Received indication that RLC reached max retransmissions
[0m[RLC]    Released RLC entity: ue_id=0, lc_id=1
[0m[NR_RRC] RRC moved into IDLE state
[0m[NAS]    [UE 0] Received NR_NAS_CONN_RELEASE_IND: cause OTHER
[0m[NR_MAC] [UE0] Initializing MAC
[0m[93m[PHY]    SSB position provided
[0m[93m[NR_PHY] Starting sync detection
[0m[PHY]    [UE thread Synch] Running Initial Synch 
[0m[NR_PHY] Starting cell search with center freq: 4049760000, bandwidth: 24. Scanning for 1 number of GSCN.
[0m[NR_PHY] Scanning GSCN: 0, with SSB offset: 24, SSB Freq: 0.000000
[0m[32m[PHY]    Initial sync: pbch decoded sucessfully, ssb index 0
[0m[PHY]    pbch rx ok. rsrp:74 dB/RE, adjust_rxgain:-24 dB
[0m[NR_PHY] Cell Detected with GSCN: 0, SSB SC offset: 24, SSB Ref: 0.000000, PSS Corr peak: 116 dB, PSS Corr Average: 80
[0m[PHY]    [UE0] In synch, rx_offset 22484 samples
[0m[PHY]    [UE 0] Measured Carrier Frequency offset 8 Hz
[0m[32m[PHY]    Initial sync successful, PCI: 0
[0m[PHY]    HW: Configuring channel 0 (rf_chain 0): setting tx_freq 4049760008 Hz, rx_freq 4049760008 Hz, tune_offset 0
[0m[PHY]    Got synch: hw_slot_offset 6, carrier off 8 Hz
[0m[32m[PHY]    UE synchronized! decoded_frame_rx=166 UE->init_sync_frame=0 trashed_frames=2
[0m[PHY]    Resynchronizing RX by 22484 samples
[0m[HW]     received write reorder clear context
[0m[PHY]    max_pos_acc = -21229, shiftForNextFrame = 0
[0m[32m[NR_RRC] SIB1 decoded
[0m[NR_MAC] [UE 0] Initial cell selection: dl_frequency=4045440 kHz (from command-line, band=77, scs=1)
[0m[NR_MAC] Initial cell selection: uplink_frequency=4045440 kHz (from dl_frequency=4045440 kHz)
[0m[NR_MAC] TDD period index = 5, based on the sum of dl_UL_TransmissionPeriodicity from Pattern1 (2.500000 ms) and Pattern2 (0.000000 ms): Total = 2.500000 ms
[0m[NR_MAC] Set TDD configuration period to: 4 DL slots, 2 UL slots, 5 slots per period (NR_TDD_UL_DL_Pattern is 3 DL slots, 1 UL slots, 6 DL symbols, 4 UL symbols)
[0m[NR_MAC] Configured 1 TDD patterns (total slots: pattern1 = 5, pattern2 = 0)
[0m[MAC]    Initialization of 4-Step CBRA procedure
[0m[NR_MAC] PRACH scheduler: Selected RO Frame 170, Slot 19, Symbol 0, Fdm 0
[0m[PHY]    PRACH [UE 0] in frame.slot 170.19, placing PRACH in position 740, Msg1/MsgA-Preamble frequency start 0 (k1 0), preamble_offset 43, first_nonzero_root_idx 0, preambleIndex = 43
[0m[PHY]    [UE 0] RAR-Msg2 decoded
[0m[NR_MAC] [UE 0][RAPROC][RA-RNTI 010b] Got BI RAR subPDU 5 ms
[0m[NR_MAC] [UE 0][RAPROC][RA-RNTI 010b] Got RAPID RAR subPDU
[0m[32m[NR_MAC] [UE 0][RAPROC][171.10] Found RAR with the intended RAPID 43
[0m[93m[MAC]    received TA command 31
[0m[32m[NR_MAC] [RAPROC][171.18] RA-Msg3 transmitted
[0m[NR_MAC] [RAPROC][172.18] RA-Msg3 retransmitted
[0m[32m[NR_MAC] [UE 0][173.10][RAPROC] 4-Step RA procedure succeeded. CBRA: Contention Resolution is successful.
[0m[NR_RRC] [UE0][RAPROC] Logical Channel DL-CCCH (SRB0), Received NR_RRCSetup
[0m[RLC]    Added srb 1 to UE 0
[0m[NR_RRC] State = NR_RRC_CONNECTED
[0m[NAS]    Generate Initial NAS Message: Registration Request
[0m[NR_RRC] [UE 0][RAPROC] Logical Channel UL-DCCH (SRB1), Generating RRCSetupComplete (bytes32)
[0m[NAS]    [UE 0] Received NR_NAS_CONN_ESTABLISH_IND: asCause 0
[0m[MAC]    [UE 0] Applying CellGroupConfig from gNodeB
[0m[1;31m[RLC]    max RETX reached on SRB 1
[0m[93m[NR_RRC] [UE 0 ID 0] Received indication that RLC reached max retransmissions
[0m[RLC]    Released RLC entity: ue_id=0, lc_id=1
[0m[NR_RRC] RRC moved into IDLE state
[0m[NAS]    [UE 0] Received NR_NAS_CONN_RELEASE_IND: cause OTHER
[0m[NR_MAC] [UE0] Initializing MAC
[0m[93m[PHY]    SSB position provided
[0m[93m[NR_PHY] Starting sync detection
[0m[PHY]    [UE thread Synch] Running Initial Synch 
[0m[NR_PHY] Starting cell search with center freq: 4049760000, bandwidth: 24. Scanning for 1 number of GSCN.
[0m[NR_PHY] Scanning GSCN: 0, with SSB offset: 24, SSB Freq: 0.000000
[0m[32m[PHY]    Initial sync: pbch decoded sucessfully, ssb index 0
[0m[PHY]    pbch rx ok. rsrp:74 dB/RE, adjust_rxgain:-24 dB
[0m[NR_PHY] Cell Detected with GSCN: 0, SSB SC offset: 24, SSB Ref: 0.000000, PSS Corr peak: 117 dB, PSS Corr Average: 80
[0m[PHY]    [UE0] In synch, rx_offset 99284 samples
[0m[PHY]    [UE 0] Measured Carrier Frequency offset -19 Hz
[0m[32m[PHY]    Initial sync successful, PCI: 0
[0m[PHY]    HW: Configuring channel 0 (rf_chain 0): setting tx_freq 4049759981 Hz, rx_freq 4049759981 Hz, tune_offset 0
[0m[PHY]    Got synch: hw_slot_offset 26, carrier off -19 Hz
[0m[32m[PHY]    UE synchronized! decoded_frame_rx=230 UE->init_sync_frame=0 trashed_frames=2
[0m[PHY]    Resynchronizing RX by 99284 samples
[0m[HW]     received write reorder clear context
[0m[PHY]    max_pos_acc = -21244, shiftForNextFrame = 0
[0m[32m[NR_RRC] SIB1 decoded
[0m[NR_MAC] [UE 0] Initial cell selection: dl_frequency=4045440 kHz (from command-line, band=77, scs=1)
[0m[NR_MAC] Initial cell selection: uplink_frequency=4045440 kHz (from dl_frequency=4045440 kHz)
[0m[NR_MAC] TDD period index = 5, based on the sum of dl_UL_TransmissionPeriodicity from Pattern1 (2.500000 ms) and Pattern2 (0.000000 ms): Total = 2.500000 ms
[0m[NR_MAC] Set TDD configuration period to: 4 DL slots, 2 UL slots, 5 slots per period (NR_TDD_UL_DL_Pattern is 3 DL slots, 1 UL slots, 6 DL symbols, 4 UL symbols)
[0m[NR_MAC] Configured 1 TDD patterns (total slots: pattern1 = 5, pattern2 = 0)
[0m[MAC]    Initialization of 4-Step CBRA procedure
[0m[NR_MAC] PRACH scheduler: Selected RO Frame 234, Slot 19, Symbol 0, Fdm 0
[0m[PHY]    PRACH [UE 0] in frame.slot 234.19, placing PRACH in position 740, Msg1/MsgA-Preamble frequency start 0 (k1 0), preamble_offset 2, first_nonzero_root_idx 0, preambleIndex = 2
[0m[PHY]    [UE 0] RAR-Msg2 decoded
[0m[NR_MAC] [UE 0][RAPROC][RA-RNTI 010b] Got BI RAR subPDU 5 ms
[0m[NR_MAC] [UE 0][RAPROC][RA-RNTI 010b] Got RAPID RAR subPDU
[0m[32m[NR_MAC] [UE 0][RAPROC][235.10] Found RAR with the intended RAPID 2
[0m[93m[MAC]    received TA command 31
[0m[32m[NR_MAC] [RAPROC][235.18] RA-Msg3 transmitted
[0m[NR_MAC] [RAPROC][236.18] RA-Msg3 retransmitted
[0m[32m[NR_MAC] [UE 0][237.10][RAPROC] 4-Step RA procedure succeeded. CBRA: Contention Resolution is successful.
[0m[NR_RRC] [UE0][RAPROC] Logical Channel DL-CCCH (SRB0), Received NR_RRCSetup
[0m[RLC]    Added srb 1 to UE 0
[0m[NR_RRC] State = NR_RRC_CONNECTED
[0m[NAS]    Generate Initial NAS Message: Registration Request
[0m[NR_RRC] [UE 0][RAPROC] Logical Channel UL-DCCH (SRB1), Generating RRCSetupComplete (bytes32)
[0m[NAS]    [UE 0] Received NR_NAS_CONN_ESTABLISH_IND: asCause 0
[0m[MAC]    [UE 0] Applying CellGroupConfig from gNodeB
[0m[NR_MAC] UE 0 RNTI ecab stats sfn: 256.4, cumulated bad DCI 0
    DL harq: 20/0/0/0
    UL harq: 341/310/301/301 avg code rate 0.7, avg bit/symbol 2.0, avg per TB: (nb RBs 5.1, nb symbols 12.6)
[0m[1;31m[RLC]    max RETX reached on SRB 1
[0m[93m[NR_RRC] [UE 0 ID 0] Received indication that RLC reached max retransmissions
[0m[RLC]    Released RLC entity: ue_id=0, lc_id=1
[0m[NR_RRC] RRC moved into IDLE state
[0m[NAS]    [UE 0] Received NR_NAS_CONN_RELEASE_IND: cause OTHER
[0m[NR_MAC] [UE0] Initializing MAC
[0m[93m[PHY]    SSB position provided
[0m[93m[NR_PHY] Starting sync detection
[0m[PHY]    [UE thread Synch] Running Initial Synch 
[0m[NR_PHY] Starting cell search with center freq: 4049760000, bandwidth: 24. Scanning for 1 number of GSCN.
[0m[NR_PHY] Scanning GSCN: 0, with SSB offset: 24, SSB Freq: 0.000000
[0m[32m[PHY]    Initial sync: pbch decoded sucessfully, ssb index 0
[0m[PHY]    pbch rx ok. rsrp:74 dB/RE, adjust_rxgain:-24 dB
[0m[NR_PHY] Cell Detected with GSCN: 0, SSB SC offset: 24, SSB Ref: 0.000000, PSS Corr peak: 116 dB, PSS Corr Average: 80
[0m[PHY]    [UE0] In synch, rx_offset 99284 samples
[0m[PHY]    [UE 0] Measured Carrier Frequency offset -14 Hz
[0m[32m[PHY]    Initial sync successful, PCI: 0
[0m[PHY]    HW: Configuring channel 0 (rf_chain 0): setting tx_freq 4049759986 Hz, rx_freq 4049759986 Hz, tune_offset 0
[0m[PHY]    Got synch: hw_slot_offset 26, carrier off -14 Hz
[0m[32m[PHY]    UE synchronized! decoded_frame_rx=294 UE->init_sync_frame=0 trashed_frames=2
[0m[PHY]    Resynchronizing RX by 99284 samples
[0m[HW]     received write reorder clear context
[0m[PHY]    max_pos_acc = -21259, shiftForNextFrame = 0
[0m[32m[NR_RRC] SIB1 decoded
[0m[NR_MAC] [UE 0] Initial cell selection: dl_frequency=4045440 kHz (from command-line, band=77, scs=1)
[0m[NR_MAC] Initial cell selection: uplink_frequency=4045440 kHz (from dl_frequency=4045440 kHz)
[0m[NR_MAC] TDD period index = 5, based on the sum of dl_UL_TransmissionPeriodicity from Pattern1 (2.500000 ms) and Pattern2 (0.000000 ms): Total = 2.500000 ms
[0m[NR_MAC] Set TDD configuration period to: 4 DL slots, 2 UL slots, 5 slots per period (NR_TDD_UL_DL_Pattern is 3 DL slots, 1 UL slots, 6 DL symbols, 4 UL symbols)
[0m[NR_MAC] Configured 1 TDD patterns (total slots: pattern1 = 5, pattern2 = 0)
[0m[MAC]    Initialization of 4-Step CBRA procedure
[0m[NR_MAC] PRACH scheduler: Selected RO Frame 298, Slot 19, Symbol 0, Fdm 0
[0m[PHY]    PRACH [UE 0] in frame.slot 298.19, placing PRACH in position 740, Msg1/MsgA-Preamble frequency start 0 (k1 0), preamble_offset 58, first_nonzero_root_idx 0, preambleIndex = 58
[0m[PHY]    [UE 0] RAR-Msg2 decoded
[0m[NR_MAC] [UE 0][RAPROC][RA-RNTI 010b] Got BI RAR subPDU 5 ms
[0m[NR_MAC] [UE 0][RAPROC][RA-RNTI 010b] Got RAPID RAR subPDU
[0m[32m[NR_MAC] [UE 0][RAPROC][299.10] Found RAR with the intended RAPID 58
[0m[93m[MAC]    received TA command 31
[0m[32m[NR_MAC] [RAPROC][299.18] RA-Msg3 transmitted
[0m[NR_MAC] [RAPROC][300.18] RA-Msg3 retransmitted
[0m[NR_MAC] [RAPROC][301.18] RA-Msg3 retransmitted
[0m[32m[NR_MAC] [UE 0][302.10][RAPROC] 4-Step RA procedure succeeded. CBRA: Contention Resolution is successful.
[0m[NR_RRC] [UE0][RAPROC] Logical Channel DL-CCCH (SRB0), Received NR_RRCSetup
[0m[RLC]    Added srb 1 to UE 0
[0m[NR_RRC] State = NR_RRC_CONNECTED
[0m[NAS]    Generate Initial NAS Message: Registration Request
[0m[NR_RRC] [UE 0][RAPROC] Logical Channel UL-DCCH (SRB1), Generating RRCSetupComplete (bytes32)
[0m[NAS]    [UE 0] Received NR_NAS_CONN_ESTABLISH_IND: asCause 0
[0m[MAC]    [UE 0] Applying CellGroupConfig from gNodeB
[0m[1;31m[RLC]    max RETX reached on SRB 1
[0m[93m[NR_RRC] [UE 0 ID 0] Received indication that RLC reached max retransmissions
[0m[RLC]    Released RLC entity: ue_id=0, lc_id=1
[0m[NR_RRC] RRC moved into IDLE state
[0m[NAS]    [UE 0] Received NR_NAS_CONN_RELEASE_IND: cause OTHER
[0m[NR_MAC] [UE0] Initializing MAC
[0m[93m[PHY]    SSB position provided
[0m[93m[NR_PHY] Starting sync detection
[0m[PHY]    [UE thread Synch] Running Initial Synch 
[0m[NR_PHY] Starting cell search with center freq: 4049760000, bandwidth: 24. Scanning for 1 number of GSCN.
[0m[NR_PHY] Scanning GSCN: 0, with SSB offset: 24, SSB Freq: 0.000000
[0m[32m[PHY]    Initial sync: pbch decoded sucessfully, ssb index 0
[0m[PHY]    pbch rx ok. rsrp:74 dB/RE, adjust_rxgain:-24 dB
[0m[NR_PHY] Cell Detected with GSCN: 0, SSB SC offset: 24, SSB Ref: 0.000000, PSS Corr peak: 116 dB, PSS Corr Average: 80
[0m[PHY]    [UE0] In synch, rx_offset 99284 samples
[0m[PHY]    [UE 0] Measured Carrier Frequency offset -13 Hz
[0m[32m[PHY]    Initial sync successful, PCI: 0
[0m[PHY]    HW: Configuring channel 0 (rf_chain 0): setting tx_freq 4049759987 Hz, rx_freq 4049759987 Hz, tune_offset 0
[0m[PHY]    Got synch: hw_slot_offset 26, carrier off -13 Hz
[0m[32m[PHY]    UE synchronized! decoded_frame_rx=358 UE->init_sync_frame=1 trashed_frames=2
[0m[PHY]    Resynchronizing RX by 99284 samples
[0m[HW]     received write reorder clear context
[0m[PHY]    max_pos_acc = -21274, shiftForNextFrame = 0
[0m[32m[NR_RRC] SIB1 decoded
[0m[NR_MAC] [UE 0] Initial cell selection: dl_frequency=4045440 kHz (from command-line, band=77, scs=1)
[0m[NR_MAC] Initial cell selection: uplink_frequency=4045440 kHz (from dl_frequency=4045440 kHz)
[0m[NR_MAC] TDD period index = 5, based on the sum of dl_UL_TransmissionPeriodicity from Pattern1 (2.500000 ms) and Pattern2 (0.000000 ms): Total = 2.500000 ms
[0m[NR_MAC] Set TDD configuration period to: 4 DL slots, 2 UL slots, 5 slots per period (NR_TDD_UL_DL_Pattern is 3 DL slots, 1 UL slots, 6 DL symbols, 4 UL symbols)
[0m[NR_MAC] Configured 1 TDD patterns (total slots: pattern1 = 5, pattern2 = 0)
[0m[MAC]    Initialization of 4-Step CBRA procedure
[0m[NR_MAC] PRACH scheduler: Selected RO Frame 362, Slot 19, Symbol 0, Fdm 0
[0m[PHY]    PRACH [UE 0] in frame.slot 362.19, placing PRACH in position 740, Msg1/MsgA-Preamble frequency start 0 (k1 0), preamble_offset 18, first_nonzero_root_idx 0, preambleIndex = 18
[0m[PHY]    [UE 0] RAR-Msg2 decoded
[0m[NR_MAC] [UE 0][RAPROC][RA-RNTI 010b] Got BI RAR subPDU 5 ms
[0m[NR_MAC] [UE 0][RAPROC][RA-RNTI 010b] Got RAPID RAR subPDU
[0m[32m[NR_MAC] [UE 0][RAPROC][363.10] Found RAR with the intended RAPID 18
[0m[93m[MAC]    received TA command 31
[0m[32m[NR_MAC] [RAPROC][363.18] RA-Msg3 transmitted
[0m[NR_MAC] [RAPROC][364.18] RA-Msg3 retransmitted
[0m[NR_MAC] [RAPROC][365.18] RA-Msg3 retransmitted
[0m[NR_MAC] [RAPROC][366.18] RA-Msg3 retransmitted
[0m[32m[NR_MAC] [UE 0][367.10][RAPROC] 4-Step RA procedure succeeded. CBRA: Contention Resolution is successful.
[0m[NR_RRC] [UE0][RAPROC] Logical Channel DL-CCCH (SRB0), Received NR_RRCSetup
[0m[RLC]    Added srb 1 to UE 0
[0m[NR_RRC] State = NR_RRC_CONNECTED
[0m[NAS]    Generate Initial NAS Message: Registration Request
[0m[NR_RRC] [UE 0][RAPROC] Logical Channel UL-DCCH (SRB1), Generating RRCSetupComplete (bytes32)
[0m[NAS]    [UE 0] Received NR_NAS_CONN_ESTABLISH_IND: asCause 0
[0m[MAC]    [UE 0] Applying CellGroupConfig from gNodeB
[0m[NR_MAC] UE 0 RNTI c3ac stats sfn: 384.4, cumulated bad DCI 0
    DL harq: 22/0/0/0
    UL harq: 384/351/341/338 avg code rate 0.7, avg bit/symbol 2.0, avg per TB: (nb RBs 5.1, nb symbols 12.6)
[0m[1;31m[RLC]    max RETX reached on SRB 1
[0m[93m[NR_RRC] [UE 0 ID 0] Received indication that RLC reached max retransmissions
[0m[RLC]    Released RLC entity: ue_id=0, lc_id=1
[0m[NR_RRC] RRC moved into IDLE state
[0m[NAS]    [UE 0] Received NR_NAS_CONN_RELEASE_IND: cause OTHER
[0m[NR_MAC] [UE0] Initializing MAC
[0m[93m[PHY]    SSB position provided
[0m[93m[NR_PHY] Starting sync detection
[0m[PHY]    [UE thread Synch] Running Initial Synch 
[0m[NR_PHY] Starting cell search with center freq: 4049760000, bandwidth: 24. Scanning for 1 number of GSCN.
[0m[NR_PHY] Scanning GSCN: 0, with SSB offset: 24, SSB Freq: 0.000000
[0m[32m[PHY]    Initial sync: pbch decoded sucessfully, ssb index 0
[0m[PHY]    pbch rx ok. rsrp:74 dB/RE, adjust_rxgain:-24 dB
[0m[NR_PHY] Cell Detected with GSCN: 0, SSB SC offset: 24, SSB Ref: 0.000000, PSS Corr peak: 116 dB, PSS Corr Average: 80
[0m[PHY]    [UE0] In synch, rx_offset 99284 samples
[0m[PHY]    [UE 0] Measured Carrier Frequency offset -34 Hz
[0m[32m[PHY]    Initial sync successful, PCI: 0
[0m[PHY]    HW: Configuring channel 0 (rf_chain 0): setting tx_freq 4049759966 Hz, rx_freq 4049759966 Hz, tune_offset 0
[0m[PHY]    Got synch: hw_slot_offset 26, carrier off -34 Hz
[0m[32m[PHY]    UE synchronized! decoded_frame_rx=424 UE->init_sync_frame=0 trashed_frames=2
[0m[PHY]    Resynchronizing RX by 99284 samples
[0m[HW]     received write reorder clear context
[0m[PHY]    max_pos_acc = -21287, shiftForNextFrame = 0
[0m[32m[NR_RRC] SIB1 decoded
[0m[NR_MAC] [UE 0] Initial cell selection: dl_frequency=4045440 kHz (from command-line, band=77, scs=1)
[0m[NR_MAC] Initial cell selection: uplink_frequency=4045440 kHz (from dl_frequency=4045440 kHz)
[0m[NR_MAC] TDD period index = 5, based on the sum of dl_UL_TransmissionPeriodicity from Pattern1 (2.500000 ms) and Pattern2 (0.000000 ms): Total = 2.500000 ms
[0m[NR_MAC] Set TDD configuration period to: 4 DL slots, 2 UL slots, 5 slots per period (NR_TDD_UL_DL_Pattern is 3 DL slots, 1 UL slots, 6 DL symbols, 4 UL symbols)
[0m[NR_MAC] Configured 1 TDD patterns (total slots: pattern1 = 5, pattern2 = 0)
[0m[MAC]    Initialization of 4-Step CBRA procedure
[0m[NR_MAC] PRACH scheduler: Selected RO Frame 428, Slot 19, Symbol 0, Fdm 0
[0m[PHY]    PRACH [UE 0] in frame.slot 428.19, placing PRACH in position 740, Msg1/MsgA-Preamble frequency start 0 (k1 0), preamble_offset 47, first_nonzero_root_idx 0, preambleIndex = 47
[0m[PHY]    [UE 0] RAR-Msg2 decoded
[0m[NR_MAC] [UE 0][RAPROC][RA-RNTI 010b] Got BI RAR subPDU 5 ms
[0m[NR_MAC] [UE 0][RAPROC][RA-RNTI 010b] Got RAPID RAR subPDU
[0m[32m[NR_MAC] [UE 0][RAPROC][429.10] Found RAR with the intended RAPID 47
[0m[93m[MAC]    received TA command 31
[0m[32m[NR_MAC] [RAPROC][429.18] RA-Msg3 transmitted
[0m[NR_MAC] [RAPROC][430.18] RA-Msg3 retransmitted
[0m[NR_MAC] [RAPROC][431.18] RA-Msg3 retransmitted
[0m[32m[NR_MAC] [UE 0][432.10][RAPROC] 4-Step RA procedure succeeded. CBRA: Contention Resolution is successful.
[0m[NR_RRC] [UE0][RAPROC] Logical Channel DL-CCCH (SRB0), Received NR_RRCSetup
[0m[RLC]    Added srb 1 to UE 0
[0m[NR_RRC] State = NR_RRC_CONNECTED
[0m[NAS]    Generate Initial NAS Message: Registration Request
[0m[NR_RRC] [UE 0][RAPROC] Logical Channel UL-DCCH (SRB1), Generating RRCSetupComplete (bytes32)
[0m[NAS]    [UE 0] Received NR_NAS_CONN_ESTABLISH_IND: asCause 0
[0m[MAC]    [UE 0] Applying CellGroupConfig from gNodeB
[0m[1;31m[RLC]    max RETX reached on SRB 1
[0m[93m[NR_RRC] [UE 0 ID 0] Received indication that RLC reached max retransmissions
[0m[RLC]    Released RLC entity: ue_id=0, lc_id=1
[0m[NR_RRC] RRC moved into IDLE state
[0m[NAS]    [UE 0] Received NR_NAS_CONN_RELEASE_IND: cause OTHER
[0m[NR_MAC] [UE0] Initializing MAC
[0m[93m[PHY]    SSB position provided
[0m[93m[NR_PHY] Starting sync detection
[0m[PHY]    [UE thread Synch] Running Initial Synch 
[0m[NR_PHY] Starting cell search with center freq: 4049760000, bandwidth: 24. Scanning for 1 number of GSCN.
[0m[NR_PHY] Scanning GSCN: 0, with SSB offset: 24, SSB Freq: 0.000000
[0m[32m[PHY]    Initial sync: pbch decoded sucessfully, ssb index 0
[0m[PHY]    pbch rx ok. rsrp:74 dB/RE, adjust_rxgain:-24 dB
[0m[NR_PHY] Cell Detected with GSCN: 0, SSB SC offset: 24, SSB Ref: 0.000000, PSS Corr peak: 116 dB, PSS Corr Average: 80
[0m[PHY]    [UE0] In synch, rx_offset 99284 samples
[0m[PHY]    [UE 0] Measured Carrier Frequency offset -12 Hz
[0m[32m[PHY]    Initial sync successful, PCI: 0
[0m[PHY]    HW: Configuring channel 0 (rf_chain 0): setting tx_freq 4049759988 Hz, rx_freq 4049759988 Hz, tune_offset 0
[0m[PHY]    Got synch: hw_slot_offset 26, carrier off -12 Hz
[0m[32m[PHY]    UE synchronized! decoded_frame_rx=488 UE->init_sync_frame=1 trashed_frames=2
[0m[PHY]    Resynchronizing RX by 99284 samples
[0m[HW]     received write reorder clear context
[0m[PHY]    max_pos_acc = -21302, shiftForNextFrame = 0
[0m[32m[NR_RRC] SIB1 decoded
[0m[NR_MAC] [UE 0] Initial cell selection: dl_frequency=4045440 kHz (from command-line, band=77, scs=1)
[0m[NR_MAC] Initial cell selection: uplink_frequency=4045440 kHz (from dl_frequency=4045440 kHz)
[0m[NR_MAC] TDD period index = 5, based on the sum of dl_UL_TransmissionPeriodicity from Pattern1 (2.500000 ms) and Pattern2 (0.000000 ms): Total = 2.500000 ms
[0m[NR_MAC] Set TDD configuration period to: 4 DL slots, 2 UL slots, 5 slots per period (NR_TDD_UL_DL_Pattern is 3 DL slots, 1 UL slots, 6 DL symbols, 4 UL symbols)
[0m[NR_MAC] Configured 1 TDD patterns (total slots: pattern1 = 5, pattern2 = 0)
[0m[MAC]    Initialization of 4-Step CBRA procedure
[0m[NR_MAC] PRACH scheduler: Selected RO Frame 492, Slot 19, Symbol 0, Fdm 0
[0m[PHY]    PRACH [UE 0] in frame.slot 492.19, placing PRACH in position 740, Msg1/MsgA-Preamble frequency start 0 (k1 0), preamble_offset 43, first_nonzero_root_idx 0, preambleIndex = 43
[0m[PHY]    [UE 0] RAR-Msg2 decoded
[0m[NR_MAC] [UE 0][RAPROC][RA-RNTI 010b] Got BI RAR subPDU 5 ms
[0m[NR_MAC] [UE 0][RAPROC][RA-RNTI 010b] Got RAPID RAR subPDU
[0m[32m[NR_MAC] [UE 0][RAPROC][493.10] Found RAR with the intended RAPID 43
[0m[93m[MAC]    received TA command 31
[0m[32m[NR_MAC] [RAPROC][493.18] RA-Msg3 transmitted
[0m[NR_MAC] [RAPROC][494.18] RA-Msg3 retransmitted
[0m[NR_MAC] [RAPROC][495.18] RA-Msg3 retransmitted
[0m[32m[NR_MAC] [UE 0][496.10][RAPROC] 4-Step RA procedure succeeded. CBRA: Contention Resolution is successful.
[0m[NR_RRC] [UE0][RAPROC] Logical Channel DL-CCCH (SRB0), Received NR_RRCSetup
[0m[RLC]    Added srb 1 to UE 0
[0m[NR_RRC] State = NR_RRC_CONNECTED
[0m[NAS]    Generate Initial NAS Message: Registration Request
[0m[NAS]    [UE 0] Received NR_NAS_CONN_ESTABLISH_IND: asCause 0
[0m[NR_RRC] [UE 0][RAPROC] Logical Channel UL-DCCH (SRB1), Generating RRCSetupComplete (bytes32)
[0m[MAC]    [UE 0] Applying CellGroupConfig from gNodeB
[0m[NR_MAC] UE 0 RNTI e04b stats sfn: 512.4, cumulated bad DCI 0
    DL harq: 24/0/0/0
    UL harq: 424/389/375/373 avg code rate 0.7, avg bit/symbol 2.0, avg per TB: (nb RBs 5.1, nb symbols 12.6)
[0m[1;31m[RLC]    max RETX reached on SRB 1
[0m[93m[NR_RRC] [UE 0 ID 0] Received indication that RLC reached max retransmissions
[0m[RLC]    Released RLC entity: ue_id=0, lc_id=1
[0m[NR_RRC] RRC moved into IDLE state
[0m[NAS]    [UE 0] Received NR_NAS_CONN_RELEASE_IND: cause OTHER
[0m[NR_MAC] [UE0] Initializing MAC
[0m[93m[PHY]    SSB position provided
[0m[93m[NR_PHY] Starting sync detection
[0m[PHY]    [UE thread Synch] Running Initial Synch 
[0m[NR_PHY] Starting cell search with center freq: 4049760000, bandwidth: 24. Scanning for 1 number of GSCN.
[0m[NR_PHY] Scanning GSCN: 0, with SSB offset: 24, SSB Freq: 0.000000
[0m[32m[PHY]    Initial sync: pbch decoded sucessfully, ssb index 0
[0m[PHY]    pbch rx ok. rsrp:74 dB/RE, adjust_rxgain:-24 dB
[0m[NR_PHY] Cell Detected with GSCN: 0, SSB SC offset: 24, SSB Ref: 0.000000, PSS Corr peak: 116 dB, PSS Corr Average: 80
[0m[PHY]    [UE0] In synch, rx_offset 99284 samples
[0m[PHY]    [UE 0] Measured Carrier Frequency offset -7 Hz
[0m[32m[PHY]    Initial sync successful, PCI: 0
[0m[PHY]    HW: Configuring channel 0 (rf_chain 0): setting tx_freq 4049759993 Hz, rx_freq 4049759993 Hz, tune_offset 0
[0m[PHY]    Got synch: hw_slot_offset 26, carrier off -7 Hz
[0m[32m[PHY]    UE synchronized! decoded_frame_rx=552 UE->init_sync_frame=1 trashed_frames=2
[0m[PHY]    Resynchronizing RX by 99284 samples
[0m[HW]     received write reorder clear context
[0m[PHY]    max_pos_acc = -21317, shiftForNextFrame = 0
[0m[32m[NR_RRC] SIB1 decoded
[0m[NR_MAC] [UE 0] Initial cell selection: dl_frequency=4045440 kHz (from command-line, band=77, scs=1)
[0m[NR_MAC] Initial cell selection: uplink_frequency=4045440 kHz (from dl_frequency=4045440 kHz)
[0m[NR_MAC] TDD period index = 5, based on the sum of dl_UL_TransmissionPeriodicity from Pattern1 (2.500000 ms) and Pattern2 (0.000000 ms): Total = 2.500000 ms
[0m[NR_MAC] Set TDD configuration period to: 4 DL slots, 2 UL slots, 5 slots per period (NR_TDD_UL_DL_Pattern is 3 DL slots, 1 UL slots, 6 DL symbols, 4 UL symbols)
[0m[NR_MAC] Configured 1 TDD patterns (total slots: pattern1 = 5, pattern2 = 0)
[0m[MAC]    Initialization of 4-Step CBRA procedure
[0m[NR_MAC] PRACH scheduler: Selected RO Frame 556, Slot 19, Symbol 0, Fdm 0
[0m[PHY]    PRACH [UE 0] in frame.slot 556.19, placing PRACH in position 740, Msg1/MsgA-Preamble frequency start 0 (k1 0), preamble_offset 46, first_nonzero_root_idx 0, preambleIndex = 46
[0m[PHY]    [UE 0] RAR-Msg2 decoded
[0m[NR_MAC] [UE 0][RAPROC][RA-RNTI 010b] Got BI RAR subPDU 5 ms
[0m[NR_MAC] [UE 0][RAPROC][RA-RNTI 010b] Got RAPID RAR subPDU
[0m[32m[NR_MAC] [UE 0][RAPROC][557.10] Found RAR with the intended RAPID 46
[0m[93m[MAC]    received TA command 31
[0m[32m[NR_MAC] [RAPROC][557.18] RA-Msg3 transmitted
[0m[NR_MAC] [RAPROC][558.18] RA-Msg3 retransmitted
[0m[32m[NR_MAC] [UE 0][559.10][RAPROC] 4-Step RA procedure succeeded. CBRA: Contention Resolution is successful.
[0m[NR_RRC] [UE0][RAPROC] Logical Channel DL-CCCH (SRB0), Received NR_RRCSetup
[0m[RLC]    Added srb 1 to UE 0
[0m[NR_RRC] State = NR_RRC_CONNECTED
[0m[NAS]    Generate Initial NAS Message: Registration Request
[0m[NR_RRC] [UE 0][RAPROC] Logical Channel UL-DCCH (SRB1), Generating RRCSetupComplete (bytes32)
[0m[NAS]    [UE 0] Received NR_NAS_CONN_ESTABLISH_IND: asCause 0
[0m[MAC]    [UE 0] Applying CellGroupConfig from gNodeB
[0m[1;31m[RLC]    max RETX reached on SRB 1
[0m[93m[NR_RRC] [UE 0 ID 0] Received indication that RLC reached max retransmissions
[0m[RLC]    Released RLC entity: ue_id=0, lc_id=1
[0m[NR_RRC] RRC moved into IDLE state
[0m[NAS]    [UE 0] Received NR_NAS_CONN_RELEASE_IND: cause OTHER
[0m[NR_MAC] [UE0] Initializing MAC
[0m[93m[PHY]    SSB position provided
[0m[93m[NR_PHY] Starting sync detection
[0m[PHY]    [UE thread Synch] Running Initial Synch 
[0m[NR_PHY] Starting cell search with center freq: 4049760000, bandwidth: 24. Scanning for 1 number of GSCN.
[0m[NR_PHY] Scanning GSCN: 0, with SSB offset: 24, SSB Freq: 0.000000
[0m[32m[PHY]    Initial sync: pbch decoded sucessfully, ssb index 0
[0m[PHY]    pbch rx ok. rsrp:74 dB/RE, adjust_rxgain:-24 dB
[0m[NR_PHY] Cell Detected with GSCN: 0, SSB SC offset: 24, SSB Ref: 0.000000, PSS Corr peak: 117 dB, PSS Corr Average: 81
[0m[PHY]    [UE0] In synch, rx_offset 99284 samples
[0m[PHY]    [UE 0] Measured Carrier Frequency offset -29 Hz
[0m[32m[PHY]    Initial sync successful, PCI: 0
[0m[PHY]    HW: Configuring channel 0 (rf_chain 0): setting tx_freq 4049759971 Hz, rx_freq 4049759971 Hz, tune_offset 0
[0m[PHY]    Got synch: hw_slot_offset 26, carrier off -29 Hz
[0m[32m[PHY]    UE synchronized! decoded_frame_rx=616 UE->init_sync_frame=0 trashed_frames=2
[0m[PHY]    Resynchronizing RX by 99284 samples
[0m[HW]     received write reorder clear context
[0m[PHY]    max_pos_acc = -21332, shiftForNextFrame = 0
[0m[32m[NR_RRC] SIB1 decoded
[0m[NR_MAC] [UE 0] Initial cell selection: dl_frequency=4045440 kHz (from command-line, band=77, scs=1)
[0m[NR_MAC] Initial cell selection: uplink_frequency=4045440 kHz (from dl_frequency=4045440 kHz)
[0m[NR_MAC] TDD period index = 5, based on the sum of dl_UL_TransmissionPeriodicity from Pattern1 (2.500000 ms) and Pattern2 (0.000000 ms): Total = 2.500000 ms
[0m[NR_MAC] Set TDD configuration period to: 4 DL slots, 2 UL slots, 5 slots per period (NR_TDD_UL_DL_Pattern is 3 DL slots, 1 UL slots, 6 DL symbols, 4 UL symbols)
[0m[NR_MAC] Configured 1 TDD patterns (total slots: pattern1 = 5, pattern2 = 0)
[0m[MAC]    Initialization of 4-Step CBRA procedure
[0m[NR_MAC] PRACH scheduler: Selected RO Frame 620, Slot 19, Symbol 0, Fdm 0
[0m[PHY]    PRACH [UE 0] in frame.slot 620.19, placing PRACH in position 740, Msg1/MsgA-Preamble frequency start 0 (k1 0), preamble_offset 1, first_nonzero_root_idx 0, preambleIndex = 1
[0m[PHY]    [UE 0] RAR-Msg2 decoded
[0m[NR_MAC] [UE 0][RAPROC][RA-RNTI 010b] Got BI RAR subPDU 5 ms
[0m[NR_MAC] [UE 0][RAPROC][RA-RNTI 010b] Got RAPID RAR subPDU
[0m[32m[NR_MAC] [UE 0][RAPROC][621.10] Found RAR with the intended RAPID 1
[0m[93m[MAC]    received TA command 31
[0m[32m[NR_MAC] [RAPROC][621.18] RA-Msg3 transmitted
[0m[NR_MAC] [RAPROC][622.18] RA-Msg3 retransmitted
[0m[32m[NR_MAC] [UE 0][623.10][RAPROC] 4-Step RA procedure succeeded. CBRA: Contention Resolution is successful.
[0m[NR_RRC] [UE0][RAPROC] Logical Channel DL-CCCH (SRB0), Received NR_RRCSetup
[0m[RLC]    Added srb 1 to UE 0
[0m[NR_RRC] State = NR_RRC_CONNECTED
[0m[NAS]    Generate Initial NAS Message: Registration Request
[0m[NR_RRC] [UE 0][RAPROC] Logical Channel UL-DCCH (SRB1), Generating RRCSetupComplete (bytes32)
[0m[NAS]    [UE 0] Received NR_NAS_CONN_ESTABLISH_IND: asCause 0
[0m[MAC]    [UE 0] Applying CellGroupConfig from gNodeB
[0m[NR_MAC] UE 0 RNTI 6724 stats sfn: 640.4, cumulated bad DCI 0
    DL harq: 26/0/0/0
    UL harq: 463/424/412/409 avg code rate 0.7, avg bit/symbol 2.0, avg per TB: (nb RBs 5.1, nb symbols 12.6)
[0m[1;31m[RLC]    max RETX reached on SRB 1
[0m[93m[NR_RRC] [UE 0 ID 0] Received indication that RLC reached max retransmissions
[0m[RLC]    Released RLC entity: ue_id=0, lc_id=1
[0m[NR_RRC] RRC moved into IDLE state
[0m[NAS]    [UE 0] Received NR_NAS_CONN_RELEASE_IND: cause OTHER
[0m[NR_MAC] [UE0] Initializing MAC
[0m[93m[PHY]    SSB position provided
[0m[93m[NR_PHY] Starting sync detection
[0m[PHY]    [UE thread Synch] Running Initial Synch 
[0m[NR_PHY] Starting cell search with center freq: 4049760000, bandwidth: 24. Scanning for 1 number of GSCN.
[0m[NR_PHY] Scanning GSCN: 0, with SSB offset: 24, SSB Freq: 0.000000
[0m[32m[PHY]    Initial sync: pbch decoded sucessfully, ssb index 0
[0m[PHY]    pbch rx ok. rsrp:74 dB/RE, adjust_rxgain:-24 dB
[0m[NR_PHY] Cell Detected with GSCN: 0, SSB SC offset: 24, SSB Ref: 0.000000, PSS Corr peak: 116 dB, PSS Corr Average: 80
[0m[PHY]    [UE0] In synch, rx_offset 22484 samples
[0m[PHY]    [UE 0] Measured Carrier Frequency offset -3 Hz
[0m[32m[PHY]    Initial sync successful, PCI: 0
[0m[PHY]    HW: Configuring channel 0 (rf_chain 0): setting tx_freq 4049759997 Hz, rx_freq 4049759997 Hz, tune_offset 0
[0m[PHY]    Got synch: hw_slot_offset 6, carrier off -3 Hz
[0m[32m[PHY]    UE synchronized! decoded_frame_rx=680 UE->init_sync_frame=0 trashed_frames=2
[0m[PHY]    Resynchronizing RX by 22484 samples
[0m[HW]     received write reorder clear context
[0m[PHY]    max_pos_acc = -21347, shiftForNextFrame = 0
[0m[32m[NR_RRC] SIB1 decoded
[0m[NR_MAC] [UE 0] Initial cell selection: dl_frequency=4045440 kHz (from command-line, band=77, scs=1)
[0m[NR_MAC] Initial cell selection: uplink_frequency=4045440 kHz (from dl_frequency=4045440 kHz)
[0m[NR_MAC] TDD period index = 5, based on the sum of dl_UL_TransmissionPeriodicity from Pattern1 (2.500000 ms) and Pattern2 (0.000000 ms): Total = 2.500000 ms
[0m[NR_MAC] Set TDD configuration period to: 4 DL slots, 2 UL slots, 5 slots per period (NR_TDD_UL_DL_Pattern is 3 DL slots, 1 UL slots, 6 DL symbols, 4 UL symbols)
[0m[NR_MAC] Configured 1 TDD patterns (total slots: pattern1 = 5, pattern2 = 0)
[0m[MAC]    Initialization of 4-Step CBRA procedure
[0m[NR_MAC] PRACH scheduler: Selected RO Frame 684, Slot 19, Symbol 0, Fdm 0
[0m[PHY]    PRACH [UE 0] in frame.slot 684.19, placing PRACH in position 740, Msg1/MsgA-Preamble frequency start 0 (k1 0), preamble_offset 8, first_nonzero_root_idx 0, preambleIndex = 8
[0m[PHY]    [UE 0] RAR-Msg2 decoded
[0m[NR_MAC] [UE 0][RAPROC][RA-RNTI 010b] Got BI RAR subPDU 5 ms
[0m[NR_MAC] [UE 0][RAPROC][RA-RNTI 010b] Got RAPID RAR subPDU
[0m[32m[NR_MAC] [UE 0][RAPROC][685.10] Found RAR with the intended RAPID 8
[0m[93m[MAC]    received TA command 31
[0m[32m[NR_MAC] [RAPROC][685.18] RA-Msg3 transmitted
[0m[NR_MAC] [RAPROC][686.18] RA-Msg3 retransmitted
[0m[32m[NR_MAC] [UE 0][687.10][RAPROC] 4-Step RA procedure succeeded. CBRA: Contention Resolution is successful.
[0m[NR_RRC] [UE0][RAPROC] Logical Channel DL-CCCH (SRB0), Received NR_RRCSetup
[0m[RLC]    Added srb 1 to UE 0
[0m[NR_RRC] State = NR_RRC_CONNECTED
[0m[NAS]    Generate Initial NAS Message: Registration Request
[0m[NR_RRC] [UE 0][RAPROC] Logical Channel UL-DCCH (SRB1), Generating RRCSetupComplete (bytes32)
[0m[NAS]    [UE 0] Received NR_NAS_CONN_ESTABLISH_IND: asCause 0
[0m[MAC]    [UE 0] Applying CellGroupConfig from gNodeB
[0m[1;31m[RLC]    max RETX reached on SRB 1
[0m[93m[NR_RRC] [UE 0 ID 0] Received indication that RLC reached max retransmissions
[0m[RLC]    Released RLC entity: ue_id=0, lc_id=1
[0m[NR_RRC] RRC moved into IDLE state
[0m[NAS]    [UE 0] Received NR_NAS_CONN_RELEASE_IND: cause OTHER
[0m[NR_MAC] [UE0] Initializing MAC
[0m[93m[PHY]    SSB position provided
[0m[93m[NR_PHY] Starting sync detection
[0m[PHY]    [UE thread Synch] Running Initial Synch 
[0m[NR_PHY] Starting cell search with center freq: 4049760000, bandwidth: 24. Scanning for 1 number of GSCN.
[0m[NR_PHY] Scanning GSCN: 0, with SSB offset: 24, SSB Freq: 0.000000
[0m[32m[PHY]    Initial sync: pbch decoded sucessfully, ssb index 0
[0m[PHY]    pbch rx ok. rsrp:74 dB/RE, adjust_rxgain:-24 dB
[0m[NR_PHY] Cell Detected with GSCN: 0, SSB SC offset: 24, SSB Ref: 0.000000, PSS Corr peak: 117 dB, PSS Corr Average: 80
[0m[PHY]    [UE0] In synch, rx_offset 99284 samples
[0m[PHY]    [UE 0] Measured Carrier Frequency offset -29 Hz
[0m[32m[PHY]    Initial sync successful, PCI: 0
[0m[PHY]    HW: Configuring channel 0 (rf_chain 0): setting tx_freq 4049759971 Hz, rx_freq 4049759971 Hz, tune_offset 0
[0m[PHY]    Got synch: hw_slot_offset 26, carrier off -29 Hz
[0m[32m[PHY]    UE synchronized! decoded_frame_rx=744 UE->init_sync_frame=0 trashed_frames=2
[0m[PHY]    Resynchronizing RX by 99284 samples
[0m[HW]     received write reorder clear context
[0m[PHY]    max_pos_acc = -21362, shiftForNextFrame = 0
[0m[32m[NR_RRC] SIB1 decoded
[0m[NR_MAC] [UE 0] Initial cell selection: dl_frequency=4045440 kHz (from command-line, band=77, scs=1)
[0m[NR_MAC] Initial cell selection: uplink_frequency=4045440 kHz (from dl_frequency=4045440 kHz)
[0m[NR_MAC] TDD period index = 5, based on the sum of dl_UL_TransmissionPeriodicity from Pattern1 (2.500000 ms) and Pattern2 (0.000000 ms): Total = 2.500000 ms
[0m[NR_MAC] Set TDD configuration period to: 4 DL slots, 2 UL slots, 5 slots per period (NR_TDD_UL_DL_Pattern is 3 DL slots, 1 UL slots, 6 DL symbols, 4 UL symbols)
[0m[NR_MAC] Configured 1 TDD patterns (total slots: pattern1 = 5, pattern2 = 0)
[0m[MAC]    Initialization of 4-Step CBRA procedure
[0m[NR_MAC] PRACH scheduler: Selected RO Frame 748, Slot 19, Symbol 0, Fdm 0
[0m[PHY]    PRACH [UE 0] in frame.slot 748.19, placing PRACH in position 740, Msg1/MsgA-Preamble frequency start 0 (k1 0), preamble_offset 10, first_nonzero_root_idx 0, preambleIndex = 10
[0m[PHY]    [UE 0] RAR-Msg2 decoded
[0m[NR_MAC] [UE 0][RAPROC][RA-RNTI 010b] Got BI RAR subPDU 5 ms
[0m[NR_MAC] [UE 0][RAPROC][RA-RNTI 010b] Got RAPID RAR subPDU
[0m[32m[NR_MAC] [UE 0][RAPROC][749.10] Found RAR with the intended RAPID 10
[0m[93m[MAC]    received TA command 31
[0m[32m[NR_MAC] [RAPROC][749.18] RA-Msg3 transmitted
[0m[NR_MAC] [RAPROC][750.18] RA-Msg3 retransmitted
[0m[NR_MAC] [RAPROC][751.18] RA-Msg3 retransmitted
[0m[32m[NR_MAC] [UE 0][752.10][RAPROC] 4-Step RA procedure succeeded. CBRA: Contention Resolution is successful.
[0m[NR_RRC] [UE0][RAPROC] Logical Channel DL-CCCH (SRB0), Received NR_RRCSetup
[0m[RLC]    Added srb 1 to UE 0
[0m[NR_RRC] State = NR_RRC_CONNECTED
[0m[NAS]    Generate Initial NAS Message: Registration Request
[0m[NR_RRC] [UE 0][RAPROC] Logical Channel UL-DCCH (SRB1), Generating RRCSetupComplete (bytes32)
[0m[NAS]    [UE 0] Received NR_NAS_CONN_ESTABLISH_IND: asCause 0
[0m[MAC]    [UE 0] Applying CellGroupConfig from gNodeB
[0m[NR_MAC] UE 0 RNTI 8f47 stats sfn: 768.4, cumulated bad DCI 0
    DL harq: 28/0/0/0
    UL harq: 503/461/447/445 avg code rate 0.7, avg bit/symbol 2.0, avg per TB: (nb RBs 5.1, nb symbols 12.6)
[0m[1;31m[RLC]    max RETX reached on SRB 1
[0m[93m[NR_RRC] [UE 0 ID 0] Received indication that RLC reached max retransmissions
[0m[RLC]    Released RLC entity: ue_id=0, lc_id=1
[0m[NR_RRC] RRC moved into IDLE state
[0m[NAS]    [UE 0] Received NR_NAS_CONN_RELEASE_IND: cause OTHER
[0m[NR_MAC] [UE0] Initializing MAC
[0m[93m[PHY]    SSB position provided
[0m[93m[NR_PHY] Starting sync detection
[0m[PHY]    [UE thread Synch] Running Initial Synch 
[0m[NR_PHY] Starting cell search with center freq: 4049760000, bandwidth: 24. Scanning for 1 number of GSCN.
[0m[NR_PHY] Scanning GSCN: 0, with SSB offset: 24, SSB Freq: 0.000000
[0m[32m[PHY]    Initial sync: pbch decoded sucessfully, ssb index 0
[0m[PHY]    pbch rx ok. rsrp:74 dB/RE, adjust_rxgain:-24 dB
[0m[NR_PHY] Cell Detected with GSCN: 0, SSB SC offset: 24, SSB Ref: 0.000000, PSS Corr peak: 117 dB, PSS Corr Average: 80
[0m[PHY]    [UE0] In synch, rx_offset 60884 samples
[0m[PHY]    [UE 0] Measured Carrier Frequency offset 3 Hz
[0m[32m[PHY]    Initial sync successful, PCI: 0
[0m[PHY]    HW: Configuring channel 0 (rf_chain 0): setting tx_freq 4049760003 Hz, rx_freq 4049760003 Hz, tune_offset 0
[0m[PHY]    Got synch: hw_slot_offset 16, carrier off 3 Hz
[0m[32m[PHY]    UE synchronized! decoded_frame_rx=808 UE->init_sync_frame=1 trashed_frames=2
[0m[PHY]    Resynchronizing RX by 60884 samples
[0m[HW]     received write reorder clear context
[0m[PHY]    max_pos_acc = -21377, shiftForNextFrame = 0
[0m[32m[NR_RRC] SIB1 decoded
[0m[NR_MAC] [UE 0] Initial cell selection: dl_frequency=4045440 kHz (from command-line, band=77, scs=1)
[0m[NR_MAC] Initial cell selection: uplink_frequency=4045440 kHz (from dl_frequency=4045440 kHz)
[0m[NR_MAC] TDD period index = 5, based on the sum of dl_UL_TransmissionPeriodicity from Pattern1 (2.500000 ms) and Pattern2 (0.000000 ms): Total = 2.500000 ms
[0m[NR_MAC] Set TDD configuration period to: 4 DL slots, 2 UL slots, 5 slots per period (NR_TDD_UL_DL_Pattern is 3 DL slots, 1 UL slots, 6 DL symbols, 4 UL symbols)
[0m[NR_MAC] Configured 1 TDD patterns (total slots: pattern1 = 5, pattern2 = 0)
[0m[MAC]    Initialization of 4-Step CBRA procedure
[0m[NR_MAC] PRACH scheduler: Selected RO Frame 812, Slot 19, Symbol 0, Fdm 0
[0m[PHY]    PRACH [UE 0] in frame.slot 812.19, placing PRACH in position 740, Msg1/MsgA-Preamble frequency start 0 (k1 0), preamble_offset 9, first_nonzero_root_idx 0, preambleIndex = 9
[0m[PHY]    [UE 0] RAR-Msg2 decoded
[0m[NR_MAC] [UE 0][RAPROC][RA-RNTI 010b] Got BI RAR subPDU 5 ms
[0m[NR_MAC] [UE 0][RAPROC][RA-RNTI 010b] Got RAPID RAR subPDU
[0m[32m[NR_MAC] [UE 0][RAPROC][813.10] Found RAR with the intended RAPID 9
[0m[93m[MAC]    received TA command 31
[0m[32m[NR_MAC] [RAPROC][813.18] RA-Msg3 transmitted
[0m[NR_MAC] [RAPROC][814.18] RA-Msg3 retransmitted
[0m[32m[NR_MAC] [UE 0][815.10][RAPROC] 4-Step RA procedure succeeded. CBRA: Contention Resolution is successful.
[0m[NR_RRC] [UE0][RAPROC] Logical Channel DL-CCCH (SRB0), Received NR_RRCSetup
[0m[RLC]    Added srb 1 to UE 0
[0m[NR_RRC] State = NR_RRC_CONNECTED
[0m[NAS]    Generate Initial NAS Message: Registration Request
[0m[NR_RRC] [UE 0][RAPROC] Logical Channel UL-DCCH (SRB1), Generating RRCSetupComplete (bytes32)
[0m[NAS]    [UE 0] Received NR_NAS_CONN_ESTABLISH_IND: asCause 0
[0m[MAC]    [UE 0] Applying CellGroupConfig from gNodeB
[0m[1;31m[RLC]    max RETX reached on SRB 1
[0m[93m[NR_RRC] [UE 0 ID 0] Received indication that RLC reached max retransmissions
[0m[RLC]    Released RLC entity: ue_id=0, lc_id=1
[0m[NR_RRC] RRC moved into IDLE state
[0m[NAS]    [UE 0] Received NR_NAS_CONN_RELEASE_IND: cause OTHER
[0m[NR_MAC] [UE0] Initializing MAC
[0m[93m[PHY]    SSB position provided
[0m[93m[NR_PHY] Starting sync detection
[0m[PHY]    [UE thread Synch] Running Initial Synch 
[0m[NR_PHY] Starting cell search with center freq: 4049760000, bandwidth: 24. Scanning for 1 number of GSCN.
[0m[NR_PHY] Scanning GSCN: 0, with SSB offset: 24, SSB Freq: 0.000000
[0m[32m[PHY]    Initial sync: pbch decoded sucessfully, ssb index 0
[0m[PHY]    pbch rx ok. rsrp:74 dB/RE, adjust_rxgain:-24 dB
[0m[NR_PHY] Cell Detected with GSCN: 0, SSB SC offset: 24, SSB Ref: 0.000000, PSS Corr peak: 116 dB, PSS Corr Average: 82
[0m[PHY]    [UE0] In synch, rx_offset 99284 samples
[0m[PHY]    [UE 0] Measured Carrier Frequency offset -3 Hz
[0m[32m[PHY]    Initial sync successful, PCI: 0
[0m[PHY]    HW: Configuring channel 0 (rf_chain 0): setting tx_freq 4049759997 Hz, rx_freq 4049759997 Hz, tune_offset 0
[0m[PHY]    Got synch: hw_slot_offset 26, carrier off -3 Hz
[0m[32m[PHY]    UE synchronized! decoded_frame_rx=872 UE->init_sync_frame=0 trashed_frames=2
[0m[PHY]    Resynchronizing RX by 99284 samples
[0m[HW]     received write reorder clear context
[0m[PHY]    max_pos_acc = -21392, shiftForNextFrame = 0
[0m[32m[NR_RRC] SIB1 decoded
[0m[NR_MAC] [UE 0] Initial cell selection: dl_frequency=4045440 kHz (from command-line, band=77, scs=1)
[0m[NR_MAC] Initial cell selection: uplink_frequency=4045440 kHz (from dl_frequency=4045440 kHz)
[0m[NR_MAC] TDD period index = 5, based on the sum of dl_UL_TransmissionPeriodicity from Pattern1 (2.500000 ms) and Pattern2 (0.000000 ms): Total = 2.500000 ms
[0m[NR_MAC] Set TDD configuration period to: 4 DL slots, 2 UL slots, 5 slots per period (NR_TDD_UL_DL_Pattern is 3 DL slots, 1 UL slots, 6 DL symbols, 4 UL symbols)
[0m[NR_MAC] Configured 1 TDD patterns (total slots: pattern1 = 5, pattern2 = 0)
[0m[MAC]    Initialization of 4-Step CBRA procedure
[0m[NR_MAC] PRACH scheduler: Selected RO Frame 876, Slot 19, Symbol 0, Fdm 0
[0m[PHY]    PRACH [UE 0] in frame.slot 876.19, placing PRACH in position 740, Msg1/MsgA-Preamble frequency start 0 (k1 0), preamble_offset 53, first_nonzero_root_idx 0, preambleIndex = 53
[0m[PHY]    [UE 0] RAR-Msg2 decoded
[0m[NR_MAC] [UE 0][RAPROC][RA-RNTI 010b] Got BI RAR subPDU 5 ms
[0m[NR_MAC] [UE 0][RAPROC][RA-RNTI 010b] Got RAPID RAR subPDU
[0m[32m[NR_MAC] [UE 0][RAPROC][877.10] Found RAR with the intended RAPID 53
[0m[93m[MAC]    received TA command 31
[0m[32m[NR_MAC] [RAPROC][877.18] RA-Msg3 transmitted
[0m[NR_MAC] [RAPROC][878.18] RA-Msg3 retransmitted
[0m[32m[NR_MAC] [UE 0][879.10][RAPROC] 4-Step RA procedure succeeded. CBRA: Contention Resolution is successful.
[0m[NR_RRC] [UE0][RAPROC] Logical Channel DL-CCCH (SRB0), Received NR_RRCSetup
[0m[RLC]    Added srb 1 to UE 0
[0m[NR_RRC] State = NR_RRC_CONNECTED
[0m[NAS]    Generate Initial NAS Message: Registration Request
[0m[NR_RRC] [UE 0][RAPROC] Logical Channel UL-DCCH (SRB1), Generating RRCSetupComplete (bytes32)
[0m[NAS]    [UE 0] Received NR_NAS_CONN_ESTABLISH_IND: asCause 0
[0m[MAC]    [UE 0] Applying CellGroupConfig from gNodeB
[0m[NR_MAC] UE 0 RNTI 3602 stats sfn: 896.4, cumulated bad DCI 0
    DL harq: 30/0/0/0
    UL harq: 538/492/479/476 avg code rate 0.7, avg bit/symbol 2.0, avg per TB: (nb RBs 5.1, nb symbols 12.6)
[0m[1;31m[RLC]    max RETX reached on SRB 1
[0m[93m[NR_RRC] [UE 0 ID 0] Received indication that RLC reached max retransmissions
[0m[RLC]    Released RLC entity: ue_id=0, lc_id=1
[0m[NR_RRC] RRC moved into IDLE state
[0m[NAS]    [UE 0] Received NR_NAS_CONN_RELEASE_IND: cause OTHER
[0m[NR_MAC] [UE0] Initializing MAC
[0m[93m[PHY]    SSB position provided
[0m[93m[NR_PHY] Starting sync detection
[0m[PHY]    [UE thread Synch] Running Initial Synch 
[0m[NR_PHY] Starting cell search with center freq: 4049760000, bandwidth: 24. Scanning for 1 number of GSCN.
[0m[NR_PHY] Scanning GSCN: 0, with SSB offset: 24, SSB Freq: 0.000000
[0m[32m[PHY]    Initial sync: pbch decoded sucessfully, ssb index 0
[0m[PHY]    pbch rx ok. rsrp:74 dB/RE, adjust_rxgain:-24 dB
[0m[NR_PHY] Cell Detected with GSCN: 0, SSB SC offset: 24, SSB Ref: 0.000000, PSS Corr peak: 117 dB, PSS Corr Average: 81
[0m[PHY]    [UE0] In synch, rx_offset 99284 samples
[0m[PHY]    [UE 0] Measured Carrier Frequency offset -16 Hz
[0m[32m[PHY]    Initial sync successful, PCI: 0
[0m[PHY]    HW: Configuring channel 0 (rf_chain 0): setting tx_freq 4049759984 Hz, rx_freq 4049759984 Hz, tune_offset 0
[0m[PHY]    Got synch: hw_slot_offset 26, carrier off -16 Hz
[0m[32m[PHY]    UE synchronized! decoded_frame_rx=936 UE->init_sync_frame=0 trashed_frames=2
[0m[PHY]    Resynchronizing RX by 99284 samples
[0m[HW]     received write reorder clear context
[0m[PHY]    max_pos_acc = -21407, shiftForNextFrame = 0
[0m[32m[NR_RRC] SIB1 decoded
[0m[NR_MAC] [UE 0] Initial cell selection: dl_frequency=4045440 kHz (from command-line, band=77, scs=1)
[0m[NR_MAC] Initial cell selection: uplink_frequency=4045440 kHz (from dl_frequency=4045440 kHz)
[0m[NR_MAC] TDD period index = 5, based on the sum of dl_UL_TransmissionPeriodicity from Pattern1 (2.500000 ms) and Pattern2 (0.000000 ms): Total = 2.500000 ms
[0m[NR_MAC] Set TDD configuration period to: 4 DL slots, 2 UL slots, 5 slots per period (NR_TDD_UL_DL_Pattern is 3 DL slots, 1 UL slots, 6 DL symbols, 4 UL symbols)
[0m[NR_MAC] Configured 1 TDD patterns (total slots: pattern1 = 5, pattern2 = 0)
[0m[MAC]    Initialization of 4-Step CBRA procedure
[0m[NR_MAC] PRACH scheduler: Selected RO Frame 940, Slot 19, Symbol 0, Fdm 0
[0m[PHY]    PRACH [UE 0] in frame.slot 940.19, placing PRACH in position 740, Msg1/MsgA-Preamble frequency start 0 (k1 0), preamble_offset 51, first_nonzero_root_idx 0, preambleIndex = 51
[0m[PHY]    [UE 0] RAR-Msg2 decoded
[0m[NR_MAC] [UE 0][RAPROC][RA-RNTI 010b] Got BI RAR subPDU 5 ms
[0m[NR_MAC] [UE 0][RAPROC][RA-RNTI 010b] Got RAPID RAR subPDU
[0m[32m[NR_MAC] [UE 0][RAPROC][941.10] Found RAR with the intended RAPID 51
[0m[93m[MAC]    received TA command 31
[0m[32m[NR_MAC] [RAPROC][941.18] RA-Msg3 transmitted
[0m[NR_MAC] [RAPROC][942.18] RA-Msg3 retransmitted
[0m[NR_MAC] [RAPROC][943.18] RA-Msg3 retransmitted
[0m[32m[NR_MAC] [UE 0][944.10][RAPROC] 4-Step RA procedure succeeded. CBRA: Contention Resolution is successful.
[0m[NR_RRC] [UE0][RAPROC] Logical Channel DL-CCCH (SRB0), Received NR_RRCSetup
[0m[RLC]    Added srb 1 to UE 0
[0m[NR_RRC] State = NR_RRC_CONNECTED
[0m[NAS]    Generate Initial NAS Message: Registration Request
[0m[NR_RRC] [UE 0][RAPROC] Logical Channel UL-DCCH (SRB1), Generating RRCSetupComplete (bytes32)
[0m[NAS]    [UE 0] Received NR_NAS_CONN_ESTABLISH_IND: asCause 0
[0m[MAC]    [UE 0] Applying CellGroupConfig from gNodeB
[0m[1;31m[RLC]    max RETX reached on SRB 1
[0m[93m[NR_RRC] [UE 0 ID 0] Received indication that RLC reached max retransmissions
[0m[RLC]    Released RLC entity: ue_id=0, lc_id=1
[0m[NR_RRC] RRC moved into IDLE state
[0m[NAS]    [UE 0] Received NR_NAS_CONN_RELEASE_IND: cause OTHER
[0m[NR_MAC] [UE0] Initializing MAC
[0m[93m[PHY]    SSB position provided
[0m[93m[NR_PHY] Starting sync detection
[0m[PHY]    [UE thread Synch] Running Initial Synch 
[0m[NR_PHY] Starting cell search with center freq: 4049760000, bandwidth: 24. Scanning for 1 number of GSCN.
[0m[NR_PHY] Scanning GSCN: 0, with SSB offset: 24, SSB Freq: 0.000000
[0m[32m[PHY]    Initial sync: pbch decoded sucessfully, ssb index 0
[0m[PHY]    pbch rx ok. rsrp:74 dB/RE, adjust_rxgain:-24 dB
[0m[NR_PHY] Cell Detected with GSCN: 0, SSB SC offset: 24, SSB Ref: 0.000000, PSS Corr peak: 117 dB, PSS Corr Average: 82
[0m[PHY]    [UE0] In synch, rx_offset 99284 samples
[0m[PHY]    [UE 0] Measured Carrier Frequency offset -25 Hz
[0m[32m[PHY]    Initial sync successful, PCI: 0
[0m[PHY]    HW: Configuring channel 0 (rf_chain 0): setting tx_freq 4049759975 Hz, rx_freq 4049759975 Hz, tune_offset 0
[0m[PHY]    Got synch: hw_slot_offset 26, carrier off -25 Hz
[0m[32m[PHY]    UE synchronized! decoded_frame_rx=1002 UE->init_sync_frame=0 trashed_frames=2
[0m[PHY]    Resynchronizing RX by 99284 samples
[0m[HW]     received write reorder clear context
[0m[PHY]    max_pos_acc = -21425, shiftForNextFrame = 0
[0m[32m[NR_RRC] SIB1 decoded
[0m[NR_MAC] [UE 0] Initial cell selection: dl_frequency=4045440 kHz (from command-line, band=77, scs=1)
[0m[NR_MAC] Initial cell selection: uplink_frequency=4045440 kHz (from dl_frequency=4045440 kHz)
[0m[NR_MAC] TDD period index = 5, based on the sum of dl_UL_TransmissionPeriodicity from Pattern1 (2.500000 ms) and Pattern2 (0.000000 ms): Total = 2.500000 ms
[0m[NR_MAC] Set TDD configuration period to: 4 DL slots, 2 UL slots, 5 slots per period (NR_TDD_UL_DL_Pattern is 3 DL slots, 1 UL slots, 6 DL symbols, 4 UL symbols)
[0m[NR_MAC] Configured 1 TDD patterns (total slots: pattern1 = 5, pattern2 = 0)
[0m[MAC]    Initialization of 4-Step CBRA procedure
[0m[NR_MAC] PRACH scheduler: Selected RO Frame 1006, Slot 19, Symbol 0, Fdm 0
[0m[PHY]    PRACH [UE 0] in frame.slot 1006.19, placing PRACH in position 740, Msg1/MsgA-Preamble frequency start 0 (k1 0), preamble_offset 25, first_nonzero_root_idx 0, preambleIndex = 25
[0m[PHY]    [UE 0] RAR-Msg2 decoded
[0m[NR_MAC] [UE 0][RAPROC][RA-RNTI 010b] Got BI RAR subPDU 5 ms
[0m[NR_MAC] [UE 0][RAPROC][RA-RNTI 010b] Got RAPID RAR subPDU
[0m[32m[NR_MAC] [UE 0][RAPROC][1007.10] Found RAR with the intended RAPID 25
[0m[93m[MAC]    received TA command 31
[0m[32m[NR_MAC] [RAPROC][1007.18] RA-Msg3 transmitted
[0m[NR_MAC] [RAPROC][1008.18] RA-Msg3 retransmitted
[0m[NR_MAC] [RAPROC][1009.18] RA-Msg3 retransmitted
[0m[32m[NR_MAC] [UE 0][1010.10][RAPROC] 4-Step RA procedure succeeded. CBRA: Contention Resolution is successful.
[0m[NR_RRC] [UE0][RAPROC] Logical Channel DL-CCCH (SRB0), Received NR_RRCSetup
[0m[RLC]    Added srb 1 to UE 0
[0m[NR_RRC] State = NR_RRC_CONNECTED
[0m[NAS]    Generate Initial NAS Message: Registration Request
[0m[NR_RRC] [UE 0][RAPROC] Logical Channel UL-DCCH (SRB1), Generating RRCSetupComplete (bytes32)
[0m[NAS]    [UE 0] Received NR_NAS_CONN_ESTABLISH_IND: asCause 0
[0m[MAC]    [UE 0] Applying CellGroupConfig from gNodeB
[0m[NR_MAC] UE 0 RNTI b062 stats sfn: 0.4, cumulated bad DCI 0
    DL harq: 32/0/0/0
    UL harq: 569/521/506/505 avg code rate 0.7, avg bit/symbol 2.0, avg per TB: (nb RBs 5.1, nb symbols 12.6)
[0m[1;31m[RLC]    max RETX reached on SRB 1
[0m[93m[NR_RRC] [UE 0 ID 0] Received indication that RLC reached max retransmissions
[0m[RLC]    Released RLC entity: ue_id=0, lc_id=1
[0m[NR_RRC] RRC moved into IDLE state
[0m[NAS]    [UE 0] Received NR_NAS_CONN_RELEASE_IND: cause OTHER
[0m[NR_MAC] [UE0] Initializing MAC
[0m[93m[PHY]    SSB position provided
[0m[93m[NR_PHY] Starting sync detection
[0m[PHY]    [UE thread Synch] Running Initial Synch 
[0m[NR_PHY] Starting cell search with center freq: 4049760000, bandwidth: 24. Scanning for 1 number of GSCN.
[0m[NR_PHY] Scanning GSCN: 0, with SSB offset: 24, SSB Freq: 0.000000
[0m[32m[PHY]    Initial sync: pbch decoded sucessfully, ssb index 0
[0m[PHY]    pbch rx ok. rsrp:74 dB/RE, adjust_rxgain:-24 dB
[0m[NR_PHY] Cell Detected with GSCN: 0, SSB SC offset: 24, SSB Ref: 0.000000, PSS Corr peak: 116 dB, PSS Corr Average: 80
[0m[PHY]    [UE0] In synch, rx_offset 99284 samples
[0m[PHY]    [UE 0] Measured Carrier Frequency offset 19 Hz
[0m[32m[PHY]    Initial sync successful, PCI: 0
[0m[PHY]    HW: Configuring channel 0 (rf_chain 0): setting tx_freq 4049760019 Hz, rx_freq 4049760019 Hz, tune_offset 0
[0m[PHY]    Got synch: hw_slot_offset 26, carrier off 19 Hz
[0m[32m[PHY]    UE synchronized! decoded_frame_rx=46 UE->init_sync_frame=0 trashed_frames=2
[0m[PHY]    Resynchronizing RX by 99284 samples
[0m[HW]     received write reorder clear context
[0m[PHY]    max_pos_acc = -21441, shiftForNextFrame = 0
[0m[32m[NR_RRC] SIB1 decoded
[0m[NR_MAC] [UE 0] Initial cell selection: dl_frequency=4045440 kHz (from command-line, band=77, scs=1)
[0m[NR_MAC] Initial cell selection: uplink_frequency=4045440 kHz (from dl_frequency=4045440 kHz)
[0m[NR_MAC] TDD period index = 5, based on the sum of dl_UL_TransmissionPeriodicity from Pattern1 (2.500000 ms) and Pattern2 (0.000000 ms): Total = 2.500000 ms
[0m[NR_MAC] Set TDD configuration period to: 4 DL slots, 2 UL slots, 5 slots per period (NR_TDD_UL_DL_Pattern is 3 DL slots, 1 UL slots, 6 DL symbols, 4 UL symbols)
[0m[NR_MAC] Configured 1 TDD patterns (total slots: pattern1 = 5, pattern2 = 0)
[0m[MAC]    Initialization of 4-Step CBRA procedure
[0m[NR_MAC] PRACH scheduler: Selected RO Frame 50, Slot 19, Symbol 0, Fdm 0
[0m[PHY]    PRACH [UE 0] in frame.slot 50.19, placing PRACH in position 740, Msg1/MsgA-Preamble frequency start 0 (k1 0), preamble_offset 50, first_nonzero_root_idx 0, preambleIndex = 50
[0m[PHY]    [UE 0] RAR-Msg2 decoded
[0m[NR_MAC] [UE 0][RAPROC][RA-RNTI 010b] Got BI RAR subPDU 5 ms
[0m[NR_MAC] [UE 0][RAPROC][RA-RNTI 010b] Got RAPID RAR subPDU
[0m[32m[NR_MAC] [UE 0][RAPROC][51.10] Found RAR with the intended RAPID 50
[0m[93m[MAC]    received TA command 31
[0m[32m[NR_MAC] [RAPROC][51.18] RA-Msg3 transmitted
[0m[NR_MAC] [RAPROC][52.18] RA-Msg3 retransmitted
[0m[NR_MAC] [RAPROC][53.18] RA-Msg3 retransmitted
[0m[NR_MAC] [RAPROC][54.18] RA-Msg3 retransmitted
[0m[32m[NR_MAC] [UE 0][55.10][RAPROC] 4-Step RA procedure succeeded. CBRA: Contention Resolution is successful.
[0m[NR_RRC] [UE0][RAPROC] Logical Channel DL-CCCH (SRB0), Received NR_RRCSetup
[0m[RLC]    Added srb 1 to UE 0
[0m[NR_RRC] State = NR_RRC_CONNECTED
[0m[NAS]    Generate Initial NAS Message: Registration Request
[0m[NR_RRC] [UE 0][RAPROC] Logical Channel UL-DCCH (SRB1), Generating RRCSetupComplete (bytes32)
[0m[NAS]    [UE 0] Received NR_NAS_CONN_ESTABLISH_IND: asCause 0
[0m[MAC]    [UE 0] Applying CellGroupConfig from gNodeB
[0m[1;31m[RLC]    max RETX reached on SRB 1
[0m[93m[NR_RRC] [UE 0 ID 0] Received indication that RLC reached max retransmissions
[0m[RLC]    Released RLC entity: ue_id=0, lc_id=1
[0m[NR_RRC] RRC moved into IDLE state
[0m[NAS]    [UE 0] Received NR_NAS_CONN_RELEASE_IND: cause OTHER
[0m[NR_MAC] [UE0] Initializing MAC
[0m[93m[PHY]    SSB position provided
[0m[93m[NR_PHY] Starting sync detection
[0m[PHY]    [UE thread Synch] Running Initial Synch 
[0m[NR_PHY] Starting cell search with center freq: 4049760000, bandwidth: 24. Scanning for 1 number of GSCN.
[0m[NR_PHY] Scanning GSCN: 0, with SSB offset: 24, SSB Freq: 0.000000
[0m[32m[PHY]    Initial sync: pbch decoded sucessfully, ssb index 0
[0m[PHY]    pbch rx ok. rsrp:74 dB/RE, adjust_rxgain:-24 dB
[0m[NR_PHY] Cell Detected with GSCN: 0, SSB SC offset: 24, SSB Ref: 0.000000, PSS Corr peak: 117 dB, PSS Corr Average: 82
[0m[PHY]    [UE0] In synch, rx_offset 22484 samples
[0m[PHY]    [UE 0] Measured Carrier Frequency offset 27 Hz
[0m[32m[PHY]    Initial sync successful, PCI: 0
[0m[PHY]    HW: Configuring channel 0 (rf_chain 0): setting tx_freq 4049760027 Hz, rx_freq 4049760027 Hz, tune_offset 0
[0m[PHY]    Got synch: hw_slot_offset 6, carrier off 27 Hz
[0m[32m[PHY]    UE synchronized! decoded_frame_rx=112 UE->init_sync_frame=1 trashed_frames=2
[0m[PHY]    Resynchronizing RX by 22484 samples
[0m[HW]     received write reorder clear context
[0m[PHY]    max_pos_acc = -21454, shiftForNextFrame = 0
[0m[32m[NR_RRC] SIB1 decoded
[0m[NR_MAC] [UE 0] Initial cell selection: dl_frequency=4045440 kHz (from command-line, band=77, scs=1)
[0m[NR_MAC] Initial cell selection: uplink_frequency=4045440 kHz (from dl_frequency=4045440 kHz)
[0m[NR_MAC] TDD period index = 5, based on the sum of dl_UL_TransmissionPeriodicity from Pattern1 (2.500000 ms) and Pattern2 (0.000000 ms): Total = 2.500000 ms
[0m[NR_MAC] Set TDD configuration period to: 4 DL slots, 2 UL slots, 5 slots per period (NR_TDD_UL_DL_Pattern is 3 DL slots, 1 UL slots, 6 DL symbols, 4 UL symbols)
[0m[NR_MAC] Configured 1 TDD patterns (total slots: pattern1 = 5, pattern2 = 0)
[0m[MAC]    Initialization of 4-Step CBRA procedure
[0m[NR_MAC] PRACH scheduler: Selected RO Frame 116, Slot 19, Symbol 0, Fdm 0
[0m[PHY]    PRACH [UE 0] in frame.slot 116.19, placing PRACH in position 740, Msg1/MsgA-Preamble frequency start 0 (k1 0), preamble_offset 33, first_nonzero_root_idx 0, preambleIndex = 33
[0m[PHY]    [UE 0] RAR-Msg2 decoded
[0m[NR_MAC] [UE 0][RAPROC][RA-RNTI 010b] Got BI RAR subPDU 5 ms
[0m[NR_MAC] [UE 0][RAPROC][RA-RNTI 010b] Got RAPID RAR subPDU
[0m[32m[NR_MAC] [UE 0][RAPROC][117.10] Found RAR with the intended RAPID 33
[0m[93m[MAC]    received TA command 31
[0m[32m[NR_MAC] [RAPROC][117.18] RA-Msg3 transmitted
[0m[NR_MAC] [RAPROC][118.18] RA-Msg3 retransmitted
[0m[32m[NR_MAC] [UE 0][119.10][RAPROC] 4-Step RA procedure succeeded. CBRA: Contention Resolution is successful.
[0m[93m[NR_RRC] [UE0] Logical Channel DL-CCCH (SRB0), Received RRCReject 
[0m[93m[NR_RRC] [UE 0] Timer T302 expired! Access barring alleviated!
[0m