Logging terminal output to /home/jesse/oran_lab/logs/run_ue/run_ue_20260531_115406_pid735618.log
UE cores: 20,21,22,23
UE sample advance: 0
VRTSIM shared memory is ready; starting UE without waiting for non-zero DL samples.
CMDLINE: "./nr-uesoftmodem" "-O" "/home/jesse/oran_lab/ue_test.conf" "-C" "4049760000" "-r" "24" "--numerology" "1" "--band" "77" "--ssb" "24" "-A" "0" "--device.name" "vrtsim" "--vrtsim.role" "client" "--ue-nb-ant-tx" "2" "--ue-nb-ant-rx" "2" "--vrtsim.chanmod" "1" 
[UTIL]   running in SA mode (no --phy-test, --do-ra, --nsa option present)
[0m[UTIL]   threadCreate() for Tpool0_-1: creating thread with affinity ffffffff, priority 97
[0m[UTIL]   threadCreate() for Tpool1_-1: creating thread with affinity ffffffff, priority 97
[0m[UTIL]   threadCreate() for Tpool2_-1: creating thread with affinity ffffffff, priority 97
[0m[UTIL]   threadCreate() for Tpool3_-1: creating thread with affinity ffffffff, priority 97
[0m[UTIL]   threadCreate() for Tpool4_-1: creating thread with affinity ffffffff, priority 97
[0m[UTIL]   threadCreate() for Tpool5_-1: creating thread with affinity ffffffff, priority 97
[0m[UTIL]   threadCreate() for Tpool6_-1: creating thread with affinity ffffffff, priority 97
[0m[UTIL]   threadCreate() for Tpool7_-1: creating thread with affinity ffffffff, priority 97
[0m[UTIL]   threadCreate() for Tpool8_-1: creating thread with affinity ffffffff, priority 97
[0m[UTIL]   threadCreate() for Tpool9_-1: creating thread with affinity ffffffff, priority 97
[0m[UTIL]   threadCreate() for Tpool10_-1: creating thread with affinity ffffffff, priority 97
[0m[UTIL]   threadCreate() for Tpool11_-1: creating thread with affinity ffffffff, priority 97
[0m[OPT]    OPT disabled
[0m[HW]     Version: Branch: compression-plus-timing-fix Abrev. Hash: 3b10464162 Date: Tue May 26 09:32:18 2026 -0700
[0m[NR_RRC] create TASK_RRC_NRUE 
[0m[UTIL]   threadCreate() for TASK_RRC_NRUE: creating thread with affinity ffffffff, priority 50
[0m[UTIL]   threadCreate() for TASK_NAS_NRUE: creating thread with affinity ffffffff, priority 50
[0m[SIM]    UICC simulation: IMSI=2089900007487, IMEISV=6754567890123413, Ki=fec86ba6eb707ed08905757b1bb44b8f, OPc=C42449363BBAD02B66D16BC975D77CC1
[0m[SIM]    overriding potential uicc0.dnn/nssai_sst/nssai_sd from uicc0.pdu_sessions
[0m[SIM]    will request PDU session ID 1, type 1, DNN oai, NSSAI 1.ffffff
[0m[NR_MAC] [UE0] Initializing MAC
[0m[NR_MAC] Initializing dl and ul config_request. num_slots = 20
[0m[RLC]    Activated srb0 for UE 0
[0m[UTIL]   threadCreate() for time source realtime: creating thread with affinity ffffffff, priority 2
[0m[UTIL]   time manager configuration: [time source: reatime] [mode: standalone] [server IP: 127.0.0.1} [server port: 7374] (server IP/port not used)
[0m[PHY]    Set UE nb_rx_antenna 2, nb_tx_antenna 2, threequarter_fs 0, ofdm_offset_divisor 8
[0m[PHY]    SA init parameters. DL freq 4049760000 UL offset 0 SSB numerology 1 N_RB_DL 24
[0m[PHY]    Init: N_RB_DL 24, first_carrier_offset 368, nb_prefix_samples 36,nb_prefix_samples0 44, ofdm_symbol_size 512
[0m[93m[PHY]    samples_per_subframe 15360/per second 15360000, wCP 14336
[0m[PHY]    Set UE_fo_compensation 0, UE_scan_carrier 0, UE_no_timing_correction 0 
, chest-freq 0, chest-time 0
[0m[UTIL]   threadCreate() for SYNC__actor: creating thread with affinity ffffffff, priority 97
[0m[UTIL]   threadCreate() for DL__actor: creating thread with affinity ffffffff, priority 97
[0m[UTIL]   threadCreate() for DL__actor: creating thread with affinity ffffffff, priority 97
[0m[UTIL]   threadCreate() for DL__actor: creating thread with affinity ffffffff, priority 97
[0m[UTIL]   threadCreate() for DL__actor: creating thread with affinity ffffffff, priority 97
[0m[UTIL]   threadCreate() for UL__actor: creating thread with affinity ffffffff, priority 97
[0m[UTIL]   threadCreate() for UL__actor: creating thread with affinity ffffffff, priority 97
[0m[PHY]    Initializing UE vars for gNB TXant 2, UE RXant 2
[0m[PHY]    prs_config configuration NOT found..!! Skipped configuring UE for the PRS reception
[0m[PHY]    HW: Configuring ru_id 0, sample_rate 15360000.000000, tx/rx num_channels 2/2, duplex_mode TDD
[0m[PHY]    HW: Configuring channel 0 (rf_chain 0): setting tx_freq 4049760000 Hz, rx_freq 4049760000 Hz, tune_offset 0
[0m[PHY]    HW: Configuring channel 1 (rf_chain 0): setting tx_freq 4049760000 Hz, rx_freq 4049760000 Hz, tune_offset 0
[0m[PHY]    HW: Configuring channel 0 (rf_chain 0): setting tx_gain 0, rx_gain 110
[0m[PHY]    HW: Configuring channel 1 (rf_chain 0): setting tx_gain 0, rx_gain 110
[0m[UTIL]   threadCreate() for ru_start_thread: creating thread with affinity ffffffff, priority 97
[0m[HW]     VRTSIM: TX sample advance 4096 samples
[0m[HW]     Running as client: will connect to a vrtsim server
[0m[32m[HW]     VRTSIM: Noise power 0 sample value
[0m[HW]     [RAU] has loaded RFSIMULATOR device.
[0m[HW]     VRTSIM: UE 0/1 - 2x2 antennas, UL offset=0, DL offset=0
[0m[HW]     VRTSIM: client RX aligned to frame boundary current_sample=118775850 aligned_sample=118886400 samples_per_frame=153600
[0m[UTIL]   threadCreate() for chanmod_actor: creating thread with affinity 1c, priority 97
[0m[UTIL]   threadCreate() for chanmod_actor: creating thread with affinity 1d, priority 97
[0m[OCM]    Channel Model (inside of new_channel_desc_scm)=12

[0m[OCM]    Model server_tx_channel_model type TDL_D allocated from config file, list vrtsim_sweep_list
[0m[OCM]    Channel Model (inside of new_channel_desc_scm)=12

[0m[OCM]    Model client_tx_channel_model type TDL_D allocated from config file, list vrtsim_sweep_list
[0m[HW]     Channel model client_tx_channel_model parameters: path_loss_dB=0.00, nb_tx=2, nb_rx=2, channel_length=4
[0m[PHY]    Intializing UE Threads for instance 0 ...
[0m[UTIL]   threadCreate() for UEthread_0: creating thread with affinity ffffffff, priority 97
[0m[UTIL]   threadCreate() for L1_UE_stats_0: creating thread with affinity ffffffff, priority 1
[0m[93m[PHY]    SSB position provided
[0m[93m[NR_PHY] Starting sync detection
[0m[PHY]    [UE thread Synch] Running Initial Synch 
[0m[NR_PHY] Starting cell search with center freq: 4049760000, bandwidth: 24. Scanning for 1 number of GSCN.
[0m[NR_PHY] Scanning GSCN: 0, with SSB offset: 24, SSB Freq: 0.000000
[0m[1;31m[PHY]    synch Failed: 
[0m[93m[PHY]    SSB position provided
[0m[93m[NR_PHY] Starting sync detection
[0m[PHY]    [UE thread Synch] Running Initial Synch 
[0m[NR_PHY] Starting cell search with center freq: 4049760000, bandwidth: 24. Scanning for 1 number of GSCN.
[0m[NR_PHY] Scanning GSCN: 0, with SSB offset: 24, SSB Freq: 0.000000
[0m[1;31m[PHY]    synch Failed: 
[0m[93m[PHY]    SSB position provided
[0m[93m[NR_PHY] Starting sync detection
[0m[PHY]    [UE thread Synch] Running Initial Synch 
[0m[NR_PHY] Starting cell search with center freq: 4049760000, bandwidth: 24. Scanning for 1 number of GSCN.
[0m[NR_PHY] Scanning GSCN: 0, with SSB offset: 24, SSB Freq: 0.000000
[0m[1;31m[PHY]    synch Failed: 
[0m[93m[PHY]    SSB position provided
[0m[93m[NR_PHY] Starting sync detection
[0m[PHY]    [UE thread Synch] Running Initial Synch 
[0m[NR_PHY] Starting cell search with center freq: 4049760000, bandwidth: 24. Scanning for 1 number of GSCN.
[0m[NR_PHY] Scanning GSCN: 0, with SSB offset: 24, SSB Freq: 0.000000
[0m[1;31m[PHY]    synch Failed: 
[0m[93m[PHY]    SSB position provided
[0m[93m[NR_PHY] Starting sync detection
[0m[PHY]    [UE thread Synch] Running Initial Synch 
[0m[NR_PHY] Starting cell search with center freq: 4049760000, bandwidth: 24. Scanning for 1 number of GSCN.
[0m[NR_PHY] Scanning GSCN: 0, with SSB offset: 24, SSB Freq: 0.000000
[0m[1;31m[PHY]    synch Failed: 
[0m[93m[PHY]    SSB position provided
[0m[93m[NR_PHY] Starting sync detection
[0m[PHY]    [UE thread Synch] Running Initial Synch 
[0m[NR_PHY] Starting cell search with center freq: 4049760000, bandwidth: 24. Scanning for 1 number of GSCN.
[0m[NR_PHY] Scanning GSCN: 0, with SSB offset: 24, SSB Freq: 0.000000
[0m[1;31m[PHY]    synch Failed: 
[0m[93m[PHY]    SSB position provided
[0m[93m[NR_PHY] Starting sync detection
[0m[PHY]    [UE thread Synch] Running Initial Synch 
[0m[NR_PHY] Starting cell search with center freq: 4049760000, bandwidth: 24. Scanning for 1 number of GSCN.
[0m[NR_PHY] Scanning GSCN: 0, with SSB offset: 24, SSB Freq: 0.000000
[0m[1;31m[PHY]    synch Failed: 
[0m[93m[PHY]    SSB position provided
[0m[93m[NR_PHY] Starting sync detection
[0m[PHY]    [UE thread Synch] Running Initial Synch 
[0m[NR_PHY] Starting cell search with center freq: 4049760000, bandwidth: 24. Scanning for 1 number of GSCN.
[0m[NR_PHY] Scanning GSCN: 0, with SSB offset: 24, SSB Freq: 0.000000
[0m[1;31m[PHY]    synch Failed: 
[0m[93m[PHY]    SSB position provided
[0m[93m[NR_PHY] Starting sync detection
[0m[PHY]    [UE thread Synch] Running Initial Synch 
[0m[NR_PHY] Starting cell search with center freq: 4049760000, bandwidth: 24. Scanning for 1 number of GSCN.
[0m[NR_PHY] Scanning GSCN: 0, with SSB offset: 24, SSB Freq: 0.000000
[0m[1;31m[PHY]    synch Failed: 
[0m[93m[PHY]    SSB position provided
[0m[93m[NR_PHY] Starting sync detection
[0m[PHY]    [UE thread Synch] Running Initial Synch 
[0m[NR_PHY] Starting cell search with center freq: 4049760000, bandwidth: 24. Scanning for 1 number of GSCN.
[0m[NR_PHY] Scanning GSCN: 0, with SSB offset: 24, SSB Freq: 0.000000
[0m[1;31m[PHY]    synch Failed: 
[0m[93m[PHY]    SSB position provided
[0m[93m[NR_PHY] Starting sync detection
[0m[PHY]    [UE thread Synch] Running Initial Synch 
[0m[NR_PHY] Starting cell search with center freq: 4049760000, bandwidth: 24. Scanning for 1 number of GSCN.
[0m[NR_PHY] Scanning GSCN: 0, with SSB offset: 24, SSB Freq: 0.000000
[0m[1;31m[PHY]    synch Failed: 
[0m[93m[PHY]    SSB position provided
[0m[93m[NR_PHY] Starting sync detection
[0m[PHY]    [UE thread Synch] Running Initial Synch 
[0m[NR_PHY] Starting cell search with center freq: 4049760000, bandwidth: 24. Scanning for 1 number of GSCN.
[0m[NR_PHY] Scanning GSCN: 0, with SSB offset: 24, SSB Freq: 0.000000
[0m[1;31m[PHY]    synch Failed: 
[0m[93m[PHY]    SSB position provided
[0m[93m[NR_PHY] Starting sync detection
[0m[PHY]    [UE thread Synch] Running Initial Synch 
[0m[NR_PHY] Starting cell search with center freq: 4049760000, bandwidth: 24. Scanning for 1 number of GSCN.
[0m[NR_PHY] Scanning GSCN: 0, with SSB offset: 24, SSB Freq: 0.000000
[0m[1;31m[PHY]    synch Failed: 
[0m[93m[PHY]    SSB position provided
[0m[93m[NR_PHY] Starting sync detection
[0m[PHY]    [UE thread Synch] Running Initial Synch 
[0m[NR_PHY] Starting cell search with center freq: 4049760000, bandwidth: 24. Scanning for 1 number of GSCN.
[0m[NR_PHY] Scanning GSCN: 0, with SSB offset: 24, SSB Freq: 0.000000
[0m[1;31m[PHY]    synch Failed: 
[0m[93m[PHY]    SSB position provided
[0m[93m[NR_PHY] Starting sync detection
[0m[PHY]    [UE thread Synch] Running Initial Synch 
[0m[NR_PHY] Starting cell search with center freq: 4049760000, bandwidth: 24. Scanning for 1 number of GSCN.
[0m[NR_PHY] Scanning GSCN: 0, with SSB offset: 24, SSB Freq: 0.000000
[0m[1;31m[PHY]    synch Failed: 
[0m[93m[PHY]    SSB position provided
[0m[93m[NR_PHY] Starting sync detection
[0m[PHY]    [UE thread Synch] Running Initial Synch 
[0m[NR_PHY] Starting cell search with center freq: 4049760000, bandwidth: 24. Scanning for 1 number of GSCN.
[0m[NR_PHY] Scanning GSCN: 0, with SSB offset: 24, SSB Freq: 0.000000
[0m[1;31m[PHY]    synch Failed: 
[0m[93m[PHY]    SSB position provided
[0m[93m[NR_PHY] Starting sync detection
[0m[PHY]    [UE thread Synch] Running Initial Synch 
[0m[NR_PHY] Starting cell search with center freq: 4049760000, bandwidth: 24. Scanning for 1 number of GSCN.
[0m[NR_PHY] Scanning GSCN: 0, with SSB offset: 24, SSB Freq: 0.000000
[0m[1;31m[PHY]    synch Failed: 
[0m[93m[PHY]    SSB position provided
[0m[93m[NR_PHY] Starting sync detection
[0m[PHY]    [UE thread Synch] Running Initial Synch 
[0m[NR_PHY] Starting cell search with center freq: 4049760000, bandwidth: 24. Scanning for 1 number of GSCN.
[0m[NR_PHY] Scanning GSCN: 0, with SSB offset: 24, SSB Freq: 0.000000
[0m[1;31m[PHY]    synch Failed: 
[0m[93m[PHY]    SSB position provided
[0m[93m[NR_PHY] Starting sync detection
[0m[PHY]    [UE thread Synch] Running Initial Synch 
[0m[NR_PHY] Starting cell search with center freq: 4049760000, bandwidth: 24. Scanning for 1 number of GSCN.
[0m[NR_PHY] Scanning GSCN: 0, with SSB offset: 24, SSB Freq: 0.000000
[0m[1;31m[PHY]    synch Failed: 
[0m[93m[PHY]    SSB position provided
[0m[93m[NR_PHY] Starting sync detection
[0m[PHY]    [UE thread Synch] Running Initial Synch 
[0m[NR_PHY] Starting cell search with center freq: 4049760000, bandwidth: 24. Scanning for 1 number of GSCN.
[0m[NR_PHY] Scanning GSCN: 0, with SSB offset: 24, SSB Freq: 0.000000
[0m[1;31m[PHY]    synch Failed: 
[0m[93m[PHY]    SSB position provided
[0m[93m[NR_PHY] Starting sync detection
[0m[PHY]    [UE thread Synch] Running Initial Synch 
[0m[NR_PHY] Starting cell search with center freq: 4049760000, bandwidth: 24. Scanning for 1 number of GSCN.
[0m[NR_PHY] Scanning GSCN: 0, with SSB offset: 24, SSB Freq: 0.000000
[0m[1;31m[PHY]    synch Failed: 
[0m[93m[PHY]    SSB position provided
[0m[93m[NR_PHY] Starting sync detection
[0m[PHY]    [UE thread Synch] Running Initial Synch 
[0m[NR_PHY] Starting cell search with center freq: 4049760000, bandwidth: 24. Scanning for 1 number of GSCN.
[0m[NR_PHY] Scanning GSCN: 0, with SSB offset: 24, SSB Freq: 0.000000
[0m[1;31m[PHY]    synch Failed: 
[0m[93m[PHY]    SSB position provided
[0m[93m[NR_PHY] Starting sync detection
[0m[PHY]    [UE thread Synch] Running Initial Synch 
[0m[NR_PHY] Starting cell search with center freq: 4049760000, bandwidth: 24. Scanning for 1 number of GSCN.
[0m[NR_PHY] Scanning GSCN: 0, with SSB offset: 24, SSB Freq: 0.000000
[0m[1;31m[PHY]    synch Failed: 
[0m[93m[PHY]    SSB position provided
[0m[93m[NR_PHY] Starting sync detection
[0m[PHY]    [UE thread Synch] Running Initial Synch 
[0m[NR_PHY] Starting cell search with center freq: 4049760000, bandwidth: 24. Scanning for 1 number of GSCN.
[0m[NR_PHY] Scanning GSCN: 0, with SSB offset: 24, SSB Freq: 0.000000
[0m[1;31m[PHY]    synch Failed: 
[0m[93m[PHY]    SSB position provided
[0m[93m[NR_PHY] Starting sync detection
[0m[PHY]    [UE thread Synch] Running Initial Synch 
[0m[NR_PHY] Starting cell search with center freq: 4049760000, bandwidth: 24. Scanning for 1 number of GSCN.
[0m[NR_PHY] Scanning GSCN: 0, with SSB offset: 24, SSB Freq: 0.000000
[0m[1;31m[PHY]    synch Failed: 
[0m[93m[PHY]    SSB position provided
[0m[93m[NR_PHY] Starting sync detection
[0m[PHY]    [UE thread Synch] Running Initial Synch 
[0m[NR_PHY] Starting cell search with center freq: 4049760000, bandwidth: 24. Scanning for 1 number of GSCN.
[0m[NR_PHY] Scanning GSCN: 0, with SSB offset: 24, SSB Freq: 0.000000
[0m[1;31m[PHY]    synch Failed: 
[0m[93m[PHY]    SSB position provided
[0m[93m[NR_PHY] Starting sync detection
[0m[PHY]    [UE thread Synch] Running Initial Synch 
[0m[NR_PHY] Starting cell search with center freq: 4049760000, bandwidth: 24. Scanning for 1 number of GSCN.
[0m[NR_PHY] Scanning GSCN: 0, with SSB offset: 24, SSB Freq: 0.000000
[0m[1;31m[PHY]    synch Failed: 
[0m[93m[PHY]    SSB position provided
[0m[93m[NR_PHY] Starting sync detection
[0m[PHY]    [UE thread Synch] Running Initial Synch 
[0m[NR_PHY] Starting cell search with center freq: 4049760000, bandwidth: 24. Scanning for 1 number of GSCN.
[0m[NR_PHY] Scanning GSCN: 0, with SSB offset: 24, SSB Freq: 0.000000
[0m[1;31m[PHY]    synch Failed: 
[0m[93m[PHY]    SSB position provided
[0m[93m[NR_PHY] Starting sync detection
[0m[PHY]    [UE thread Synch] Running Initial Synch 
[0m[NR_PHY] Starting cell search with center freq: 4049760000, bandwidth: 24. Scanning for 1 number of GSCN.
[0m[NR_PHY] Scanning GSCN: 0, with SSB offset: 24, SSB Freq: 0.000000
[0m[1;31m[PHY]    synch Failed: 
[0m[93m[PHY]    SSB position provided
[0m[93m[NR_PHY] Starting sync detection
[0m[PHY]    [UE thread Synch] Running Initial Synch 
[0m[NR_PHY] Starting cell search with center freq: 4049760000, bandwidth: 24. Scanning for 1 number of GSCN.
[0m[NR_PHY] Scanning GSCN: 0, with SSB offset: 24, SSB Freq: 0.000000
[0m[1;31m[PHY]    synch Failed: 
[0m[93m[PHY]    SSB position provided
[0m[93m[NR_PHY] Starting sync detection
[0m[PHY]    [UE thread Synch] Running Initial Synch 
[0m[NR_PHY] Starting cell search with center freq: 4049760000, bandwidth: 24. Scanning for 1 number of GSCN.
[0m[NR_PHY] Scanning GSCN: 0, with SSB offset: 24, SSB Freq: 0.000000
[0m[1;31m[PHY]    synch Failed: 
[0m[93m[PHY]    SSB position provided
[0m[93m[NR_PHY] Starting sync detection
[0m[PHY]    [UE thread Synch] Running Initial Synch 
[0m[NR_PHY] Starting cell search with center freq: 4049760000, bandwidth: 24. Scanning for 1 number of GSCN.
[0m[NR_PHY] Scanning GSCN: 0, with SSB offset: 24, SSB Freq: 0.000000
[0m[1;31m[PHY]    synch Failed: 
[0m[93m[PHY]    SSB position provided
[0m[93m[NR_PHY] Starting sync detection
[0m[PHY]    [UE thread Synch] Running Initial Synch 
[0m[NR_PHY] Starting cell search with center freq: 4049760000, bandwidth: 24. Scanning for 1 number of GSCN.
[0m[NR_PHY] Scanning GSCN: 0, with SSB offset: 24, SSB Freq: 0.000000
[0m[1;31m[PHY]    synch Failed: 
[0m[93m[PHY]    SSB position provided
[0m[93m[NR_PHY] Starting sync detection
[0m[PHY]    [UE thread Synch] Running Initial Synch 
[0m[NR_PHY] Starting cell search with center freq: 4049760000, bandwidth: 24. Scanning for 1 number of GSCN.
[0m[NR_PHY] Scanning GSCN: 0, with SSB offset: 24, SSB Freq: 0.000000
[0m[1;31m[PHY]    synch Failed: 
[0m[93m[PHY]    SSB position provided
[0m[93m[NR_PHY] Starting sync detection
[0m[PHY]    [UE thread Synch] Running Initial Synch 
[0m[NR_PHY] Starting cell search with center freq: 4049760000, bandwidth: 24. Scanning for 1 number of GSCN.
[0m[NR_PHY] Scanning GSCN: 0, with SSB offset: 24, SSB Freq: 0.000000
[0m[1;31m[PHY]    synch Failed: 
[0m[93m[PHY]    SSB position provided
[0m[93m[NR_PHY] Starting sync detection
[0m[PHY]    [UE thread Synch] Running Initial Synch 
[0m[NR_PHY] Starting cell search with center freq: 4049760000, bandwidth: 24. Scanning for 1 number of GSCN.
[0m[NR_PHY] Scanning GSCN: 0, with SSB offset: 24, SSB Freq: 0.000000
[0m[1;31m[PHY]    synch Failed: 
[0m[93m[PHY]    SSB position provided
[0m[93m[NR_PHY] Starting sync detection
[0m[PHY]    [UE thread Synch] Running Initial Synch 
[0m[NR_PHY] Starting cell search with center freq: 4049760000, bandwidth: 24. Scanning for 1 number of GSCN.
[0m[NR_PHY] Scanning GSCN: 0, with SSB offset: 24, SSB Freq: 0.000000
[0m[1;31m[PHY]    synch Failed: 
[0m[93m[PHY]    SSB position provided
[0m[93m[NR_PHY] Starting sync detection
[0m[PHY]    [UE thread Synch] Running Initial Synch 
[0m[NR_PHY] Starting cell search with center freq: 4049760000, bandwidth: 24. Scanning for 1 number of GSCN.
[0m[NR_PHY] Scanning GSCN: 0, with SSB offset: 24, SSB Freq: 0.000000
[0m[1;31m[PHY]    synch Failed: 
[0m[93m[PHY]    SSB position provided
[0m[93m[NR_PHY] Starting sync detection
[0m[PHY]    [UE thread Synch] Running Initial Synch 
[0m[NR_PHY] Starting cell search with center freq: 4049760000, bandwidth: 24. Scanning for 1 number of GSCN.
[0m[NR_PHY] Scanning GSCN: 0, with SSB offset: 24, SSB Freq: 0.000000
[0m[1;31m[PHY]    synch Failed: 
[0m[93m[PHY]    SSB position provided
[0m[93m[NR_PHY] Starting sync detection
[0m[PHY]    [UE thread Synch] Running Initial Synch 
[0m[NR_PHY] Starting cell search with center freq: 4049760000, bandwidth: 24. Scanning for 1 number of GSCN.
[0m[NR_PHY] Scanning GSCN: 0, with SSB offset: 24, SSB Freq: 0.000000
[0m[1;31m[PHY]    synch Failed: 
[0m[93m[PHY]    SSB position provided
[0m[93m[NR_PHY] Starting sync detection
[0m[PHY]    [UE thread Synch] Running Initial Synch 
[0m[NR_PHY] Starting cell search with center freq: 4049760000, bandwidth: 24. Scanning for 1 number of GSCN.
[0m[NR_PHY] Scanning GSCN: 0, with SSB offset: 24, SSB Freq: 0.000000
[0m[1;31m[PHY]    synch Failed: 
[0m[93m[PHY]    SSB position provided
[0m[93m[NR_PHY] Starting sync detection
[0m[PHY]    [UE thread Synch] Running Initial Synch 
[0m[NR_PHY] Starting cell search with center freq: 4049760000, bandwidth: 24. Scanning for 1 number of GSCN.
[0m[NR_PHY] Scanning GSCN: 0, with SSB offset: 24, SSB Freq: 0.000000
[0m[1;31m[PHY]    synch Failed: 
[0m[93m[PHY]    SSB position provided
[0m[93m[NR_PHY] Starting sync detection
[0m[PHY]    [UE thread Synch] Running Initial Synch 
[0m[NR_PHY] Starting cell search with center freq: 4049760000, bandwidth: 24. Scanning for 1 number of GSCN.
[0m[NR_PHY] Scanning GSCN: 0, with SSB offset: 24, SSB Freq: 0.000000
[0m[1;31m[PHY]    synch Failed: 
[0m[93m[PHY]    SSB position provided
[0m[93m[NR_PHY] Starting sync detection
[0m[PHY]    [UE thread Synch] Running Initial Synch 
[0m[NR_PHY] Starting cell search with center freq: 4049760000, bandwidth: 24. Scanning for 1 number of GSCN.
[0m[NR_PHY] Scanning GSCN: 0, with SSB offset: 24, SSB Freq: 0.000000
[0m[1;31m[PHY]    synch Failed: 
[0m[93m[PHY]    SSB position provided
[0m[93m[NR_PHY] Starting sync detection
[0m[PHY]    [UE thread Synch] Running Initial Synch 
[0m[NR_PHY] Starting cell search with center freq: 4049760000, bandwidth: 24. Scanning for 1 number of GSCN.
[0m[NR_PHY] Scanning GSCN: 0, with SSB offset: 24, SSB Freq: 0.000000
[0m[1;31m[PHY]    synch Failed: 
[0m[93m[PHY]    SSB position provided
[0m[93m[NR_PHY] Starting sync detection
[0m[PHY]    [UE thread Synch] Running Initial Synch 
[0m[NR_PHY] Starting cell search with center freq: 4049760000, bandwidth: 24. Scanning for 1 number of GSCN.
[0m[NR_PHY] Scanning GSCN: 0, with SSB offset: 24, SSB Freq: 0.000000
[0m[1;31m[PHY]    synch Failed: 
[0m[93m[PHY]    SSB position provided
[0m[93m[NR_PHY] Starting sync detection
[0m[PHY]    [UE thread Synch] Running Initial Synch 
[0m[NR_PHY] Starting cell search with center freq: 4049760000, bandwidth: 24. Scanning for 1 number of GSCN.
[0m[NR_PHY] Scanning GSCN: 0, with SSB offset: 24, SSB Freq: 0.000000
[0m[1;31m[PHY]    synch Failed: 
[0m[93m[PHY]    SSB position provided
[0m[93m[NR_PHY] Starting sync detection
[0m[PHY]    [UE thread Synch] Running Initial Synch 
[0m[NR_PHY] Starting cell search with center freq: 4049760000, bandwidth: 24. Scanning for 1 number of GSCN.
[0m[NR_PHY] Scanning GSCN: 0, with SSB offset: 24, SSB Freq: 0.000000
[0m[1;31m[PHY]    synch Failed: 
[0m[93m[PHY]    SSB position provided
[0m[93m[NR_PHY] Starting sync detection
[0m[PHY]    [UE thread Synch] Running Initial Synch 
[0m[NR_PHY] Starting cell search with center freq: 4049760000, bandwidth: 24. Scanning for 1 number of GSCN.
[0m[NR_PHY] Scanning GSCN: 0, with SSB offset: 24, SSB Freq: 0.000000
[0m[1;31m[PHY]    synch Failed: 
[0m[93m[PHY]    SSB position provided
[0m[93m[NR_PHY] Starting sync detection
[0m[PHY]    [UE thread Synch] Running Initial Synch 
[0m[NR_PHY] Starting cell search with center freq: 4049760000, bandwidth: 24. Scanning for 1 number of GSCN.
[0m[NR_PHY] Scanning GSCN: 0, with SSB offset: 24, SSB Freq: 0.000000
[0m[1;31m[PHY]    synch Failed: 
[0m[93m[PHY]    SSB position provided
[0m[93m[NR_PHY] Starting sync detection
[0m[PHY]    [UE thread Synch] Running Initial Synch 
[0m[NR_PHY] Starting cell search with center freq: 4049760000, bandwidth: 24. Scanning for 1 number of GSCN.
[0m[NR_PHY] Scanning GSCN: 0, with SSB offset: 24, SSB Freq: 0.000000
[0m[1;31m[PHY]    synch Failed: 
[0m[93m[PHY]    SSB position provided
[0m[93m[NR_PHY] Starting sync detection
[0m[PHY]    [UE thread Synch] Running Initial Synch 
[0m[NR_PHY] Starting cell search with center freq: 4049760000, bandwidth: 24. Scanning for 1 number of GSCN.
[0m[NR_PHY] Scanning GSCN: 0, with SSB offset: 24, SSB Freq: 0.000000
[0m[1;31m[PHY]    synch Failed: 
[0m[93m[PHY]    SSB position provided
[0m[93m[NR_PHY] Starting sync detection
[0m[PHY]    [UE thread Synch] Running Initial Synch 
[0m[NR_PHY] Starting cell search with center freq: 4049760000, bandwidth: 24. Scanning for 1 number of GSCN.
[0m[NR_PHY] Scanning GSCN: 0, with SSB offset: 24, SSB Freq: 0.000000
[0m[1;31m[PHY]    synch Failed: 
[0m[93m[PHY]    SSB position provided
[0m[93m[NR_PHY] Starting sync detection
[0m[PHY]    [UE thread Synch] Running Initial Synch 
[0m[NR_PHY] Starting cell search with center freq: 4049760000, bandwidth: 24. Scanning for 1 number of GSCN.
[0m[NR_PHY] Scanning GSCN: 0, with SSB offset: 24, SSB Freq: 0.000000
[0m[1;31m[PHY]    synch Failed: 
[0m[93m[PHY]    SSB position provided
[0m[93m[NR_PHY] Starting sync detection
[0m[PHY]    [UE thread Synch] Running Initial Synch 
[0m[NR_PHY] Starting cell search with center freq: 4049760000, bandwidth: 24. Scanning for 1 number of GSCN.
[0m[NR_PHY] Scanning GSCN: 0, with SSB offset: 24, SSB Freq: 0.000000
[0m[1;31m[PHY]    synch Failed: 
[0m[93m[PHY]    SSB position provided
[0m[93m[NR_PHY] Starting sync detection
[0m[PHY]    [UE thread Synch] Running Initial Synch 
[0m[NR_PHY] Starting cell search with center freq: 4049760000, bandwidth: 24. Scanning for 1 number of GSCN.
[0m[NR_PHY] Scanning GSCN: 0, with SSB offset: 24, SSB Freq: 0.000000
[0m[1;31m[PHY]    synch Failed: 
[0m[93m[PHY]    SSB position provided
[0m[93m[NR_PHY] Starting sync detection
[0m[PHY]    [UE thread Synch] Running Initial Synch 
[0m[NR_PHY] Starting cell search with center freq: 4049760000, bandwidth: 24. Scanning for 1 number of GSCN.
[0m[NR_PHY] Scanning GSCN: 0, with SSB offset: 24, SSB Freq: 0.000000
[0m[1;31m[PHY]    synch Failed: 
[0m[93m[PHY]    SSB position provided
[0m[93m[NR_PHY] Starting sync detection
[0m[PHY]    [UE thread Synch] Running Initial Synch 
[0m[NR_PHY] Starting cell search with center freq: 4049760000, bandwidth: 24. Scanning for 1 number of GSCN.
[0m[NR_PHY] Scanning GSCN: 0, with SSB offset: 24, SSB Freq: 0.000000
[0m[1;31m[PHY]    synch Failed: 
[0m[93m[PHY]    SSB position provided
[0m[93m[NR_PHY] Starting sync detection
[0m[PHY]    [UE thread Synch] Running Initial Synch 
[0m[NR_PHY] Starting cell search with center freq: 4049760000, bandwidth: 24. Scanning for 1 number of GSCN.
[0m[NR_PHY] Scanning GSCN: 0, with SSB offset: 24, SSB Freq: 0.000000
[0m[1;31m[PHY]    synch Failed: 
[0m[93m[PHY]    SSB position provided
[0m[93m[NR_PHY] Starting sync detection
[0m[PHY]    [UE thread Synch] Running Initial Synch 
[0m[NR_PHY] Starting cell search with center freq: 4049760000, bandwidth: 24. Scanning for 1 number of GSCN.
[0m[NR_PHY] Scanning GSCN: 0, with SSB offset: 24, SSB Freq: 0.000000
[0m[1;31m[PHY]    synch Failed: 
[0m[93m[PHY]    SSB position provided
[0m[93m[NR_PHY] Starting sync detection
[0m[PHY]    [UE thread Synch] Running Initial Synch 
[0m[NR_PHY] Starting cell search with center freq: 4049760000, bandwidth: 24. Scanning for 1 number of GSCN.
[0m[NR_PHY] Scanning GSCN: 0, with SSB offset: 24, SSB Freq: 0.000000
[0m[1;31m[PHY]    synch Failed: 
[0m[93m[PHY]    SSB position provided
[0m[93m[NR_PHY] Starting sync detection
[0m[PHY]    [UE thread Synch] Running Initial Synch 
[0m[NR_PHY] Starting cell search with center freq: 4049760000, bandwidth: 24. Scanning for 1 number of GSCN.
[0m[NR_PHY] Scanning GSCN: 0, with SSB offset: 24, SSB Freq: 0.000000
[0m[1;31m[PHY]    synch Failed: 
[0m[93m[PHY]    SSB position provided
[0m[93m[NR_PHY] Starting sync detection
[0m[PHY]    [UE thread Synch] Running Initial Synch 
[0m[NR_PHY] Starting cell search with center freq: 4049760000, bandwidth: 24. Scanning for 1 number of GSCN.
[0m[NR_PHY] Scanning GSCN: 0, with SSB offset: 24, SSB Freq: 0.000000
[0m[1;31m[PHY]    synch Failed: 
[0m[93m[PHY]    SSB position provided
[0m[93m[NR_PHY] Starting sync detection
[0m[PHY]    [UE thread Synch] Running Initial Synch 
[0m[NR_PHY] Starting cell search with center freq: 4049760000, bandwidth: 24. Scanning for 1 number of GSCN.
[0m[NR_PHY] Scanning GSCN: 0, with SSB offset: 24, SSB Freq: 0.000000
[0m[1;31m[PHY]    synch Failed: 
[0m[93m[PHY]    SSB position provided
[0m[93m[NR_PHY] Starting sync detection
[0m[PHY]    [UE thread Synch] Running Initial Synch 
[0m[NR_PHY] Starting cell search with center freq: 4049760000, bandwidth: 24. Scanning for 1 number of GSCN.
[0m[NR_PHY] Scanning GSCN: 0, with SSB offset: 24, SSB Freq: 0.000000
[0m[1;31m[PHY]    synch Failed: 
[0m[93m[PHY]    SSB position provided
[0m[93m[NR_PHY] Starting sync detection
[0m[PHY]    [UE thread Synch] Running Initial Synch 
[0m[NR_PHY] Starting cell search with center freq: 4049760000, bandwidth: 24. Scanning for 1 number of GSCN.
[0m[NR_PHY] Scanning GSCN: 0, with SSB offset: 24, SSB Freq: 0.000000
[0m[1;31m[PHY]    synch Failed: 
[0m[93m[PHY]    SSB position provided
[0m[93m[NR_PHY] Starting sync detection
[0m[PHY]    [UE thread Synch] Running Initial Synch 
[0m[NR_PHY] Starting cell search with center freq: 4049760000, bandwidth: 24. Scanning for 1 number of GSCN.
[0m[NR_PHY] Scanning GSCN: 0, with SSB offset: 24, SSB Freq: 0.000000
[0m[1;31m[PHY]    synch Failed: 
[0m[93m[PHY]    SSB position provided
[0m[93m[NR_PHY] Starting sync detection
[0m[PHY]    [UE thread Synch] Running Initial Synch 
[0m[NR_PHY] Starting cell search with center freq: 4049760000, bandwidth: 24. Scanning for 1 number of GSCN.
[0m[NR_PHY] Scanning GSCN: 0, with SSB offset: 24, SSB Freq: 0.000000
[0m[1;31m[PHY]    synch Failed: 
[0m[93m[PHY]    SSB position provided
[0m[93m[NR_PHY] Starting sync detection
[0m[PHY]    [UE thread Synch] Running Initial Synch 
[0m[NR_PHY] Starting cell search with center freq: 4049760000, bandwidth: 24. Scanning for 1 number of GSCN.
[0m[NR_PHY] Scanning GSCN: 0, with SSB offset: 24, SSB Freq: 0.000000
[0m[1;31m[PHY]    synch Failed: 
[0m[93m[PHY]    SSB position provided
[0m[93m[NR_PHY] Starting sync detection
[0m[PHY]    [UE thread Synch] Running Initial Synch 
[0m[NR_PHY] Starting cell search with center freq: 4049760000, bandwidth: 24. Scanning for 1 number of GSCN.
[0m[NR_PHY] Scanning GSCN: 0, with SSB offset: 24, SSB Freq: 0.000000
[0m[1;31m[PHY]    synch Failed: 
[0m[93m[PHY]    SSB position provided
[0m[93m[NR_PHY] Starting sync detection
[0m[PHY]    [UE thread Synch] Running Initial Synch 
[0m[NR_PHY] Starting cell search with center freq: 4049760000, bandwidth: 24. Scanning for 1 number of GSCN.
[0m[NR_PHY] Scanning GSCN: 0, with SSB offset: 24, SSB Freq: 0.000000
[0m[1;31m[PHY]    synch Failed: 
[0m[93m[PHY]    SSB position provided
[0m[93m[NR_PHY] Starting sync detection
[0m[PHY]    [UE thread Synch] Running Initial Synch 
[0m[NR_PHY] Starting cell search with center freq: 4049760000, bandwidth: 24. Scanning for 1 number of GSCN.
[0m[NR_PHY] Scanning GSCN: 0, with SSB offset: 24, SSB Freq: 0.000000
[0m[1;31m[PHY]    synch Failed: 
[0m[93m[PHY]    SSB position provided
[0m[93m[NR_PHY] Starting sync detection
[0m[PHY]    [UE thread Synch] Running Initial Synch 
[0m[NR_PHY] Starting cell search with center freq: 4049760000, bandwidth: 24. Scanning for 1 number of GSCN.
[0m[NR_PHY] Scanning GSCN: 0, with SSB offset: 24, SSB Freq: 0.000000
[0m[1;31m[PHY]    synch Failed: 
[0m[93m[PHY]    SSB position provided
[0m[93m[NR_PHY] Starting sync detection
[0m[PHY]    [UE thread Synch] Running Initial Synch 
[0m[NR_PHY] Starting cell search with center freq: 4049760000, bandwidth: 24. Scanning for 1 number of GSCN.
[0m[NR_PHY] Scanning GSCN: 0, with SSB offset: 24, SSB Freq: 0.000000
[0m[1;31m[PHY]    synch Failed: 
[0m[93m[PHY]    SSB position provided
[0m[93m[NR_PHY] Starting sync detection
[0m[PHY]    [UE thread Synch] Running Initial Synch 
[0m[NR_PHY] Starting cell search with center freq: 4049760000, bandwidth: 24. Scanning for 1 number of GSCN.
[0m[NR_PHY] Scanning GSCN: 0, with SSB offset: 24, SSB Freq: 0.000000
[0m[1;31m[PHY]    synch Failed: 
[0m[93m[PHY]    SSB position provided
[0m[93m[NR_PHY] Starting sync detection
[0m[PHY]    [UE thread Synch] Running Initial Synch 
[0m[NR_PHY] Starting cell search with center freq: 4049760000, bandwidth: 24. Scanning for 1 number of GSCN.
[0m[NR_PHY] Scanning GSCN: 0, with SSB offset: 24, SSB Freq: 0.000000
[0m[1;31m[PHY]    synch Failed: 
[0m[93m[PHY]    SSB position provided
[0m[93m[NR_PHY] Starting sync detection
[0m[PHY]    [UE thread Synch] Running Initial Synch 
[0m[NR_PHY] Starting cell search with center freq: 4049760000, bandwidth: 24. Scanning for 1 number of GSCN.
[0m[NR_PHY] Scanning GSCN: 0, with SSB offset: 24, SSB Freq: 0.000000
[0m[1;31m[PHY]    synch Failed: 
[0m[93m[PHY]    SSB position provided
[0m[93m[NR_PHY] Starting sync detection
[0m[PHY]    [UE thread Synch] Running Initial Synch 
[0m[NR_PHY] Starting cell search with center freq: 4049760000, bandwidth: 24. Scanning for 1 number of GSCN.
[0m[NR_PHY] Scanning GSCN: 0, with SSB offset: 24, SSB Freq: 0.000000
[0m[1;31m[PHY]    synch Failed: 
[0m[93m[PHY]    SSB position provided
[0m[93m[NR_PHY] Starting sync detection
[0m[PHY]    [UE thread Synch] Running Initial Synch 
[0m[NR_PHY] Starting cell search with center freq: 4049760000, bandwidth: 24. Scanning for 1 number of GSCN.
[0m[NR_PHY] Scanning GSCN: 0, with SSB offset: 24, SSB Freq: 0.000000
[0m[1;31m[PHY]    synch Failed: 
[0m[93m[PHY]    SSB position provided
[0m[93m[NR_PHY] Starting sync detection
[0m[PHY]    [UE thread Synch] Running Initial Synch 
[0m[NR_PHY] Starting cell search with center freq: 4049760000, bandwidth: 24. Scanning for 1 number of GSCN.
[0m[NR_PHY] Scanning GSCN: 0, with SSB offset: 24, SSB Freq: 0.000000
[0m[1;31m[PHY]    synch Failed: 
[0m[93m[PHY]    SSB position provided
[0m[93m[NR_PHY] Starting sync detection
[0m[PHY]    [UE thread Synch] Running Initial Synch 
[0m[NR_PHY] Starting cell search with center freq: 4049760000, bandwidth: 24. Scanning for 1 number of GSCN.
[0m[NR_PHY] Scanning GSCN: 0, with SSB offset: 24, SSB Freq: 0.000000
[0m[1;31m[PHY]    synch Failed: 
[0m[93m[PHY]    SSB position provided
[0m[93m[NR_PHY] Starting sync detection
[0m[PHY]    [UE thread Synch] Running Initial Synch 
[0m[NR_PHY] Starting cell search with center freq: 4049760000, bandwidth: 24. Scanning for 1 number of GSCN.
[0m[NR_PHY] Scanning GSCN: 0, with SSB offset: 24, SSB Freq: 0.000000
[0m[1;31m[PHY]    synch Failed: 
[0m[93m[PHY]    SSB position provided
[0m[93m[NR_PHY] Starting sync detection
[0m[PHY]    [UE thread Synch] Running Initial Synch 
[0m[NR_PHY] Starting cell search with center freq: 4049760000, bandwidth: 24. Scanning for 1 number of GSCN.
[0m[NR_PHY] Scanning GSCN: 0, with SSB offset: 24, SSB Freq: 0.000000
[0m[1;31m[PHY]    synch Failed: 
[0m[93m[PHY]    SSB position provided
[0m[93m[NR_PHY] Starting sync detection
[0m[PHY]    [UE thread Synch] Running Initial Synch 
[0m[NR_PHY] Starting cell search with center freq: 4049760000, bandwidth: 24. Scanning for 1 number of GSCN.
[0m[NR_PHY] Scanning GSCN: 0, with SSB offset: 24, SSB Freq: 0.000000
[0m[1;31m[PHY]    synch Failed: 
[0m[93m[PHY]    SSB position provided
[0m[93m[NR_PHY] Starting sync detection
[0m[PHY]    [UE thread Synch] Running Initial Synch 
[0m[NR_PHY] Starting cell search with center freq: 4049760000, bandwidth: 24. Scanning for 1 number of GSCN.
[0m[NR_PHY] Scanning GSCN: 0, with SSB offset: 24, SSB Freq: 0.000000
[0m[1;31m[PHY]    synch Failed: 
[0m[93m[PHY]    SSB position provided
[0m[93m[NR_PHY] Starting sync detection
[0m[PHY]    [UE thread Synch] Running Initial Synch 
[0m[NR_PHY] Starting cell search with center freq: 4049760000, bandwidth: 24. Scanning for 1 number of GSCN.
[0m[NR_PHY] Scanning GSCN: 0, with SSB offset: 24, SSB Freq: 0.000000
[0m[1;31m[PHY]    synch Failed: 
[0m[93m[PHY]    SSB position provided
[0m[93m[NR_PHY] Starting sync detection
[0m[PHY]    [UE thread Synch] Running Initial Synch 
[0m[NR_PHY] Starting cell search with center freq: 4049760000, bandwidth: 24. Scanning for 1 number of GSCN.
[0m[NR_PHY] Scanning GSCN: 0, with SSB offset: 24, SSB Freq: 0.000000
[0m[1;31m[PHY]    synch Failed: 
[0m[93m[PHY]    SSB position provided
[0m[93m[NR_PHY] Starting sync detection
[0m[PHY]    [UE thread Synch] Running Initial Synch 
[0m[NR_PHY] Starting cell search with center freq: 4049760000, bandwidth: 24. Scanning for 1 number of GSCN.
[0m[NR_PHY] Scanning GSCN: 0, with SSB offset: 24, SSB Freq: 0.000000
[0m[1;31m[PHY]    synch Failed: 
[0m[93m[PHY]    SSB position provided
[0m[93m[NR_PHY] Starting sync detection
[0m[PHY]    [UE thread Synch] Running Initial Synch 
[0m[NR_PHY] Starting cell search with center freq: 4049760000, bandwidth: 24. Scanning for 1 number of GSCN.
[0m[NR_PHY] Scanning GSCN: 0, with SSB offset: 24, SSB Freq: 0.000000
[0m[1;31m[PHY]    synch Failed: 
[0m[93m[PHY]    SSB position provided
[0m[93m[NR_PHY] Starting sync detection
[0m[PHY]    [UE thread Synch] Running Initial Synch 
[0m[NR_PHY] Starting cell search with center freq: 4049760000, bandwidth: 24. Scanning for 1 number of GSCN.
[0m[NR_PHY] Scanning GSCN: 0, with SSB offset: 24, SSB Freq: 0.000000
[0m[1;31m[PHY]    synch Failed: 
[0m[93m[PHY]    SSB position provided
[0m[93m[NR_PHY] Starting sync detection
[0m[PHY]    [UE thread Synch] Running Initial Synch 
[0m[NR_PHY] Starting cell search with center freq: 4049760000, bandwidth: 24. Scanning for 1 number of GSCN.
[0m[NR_PHY] Scanning GSCN: 0, with SSB offset: 24, SSB Freq: 0.000000
[0m[1;31m[PHY]    synch Failed: 
[0m[93m[PHY]    SSB position provided
[0m[93m[NR_PHY] Starting sync detection
[0m[PHY]    [UE thread Synch] Running Initial Synch 
[0m[NR_PHY] Starting cell search with center freq: 4049760000, bandwidth: 24. Scanning for 1 number of GSCN.
[0m[NR_PHY] Scanning GSCN: 0, with SSB offset: 24, SSB Freq: 0.000000
[0m[1;31m[PHY]    synch Failed: 
[0m[93m[PHY]    SSB position provided
[0m[93m[NR_PHY] Starting sync detection
[0m[PHY]    [UE thread Synch] Running Initial Synch 
[0m[NR_PHY] Starting cell search with center freq: 4049760000, bandwidth: 24. Scanning for 1 number of GSCN.
[0m[NR_PHY] Scanning GSCN: 0, with SSB offset: 24, SSB Freq: 0.000000
[0m[1;31m[PHY]    synch Failed: 
[0m[93m[PHY]    SSB position provided
[0m[93m[NR_PHY] Starting sync detection
[0m[PHY]    [UE thread Synch] Running Initial Synch 
[0m[NR_PHY] Starting cell search with center freq: 4049760000, bandwidth: 24. Scanning for 1 number of GSCN.
[0m[NR_PHY] Scanning GSCN: 0, with SSB offset: 24, SSB Freq: 0.000000
[0m[1;31m[PHY]    synch Failed: 
[0m[93m[PHY]    SSB position provided
[0m[93m[NR_PHY] Starting sync detection
[0m[PHY]    [UE thread Synch] Running Initial Synch 
[0m[NR_PHY] Starting cell search with center freq: 4049760000, bandwidth: 24. Scanning for 1 number of GSCN.
[0m[NR_PHY] Scanning GSCN: 0, with SSB offset: 24, SSB Freq: 0.000000
[0m[1;31m[PHY]    synch Failed: 
[0m[93m[PHY]    SSB position provided
[0m[93m[NR_PHY] Starting sync detection
[0m[PHY]    [UE thread Synch] Running Initial Synch 
[0m[NR_PHY] Starting cell search with center freq: 4049760000, bandwidth: 24. Scanning for 1 number of GSCN.
[0m[NR_PHY] Scanning GSCN: 0, with SSB offset: 24, SSB Freq: 0.000000
[0m[1;31m[PHY]    synch Failed: 
[0m[93m[PHY]    SSB position provided
[0m[93m[NR_PHY] Starting sync detection
[0m[PHY]    [UE thread Synch] Running Initial Synch 
[0m[NR_PHY] Starting cell search with center freq: 4049760000, bandwidth: 24. Scanning for 1 number of GSCN.
[0m[NR_PHY] Scanning GSCN: 0, with SSB offset: 24, SSB Freq: 0.000000
[0m[1;31m[PHY]    synch Failed: 
[0m[93m[PHY]    SSB position provided
[0m[93m[NR_PHY] Starting sync detection
[0m[PHY]    [UE thread Synch] Running Initial Synch 
[0m[NR_PHY] Starting cell search with center freq: 4049760000, bandwidth: 24. Scanning for 1 number of GSCN.
[0m[NR_PHY] Scanning GSCN: 0, with SSB offset: 24, SSB Freq: 0.000000
[0m[32m[PHY]    Initial sync: pbch decoded sucessfully, ssb index 0
[0m[PHY]    pbch rx ok. rsrp:68 dB/RE, adjust_rxgain:-18 dB
[0m[NR_PHY] Cell Detected with GSCN: 0, SSB SC offset: 24, SSB Ref: 0.000000, PSS Corr peak: 118 dB, PSS Corr Average: 82
[0m[PHY]    [UE0] In synch, rx_offset 60772 samples
[0m[PHY]    [UE 0] Measured Carrier Frequency offset -27 Hz
[0m[32m[PHY]    Initial sync successful, PCI: 0
[0m[PHY]    HW: Configuring channel 0 (rf_chain 0): setting tx_freq 4049759973 Hz, rx_freq 4049759973 Hz, tune_offset 0
[0m[PHY]    HW: Configuring channel 1 (rf_chain 0): setting tx_freq 4049759973 Hz, rx_freq 4049759973 Hz, tune_offset 0
[0m[PHY]    Got synch: hw_slot_offset 16, carrier off -27 Hz
[0m[NR_RRC] [UE 0] BCCH update: phyCellID 0->0, arfcn_ssb 0->669984
[0m[32m[PHY]    UE synchronized! decoded_frame_rx=102 UE->init_sync_frame=1 trashed_frames=2
[0m[PHY]    Resynchronizing RX by 60772 samples
[0m[HW]     received write reorder clear context
[0m[PHY]    max_pos_acc = 0, shiftForNextFrame = 0
[0m[32m[NR_RRC] SIB1 decoded
[0m[NR_MAC] [UE 0] Initial cell selection: dl_frequency=4045440 kHz (from command-line, band=77, scs=1)
[0m[NR_MAC] Initial cell selection: uplink_frequency=4045440 kHz (from dl_frequency=4045440 kHz)
[0m[NR_MAC] TDD period index = 5, based on the sum of dl_UL_TransmissionPeriodicity from Pattern1 (2.500000 ms) and Pattern2 (0.000000 ms): Total = 2.500000 ms
[0m[NR_MAC] Set TDD configuration period to: 2 DL slots, 4 UL slots, 5 slots per period (NR_TDD_UL_DL_Pattern is 1 DL slots, 3 UL slots, 6 DL symbols, 4 UL symbols)
[0m[NR_MAC] Configured 1 TDD patterns (total slots: pattern1 = 5, pattern2 = 0)
[0m[PHY]    N_TA_offset changed from 0 to 200
[0m[MAC]    Initialization of 4-Step CBRA procedure
[0m[NR_MAC] PRACH scheduler: Selected RO Frame 106, Slot 19, Symbol 0, Fdm 0
[0m[PHY]    PRACH [UE 0] in frame.slot 106.19, placing PRACH in position 740, Msg1/MsgA-Preamble frequency start 0 (k1 0), preamble_offset 20, first_nonzero_root_idx 0, preambleIndex = 20
[0m[PHY]    [UE 0] RAR-Msg2 decoded
[0m[NR_MAC] [UE 0][RAPROC][RA-RNTI 010b] Got BI RAR subPDU 5 ms
[0m[NR_MAC] [UE 0][RAPROC][RA-RNTI 010b] Got RAPID RAR subPDU
[0m[32m[NR_MAC] [UE 0][RAPROC][107.10] Found RAR with the intended RAPID 20
[0m[93m[MAC]    received TA command 31
[0m[32m[NR_MAC] [RAPROC][107.18] RA-Msg3 transmitted
[0m[32m[NR_MAC] [UE 0][108.10][RAPROC] 4-Step RA procedure succeeded. CBRA: Contention Resolution is successful.
[0m[NR_RRC] [UE0][RAPROC] Logical Channel DL-CCCH (SRB0), Received NR_RRCSetup
[0m[RLC]    Added srb 1 to UE 0
[0m[NR_RRC] State = NR_RRC_CONNECTED
[0m[NAS]    Generate Initial NAS Message: Registration Request
[0m[NR_RRC] [UE 0][RAPROC] Logical Channel UL-DCCH (SRB1), Generating RRCSetupComplete (bytes32)
[0m[NAS]    [UE 0] Received NR_NAS_CONN_ESTABLISH_IND: asCause 0
[0m[MAC]    [UE 0] Applying CellGroupConfig from gNodeB
[0m[NR_PHY] RI = 2 i1 = 0.0.0, i2 = 1, SINR = 48 dB, CQI = 15
[0m[NAS]    [UE 0] Received NAS_DOWNLINK_DATA_IND type FGS_AUTHENTICATION_REQUEST with length 42
[0m[NR_PHY] RI = 2 i1 = 0.0.0, i2 = 1, SINR = 48 dB, CQI = 15
[0m[NAS]    [UE 0] Received NAS_DOWNLINK_DATA_IND type FGS_SECURITY_MODE_COMMAND with length 21
[0m[NAS]    Generate Initial NAS Message: Registration Request
[0m[NR_PHY] RI = 2 i1 = 0.0.0, i2 = 1, SINR = 48 dB, CQI = 15
[0m[NR_PHY] RI = 2 i1 = 0.0.0, i2 = 1, SINR = 48 dB, CQI = 15
[0m[NR_RRC] Received securityModeCommand (gNB 0)
[0m[NR_RRC] Receiving from SRB1 (DL-DCCH), Processing securityModeCommand
[0m[NR_RRC] Security algorithm is set to nea0
[0m[NR_RRC] Integrity protection algorithm is set to nia2
[0m[NR_RRC] Receiving from SRB1 (DL-DCCH), encoding securityModeComplete, rrc_TransactionIdentifier: 0
[0m[NR_PHY] RI = 2 i1 = 0.0.0, i2 = 1, SINR = 48 dB, CQI = 15
[0m[NR_RRC] Received Capability Enquiry (gNB 0)
[0m[NR_RRC] Receiving from SRB1 (DL-DCCH), Processing UECapabilityEnquiry
[0m[CONFIG] function config_libconfig_init returned 0
Initializing random number generator, seed 13348978843724085373
Initializing random number generator, seed 9141594957810512073
Waiting for server to create shared memory segment
last path (12) at 12.525000 * 3.000000e-01 = 3.757500e+00
TDL : 15360000.000000 Ms/s, nb_taps 13, Td 3.757500e+00, channel_length 5
last path (12) at 3.757500 * 3.000000e-01 = 1.127250e+00
TDL : 15360000.000000 Ms/s, nb_taps 13, Td 1.127250e+00, channel_length 4
UE threads created by 735627
TYPE <CTRL-C> TO TERMINATE
Entering ITTI signals handler
TYPE <CTRL-C> TO TERMINATE
kausf:41 5b 7d 68 a1 f2 9d 89 c9 f 55 50 f 86 5b a9 8f d4 b0 db 96 b4 8f 9e 30 f5 20 da 2f ea 7b 35 
kseaf:1e 9f 80 4c ec 85 f4 99 a1 dd 86 ae 82 e1 c e5 fa 6c f0 e5 fc bb 49 4f 6d ec 17 fb 29 2 c6 12 
kamf:11 59 bd c1 cd 7b 17 f0 60 19 cd ad 72 fd 85 d2 38 5e fb f5 1b fd fb 1f 33 53 89 80 5e c8 b0 ba 
knas_int: f5 ff 6a 3c 53 f0 a3 43 28 9 54 5b 48 9f 34 4 
knas_enc: f3 3 f0 99 5a 4a 27 d3 b5 6 ee 49 de ae f4 6d 
mac 37 8a 39 1 
[NR_RRC] deriving kRRCenc, kRRCint from KgNB=33 95 04 76 3d ac f3 7f 35 fa e3 11 b5 4c 51 86 04 0c 87 b9 9b 1f 52 bb db 19 bb d3 22 3a 2c 96 [0m
[NR_RRC] securityModeComplete payload: 28 00 00 00 00 00 00 00 60 12 00 f0 8d 71 00 00 [0m
<UE-NR-Capability>
    <accessStratumRelease><rel15/></accessStratumRelease>
    <pdcp-Parameters>
        <supportedROHC-Profiles>
            <profile0x0000><false/></profile0x0000>
            <profile0x0001><false/></profile0x0001>
            <profile0x0002><false/></profile0x0002>
            <profile0x0003><false/></profile0x0003>
            <profile0x0004><false/></profile0x0004>
            <profile0x0006><false/></profile0x0006>
            <profile0x0101><false/></profile0x0101>
            <profile0x0102><false/></profile0x0102>
            <profile0x0103><false/></profile0x0103>
            <profile0x0104><false/></profile0x0104>
        </supportedROHC-Profiles>
        <maxNumberROHC-ContextSessions><cs2/></maxNumberROHC-ContextSessions>
    </pdcp-Parameters>
    <phy-Parameters>
    </phy-Parameters>
    <rf-Parameters>
        <supportedBandListNR>
            <BandNR>
                <bandNR>1</bandNR>
            </BandNR>
        </supportedBandListNR>
    </rf-Parameters>
</UE-NR-Capability>
[PHY]    [RRC]UE NR Capability encoded, 10 bytes (86 bits)
[0m[NR_RRC] UECapabilityInformation Encoded 106 bits (14 bytes)
[0m[NR_PHY] RI = 2 i1 = 0.0.0, i2 = 1, SINR = 48 dB, CQI = 15
[0m[NAS]    [UE 0] Received NAS_DOWNLINK_DATA_IND type FGS_REGISTRATION_ACCEPT with length 53
[0m[NAS]    Received Registration Accept with result 3GPP
[0m[NAS]    SMS not allowed in 5GS Registration Result
[0m[NR_RRC] 5G-GUTI: AMF pointer 1, AMF Set ID 1, 5G-TMSI 3941613533 
[0m[NAS]    Send NAS_UPLINK_DATA_REQ message(RegistrationComplete)
[0m[NAS]    requested PDU session ID 1 type 1 NSSAI 1.16777215 DNN oai
[0m[NAS]    Send NAS_UPLINK_DATA_REQ message(PduSessionEstablishRequest)
[0m[NR_PHY] RI = 2 i1 = 0.0.0, i2 = 1, SINR = 48 dB, CQI = 15
[0m[NR_PHY] RI = 2 i1 = 0.0.0, i2 = 1, SINR = 48 dB, CQI = 15
[0m[RLC]    Added srb 2 to UE 0
[0m[RLC]    Added drb 1 to UE 0
[0m[RLC]    Added DRB to UE 0
[0m[NR_RRC] RRCReconfiguration includes radio Bearer Configuration
[0m[MAC]    [UE 0] Applying CellGroupConfig from gNodeB
[0m[SDAP]   Default DRB for the created SDAP entity: DRB 1 
[0m[PDCP]   Added DRB 1 to UE ID 0
[0m[NR_RRC] State = NR_RRC_CONNECTED
[0m[NR_RRC] RRCReconfiguration includes Measurement Configuration
[0m[93m[NR_RRC] Measurement gaps not yet supported!
[0m[NR_RRC] rrcReconfigurationComplete Encoded 10 bits (2 bytes)
[0m[NR_RRC]  Logical Channel UL-DCCH (SRB1), Generating RRCReconfigurationComplete (bytes 2)
[0m[NAS]    [UE 0] Received NAS_CONN_ESTABLI_CNF: errCode 1, length 98
[0m[NAS]    Received PDU Session Establishment Accept, UE IPv4: 10.0.0.91
[0m[32m[OIP]    TUN Interface oaitun_ue1 successfully configured, IPv4 10.0.0.91, IPv6 (null)
[0m[UTIL]   threadCreate() for ue_tun_read_0_p1: creating thread with affinity ffffffff, priority 1
[0m[93m[NR_RRC] (active_cell_rsrp) -129 + (rsrp_hysteresis) 0 < (rsrp_threshold) -97
[0m[NR_PHY] RI = 2 i1 = 0.0.0, i2 = 1, SINR = 48 dB, CQI = 15
[0m[NR_PHY] RI = 2 i1 = 0.0.0, i2 = 1, SINR = 48 dB, CQI = 15
[0m[NR_MAC] UE 0 RNTI e66b stats sfn: 128.2, cumulated bad DCI 0
    DL harq: 21/0
    UL harq: 18/0 avg code rate 0.1, avg bit/symbol 2.0, avg per TB: (nb RBs 16.0, nb symbols 12.4)
[0m[NR_RRC] MeasurementReport Encoded 53 bits (7 bytes)
[0m[NR_PHY] RI = 2 i1 = 0.0.0, i2 = 1, SINR = 48 dB, CQI = 15
[0m[NR_PHY] RI = 2 i1 = 0.0.0, i2 = 1, SINR = 48 dB, CQI = 15
[0m[NR_PHY] RI = 2 i1 = 0.0.0, i2 = 1, SINR = 48 dB, CQI = 15
[0m[NR_PHY] RI = 2 i1 = 0.0.0, i2 = 1, SINR = 48 dB, CQI = 15
[0m[NR_PHY] RI = 2 i1 = 0.0.0, i2 = 1, SINR = 48 dB, CQI = 15
[0m[NR_PHY] RI = 2 i1 = 0.0.0, i2 = 1, SINR = 48 dB, CQI = 15
[0m[NR_PHY] RI = 2 i1 = 0.0.0, i2 = 1, SINR = 48 dB, CQI = 15
[0m[NR_PHY] RI = 2 i1 = 0.0.0, i2 = 1, SINR = 48 dB, CQI = 15
[0m[NR_PHY] RI = 2 i1 = 0.0.0, i2 = 1, SINR = 48 dB, CQI = 15
[0m[NR_PHY] RI = 2 i1 = 0.0.0, i2 = 1, SINR = 48 dB, CQI = 15
[0m[NR_PHY] RI = 2 i1 = 0.0.0, i2 = 1, SINR = 48 dB, CQI = 15
[0m[NR_PHY] RI = 2 i1 = 0.0.0, i2 = 1, SINR = 48 dB, CQI = 15
[0m[NR_PHY] RI = 2 i1 = 0.0.0, i2 = 1, SINR = 48 dB, CQI = 15
[0m[NR_PHY] RI = 2 i1 = 0.0.0, i2 = 1, SINR = 48 dB, CQI = 15
[0m[NR_PHY] RI = 2 i1 = 0.0.0, i2 = 1, SINR = 48 dB, CQI = 15
[0m[NR_PHY] RI = 2 i1 = 0.0.0, i2 = 1, SINR = 48 dB, CQI = 15
[0m[NR_PHY] RI = 2 i1 = 0.0.0, i2 = 1, SINR = 48 dB, CQI = 15
[0m[NR_PHY] RI = 2 i1 = 0.0.0, i2 = 1, SINR = 48 dB, CQI = 15
[0m[NR_PHY] RI = 2 i1 = 0.0.0, i2 = 1, SINR = 48 dB, CQI = 15
[0m[NR_PHY] RI = 2 i1 = 0.0.0, i2 = 1, SINR = 48 dB, CQI = 15
[0m[NR_PHY] RI = 2 i1 = 0.0.0, i2 = 1, SINR = 48 dB, CQI = 15
[0m[NR_PHY] RI = 2 i1 = 0.0.0, i2 = 1, SINR = 48 dB, CQI = 15
[0m[NR_PHY] RI = 2 i1 = 0.0.0, i2 = 1, SINR = 48 dB, CQI = 15
[0m[NR_PHY] RI = 2 i1 = 0.0.0, i2 = 1, SINR = 48 dB, CQI = 15
[0m[NR_RRC] MeasurementReport Encoded 53 bits (7 bytes)
[0m[NR_PHY] RI = 2 i1 = 0.0.0, i2 = 1, SINR = 48 dB, CQI = 15
[0m[NR_PHY] RI = 2 i1 = 0.0.0, i2 = 1, SINR = 48 dB, CQI = 15
[0m[NR_PHY] RI = 2 i1 = 0.0.0, i2 = 1, SINR = 48 dB, CQI = 15
[0m[NR_PHY] RI = 2 i1 = 0.0.0, i2 = 1, SINR = 48 dB, CQI = 15
[0m[NR_PHY] RI = 2 i1 = 0.0.0, i2 = 1, SINR = 48 dB, CQI = 15
[0m[NR_PHY] RI = 2 i1 = 0.0.0, i2 = 1, SINR = 48 dB, CQI = 15
[0m[NR_PHY] RI = 2 i1 = 0.0.0, i2 = 1, SINR = 48 dB, CQI = 15
[0m[NR_PHY] RI = 2 i1 = 0.0.0, i2 = 1, SINR = 48 dB, CQI = 15
[0m[NR_PHY] RI = 2 i1 = 0.0.0, i2 = 1, SINR = 48 dB, CQI = 15
[0m[NR_PHY] RI = 2 i1 = 0.0.0, i2 = 1, SINR = 48 dB, CQI = 15
[0m[NR_PHY] RI = 2 i1 = 0.0.0, i2 = 1, SINR = 48 dB, CQI = 15
[0m[NR_PHY] RI = 2 i1 = 0.0.0, i2 = 1, SINR = 48 dB, CQI = 15
[0m[NR_PHY] RI = 2 i1 = 0.0.0, i2 = 1, SINR = 48 dB, CQI = 15
[0m[NR_PHY] RI = 2 i1 = 0.0.0, i2 = 1, SINR = 48 dB, CQI = 15
[0m[NR_PHY] RI = 2 i1 = 0.0.0, i2 = 1, SINR = 48 dB, CQI = 15
[0m[NR_PHY] RI = 2 i1 = 0.0.0, i2 = 1, SINR = 48 dB, CQI = 15
[0m[NR_PHY] RI = 2 i1 = 0.0.0, i2 = 1, SINR = 48 dB, CQI = 15
[0m[NR_PHY] RI = 2 i1 = 0.0.0, i2 = 1, SINR = 48 dB, CQI = 15
[0m[NR_PHY] RI = 2 i1 = 0.0.0, i2 = 1, SINR = 48 dB, CQI = 15
[0m[NR_PHY] RI = 2 i1 = 0.0.0, i2 = 1, SINR = 48 dB, CQI = 15
[0m[NR_PHY] RI = 2 i1 = 0.0.0, i2 = 1, SINR = 48 dB, CQI = 15
[0m[NR_PHY] RI = 2 i1 = 0.0.0, i2 = 1, SINR = 48 dB, CQI = 15
[0m[NR_PHY] RI = 2 i1 = 0.0.0, i2 = 1, SINR = 48 dB, CQI = 15
[0m[NR_PHY] RI = 2 i1 = 0.0.0, i2 = 1, SINR = 48 dB, CQI = 15
[0m[NR_RRC] MeasurementReport Encoded 53 bits (7 bytes)
[0m[NR_PHY] RI = 2 i1 = 0.0.0, i2 = 1, SINR = 48 dB, CQI = 15
[0m[NR_PHY] RI = 2 i1 = 0.0.0, i2 = 1, SINR = 48 dB, CQI = 15
[0m[NR_PHY] RI = 2 i1 = 0.0.0, i2 = 1, SINR = 48 dB, CQI = 15
[0m[NR_PHY] RI = 2 i1 = 0.0.0, i2 = 1, SINR = 48 dB, CQI = 15
[0m[NR_PHY] RI = 2 i1 = 0.0.0, i2 = 1, SINR = 48 dB, CQI = 15
[0m[NR_PHY] RI = 2 i1 = 0.0.0, i2 = 1, SINR = 48 dB, CQI = 15
[0m[NR_PHY] RI = 2 i1 = 0.0.0, i2 = 1, SINR = 48 dB, CQI = 15
[0m[NR_PHY] RI = 2 i1 = 0.0.0, i2 = 1, SINR = 48 dB, CQI = 15
[0m[NR_PHY] RI = 2 i1 = 0.0.0, i2 = 1, SINR = 48 dB, CQI = 15
[0m[NR_PHY] RI = 2 i1 = 0.0.0, i2 = 1, SINR = 48 dB, CQI = 15
[0m[NR_PHY] RI = 2 i1 = 0.0.0, i2 = 1, SINR = 48 dB, CQI = 15
[0m[NR_PHY] RI = 2 i1 = 0.0.0, i2 = 1, SINR = 48 dB, CQI = 15
[0m[NR_PHY] RI = 2 i1 = 0.0.0, i2 = 1, SINR = 48 dB, CQI = 15
[0m[NR_PHY] RI = 2 i1 = 0.0.0, i2 = 1, SINR = 48 dB, CQI = 15
[0m[NR_PHY] RI = 2 i1 = 0.0.0, i2 = 1, SINR = 48 dB, CQI = 15
[0m[NR_PHY] RI = 2 i1 = 0.0.0, i2 = 1, SINR = 48 dB, CQI = 15
[0m[NR_MAC] UE 0 RNTI e66b stats sfn: 256.2, cumulated bad DCI 0
    DL harq: 25/0
    UL harq: 35/0 avg code rate 0.1, avg bit/symbol 2.0, avg per TB: (nb RBs 16.0, nb symbols 12.7)
[0m[NR_PHY] RI = 2 i1 = 0.0.0, i2 = 1, SINR = 48 dB, CQI = 15
[0m[NR_PHY] RI = 2 i1 = 0.0.0, i2 = 1, SINR = 48 dB, CQI = 15
[0m[NR_PHY] RI = 2 i1 = 0.0.0, i2 = 1, SINR = 48 dB, CQI = 15
[0m[NR_PHY] RI = 2 i1 = 0.0.0, i2 = 1, SINR = 48 dB, CQI = 15
[0m[NR_PHY] RI = 2 i1 = 0.0.0, i2 = 1, SINR = 48 dB, CQI = 15
[0m[NR_PHY] RI = 2 i1 = 0.0.0, i2 = 1, SINR = 48 dB, CQI = 15
[0m[NR_PHY] RI = 2 i1 = 0.0.0, i2 = 1, SINR = 48 dB, CQI = 15
[0m[NR_PHY] RI = 2 i1 = 0.0.0, i2 = 1, SINR = 48 dB, CQI = 15
[0m[NR_RRC] MeasurementReport Encoded 53 bits (7 bytes)
[0m[NR_PHY] RI = 2 i1 = 0.0.0, i2 = 1, SINR = 48 dB, CQI = 15
[0m[NR_PHY] RI = 2 i1 = 0.0.0, i2 = 1, SINR = 48 dB, CQI = 15
[0m[NR_PHY] RI = 2 i1 = 0.0.0, i2 = 1, SINR = 48 dB, CQI = 15
[0m[NR_PHY] RI = 2 i1 = 0.0.0, i2 = 1, SINR = 48 dB, CQI = 15
[0m[NR_PHY] RI = 2 i1 = 0.0.0, i2 = 1, SINR = 48 dB, CQI = 15
[0m[NR_PHY] RI = 2 i1 = 0.0.0, i2 = 1, SINR = 48 dB, CQI = 15
[0m[NR_PHY] RI = 2 i1 = 0.0.0, i2 = 1, SINR = 48 dB, CQI = 15
[0m[NR_PHY] RI = 2 i1 = 0.0.0, i2 = 1, SINR = 48 dB, CQI = 15
[0m[NR_PHY] RI = 2 i1 = 0.0.0, i2 = 1, SINR = 48 dB, CQI = 15
[0m[NR_PHY] RI = 2 i1 = 0.0.0, i2 = 1, SINR = 48 dB, CQI = 15
[0m[NR_PHY] RI = 2 i1 = 0.0.0, i2 = 1, SINR = 48 dB, CQI = 15
[0m[NR_PHY] RI = 2 i1 = 0.0.0, i2 = 1, SINR = 48 dB, CQI = 15
[0m[NR_PHY] RI = 2 i1 = 0.0.0, i2 = 1, SINR = 48 dB, CQI = 15
[0m[NR_PHY] RI = 2 i1 = 0.0.0, i2 = 1, SINR = 48 dB, CQI = 15
[0m[NR_PHY] RI = 2 i1 = 0.0.0, i2 = 1, SINR = 48 dB, CQI = 15
[0m[NR_PHY] RI = 2 i1 = 0.0.0, i2 = 1, SINR = 48 dB, CQI = 15
[0m[NR_PHY] RI = 2 i1 = 0.0.0, i2 = 1, SINR = 48 dB, CQI = 15
[0m[NR_PHY] RI = 2 i1 = 0.0.0, i2 = 1, SINR = 48 dB, CQI = 15
[0m[NR_PHY] RI = 2 i1 = 0.0.0, i2 = 1, SINR = 48 dB, CQI = 15
[0m[NR_PHY] RI = 2 i1 = 0.0.0, i2 = 1, SINR = 48 dB, CQI = 15
[0m[NR_PHY] RI = 2 i1 = 0.0.0, i2 = 1, SINR = 48 dB, CQI = 15
[0m[NR_PHY] RI = 2 i1 = 0.0.0, i2 = 1, SINR = 48 dB, CQI = 15
[0m[NR_PHY] RI = 2 i1 = 0.0.0, i2 = 1, SINR = 48 dB, CQI = 15
[0m[NR_PHY] RI = 2 i1 = 0.0.0, i2 = 1, SINR = 48 dB, CQI = 15
[0m[NR_PHY] RI = 2 i1 = 0.0.0, i2 = 1, SINR = 48 dB, CQI = 15
[0m[NR_PHY] RI = 2 i1 = 0.0.0, i2 = 1, SINR = 48 dB, CQI = 15
[0m[NR_PHY] RI = 2 i1 = 0.0.0, i2 = 1, SINR = 48 dB, CQI = 15
[0m[NR_PHY] RI = 2 i1 = 0.0.0, i2 = 1, SINR = 48 dB, CQI = 15
[0m[NR_PHY] RI = 2 i1 = 0.0.0, i2 = 1, SINR = 48 dB, CQI = 15
[0m[NR_PHY] RI = 2 i1 = 0.0.0, i2 = 1, SINR = 48 dB, CQI = 15
[0m[NR_PHY] RI = 2 i1 = 0.0.0, i2 = 1, SINR = 48 dB, CQI = 15
[0m[NR_PHY] RI = 2 i1 = 0.0.0, i2 = 1, SINR = 48 dB, CQI = 15
[0m[NR_PHY] RI = 2 i1 = 0.0.0, i2 = 1, SINR = 48 dB, CQI = 15
[0m[NR_PHY] RI = 2 i1 = 0.0.0, i2 = 1, SINR = 48 dB, CQI = 15
[0m[NR_PHY] RI = 2 i1 = 0.0.0, i2 = 1, SINR = 48 dB, CQI = 15
[0m[NR_PHY] RI = 2 i1 = 0.0.0, i2 = 1, SINR = 48 dB, CQI = 15
[0m[NR_PHY] RI = 2 i1 = 0.0.0, i2 = 1, SINR = 48 dB, CQI = 15
[0m[NR_PHY] RI = 2 i1 = 0.0.0, i2 = 1, SINR = 48 dB, CQI = 15
[0m[NR_PHY] RI = 2 i1 = 0.0.0, i2 = 1, SINR = 48 dB, CQI = 15
[0m[NR_PHY] RI = 2 i1 = 0.0.0, i2 = 1, SINR = 48 dB, CQI = 15
[0m[NR_PHY] RI = 2 i1 = 0.0.0, i2 = 1, SINR = 48 dB, CQI = 15
[0m[NR_PHY] RI = 2 i1 = 0.0.0, i2 = 1, SINR = 48 dB, CQI = 15
[0m[NR_PHY] RI = 2 i1 = 0.0.0, i2 = 1, SINR = 48 dB, CQI = 15
[0m[NR_PHY] RI = 2 i1 = 0.0.0, i2 = 1, SINR = 48 dB, CQI = 15
[0m[NR_PHY] RI = 2 i1 = 0.0.0, i2 = 1, SINR = 48 dB, CQI = 15
[0m[NR_PHY] RI = 2 i1 = 0.0.0, i2 = 1, SINR = 48 dB, CQI = 15
[0m[NR_PHY] RI = 2 i1 = 0.0.0, i2 = 1, SINR = 48 dB, CQI = 15
[0m[NR_PHY] RI = 2 i1 = 0.0.0, i2 = 1, SINR = 48 dB, CQI = 15
[0m[NR_PHY] RI = 2 i1 = 0.0.0, i2 = 1, SINR = 48 dB, CQI = 15
[0m[NR_PHY] RI = 2 i1 = 0.0.0, i2 = 1, SINR = 48 dB, CQI = 15
[0m[NR_PHY] RI = 2 i1 = 0.0.0, i2 = 1, SINR = 48 dB, CQI = 15
[0m[NR_PHY] RI = 2 i1 = 0.0.0, i2 = 1, SINR = 48 dB, CQI = 15
[0m[NR_PHY] RI = 2 i1 = 0.0.0, i2 = 1, SINR = 48 dB, CQI = 15
[0m[NR_PHY] RI = 2 i1 = 0.0.0, i2 = 1, SINR = 48 dB, CQI = 15
[0m[NR_PHY] RI = 2 i1 = 0.0.0, i2 = 1, SINR = 48 dB, CQI = 15
[0m[NR_PHY] RI = 2 i1 = 0.0.0, i2 = 1, SINR = 48 dB, CQI = 15
[0m[NR_MAC] UE 0 RNTI e66b stats sfn: 384.2, cumulated bad DCI 0
    DL harq: 27/0
    UL harq: 49/0 avg code rate 0.1, avg bit/symbol 2.0, avg per TB: (nb RBs 16.0, nb symbols 12.8)
[0m[NR_PHY] RI = 2 i1 = 0.0.0, i2 = 1, SINR = 48 dB, CQI = 15
[0m[NR_PHY] RI = 2 i1 = 0.0.0, i2 = 1, SINR = 48 dB, CQI = 15
[0m[NR_PHY] RI = 2 i1 = 0.0.0, i2 = 1, SINR = 48 dB, CQI = 15
[0m[NR_PHY] RI = 2 i1 = 0.0.0, i2 = 1, SINR = 48 dB, CQI = 15
[0m[NR_PHY] RI = 2 i1 = 0.0.0, i2 = 1, SINR = 48 dB, CQI = 15
[0m[NR_PHY] RI = 2 i1 = 0.0.0, i2 = 1, SINR = 48 dB, CQI = 15
[0m[NR_PHY] RI = 2 i1 = 0.0.0, i2 = 1, SINR = 48 dB, CQI = 15
[0m[NR_PHY] RI = 2 i1 = 0.0.0, i2 = 1, SINR = 48 dB, CQI = 15
[0m[NR_PHY] RI = 2 i1 = 0.0.0, i2 = 1, SINR = 48 dB, CQI = 15
[0m[NR_PHY] RI = 2 i1 = 0.0.0, i2 = 1, SINR = 48 dB, CQI = 15
[0m[NR_PHY] RI = 2 i1 = 0.0.0, i2 = 1, SINR = 48 dB, CQI = 15
[0m[NR_PHY] RI = 2 i1 = 0.0.0, i2 = 1, SINR = 48 dB, CQI = 15
[0m[NR_PHY] RI = 2 i1 = 0.0.0, i2 = 1, SINR = 48 dB, CQI = 15
[0m[NR_PHY] RI = 2 i1 = 0.0.0, i2 = 1, SINR = 48 dB, CQI = 15
[0m[NR_PHY] RI = 2 i1 = 0.0.0, i2 = 1, SINR = 48 dB, CQI = 15
[0m[NR_PHY] RI = 2 i1 = 0.0.0, i2 = 1, SINR = 48 dB, CQI = 15
[0m[NR_PHY] RI = 2 i1 = 0.0.0, i2 = 1, SINR = 48 dB, CQI = 15
[0m[NR_PHY] RI = 2 i1 = 0.0.0, i2 = 1, SINR = 48 dB, CQI = 15
[0m[NR_PHY] RI = 2 i1 = 0.0.0, i2 = 1, SINR = 48 dB, CQI = 15
[0m[NR_PHY] RI = 2 i1 = 0.0.0, i2 = 1, SINR = 48 dB, CQI = 15
[0m[NR_PHY] RI = 2 i1 = 0.0.0, i2 = 1, SINR = 48 dB, CQI = 15
[0m[NR_PHY] RI = 2 i1 = 0.0.0, i2 = 1, SINR = 48 dB, CQI = 15
[0m[NR_PHY] RI = 2 i1 = 0.0.0, i2 = 1, SINR = 48 dB, CQI = 15
[0m[NR_PHY] RI = 2 i1 = 0.0.0, i2 = 1, SINR = 48 dB, CQI = 15
[0m[NR_PHY] RI = 2 i1 = 0.0.0, i2 = 1, SINR = 48 dB, CQI = 15
[0m[NR_PHY] RI = 2 i1 = 0.0.0, i2 = 1, SINR = 48 dB, CQI = 15
[0m[NR_PHY] RI = 2 i1 = 0.0.0, i2 = 1, SINR = 48 dB, CQI = 15
[0m[NR_PHY] RI = 2 i1 = 0.0.0, i2 = 1, SINR = 48 dB, CQI = 15
[0m[NR_PHY] RI = 2 i1 = 0.0.0, i2 = 1, SINR = 48 dB, CQI = 15
[0m[NR_PHY] RI = 2 i1 = 0.0.0, i2 = 1, SINR = 48 dB, CQI = 15
[0m[NR_PHY] RI = 2 i1 = 0.0.0, i2 = 1, SINR = 48 dB, CQI = 15
[0m[NR_PHY] RI = 2 i1 = 0.0.0, i2 = 1, SINR = 48 dB, CQI = 15
[0m[NR_PHY] RI = 2 i1 = 0.0.0, i2 = 1, SINR = 48 dB, CQI = 15
[0m[NR_PHY] RI = 2 i1 = 0.0.0, i2 = 1, SINR = 48 dB, CQI = 15
[0m[NR_PHY] RI = 2 i1 = 0.0.0, i2 = 1, SINR = 48 dB, CQI = 15
[0m[NR_PHY] RI = 2 i1 = 0.0.0, i2 = 1, SINR = 48 dB, CQI = 15
[0m[NR_PHY] RI = 2 i1 = 0.0.0, i2 = 1, SINR = 48 dB, CQI = 15
[0m[NR_PHY] RI = 2 i1 = 0.0.0, i2 = 1, SINR = 48 dB, CQI = 15
[0m[NR_PHY] RI = 2 i1 = 0.0.0, i2 = 1, SINR = 48 dB, CQI = 15
[0m[NR_PHY] RI = 2 i1 = 0.0.0, i2 = 1, SINR = 48 dB, CQI = 15
[0m[NR_PHY] RI = 2 i1 = 0.0.0, i2 = 1, SINR = 48 dB, CQI = 15
[0m[NR_PHY] RI = 2 i1 = 0.0.0, i2 = 1, SINR = 48 dB, CQI = 15
[0m[NR_PHY] RI = 2 i1 = 0.0.0, i2 = 1, SINR = 48 dB, CQI = 15
[0m[NR_PHY] RI = 2 i1 = 0.0.0, i2 = 1, SINR = 48 dB, CQI = 15
[0m[NR_PHY] RI = 2 i1 = 0.0.0, i2 = 1, SINR = 48 dB, CQI = 15
[0m[NR_PHY] RI = 2 i1 = 0.0.0, i2 = 1, SINR = 48 dB, CQI = 15
[0m[NR_PHY] RI = 2 i1 = 0.0.0, i2 = 1, SINR = 48 dB, CQI = 15
[0m[NR_PHY] RI = 2 i1 = 0.0.0, i2 = 1, SINR = 48 dB, CQI = 15
[0m[NR_PHY] RI = 2 i1 = 0.0.0, i2 = 1, SINR = 48 dB, CQI = 15
[0m[NR_PHY] RI = 2 i1 = 0.0.0, i2 = 1, SINR = 48 dB, CQI = 15
[0m[NR_PHY] RI = 2 i1 = 0.0.0, i2 = 1, SINR = 48 dB, CQI = 15
[0m[NR_PHY] RI = 2 i1 = 0.0.0, i2 = 1, SINR = 48 dB, CQI = 15
[0m[NR_PHY] RI = 2 i1 = 0.0.0, i2 = 1, SINR = 48 dB, CQI = 15
[0m[NR_PHY] RI = 2 i1 = 0.0.0, i2 = 1, SINR = 48 dB, CQI = 15
[0m[NR_PHY] RI = 2 i1 = 0.0.0, i2 = 1, SINR = 48 dB, CQI = 15
[0m[NR_PHY] RI = 2 i1 = 0.0.0, i2 = 1, SINR = 48 dB, CQI = 15
[0m[NR_PHY] RI = 2 i1 = 0.0.0, i2 = 1, SINR = 48 dB, CQI = 15
[0m[NR_PHY] RI = 2 i1 = 0.0.0, i2 = 1, SINR = 48 dB, CQI = 15
[0m[NR_PHY] RI = 2 i1 = 0.0.0, i2 = 1, SINR = 48 dB, CQI = 15
[0m[NR_PHY] RI = 2 i1 = 0.0.0, i2 = 1, SINR = 48 dB, CQI = 15
[0m[NR_PHY] RI = 2 i1 = 0.0.0, i2 = 1, SINR = 48 dB, CQI = 15
[0m[NR_PHY] RI = 2 i1 = 0.0.0, i2 = 1, SINR = 48 dB, CQI = 15
[0m[NR_PHY] RI = 2 i1 = 0.0.0, i2 = 1, SINR = 48 dB, CQI = 15
[0m[NR_PHY] RI = 2 i1 = 0.0.0, i2 = 1, SINR = 48 dB, CQI = 15
[0m[NR_MAC] UE 0 RNTI e66b stats sfn: 512.2, cumulated bad DCI 0
    DL harq: 29/0
    UL harq: 62/0 avg code rate 0.1, avg bit/symbol 2.0, avg per TB: (nb RBs 16.0, nb symbols 12.8)
[0m[NR_PHY] RI = 2 i1 = 0.0.0, i2 = 1, SINR = 48 dB, CQI = 15
[0m[NR_PHY] RI = 2 i1 = 0.0.0, i2 = 1, SINR = 48 dB, CQI = 15
[0m[NR_PHY] RI = 2 i1 = 0.0.0, i2 = 1, SINR = 48 dB, CQI = 15
[0m[NR_PHY] RI = 2 i1 = 0.0.0, i2 = 1, SINR = 48 dB, CQI = 15
[0m[NR_PHY] RI = 2 i1 = 0.0.0, i2 = 1, SINR = 48 dB, CQI = 15
[0m[NR_PHY] RI = 2 i1 = 0.0.0, i2 = 1, SINR = 48 dB, CQI = 15
[0m[NR_PHY] RI = 2 i1 = 0.0.0, i2 = 1, SINR = 48 dB, CQI = 15
[0m[NR_PHY] RI = 2 i1 = 0.0.0, i2 = 1, SINR = 48 dB, CQI = 15
[0m[NR_PHY] RI = 2 i1 = 0.0.0, i2 = 1, SINR = 48 dB, CQI = 15
[0m[NR_PHY] RI = 2 i1 = 0.0.0, i2 = 1, SINR = 48 dB, CQI = 15
[0m[NR_PHY] RI = 2 i1 = 0.0.0, i2 = 1, SINR = 48 dB, CQI = 15
[0m[NR_PHY] RI = 2 i1 = 0.0.0, i2 = 1, SINR = 48 dB, CQI = 15
[0m[NR_PHY] RI = 2 i1 = 0.0.0, i2 = 1, SINR = 48 dB, CQI = 15
[0m[NR_PHY] RI = 2 i1 = 0.0.0, i2 = 1, SINR = 48 dB, CQI = 15
[0m[NR_PHY] RI = 2 i1 = 0.0.0, i2 = 1, SINR = 48 dB, CQI = 15
[0m[NR_PHY] RI = 2 i1 = 0.0.0, i2 = 1, SINR = 48 dB, CQI = 15
[0m[NR_PHY] RI = 2 i1 = 0.0.0, i2 = 1, SINR = 48 dB, CQI = 15
[0m[NR_PHY] RI = 2 i1 = 0.0.0, i2 = 1, SINR = 48 dB, CQI = 15
[0m[NR_PHY] RI = 2 i1 = 0.0.0, i2 = 1, SINR = 48 dB, CQI = 15
[0m[NR_PHY] RI = 2 i1 = 0.0.0, i2 = 1, SINR = 48 dB, CQI = 15
[0m[NR_PHY] RI = 2 i1 = 0.0.0, i2 = 1, SINR = 48 dB, CQI = 15
[0m[NR_PHY] RI = 2 i1 = 0.0.0, i2 = 1, SINR = 48 dB, CQI = 15
[0m[NR_PHY] RI = 2 i1 = 0.0.0, i2 = 1, SINR = 48 dB, CQI = 15
[0m[NR_PHY] RI = 2 i1 = 0.0.0, i2 = 1, SINR = 48 dB, CQI = 15
[0m[NR_PHY] RI = 2 i1 = 0.0.0, i2 = 1, SINR = 48 dB, CQI = 15
[0m[NR_PHY] RI = 2 i1 = 0.0.0, i2 = 1, SINR = 48 dB, CQI = 15
[0m[NR_PHY] RI = 2 i1 = 0.0.0, i2 = 1, SINR = 48 dB, CQI = 15
[0m[NR_PHY] RI = 2 i1 = 0.0.0, i2 = 1, SINR = 48 dB, CQI = 15
[0m[NR_PHY] RI = 2 i1 = 0.0.0, i2 = 1, SINR = 48 dB, CQI = 15
[0m[NR_PHY] RI = 2 i1 = 0.0.0, i2 = 1, SINR = 48 dB, CQI = 15
[0m[NR_PHY] RI = 2 i1 = 0.0.0, i2 = 1, SINR = 48 dB, CQI = 15
[0m[NR_PHY] RI = 2 i1 = 0.0.0, i2 = 1, SINR = 48 dB, CQI = 15
[0m[NR_PHY] RI = 2 i1 = 0.0.0, i2 = 1, SINR = 48 dB, CQI = 15
[0m[NR_PHY] RI = 2 i1 = 0.0.0, i2 = 1, SINR = 48 dB, CQI = 15
[0m[NR_PHY] RI = 2 i1 = 0.0.0, i2 = 1, SINR = 48 dB, CQI = 15
[0m[NR_PHY] RI = 2 i1 = 0.0.0, i2 = 1, SINR = 48 dB, CQI = 15
[0m[NR_PHY] RI = 2 i1 = 0.0.0, i2 = 1, SINR = 48 dB, CQI = 15
[0m[NR_PHY] RI = 2 i1 = 0.0.0, i2 = 1, SINR = 48 dB, CQI = 15
[0m[NR_PHY] RI = 2 i1 = 0.0.0, i2 = 1, SINR = 48 dB, CQI = 15
[0m[NR_PHY] RI = 2 i1 = 0.0.0, i2 = 1, SINR = 48 dB, CQI = 15
[0m[NR_PHY] RI = 2 i1 = 0.0.0, i2 = 1, SINR = 48 dB, CQI = 15
[0m[NR_PHY] RI = 2 i1 = 0.0.0, i2 = 1, SINR = 48 dB, CQI = 15
[0m[NR_PHY] RI = 2 i1 = 0.0.0, i2 = 1, SINR = 48 dB, CQI = 15
[0m[NR_PHY] RI = 2 i1 = 0.0.0, i2 = 1, SINR = 48 dB, CQI = 15
[0m[NR_PHY] RI = 2 i1 = 0.0.0, i2 = 1, SINR = 48 dB, CQI = 15
[0m[NR_PHY] RI = 2 i1 = 0.0.0, i2 = 1, SINR = 48 dB, CQI = 15
[0m[NR_PHY] RI = 2 i1 = 0.0.0, i2 = 1, SINR = 48 dB, CQI = 15
[0m[NR_PHY] RI = 2 i1 = 0.0.0, i2 = 1, SINR = 48 dB, CQI = 15
[0m[NR_PHY] RI = 2 i1 = 0.0.0, i2 = 1, SINR = 48 dB, CQI = 15
[0m[NR_PHY] RI = 2 i1 = 0.0.0, i2 = 1, SINR = 48 dB, CQI = 15
[0m[NR_PHY] RI = 2 i1 = 0.0.0, i2 = 1, SINR = 48 dB, CQI = 15
[0m[NR_PHY] RI = 2 i1 = 0.0.0, i2 = 1, SINR = 48 dB, CQI = 15
[0m[NR_PHY] RI = 2 i1 = 0.0.0, i2 = 1, SINR = 48 dB, CQI = 15
[0m[NR_PHY] RI = 2 i1 = 0.0.0, i2 = 1, SINR = 48 dB, CQI = 15
[0m[NR_PHY] RI = 2 i1 = 0.0.0, i2 = 1, SINR = 48 dB, CQI = 15
[0m[NR_PHY] RI = 2 i1 = 0.0.0, i2 = 1, SINR = 48 dB, CQI = 15
[0m[NR_PHY] RI = 2 i1 = 0.0.0, i2 = 1, SINR = 48 dB, CQI = 15
[0m[NR_PHY] RI = 2 i1 = 0.0.0, i2 = 1, SINR = 48 dB, CQI = 15
[0m[NR_PHY] RI = 2 i1 = 0.0.0, i2 = 1, SINR = 48 dB, CQI = 15
[0m[NR_PHY] RI = 2 i1 = 0.0.0, i2 = 1, SINR = 48 dB, CQI = 15
[0m[NR_PHY] RI = 2 i1 = 0.0.0, i2 = 1, SINR = 48 dB, CQI = 15
[0m[NR_PHY] RI = 2 i1 = 0.0.0, i2 = 1, SINR = 48 dB, CQI = 15
[0m[NR_PHY] RI = 2 i1 = 0.0.0, i2 = 1, SINR = 48 dB, CQI = 15
[0m[NR_PHY] RI = 2 i1 = 0.0.0, i2 = 1, SINR = 48 dB, CQI = 15
[0m[NR_MAC] UE 0 RNTI e66b stats sfn: 640.2, cumulated bad DCI 0
    DL harq: 31/0
    UL harq: 76/0 avg code rate 0.1, avg bit/symbol 2.0, avg per TB: (nb RBs 16.0, nb symbols 12.9)
[0m[NR_PHY] RI = 2 i1 = 0.0.0, i2 = 1, SINR = 48 dB, CQI = 15
[0m[NR_PHY] RI = 2 i1 = 0.0.0, i2 = 1, SINR = 48 dB, CQI = 15
[0m[NR_PHY] RI = 2 i1 = 0.0.0, i2 = 1, SINR = 48 dB, CQI = 15
[0m[NR_PHY] RI = 2 i1 = 0.0.0, i2 = 1, SINR = 48 dB, CQI = 15
[0m[NR_PHY] RI = 2 i1 = 0.0.0, i2 = 1, SINR = 48 dB, CQI = 15
[0m[NR_PHY] RI = 2 i1 = 0.0.0, i2 = 1, SINR = 48 dB, CQI = 15
[0m[NR_PHY] RI = 2 i1 = 0.0.0, i2 = 1, SINR = 48 dB, CQI = 15
[0m[NR_PHY] RI = 2 i1 = 0.0.0, i2 = 1, SINR = 48 dB, CQI = 15
[0m[NR_PHY] RI = 2 i1 = 0.0.0, i2 = 1, SINR = 48 dB, CQI = 15
[0m[NR_PHY] RI = 2 i1 = 0.0.0, i2 = 1, SINR = 48 dB, CQI = 15
[0m[NR_PHY] RI = 2 i1 = 0.0.0, i2 = 1, SINR = 48 dB, CQI = 15
[0m[NR_PHY] RI = 2 i1 = 0.0.0, i2 = 1, SINR = 48 dB, CQI = 15
[0m[NR_PHY] RI = 2 i1 = 0.0.0, i2 = 1, SINR = 48 dB, CQI = 15
[0m[NR_PHY] RI = 2 i1 = 0.0.0, i2 = 1, SINR = 48 dB, CQI = 15
[0m[NR_PHY] RI = 2 i1 = 0.0.0, i2 = 1, SINR = 48 dB, CQI = 15
[0m[NR_PHY] RI = 2 i1 = 0.0.0, i2 = 1, SINR = 48 dB, CQI = 15
[0m[NR_PHY] RI = 2 i1 = 0.0.0, i2 = 1, SINR = 48 dB, CQI = 15
[0m[NR_PHY] RI = 2 i1 = 0.0.0, i2 = 1, SINR = 48 dB, CQI = 15
[0m[NR_PHY] RI = 2 i1 = 0.0.0, i2 = 1, SINR = 48 dB, CQI = 15
[0m[NR_PHY] RI = 2 i1 = 0.0.0, i2 = 1, SINR = 48 dB, CQI = 15
[0m[NR_PHY] RI = 2 i1 = 0.0.0, i2 = 1, SINR = 48 dB, CQI = 15
[0m[NR_PHY] RI = 2 i1 = 0.0.0, i2 = 1, SINR = 48 dB, CQI = 15
[0m[NR_PHY] RI = 2 i1 = 0.0.0, i2 = 1, SINR = 48 dB, CQI = 15
[0m[NR_PHY] RI = 2 i1 = 0.0.0, i2 = 1, SINR = 48 dB, CQI = 15
[0m[NR_PHY] RI = 2 i1 = 0.0.0, i2 = 1, SINR = 48 dB, CQI = 15
[0m[NR_PHY] RI = 2 i1 = 0.0.0, i2 = 1, SINR = 48 dB, CQI = 15
[0m[NR_PHY] RI = 2 i1 = 0.0.0, i2 = 1, SINR = 48 dB, CQI = 15
[0m[NR_PHY] RI = 2 i1 = 0.0.0, i2 = 1, SINR = 48 dB, CQI = 15
[0m[NR_PHY] RI = 2 i1 = 0.0.0, i2 = 1, SINR = 48 dB, CQI = 15
[0m[NR_PHY] RI = 2 i1 = 0.0.0, i2 = 1, SINR = 48 dB, CQI = 15
[0m[NR_PHY] RI = 2 i1 = 0.0.0, i2 = 1, SINR = 48 dB, CQI = 15
[0m[NR_PHY] RI = 2 i1 = 0.0.0, i2 = 1, SINR = 48 dB, CQI = 15
[0m[NR_PHY] RI = 2 i1 = 0.0.0, i2 = 1, SINR = 48 dB, CQI = 15
[0m[NR_PHY] RI = 2 i1 = 0.0.0, i2 = 1, SINR = 48 dB, CQI = 15
[0m[NR_PHY] RI = 2 i1 = 0.0.0, i2 = 1, SINR = 48 dB, CQI = 15
[0m[NR_PHY] RI = 2 i1 = 0.0.0, i2 = 1, SINR = 48 dB, CQI = 15
[0m[NR_PHY] RI = 2 i1 = 0.0.0, i2 = 1, SINR = 48 dB, CQI = 15
[0m[NR_PHY] RI = 2 i1 = 0.0.0, i2 = 1, SINR = 48 dB, CQI = 15
[0m[NR_PHY] RI = 2 i1 = 0.0.0, i2 = 1, SINR = 48 dB, CQI = 15
[0m[NR_PHY] RI = 2 i1 = 0.0.0, i2 = 1, SINR = 48 dB, CQI = 15
[0m[NR_PHY] RI = 2 i1 = 0.0.0, i2 = 1, SINR = 48 dB, CQI = 15
[0m[NR_PHY] RI = 2 i1 = 0.0.0, i2 = 1, SINR = 48 dB, CQI = 15
[0m[NR_PHY] RI = 2 i1 = 0.0.0, i2 = 1, SINR = 48 dB, CQI = 15
[0m[NR_PHY] RI = 2 i1 = 0.0.0, i2 = 1, SINR = 48 dB, CQI = 15
[0m[NR_PHY] RI = 2 i1 = 0.0.0, i2 = 1, SINR = 48 dB, CQI = 15
[0m[NR_PHY] RI = 2 i1 = 0.0.0, i2 = 1, SINR = 48 dB, CQI = 15
[0m[NR_PHY] RI = 2 i1 = 0.0.0, i2 = 1, SINR = 48 dB, CQI = 15
[0m[NR_PHY] RI = 2 i1 = 0.0.0, i2 = 1, SINR = 48 dB, CQI = 15
[0m[NR_PHY] RI = 2 i1 = 0.0.0, i2 = 1, SINR = 48 dB, CQI = 15
[0m[NR_PHY] RI = 2 i1 = 0.0.0, i2 = 1, SINR = 48 dB, CQI = 15
[0m[NR_PHY] RI = 2 i1 = 0.0.0, i2 = 1, SINR = 48 dB, CQI = 15
[0m[NR_PHY] RI = 2 i1 = 0.0.0, i2 = 1, SINR = 48 dB, CQI = 15
[0m[NR_PHY] RI = 2 i1 = 0.0.0, i2 = 1, SINR = 48 dB, CQI = 15
[0m[NR_PHY] RI = 2 i1 = 0.0.0, i2 = 1, SINR = 48 dB, CQI = 15
[0m[NR_PHY] RI = 2 i1 = 0.0.0, i2 = 1, SINR = 48 dB, CQI = 15
[0m[NR_PHY] RI = 2 i1 = 0.0.0, i2 = 1, SINR = 48 dB, CQI = 15
[0m[NR_PHY] RI = 2 i1 = 0.0.0, i2 = 1, SINR = 48 dB, CQI = 15
[0m[NR_PHY] RI = 2 i1 = 0.0.0, i2 = 1, SINR = 48 dB, CQI = 15
[0m[NR_PHY] RI = 2 i1 = 0.0.0, i2 = 1, SINR = 48 dB, CQI = 15
[0m[NR_PHY] RI = 2 i1 = 0.0.0, i2 = 1, SINR = 48 dB, CQI = 15
[0m[NR_PHY] RI = 2 i1 = 0.0.0, i2 = 1, SINR = 48 dB, CQI = 15
[0m[NR_PHY] RI = 2 i1 = 0.0.0, i2 = 1, SINR = 48 dB, CQI = 15
[0m[NR_PHY] RI = 2 i1 = 0.0.0, i2 = 1, SINR = 48 dB, CQI = 15
[0m[NR_PHY] RI = 2 i1 = 0.0.0, i2 = 1, SINR = 48 dB, CQI = 15
[0m[NR_MAC] UE 0 RNTI e66b stats sfn: 768.2, cumulated bad DCI 0
    DL harq: 32/0
    UL harq: 89/0 avg code rate 0.1, avg bit/symbol 2.0, avg per TB: (nb RBs 16.0, nb symbols 12.9)
[0m[NR_PHY] RI = 2 i1 = 0.0.0, i2 = 1, SINR = 48 dB, CQI = 15
[0m[NR_PHY] RI = 2 i1 = 0.0.0, i2 = 1, SINR = 48 dB, CQI = 15
[0m[NR_PHY] RI = 2 i1 = 0.0.0, i2 = 1, SINR = 48 dB, CQI = 15
[0m[NR_PHY] RI = 2 i1 = 0.0.0, i2 = 1, SINR = 48 dB, CQI = 15
[0m[NR_PHY] RI = 2 i1 = 0.0.0, i2 = 1, SINR = 48 dB, CQI = 15
[0m[NR_PHY] RI = 2 i1 = 0.0.0, i2 = 1, SINR = 48 dB, CQI = 15
[0m[NR_PHY] RI = 2 i1 = 0.0.0, i2 = 1, SINR = 48 dB, CQI = 15
[0m[NR_PHY] RI = 2 i1 = 0.0.0, i2 = 1, SINR = 48 dB, CQI = 15
[0m[NR_PHY] RI = 2 i1 = 0.0.0, i2 = 1, SINR = 48 dB, CQI = 15
[0m[NR_PHY] RI = 2 i1 = 0.0.0, i2 = 1, SINR = 48 dB, CQI = 15
[0m[NR_PHY] RI = 2 i1 = 0.0.0, i2 = 1, SINR = 48 dB, CQI = 15
[0m[NR_PHY] RI = 2 i1 = 0.0.0, i2 = 1, SINR = 48 dB, CQI = 15
[0m[NR_PHY] RI = 2 i1 = 0.0.0, i2 = 1, SINR = 48 dB, CQI = 15
[0m[NR_PHY] RI = 2 i1 = 0.0.0, i2 = 1, SINR = 48 dB, CQI = 15
[0m[NR_PHY] RI = 2 i1 = 0.0.0, i2 = 1, SINR = 48 dB, CQI = 15
[0m[NR_PHY] RI = 2 i1 = 0.0.0, i2 = 1, SINR = 48 dB, CQI = 15
[0m[NR_PHY] RI = 2 i1 = 0.0.0, i2 = 1, SINR = 48 dB, CQI = 15
[0m[NR_PHY] RI = 2 i1 = 0.0.0, i2 = 1, SINR = 48 dB, CQI = 15
[0m[NR_PHY] RI = 2 i1 = 0.0.0, i2 = 1, SINR = 48 dB, CQI = 15
[0m[NR_PHY] RI = 2 i1 = 0.0.0, i2 = 1, SINR = 48 dB, CQI = 15
[0m[NR_PHY] RI = 2 i1 = 0.0.0, i2 = 1, SINR = 48 dB, CQI = 15
[0m[NR_PHY] RI = 2 i1 = 0.0.0, i2 = 1, SINR = 48 dB, CQI = 15
[0m[NR_PHY] RI = 2 i1 = 0.0.0, i2 = 1, SINR = 48 dB, CQI = 15
[0m[NR_PHY] RI = 2 i1 = 0.0.0, i2 = 1, SINR = 48 dB, CQI = 15
[0m[NR_PHY] RI = 2 i1 = 0.0.0, i2 = 1, SINR = 48 dB, CQI = 15
[0m[NR_PHY] RI = 2 i1 = 0.0.0, i2 = 1, SINR = 48 dB, CQI = 15
[0m[NR_PHY] RI = 2 i1 = 0.0.0, i2 = 1, SINR = 48 dB, CQI = 15
[0m[NR_PHY] RI = 2 i1 = 0.0.0, i2 = 1, SINR = 48 dB, CQI = 15
[0m[NR_PHY] RI = 2 i1 = 0.0.0, i2 = 1, SINR = 48 dB, CQI = 15
[0m[NR_PHY] RI = 2 i1 = 0.0.0, i2 = 1, SINR = 48 dB, CQI = 15
[0m[NR_PHY] RI = 2 i1 = 0.0.0, i2 = 1, SINR = 48 dB, CQI = 15
[0m[NR_PHY] RI = 2 i1 = 0.0.0, i2 = 1, SINR = 48 dB, CQI = 15
[0m[NR_PHY] RI = 2 i1 = 0.0.0, i2 = 1, SINR = 48 dB, CQI = 15
[0m[NR_PHY] RI = 2 i1 = 0.0.0, i2 = 1, SINR = 48 dB, CQI = 15
[0m[NR_PHY] RI = 2 i1 = 0.0.0, i2 = 1, SINR = 48 dB, CQI = 15
[0m[NR_PHY] RI = 2 i1 = 0.0.0, i2 = 1, SINR = 48 dB, CQI = 15
[0m[NR_PHY] RI = 2 i1 = 0.0.0, i2 = 1, SINR = 48 dB, CQI = 15
[0m[NR_PHY] RI = 2 i1 = 0.0.0, i2 = 1, SINR = 48 dB, CQI = 15
[0m[NR_PHY] RI = 2 i1 = 0.0.0, i2 = 1, SINR = 48 dB, CQI = 15
[0m[NR_PHY] RI = 2 i1 = 0.0.0, i2 = 1, SINR = 48 dB, CQI = 15
[0m[NR_PHY] RI = 2 i1 = 0.0.0, i2 = 1, SINR = 48 dB, CQI = 15
[0m[NR_PHY] RI = 2 i1 = 0.0.0, i2 = 1, SINR = 48 dB, CQI = 15
[0m[NR_PHY] RI = 2 i1 = 0.0.0, i2 = 1, SINR = 48 dB, CQI = 15
[0m[NR_PHY] RI = 2 i1 = 0.0.0, i2 = 1, SINR = 48 dB, CQI = 15
[0m[NR_PHY] RI = 2 i1 = 0.0.0, i2 = 1, SINR = 48 dB, CQI = 15
[0m[NR_PHY] RI = 2 i1 = 0.0.0, i2 = 1, SINR = 48 dB, CQI = 15
[0m[NR_PHY] RI = 2 i1 = 0.0.0, i2 = 1, SINR = 48 dB, CQI = 15
[0m[NR_PHY] RI = 2 i1 = 0.0.0, i2 = 1, SINR = 48 dB, CQI = 15
[0m[NR_PHY] RI = 2 i1 = 0.0.0, i2 = 1, SINR = 48 dB, CQI = 15
[0m[NR_PHY] RI = 2 i1 = 0.0.0, i2 = 1, SINR = 48 dB, CQI = 15
[0m[NR_PHY] RI = 2 i1 = 0.0.0, i2 = 1, SINR = 48 dB, CQI = 15
[0m[NR_PHY] RI = 2 i1 = 0.0.0, i2 = 1, SINR = 48 dB, CQI = 15
[0m[NR_PHY] RI = 2 i1 = 0.0.0, i2 = 1, SINR = 48 dB, CQI = 15
[0m[NR_PHY] RI = 2 i1 = 0.0.0, i2 = 1, SINR = 48 dB, CQI = 15
[0m[NR_PHY] RI = 2 i1 = 0.0.0, i2 = 1, SINR = 48 dB, CQI = 15
[0m[NR_PHY] RI = 2 i1 = 0.0.0, i2 = 1, SINR = 48 dB, CQI = 15
[0m[NR_PHY] RI = 2 i1 = 0.0.0, i2 = 1, SINR = 48 dB, CQI = 15
[0m[NR_PHY] RI = 2 i1 = 0.0.0, i2 = 1, SINR = 48 dB, CQI = 15
[0m[NR_PHY] RI = 2 i1 = 0.0.0, i2 = 1, SINR = 48 dB, CQI = 15
[0m[NR_PHY] RI = 2 i1 = 0.0.0, i2 = 1, SINR = 48 dB, CQI = 15
[0m[NR_PHY] RI = 2 i1 = 0.0.0, i2 = 1, SINR = 48 dB, CQI = 15
[0m[NR_PHY] RI = 2 i1 = 0.0.0, i2 = 1, SINR = 48 dB, CQI = 15
[0m[NR_PHY] RI = 2 i1 = 0.0.0, i2 = 1, SINR = 48 dB, CQI = 15
[0m[NR_PHY] RI = 2 i1 = 0.0.0, i2 = 1, SINR = 48 dB, CQI = 15
[0m[NR_MAC] UE 0 RNTI e66b stats sfn: 896.2, cumulated bad DCI 0
    DL harq: 33/0
    UL harq: 102/0 avg code rate 0.1, avg bit/symbol 2.0, avg per TB: (nb RBs 16.0, nb symbols 12.9)
[0m[NR_PHY] RI = 2 i1 = 0.0.0, i2 = 1, SINR = 48 dB, CQI = 15
[0m[NR_PHY] RI = 2 i1 = 0.0.0, i2 = 1, SINR = 48 dB, CQI = 15
[0m[NR_PHY] RI = 2 i1 = 0.0.0, i2 = 1, SINR = 48 dB, CQI = 15
[0m[NR_PHY] RI = 2 i1 = 0.0.0, i2 = 1, SINR = 48 dB, CQI = 15
[0m[NR_PHY] RI = 2 i1 = 0.0.0, i2 = 1, SINR = 48 dB, CQI = 15
[0m[NR_PHY] RI = 2 i1 = 0.0.0, i2 = 1, SINR = 48 dB, CQI = 15
[0m[NR_PHY] RI = 2 i1 = 0.0.0, i2 = 1, SINR = 48 dB, CQI = 15
[0m[NR_PHY] RI = 2 i1 = 0.0.0, i2 = 1, SINR = 48 dB, CQI = 15
[0m[NR_PHY] RI = 2 i1 = 0.0.0, i2 = 1, SINR = 48 dB, CQI = 15
[0m[NR_PHY] RI = 2 i1 = 0.0.0, i2 = 1, SINR = 48 dB, CQI = 15
[0m[NR_PHY] RI = 2 i1 = 0.0.0, i2 = 1, SINR = 48 dB, CQI = 15
[0m[NR_PHY] RI = 2 i1 = 0.0.0, i2 = 1, SINR = 48 dB, CQI = 15
[0m[NR_PHY] RI = 2 i1 = 0.0.0, i2 = 1, SINR = 48 dB, CQI = 15
[0m[NR_PHY] RI = 2 i1 = 0.0.0, i2 = 1, SINR = 48 dB, CQI = 15
[0m[NR_PHY] RI = 2 i1 = 0.0.0, i2 = 1, SINR = 48 dB, CQI = 15
[0m[NR_PHY] RI = 2 i1 = 0.0.0, i2 = 1, SINR = 48 dB, CQI = 15
[0m[NR_PHY] RI = 2 i1 = 0.0.0, i2 = 1, SINR = 48 dB, CQI = 15
[0m[NR_PHY] RI = 2 i1 = 0.0.0, i2 = 1, SINR = 48 dB, CQI = 15
[0m[NR_PHY] RI = 2 i1 = 0.0.0, i2 = 1, SINR = 48 dB, CQI = 15
[0m[NR_PHY] RI = 2 i1 = 0.0.0, i2 = 1, SINR = 48 dB, CQI = 15
[0m[NR_PHY] RI = 2 i1 = 0.0.0, i2 = 1, SINR = 48 dB, CQI = 15
[0m[NR_PHY] RI = 2 i1 = 0.0.0, i2 = 1, SINR = 48 dB, CQI = 15
[0m[NR_PHY] RI = 2 i1 = 0.0.0, i2 = 1, SINR = 48 dB, CQI = 15
[0m[NR_PHY] RI = 2 i1 = 0.0.0, i2 = 1, SINR = 48 dB, CQI = 15
[0m[NR_PHY] RI = 2 i1 = 0.0.0, i2 = 1, SINR = 48 dB, CQI = 15
[0m[NR_PHY] RI = 2 i1 = 0.0.0, i2 = 1, SINR = 48 dB, CQI = 15
[0m[NR_PHY] RI = 2 i1 = 0.0.0, i2 = 1, SINR = 48 dB, CQI = 15
[0m[NR_PHY] RI = 2 i1 = 0.0.0, i2 = 1, SINR = 48 dB, CQI = 15
[0m[NR_PHY] RI = 2 i1 = 0.0.0, i2 = 1, SINR = 48 dB, CQI = 15
[0m[NR_PHY] RI = 2 i1 = 0.0.0, i2 = 1, SINR = 48 dB, CQI = 15
[0m[NR_PHY] RI = 2 i1 = 0.0.0, i2 = 1, SINR = 48 dB, CQI = 15
[0m[NR_PHY] RI = 2 i1 = 0.0.0, i2 = 1, SINR = 48 dB, CQI = 15
[0m[NR_PHY] RI = 2 i1 = 0.0.0, i2 = 1, SINR = 48 dB, CQI = 15
[0m[NR_PHY] RI = 2 i1 = 0.0.0, i2 = 1, SINR = 48 dB, CQI = 15
[0m[NR_PHY] RI = 2 i1 = 0.0.0, i2 = 1, SINR = 48 dB, CQI = 15
[0m[NR_PHY] RI = 2 i1 = 0.0.0, i2 = 1, SINR = 48 dB, CQI = 15
[0m[NR_PHY] RI = 2 i1 = 0.0.0, i2 = 1, SINR = 48 dB, CQI = 15
[0m[NR_PHY] RI = 2 i1 = 0.0.0, i2 = 1, SINR = 48 dB, CQI = 15
[0m[NR_PHY] RI = 2 i1 = 0.0.0, i2 = 1, SINR = 48 dB, CQI = 15
[0m[NR_PHY] RI = 2 i1 = 0.0.0, i2 = 1, SINR = 48 dB, CQI = 15
[0m[NR_PHY] RI = 2 i1 = 0.0.0, i2 = 1, SINR = 48 dB, CQI = 15
[0m[NR_PHY] RI = 2 i1 = 0.0.0, i2 = 1, SINR = 48 dB, CQI = 15
[0m[NR_PHY] RI = 2 i1 = 0.0.0, i2 = 1, SINR = 48 dB, CQI = 15
[0m[NR_PHY] RI = 2 i1 = 0.0.0, i2 = 1, SINR = 48 dB, CQI = 15
[0m[NR_PHY] RI = 2 i1 = 0.0.0, i2 = 1, SINR = 48 dB, CQI = 15
[0m[NR_PHY] RI = 2 i1 = 0.0.0, i2 = 1, SINR = 48 dB, CQI = 15
[0m[NR_PHY] RI = 2 i1 = 0.0.0, i2 = 1, SINR = 48 dB, CQI = 15
[0m[NR_PHY] RI = 2 i1 = 0.0.0, i2 = 1, SINR = 48 dB, CQI = 15
[0m[NR_PHY] RI = 2 i1 = 0.0.0, i2 = 1, SINR = 48 dB, CQI = 15
[0m[NR_PHY] RI = 2 i1 = 0.0.0, i2 = 1, SINR = 48 dB, CQI = 15
[0m[NR_PHY] RI = 2 i1 = 0.0.0, i2 = 1, SINR = 48 dB, CQI = 15
[0m[NR_PHY] RI = 2 i1 = 0.0.0, i2 = 1, SINR = 48 dB, CQI = 15
[0m[NR_PHY] RI = 2 i1 = 0.0.0, i2 = 1, SINR = 48 dB, CQI = 15
[0m[NR_PHY] RI = 2 i1 = 0.0.0, i2 = 1, SINR = 48 dB, CQI = 15
[0m[NR_PHY] RI = 2 i1 = 0.0.0, i2 = 1, SINR = 48 dB, CQI = 15
[0m[NR_PHY] RI = 2 i1 = 0.0.0, i2 = 1, SINR = 48 dB, CQI = 15
[0m[NR_PHY] RI = 2 i1 = 0.0.0, i2 = 1, SINR = 48 dB, CQI = 15
[0m[NR_PHY] RI = 2 i1 = 0.0.0, i2 = 1, SINR = 48 dB, CQI = 15
[0m[NR_PHY] RI = 2 i1 = 0.0.0, i2 = 1, SINR = 48 dB, CQI = 15
[0m[NR_PHY] RI = 2 i1 = 0.0.0, i2 = 1, SINR = 48 dB, CQI = 15
[0m[NR_PHY] RI = 2 i1 = 0.0.0, i2 = 1, SINR = 48 dB, CQI = 15
[0m[NR_PHY] RI = 2 i1 = 0.0.0, i2 = 1, SINR = 48 dB, CQI = 15
[0m[NR_PHY] RI = 2 i1 = 0.0.0, i2 = 1, SINR = 48 dB, CQI = 15
[0m[NR_PHY] RI = 2 i1 = 0.0.0, i2 = 1, SINR = 48 dB, CQI = 15
[0m[NR_MAC] UE 0 RNTI e66b stats sfn: 0.2, cumulated bad DCI 0
    DL harq: 56/0
    UL harq: 543/0 avg code rate 0.4, avg bit/symbol 2.3, avg per TB: (nb RBs 16.8, nb symbols 13.0)
[0m[NR_PHY] RI = 2 i1 = 0.0.0, i2 = 1, SINR = 48 dB, CQI = 15
[0m[NR_PHY] RI = 2 i1 = 0.0.0, i2 = 1, SINR = 48 dB, CQI = 15
[0m[NR_PHY] RI = 2 i1 = 0.0.0, i2 = 1, SINR = 48 dB, CQI = 15
[0m[NR_PHY] RI = 2 i1 = 0.0.0, i2 = 1, SINR = 48 dB, CQI = 15
[0m[NR_PHY] RI = 2 i1 = 0.0.0, i2 = 1, SINR = 48 dB, CQI = 15
[0m[NR_PHY] RI = 2 i1 = 0.0.0, i2 = 1, SINR = 48 dB, CQI = 15
[0m[NR_PHY] RI = 2 i1 = 0.0.0, i2 = 1, SINR = 48 dB, CQI = 15
[0m[NR_PHY] RI = 2 i1 = 0.0.0, i2 = 1, SINR = 48 dB, CQI = 15
[0m[NR_PHY] RI = 2 i1 = 0.0.0, i2 = 1, SINR = 48 dB, CQI = 15
[0m[NR_PHY] RI = 2 i1 = 0.0.0, i2 = 1, SINR = 48 dB, CQI = 15
[0m[NR_PHY] RI = 2 i1 = 0.0.0, i2 = 1, SINR = 48 dB, CQI = 15
[0m[NR_PHY] RI = 2 i1 = 0.0.0, i2 = 1, SINR = 48 dB, CQI = 15
[0m[NR_PHY] RI = 2 i1 = 0.0.0, i2 = 1, SINR = 48 dB, CQI = 15
[0m[NR_PHY] RI = 2 i1 = 0.0.0, i2 = 1, SINR = 48 dB, CQI = 15
[0m[NR_PHY] RI = 2 i1 = 0.0.0, i2 = 1, SINR = 48 dB, CQI = 15
[0m[NR_PHY] RI = 2 i1 = 0.0.0, i2 = 1, SINR = 48 dB, CQI = 15
[0m[NR_PHY] RI = 2 i1 = 0.0.0, i2 = 1, SINR = 48 dB, CQI = 15
[0m[NR_PHY] RI = 2 i1 = 0.0.0, i2 = 1, SINR = 48 dB, CQI = 15
[0m[NR_PHY] RI = 2 i1 = 0.0.0, i2 = 1, SINR = 48 dB, CQI = 15
[0m[NR_PHY] RI = 2 i1 = 0.0.0, i2 = 1, SINR = 48 dB, CQI = 15
[0m[NR_PHY] RI = 2 i1 = 0.0.0, i2 = 1, SINR = 48 dB, CQI = 15
[0m[NR_PHY] RI = 2 i1 = 0.0.0, i2 = 1, SINR = 48 dB, CQI = 15
[0m[NR_PHY] RI = 2 i1 = 0.0.0, i2 = 1, SINR = 48 dB, CQI = 15
[0m[NR_PHY] RI = 2 i1 = 0.0.0, i2 = 1, SINR = 48 dB, CQI = 15
[0m[NR_PHY] RI = 2 i1 = 0.0.0, i2 = 1, SINR = 48 dB, CQI = 15
[0m[NR_PHY] RI = 2 i1 = 0.0.0, i2 = 1, SINR = 48 dB, CQI = 15
[0m[NR_PHY] RI = 2 i1 = 0.0.0, i2 = 1, SINR = 48 dB, CQI = 15
[0m[NR_PHY] RI = 2 i1 = 0.0.0, i2 = 1, SINR = 48 dB, CQI = 15
[0m[NR_PHY] RI = 2 i1 = 0.0.0, i2 = 1, SINR = 48 dB, CQI = 15
[0m[NR_PHY] RI = 2 i1 = 0.0.0, i2 = 1, SINR = 48 dB, CQI = 15
[0m[NR_PHY] RI = 2 i1 = 0.0.0, i2 = 1, SINR = 48 dB, CQI = 15
[0m[NR_PHY] RI = 2 i1 = 0.0.0, i2 = 1, SINR = 48 dB, CQI = 15
[0m[NR_PHY] RI = 2 i1 = 0.0.0, i2 = 1, SINR = 48 dB, CQI = 15
[0m[NR_PHY] RI = 2 i1 = 0.0.0, i2 = 1, SINR = 48 dB, CQI = 15
[0m[NR_PHY] RI = 2 i1 = 0.0.0, i2 = 1, SINR = 48 dB, CQI = 15
[0m[NR_PHY] RI = 2 i1 = 0.0.0, i2 = 1, SINR = 48 dB, CQI = 15
[0m[NR_PHY] RI = 2 i1 = 0.0.0, i2 = 1, SINR = 48 dB, CQI = 15
[0m[NR_PHY] RI = 2 i1 = 0.0.0, i2 = 1, SINR = 48 dB, CQI = 15
[0m[NR_PHY] RI = 2 i1 = 0.0.0, i2 = 1, SINR = 48 dB, CQI = 15
[0m[NR_PHY] RI = 2 i1 = 0.0.0, i2 = 1, SINR = 48 dB, CQI = 15
[0m[NR_PHY] RI = 2 i1 = 0.0.0, i2 = 1, SINR = 48 dB, CQI = 15
[0m[NR_PHY] RI = 2 i1 = 0.0.0, i2 = 1, SINR = 48 dB, CQI = 15
[0m[NR_PHY] RI = 2 i1 = 0.0.0, i2 = 1, SINR = 48 dB, CQI = 15
[0m[NR_PHY] RI = 2 i1 = 0.0.0, i2 = 1, SINR = 48 dB, CQI = 15
[0m[NR_PHY] RI = 2 i1 = 0.0.0, i2 = 1, SINR = 48 dB, CQI = 15
[0m[NR_PHY] RI = 2 i1 = 0.0.0, i2 = 1, SINR = 48 dB, CQI = 15
[0m[NR_PHY] RI = 2 i1 = 0.0.0, i2 = 1, SINR = 48 dB, CQI = 15
[0m[NR_PHY] RI = 2 i1 = 0.0.0, i2 = 1, SINR = 48 dB, CQI = 15
[0m[NR_PHY] RI = 2 i1 = 0.0.0, i2 = 1, SINR = 48 dB, CQI = 15
[0m[NR_PHY] RI = 2 i1 = 0.0.0, i2 = 1, SINR = 48 dB, CQI = 15
[0m[NR_PHY] RI = 2 i1 = 0.0.0, i2 = 1, SINR = 48 dB, CQI = 15
[0m[NR_PHY] RI = 2 i1 = 0.0.0, i2 = 1, SINR = 48 dB, CQI = 15
[0m[NR_PHY] RI = 2 i1 = 0.0.0, i2 = 1, SINR = 48 dB, CQI = 15
[0m[NR_PHY] RI = 2 i1 = 0.0.0, i2 = 1, SINR = 48 dB, CQI = 15
[0m[NR_PHY] RI = 2 i1 = 0.0.0, i2 = 1, SINR = 48 dB, CQI = 15
[0m[NR_PHY] RI = 2 i1 = 0.0.0, i2 = 1, SINR = 48 dB, CQI = 15
[0m[NR_PHY] RI = 2 i1 = 0.0.0, i2 = 1, SINR = 48 dB, CQI = 15
[0m[NR_PHY] RI = 2 i1 = 0.0.0, i2 = 1, SINR = 48 dB, CQI = 15
[0m[NR_PHY] RI = 2 i1 = 0.0.0, i2 = 1, SINR = 48 dB, CQI = 15
[0m[NR_PHY] RI = 2 i1 = 0.0.0, i2 = 1, SINR = 48 dB, CQI = 15
[0m[NR_PHY] RI = 2 i1 = 0.0.0, i2 = 1, SINR = 48 dB, CQI = 15
[0m[NR_PHY] RI = 2 i1 = 0.0.0, i2 = 1, SINR = 48 dB, CQI = 15
[0m[NR_PHY] RI = 2 i1 = 0.0.0, i2 = 1, SINR = 48 dB, CQI = 15
[0m[NR_PHY] RI = 2 i1 = 0.0.0, i2 = 1, SINR = 48 dB, CQI = 15
[0m[NR_MAC] UE 0 RNTI e66b stats sfn: 128.2, cumulated bad DCI 0
    DL harq: 72/0
    UL harq: 1035/20 avg code rate 0.5, avg bit/symbol 4.1, avg per TB: (nb RBs 16.9, nb symbols 13.0)
[0m[NR_PHY] RI = 2 i1 = 0.0.0, i2 = 1, SINR = 48 dB, CQI = 15
[0m[NR_PHY] RI = 2 i1 = 0.0.0, i2 = 1, SINR = 48 dB, CQI = 15
[0m[NR_PHY] RI = 2 i1 = 0.0.0, i2 = 1, SINR = 48 dB, CQI = 15
[0m[NR_PHY] RI = 2 i1 = 0.0.0, i2 = 1, SINR = 48 dB, CQI = 15
[0m[NR_PHY] RI = 2 i1 = 0.0.0, i2 = 1, SINR = 48 dB, CQI = 15
[0m[NR_PHY] RI = 2 i1 = 0.0.0, i2 = 1, SINR = 48 dB, CQI = 15
[0m[NR_PHY] RI = 2 i1 = 0.0.0, i2 = 1, SINR = 48 dB, CQI = 15
[0m[NR_PHY] RI = 2 i1 = 0.0.0, i2 = 1, SINR = 48 dB, CQI = 15
[0m[NR_PHY] RI = 2 i1 = 0.0.0, i2 = 1, SINR = 48 dB, CQI = 15
[0m[NR_PHY] RI = 2 i1 = 0.0.0, i2 = 1, SINR = 48 dB, CQI = 15
[0m[NR_PHY] RI = 2 i1 = 0.0.0, i2 = 1, SINR = 48 dB, CQI = 15
[0m[NR_PHY] RI = 2 i1 = 0.0.0, i2 = 1, SINR = 48 dB, CQI = 15
[0m[NR_PHY] RI = 2 i1 = 0.0.0, i2 = 1, SINR = 48 dB, CQI = 15
[0m[NR_PHY] RI = 2 i1 = 0.0.0, i2 = 1, SINR = 48 dB, CQI = 15
[0m[NR_PHY] RI = 2 i1 = 0.0.0, i2 = 1, SINR = 48 dB, CQI = 15
[0m[NR_PHY] RI = 2 i1 = 0.0.0, i2 = 1, SINR = 48 dB, CQI = 15
[0m[NR_PHY] RI = 2 i1 = 0.0.0, i2 = 1, SINR = 48 dB, CQI = 15
[0m[NR_PHY] RI = 2 i1 = 0.0.0, i2 = 1, SINR = 48 dB, CQI = 15
[0m[NR_PHY] RI = 2 i1 = 0.0.0, i2 = 1, SINR = 48 dB, CQI = 15
[0m[NR_PHY] RI = 2 i1 = 0.0.0, i2 = 1, SINR = 48 dB, CQI = 15
[0m[NR_PHY] RI = 2 i1 = 0.0.0, i2 = 1, SINR = 48 dB, CQI = 15
[0m[NR_PHY] RI = 2 i1 = 0.0.0, i2 = 1, SINR = 48 dB, CQI = 15
[0m[NR_PHY] RI = 2 i1 = 0.0.0, i2 = 1, SINR = 48 dB, CQI = 15
[0m[NR_PHY] RI = 2 i1 = 0.0.0, i2 = 1, SINR = 48 dB, CQI = 15
[0m[NR_PHY] RI = 2 i1 = 0.0.0, i2 = 1, SINR = 48 dB, CQI = 15
[0m[NR_PHY] RI = 2 i1 = 0.0.0, i2 = 1, SINR = 48 dB, CQI = 15
[0m[NR_PHY] RI = 2 i1 = 0.0.0, i2 = 1, SINR = 48 dB, CQI = 15
[0m[NR_PHY] RI = 2 i1 = 0.0.0, i2 = 1, SINR = 48 dB, CQI = 15
[0m[NR_PHY] RI = 2 i1 = 0.0.0, i2 = 1, SINR = 48 dB, CQI = 15
[0m[NR_PHY] RI = 2 i1 = 0.0.0, i2 = 1, SINR = 48 dB, CQI = 15
[0m[NR_PHY] RI = 2 i1 = 0.0.0, i2 = 1, SINR = 48 dB, CQI = 15
[0m[NR_PHY] RI = 2 i1 = 0.0.0, i2 = 1, SINR = 48 dB, CQI = 15
[0m[NR_PHY] RI = 2 i1 = 0.0.0, i2 = 1, SINR = 48 dB, CQI = 15
[0m[NR_PHY] RI = 2 i1 = 0.0.0, i2 = 1, SINR = 48 dB, CQI = 15
[0m[NR_PHY] RI = 2 i1 = 0.0.0, i2 = 1, SINR = 48 dB, CQI = 15
[0m[NR_PHY] RI = 2 i1 = 0.0.0, i2 = 1, SINR = 48 dB, CQI = 15
[0m[NR_PHY] RI = 2 i1 = 0.0.0, i2 = 1, SINR = 48 dB, CQI = 15
[0m[NR_PHY] RI = 2 i1 = 0.0.0, i2 = 1, SINR = 48 dB, CQI = 15
[0m[NR_PHY] RI = 2 i1 = 0.0.0, i2 = 1, SINR = 48 dB, CQI = 15
[0m[NR_PHY] RI = 2 i1 = 0.0.0, i2 = 1, SINR = 48 dB, CQI = 15
[0m[NR_PHY] RI = 2 i1 = 0.0.0, i2 = 1, SINR = 48 dB, CQI = 15
[0m[NR_PHY] RI = 2 i1 = 0.0.0, i2 = 1, SINR = 48 dB, CQI = 15
[0m[NR_PHY] RI = 2 i1 = 0.0.0, i2 = 1, SINR = 48 dB, CQI = 15
[0m[NR_PHY] RI = 2 i1 = 0.0.0, i2 = 1, SINR = 48 dB, CQI = 15
[0m[NR_PHY] RI = 2 i1 = 0.0.0, i2 = 1, SINR = 48 dB, CQI = 15
[0m[NR_PHY] RI = 2 i1 = 0.0.0, i2 = 1, SINR = 48 dB, CQI = 15
[0m[NR_PHY] RI = 2 i1 = 0.0.0, i2 = 1, SINR = 48 dB, CQI = 15
[0m[NR_PHY] RI = 2 i1 = 0.0.0, i2 = 1, SINR = 48 dB, CQI = 15
[0m[NR_PHY] RI = 2 i1 = 0.0.0, i2 = 1, SINR = 48 dB, CQI = 15
[0m[NR_PHY] RI = 2 i1 = 0.0.0, i2 = 1, SINR = 48 dB, CQI = 15
[0m[NR_PHY] RI = 2 i1 = 0.0.0, i2 = 1, SINR = 48 dB, CQI = 15
[0m[NR_PHY] RI = 2 i1 = 0.0.0, i2 = 1, SINR = 48 dB, CQI = 15
[0m[NR_PHY] RI = 2 i1 = 0.0.0, i2 = 1, SINR = 48 dB, CQI = 15
[0m[NR_PHY] RI = 2 i1 = 0.0.0, i2 = 1, SINR = 48 dB, CQI = 15
[0m[NR_PHY] RI = 2 i1 = 0.0.0, i2 = 1, SINR = 48 dB, CQI = 15
[0m[NR_PHY] RI = 2 i1 = 0.0.0, i2 = 1, SINR = 48 dB, CQI = 15
[0m[NR_PHY] RI = 2 i1 = 0.0.0, i2 = 1, SINR = 48 dB, CQI = 15
[0m[NR_PHY] RI = 2 i1 = 0.0.0, i2 = 1, SINR = 48 dB, CQI = 15
[0m[NR_PHY] RI = 2 i1 = 0.0.0, i2 = 1, SINR = 48 dB, CQI = 15
[0m[NR_PHY] RI = 2 i1 = 0.0.0, i2 = 1, SINR = 48 dB, CQI = 15
[0m[NR_PHY] RI = 2 i1 = 0.0.0, i2 = 1, SINR = 48 dB, CQI = 15
[0m[NR_PHY] RI = 2 i1 = 0.0.0, i2 = 1, SINR = 48 dB, CQI = 15
[0m[NR_PHY] RI = 2 i1 = 0.0.0, i2 = 1, SINR = 48 dB, CQI = 15
[0m[NR_PHY] RI = 2 i1 = 0.0.0, i2 = 1, SINR = 48 dB, CQI = 15
[0m[NR_MAC] UE 0 RNTI e66b stats sfn: 256.2, cumulated bad DCI 0
    DL harq: 89/0
    UL harq: 1480/87 avg code rate 0.6, avg bit/symbol 4.9, avg per TB: (nb RBs 16.9, nb symbols 13.0)
[0m[NR_PHY] RI = 2 i1 = 0.0.0, i2 = 1, SINR = 48 dB, CQI = 15
[0m[NR_PHY] RI = 2 i1 = 0.0.0, i2 = 1, SINR = 48 dB, CQI = 15
[0m[NR_PHY] RI = 2 i1 = 0.0.0, i2 = 1, SINR = 48 dB, CQI = 15
[0m[NR_PHY] RI = 2 i1 = 0.0.0, i2 = 1, SINR = 48 dB, CQI = 15
[0m[NR_PHY] RI = 2 i1 = 0.0.0, i2 = 1, SINR = 48 dB, CQI = 15
[0m[NR_PHY] RI = 2 i1 = 0.0.0, i2 = 1, SINR = 48 dB, CQI = 15
[0m[NR_PHY] RI = 2 i1 = 0.0.0, i2 = 1, SINR = 48 dB, CQI = 15
[0m[NR_PHY] RI = 2 i1 = 0.0.0, i2 = 1, SINR = 48 dB, CQI = 15
[0m[NR_PHY] RI = 2 i1 = 0.0.0, i2 = 1, SINR = 48 dB, CQI = 15
[0m[NR_PHY] RI = 2 i1 = 0.0.0, i2 = 1, SINR = 48 dB, CQI = 15
[0m[NR_PHY] RI = 2 i1 = 0.0.0, i2 = 1, SINR = 48 dB, CQI = 15
[0m[NR_PHY] RI = 2 i1 = 0.0.0, i2 = 1, SINR = 48 dB, CQI = 15
[0m[NR_PHY] RI = 2 i1 = 0.0.0, i2 = 1, SINR = 48 dB, CQI = 15
[0m[NR_PHY] RI = 2 i1 = 0.0.0, i2 = 1, SINR = 48 dB, CQI = 15
[0m[NR_PHY] RI = 2 i1 = 0.0.0, i2 = 1, SINR = 48 dB, CQI = 15
[0m[NR_PHY] RI = 2 i1 = 0.0.0, i2 = 1, SINR = 48 dB, CQI = 15
[0m[NR_PHY] RI = 2 i1 = 0.0.0, i2 = 1, SINR = 48 dB, CQI = 15
[0m[NR_PHY] RI = 2 i1 = 0.0.0, i2 = 1, SINR = 48 dB, CQI = 15
[0m[NR_PHY] RI = 2 i1 = 0.0.0, i2 = 1, SINR = 48 dB, CQI = 15
[0m[NR_PHY] RI = 2 i1 = 0.0.0, i2 = 1, SINR = 48 dB, CQI = 15
[0m[NR_PHY] RI = 2 i1 = 0.0.0, i2 = 1, SINR = 48 dB, CQI = 15
[0m[NR_PHY] RI = 2 i1 = 0.0.0, i2 = 1, SINR = 48 dB, CQI = 15
[0m[NR_PHY] RI = 2 i1 = 0.0.0, i2 = 1, SINR = 48 dB, CQI = 15
[0m[NR_PHY] RI = 2 i1 = 0.0.0, i2 = 0, SINR = 0 dB, CQI = 0
[0m[NR_PHY] RI = 2 i1 = 0.0.0, i2 = 1, SINR = 48 dB, CQI = 15
[0m[NR_PHY] RI = 2 i1 = 0.0.0, i2 = 1, SINR = 48 dB, CQI = 15
[0m[NR_PHY] RI = 2 i1 = 0.0.0, i2 = 1, SINR = 48 dB, CQI = 15
[0m[NR_PHY] RI = 2 i1 = 0.0.0, i2 = 1, SINR = 48 dB, CQI = 15
[0m[NR_PHY] RI = 2 i1 = 0.0.0, i2 = 1, SINR = 48 dB, CQI = 15
[0m[NR_PHY] RI = 2 i1 = 0.0.0, i2 = 1, SINR = 48 dB, CQI = 15
[0m[NR_PHY] RI = 2 i1 = 0.0.0, i2 = 1, SINR = 48 dB, CQI = 15
[0m[NR_PHY] RI = 2 i1 = 0.0.0, i2 = 1, SINR = 48 dB, CQI = 15
[0m[NR_PHY] RI = 2 i1 = 0.0.0, i2 = 1, SINR = 48 dB, CQI = 15
[0m[NR_PHY] RI = 2 i1 = 0.0.0, i2 = 1, SINR = 48 dB, CQI = 15
[0m[NR_PHY] RI = 2 i1 = 0.0.0, i2 = 1, SINR = 48 dB, CQI = 15
[0m[NR_PHY] RI = 2 i1 = 0.0.0, i2 = 1, SINR = 48 dB, CQI = 15
[0m[NR_PHY] RI = 2 i1 = 0.0.0, i2 = 1, SINR = 48 dB, CQI = 15
[0m[NR_PHY] RI = 2 i1 = 0.0.0, i2 = 1, SINR = 48 dB, CQI = 15
[0m[NR_PHY] RI = 2 i1 = 0.0.0, i2 = 1, SINR = 48 dB, CQI = 15
[0m[NR_PHY] RI = 2 i1 = 0.0.0, i2 = 1, SINR = 48 dB, CQI = 15
[0m[NR_PHY] RI = 2 i1 = 0.0.0, i2 = 1, SINR = 48 dB, CQI = 15
[0m[NR_PHY] RI = 2 i1 = 0.0.0, i2 = 1, SINR = 48 dB, CQI = 15
[0m[NR_PHY] RI = 2 i1 = 0.0.0, i2 = 1, SINR = 48 dB, CQI = 15
[0m[NR_PHY] RI = 2 i1 = 0.0.0, i2 = 1, SINR = 48 dB, CQI = 15
[0m[NR_PHY] RI = 2 i1 = 0.0.0, i2 = 1, SINR = 48 dB, CQI = 15
[0m[NR_PHY] RI = 2 i1 = 0.0.0, i2 = 1, SINR = 48 dB, CQI = 15
[0m[NR_PHY] RI = 2 i1 = 0.0.0, i2 = 1, SINR = 48 dB, CQI = 15
[0m[NR_PHY] RI = 2 i1 = 0.0.0, i2 = 1, SINR = 48 dB, CQI = 15
[0m[NR_PHY] RI = 2 i1 = 0.0.0, i2 = 1, SINR = 48 dB, CQI = 15
[0m[NR_PHY] RI = 2 i1 = 0.0.0, i2 = 1, SINR = 48 dB, CQI = 15
[0m[NR_PHY] RI = 2 i1 = 0.0.0, i2 = 1, SINR = 48 dB, CQI = 15
[0m[NR_PHY] RI = 2 i1 = 0.0.0, i2 = 1, SINR = 48 dB, CQI = 15
[0m[NR_PHY] RI = 2 i1 = 0.0.0, i2 = 1, SINR = 48 dB, CQI = 15
[0m[NR_PHY] RI = 2 i1 = 0.0.0, i2 = 1, SINR = 48 dB, CQI = 15
[0m[NR_PHY] RI = 2 i1 = 0.0.0, i2 = 1, SINR = 48 dB, CQI = 15
[0m[NR_PHY] RI = 2 i1 = 0.0.0, i2 = 1, SINR = 48 dB, CQI = 15
[0m[NR_PHY] RI = 2 i1 = 0.0.0, i2 = 1, SINR = 48 dB, CQI = 15
[0m[NR_PHY] RI = 2 i1 = 0.0.0, i2 = 1, SINR = 48 dB, CQI = 15
[0m[NR_PHY] RI = 2 i1 = 0.0.0, i2 = 1, SINR = 48 dB, CQI = 15
[0m[NR_PHY] RI = 2 i1 = 0.0.0, i2 = 1, SINR = 48 dB, CQI = 15
[0m[NR_PHY] RI = 2 i1 = 0.0.0, i2 = 1, SINR = 48 dB, CQI = 15
[0m[NR_PHY] RI = 2 i1 = 0.0.0, i2 = 1, SINR = 48 dB, CQI = 15
[0m[NR_PHY] RI = 2 i1 = 0.0.0, i2 = 1, SINR = 48 dB, CQI = 15
[0m[NR_PHY] RI = 2 i1 = 0.0.0, i2 = 1, SINR = 48 dB, CQI = 15
[0m[NR_MAC] UE 0 RNTI e66b stats sfn: 384.2, cumulated bad DCI 0
    DL harq: 108/0
    UL harq: 1956/120 avg code rate 0.6, avg bit/symbol 5.2, avg per TB: (nb RBs 16.9, nb symbols 13.0)
[0m[NR_PHY] RI = 2 i1 = 0.0.0, i2 = 1, SINR = 48 dB, CQI = 15
[0m[NR_PHY] RI = 2 i1 = 0.0.0, i2 = 1, SINR = 48 dB, CQI = 15
[0m[NR_PHY] RI = 2 i1 = 0.0.0, i2 = 1, SINR = 48 dB, CQI = 15
[0m[NR_PHY] RI = 2 i1 = 0.0.0, i2 = 1, SINR = 48 dB, CQI = 15
[0m[NR_PHY] RI = 2 i1 = 0.0.0, i2 = 1, SINR = 48 dB, CQI = 15
[0m[NR_PHY] RI = 2 i1 = 0.0.0, i2 = 1, SINR = 48 dB, CQI = 15
[0m[NR_PHY] RI = 2 i1 = 0.0.0, i2 = 1, SINR = 48 dB, CQI = 15
[0m[NR_PHY] RI = 2 i1 = 0.0.0, i2 = 1, SINR = 48 dB, CQI = 15
[0m[NR_PHY] RI = 2 i1 = 0.0.0, i2 = 1, SINR = 48 dB, CQI = 15
[0m[NR_PHY] RI = 2 i1 = 0.0.0, i2 = 1, SINR = 48 dB, CQI = 15
[0m[NR_PHY] RI = 2 i1 = 0.0.0, i2 = 1, SINR = 48 dB, CQI = 15
[0m[NR_PHY] RI = 2 i1 = 0.0.0, i2 = 1, SINR = 48 dB, CQI = 15
[0m[NR_PHY] RI = 2 i1 = 0.0.0, i2 = 1, SINR = 48 dB, CQI = 15
[0m[NR_PHY] RI = 2 i1 = 0.0.0, i2 = 1, SINR = 48 dB, CQI = 15
[0m[NR_PHY] RI = 2 i1 = 0.0.0, i2 = 1, SINR = 48 dB, CQI = 15
[0m[NR_PHY] RI = 2 i1 = 0.0.0, i2 = 1, SINR = 48 dB, CQI = 15
[0m[NR_PHY] RI = 2 i1 = 0.0.0, i2 = 1, SINR = 48 dB, CQI = 15
[0m[NR_PHY] RI = 2 i1 = 0.0.0, i2 = 1, SINR = 48 dB, CQI = 15
[0m[NR_PHY] RI = 2 i1 = 0.0.0, i2 = 1, SINR = 48 dB, CQI = 15
[0m[NR_PHY] RI = 2 i1 = 0.0.0, i2 = 1, SINR = 48 dB, CQI = 15
[0m[NR_PHY] RI = 2 i1 = 0.0.0, i2 = 1, SINR = 48 dB, CQI = 15
[0m[NR_PHY] RI = 2 i1 = 0.0.0, i2 = 1, SINR = 48 dB, CQI = 15
[0m[NR_PHY] RI = 2 i1 = 0.0.0, i2 = 1, SINR = 48 dB, CQI = 15
[0m[NR_PHY] RI = 2 i1 = 0.0.0, i2 = 1, SINR = 48 dB, CQI = 15
[0m[NR_PHY] RI = 2 i1 = 0.0.0, i2 = 1, SINR = 48 dB, CQI = 15
[0m[NR_PHY] RI = 2 i1 = 0.0.0, i2 = 1, SINR = 48 dB, CQI = 15
[0m[NR_PHY] RI = 2 i1 = 0.0.0, i2 = 1, SINR = 48 dB, CQI = 15
[0m[NR_PHY] RI = 2 i1 = 0.0.0, i2 = 1, SINR = 48 dB, CQI = 15
[0m[NR_PHY] RI = 2 i1 = 0.0.0, i2 = 1, SINR = 48 dB, CQI = 15
[0m[NR_PHY] RI = 2 i1 = 0.0.0, i2 = 1, SINR = 48 dB, CQI = 15
[0m[NR_PHY] RI = 2 i1 = 0.0.0, i2 = 1, SINR = 48 dB, CQI = 15
[0m[NR_PHY] RI = 2 i1 = 0.0.0, i2 = 1, SINR = 48 dB, CQI = 15
[0m[NR_PHY] RI = 2 i1 = 0.0.0, i2 = 1, SINR = 48 dB, CQI = 15
[0m[NR_PHY] RI = 2 i1 = 0.0.0, i2 = 1, SINR = 48 dB, CQI = 15
[0m[NR_PHY] RI = 2 i1 = 0.0.0, i2 = 1, SINR = 48 dB, CQI = 15
[0m[NR_PHY] RI = 2 i1 = 0.0.0, i2 = 1, SINR = 48 dB, CQI = 15
[0m[NR_PHY] RI = 2 i1 = 0.0.0, i2 = 1, SINR = 48 dB, CQI = 15
[0m[NR_PHY] RI = 2 i1 = 0.0.0, i2 = 1, SINR = 48 dB, CQI = 15
[0m[NR_PHY] RI = 2 i1 = 0.0.0, i2 = 1, SINR = 48 dB, CQI = 15
[0m[NR_PHY] RI = 2 i1 = 0.0.0, i2 = 1, SINR = 48 dB, CQI = 15
[0m[NR_PHY] RI = 2 i1 = 0.0.0, i2 = 1, SINR = 48 dB, CQI = 15
[0m[NR_PHY] RI = 2 i1 = 0.0.0, i2 = 1, SINR = 48 dB, CQI = 15
[0m[NR_PHY] RI = 2 i1 = 0.0.0, i2 = 1, SINR = 48 dB, CQI = 15
[0m[NR_PHY] RI = 2 i1 = 0.0.0, i2 = 1, SINR = 48 dB, CQI = 15
[0m[NR_PHY] RI = 2 i1 = 0.0.0, i2 = 1, SINR = 48 dB, CQI = 15
[0m[NR_PHY] RI = 2 i1 = 0.0.0, i2 = 1, SINR = 48 dB, CQI = 15
[0m[NR_PHY] RI = 2 i1 = 0.0.0, i2 = 1, SINR = 48 dB, CQI = 15
[0m[NR_PHY] RI = 2 i1 = 0.0.0, i2 = 1, SINR = 48 dB, CQI = 15
[0m[NR_PHY] RI = 2 i1 = 0.0.0, i2 = 1, SINR = 48 dB, CQI = 15
[0m[NR_PHY] RI = 2 i1 = 0.0.0, i2 = 1, SINR = 48 dB, CQI = 15
[0m[NR_PHY] RI = 2 i1 = 0.0.0, i2 = 1, SINR = 48 dB, CQI = 15
[0m[NR_PHY] RI = 2 i1 = 0.0.0, i2 = 1, SINR = 48 dB, CQI = 15
[0m[NR_PHY] RI = 2 i1 = 0.0.0, i2 = 1, SINR = 48 dB, CQI = 15
[0m[NR_PHY] RI = 2 i1 = 0.0.0, i2 = 1, SINR = 48 dB, CQI = 15
[0m[NR_PHY] RI = 2 i1 = 0.0.0, i2 = 1, SINR = 48 dB, CQI = 15
[0m[NR_PHY] RI = 2 i1 = 0.0.0, i2 = 1, SINR = 48 dB, CQI = 15
[0m[NR_PHY] RI = 2 i1 = 0.0.0, i2 = 1, SINR = 48 dB, CQI = 15
[0m[NR_PHY] RI = 2 i1 = 0.0.0, i2 = 1, SINR = 48 dB, CQI = 15
[0m[NR_PHY] RI = 2 i1 = 0.0.0, i2 = 1, SINR = 48 dB, CQI = 15
[0m[NR_PHY] RI = 2 i1 = 0.0.0, i2 = 1, SINR = 48 dB, CQI = 15
[0m[NR_PHY] RI = 2 i1 = 0.0.0, i2 = 1, SINR = 48 dB, CQI = 15
[0m[NR_PHY] RI = 2 i1 = 0.0.0, i2 = 1, SINR = 48 dB, CQI = 15
[0m[NR_PHY] RI = 2 i1 = 0.0.0, i2 = 1, SINR = 48 dB, CQI = 15
[0m[NR_PHY] RI = 2 i1 = 0.0.0, i2 = 1, SINR = 48 dB, CQI = 15
[0m[NR_MAC] UE 0 RNTI e66b stats sfn: 512.2, cumulated bad DCI 0
    DL harq: 126/0
    UL harq: 2432/156 avg code rate 0.6, avg bit/symbol 5.4, avg per TB: (nb RBs 17.0, nb symbols 13.0)
[0m[NR_PHY] RI = 2 i1 = 0.0.0, i2 = 1, SINR = 48 dB, CQI = 15
[0m[NR_PHY] RI = 2 i1 = 0.0.0, i2 = 1, SINR = 48 dB, CQI = 15
[0m[NR_PHY] RI = 2 i1 = 0.0.0, i2 = 1, SINR = 48 dB, CQI = 15
[0m[NR_PHY] RI = 2 i1 = 0.0.0, i2 = 1, SINR = 48 dB, CQI = 15
[0m[NR_PHY] RI = 2 i1 = 0.0.0, i2 = 1, SINR = 48 dB, CQI = 15
[0m[NR_PHY] RI = 2 i1 = 0.0.0, i2 = 1, SINR = 48 dB, CQI = 15
[0m[NR_PHY] RI = 2 i1 = 0.0.0, i2 = 1, SINR = 48 dB, CQI = 15
[0m[NR_PHY] RI = 2 i1 = 0.0.0, i2 = 1, SINR = 48 dB, CQI = 15
[0m[NR_PHY] RI = 2 i1 = 0.0.0, i2 = 1, SINR = 48 dB, CQI = 15
[0m[NR_PHY] RI = 2 i1 = 0.0.0, i2 = 1, SINR = 48 dB, CQI = 15
[0m[NR_PHY] RI = 2 i1 = 0.0.0, i2 = 1, SINR = 48 dB, CQI = 15
[0m[NR_PHY] RI = 2 i1 = 0.0.0, i2 = 1, SINR = 48 dB, CQI = 15
[0m[NR_PHY] RI = 2 i1 = 0.0.0, i2 = 1, SINR = 48 dB, CQI = 15
[0m[NR_PHY] RI = 2 i1 = 0.0.0, i2 = 1, SINR = 48 dB, CQI = 15
[0m[NR_PHY] RI = 2 i1 = 0.0.0, i2 = 1, SINR = 48 dB, CQI = 15
[0m[NR_PHY] RI = 2 i1 = 0.0.0, i2 = 1, SINR = 48 dB, CQI = 15
[0m[NR_PHY] RI = 2 i1 = 0.0.0, i2 = 1, SINR = 48 dB, CQI = 15
[0m[NR_PHY] RI = 2 i1 = 0.0.0, i2 = 1, SINR = 48 dB, CQI = 15
[0m[NR_PHY] RI = 2 i1 = 0.0.0, i2 = 1, SINR = 48 dB, CQI = 15
[0m[NR_PHY] RI = 2 i1 = 0.0.0, i2 = 1, SINR = 48 dB, CQI = 15
[0m[NR_PHY] RI = 2 i1 = 0.0.0, i2 = 1, SINR = 48 dB, CQI = 15
[0m[NR_PHY] RI = 2 i1 = 0.0.0, i2 = 1, SINR = 48 dB, CQI = 15
[0m[NR_PHY] RI = 2 i1 = 0.0.0, i2 = 1, SINR = 48 dB, CQI = 15
[0m[NR_PHY] RI = 2 i1 = 0.0.0, i2 = 1, SINR = 48 dB, CQI = 15
[0m[NR_PHY] RI = 2 i1 = 0.0.0, i2 = 1, SINR = 48 dB, CQI = 15
[0m[NR_PHY] RI = 2 i1 = 0.0.0, i2 = 1, SINR = 48 dB, CQI = 15
[0m[NR_PHY] RI = 2 i1 = 0.0.0, i2 = 1, SINR = 48 dB, CQI = 15
[0m[NR_PHY] RI = 2 i1 = 0.0.0, i2 = 1, SINR = 48 dB, CQI = 15
[0m[NR_PHY] RI = 2 i1 = 0.0.0, i2 = 1, SINR = 48 dB, CQI = 15
[0m[NR_PHY] RI = 2 i1 = 0.0.0, i2 = 1, SINR = 48 dB, CQI = 15
[0m[NR_PHY] RI = 2 i1 = 0.0.0, i2 = 1, SINR = 48 dB, CQI = 15
[0m[NR_PHY] RI = 2 i1 = 0.0.0, i2 = 1, SINR = 48 dB, CQI = 15
[0m[NR_PHY] RI = 2 i1 = 0.0.0, i2 = 1, SINR = 48 dB, CQI = 15
[0m[NR_PHY] RI = 2 i1 = 0.0.0, i2 = 1, SINR = 48 dB, CQI = 15
[0m[NR_PHY] RI = 2 i1 = 0.0.0, i2 = 1, SINR = 48 dB, CQI = 15
[0m[NR_PHY] RI = 2 i1 = 0.0.0, i2 = 1, SINR = 48 dB, CQI = 15
[0m[NR_PHY] RI = 2 i1 = 0.0.0, i2 = 1, SINR = 48 dB, CQI = 15
[0m[NR_PHY] RI = 2 i1 = 0.0.0, i2 = 1, SINR = 48 dB, CQI = 15
[0m[NR_PHY] RI = 2 i1 = 0.0.0, i2 = 1, SINR = 48 dB, CQI = 15
[0m[NR_PHY] RI = 2 i1 = 0.0.0, i2 = 1, SINR = 48 dB, CQI = 15
[0m[NR_PHY] RI = 2 i1 = 0.0.0, i2 = 1, SINR = 48 dB, CQI = 15
[0m[NR_PHY] RI = 2 i1 = 0.0.0, i2 = 1, SINR = 48 dB, CQI = 15
[0m[NR_PHY] RI = 2 i1 = 0.0.0, i2 = 1, SINR = 48 dB, CQI = 15
[0m[NR_PHY] RI = 2 i1 = 0.0.0, i2 = 1, SINR = 48 dB, CQI = 15
[0m[NR_PHY] RI = 2 i1 = 0.0.0, i2 = 1, SINR = 48 dB, CQI = 15
[0m[NR_PHY] RI = 2 i1 = 0.0.0, i2 = 1, SINR = 48 dB, CQI = 15
[0m[NR_PHY] RI = 2 i1 = 0.0.0, i2 = 1, SINR = 48 dB, CQI = 15
[0m[NR_PHY] RI = 2 i1 = 0.0.0, i2 = 1, SINR = 48 dB, CQI = 15
[0m[NR_PHY] RI = 2 i1 = 0.0.0, i2 = 1, SINR = 48 dB, CQI = 15
[0m[NR_PHY] RI = 2 i1 = 0.0.0, i2 = 1, SINR = 48 dB, CQI = 15
[0m[NR_PHY] RI = 2 i1 = 0.0.0, i2 = 1, SINR = 48 dB, CQI = 15
[0m[NR_PHY] RI = 2 i1 = 0.0.0, i2 = 1, SINR = 48 dB, CQI = 15
[0m[NR_PHY] RI = 2 i1 = 0.0.0, i2 = 1, SINR = 48 dB, CQI = 15
[0m[NR_PHY] RI = 2 i1 = 0.0.0, i2 = 1, SINR = 48 dB, CQI = 15
[0m[NR_PHY] RI = 2 i1 = 0.0.0, i2 = 1, SINR = 48 dB, CQI = 15
[0m[NR_PHY] RI = 2 i1 = 0.0.0, i2 = 1, SINR = 48 dB, CQI = 15
[0m[NR_PHY] RI = 2 i1 = 0.0.0, i2 = 1, SINR = 48 dB, CQI = 15
[0m[NR_PHY] RI = 2 i1 = 0.0.0, i2 = 1, SINR = 48 dB, CQI = 15
[0m[NR_PHY] RI = 2 i1 = 0.0.0, i2 = 1, SINR = 48 dB, CQI = 15
[0m[NR_PHY] RI = 2 i1 = 0.0.0, i2 = 1, SINR = 48 dB, CQI = 15
[0m[NR_PHY] RI = 2 i1 = 0.0.0, i2 = 1, SINR = 48 dB, CQI = 15
[0m[NR_PHY] RI = 2 i1 = 0.0.0, i2 = 1, SINR = 48 dB, CQI = 15
[0m[NR_PHY] RI = 2 i1 = 0.0.0, i2 = 1, SINR = 48 dB, CQI = 15
[0m[NR_PHY] RI = 2 i1 = 0.0.0, i2 = 1, SINR = 48 dB, CQI = 15
[0m[NR_MAC] UE 0 RNTI e66b stats sfn: 640.2, cumulated bad DCI 0
    DL harq: 142/1
    UL harq: 2889/211 avg code rate 0.6, avg bit/symbol 5.5, avg per TB: (nb RBs 17.0, nb symbols 13.0)
[0m[NR_PHY] RI = 2 i1 = 0.0.0, i2 = 1, SINR = 48 dB, CQI = 15
[0m[NR_PHY] RI = 2 i1 = 0.0.0, i2 = 1, SINR = 48 dB, CQI = 15
[0m[NR_PHY] RI = 2 i1 = 0.0.0, i2 = 1, SINR = 48 dB, CQI = 15
[0m[NR_PHY] RI = 2 i1 = 0.0.0, i2 = 1, SINR = 48 dB, CQI = 15
[0m[NR_PHY] RI = 2 i1 = 0.0.0, i2 = 1, SINR = 48 dB, CQI = 15
[0m[NR_PHY] RI = 2 i1 = 0.0.0, i2 = 1, SINR = 48 dB, CQI = 15
[0m[NR_PHY] RI = 2 i1 = 0.0.0, i2 = 1, SINR = 48 dB, CQI = 15
[0m[NR_PHY] RI = 2 i1 = 0.0.0, i2 = 1, SINR = 48 dB, CQI = 15
[0m[NR_PHY] RI = 2 i1 = 0.0.0, i2 = 1, SINR = 48 dB, CQI = 15
[0m[NR_PHY] RI = 2 i1 = 0.0.0, i2 = 1, SINR = 48 dB, CQI = 15
[0m[NR_PHY] RI = 2 i1 = 0.0.0, i2 = 1, SINR = 48 dB, CQI = 15
[0m[NR_PHY] RI = 2 i1 = 0.0.0, i2 = 1, SINR = 48 dB, CQI = 15
[0m[NR_PHY] RI = 2 i1 = 0.0.0, i2 = 1, SINR = 48 dB, CQI = 15
[0m[NR_PHY] RI = 2 i1 = 0.0.0, i2 = 1, SINR = 48 dB, CQI = 15
[0m[NR_PHY] RI = 2 i1 = 0.0.0, i2 = 1, SINR = 48 dB, CQI = 15
[0m[NR_PHY] RI = 2 i1 = 0.0.0, i2 = 1, SINR = 48 dB, CQI = 15
[0m[NR_PHY] RI = 2 i1 = 0.0.0, i2 = 1, SINR = 48 dB, CQI = 15
[0m[NR_PHY] RI = 2 i1 = 0.0.0, i2 = 1, SINR = 48 dB, CQI = 15
[0m[NR_PHY] RI = 2 i1 = 0.0.0, i2 = 1, SINR = 48 dB, CQI = 15
[0m[NR_PHY] RI = 2 i1 = 0.0.0, i2 = 1, SINR = 48 dB, CQI = 15
[0m[NR_PHY] RI = 2 i1 = 0.0.0, i2 = 1, SINR = 48 dB, CQI = 15
[0m[NR_PHY] RI = 2 i1 = 0.0.0, i2 = 1, SINR = 48 dB, CQI = 15
[0m[NR_PHY] RI = 2 i1 = 0.0.0, i2 = 1, SINR = 48 dB, CQI = 15
[0m[NR_PHY] RI = 2 i1 = 0.0.0, i2 = 1, SINR = 48 dB, CQI = 15
[0m[NR_PHY] RI = 2 i1 = 0.0.0, i2 = 1, SINR = 48 dB, CQI = 15
[0m[NR_PHY] RI = 2 i1 = 0.0.0, i2 = 1, SINR = 48 dB, CQI = 15
[0m[NR_PHY] RI = 2 i1 = 0.0.0, i2 = 1, SINR = 48 dB, CQI = 15
[0m[NR_PHY] RI = 2 i1 = 0.0.0, i2 = 1, SINR = 48 dB, CQI = 15
[0m[NR_PHY] RI = 2 i1 = 0.0.0, i2 = 1, SINR = 48 dB, CQI = 15
[0m[NR_PHY] RI = 2 i1 = 0.0.0, i2 = 1, SINR = 48 dB, CQI = 15
[0m[NR_PHY] RI = 2 i1 = 0.0.0, i2 = 1, SINR = 48 dB, CQI = 15
[0m[NR_PHY] RI = 2 i1 = 0.0.0, i2 = 1, SINR = 48 dB, CQI = 15
[0m[NR_PHY] RI = 2 i1 = 0.0.0, i2 = 1, SINR = 48 dB, CQI = 15
[0m[NR_PHY] RI = 2 i1 = 0.0.0, i2 = 1, SINR = 48 dB, CQI = 15
[0m[NR_PHY] RI = 2 i1 = 0.0.0, i2 = 1, SINR = 48 dB, CQI = 15
[0m[NR_PHY] RI = 2 i1 = 0.0.0, i2 = 1, SINR = 48 dB, CQI = 15
[0m[NR_PHY] RI = 2 i1 = 0.0.0, i2 = 1, SINR = 48 dB, CQI = 15
[0m[NR_PHY] RI = 2 i1 = 0.0.0, i2 = 1, SINR = 48 dB, CQI = 15
[0m[NR_PHY] RI = 2 i1 = 0.0.0, i2 = 1, SINR = 48 dB, CQI = 15
[0m[NR_PHY] RI = 2 i1 = 0.0.0, i2 = 1, SINR = 48 dB, CQI = 15
[0m[NR_PHY] RI = 2 i1 = 0.0.0, i2 = 1, SINR = 48 dB, CQI = 15
[0m[NR_PHY] RI = 2 i1 = 0.0.0, i2 = 1, SINR = 48 dB, CQI = 15
[0m[NR_PHY] RI = 2 i1 = 0.0.0, i2 = 1, SINR = 48 dB, CQI = 15
[0m[NR_PHY] RI = 2 i1 = 0.0.0, i2 = 1, SINR = 48 dB, CQI = 15
[0m[NR_PHY] RI = 2 i1 = 0.0.0, i2 = 1, SINR = 48 dB, CQI = 15
[0m[NR_PHY] RI = 2 i1 = 0.0.0, i2 = 1, SINR = 48 dB, CQI = 15
[0m[NR_PHY] RI = 2 i1 = 0.0.0, i2 = 1, SINR = 48 dB, CQI = 15
[0m[NR_PHY] RI = 2 i1 = 0.0.0, i2 = 1, SINR = 48 dB, CQI = 15
[0m[NR_PHY] RI = 2 i1 = 0.0.0, i2 = 1, SINR = 48 dB, CQI = 15
[0m[NR_PHY] RI = 2 i1 = 0.0.0, i2 = 1, SINR = 48 dB, CQI = 15
[0m[NR_PHY] RI = 2 i1 = 0.0.0, i2 = 1, SINR = 48 dB, CQI = 15
[0m[NR_PHY] RI = 2 i1 = 0.0.0, i2 = 1, SINR = 48 dB, CQI = 15
[0m[NR_PHY] RI = 2 i1 = 0.0.0, i2 = 1, SINR = 48 dB, CQI = 15
[0m[NR_PHY] RI = 2 i1 = 0.0.0, i2 = 1, SINR = 48 dB, CQI = 15
[0m[NR_PHY] RI = 2 i1 = 0.0.0, i2 = 1, SINR = 48 dB, CQI = 15
[0m[NR_PHY] RI = 2 i1 = 0.0.0, i2 = 1, SINR = 48 dB, CQI = 15
[0m[NR_PHY] RI = 2 i1 = 0.0.0, i2 = 1, SINR = 48 dB, CQI = 15
[0m[NR_PHY] RI = 2 i1 = 0.0.0, i2 = 1, SINR = 48 dB, CQI = 15
[0m[NR_PHY] RI = 2 i1 = 0.0.0, i2 = 1, SINR = 48 dB, CQI = 15
[0m[NR_PHY] RI = 2 i1 = 0.0.0, i2 = 1, SINR = 48 dB, CQI = 15
[0m[NR_PHY] RI = 2 i1 = 0.0.0, i2 = 1, SINR = 48 dB, CQI = 15
[0m[NR_PHY] RI = 2 i1 = 0.0.0, i2 = 1, SINR = 48 dB, CQI = 15
[0m[NR_PHY] RI = 2 i1 = 0.0.0, i2 = 1, SINR = 48 dB, CQI = 15
[0m[NR_PHY] RI = 2 i1 = 0.0.0, i2 = 1, SINR = 48 dB, CQI = 15
[0m[NR_MAC] UE 0 RNTI e66b stats sfn: 768.2, cumulated bad DCI 0
    DL harq: 160/1
    UL harq: 3366/246 avg code rate 0.6, avg bit/symbol 5.6, avg per TB: (nb RBs 17.0, nb symbols 13.0)
[0m[NR_PHY] RI = 2 i1 = 0.0.0, i2 = 1, SINR = 48 dB, CQI = 15
[0m[NR_PHY] RI = 2 i1 = 0.0.0, i2 = 1, SINR = 48 dB, CQI = 15
[0m[NR_PHY] RI = 2 i1 = 0.0.0, i2 = 1, SINR = 48 dB, CQI = 15
[0m[NR_PHY] RI = 2 i1 = 0.0.0, i2 = 1, SINR = 48 dB, CQI = 15
[0m[NR_PHY] RI = 2 i1 = 0.0.0, i2 = 1, SINR = 48 dB, CQI = 15
[0m[NR_PHY] RI = 2 i1 = 0.0.0, i2 = 1, SINR = 48 dB, CQI = 15
[0m[NR_PHY] RI = 2 i1 = 0.0.0, i2 = 1, SINR = 48 dB, CQI = 15
[0m[NR_PHY] RI = 2 i1 = 0.0.0, i2 = 1, SINR = 48 dB, CQI = 15
[0m[NR_PHY] RI = 2 i1 = 0.0.0, i2 = 1, SINR = 48 dB, CQI = 15
[0m[NR_PHY] RI = 2 i1 = 0.0.0, i2 = 1, SINR = 48 dB, CQI = 15
[0m[NR_PHY] RI = 2 i1 = 0.0.0, i2 = 1, SINR = 48 dB, CQI = 15
[0m[NR_PHY] RI = 2 i1 = 0.0.0, i2 = 1, SINR = 48 dB, CQI = 15
[0m[NR_PHY] RI = 2 i1 = 0.0.0, i2 = 1, SINR = 48 dB, CQI = 15
[0m[NR_PHY] RI = 2 i1 = 0.0.0, i2 = 1, SINR = 48 dB, CQI = 15
[0m[NR_PHY] RI = 2 i1 = 0.0.0, i2 = 1, SINR = 48 dB, CQI = 15
[0m[NR_PHY] RI = 2 i1 = 0.0.0, i2 = 1, SINR = 48 dB, CQI = 15
[0m[NR_PHY] RI = 2 i1 = 0.0.0, i2 = 1, SINR = 48 dB, CQI = 15
[0m[NR_PHY] RI = 2 i1 = 0.0.0, i2 = 1, SINR = 48 dB, CQI = 15
[0m[NR_PHY] RI = 2 i1 = 0.0.0, i2 = 1, SINR = 48 dB, CQI = 15
[0m[NR_PHY] RI = 2 i1 = 0.0.0, i2 = 1, SINR = 48 dB, CQI = 15
[0m[NR_PHY] RI = 2 i1 = 0.0.0, i2 = 1, SINR = 48 dB, CQI = 15
[0m[NR_PHY] RI = 2 i1 = 0.0.0, i2 = 1, SINR = 48 dB, CQI = 15
[0m[NR_PHY] RI = 2 i1 = 0.0.0, i2 = 1, SINR = 48 dB, CQI = 15
[0m[NR_PHY] RI = 2 i1 = 0.0.0, i2 = 1, SINR = 48 dB, CQI = 15
[0m[NR_PHY] RI = 2 i1 = 0.0.0, i2 = 1, SINR = 48 dB, CQI = 15
[0m[NR_PHY] RI = 2 i1 = 0.0.0, i2 = 1, SINR = 48 dB, CQI = 15
[0m[NR_PHY] RI = 2 i1 = 0.0.0, i2 = 1, SINR = 48 dB, CQI = 15
[0m[NR_PHY] RI = 2 i1 = 0.0.0, i2 = 1, SINR = 48 dB, CQI = 15
[0m[NR_PHY] RI = 2 i1 = 0.0.0, i2 = 1, SINR = 48 dB, CQI = 15
[0m[NR_PHY] RI = 2 i1 = 0.0.0, i2 = 1, SINR = 48 dB, CQI = 15
[0m[NR_PHY] RI = 2 i1 = 0.0.0, i2 = 1, SINR = 48 dB, CQI = 15
[0m[NR_PHY] RI = 2 i1 = 0.0.0, i2 = 1, SINR = 48 dB, CQI = 15
[0m[NR_PHY] RI = 2 i1 = 0.0.0, i2 = 1, SINR = 48 dB, CQI = 15
[0m[NR_PHY] RI = 2 i1 = 0.0.0, i2 = 1, SINR = 48 dB, CQI = 15
[0m[NR_PHY] RI = 2 i1 = 0.0.0, i2 = 1, SINR = 48 dB, CQI = 15
[0m[NR_PHY] RI = 2 i1 = 0.0.0, i2 = 1, SINR = 48 dB, CQI = 15
[0m[NR_PHY] RI = 2 i1 = 0.0.0, i2 = 1, SINR = 48 dB, CQI = 15
[0m[NR_PHY] RI = 2 i1 = 0.0.0, i2 = 1, SINR = 48 dB, CQI = 15
[0m[NR_PHY] RI = 2 i1 = 0.0.0, i2 = 1, SINR = 48 dB, CQI = 15
[0m[NR_PHY] RI = 2 i1 = 0.0.0, i2 = 1, SINR = 48 dB, CQI = 15
[0m[NR_PHY] RI = 2 i1 = 0.0.0, i2 = 1, SINR = 48 dB, CQI = 15
[0m[NR_PHY] RI = 2 i1 = 0.0.0, i2 = 1, SINR = 48 dB, CQI = 15
[0m[NR_PHY] RI = 2 i1 = 0.0.0, i2 = 1, SINR = 48 dB, CQI = 15
[0m[NR_PHY] RI = 2 i1 = 0.0.0, i2 = 1, SINR = 48 dB, CQI = 15
[0m[NR_PHY] RI = 2 i1 = 0.0.0, i2 = 1, SINR = 48 dB, CQI = 15
[0m[NR_PHY] RI = 2 i1 = 0.0.0, i2 = 1, SINR = 48 dB, CQI = 15
[0m[NR_PHY] RI = 2 i1 = 0.0.0, i2 = 1, SINR = 48 dB, CQI = 15
[0m[NR_PHY] RI = 2 i1 = 0.0.0, i2 = 1, SINR = 48 dB, CQI = 15
[0m[NR_PHY] RI = 2 i1 = 0.0.0, i2 = 1, SINR = 48 dB, CQI = 15
[0m[NR_PHY] RI = 2 i1 = 0.0.0, i2 = 1, SINR = 48 dB, CQI = 15
[0m[NR_PHY] RI = 2 i1 = 0.0.0, i2 = 1, SINR = 48 dB, CQI = 15
[0m[NR_PHY] RI = 2 i1 = 0.0.0, i2 = 1, SINR = 48 dB, CQI = 15
[0m[NR_PHY] RI = 2 i1 = 0.0.0, i2 = 1, SINR = 48 dB, CQI = 15
[0m[NR_PHY] RI = 2 i1 = 0.0.0, i2 = 1, SINR = 48 dB, CQI = 15
[0m[NR_PHY] RI = 2 i1 = 0.0.0, i2 = 1, SINR = 48 dB, CQI = 15
[0m[NR_PHY] RI = 2 i1 = 0.0.0, i2 = 1, SINR = 48 dB, CQI = 15
[0m[NR_PHY] RI = 2 i1 = 0.0.0, i2 = 1, SINR = 48 dB, CQI = 15
[0m[NR_PHY] RI = 2 i1 = 0.0.0, i2 = 1, SINR = 48 dB, CQI = 15
[0m[NR_PHY] RI = 2 i1 = 0.0.0, i2 = 1, SINR = 48 dB, CQI = 15
[0m[NR_PHY] RI = 2 i1 = 0.0.0, i2 = 1, SINR = 48 dB, CQI = 15
[0m[NR_PHY] RI = 2 i1 = 0.0.0, i2 = 1, SINR = 48 dB, CQI = 15
[0m[NR_PHY] RI = 2 i1 = 0.0.0, i2 = 1, SINR = 48 dB, CQI = 15
[0m[NR_PHY] RI = 2 i1 = 0.0.0, i2 = 1, SINR = 48 dB, CQI = 15
[0m[NR_PHY] RI = 2 i1 = 0.0.0, i2 = 1, SINR = 48 dB, CQI = 15
[0m[NR_MAC] UE 0 RNTI e66b stats sfn: 896.2, cumulated bad DCI 0
    DL harq: 179/1
    UL harq: 3847/277 avg code rate 0.6, avg bit/symbol 5.6, avg per TB: (nb RBs 17.0, nb symbols 13.0)
[0m[NR_PHY] RI = 2 i1 = 0.0.0, i2 = 1, SINR = 48 dB, CQI = 15
[0m[NR_PHY] RI = 2 i1 = 0.0.0, i2 = 1, SINR = 48 dB, CQI = 15
[0m[NR_PHY] RI = 2 i1 = 0.0.0, i2 = 1, SINR = 48 dB, CQI = 15
[0m[NR_PHY] RI = 2 i1 = 0.0.0, i2 = 1, SINR = 48 dB, CQI = 15
[0m[NR_PHY] RI = 2 i1 = 0.0.0, i2 = 1, SINR = 48 dB, CQI = 15
[0m[NR_PHY] RI = 2 i1 = 0.0.0, i2 = 1, SINR = 48 dB, CQI = 15
[0m[NR_PHY] RI = 2 i1 = 0.0.0, i2 = 1, SINR = 48 dB, CQI = 15
[0m[NR_PHY] RI = 2 i1 = 0.0.0, i2 = 1, SINR = 48 dB, CQI = 15
[0m[NR_PHY] RI = 2 i1 = 0.0.0, i2 = 1, SINR = 48 dB, CQI = 15
[0m[NR_PHY] RI = 2 i1 = 0.0.0, i2 = 1, SINR = 48 dB, CQI = 15
[0m[NR_PHY] RI = 2 i1 = 0.0.0, i2 = 1, SINR = 48 dB, CQI = 15
[0m[NR_PHY] RI = 2 i1 = 0.0.0, i2 = 1, SINR = 48 dB, CQI = 15
[0m[NR_PHY] RI = 2 i1 = 0.0.0, i2 = 1, SINR = 48 dB, CQI = 15
[0m[NR_PHY] RI = 2 i1 = 0.0.0, i2 = 1, SINR = 48 dB, CQI = 15
[0m[NR_PHY] RI = 2 i1 = 0.0.0, i2 = 1, SINR = 48 dB, CQI = 15
[0m[NR_PHY] RI = 2 i1 = 0.0.0, i2 = 1, SINR = 48 dB, CQI = 15
[0m[NR_PHY] RI = 2 i1 = 0.0.0, i2 = 1, SINR = 48 dB, CQI = 15
[0m[NR_PHY] RI = 2 i1 = 0.0.0, i2 = 1, SINR = 48 dB, CQI = 15
[0m[NR_PHY] RI = 2 i1 = 0.0.0, i2 = 1, SINR = 48 dB, CQI = 15
[0m[NR_PHY] RI = 2 i1 = 0.0.0, i2 = 1, SINR = 48 dB, CQI = 15
[0m[NR_PHY] RI = 2 i1 = 0.0.0, i2 = 1, SINR = 48 dB, CQI = 15
[0m[NR_PHY] RI = 2 i1 = 0.0.0, i2 = 1, SINR = 48 dB, CQI = 15
[0m[NR_PHY] RI = 2 i1 = 0.0.0, i2 = 1, SINR = 48 dB, CQI = 15
[0m[NR_PHY] RI = 2 i1 = 0.0.0, i2 = 1, SINR = 48 dB, CQI = 15
[0m[NR_PHY] RI = 2 i1 = 0.0.0, i2 = 1, SINR = 48 dB, CQI = 15
[0m[NR_PHY] RI = 2 i1 = 0.0.0, i2 = 1, SINR = 48 dB, CQI = 15
[0m[NR_PHY] RI = 2 i1 = 0.0.0, i2 = 1, SINR = 48 dB, CQI = 15
[0m[NR_PHY] RI = 2 i1 = 0.0.0, i2 = 1, SINR = 48 dB, CQI = 15
[0m[NR_PHY] RI = 2 i1 = 0.0.0, i2 = 1, SINR = 48 dB, CQI = 15
[0m[NR_PHY] RI = 2 i1 = 0.0.0, i2 = 1, SINR = 48 dB, CQI = 15
[0m[NR_PHY] RI = 2 i1 = 0.0.0, i2 = 1, SINR = 48 dB, CQI = 15
[0m[NR_PHY] RI = 2 i1 = 0.0.0, i2 = 1, SINR = 48 dB, CQI = 15
[0m[NR_PHY] RI = 2 i1 = 0.0.0, i2 = 1, SINR = 48 dB, CQI = 15
[0m[NR_PHY] RI = 2 i1 = 0.0.0, i2 = 1, SINR = 48 dB, CQI = 15
[0m[NR_PHY] RI = 2 i1 = 0.0.0, i2 = 1, SINR = 48 dB, CQI = 15
[0m[NR_PHY] RI = 2 i1 = 0.0.0, i2 = 1, SINR = 48 dB, CQI = 15
[0m[NR_PHY] RI = 2 i1 = 0.0.0, i2 = 1, SINR = 48 dB, CQI = 15
[0m[NR_PHY] RI = 2 i1 = 0.0.0, i2 = 1, SINR = 48 dB, CQI = 15
[0m[NR_PHY] RI = 2 i1 = 0.0.0, i2 = 1, SINR = 48 dB, CQI = 15
[0m[NR_PHY] RI = 2 i1 = 0.0.0, i2 = 1, SINR = 48 dB, CQI = 15
[0m[NR_PHY] RI = 2 i1 = 0.0.0, i2 = 1, SINR = 48 dB, CQI = 15
[0m[NR_PHY] RI = 2 i1 = 0.0.0, i2 = 1, SINR = 48 dB, CQI = 15
[0m[NR_PHY] RI = 2 i1 = 0.0.0, i2 = 1, SINR = 48 dB, CQI = 15
[0m[NR_PHY] RI = 2 i1 = 0.0.0, i2 = 1, SINR = 48 dB, CQI = 15
[0m[NR_PHY] RI = 2 i1 = 0.0.0, i2 = 1, SINR = 48 dB, CQI = 15
[0m[NR_PHY] RI = 2 i1 = 0.0.0, i2 = 1, SINR = 48 dB, CQI = 15
[0m[NR_PHY] RI = 2 i1 = 0.0.0, i2 = 1, SINR = 48 dB, CQI = 15
[0m[NR_PHY] RI = 2 i1 = 0.0.0, i2 = 1, SINR = 48 dB, CQI = 15
[0m[NR_PHY] RI = 2 i1 = 0.0.0, i2 = 1, SINR = 48 dB, CQI = 15
[0m[NR_PHY] RI = 2 i1 = 0.0.0, i2 = 1, SINR = 48 dB, CQI = 15
[0m[NR_PHY] RI = 2 i1 = 0.0.0, i2 = 1, SINR = 48 dB, CQI = 15
[0m[NR_PHY] RI = 2 i1 = 0.0.0, i2 = 1, SINR = 48 dB, CQI = 15
[0m[NR_PHY] RI = 2 i1 = 0.0.0, i2 = 1, SINR = 48 dB, CQI = 15
[0m[NR_PHY] RI = 2 i1 = 0.0.0, i2 = 1, SINR = 48 dB, CQI = 15
[0m[NR_PHY] RI = 2 i1 = 0.0.0, i2 = 1, SINR = 48 dB, CQI = 15
[0m[NR_PHY] RI = 2 i1 = 0.0.0, i2 = 1, SINR = 48 dB, CQI = 15
[0m[NR_PHY] RI = 2 i1 = 0.0.0, i2 = 1, SINR = 48 dB, CQI = 15
[0m[NR_PHY] RI = 2 i1 = 0.0.0, i2 = 1, SINR = 48 dB, CQI = 15
[0m[NR_PHY] RI = 2 i1 = 0.0.0, i2 = 1, SINR = 48 dB, CQI = 15
[0m[NR_PHY] RI = 2 i1 = 0.0.0, i2 = 1, SINR = 48 dB, CQI = 15
[0m[NR_PHY] RI = 2 i1 = 0.0.0, i2 = 1, SINR = 48 dB, CQI = 15
[0m[NR_PHY] RI = 2 i1 = 0.0.0, i2 = 1, SINR = 48 dB, CQI = 15
[0m[NR_PHY] RI = 2 i1 = 0.0.0, i2 = 1, SINR = 48 dB, CQI = 15
[0m[NR_PHY] RI = 2 i1 = 0.0.0, i2 = 1, SINR = 48 dB, CQI = 15
[0m[NR_MAC] UE 0 RNTI e66b stats sfn: 0.2, cumulated bad DCI 0
    DL harq: 196/1/0
    UL harq: 4300/333/1 avg code rate 0.6, avg bit/symbol 5.7, avg per TB: (nb RBs 17.0, nb symbols 13.0)
[0m[NR_PHY] RI = 2 i1 = 0.0.0, i2 = 1, SINR = 48 dB, CQI = 15
[0m[NR_PHY] RI = 2 i1 = 0.0.0, i2 = 1, SINR = 48 dB, CQI = 15
[0m[NR_PHY] RI = 2 i1 = 0.0.0, i2 = 1, SINR = 48 dB, CQI = 15
[0m[NR_PHY] RI = 2 i1 = 0.0.0, i2 = 1, SINR = 48 dB, CQI = 15
[0m[NR_PHY] RI = 2 i1 = 0.0.0, i2 = 1, SINR = 48 dB, CQI = 15
[0m[NR_PHY] RI = 2 i1 = 0.0.0, i2 = 1, SINR = 48 dB, CQI = 15
[0m[NR_PHY] RI = 2 i1 = 0.0.0, i2 = 1, SINR = 48 dB, CQI = 15
[0m[NR_PHY] RI = 2 i1 = 0.0.0, i2 = 1, SINR = 48 dB, CQI = 15
[0m[NR_PHY] RI = 2 i1 = 0.0.0, i2 = 1, SINR = 48 dB, CQI = 15
[0m[NR_PHY] RI = 2 i1 = 0.0.0, i2 = 1, SINR = 48 dB, CQI = 15
[0m[NR_PHY] RI = 2 i1 = 0.0.0, i2 = 1, SINR = 48 dB, CQI = 15
[0m[NR_PHY] RI = 2 i1 = 0.0.0, i2 = 1, SINR = 48 dB, CQI = 15
[0m[NR_PHY] RI = 2 i1 = 0.0.0, i2 = 1, SINR = 48 dB, CQI = 15
[0m[NR_PHY] RI = 2 i1 = 0.0.0, i2 = 1, SINR = 48 dB, CQI = 15
[0m[NR_PHY] RI = 2 i1 = 0.0.0, i2 = 1, SINR = 48 dB, CQI = 15
[0m[NR_PHY] RI = 2 i1 = 0.0.0, i2 = 1, SINR = 48 dB, CQI = 15
[0m[NR_PHY] RI = 2 i1 = 0.0.0, i2 = 1, SINR = 48 dB, CQI = 15
[0m[NR_PHY] RI = 2 i1 = 0.0.0, i2 = 1, SINR = 48 dB, CQI = 15
[0m[NR_PHY] RI = 2 i1 = 0.0.0, i2 = 1, SINR = 48 dB, CQI = 15
[0m[NR_PHY] RI = 2 i1 = 0.0.0, i2 = 1, SINR = 48 dB, CQI = 15
[0m[NR_PHY] RI = 2 i1 = 0.0.0, i2 = 1, SINR = 48 dB, CQI = 15
[0m[NR_PHY] RI = 2 i1 = 0.0.0, i2 = 1, SINR = 48 dB, CQI = 15
[0m[NR_PHY] RI = 2 i1 = 0.0.0, i2 = 1, SINR = 48 dB, CQI = 15
[0m[NR_PHY] RI = 2 i1 = 0.0.0, i2 = 1, SINR = 48 dB, CQI = 15
[0m[NR_PHY] RI = 2 i1 = 0.0.0, i2 = 1, SINR = 48 dB, CQI = 15
[0m[NR_PHY] RI = 2 i1 = 0.0.0, i2 = 1, SINR = 48 dB, CQI = 15
[0m[NR_PHY] RI = 2 i1 = 0.0.0, i2 = 1, SINR = 48 dB, CQI = 15
[0m[NR_PHY] RI = 2 i1 = 0.0.0, i2 = 1, SINR = 48 dB, CQI = 15
[0m[NR_PHY] RI = 2 i1 = 0.0.0, i2 = 1, SINR = 48 dB, CQI = 15
[0m[NR_PHY] RI = 2 i1 = 0.0.0, i2 = 1, SINR = 48 dB, CQI = 15
[0m[NR_PHY] RI = 2 i1 = 0.0.0, i2 = 1, SINR = 48 dB, CQI = 15
[0m[NR_PHY] RI = 2 i1 = 0.0.0, i2 = 1, SINR = 48 dB, CQI = 15
[0m[NR_PHY] RI = 2 i1 = 0.0.0, i2 = 1, SINR = 48 dB, CQI = 15
[0m[NR_PHY] RI = 2 i1 = 0.0.0, i2 = 1, SINR = 48 dB, CQI = 15
[0m[NR_PHY] RI = 2 i1 = 0.0.0, i2 = 1, SINR = 48 dB, CQI = 15
[0m[NR_PHY] RI = 2 i1 = 0.0.0, i2 = 1, SINR = 48 dB, CQI = 15
[0m[NR_PHY] RI = 2 i1 = 0.0.0, i2 = 1, SINR = 48 dB, CQI = 15
[0m[NR_PHY] RI = 2 i1 = 0.0.0, i2 = 1, SINR = 48 dB, CQI = 15
[0m[NR_PHY] RI = 2 i1 = 0.0.0, i2 = 1, SINR = 48 dB, CQI = 15
[0m[NR_PHY] RI = 2 i1 = 0.0.0, i2 = 1, SINR = 48 dB, CQI = 15
[0m[NR_PHY] RI = 2 i1 = 0.0.0, i2 = 1, SINR = 48 dB, CQI = 15
[0m[NR_PHY] RI = 2 i1 = 0.0.0, i2 = 1, SINR = 48 dB, CQI = 15
[0m[NR_PHY] RI = 2 i1 = 0.0.0, i2 = 1, SINR = 48 dB, CQI = 15
[0m[NR_PHY] RI = 2 i1 = 0.0.0, i2 = 1, SINR = 48 dB, CQI = 15
[0m[NR_PHY] RI = 2 i1 = 0.0.0, i2 = 1, SINR = 48 dB, CQI = 15
[0m[NR_PHY] RI = 2 i1 = 0.0.0, i2 = 1, SINR = 48 dB, CQI = 15
[0m[NR_PHY] RI = 2 i1 = 0.0.0, i2 = 1, SINR = 48 dB, CQI = 15
[0m[NR_PHY] RI = 2 i1 = 0.0.0, i2 = 1, SINR = 48 dB, CQI = 15
[0m[NR_PHY] RI = 2 i1 = 0.0.0, i2 = 1, SINR = 48 dB, CQI = 15
[0m[NR_PHY] RI = 2 i1 = 0.0.0, i2 = 1, SINR = 48 dB, CQI = 15
[0m[NR_PHY] RI = 2 i1 = 0.0.0, i2 = 1, SINR = 48 dB, CQI = 15
[0m[NR_PHY] RI = 2 i1 = 0.0.0, i2 = 1, SINR = 48 dB, CQI = 15
[0m[NR_PHY] RI = 2 i1 = 0.0.0, i2 = 1, SINR = 48 dB, CQI = 15
[0m[NR_PHY] RI = 2 i1 = 0.0.0, i2 = 1, SINR = 48 dB, CQI = 15
[0m[NR_PHY] RI = 2 i1 = 0.0.0, i2 = 1, SINR = 48 dB, CQI = 15
[0m[NR_PHY] RI = 2 i1 = 0.0.0, i2 = 1, SINR = 48 dB, CQI = 15
[0m[NR_PHY] RI = 2 i1 = 0.0.0, i2 = 1, SINR = 48 dB, CQI = 15
[0m[NR_PHY] RI = 2 i1 = 0.0.0, i2 = 1, SINR = 48 dB, CQI = 15
[0m[NR_PHY] RI = 2 i1 = 0.0.0, i2 = 1, SINR = 48 dB, CQI = 15
[0m[NR_PHY] RI = 2 i1 = 0.0.0, i2 = 1, SINR = 48 dB, CQI = 15
[0m[NR_PHY] RI = 2 i1 = 0.0.0, i2 = 1, SINR = 48 dB, CQI = 15
[0m[NR_PHY] RI = 2 i1 = 0.0.0, i2 = 1, SINR = 48 dB, CQI = 15
[0m[NR_PHY] RI = 2 i1 = 0.0.0, i2 = 1, SINR = 48 dB, CQI = 15
[0m[NR_PHY] RI = 2 i1 = 0.0.0, i2 = 1, SINR = 48 dB, CQI = 15
[0m[NR_MAC] UE 0 RNTI e66b stats sfn: 128.2, cumulated bad DCI 0
    DL harq: 214/1/0
    UL harq: 4776/369/1 avg code rate 0.6, avg bit/symbol 5.7, avg per TB: (nb RBs 17.0, nb symbols 13.0)
[0m[NR_PHY] RI = 2 i1 = 0.0.0, i2 = 1, SINR = 48 dB, CQI = 15
[0m[NR_PHY] RI = 2 i1 = 0.0.0, i2 = 1, SINR = 48 dB, CQI = 15
[0m[NR_PHY] RI = 2 i1 = 0.0.0, i2 = 1, SINR = 48 dB, CQI = 15
[0m[NR_PHY] RI = 2 i1 = 0.0.0, i2 = 1, SINR = 48 dB, CQI = 15
[0m[NR_PHY] RI = 2 i1 = 0.0.0, i2 = 1, SINR = 48 dB, CQI = 15
[0m[NR_PHY] RI = 2 i1 = 0.0.0, i2 = 1, SINR = 48 dB, CQI = 15
[0m[NR_PHY] RI = 2 i1 = 0.0.0, i2 = 1, SINR = 48 dB, CQI = 15
[0m[NR_PHY] RI = 2 i1 = 0.0.0, i2 = 1, SINR = 48 dB, CQI = 15
[0m[NR_PHY] RI = 2 i1 = 0.0.0, i2 = 1, SINR = 48 dB, CQI = 15
[0m[NR_PHY] RI = 2 i1 = 0.0.0, i2 = 1, SINR = 48 dB, CQI = 15
[0m[NR_PHY] RI = 2 i1 = 0.0.0, i2 = 1, SINR = 48 dB, CQI = 15
[0m[NR_PHY] RI = 2 i1 = 0.0.0, i2 = 1, SINR = 48 dB, CQI = 15
[0m[NR_PHY] RI = 2 i1 = 0.0.0, i2 = 1, SINR = 48 dB, CQI = 15
[0m[NR_PHY] RI = 2 i1 = 0.0.0, i2 = 1, SINR = 48 dB, CQI = 15
[0m[NR_PHY] RI = 2 i1 = 0.0.0, i2 = 1, SINR = 48 dB, CQI = 15
[0m[NR_PHY] RI = 2 i1 = 0.0.0, i2 = 1, SINR = 48 dB, CQI = 15
[0m[NR_PHY] RI = 2 i1 = 0.0.0, i2 = 1, SINR = 48 dB, CQI = 15
[0m[NR_PHY] RI = 2 i1 = 0.0.0, i2 = 1, SINR = 48 dB, CQI = 15
[0m[NR_PHY] RI = 2 i1 = 0.0.0, i2 = 1, SINR = 48 dB, CQI = 15
[0m[NR_PHY] RI = 2 i1 = 0.0.0, i2 = 1, SINR = 48 dB, CQI = 15
[0m[NR_PHY] RI = 2 i1 = 0.0.0, i2 = 1, SINR = 48 dB, CQI = 15
[0m[NR_PHY] RI = 2 i1 = 0.0.0, i2 = 1, SINR = 48 dB, CQI = 15
[0m[NR_PHY] RI = 2 i1 = 0.0.0, i2 = 1, SINR = 48 dB, CQI = 15
[0m[NR_PHY] RI = 2 i1 = 0.0.0, i2 = 1, SINR = 48 dB, CQI = 15
[0m[NR_PHY] RI = 2 i1 = 0.0.0, i2 = 1, SINR = 48 dB, CQI = 15
[0m[NR_PHY] RI = 2 i1 = 0.0.0, i2 = 1, SINR = 48 dB, CQI = 15
[0m[NR_PHY] RI = 2 i1 = 0.0.0, i2 = 1, SINR = 48 dB, CQI = 15
[0m[NR_PHY] RI = 2 i1 = 0.0.0, i2 = 1, SINR = 48 dB, CQI = 15
[0m[NR_PHY] RI = 2 i1 = 0.0.0, i2 = 1, SINR = 48 dB, CQI = 15
[0m[NR_PHY] RI = 2 i1 = 0.0.0, i2 = 1, SINR = 48 dB, CQI = 15
[0m[NR_PHY] RI = 2 i1 = 0.0.0, i2 = 1, SINR = 48 dB, CQI = 15
[0m[NR_PHY] RI = 2 i1 = 0.0.0, i2 = 1, SINR = 48 dB, CQI = 15
[0m[NR_PHY] RI = 2 i1 = 0.0.0, i2 = 1, SINR = 48 dB, CQI = 15
[0m[NR_PHY] RI = 2 i1 = 0.0.0, i2 = 1, SINR = 48 dB, CQI = 15
[0m[NR_PHY] RI = 2 i1 = 0.0.0, i2 = 1, SINR = 48 dB, CQI = 15
[0m[NR_PHY] RI = 2 i1 = 0.0.0, i2 = 1, SINR = 48 dB, CQI = 15
[0m[NR_PHY] RI = 2 i1 = 0.0.0, i2 = 1, SINR = 48 dB, CQI = 15
[0m[NR_PHY] RI = 2 i1 = 0.0.0, i2 = 1, SINR = 48 dB, CQI = 15
[0m[NR_PHY] RI = 2 i1 = 0.0.0, i2 = 1, SINR = 48 dB, CQI = 15
[0m[NR_PHY] RI = 2 i1 = 0.0.0, i2 = 1, SINR = 48 dB, CQI = 15
[0m[NR_PHY] RI = 2 i1 = 0.0.0, i2 = 1, SINR = 48 dB, CQI = 15
[0m[NR_PHY] RI = 2 i1 = 0.0.0, i2 = 1, SINR = 48 dB, CQI = 15
[0m[NR_PHY] RI = 2 i1 = 0.0.0, i2 = 1, SINR = 48 dB, CQI = 15
[0m[NR_PHY] RI = 2 i1 = 0.0.0, i2 = 1, SINR = 48 dB, CQI = 15
[0m[NR_PHY] RI = 2 i1 = 0.0.0, i2 = 1, SINR = 48 dB, CQI = 15
[0m[NR_PHY] RI = 2 i1 = 0.0.0, i2 = 1, SINR = 48 dB, CQI = 15
[0m[NR_PHY] RI = 2 i1 = 0.0.0, i2 = 1, SINR = 48 dB, CQI = 15
[0m[NR_PHY] RI = 2 i1 = 0.0.0, i2 = 1, SINR = 48 dB, CQI = 15
[0m[NR_PHY] RI = 2 i1 = 0.0.0, i2 = 1, SINR = 48 dB, CQI = 15
[0m[NR_PHY] RI = 2 i1 = 0.0.0, i2 = 1, SINR = 48 dB, CQI = 15
[0m[NR_PHY] RI = 2 i1 = 0.0.0, i2 = 1, SINR = 48 dB, CQI = 15
[0m[NR_PHY] RI = 2 i1 = 0.0.0, i2 = 1, SINR = 48 dB, CQI = 15
[0m[NR_PHY] RI = 2 i1 = 0.0.0, i2 = 1, SINR = 48 dB, CQI = 15
[0m[NR_PHY] RI = 2 i1 = 0.0.0, i2 = 1, SINR = 48 dB, CQI = 15
[0m[NR_PHY] RI = 2 i1 = 0.0.0, i2 = 1, SINR = 48 dB, CQI = 15
[0m[NR_PHY] RI = 2 i1 = 0.0.0, i2 = 1, SINR = 48 dB, CQI = 15
[0m[NR_PHY] RI = 2 i1 = 0.0.0, i2 = 1, SINR = 48 dB, CQI = 15
[0m[NR_PHY] RI = 2 i1 = 0.0.0, i2 = 1, SINR = 48 dB, CQI = 15
[0m[NR_PHY] RI = 2 i1 = 0.0.0, i2 = 1, SINR = 48 dB, CQI = 15
[0m[NR_PHY] RI = 2 i1 = 0.0.0, i2 = 1, SINR = 48 dB, CQI = 15
[0m[NR_PHY] RI = 2 i1 = 0.0.0, i2 = 1, SINR = 48 dB, CQI = 15
[0m[NR_PHY] RI = 2 i1 = 0.0.0, i2 = 1, SINR = 48 dB, CQI = 15
[0m[NR_PHY] RI = 2 i1 = 0.0.0, i2 = 1, SINR = 48 dB, CQI = 15
[0m[NR_PHY] RI = 2 i1 = 0.0.0, i2 = 1, SINR = 48 dB, CQI = 15
[0m[NR_MAC] UE 0 RNTI e66b stats sfn: 256.2, cumulated bad DCI 0
    DL harq: 233/1/0
    UL harq: 5265/392/1 avg code rate 0.6, avg bit/symbol 5.7, avg per TB: (nb RBs 17.0, nb symbols 13.0)
[0m[NR_PHY] RI = 2 i1 = 0.0.0, i2 = 1, SINR = 48 dB, CQI = 15
[0m[NR_PHY] RI = 2 i1 = 0.0.0, i2 = 1, SINR = 48 dB, CQI = 15
[0m[NR_PHY] RI = 2 i1 = 0.0.0, i2 = 1, SINR = 48 dB, CQI = 15
[0m[NR_PHY] RI = 2 i1 = 0.0.0, i2 = 1, SINR = 48 dB, CQI = 15
[0m[NR_PHY] RI = 2 i1 = 0.0.0, i2 = 1, SINR = 48 dB, CQI = 15
[0m[NR_PHY] RI = 2 i1 = 0.0.0, i2 = 1, SINR = 48 dB, CQI = 15
[0m[NR_PHY] RI = 2 i1 = 0.0.0, i2 = 1, SINR = 48 dB, CQI = 15
[0m[NR_PHY] RI = 2 i1 = 0.0.0, i2 = 1, SINR = 48 dB, CQI = 15
[0m[NR_PHY] RI = 2 i1 = 0.0.0, i2 = 1, SINR = 48 dB, CQI = 15
[0m[NR_PHY] RI = 2 i1 = 0.0.0, i2 = 1, SINR = 48 dB, CQI = 15
[0m[NR_PHY] RI = 2 i1 = 0.0.0, i2 = 1, SINR = 48 dB, CQI = 15
[0m[NR_PHY] RI = 2 i1 = 0.0.0, i2 = 1, SINR = 48 dB, CQI = 15
[0m[NR_PHY] RI = 2 i1 = 0.0.0, i2 = 1, SINR = 48 dB, CQI = 15
[0m[NR_PHY] RI = 2 i1 = 0.0.0, i2 = 1, SINR = 48 dB, CQI = 15
[0m[NR_PHY] RI = 2 i1 = 0.0.0, i2 = 1, SINR = 48 dB, CQI = 15
[0m[NR_PHY] RI = 2 i1 = 0.0.0, i2 = 1, SINR = 48 dB, CQI = 15
[0m[NR_PHY] RI = 2 i1 = 0.0.0, i2 = 1, SINR = 48 dB, CQI = 15
[0m[NR_PHY] RI = 2 i1 = 0.0.0, i2 = 1, SINR = 48 dB, CQI = 15
[0m[NR_PHY] RI = 2 i1 = 0.0.0, i2 = 1, SINR = 48 dB, CQI = 15
[0m[NR_PHY] RI = 2 i1 = 0.0.0, i2 = 1, SINR = 48 dB, CQI = 15
[0m[NR_PHY] RI = 2 i1 = 0.0.0, i2 = 1, SINR = 48 dB, CQI = 15
[0m[NR_PHY] RI = 2 i1 = 0.0.0, i2 = 1, SINR = 48 dB, CQI = 15
[0m[NR_PHY] RI = 2 i1 = 0.0.0, i2 = 1, SINR = 48 dB, CQI = 15
[0m[NR_PHY] RI = 2 i1 = 0.0.0, i2 = 1, SINR = 48 dB, CQI = 15
[0m[NR_PHY] RI = 2 i1 = 0.0.0, i2 = 1, SINR = 48 dB, CQI = 15
[0m[NR_PHY] RI = 2 i1 = 0.0.0, i2 = 1, SINR = 48 dB, CQI = 15
[0m[NR_PHY] RI = 2 i1 = 0.0.0, i2 = 1, SINR = 48 dB, CQI = 15
[0m[NR_PHY] RI = 2 i1 = 0.0.0, i2 = 1, SINR = 48 dB, CQI = 15
[0m[1;31m[RLC]    1 SDU rejected, SDU buffer full
[0m[NR_PHY] RI = 2 i1 = 0.0.0, i2 = 1, SINR = 48 dB, CQI = 15
[0m[NR_PHY] RI = 2 i1 = 0.0.0, i2 = 1, SINR = 48 dB, CQI = 15
[0m[NR_PHY] RI = 2 i1 = 0.0.0, i2 = 1, SINR = 48 dB, CQI = 15
[0m[NR_PHY] RI = 2 i1 = 0.0.0, i2 = 1, SINR = 48 dB, CQI = 15
[0m[NR_PHY] RI = 2 i1 = 0.0.0, i2 = 1, SINR = 48 dB, CQI = 15
[0m[NR_PHY] RI = 2 i1 = 0.0.0, i2 = 1, SINR = 48 dB, CQI = 15
[0m[NR_PHY] RI = 2 i1 = 0.0.0, i2 = 1, SINR = 48 dB, CQI = 15
[0m[NR_PHY] RI = 2 i1 = 0.0.0, i2 = 1, SINR = 48 dB, CQI = 15
[0m[NR_PHY] RI = 2 i1 = 0.0.0, i2 = 1, SINR = 48 dB, CQI = 15
[0m[NR_PHY] RI = 2 i1 = 0.0.0, i2 = 1, SINR = 48 dB, CQI = 15
[0m[NR_PHY] RI = 2 i1 = 0.0.0, i2 = 1, SINR = 48 dB, CQI = 15
[0m[NR_PHY] RI = 2 i1 = 0.0.0, i2 = 1, SINR = 48 dB, CQI = 15
[0m[NR_PHY] RI = 2 i1 = 0.0.0, i2 = 1, SINR = 48 dB, CQI = 15
[0m[NR_PHY] RI = 2 i1 = 0.0.0, i2 = 1, SINR = 48 dB, CQI = 15
[0m[NR_PHY] RI = 2 i1 = 0.0.0, i2 = 1, SINR = 48 dB, CQI = 15
[0m[NR_PHY] RI = 2 i1 = 0.0.0, i2 = 1, SINR = 48 dB, CQI = 15
[0m[NR_PHY] RI = 2 i1 = 0.0.0, i2 = 1, SINR = 48 dB, CQI = 15
[0m[NR_PHY] RI = 2 i1 = 0.0.0, i2 = 1, SINR = 48 dB, CQI = 15
[0m[NR_PHY] RI = 2 i1 = 0.0.0, i2 = 1, SINR = 48 dB, CQI = 15
[0m[NR_PHY] RI = 2 i1 = 0.0.0, i2 = 1, SINR = 48 dB, CQI = 15
[0m[NR_PHY] RI = 2 i1 = 0.0.0, i2 = 1, SINR = 48 dB, CQI = 15
[0m[NR_PHY] RI = 2 i1 = 0.0.0, i2 = 1, SINR = 48 dB, CQI = 15
[0m[NR_PHY] RI = 2 i1 = 0.0.0, i2 = 1, SINR = 48 dB, CQI = 15
[0m[NR_PHY] RI = 2 i1 = 0.0.0, i2 = 1, SINR = 48 dB, CQI = 15
[0m[NR_PHY] RI = 2 i1 = 0.0.0, i2 = 1, SINR = 48 dB, CQI = 15
[0m[NR_PHY] RI = 2 i1 = 0.0.0, i2 = 1, SINR = 48 dB, CQI = 15
[0m[NR_PHY] RI = 2 i1 = 0.0.0, i2 = 1, SINR = 48 dB, CQI = 15
[0m[NR_PHY] RI = 2 i1 = 0.0.0, i2 = 1, SINR = 48 dB, CQI = 15
[0m[NR_PHY] RI = 2 i1 = 0.0.0, i2 = 1, SINR = 48 dB, CQI = 15
[0m[NR_PHY] RI = 2 i1 = 0.0.0, i2 = 1, SINR = 48 dB, CQI = 15
[0m[NR_PHY] RI = 2 i1 = 0.0.0, i2 = 1, SINR = 48 dB, CQI = 15
[0m[NR_PHY] RI = 2 i1 = 0.0.0, i2 = 1, SINR = 48 dB, CQI = 15
[0m[NR_PHY] RI = 2 i1 = 0.0.0, i2 = 1, SINR = 48 dB, CQI = 15
[0m[NR_PHY] RI = 2 i1 = 0.0.0, i2 = 1, SINR = 48 dB, CQI = 15
[0m[NR_PHY] RI = 2 i1 = 0.0.0, i2 = 1, SINR = 48 dB, CQI = 15
[0m[NR_PHY] RI = 2 i1 = 0.0.0, i2 = 1, SINR = 48 dB, CQI = 15
[0m[NR_MAC] UE 0 RNTI e66b stats sfn: 384.2, cumulated bad DCI 0
    DL harq: 252/1/0
    UL harq: 5716/453/1 avg code rate 0.6, avg bit/symbol 5.8, avg per TB: (nb RBs 17.0, nb symbols 13.0)
[0m[NR_PHY] RI = 2 i1 = 0.0.0, i2 = 1, SINR = 48 dB, CQI = 15
[0m[NR_PHY] RI = 2 i1 = 0.0.0, i2 = 1, SINR = 48 dB, CQI = 15
[0m[NR_PHY] RI = 2 i1 = 0.0.0, i2 = 1, SINR = 48 dB, CQI = 15
[0m[NR_PHY] RI = 2 i1 = 0.0.0, i2 = 1, SINR = 48 dB, CQI = 15
[0m[NR_PHY] RI = 2 i1 = 0.0.0, i2 = 1, SINR = 48 dB, CQI = 15
[0m[NR_PHY] RI = 2 i1 = 0.0.0, i2 = 1, SINR = 48 dB, CQI = 15
[0m[NR_PHY] RI = 2 i1 = 0.0.0, i2 = 1, SINR = 48 dB, CQI = 15
[0m[NR_PHY] RI = 2 i1 = 0.0.0, i2 = 1, SINR = 48 dB, CQI = 15
[0m[NR_PHY] RI = 2 i1 = 0.0.0, i2 = 1, SINR = 48 dB, CQI = 15
[0m[NR_PHY] RI = 2 i1 = 0.0.0, i2 = 1, SINR = 48 dB, CQI = 15
[0m[NR_PHY] RI = 2 i1 = 0.0.0, i2 = 1, SINR = 48 dB, CQI = 15
[0m[NR_PHY] RI = 2 i1 = 0.0.0, i2 = 1, SINR = 48 dB, CQI = 15
[0m[NR_PHY] RI = 2 i1 = 0.0.0, i2 = 1, SINR = 48 dB, CQI = 15
[0m[NR_PHY] RI = 2 i1 = 0.0.0, i2 = 1, SINR = 48 dB, CQI = 15
[0m[1;31m[RLC]    2325 SDU rejected, SDU buffer full
[0m[NR_PHY] RI = 2 i1 = 0.0.0, i2 = 1, SINR = 48 dB, CQI = 15
[0m[NR_PHY] RI = 2 i1 = 0.0.0, i2 = 1, SINR = 48 dB, CQI = 15
[0m[NR_PHY] RI = 2 i1 = 0.0.0, i2 = 1, SINR = 48 dB, CQI = 15
[0m[NR_PHY] RI = 2 i1 = 0.0.0, i2 = 1, SINR = 48 dB, CQI = 15
[0m[NR_PHY] RI = 2 i1 = 0.0.0, i2 = 1, SINR = 48 dB, CQI = 15
[0m[NR_PHY] RI = 2 i1 = 0.0.0, i2 = 1, SINR = 48 dB, CQI = 15
[0m[NR_PHY] RI = 2 i1 = 0.0.0, i2 = 1, SINR = 48 dB, CQI = 15
[0m[NR_PHY] RI = 2 i1 = 0.0.0, i2 = 1, SINR = 48 dB, CQI = 15
[0m[NR_PHY] RI = 2 i1 = 0.0.0, i2 = 1, SINR = 48 dB, CQI = 15
[0m[NR_PHY] RI = 2 i1 = 0.0.0, i2 = 1, SINR = 48 dB, CQI = 15
[0m[NR_PHY] RI = 2 i1 = 0.0.0, i2 = 1, SINR = 48 dB, CQI = 15
[0m[NR_PHY] RI = 2 i1 = 0.0.0, i2 = 1, SINR = 48 dB, CQI = 15
[0m[NR_PHY] RI = 2 i1 = 0.0.0, i2 = 1, SINR = 48 dB, CQI = 15
[0m[NR_PHY] RI = 2 i1 = 0.0.0, i2 = 1, SINR = 48 dB, CQI = 15
[0m[NR_PHY] RI = 2 i1 = 0.0.0, i2 = 1, SINR = 48 dB, CQI = 15
[0m[NR_PHY] RI = 2 i1 = 0.0.0, i2 = 1, SINR = 48 dB, CQI = 15
[0m[NR_PHY] RI = 2 i1 = 0.0.0, i2 = 1, SINR = 48 dB, CQI = 15
[0m[NR_PHY] RI = 2 i1 = 0.0.0, i2 = 1, SINR = 48 dB, CQI = 15
[0m[NR_PHY] RI = 2 i1 = 0.0.0, i2 = 1, SINR = 48 dB, CQI = 15
[0m[NR_PHY] RI = 2 i1 = 0.0.0, i2 = 1, SINR = 48 dB, CQI = 15
[0m[NR_PHY] RI = 2 i1 = 0.0.0, i2 = 1, SINR = 48 dB, CQI = 15
[0m[NR_PHY] RI = 2 i1 = 0.0.0, i2 = 1, SINR = 48 dB, CQI = 15
[0m[NR_PHY] RI = 2 i1 = 0.0.0, i2 = 1, SINR = 48 dB, CQI = 15
[0m[NR_PHY] RI = 2 i1 = 0.0.0, i2 = 1, SINR = 48 dB, CQI = 15
[0m[NR_PHY] RI = 2 i1 = 0.0.0, i2 = 1, SINR = 48 dB, CQI = 15
[0m[NR_PHY] RI = 2 i1 = 0.0.0, i2 = 1, SINR = 48 dB, CQI = 15
[0m[NR_PHY] RI = 2 i1 = 0.0.0, i2 = 1, SINR = 48 dB, CQI = 15
[0m[NR_PHY] RI = 2 i1 = 0.0.0, i2 = 1, SINR = 48 dB, CQI = 15
[0m[NR_PHY] RI = 2 i1 = 0.0.0, i2 = 1, SINR = 48 dB, CQI = 15
[0m[NR_PHY] RI = 2 i1 = 0.0.0, i2 = 1, SINR = 48 dB, CQI = 15
[0m[NR_PHY] RI = 2 i1 = 0.0.0, i2 = 1, SINR = 48 dB, CQI = 15
[0m[NR_PHY] RI = 2 i1 = 0.0.0, i2 = 1, SINR = 48 dB, CQI = 15
[0m[NR_PHY] RI = 2 i1 = 0.0.0, i2 = 1, SINR = 48 dB, CQI = 15
[0m[NR_PHY] RI = 2 i1 = 0.0.0, i2 = 1, SINR = 48 dB, CQI = 15
[0m[NR_PHY] RI = 2 i1 = 0.0.0, i2 = 1, SINR = 48 dB, CQI = 15
[0m[NR_PHY] RI = 2 i1 = 0.0.0, i2 = 1, SINR = 48 dB, CQI = 15
[0m[NR_PHY] RI = 2 i1 = 0.0.0, i2 = 1, SINR = 48 dB, CQI = 15
[0m[NR_PHY] RI = 2 i1 = 0.0.0, i2 = 1, SINR = 48 dB, CQI = 15
[0m[NR_PHY] RI = 2 i1 = 0.0.0, i2 = 1, SINR = 48 dB, CQI = 15
[0m[NR_PHY] RI = 2 i1 = 0.0.0, i2 = 1, SINR = 48 dB, CQI = 15
[0m[NR_PHY] RI = 2 i1 = 0.0.0, i2 = 1, SINR = 48 dB, CQI = 15
[0m[NR_PHY] RI = 2 i1 = 0.0.0, i2 = 1, SINR = 48 dB, CQI = 15
[0m[NR_PHY] RI = 2 i1 = 0.0.0, i2 = 1, SINR = 48 dB, CQI = 15
[0m[NR_PHY] RI = 2 i1 = 0.0.0, i2 = 1, SINR = 48 dB, CQI = 15
[0m[NR_PHY] RI = 2 i1 = 0.0.0, i2 = 1, SINR = 48 dB, CQI = 15
[0m[NR_PHY] RI = 2 i1 = 0.0.0, i2 = 1, SINR = 48 dB, CQI = 15
[0m[NR_PHY] RI = 2 i1 = 0.0.0, i2 = 1, SINR = 48 dB, CQI = 15
[0m[NR_PHY] RI = 2 i1 = 0.0.0, i2 = 1, SINR = 48 dB, CQI = 15
[0m[NR_PHY] RI = 2 i1 = 0.0.0, i2 = 1, SINR = 48 dB, CQI = 15
[0m[NR_PHY] RI = 2 i1 = 0.0.0, i2 = 1, SINR = 48 dB, CQI = 15
[0m[NR_MAC] UE 0 RNTI e66b stats sfn: 512.2, cumulated bad DCI 0
    DL harq: 269/1/0
    UL harq: 6183/496/2 avg code rate 0.6, avg bit/symbol 5.8, avg per TB: (nb RBs 17.0, nb symbols 13.0)
[0m[1;31m[RLC]    2329 SDU rejected, SDU buffer full
[0m[NR_PHY] RI = 2 i1 = 0.0.0, i2 = 1, SINR = 48 dB, CQI = 15
[0m[NR_PHY] RI = 2 i1 = 0.0.0, i2 = 1, SINR = 48 dB, CQI = 15
[0m[NR_PHY] RI = 2 i1 = 0.0.0, i2 = 1, SINR = 48 dB, CQI = 15
[0m[NR_PHY] RI = 2 i1 = 0.0.0, i2 = 1, SINR = 48 dB, CQI = 15
[0m[NR_PHY] RI = 2 i1 = 0.0.0, i2 = 1, SINR = 48 dB, CQI = 15
[0m[NR_PHY] RI = 2 i1 = 0.0.0, i2 = 1, SINR = 48 dB, CQI = 15
[0m[NR_PHY] RI = 2 i1 = 0.0.0, i2 = 1, SINR = 48 dB, CQI = 15
[0m[NR_PHY] RI = 2 i1 = 0.0.0, i2 = 1, SINR = 48 dB, CQI = 15
[0m[NR_PHY] RI = 2 i1 = 0.0.0, i2 = 1, SINR = 48 dB, CQI = 15
[0m[NR_PHY] RI = 2 i1 = 0.0.0, i2 = 1, SINR = 48 dB, CQI = 15
[0m[NR_PHY] RI = 2 i1 = 0.0.0, i2 = 1, SINR = 48 dB, CQI = 15
[0m[NR_PHY] RI = 2 i1 = 0.0.0, i2 = 1, SINR = 48 dB, CQI = 15
[0m[NR_PHY] RI = 2 i1 = 0.0.0, i2 = 1, SINR = 48 dB, CQI = 15
[0m[NR_PHY] RI = 2 i1 = 0.0.0, i2 = 1, SINR = 48 dB, CQI = 15
[0m[NR_PHY] RI = 2 i1 = 0.0.0, i2 = 1, SINR = 48 dB, CQI = 15
[0m[NR_PHY] RI = 2 i1 = 0.0.0, i2 = 1, SINR = 48 dB, CQI = 15
[0m[NR_PHY] RI = 2 i1 = 0.0.0, i2 = 1, SINR = 48 dB, CQI = 15
[0m[NR_PHY] RI = 2 i1 = 0.0.0, i2 = 1, SINR = 48 dB, CQI = 15
[0m[NR_PHY] RI = 2 i1 = 0.0.0, i2 = 1, SINR = 48 dB, CQI = 15
[0m[NR_PHY] RI = 2 i1 = 0.0.0, i2 = 1, SINR = 48 dB, CQI = 15
[0m[NR_PHY] RI = 2 i1 = 0.0.0, i2 = 1, SINR = 48 dB, CQI = 15
[0m[NR_PHY] RI = 2 i1 = 0.0.0, i2 = 1, SINR = 48 dB, CQI = 15
[0m[NR_PHY] RI = 2 i1 = 0.0.0, i2 = 1, SINR = 48 dB, CQI = 15
[0m[NR_PHY] RI = 2 i1 = 0.0.0, i2 = 1, SINR = 48 dB, CQI = 15
[0m[NR_PHY] RI = 2 i1 = 0.0.0, i2 = 1, SINR = 48 dB, CQI = 15
[0m[NR_PHY] RI = 2 i1 = 0.0.0, i2 = 1, SINR = 48 dB, CQI = 15
[0m[NR_PHY] RI = 2 i1 = 0.0.0, i2 = 1, SINR = 48 dB, CQI = 15
[0m[NR_PHY] RI = 2 i1 = 0.0.0, i2 = 1, SINR = 48 dB, CQI = 15
[0m[NR_PHY] RI = 2 i1 = 0.0.0, i2 = 1, SINR = 48 dB, CQI = 15
[0m[NR_PHY] RI = 2 i1 = 0.0.0, i2 = 1, SINR = 48 dB, CQI = 15
[0m[NR_PHY] RI = 2 i1 = 0.0.0, i2 = 1, SINR = 48 dB, CQI = 15
[0m[NR_PHY] RI = 2 i1 = 0.0.0, i2 = 1, SINR = 48 dB, CQI = 15
[0m[NR_PHY] RI = 2 i1 = 0.0.0, i2 = 1, SINR = 48 dB, CQI = 15
[0m[NR_PHY] RI = 2 i1 = 0.0.0, i2 = 1, SINR = 48 dB, CQI = 15
[0m[NR_PHY] RI = 2 i1 = 0.0.0, i2 = 1, SINR = 48 dB, CQI = 15
[0m[NR_PHY] RI = 2 i1 = 0.0.0, i2 = 1, SINR = 48 dB, CQI = 15
[0m[NR_PHY] RI = 2 i1 = 0.0.0, i2 = 1, SINR = 48 dB, CQI = 15
[0m[NR_PHY] RI = 2 i1 = 0.0.0, i2 = 1, SINR = 48 dB, CQI = 15
[0m[NR_PHY] RI = 2 i1 = 0.0.0, i2 = 1, SINR = 48 dB, CQI = 15
[0m[NR_PHY] RI = 2 i1 = 0.0.0, i2 = 1, SINR = 48 dB, CQI = 15
[0m[NR_PHY] RI = 2 i1 = 0.0.0, i2 = 1, SINR = 48 dB, CQI = 15
[0m[NR_PHY] RI = 2 i1 = 0.0.0, i2 = 1, SINR = 48 dB, CQI = 15
[0m[NR_PHY] RI = 2 i1 = 0.0.0, i2 = 1, SINR = 48 dB, CQI = 15
[0m[NR_PHY] RI = 2 i1 = 0.0.0, i2 = 1, SINR = 48 dB, CQI = 15
[0m[NR_PHY] RI = 2 i1 = 0.0.0, i2 = 1, SINR = 48 dB, CQI = 15
[0m[NR_PHY] RI = 2 i1 = 0.0.0, i2 = 1, SINR = 48 dB, CQI = 15
[0m[NR_PHY] RI = 2 i1 = 0.0.0, i2 = 1, SINR = 48 dB, CQI = 15
[0m[NR_PHY] RI = 2 i1 = 0.0.0, i2 = 1, SINR = 48 dB, CQI = 15
[0m[NR_PHY] RI = 2 i1 = 0.0.0, i2 = 1, SINR = 48 dB, CQI = 15
[0m[NR_PHY] RI = 2 i1 = 0.0.0, i2 = 1, SINR = 48 dB, CQI = 15
[0m[1;31m[RLC]    2328 SDU rejected, SDU buffer full
[0m[NR_PHY] RI = 2 i1 = 0.0.0, i2 = 1, SINR = 48 dB, CQI = 15
[0m[NR_PHY] RI = 2 i1 = 0.0.0, i2 = 1, SINR = 48 dB, CQI = 15
[0m[NR_PHY] RI = 2 i1 = 0.0.0, i2 = 1, SINR = 48 dB, CQI = 15
[0m[NR_PHY] RI = 2 i1 = 0.0.0, i2 = 1, SINR = 48 dB, CQI = 15
[0m[NR_PHY] RI = 2 i1 = 0.0.0, i2 = 1, SINR = 48 dB, CQI = 15
[0m[NR_PHY] RI = 2 i1 = 0.0.0, i2 = 1, SINR = 48 dB, CQI = 15
[0m[NR_PHY] RI = 2 i1 = 0.0.0, i2 = 1, SINR = 48 dB, CQI = 15
[0m[NR_PHY] RI = 2 i1 = 0.0.0, i2 = 1, SINR = 48 dB, CQI = 15
[0m[NR_PHY] RI = 2 i1 = 0.0.0, i2 = 1, SINR = 48 dB, CQI = 15
[0m[NR_PHY] RI = 2 i1 = 0.0.0, i2 = 1, SINR = 48 dB, CQI = 15
[0m[NR_PHY] RI = 2 i1 = 0.0.0, i2 = 1, SINR = 48 dB, CQI = 15
[0m[NR_PHY] RI = 2 i1 = 0.0.0, i2 = 1, SINR = 48 dB, CQI = 15
[0m[NR_PHY] RI = 2 i1 = 0.0.0, i2 = 1, SINR = 48 dB, CQI = 15
[0m[NR_PHY] RI = 2 i1 = 0.0.0, i2 = 1, SINR = 48 dB, CQI = 15
[0m[NR_MAC] UE 0 RNTI e66b stats sfn: 640.2, cumulated bad DCI 0
    DL harq: 288/1/0
    UL harq: 6680/511/2 avg code rate 0.6, avg bit/symbol 5.8, avg per TB: (nb RBs 17.0, nb symbols 13.0)
[0m[NR_PHY] RI = 2 i1 = 0.0.0, i2 = 1, SINR = 48 dB, CQI = 15
[0m[NR_PHY] RI = 2 i1 = 0.0.0, i2 = 1, SINR = 48 dB, CQI = 15
[0m[NR_PHY] RI = 2 i1 = 0.0.0, i2 = 1, SINR = 48 dB, CQI = 15
[0m[NR_PHY] RI = 2 i1 = 0.0.0, i2 = 1, SINR = 48 dB, CQI = 15
[0m[NR_PHY] RI = 2 i1 = 0.0.0, i2 = 1, SINR = 48 dB, CQI = 15
[0m[NR_PHY] RI = 2 i1 = 0.0.0, i2 = 1, SINR = 48 dB, CQI = 15
[0m[NR_PHY] RI = 2 i1 = 0.0.0, i2 = 1, SINR = 48 dB, CQI = 15
[0m[NR_PHY] RI = 2 i1 = 0.0.0, i2 = 1, SINR = 48 dB, CQI = 15
[0m[NR_PHY] RI = 2 i1 = 0.0.0, i2 = 1, SINR = 48 dB, CQI = 15
[0m[NR_PHY] RI = 2 i1 = 0.0.0, i2 = 1, SINR = 48 dB, CQI = 15
[0m[NR_PHY] RI = 2 i1 = 0.0.0, i2 = 1, SINR = 48 dB, CQI = 15
[0m[NR_PHY] RI = 2 i1 = 0.0.0, i2 = 1, SINR = 48 dB, CQI = 15
[0m[NR_PHY] RI = 2 i1 = 0.0.0, i2 = 1, SINR = 48 dB, CQI = 15
[0m[NR_PHY] RI = 2 i1 = 0.0.0, i2 = 1, SINR = 48 dB, CQI = 15
[0m[NR_PHY] RI = 2 i1 = 0.0.0, i2 = 1, SINR = 48 dB, CQI = 15
[0m[NR_PHY] RI = 2 i1 = 0.0.0, i2 = 1, SINR = 48 dB, CQI = 15
[0m[NR_PHY] RI = 2 i1 = 0.0.0, i2 = 1, SINR = 48 dB, CQI = 15
[0m[NR_PHY] RI = 2 i1 = 0.0.0, i2 = 1, SINR = 48 dB, CQI = 15
[0m[NR_PHY] RI = 2 i1 = 0.0.0, i2 = 1, SINR = 48 dB, CQI = 15
[0m[NR_PHY] RI = 2 i1 = 0.0.0, i2 = 1, SINR = 48 dB, CQI = 15
[0m[NR_PHY] RI = 2 i1 = 0.0.0, i2 = 1, SINR = 48 dB, CQI = 15
[0m[NR_PHY] RI = 2 i1 = 0.0.0, i2 = 1, SINR = 48 dB, CQI = 15
[0m[NR_PHY] RI = 2 i1 = 0.0.0, i2 = 1, SINR = 48 dB, CQI = 15
[0m[NR_PHY] RI = 2 i1 = 0.0.0, i2 = 1, SINR = 48 dB, CQI = 15
[0m[NR_PHY] RI = 2 i1 = 0.0.0, i2 = 1, SINR = 48 dB, CQI = 15
[0m[NR_PHY] RI = 2 i1 = 0.0.0, i2 = 1, SINR = 48 dB, CQI = 15
[0m[NR_PHY] RI = 2 i1 = 0.0.0, i2 = 1, SINR = 48 dB, CQI = 15
[0m[NR_PHY] RI = 2 i1 = 0.0.0, i2 = 1, SINR = 48 dB, CQI = 15
[0m[NR_PHY] RI = 2 i1 = 0.0.0, i2 = 1, SINR = 48 dB, CQI = 15
[0m[NR_PHY] RI = 2 i1 = 0.0.0, i2 = 1, SINR = 48 dB, CQI = 15
[0m[NR_PHY] RI = 2 i1 = 0.0.0, i2 = 1, SINR = 48 dB, CQI = 15
[0m[NR_PHY] RI = 2 i1 = 0.0.0, i2 = 1, SINR = 48 dB, CQI = 15
[0m[NR_PHY] RI = 2 i1 = 0.0.0, i2 = 1, SINR = 48 dB, CQI = 15
[0m[NR_PHY] RI = 2 i1 = 0.0.0, i2 = 1, SINR = 48 dB, CQI = 15
[0m[NR_PHY] RI = 2 i1 = 0.0.0, i2 = 1, SINR = 48 dB, CQI = 15
[0m[NR_PHY] RI = 2 i1 = 0.0.0, i2 = 1, SINR = 48 dB, CQI = 15
[0m[1;31m[RLC]    2333 SDU rejected, SDU buffer full
[0m[NR_PHY] RI = 2 i1 = 0.0.0, i2 = 1, SINR = 48 dB, CQI = 15
[0m[NR_PHY] RI = 2 i1 = 0.0.0, i2 = 1, SINR = 48 dB, CQI = 15
[0m[NR_PHY] RI = 2 i1 = 0.0.0, i2 = 1, SINR = 48 dB, CQI = 15
[0m[NR_PHY] RI = 2 i1 = 0.0.0, i2 = 1, SINR = 48 dB, CQI = 15
[0m[NR_PHY] RI = 2 i1 = 0.0.0, i2 = 1, SINR = 48 dB, CQI = 15
[0m[NR_PHY] RI = 2 i1 = 0.0.0, i2 = 1, SINR = 48 dB, CQI = 15
[0m[NR_PHY] RI = 2 i1 = 0.0.0, i2 = 1, SINR = 48 dB, CQI = 15
[0m[NR_PHY] RI = 2 i1 = 0.0.0, i2 = 1, SINR = 48 dB, CQI = 15
[0m[NR_PHY] RI = 2 i1 = 0.0.0, i2 = 1, SINR = 48 dB, CQI = 15
[0m[NR_PHY] RI = 2 i1 = 0.0.0, i2 = 1, SINR = 48 dB, CQI = 15
[0m[NR_PHY] RI = 2 i1 = 0.0.0, i2 = 1, SINR = 48 dB, CQI = 15
[0m[NR_PHY] RI = 2 i1 = 0.0.0, i2 = 1, SINR = 48 dB, CQI = 15
[0m[NR_PHY] RI = 2 i1 = 0.0.0, i2 = 1, SINR = 48 dB, CQI = 15
[0m[NR_PHY] RI = 2 i1 = 0.0.0, i2 = 1, SINR = 48 dB, CQI = 15
[0m[NR_PHY] RI = 2 i1 = 0.0.0, i2 = 1, SINR = 48 dB, CQI = 15
[0m[NR_PHY] RI = 2 i1 = 0.0.0, i2 = 1, SINR = 48 dB, CQI = 15
[0m[NR_PHY] RI = 2 i1 = 0.0.0, i2 = 1, SINR = 48 dB, CQI = 15
[0m[NR_PHY] RI = 2 i1 = 0.0.0, i2 = 1, SINR = 48 dB, CQI = 15
[0m[NR_PHY] RI = 2 i1 = 0.0.0, i2 = 1, SINR = 48 dB, CQI = 15
[0m[NR_PHY] RI = 2 i1 = 0.0.0, i2 = 1, SINR = 48 dB, CQI = 15
[0m[NR_PHY] RI = 2 i1 = 0.0.0, i2 = 1, SINR = 48 dB, CQI = 15
[0m[NR_PHY] RI = 2 i1 = 0.0.0, i2 = 1, SINR = 48 dB, CQI = 15
[0m[NR_PHY] RI = 2 i1 = 0.0.0, i2 = 1, SINR = 48 dB, CQI = 15
[0m[NR_PHY] RI = 2 i1 = 0.0.0, i2 = 1, SINR = 48 dB, CQI = 15
[0m[NR_PHY] RI = 2 i1 = 0.0.0, i2 = 1, SINR = 48 dB, CQI = 15
[0m[NR_PHY] RI = 2 i1 = 0.0.0, i2 = 1, SINR = 48 dB, CQI = 15
[0m[NR_PHY] RI = 2 i1 = 0.0.0, i2 = 1, SINR = 48 dB, CQI = 15
[0m[NR_PHY] RI = 2 i1 = 0.0.0, i2 = 1, SINR = 48 dB, CQI = 15
[0m[NR_MAC] UE 0 RNTI e66b stats sfn: 768.2, cumulated bad DCI 0
    DL harq: 307/1/0
    UL harq: 7124/578/2 avg code rate 0.6, avg bit/symbol 5.8, avg per TB: (nb RBs 17.0, nb symbols 13.0)
[0m[NR_PHY] RI = 2 i1 = 0.0.0, i2 = 1, SINR = 48 dB, CQI = 15
[0m[NR_PHY] RI = 2 i1 = 0.0.0, i2 = 1, SINR = 48 dB, CQI = 15
[0m[NR_PHY] RI = 2 i1 = 0.0.0, i2 = 1, SINR = 48 dB, CQI = 15
[0m[NR_PHY] RI = 2 i1 = 0.0.0, i2 = 1, SINR = 48 dB, CQI = 15
[0m[NR_PHY] RI = 2 i1 = 0.0.0, i2 = 1, SINR = 48 dB, CQI = 15
[0m[NR_PHY] RI = 2 i1 = 0.0.0, i2 = 1, SINR = 48 dB, CQI = 15
[0m[NR_PHY] RI = 2 i1 = 0.0.0, i2 = 1, SINR = 48 dB, CQI = 15
[0m[NR_PHY] RI = 2 i1 = 0.0.0, i2 = 1, SINR = 48 dB, CQI = 15
[0m[NR_PHY] RI = 2 i1 = 0.0.0, i2 = 1, SINR = 48 dB, CQI = 15
[0m[NR_PHY] RI = 2 i1 = 0.0.0, i2 = 1, SINR = 48 dB, CQI = 15
[0m[NR_PHY] RI = 2 i1 = 0.0.0, i2 = 1, SINR = 48 dB, CQI = 15
[0m[NR_PHY] RI = 2 i1 = 0.0.0, i2 = 1, SINR = 48 dB, CQI = 15
[0m[NR_PHY] RI = 2 i1 = 0.0.0, i2 = 1, SINR = 48 dB, CQI = 15
[0m[NR_PHY] RI = 2 i1 = 0.0.0, i2 = 1, SINR = 48 dB, CQI = 15
[0m[NR_PHY] RI = 2 i1 = 0.0.0, i2 = 1, SINR = 48 dB, CQI = 15
[0m[NR_PHY] RI = 2 i1 = 0.0.0, i2 = 1, SINR = 48 dB, CQI = 15
[0m[NR_PHY] RI = 2 i1 = 0.0.0, i2 = 1, SINR = 48 dB, CQI = 15
[0m[NR_PHY] RI = 2 i1 = 0.0.0, i2 = 1, SINR = 48 dB, CQI = 15
[0m[NR_PHY] RI = 2 i1 = 0.0.0, i2 = 1, SINR = 48 dB, CQI = 15
[0m[NR_PHY] RI = 2 i1 = 0.0.0, i2 = 1, SINR = 48 dB, CQI = 15
[0m[NR_PHY] RI = 2 i1 = 0.0.0, i2 = 1, SINR = 48 dB, CQI = 15
[0m[NR_PHY] RI = 2 i1 = 0.0.0, i2 = 1, SINR = 48 dB, CQI = 15
[0m[1;31m[RLC]    2317 SDU rejected, SDU buffer full
[0m[NR_PHY] RI = 2 i1 = 0.0.0, i2 = 1, SINR = 48 dB, CQI = 15
[0m[NR_PHY] RI = 2 i1 = 0.0.0, i2 = 1, SINR = 48 dB, CQI = 15
[0m[NR_PHY] RI = 2 i1 = 0.0.0, i2 = 1, SINR = 48 dB, CQI = 15
[0m[NR_PHY] RI = 2 i1 = 0.0.0, i2 = 1, SINR = 48 dB, CQI = 15
[0m[NR_PHY] RI = 2 i1 = 0.0.0, i2 = 1, SINR = 48 dB, CQI = 15
[0m[NR_PHY] RI = 2 i1 = 0.0.0, i2 = 1, SINR = 48 dB, CQI = 15
[0m[NR_PHY] RI = 2 i1 = 0.0.0, i2 = 1, SINR = 48 dB, CQI = 15
[0m[NR_PHY] RI = 2 i1 = 0.0.0, i2 = 1, SINR = 48 dB, CQI = 15
[0m[NR_PHY] RI = 2 i1 = 0.0.0, i2 = 1, SINR = 48 dB, CQI = 15
[0m[NR_PHY] RI = 2 i1 = 0.0.0, i2 = 1, SINR = 48 dB, CQI = 15
[0m[NR_PHY] RI = 2 i1 = 0.0.0, i2 = 1, SINR = 48 dB, CQI = 15
[0m[NR_PHY] RI = 2 i1 = 0.0.0, i2 = 1, SINR = 48 dB, CQI = 15
[0m[NR_PHY] RI = 2 i1 = 0.0.0, i2 = 1, SINR = 48 dB, CQI = 15
[0m[NR_PHY] RI = 2 i1 = 0.0.0, i2 = 1, SINR = 48 dB, CQI = 15
[0m[NR_PHY] RI = 2 i1 = 0.0.0, i2 = 1, SINR = 48 dB, CQI = 15
[0m[NR_PHY] RI = 2 i1 = 0.0.0, i2 = 1, SINR = 48 dB, CQI = 15
[0m[NR_PHY] RI = 2 i1 = 0.0.0, i2 = 1, SINR = 48 dB, CQI = 15
[0m[NR_PHY] RI = 2 i1 = 0.0.0, i2 = 1, SINR = 48 dB, CQI = 15
[0m[NR_PHY] RI = 2 i1 = 0.0.0, i2 = 1, SINR = 48 dB, CQI = 15
[0m[NR_PHY] RI = 2 i1 = 0.0.0, i2 = 1, SINR = 48 dB, CQI = 15
[0m[NR_PHY] RI = 2 i1 = 0.0.0, i2 = 1, SINR = 48 dB, CQI = 15
[0m[NR_PHY] RI = 2 i1 = 0.0.0, i2 = 1, SINR = 48 dB, CQI = 15
[0m[NR_PHY] RI = 2 i1 = 0.0.0, i2 = 1, SINR = 48 dB, CQI = 15
[0m[NR_PHY] RI = 2 i1 = 0.0.0, i2 = 1, SINR = 48 dB, CQI = 15
[0m[NR_PHY] RI = 2 i1 = 0.0.0, i2 = 1, SINR = 48 dB, CQI = 15
[0m[NR_PHY] RI = 2 i1 = 0.0.0, i2 = 1, SINR = 48 dB, CQI = 15
[0m[NR_PHY] RI = 2 i1 = 0.0.0, i2 = 1, SINR = 48 dB, CQI = 15
[0m[NR_PHY] RI = 2 i1 = 0.0.0, i2 = 1, SINR = 48 dB, CQI = 15
[0m[NR_PHY] RI = 2 i1 = 0.0.0, i2 = 1, SINR = 48 dB, CQI = 15
[0m[NR_PHY] RI = 2 i1 = 0.0.0, i2 = 1, SINR = 48 dB, CQI = 15
[0m[NR_PHY] RI = 2 i1 = 0.0.0, i2 = 1, SINR = 48 dB, CQI = 15
[0m[NR_PHY] RI = 2 i1 = 0.0.0, i2 = 1, SINR = 48 dB, CQI = 15
[0m[NR_PHY] RI = 2 i1 = 0.0.0, i2 = 1, SINR = 48 dB, CQI = 15
[0m[NR_PHY] RI = 2 i1 = 0.0.0, i2 = 1, SINR = 48 dB, CQI = 15
[0m[NR_PHY] RI = 2 i1 = 0.0.0, i2 = 1, SINR = 48 dB, CQI = 15
[0m[NR_PHY] RI = 2 i1 = 0.0.0, i2 = 1, SINR = 48 dB, CQI = 15
[0m[NR_PHY] RI = 2 i1 = 0.0.0, i2 = 1, SINR = 48 dB, CQI = 15
[0m[NR_PHY] RI = 2 i1 = 0.0.0, i2 = 1, SINR = 48 dB, CQI = 15
[0m[NR_PHY] RI = 2 i1 = 0.0.0, i2 = 1, SINR = 48 dB, CQI = 15
[0m[NR_PHY] RI = 2 i1 = 0.0.0, i2 = 1, SINR = 48 dB, CQI = 15
[0m[NR_PHY] RI = 2 i1 = 0.0.0, i2 = 1, SINR = 48 dB, CQI = 15
[0m[NR_PHY] RI = 2 i1 = 0.0.0, i2 = 1, SINR = 48 dB, CQI = 15
[0m[NR_MAC] UE 0 RNTI e66b stats sfn: 896.2, cumulated bad DCI 0
    DL harq: 326/1/0
    UL harq: 7609/605/2 avg code rate 0.6, avg bit/symbol 5.8, avg per TB: (nb RBs 17.0, nb symbols 13.0)
[0m[NR_PHY] RI = 2 i1 = 0.0.0, i2 = 1, SINR = 48 dB, CQI = 15
[0m[NR_PHY] RI = 2 i1 = 0.0.0, i2 = 1, SINR = 48 dB, CQI = 15
[0m[NR_PHY] RI = 2 i1 = 0.0.0, i2 = 1, SINR = 48 dB, CQI = 15
[0m[NR_PHY] RI = 2 i1 = 0.0.0, i2 = 1, SINR = 48 dB, CQI = 15
[0m[NR_PHY] RI = 2 i1 = 0.0.0, i2 = 1, SINR = 48 dB, CQI = 15
[0m[NR_PHY] RI = 2 i1 = 0.0.0, i2 = 1, SINR = 48 dB, CQI = 15
[0m[NR_PHY] RI = 2 i1 = 0.0.0, i2 = 1, SINR = 48 dB, CQI = 15
[0m[NR_PHY] RI = 2 i1 = 0.0.0, i2 = 1, SINR = 48 dB, CQI = 15
[0m[1;31m[RLC]    2325 SDU rejected, SDU buffer full
[0m[NR_PHY] RI = 2 i1 = 0.0.0, i2 = 1, SINR = 48 dB, CQI = 15
[0m[NR_PHY] RI = 2 i1 = 0.0.0, i2 = 1, SINR = 48 dB, CQI = 15
[0m[NR_PHY] RI = 2 i1 = 0.0.0, i2 = 1, SINR = 48 dB, CQI = 15
[0m[NR_PHY] RI = 2 i1 = 0.0.0, i2 = 1, SINR = 48 dB, CQI = 15
[0m[NR_PHY] RI = 2 i1 = 0.0.0, i2 = 1, SINR = 48 dB, CQI = 15
[0m[NR_PHY] RI = 2 i1 = 0.0.0, i2 = 1, SINR = 48 dB, CQI = 15
[0m[NR_PHY] RI = 2 i1 = 0.0.0, i2 = 1, SINR = 48 dB, CQI = 15
[0m[NR_PHY] RI = 2 i1 = 0.0.0, i2 = 1, SINR = 48 dB, CQI = 15
[0m[NR_PHY] RI = 2 i1 = 0.0.0, i2 = 1, SINR = 48 dB, CQI = 15
[0m[NR_PHY] RI = 2 i1 = 0.0.0, i2 = 1, SINR = 48 dB, CQI = 15
[0m[NR_PHY] RI = 2 i1 = 0.0.0, i2 = 1, SINR = 48 dB, CQI = 15
[0m[NR_PHY] RI = 2 i1 = 0.0.0, i2 = 1, SINR = 48 dB, CQI = 15
[0m[NR_PHY] RI = 2 i1 = 0.0.0, i2 = 1, SINR = 48 dB, CQI = 15
[0m[NR_PHY] RI = 2 i1 = 0.0.0, i2 = 1, SINR = 48 dB, CQI = 15
[0m[NR_PHY] RI = 2 i1 = 0.0.0, i2 = 1, SINR = 48 dB, CQI = 15
[0m[NR_PHY] RI = 2 i1 = 0.0.0, i2 = 1, SINR = 48 dB, CQI = 15
[0m[NR_PHY] RI = 2 i1 = 0.0.0, i2 = 1, SINR = 48 dB, CQI = 15
[0m[NR_PHY] RI = 2 i1 = 0.0.0, i2 = 1, SINR = 48 dB, CQI = 15
[0m[NR_PHY] RI = 2 i1 = 0.0.0, i2 = 1, SINR = 48 dB, CQI = 15
[0m[NR_PHY] RI = 2 i1 = 0.0.0, i2 = 1, SINR = 48 dB, CQI = 15
[0m[NR_PHY] RI = 2 i1 = 0.0.0, i2 = 1, SINR = 48 dB, CQI = 15
[0m[NR_PHY] RI = 2 i1 = 0.0.0, i2 = 1, SINR = 48 dB, CQI = 15
[0m[NR_PHY] RI = 2 i1 = 0.0.0, i2 = 1, SINR = 48 dB, CQI = 15
[0m[NR_PHY] RI = 2 i1 = 0.0.0, i2 = 1, SINR = 48 dB, CQI = 15
[0m[NR_PHY] RI = 2 i1 = 0.0.0, i2 = 1, SINR = 48 dB, CQI = 15
[0m[NR_PHY] RI = 2 i1 = 0.0.0, i2 = 1, SINR = 48 dB, CQI = 15
[0m[NR_PHY] RI = 2 i1 = 0.0.0, i2 = 1, SINR = 48 dB, CQI = 15
[0m[NR_PHY] RI = 2 i1 = 0.0.0, i2 = 1, SINR = 48 dB, CQI = 15
[0m[NR_PHY] RI = 2 i1 = 0.0.0, i2 = 1, SINR = 48 dB, CQI = 15
[0m[NR_PHY] RI = 2 i1 = 0.0.0, i2 = 1, SINR = 48 dB, CQI = 15
[0m[NR_PHY] RI = 2 i1 = 0.0.0, i2 = 1, SINR = 48 dB, CQI = 15
[0m[NR_PHY] RI = 2 i1 = 0.0.0, i2 = 1, SINR = 48 dB, CQI = 15
[0m[NR_PHY] RI = 2 i1 = 0.0.0, i2 = 1, SINR = 48 dB, CQI = 15
[0m[NR_PHY] RI = 2 i1 = 0.0.0, i2 = 1, SINR = 48 dB, CQI = 15
[0m[NR_PHY] RI = 2 i1 = 0.0.0, i2 = 1, SINR = 48 dB, CQI = 15
[0m[NR_PHY] RI = 2 i1 = 0.0.0, i2 = 1, SINR = 48 dB, CQI = 15
[0m[NR_PHY] RI = 2 i1 = 0.0.0, i2 = 1, SINR = 48 dB, CQI = 15
[0m[NR_PHY] RI = 2 i1 = 0.0.0, i2 = 1, SINR = 48 dB, CQI = 15
[0m[NR_PHY] RI = 2 i1 = 0.0.0, i2 = 1, SINR = 48 dB, CQI = 15
[0m[NR_PHY] RI = 2 i1 = 0.0.0, i2 = 1, SINR = 48 dB, CQI = 15
[0m[NR_PHY] RI = 2 i1 = 0.0.0, i2 = 1, SINR = 48 dB, CQI = 15
[0m[NR_PHY] RI = 2 i1 = 0.0.0, i2 = 1, SINR = 48 dB, CQI = 15
[0m[NR_PHY] RI = 2 i1 = 0.0.0, i2 = 1, SINR = 48 dB, CQI = 15
[0m[NR_PHY] RI = 2 i1 = 0.0.0, i2 = 1, SINR = 48 dB, CQI = 15
[0m[NR_PHY] RI = 2 i1 = 0.0.0, i2 = 1, SINR = 48 dB, CQI = 15
[0m[NR_PHY] RI = 2 i1 = 0.0.0, i2 = 1, SINR = 48 dB, CQI = 15
[0m[NR_PHY] RI = 2 i1 = 0.0.0, i2 = 1, SINR = 48 dB, CQI = 15
[0m[NR_PHY] RI = 2 i1 = 0.0.0, i2 = 1, SINR = 48 dB, CQI = 15
[0m[NR_PHY] RI = 2 i1 = 0.0.0, i2 = 1, SINR = 48 dB, CQI = 15
[0m[NR_PHY] RI = 2 i1 = 0.0.0, i2 = 1, SINR = 48 dB, CQI = 15
[0m[1;31m[RLC]    2314 SDU rejected, SDU buffer full
[0m[NR_PHY] RI = 2 i1 = 0.0.0, i2 = 1, SINR = 48 dB, CQI = 15
[0m[NR_PHY] RI = 2 i1 = 0.0.0, i2 = 1, SINR = 48 dB, CQI = 15
[0m[NR_PHY] RI = 2 i1 = 0.0.0, i2 = 1, SINR = 48 dB, CQI = 15
[0m[NR_PHY] RI = 2 i1 = 0.0.0, i2 = 1, SINR = 48 dB, CQI = 15
[0m[NR_PHY] RI = 2 i1 = 0.0.0, i2 = 1, SINR = 48 dB, CQI = 15
[0m[NR_PHY] RI = 2 i1 = 0.0.0, i2 = 1, SINR = 48 dB, CQI = 15
[0m[NR_MAC] UE 0 RNTI e66b stats sfn: 0.2, cumulated bad DCI 0
    DL harq: 344/1/0
    UL harq: 8087/638/2 avg code rate 0.6, avg bit/symbol 5.8, avg per TB: (nb RBs 17.0, nb symbols 13.0)
[0m[NR_PHY] RI = 2 i1 = 0.0.0, i2 = 1, SINR = 48 dB, CQI = 15
[0m[NR_PHY] RI = 2 i1 = 0.0.0, i2 = 1, SINR = 48 dB, CQI = 15
[0m[NR_PHY] RI = 2 i1 = 0.0.0, i2 = 1, SINR = 48 dB, CQI = 15
[0m[NR_PHY] RI = 2 i1 = 0.0.0, i2 = 1, SINR = 48 dB, CQI = 15
[0m[NR_PHY] RI = 2 i1 = 0.0.0, i2 = 1, SINR = 48 dB, CQI = 15
[0m[NR_PHY] RI = 2 i1 = 0.0.0, i2 = 1, SINR = 48 dB, CQI = 15
[0m[NR_PHY] RI = 2 i1 = 0.0.0, i2 = 1, SINR = 48 dB, CQI = 15
[0m[NR_PHY] RI = 2 i1 = 0.0.0, i2 = 1, SINR = 48 dB, CQI = 15
[0m[NR_PHY] RI = 2 i1 = 0.0.0, i2 = 1, SINR = 48 dB, CQI = 15
[0m[NR_PHY] RI = 2 i1 = 0.0.0, i2 = 1, SINR = 48 dB, CQI = 15
[0m[NR_PHY] RI = 2 i1 = 0.0.0, i2 = 1, SINR = 48 dB, CQI = 15
[0m[NR_PHY] RI = 2 i1 = 0.0.0, i2 = 1, SINR = 48 dB, CQI = 15
[0m[NR_PHY] RI = 2 i1 = 0.0.0, i2 = 1, SINR = 48 dB, CQI = 15
[0m[NR_PHY] RI = 2 i1 = 0.0.0, i2 = 1, SINR = 48 dB, CQI = 15
[0m[NR_PHY] RI = 2 i1 = 0.0.0, i2 = 1, SINR = 48 dB, CQI = 15
[0m[NR_PHY] RI = 2 i1 = 0.0.0, i2 = 1, SINR = 48 dB, CQI = 15
[0m[NR_PHY] RI = 2 i1 = 0.0.0, i2 = 1, SINR = 48 dB, CQI = 15
[0m[NR_PHY] RI = 2 i1 = 0.0.0, i2 = 1, SINR = 48 dB, CQI = 15
[0m[NR_PHY] RI = 2 i1 = 0.0.0, i2 = 1, SINR = 48 dB, CQI = 15
[0m[NR_PHY] RI = 2 i1 = 0.0.0, i2 = 1, SINR = 48 dB, CQI = 15
[0m[NR_PHY] RI = 2 i1 = 0.0.0, i2 = 1, SINR = 48 dB, CQI = 15
[0m[NR_PHY] RI = 2 i1 = 0.0.0, i2 = 1, SINR = 48 dB, CQI = 15
[0m[NR_PHY] RI = 2 i1 = 0.0.0, i2 = 1, SINR = 48 dB, CQI = 15
[0m[NR_PHY] RI = 2 i1 = 0.0.0, i2 = 1, SINR = 48 dB, CQI = 15
[0m[NR_PHY] RI = 2 i1 = 0.0.0, i2 = 1, SINR = 48 dB, CQI = 15
[0m[NR_PHY] RI = 2 i1 = 0.0.0, i2 = 1, SINR = 48 dB, CQI = 15
[0m[NR_PHY] RI = 2 i1 = 0.0.0, i2 = 1, SINR = 48 dB, CQI = 15
[0m[NR_PHY] RI = 2 i1 = 0.0.0, i2 = 1, SINR = 48 dB, CQI = 15
[0m[NR_PHY] RI = 2 i1 = 0.0.0, i2 = 1, SINR = 48 dB, CQI = 15
[0m[NR_PHY] RI = 2 i1 = 0.0.0, i2 = 1, SINR = 48 dB, CQI = 15
[0m[NR_PHY] RI = 2 i1 = 0.0.0, i2 = 1, SINR = 48 dB, CQI = 15
[0m[NR_PHY] RI = 2 i1 = 0.0.0, i2 = 1, SINR = 48 dB, CQI = 15
[0m[NR_PHY] RI = 2 i1 = 0.0.0, i2 = 1, SINR = 48 dB, CQI = 15
[0m[NR_PHY] RI = 2 i1 = 0.0.0, i2 = 1, SINR = 48 dB, CQI = 15
[0m[NR_PHY] RI = 2 i1 = 0.0.0, i2 = 1, SINR = 48 dB, CQI = 15
[0m[NR_PHY] RI = 2 i1 = 0.0.0, i2 = 1, SINR = 48 dB, CQI = 15
[0m[NR_PHY] RI = 2 i1 = 0.0.0, i2 = 1, SINR = 48 dB, CQI = 15
[0m[NR_PHY] RI = 2 i1 = 0.0.0, i2 = 1, SINR = 48 dB, CQI = 15
[0m[NR_PHY] RI = 2 i1 = 0.0.0, i2 = 1, SINR = 48 dB, CQI = 15
[0m[NR_PHY] RI = 2 i1 = 0.0.0, i2 = 1, SINR = 48 dB, CQI = 15
[0m[NR_PHY] RI = 2 i1 = 0.0.0, i2 = 1, SINR = 48 dB, CQI = 15
[0m[NR_PHY] RI = 2 i1 = 0.0.0, i2 = 1, SINR = 48 dB, CQI = 15
[0m[NR_PHY] RI = 2 i1 = 0.0.0, i2 = 1, SINR = 48 dB, CQI = 15
[0m[NR_PHY] RI = 2 i1 = 0.0.0, i2 = 1, SINR = 48 dB, CQI = 15
[0m[1;31m[RLC]    2347 SDU rejected, SDU buffer full
[0m[NR_PHY] RI = 2 i1 = 0.0.0, i2 = 1, SINR = 48 dB, CQI = 15
[0m[NR_PHY] RI = 2 i1 = 0.0.0, i2 = 1, SINR = 48 dB, CQI = 15
[0m[NR_PHY] RI = 2 i1 = 0.0.0, i2 = 1, SINR = 48 dB, CQI = 15
[0m[NR_PHY] RI = 2 i1 = 0.0.0, i2 = 1, SINR = 48 dB, CQI = 15
[0m[NR_PHY] RI = 2 i1 = 0.0.0, i2 = 1, SINR = 48 dB, CQI = 15
[0m[NR_PHY] RI = 2 i1 = 0.0.0, i2 = 1, SINR = 48 dB, CQI = 15
[0m[NR_PHY] RI = 2 i1 = 0.0.0, i2 = 1, SINR = 48 dB, CQI = 15
[0m[NR_PHY] RI = 2 i1 = 0.0.0, i2 = 1, SINR = 48 dB, CQI = 15
[0m[NR_PHY] RI = 2 i1 = 0.0.0, i2 = 1, SINR = 48 dB, CQI = 15
[0m[NR_PHY] RI = 2 i1 = 0.0.0, i2 = 1, SINR = 48 dB, CQI = 15
[0m[NR_PHY] RI = 2 i1 = 0.0.0, i2 = 1, SINR = 48 dB, CQI = 15
[0m[NR_PHY] RI = 2 i1 = 0.0.0, i2 = 1, SINR = 48 dB, CQI = 15
[0m[NR_PHY] RI = 2 i1 = 0.0.0, i2 = 1, SINR = 48 dB, CQI = 15
[0m[NR_PHY] RI = 2 i1 = 0.0.0, i2 = 1, SINR = 48 dB, CQI = 15
[0m[NR_PHY] RI = 2 i1 = 0.0.0, i2 = 1, SINR = 48 dB, CQI = 15
[0m[NR_PHY] RI = 2 i1 = 0.0.0, i2 = 1, SINR = 48 dB, CQI = 15
[0m[NR_PHY] RI = 2 i1 = 0.0.0, i2 = 1, SINR = 48 dB, CQI = 15
[0m[NR_PHY] RI = 2 i1 = 0.0.0, i2 = 1, SINR = 48 dB, CQI = 15
[0m[NR_PHY] RI = 2 i1 = 0.0.0, i2 = 1, SINR = 48 dB, CQI = 15
[0m[NR_PHY] RI = 2 i1 = 0.0.0, i2 = 1, SINR = 48 dB, CQI = 15
[0m[NR_MAC] UE 0 RNTI e66b stats sfn: 128.2, cumulated bad DCI 0
    DL harq: 362/1/0
    UL harq: 8541/695/2 avg code rate 0.6, avg bit/symbol 5.9, avg per TB: (nb RBs 17.0, nb symbols 13.0)
[0m[NR_PHY] RI = 2 i1 = 0.0.0, i2 = 1, SINR = 48 dB, CQI = 15
[0m[NR_PHY] RI = 2 i1 = 0.0.0, i2 = 1, SINR = 48 dB, CQI = 15
[0m[NR_PHY] RI = 2 i1 = 0.0.0, i2 = 1, SINR = 48 dB, CQI = 15
[0m[NR_PHY] RI = 2 i1 = 0.0.0, i2 = 1, SINR = 48 dB, CQI = 15
[0m[NR_PHY] RI = 2 i1 = 0.0.0, i2 = 1, SINR = 48 dB, CQI = 15
[0m[NR_PHY] RI = 2 i1 = 0.0.0, i2 = 1, SINR = 48 dB, CQI = 15
[0m[NR_PHY] RI = 2 i1 = 0.0.0, i2 = 1, SINR = 48 dB, CQI = 15
[0m[NR_PHY] RI = 2 i1 = 0.0.0, i2 = 1, SINR = 48 dB, CQI = 15
[0m[NR_PHY] RI = 2 i1 = 0.0.0, i2 = 1, SINR = 48 dB, CQI = 15
[0m[NR_PHY] RI = 2 i1 = 0.0.0, i2 = 1, SINR = 48 dB, CQI = 15
[0m[NR_PHY] RI = 2 i1 = 0.0.0, i2 = 1, SINR = 48 dB, CQI = 15
[0m[NR_PHY] RI = 2 i1 = 0.0.0, i2 = 1, SINR = 48 dB, CQI = 15
[0m[NR_PHY] RI = 2 i1 = 0.0.0, i2 = 1, SINR = 48 dB, CQI = 15
[0m[NR_PHY] RI = 2 i1 = 0.0.0, i2 = 1, SINR = 48 dB, CQI = 15
[0m[NR_PHY] RI = 2 i1 = 0.0.0, i2 = 1, SINR = 48 dB, CQI = 15
[0m[NR_PHY] RI = 2 i1 = 0.0.0, i2 = 1, SINR = 48 dB, CQI = 15
[0m[NR_PHY] RI = 2 i1 = 0.0.0, i2 = 1, SINR = 48 dB, CQI = 15
[0m[NR_PHY] RI = 2 i1 = 0.0.0, i2 = 1, SINR = 48 dB, CQI = 15
[0m[NR_PHY] RI = 2 i1 = 0.0.0, i2 = 1, SINR = 48 dB, CQI = 15
[0m[NR_PHY] RI = 2 i1 = 0.0.0, i2 = 1, SINR = 48 dB, CQI = 15
[0m[NR_PHY] RI = 2 i1 = 0.0.0, i2 = 1, SINR = 48 dB, CQI = 15
[0m[NR_PHY] RI = 2 i1 = 0.0.0, i2 = 1, SINR = 48 dB, CQI = 15
[0m[NR_PHY] RI = 2 i1 = 0.0.0, i2 = 1, SINR = 48 dB, CQI = 15
[0m[NR_PHY] RI = 2 i1 = 0.0.0, i2 = 1, SINR = 48 dB, CQI = 15
[0m[NR_PHY] RI = 2 i1 = 0.0.0, i2 = 1, SINR = 48 dB, CQI = 15
[0m[NR_PHY] RI = 2 i1 = 0.0.0, i2 = 1, SINR = 48 dB, CQI = 15
[0m[NR_PHY] RI = 2 i1 = 0.0.0, i2 = 1, SINR = 48 dB, CQI = 15
[0m[NR_PHY] RI = 2 i1 = 0.0.0, i2 = 1, SINR = 48 dB, CQI = 15
[0m[NR_PHY] RI = 2 i1 = 0.0.0, i2 = 1, SINR = 48 dB, CQI = 15
[0m[NR_PHY] RI = 2 i1 = 0.0.0, i2 = 1, SINR = 48 dB, CQI = 15
[0m[1;31m[RLC]    2313 SDU rejected, SDU buffer full
[0m[NR_PHY] RI = 2 i1 = 0.0.0, i2 = 1, SINR = 48 dB, CQI = 15
[0m[NR_PHY] RI = 2 i1 = 0.0.0, i2 = 1, SINR = 48 dB, CQI = 15
[0m[NR_PHY] RI = 2 i1 = 0.0.0, i2 = 1, SINR = 48 dB, CQI = 15
[0m[NR_PHY] RI = 2 i1 = 0.0.0, i2 = 1, SINR = 48 dB, CQI = 15
[0m[NR_PHY] RI = 2 i1 = 0.0.0, i2 = 1, SINR = 48 dB, CQI = 15
[0m[NR_PHY] RI = 2 i1 = 0.0.0, i2 = 1, SINR = 48 dB, CQI = 15
[0m[NR_PHY] RI = 2 i1 = 0.0.0, i2 = 1, SINR = 48 dB, CQI = 15
[0m[NR_PHY] RI = 2 i1 = 0.0.0, i2 = 1, SINR = 48 dB, CQI = 15
[0m[NR_PHY] RI = 2 i1 = 0.0.0, i2 = 1, SINR = 48 dB, CQI = 15
[0m[NR_PHY] RI = 2 i1 = 0.0.0, i2 = 1, SINR = 48 dB, CQI = 15
[0m[NR_PHY] RI = 2 i1 = 0.0.0, i2 = 1, SINR = 48 dB, CQI = 15
[0m[NR_PHY] RI = 2 i1 = 0.0.0, i2 = 1, SINR = 48 dB, CQI = 15
[0m[NR_PHY] RI = 2 i1 = 0.0.0, i2 = 1, SINR = 48 dB, CQI = 15
[0m[NR_PHY] RI = 2 i1 = 0.0.0, i2 = 1, SINR = 48 dB, CQI = 15
[0m[NR_PHY] RI = 2 i1 = 0.0.0, i2 = 1, SINR = 48 dB, CQI = 15
[0m[NR_PHY] RI = 2 i1 = 0.0.0, i2 = 1, SINR = 48 dB, CQI = 15
[0m[NR_PHY] RI = 2 i1 = 0.0.0, i2 = 1, SINR = 48 dB, CQI = 15
[0m[NR_PHY] RI = 2 i1 = 0.0.0, i2 = 1, SINR = 48 dB, CQI = 15
[0m[NR_PHY] RI = 2 i1 = 0.0.0, i2 = 1, SINR = 48 dB, CQI = 15
[0m[NR_PHY] RI = 2 i1 = 0.0.0, i2 = 1, SINR = 48 dB, CQI = 15
[0m[NR_PHY] RI = 2 i1 = 0.0.0, i2 = 1, SINR = 48 dB, CQI = 15
[0m[NR_PHY] RI = 2 i1 = 0.0.0, i2 = 1, SINR = 48 dB, CQI = 15
[0m[NR_PHY] RI = 2 i1 = 0.0.0, i2 = 1, SINR = 48 dB, CQI = 15
[0m[NR_PHY] RI = 2 i1 = 0.0.0, i2 = 1, SINR = 48 dB, CQI = 15
[0m[NR_PHY] RI = 2 i1 = 0.0.0, i2 = 1, SINR = 48 dB, CQI = 15
[0m[NR_PHY] RI = 2 i1 = 0.0.0, i2 = 1, SINR = 48 dB, CQI = 15
[0m[NR_PHY] RI = 2 i1 = 0.0.0, i2 = 1, SINR = 48 dB, CQI = 15
[0m[NR_PHY] RI = 2 i1 = 0.0.0, i2 = 1, SINR = 48 dB, CQI = 15
[0m[NR_PHY] RI = 2 i1 = 0.0.0, i2 = 1, SINR = 48 dB, CQI = 15
[0m[NR_PHY] RI = 2 i1 = 0.0.0, i2 = 1, SINR = 48 dB, CQI = 15
[0m[NR_PHY] RI = 2 i1 = 0.0.0, i2 = 1, SINR = 48 dB, CQI = 15
[0m[NR_PHY] RI = 2 i1 = 0.0.0, i2 = 1, SINR = 48 dB, CQI = 15
[0m[NR_PHY] RI = 2 i1 = 0.0.0, i2 = 1, SINR = 48 dB, CQI = 15
[0m[NR_PHY] RI = 2 i1 = 0.0.0, i2 = 1, SINR = 48 dB, CQI = 15
[0m[NR_MAC] UE 0 RNTI e66b stats sfn: 256.2, cumulated bad DCI 0
    DL harq: 381/1/0
    UL harq: 9014/734/2 avg code rate 0.6, avg bit/symbol 5.9, avg per TB: (nb RBs 17.0, nb symbols 13.0)
[0m[NR_PHY] RI = 2 i1 = 0.0.0, i2 = 1, SINR = 48 dB, CQI = 15
[0m[NR_PHY] RI = 2 i1 = 0.0.0, i2 = 1, SINR = 48 dB, CQI = 15
[0m[NR_PHY] RI = 2 i1 = 0.0.0, i2 = 1, SINR = 48 dB, CQI = 15
[0m[NR_PHY] RI = 2 i1 = 0.0.0, i2 = 1, SINR = 48 dB, CQI = 15
[0m[NR_PHY] RI = 2 i1 = 0.0.0, i2 = 1, SINR = 48 dB, CQI = 15
[0m[NR_PHY] RI = 2 i1 = 0.0.0, i2 = 1, SINR = 48 dB, CQI = 15
[0m[NR_PHY] RI = 2 i1 = 0.0.0, i2 = 1, SINR = 48 dB, CQI = 15
[0m[NR_PHY] RI = 2 i1 = 0.0.0, i2 = 1, SINR = 48 dB, CQI = 15
[0m[NR_PHY] RI = 2 i1 = 0.0.0, i2 = 1, SINR = 48 dB, CQI = 15
[0m[NR_PHY] RI = 2 i1 = 0.0.0, i2 = 1, SINR = 48 dB, CQI = 15
[0m[NR_PHY] RI = 2 i1 = 0.0.0, i2 = 1, SINR = 48 dB, CQI = 15
[0m[NR_PHY] RI = 2 i1 = 0.0.0, i2 = 1, SINR = 48 dB, CQI = 15
[0m[NR_PHY] RI = 2 i1 = 0.0.0, i2 = 1, SINR = 48 dB, CQI = 15
[0m[NR_PHY] RI = 2 i1 = 0.0.0, i2 = 1, SINR = 48 dB, CQI = 15
[0m[NR_PHY] RI = 2 i1 = 0.0.0, i2 = 1, SINR = 48 dB, CQI = 15
[0m[NR_PHY] RI = 2 i1 = 0.0.0, i2 = 1, SINR = 48 dB, CQI = 15
[0m[1;31m[RLC]    2322 SDU rejected, SDU buffer full
[0m[NR_PHY] RI = 2 i1 = 0.0.0, i2 = 1, SINR = 48 dB, CQI = 15
[0m[NR_PHY] RI = 2 i1 = 0.0.0, i2 = 1, SINR = 48 dB, CQI = 15
[0m[NR_PHY] RI = 2 i1 = 0.0.0, i2 = 1, SINR = 48 dB, CQI = 15
[0m[NR_PHY] RI = 2 i1 = 0.0.0, i2 = 1, SINR = 48 dB, CQI = 15
[0m[NR_PHY] RI = 2 i1 = 0.0.0, i2 = 1, SINR = 48 dB, CQI = 15
[0m[NR_PHY] RI = 2 i1 = 0.0.0, i2 = 1, SINR = 48 dB, CQI = 15
[0m[NR_PHY] RI = 2 i1 = 0.0.0, i2 = 1, SINR = 48 dB, CQI = 15
[0m[NR_PHY] RI = 2 i1 = 0.0.0, i2 = 1, SINR = 48 dB, CQI = 15
[0m[NR_PHY] RI = 2 i1 = 0.0.0, i2 = 1, SINR = 48 dB, CQI = 15
[0m[NR_PHY] RI = 2 i1 = 0.0.0, i2 = 1, SINR = 48 dB, CQI = 15
[0m[NR_PHY] RI = 2 i1 = 0.0.0, i2 = 1, SINR = 48 dB, CQI = 15
[0m[NR_PHY] RI = 2 i1 = 0.0.0, i2 = 1, SINR = 48 dB, CQI = 15
[0m[NR_PHY] RI = 2 i1 = 0.0.0, i2 = 1, SINR = 48 dB, CQI = 15
[0m[NR_PHY] RI = 2 i1 = 0.0.0, i2 = 1, SINR = 48 dB, CQI = 15
[0m[NR_PHY] RI = 2 i1 = 0.0.0, i2 = 1, SINR = 48 dB, CQI = 15
[0m[NR_PHY] RI = 2 i1 = 0.0.0, i2 = 1, SINR = 48 dB, CQI = 15
[0m[NR_PHY] RI = 2 i1 = 0.0.0, i2 = 1, SINR = 48 dB, CQI = 15
[0m[NR_PHY] RI = 2 i1 = 0.0.0, i2 = 1, SINR = 48 dB, CQI = 15
[0m[NR_PHY] RI = 2 i1 = 0.0.0, i2 = 1, SINR = 48 dB, CQI = 15
[0m[NR_PHY] RI = 2 i1 = 0.0.0, i2 = 1, SINR = 48 dB, CQI = 15
[0m[NR_PHY] RI = 2 i1 = 0.0.0, i2 = 1, SINR = 48 dB, CQI = 15
[0m[NR_PHY] RI = 2 i1 = 0.0.0, i2 = 1, SINR = 48 dB, CQI = 15
[0m[NR_PHY] RI = 2 i1 = 0.0.0, i2 = 1, SINR = 48 dB, CQI = 15
[0m[NR_PHY] RI = 2 i1 = 0.0.0, i2 = 1, SINR = 48 dB, CQI = 15
[0m[NR_PHY] RI = 2 i1 = 0.0.0, i2 = 1, SINR = 48 dB, CQI = 15
[0m[NR_PHY] RI = 2 i1 = 0.0.0, i2 = 1, SINR = 48 dB, CQI = 15
[0m[NR_PHY] RI = 2 i1 = 0.0.0, i2 = 1, SINR = 48 dB, CQI = 15
[0m[NR_PHY] RI = 2 i1 = 0.0.0, i2 = 1, SINR = 48 dB, CQI = 15
[0m[NR_PHY] RI = 2 i1 = 0.0.0, i2 = 1, SINR = 48 dB, CQI = 15
[0m[NR_PHY] RI = 2 i1 = 0.0.0, i2 = 1, SINR = 48 dB, CQI = 15
[0m[NR_PHY] RI = 2 i1 = 0.0.0, i2 = 1, SINR = 48 dB, CQI = 15
[0m[NR_PHY] RI = 2 i1 = 0.0.0, i2 = 1, SINR = 48 dB, CQI = 15
[0m[NR_PHY] RI = 2 i1 = 0.0.0, i2 = 1, SINR = 48 dB, CQI = 15
[0m[NR_PHY] RI = 2 i1 = 0.0.0, i2 = 1, SINR = 48 dB, CQI = 15
[0m[NR_PHY] RI = 2 i1 = 0.0.0, i2 = 1, SINR = 48 dB, CQI = 15
[0m[NR_PHY] RI = 2 i1 = 0.0.0, i2 = 1, SINR = 48 dB, CQI = 15
[0m[NR_PHY] RI = 2 i1 = 0.0.0, i2 = 1, SINR = 48 dB, CQI = 15
[0m[NR_PHY] RI = 2 i1 = 0.0.0, i2 = 1, SINR = 48 dB, CQI = 15
[0m[NR_PHY] RI = 2 i1 = 0.0.0, i2 = 1, SINR = 48 dB, CQI = 15
[0m[NR_PHY] RI = 2 i1 = 0.0.0, i2 = 1, SINR = 48 dB, CQI = 15
[0m[NR_PHY] RI = 2 i1 = 0.0.0, i2 = 1, SINR = 48 dB, CQI = 15
[0m[NR_PHY] RI = 2 i1 = 0.0.0, i2 = 1, SINR = 48 dB, CQI = 15
[0m[NR_PHY] RI = 2 i1 = 0.0.0, i2 = 1, SINR = 48 dB, CQI = 15
[0m[NR_PHY] RI = 2 i1 = 0.0.0, i2 = 1, SINR = 48 dB, CQI = 15
[0m[NR_PHY] RI = 2 i1 = 0.0.0, i2 = 1, SINR = 48 dB, CQI = 15
[0m[NR_PHY] RI = 2 i1 = 0.0.0, i2 = 1, SINR = 48 dB, CQI = 15
[0m[NR_PHY] RI = 2 i1 = 0.0.0, i2 = 1, SINR = 48 dB, CQI = 15
[0m[NR_PHY] RI = 2 i1 = 0.0.0, i2 = 1, SINR = 48 dB, CQI = 15
[0m[NR_MAC] UE 0 RNTI e66b stats sfn: 384.2, cumulated bad DCI 0
    DL harq: 400/1/0
    UL harq: 9493/767/2 avg code rate 0.6, avg bit/symbol 5.9, avg per TB: (nb RBs 17.0, nb symbols 13.0)
[0m[NR_PHY] RI = 2 i1 = 0.0.0, i2 = 1, SINR = 48 dB, CQI = 15
[0m[NR_PHY] RI = 2 i1 = 0.0.0, i2 = 1, SINR = 48 dB, CQI = 15
[0m[1;31m[RLC]    2315 SDU rejected, SDU buffer full
[0m[NR_PHY] RI = 2 i1 = 0.0.0, i2 = 1, SINR = 48 dB, CQI = 15
[0m[NR_PHY] RI = 2 i1 = 0.0.0, i2 = 1, SINR = 48 dB, CQI = 15
[0m[NR_PHY] RI = 2 i1 = 0.0.0, i2 = 1, SINR = 48 dB, CQI = 15
[0m[NR_PHY] RI = 2 i1 = 0.0.0, i2 = 1, SINR = 48 dB, CQI = 15
[0m[NR_PHY] RI = 2 i1 = 0.0.0, i2 = 1, SINR = 48 dB, CQI = 15
[0m[NR_PHY] RI = 2 i1 = 0.0.0, i2 = 1, SINR = 48 dB, CQI = 15
[0m[NR_PHY] RI = 2 i1 = 0.0.0, i2 = 1, SINR = 48 dB, CQI = 15
[0m[NR_PHY] RI = 2 i1 = 0.0.0, i2 = 1, SINR = 48 dB, CQI = 15
[0m[NR_PHY] RI = 2 i1 = 0.0.0, i2 = 1, SINR = 48 dB, CQI = 15
[0m[NR_PHY] RI = 2 i1 = 0.0.0, i2 = 1, SINR = 48 dB, CQI = 15
[0m[NR_PHY] RI = 2 i1 = 0.0.0, i2 = 1, SINR = 48 dB, CQI = 15
[0m[NR_PHY] RI = 2 i1 = 0.0.0, i2 = 1, SINR = 48 dB, CQI = 15
[0m[NR_PHY] RI = 2 i1 = 0.0.0, i2 = 1, SINR = 48 dB, CQI = 15
[0m[NR_PHY] RI = 2 i1 = 0.0.0, i2 = 1, SINR = 48 dB, CQI = 15
[0m[NR_PHY] RI = 2 i1 = 0.0.0, i2 = 1, SINR = 48 dB, CQI = 15
[0m[NR_PHY] RI = 2 i1 = 0.0.0, i2 = 1, SINR = 48 dB, CQI = 15
[0m[NR_PHY] RI = 2 i1 = 0.0.0, i2 = 1, SINR = 48 dB, CQI = 15
[0m[NR_PHY] RI = 2 i1 = 0.0.0, i2 = 1, SINR = 48 dB, CQI = 15
[0m[NR_PHY] RI = 2 i1 = 0.0.0, i2 = 1, SINR = 48 dB, CQI = 15
[0m[NR_PHY] RI = 2 i1 = 0.0.0, i2 = 1, SINR = 48 dB, CQI = 15
[0m[NR_PHY] RI = 2 i1 = 0.0.0, i2 = 1, SINR = 48 dB, CQI = 15
[0m[NR_PHY] RI = 2 i1 = 0.0.0, i2 = 1, SINR = 48 dB, CQI = 15
[0m[NR_PHY] RI = 2 i1 = 0.0.0, i2 = 1, SINR = 48 dB, CQI = 15
[0m[NR_PHY] RI = 2 i1 = 0.0.0, i2 = 1, SINR = 48 dB, CQI = 15
[0m[NR_PHY] RI = 2 i1 = 0.0.0, i2 = 1, SINR = 48 dB, CQI = 15
[0m[NR_PHY] RI = 2 i1 = 0.0.0, i2 = 1, SINR = 48 dB, CQI = 15
[0m[NR_PHY] RI = 2 i1 = 0.0.0, i2 = 1, SINR = 48 dB, CQI = 15
[0m[NR_PHY] RI = 2 i1 = 0.0.0, i2 = 1, SINR = 48 dB, CQI = 15
[0m[NR_PHY] RI = 2 i1 = 0.0.0, i2 = 1, SINR = 48 dB, CQI = 15
[0m[NR_PHY] RI = 2 i1 = 0.0.0, i2 = 1, SINR = 48 dB, CQI = 15
[0m[NR_PHY] RI = 2 i1 = 0.0.0, i2 = 1, SINR = 48 dB, CQI = 15
[0m[1;31m[PHY]    received all 0 pdu, consider it false reception, even if the TS 38.212 7.2.1 says only we should attach the corresponding CRC, and nothing prevents to have a all 0 packet
[0m[NR_PHY] RI = 2 i1 = 0.0.0, i2 = 1, SINR = 48 dB, CQI = 15
[0m[NR_PHY] RI = 2 i1 = 0.0.0, i2 = 1, SINR = 48 dB, CQI = 15
[0m[NR_PHY] RI = 2 i1 = 0.0.0, i2 = 1, SINR = 48 dB, CQI = 15
[0m[NR_PHY] RI = 2 i1 = 0.0.0, i2 = 1, SINR = 48 dB, CQI = 15
[0m[NR_PHY] RI = 2 i1 = 0.0.0, i2 = 1, SINR = 48 dB, CQI = 15
[0m[NR_PHY] RI = 2 i1 = 0.0.0, i2 = 1, SINR = 48 dB, CQI = 15
[0m[NR_PHY] RI = 2 i1 = 0.0.0, i2 = 1, SINR = 48 dB, CQI = 15
[0m[NR_PHY] RI = 2 i1 = 0.0.0, i2 = 1, SINR = 48 dB, CQI = 15
[0m[NR_PHY] RI = 2 i1 = 0.0.0, i2 = 1, SINR = 48 dB, CQI = 15
[0m[NR_PHY] RI = 2 i1 = 0.0.0, i2 = 1, SINR = 48 dB, CQI = 15
[0m[NR_PHY] RI = 2 i1 = 0.0.0, i2 = 1, SINR = 48 dB, CQI = 15
[0m[NR_PHY] RI = 2 i1 = 0.0.0, i2 = 1, SINR = 48 dB, CQI = 15
[0m[NR_PHY] RI = 2 i1 = 0.0.0, i2 = 1, SINR = 48 dB, CQI = 15
[0m[NR_PHY] RI = 2 i1 = 0.0.0, i2 = 1, SINR = 48 dB, CQI = 15
[0m[NR_PHY] RI = 2 i1 = 0.0.0, i2 = 1, SINR = 48 dB, CQI = 15
[0m[NR_PHY] RI = 2 i1 = 0.0.0, i2 = 1, SINR = 48 dB, CQI = 15
[0m[NR_PHY] RI = 2 i1 = 0.0.0, i2 = 1, SINR = 48 dB, CQI = 15
[0m[NR_PHY] RI = 2 i1 = 0.0.0, i2 = 1, SINR = 48 dB, CQI = 15
[0m[NR_PHY] RI = 2 i1 = 0.0.0, i2 = 1, SINR = 48 dB, CQI = 15
[0m[1;31m[RLC]    2329 SDU rejected, SDU buffer full
[0m[NR_PHY] RI = 2 i1 = 0.0.0, i2 = 1, SINR = 48 dB, CQI = 15
[0m[NR_PHY] RI = 2 i1 = 0.0.0, i2 = 1, SINR = 48 dB, CQI = 15
[0m[NR_PHY] RI = 2 i1 = 0.0.0, i2 = 1, SINR = 48 dB, CQI = 15
[0m[NR_PHY] RI = 2 i1 = 0.0.0, i2 = 1, SINR = 48 dB, CQI = 15
[0m[NR_PHY] RI = 2 i1 = 0.0.0, i2 = 1, SINR = 48 dB, CQI = 15
[0m[NR_PHY] RI = 2 i1 = 0.0.0, i2 = 1, SINR = 48 dB, CQI = 15
[0m[NR_PHY] RI = 2 i1 = 0.0.0, i2 = 1, SINR = 48 dB, CQI = 15
[0m[NR_PHY] RI = 2 i1 = 0.0.0, i2 = 1, SINR = 48 dB, CQI = 15
[0m[NR_PHY] RI = 2 i1 = 0.0.0, i2 = 1, SINR = 48 dB, CQI = 15
[0m[NR_PHY] RI = 2 i1 = 0.0.0, i2 = 1, SINR = 48 dB, CQI = 15
[0m[NR_PHY] RI = 2 i1 = 0.0.0, i2 = 1, SINR = 48 dB, CQI = 15
[0m[NR_PHY] RI = 2 i1 = 0.0.0, i2 = 1, SINR = 48 dB, CQI = 15
[0m[NR_MAC] UE 0 RNTI e66b stats sfn: 512.2, cumulated bad DCI 0
    DL harq: 418/2/1
    UL harq: 9940/832/2 avg code rate 0.6, avg bit/symbol 5.9, avg per TB: (nb RBs 17.0, nb symbols 13.0)
[0m[NR_PHY] RI = 2 i1 = 0.0.0, i2 = 1, SINR = 48 dB, CQI = 15
[0m[NR_PHY] RI = 2 i1 = 0.0.0, i2 = 1, SINR = 48 dB, CQI = 15
[0m[NR_PHY] RI = 2 i1 = 0.0.0, i2 = 1, SINR = 48 dB, CQI = 15
[0m[NR_PHY] RI = 2 i1 = 0.0.0, i2 = 1, SINR = 48 dB, CQI = 15
[0m[NR_PHY] RI = 2 i1 = 0.0.0, i2 = 1, SINR = 48 dB, CQI = 15
[0m[NR_PHY] RI = 2 i1 = 0.0.0, i2 = 1, SINR = 48 dB, CQI = 15
[0m[NR_PHY] RI = 2 i1 = 0.0.0, i2 = 1, SINR = 48 dB, CQI = 15
[0m[NR_PHY] RI = 2 i1 = 0.0.0, i2 = 1, SINR = 48 dB, CQI = 15
[0m[NR_PHY] RI = 2 i1 = 0.0.0, i2 = 1, SINR = 48 dB, CQI = 15
[0m[NR_PHY] RI = 2 i1 = 0.0.0, i2 = 1, SINR = 48 dB, CQI = 15
[0m[NR_PHY] RI = 2 i1 = 0.0.0, i2 = 1, SINR = 48 dB, CQI = 15
[0m[NR_PHY] RI = 2 i1 = 0.0.0, i2 = 1, SINR = 48 dB, CQI = 15
[0m[NR_PHY] RI = 2 i1 = 0.0.0, i2 = 1, SINR = 48 dB, CQI = 15
[0m[NR_PHY] RI = 2 i1 = 0.0.0, i2 = 1, SINR = 48 dB, CQI = 15
[0m[NR_PHY] RI = 2 i1 = 0.0.0, i2 = 1, SINR = 48 dB, CQI = 15
[0m[NR_PHY] RI = 2 i1 = 0.0.0, i2 = 1, SINR = 48 dB, CQI = 15
[0m[NR_PHY] RI = 2 i1 = 0.0.0, i2 = 1, SINR = 48 dB, CQI = 15
[0m[NR_PHY] RI = 2 i1 = 0.0.0, i2 = 1, SINR = 48 dB, CQI = 15
[0m[NR_PHY] RI = 2 i1 = 0.0.0, i2 = 1, SINR = 48 dB, CQI = 15
[0m[NR_PHY] RI = 2 i1 = 0.0.0, i2 = 1, SINR = 48 dB, CQI = 15
[0m[NR_PHY] RI = 2 i1 = 0.0.0, i2 = 1, SINR = 48 dB, CQI = 15
[0m[NR_PHY] RI = 2 i1 = 0.0.0, i2 = 1, SINR = 48 dB, CQI = 15
[0m[NR_PHY] RI = 2 i1 = 0.0.0, i2 = 1, SINR = 48 dB, CQI = 15
[0m[NR_PHY] RI = 2 i1 = 0.0.0, i2 = 1, SINR = 48 dB, CQI = 15
[0m[NR_PHY] RI = 2 i1 = 0.0.0, i2 = 1, SINR = 48 dB, CQI = 15
[0m[NR_PHY] RI = 2 i1 = 0.0.0, i2 = 1, SINR = 48 dB, CQI = 15
[0m[NR_PHY] RI = 2 i1 = 0.0.0, i2 = 1, SINR = 48 dB, CQI = 15
[0m[NR_PHY] RI = 2 i1 = 0.0.0, i2 = 1, SINR = 48 dB, CQI = 15
[0m[NR_PHY] RI = 2 i1 = 0.0.0, i2 = 1, SINR = 48 dB, CQI = 15
[0m[NR_PHY] RI = 2 i1 = 0.0.0, i2 = 1, SINR = 48 dB, CQI = 15
[0m[NR_PHY] RI = 2 i1 = 0.0.0, i2 = 1, SINR = 48 dB, CQI = 15
[0m[NR_PHY] RI = 2 i1 = 0.0.0, i2 = 1, SINR = 48 dB, CQI = 15
[0m[NR_PHY] RI = 2 i1 = 0.0.0, i2 = 1, SINR = 48 dB, CQI = 15
[0m[NR_PHY] RI = 2 i1 = 0.0.0, i2 = 1, SINR = 48 dB, CQI = 15
[0m[NR_PHY] RI = 2 i1 = 0.0.0, i2 = 1, SINR = 48 dB, CQI = 15
[0m[NR_PHY] RI = 2 i1 = 0.0.0, i2 = 1, SINR = 48 dB, CQI = 15
[0m[NR_PHY] RI = 2 i1 = 0.0.0, i2 = 1, SINR = 48 dB, CQI = 15
[0m[NR_PHY] RI = 2 i1 = 0.0.0, i2 = 1, SINR = 48 dB, CQI = 15
[0m[1;31m[RLC]    2315 SDU rejected, SDU buffer full
[0m[NR_PHY] RI = 2 i1 = 0.0.0, i2 = 1, SINR = 48 dB, CQI = 15
[0m[NR_PHY] RI = 2 i1 = 0.0.0, i2 = 1, SINR = 48 dB, CQI = 15
[0m[NR_PHY] RI = 2 i1 = 0.0.0, i2 = 1, SINR = 48 dB, CQI = 15
[0m[NR_PHY] RI = 2 i1 = 0.0.0, i2 = 1, SINR = 48 dB, CQI = 15
[0m[NR_PHY] RI = 2 i1 = 0.0.0, i2 = 1, SINR = 48 dB, CQI = 15
[0m[NR_PHY] RI = 2 i1 = 0.0.0, i2 = 1, SINR = 48 dB, CQI = 15
[0m[NR_PHY] RI = 2 i1 = 0.0.0, i2 = 1, SINR = 48 dB, CQI = 15
[0m[NR_PHY] RI = 2 i1 = 0.0.0, i2 = 1, SINR = 48 dB, CQI = 15
[0m[NR_PHY] RI = 2 i1 = 0.0.0, i2 = 1, SINR = 48 dB, CQI = 15
[0m[NR_PHY] RI = 2 i1 = 0.0.0, i2 = 1, SINR = 48 dB, CQI = 15
[0m[NR_PHY] RI = 2 i1 = 0.0.0, i2 = 1, SINR = 48 dB, CQI = 15
[0m[NR_PHY] RI = 2 i1 = 0.0.0, i2 = 1, SINR = 48 dB, CQI = 15
[0m[NR_PHY] RI = 2 i1 = 0.0.0, i2 = 1, SINR = 48 dB, CQI = 15
[0m[NR_PHY] RI = 2 i1 = 0.0.0, i2 = 1, SINR = 48 dB, CQI = 15
[0m[NR_PHY] RI = 2 i1 = 0.0.0, i2 = 1, SINR = 48 dB, CQI = 15
[0m[NR_PHY] RI = 2 i1 = 0.0.0, i2 = 1, SINR = 48 dB, CQI = 15
[0m[NR_PHY] RI = 2 i1 = 0.0.0, i2 = 1, SINR = 48 dB, CQI = 15
[0m[NR_PHY] RI = 2 i1 = 0.0.0, i2 = 1, SINR = 48 dB, CQI = 15
[0m[NR_PHY] RI = 2 i1 = 0.0.0, i2 = 1, SINR = 48 dB, CQI = 15
[0m[NR_PHY] RI = 2 i1 = 0.0.0, i2 = 1, SINR = 48 dB, CQI = 15
[0m[NR_PHY] RI = 2 i1 = 0.0.0, i2 = 1, SINR = 48 dB, CQI = 15
[0m[NR_PHY] RI = 2 i1 = 0.0.0, i2 = 1, SINR = 48 dB, CQI = 15
[0m[NR_PHY] RI = 2 i1 = 0.0.0, i2 = 1, SINR = 48 dB, CQI = 15
[0m[NR_PHY] RI = 2 i1 = 0.0.0, i2 = 1, SINR = 48 dB, CQI = 15
[0m[NR_PHY] RI = 2 i1 = 0.0.0, i2 = 1, SINR = 48 dB, CQI = 15
[0m[NR_PHY] RI = 2 i1 = 0.0.0, i2 = 1, SINR = 48 dB, CQI = 15
[0m[NR_MAC] UE 0 RNTI e66b stats sfn: 640.2, cumulated bad DCI 0
    DL harq: 438/2/1
    UL harq: 10438/845/2 avg code rate 0.6, avg bit/symbol 5.9, avg per TB: (nb RBs 17.0, nb symbols 13.0)
[0m[NR_PHY] RI = 2 i1 = 0.0.0, i2 = 1, SINR = 48 dB, CQI = 15
[0m[NR_PHY] RI = 2 i1 = 0.0.0, i2 = 1, SINR = 48 dB, CQI = 15
[0m[NR_PHY] RI = 2 i1 = 0.0.0, i2 = 1, SINR = 48 dB, CQI = 15
[0m[NR_PHY] RI = 2 i1 = 0.0.0, i2 = 1, SINR = 48 dB, CQI = 15
[0m[NR_PHY] RI = 2 i1 = 0.0.0, i2 = 1, SINR = 48 dB, CQI = 15
[0m[NR_PHY] RI = 2 i1 = 0.0.0, i2 = 1, SINR = 48 dB, CQI = 15
[0m[NR_PHY] RI = 2 i1 = 0.0.0, i2 = 1, SINR = 48 dB, CQI = 15
[0m[NR_PHY] RI = 2 i1 = 0.0.0, i2 = 1, SINR = 48 dB, CQI = 15
[0m[NR_PHY] RI = 2 i1 = 0.0.0, i2 = 1, SINR = 48 dB, CQI = 15
[0m[NR_PHY] RI = 2 i1 = 0.0.0, i2 = 1, SINR = 48 dB, CQI = 15
[0m[NR_PHY] RI = 2 i1 = 0.0.0, i2 = 1, SINR = 48 dB, CQI = 15
[0m[NR_PHY] RI = 2 i1 = 0.0.0, i2 = 1, SINR = 48 dB, CQI = 15
[0m[NR_PHY] RI = 2 i1 = 0.0.0, i2 = 1, SINR = 48 dB, CQI = 15
[0m[NR_PHY] RI = 2 i1 = 0.0.0, i2 = 1, SINR = 48 dB, CQI = 15
[0m[NR_PHY] RI = 2 i1 = 0.0.0, i2 = 1, SINR = 48 dB, CQI = 15
[0m[NR_PHY] RI = 2 i1 = 0.0.0, i2 = 1, SINR = 48 dB, CQI = 15
[0m[NR_PHY] RI = 2 i1 = 0.0.0, i2 = 1, SINR = 48 dB, CQI = 15
[0m[NR_PHY] RI = 2 i1 = 0.0.0, i2 = 1, SINR = 48 dB, CQI = 15
[0m[NR_PHY] RI = 2 i1 = 0.0.0, i2 = 1, SINR = 48 dB, CQI = 15
[0m[NR_PHY] RI = 2 i1 = 0.0.0, i2 = 1, SINR = 48 dB, CQI = 15
[0m[NR_PHY] RI = 2 i1 = 0.0.0, i2 = 1, SINR = 48 dB, CQI = 15
[0m[NR_PHY] RI = 2 i1 = 0.0.0, i2 = 1, SINR = 48 dB, CQI = 15
[0m[NR_PHY] RI = 2 i1 = 0.0.0, i2 = 1, SINR = 48 dB, CQI = 15
[0m[NR_PHY] RI = 2 i1 = 0.0.0, i2 = 1, SINR = 48 dB, CQI = 15
[0m[1;31m[RLC]    2341 SDU rejected, SDU buffer full
[0m[NR_PHY] RI = 2 i1 = 0.0.0, i2 = 1, SINR = 48 dB, CQI = 15
[0m[NR_PHY] RI = 2 i1 = 0.0.0, i2 = 1, SINR = 48 dB, CQI = 15
[0m[NR_PHY] RI = 2 i1 = 0.0.0, i2 = 1, SINR = 48 dB, CQI = 15
[0m[NR_PHY] RI = 2 i1 = 0.0.0, i2 = 1, SINR = 48 dB, CQI = 15
[0m[NR_PHY] RI = 2 i1 = 0.0.0, i2 = 1, SINR = 48 dB, CQI = 15
[0m[NR_PHY] RI = 2 i1 = 0.0.0, i2 = 1, SINR = 48 dB, CQI = 15
[0m[NR_PHY] RI = 2 i1 = 0.0.0, i2 = 1, SINR = 48 dB, CQI = 15
[0m[NR_PHY] RI = 2 i1 = 0.0.0, i2 = 1, SINR = 48 dB, CQI = 15
[0m[NR_PHY] RI = 2 i1 = 0.0.0, i2 = 1, SINR = 48 dB, CQI = 15
[0m[NR_PHY] RI = 2 i1 = 0.0.0, i2 = 1, SINR = 48 dB, CQI = 15
[0m[NR_PHY] RI = 2 i1 = 0.0.0, i2 = 1, SINR = 48 dB, CQI = 15
[0m[NR_PHY] RI = 2 i1 = 0.0.0, i2 = 1, SINR = 48 dB, CQI = 15
[0m[NR_PHY] RI = 2 i1 = 0.0.0, i2 = 1, SINR = 48 dB, CQI = 15
[0m[NR_PHY] RI = 2 i1 = 0.0.0, i2 = 1, SINR = 48 dB, CQI = 15
[0m[NR_PHY] RI = 2 i1 = 0.0.0, i2 = 1, SINR = 48 dB, CQI = 15
[0m[NR_PHY] RI = 2 i1 = 0.0.0, i2 = 1, SINR = 48 dB, CQI = 15
[0m[NR_PHY] RI = 2 i1 = 0.0.0, i2 = 1, SINR = 48 dB, CQI = 15
[0m[NR_PHY] RI = 2 i1 = 0.0.0, i2 = 1, SINR = 48 dB, CQI = 15
[0m[NR_PHY] RI = 2 i1 = 0.0.0, i2 = 1, SINR = 48 dB, CQI = 15
[0m[NR_PHY] RI = 2 i1 = 0.0.0, i2 = 1, SINR = 48 dB, CQI = 15
[0m[NR_PHY] RI = 2 i1 = 0.0.0, i2 = 1, SINR = 48 dB, CQI = 15
[0m[NR_PHY] RI = 2 i1 = 0.0.0, i2 = 1, SINR = 48 dB, CQI = 15
[0m[NR_PHY] RI = 2 i1 = 0.0.0, i2 = 1, SINR = 48 dB, CQI = 15
[0m[NR_PHY] RI = 2 i1 = 0.0.0, i2 = 1, SINR = 48 dB, CQI = 15
[0m[NR_PHY] RI = 2 i1 = 0.0.0, i2 = 1, SINR = 48 dB, CQI = 15
[0m[NR_PHY] RI = 2 i1 = 0.0.0, i2 = 1, SINR = 48 dB, CQI = 15
[0m[NR_PHY] RI = 2 i1 = 0.0.0, i2 = 1, SINR = 48 dB, CQI = 15
[0m[NR_PHY] RI = 2 i1 = 0.0.0, i2 = 1, SINR = 48 dB, CQI = 15
[0m[NR_PHY] RI = 2 i1 = 0.0.0, i2 = 1, SINR = 48 dB, CQI = 15
[0m[NR_PHY] RI = 2 i1 = 0.0.0, i2 = 1, SINR = 48 dB, CQI = 15
[0m[NR_PHY] RI = 2 i1 = 0.0.0, i2 = 1, SINR = 48 dB, CQI = 15
[0m[NR_PHY] RI = 2 i1 = 0.0.0, i2 = 1, SINR = 48 dB, CQI = 15
[0m[NR_PHY] RI = 2 i1 = 0.0.0, i2 = 1, SINR = 48 dB, CQI = 15
[0m[NR_PHY] RI = 2 i1 = 0.0.0, i2 = 1, SINR = 48 dB, CQI = 15
[0m[NR_PHY] RI = 2 i1 = 0.0.0, i2 = 1, SINR = 48 dB, CQI = 15
[0m[NR_PHY] RI = 2 i1 = 0.0.0, i2 = 1, SINR = 48 dB, CQI = 15
[0m[NR_PHY] RI = 2 i1 = 0.0.0, i2 = 1, SINR = 48 dB, CQI = 15
[0m[NR_PHY] RI = 2 i1 = 0.0.0, i2 = 1, SINR = 48 dB, CQI = 15
[0m[NR_PHY] RI = 2 i1 = 0.0.0, i2 = 1, SINR = 48 dB, CQI = 15
[0m[NR_PHY] RI = 2 i1 = 0.0.0, i2 = 1, SINR = 48 dB, CQI = 15
[0m[NR_MAC] UE 0 RNTI e66b stats sfn: 768.2, cumulated bad DCI 0
    DL harq: 456/2/1
    UL harq: 10893/898/2 avg code rate 0.6, avg bit/symbol 5.9, avg per TB: (nb RBs 17.0, nb symbols 13.0)
[0m[NR_PHY] RI = 2 i1 = 0.0.0, i2 = 1, SINR = 48 dB, CQI = 15
[0m[NR_PHY] RI = 2 i1 = 0.0.0, i2 = 1, SINR = 48 dB, CQI = 15
[0m[NR_PHY] RI = 2 i1 = 0.0.0, i2 = 1, SINR = 48 dB, CQI = 15
[0m[NR_PHY] RI = 2 i1 = 0.0.0, i2 = 1, SINR = 48 dB, CQI = 15
[0m[NR_PHY] RI = 2 i1 = 0.0.0, i2 = 1, SINR = 48 dB, CQI = 15
[0m[NR_PHY] RI = 2 i1 = 0.0.0, i2 = 1, SINR = 48 dB, CQI = 15
[0m[NR_PHY] RI = 2 i1 = 0.0.0, i2 = 1, SINR = 48 dB, CQI = 15
[0m[NR_PHY] RI = 2 i1 = 0.0.0, i2 = 1, SINR = 48 dB, CQI = 15
[0m[NR_PHY] RI = 2 i1 = 0.0.0, i2 = 1, SINR = 48 dB, CQI = 15
[0m[NR_PHY] RI = 2 i1 = 0.0.0, i2 = 1, SINR = 48 dB, CQI = 15
[0m[1;31m[RLC]    2326 SDU rejected, SDU buffer full
[0m[NR_PHY] RI = 2 i1 = 0.0.0, i2 = 1, SINR = 48 dB, CQI = 15
[0m[NR_PHY] RI = 2 i1 = 0.0.0, i2 = 1, SINR = 48 dB, CQI = 15
[0m[NR_PHY] RI = 2 i1 = 0.0.0, i2 = 1, SINR = 48 dB, CQI = 15
[0m[NR_PHY] RI = 2 i1 = 0.0.0, i2 = 1, SINR = 48 dB, CQI = 15
[0m[NR_PHY] RI = 2 i1 = 0.0.0, i2 = 1, SINR = 48 dB, CQI = 15
[0m[NR_PHY] RI = 2 i1 = 0.0.0, i2 = 1, SINR = 48 dB, CQI = 15
[0m[NR_PHY] RI = 2 i1 = 0.0.0, i2 = 1, SINR = 48 dB, CQI = 15
[0m[NR_PHY] RI = 2 i1 = 0.0.0, i2 = 1, SINR = 48 dB, CQI = 15
[0m[NR_PHY] RI = 2 i1 = 0.0.0, i2 = 1, SINR = 48 dB, CQI = 15
[0m[NR_PHY] RI = 2 i1 = 0.0.0, i2 = 1, SINR = 48 dB, CQI = 15
[0m[NR_PHY] RI = 2 i1 = 0.0.0, i2 = 1, SINR = 48 dB, CQI = 15
[0m[NR_PHY] RI = 2 i1 = 0.0.0, i2 = 1, SINR = 48 dB, CQI = 15
[0m[NR_PHY] RI = 2 i1 = 0.0.0, i2 = 1, SINR = 48 dB, CQI = 15
[0m[NR_PHY] RI = 2 i1 = 0.0.0, i2 = 1, SINR = 48 dB, CQI = 15
[0m[NR_PHY] RI = 2 i1 = 0.0.0, i2 = 1, SINR = 48 dB, CQI = 15
[0m[NR_PHY] RI = 2 i1 = 0.0.0, i2 = 1, SINR = 48 dB, CQI = 15
[0m[NR_PHY] RI = 2 i1 = 0.0.0, i2 = 1, SINR = 48 dB, CQI = 15
[0m[NR_PHY] RI = 2 i1 = 0.0.0, i2 = 1, SINR = 48 dB, CQI = 15
[0m[NR_PHY] RI = 2 i1 = 0.0.0, i2 = 1, SINR = 48 dB, CQI = 15
[0m[NR_PHY] RI = 2 i1 = 0.0.0, i2 = 1, SINR = 48 dB, CQI = 15
[0m[NR_PHY] RI = 2 i1 = 0.0.0, i2 = 1, SINR = 48 dB, CQI = 15
[0m[NR_PHY] RI = 2 i1 = 0.0.0, i2 = 1, SINR = 48 dB, CQI = 15
[0m[NR_PHY] RI = 2 i1 = 0.0.0, i2 = 1, SINR = 48 dB, CQI = 15
[0m[NR_PHY] RI = 2 i1 = 0.0.0, i2 = 1, SINR = 48 dB, CQI = 15
[0m[NR_PHY] RI = 2 i1 = 0.0.0, i2 = 1, SINR = 48 dB, CQI = 15
[0m[NR_PHY] RI = 2 i1 = 0.0.0, i2 = 1, SINR = 48 dB, CQI = 15
[0m[NR_PHY] RI = 2 i1 = 0.0.0, i2 = 1, SINR = 48 dB, CQI = 15
[0m[NR_PHY] RI = 2 i1 = 0.0.0, i2 = 1, SINR = 48 dB, CQI = 15
[0m[NR_PHY] RI = 2 i1 = 0.0.0, i2 = 1, SINR = 48 dB, CQI = 15
[0m[NR_PHY] RI = 2 i1 = 0.0.0, i2 = 1, SINR = 48 dB, CQI = 15
[0m[NR_PHY] RI = 2 i1 = 0.0.0, i2 = 1, SINR = 48 dB, CQI = 15
[0m[NR_PHY] RI = 2 i1 = 0.0.0, i2 = 1, SINR = 48 dB, CQI = 15
[0m[NR_PHY] RI = 2 i1 = 0.0.0, i2 = 1, SINR = 48 dB, CQI = 15
[0m[NR_PHY] RI = 2 i1 = 0.0.0, i2 = 1, SINR = 48 dB, CQI = 15
[0m[NR_PHY] RI = 2 i1 = 0.0.0, i2 = 1, SINR = 48 dB, CQI = 15
[0m[NR_PHY] RI = 2 i1 = 0.0.0, i2 = 1, SINR = 48 dB, CQI = 15
[0m[NR_PHY] RI = 2 i1 = 0.0.0, i2 = 1, SINR = 48 dB, CQI = 15
[0m[NR_PHY] RI = 2 i1 = 0.0.0, i2 = 1, SINR = 48 dB, CQI = 15
[0m[NR_PHY] RI = 2 i1 = 0.0.0, i2 = 1, SINR = 48 dB, CQI = 15
[0m[NR_PHY] RI = 2 i1 = 0.0.0, i2 = 1, SINR = 48 dB, CQI = 15
[0m[NR_PHY] RI = 2 i1 = 0.0.0, i2 = 1, SINR = 48 dB, CQI = 15
[0m[NR_PHY] RI = 2 i1 = 0.0.0, i2 = 1, SINR = 48 dB, CQI = 15
[0m[NR_PHY] RI = 2 i1 = 0.0.0, i2 = 1, SINR = 48 dB, CQI = 15
[0m[NR_PHY] RI = 2 i1 = 0.0.0, i2 = 1, SINR = 48 dB, CQI = 15
[0m[NR_PHY] RI = 2 i1 = 0.0.0, i2 = 1, SINR = 48 dB, CQI = 15
[0m[NR_PHY] RI = 2 i1 = 0.0.0, i2 = 1, SINR = 48 dB, CQI = 15
[0m[NR_PHY] RI = 2 i1 = 0.0.0, i2 = 1, SINR = 48 dB, CQI = 15
[0m[NR_PHY] RI = 2 i1 = 0.0.0, i2 = 1, SINR = 48 dB, CQI = 15
[0m[NR_PHY] RI = 2 i1 = 0.0.0, i2 = 1, SINR = 48 dB, CQI = 15
[0m[NR_PHY] RI = 2 i1 = 0.0.0, i2 = 1, SINR = 48 dB, CQI = 15
[0m[NR_PHY] RI = 2 i1 = 0.0.0, i2 = 1, SINR = 48 dB, CQI = 15
[0m[NR_PHY] RI = 2 i1 = 0.0.0, i2 = 1, SINR = 48 dB, CQI = 15
[0m[1;31m[RLC]    1304 SDU rejected, SDU buffer full
[0m[NR_PHY] RI = 2 i1 = 0.0.0, i2 = 1, SINR = 48 dB, CQI = 15
[0m[NR_PHY] RI = 2 i1 = 0.0.0, i2 = 1, SINR = 48 dB, CQI = 15
[0m[NR_MAC] UE 0 RNTI e66b stats sfn: 896.2, cumulated bad DCI 0
    DL harq: 473/2/1
    UL harq: 11346/954/3 avg code rate 0.6, avg bit/symbol 5.9, avg per TB: (nb RBs 17.0, nb symbols 13.0)
[0m[NR_PHY] RI = 2 i1 = 0.0.0, i2 = 1, SINR = 48 dB, CQI = 15
[0m[NR_PHY] RI = 2 i1 = 0.0.0, i2 = 1, SINR = 48 dB, CQI = 15
[0m[NR_PHY] RI = 2 i1 = 0.0.0, i2 = 1, SINR = 48 dB, CQI = 15
[0m[NR_PHY] RI = 2 i1 = 0.0.0, i2 = 1, SINR = 48 dB, CQI = 15
[0m[NR_PHY] RI = 2 i1 = 0.0.0, i2 = 1, SINR = 48 dB, CQI = 15
[0m[NR_PHY] RI = 2 i1 = 0.0.0, i2 = 1, SINR = 48 dB, CQI = 15
[0m[NR_PHY] RI = 2 i1 = 0.0.0, i2 = 1, SINR = 48 dB, CQI = 15
[0m[NR_PHY] RI = 2 i1 = 0.0.0, i2 = 1, SINR = 48 dB, CQI = 15
[0m[NR_PHY] RI = 2 i1 = 0.0.0, i2 = 1, SINR = 48 dB, CQI = 15
[0m[NR_PHY] RI = 2 i1 = 0.0.0, i2 = 1, SINR = 48 dB, CQI = 15
[0m[NR_PHY] RI = 2 i1 = 0.0.0, i2 = 1, SINR = 48 dB, CQI = 15
[0m[NR_PHY] RI = 2 i1 = 0.0.0, i2 = 1, SINR = 48 dB, CQI = 15
[0m[NR_PHY] RI = 2 i1 = 0.0.0, i2 = 1, SINR = 48 dB, CQI = 15
[0m[NR_PHY] RI = 2 i1 = 0.0.0, i2 = 1, SINR = 48 dB, CQI = 15
[0m[NR_PHY] RI = 2 i1 = 0.0.0, i2 = 1, SINR = 48 dB, CQI = 15
[0m[NR_PHY] RI = 2 i1 = 0.0.0, i2 = 1, SINR = 48 dB, CQI = 15
[0m[NR_PHY] RI = 2 i1 = 0.0.0, i2 = 1, SINR = 48 dB, CQI = 15
[0m[NR_PHY] RI = 2 i1 = 0.0.0, i2 = 1, SINR = 48 dB, CQI = 15
[0m[NR_PHY] RI = 2 i1 = 0.0.0, i2 = 1, SINR = 48 dB, CQI = 15
[0m[NR_PHY] RI = 2 i1 = 0.0.0, i2 = 1, SINR = 48 dB, CQI = 15
[0m[NR_PHY] RI = 2 i1 = 0.0.0, i2 = 1, SINR = 48 dB, CQI = 15
[0m[NR_PHY] RI = 2 i1 = 0.0.0, i2 = 1, SINR = 48 dB, CQI = 15
[0m[NR_PHY] RI = 2 i1 = 0.0.0, i2 = 1, SINR = 48 dB, CQI = 15
[0m[NR_PHY] RI = 2 i1 = 0.0.0, i2 = 1, SINR = 48 dB, CQI = 15
[0m[NR_PHY] RI = 2 i1 = 0.0.0, i2 = 1, SINR = 48 dB, CQI = 15
[0m[NR_PHY] RI = 2 i1 = 0.0.0, i2 = 1, SINR = 48 dB, CQI = 15
[0m[NR_PHY] RI = 2 i1 = 0.0.0, i2 = 1, SINR = 48 dB, CQI = 15
[0m[NR_PHY] RI = 2 i1 = 0.0.0, i2 = 1, SINR = 48 dB, CQI = 15
[0m[NR_PHY] RI = 2 i1 = 0.0.0, i2 = 1, SINR = 48 dB, CQI = 15
[0m[NR_PHY] RI = 2 i1 = 0.0.0, i2 = 1, SINR = 48 dB, CQI = 15
[0m[NR_PHY] RI = 2 i1 = 0.0.0, i2 = 1, SINR = 48 dB, CQI = 15
[0m[NR_PHY] RI = 2 i1 = 0.0.0, i2 = 1, SINR = 48 dB, CQI = 15
[0m[NR_PHY] RI = 2 i1 = 0.0.0, i2 = 1, SINR = 48 dB, CQI = 15
[0m[NR_PHY] RI = 2 i1 = 0.0.0, i2 = 1, SINR = 48 dB, CQI = 15
[0m[NR_PHY] RI = 2 i1 = 0.0.0, i2 = 1, SINR = 48 dB, CQI = 15
[0m[NR_PHY] RI = 2 i1 = 0.0.0, i2 = 1, SINR = 48 dB, CQI = 15
[0m[NR_PHY] RI = 2 i1 = 0.0.0, i2 = 1, SINR = 48 dB, CQI = 15
[0m[NR_PHY] RI = 2 i1 = 0.0.0, i2 = 1, SINR = 48 dB, CQI = 15
[0m[NR_PHY] RI = 2 i1 = 0.0.0, i2 = 1, SINR = 48 dB, CQI = 15
[0m[NR_PHY] RI = 2 i1 = 0.0.0, i2 = 1, SINR = 48 dB, CQI = 15
[0m[NR_PHY] RI = 2 i1 = 0.0.0, i2 = 1, SINR = 48 dB, CQI = 15
[0m[NR_PHY] RI = 2 i1 = 0.0.0, i2 = 1, SINR = 48 dB, CQI = 15
[0m[NR_PHY] RI = 2 i1 = 0.0.0, i2 = 1, SINR = 48 dB, CQI = 15
[0m[NR_PHY] RI = 2 i1 = 0.0.0, i2 = 1, SINR = 48 dB, CQI = 15
[0m[NR_PHY] RI = 2 i1 = 0.0.0, i2 = 1, SINR = 48 dB, CQI = 15
[0m[NR_PHY] RI = 2 i1 = 0.0.0, i2 = 1, SINR = 48 dB, CQI = 15
[0m[NR_PHY] RI = 2 i1 = 0.0.0, i2 = 1, SINR = 48 dB, CQI = 15
[0m[NR_PHY] RI = 2 i1 = 0.0.0, i2 = 1, SINR = 48 dB, CQI = 15
[0m[NR_PHY] RI = 2 i1 = 0.0.0, i2 = 1, SINR = 48 dB, CQI = 15
[0m[NR_PHY] RI = 2 i1 = 0.0.0, i2 = 1, SINR = 48 dB, CQI = 15
[0m[NR_PHY] RI = 2 i1 = 0.0.0, i2 = 1, SINR = 48 dB, CQI = 15
[0m[NR_PHY] RI = 2 i1 = 0.0.0, i2 = 1, SINR = 48 dB, CQI = 15
[0m[NR_PHY] RI = 2 i1 = 0.0.0, i2 = 1, SINR = 48 dB, CQI = 15
[0m[NR_PHY] RI = 2 i1 = 0.0.0, i2 = 1, SINR = 48 dB, CQI = 15
[0m[NR_PHY] RI = 2 i1 = 0.0.0, i2 = 1, SINR = 48 dB, CQI = 15
[0m[NR_PHY] RI = 2 i1 = 0.0.0, i2 = 1, SINR = 48 dB, CQI = 15
[0m[NR_PHY] RI = 2 i1 = 0.0.0, i2 = 1, SINR = 48 dB, CQI = 15
[0m[NR_PHY] RI = 2 i1 = 0.0.0, i2 = 1, SINR = 48 dB, CQI = 15
[0m[NR_PHY] RI = 2 i1 = 0.0.0, i2 = 1, SINR = 48 dB, CQI = 15
[0m[NR_PHY] RI = 2 i1 = 0.0.0, i2 = 1, SINR = 48 dB, CQI = 15
[0m[NR_PHY] RI = 2 i1 = 0.0.0, i2 = 1, SINR = 48 dB, CQI = 15
[0m[NR_PHY] RI = 2 i1 = 0.0.0, i2 = 1, SINR = 48 dB, CQI = 15
[0m[NR_PHY] RI = 2 i1 = 0.0.0, i2 = 1, SINR = 48 dB, CQI = 15
[0m[NR_PHY] RI = 2 i1 = 0.0.0, i2 = 1, SINR = 48 dB, CQI = 15
[0m[NR_MAC] UE 0 RNTI e66b stats sfn: 0.2, cumulated bad DCI 0
    DL harq: 492/2/1
    UL harq: 11832/978/4 avg code rate 0.6, avg bit/symbol 5.9, avg per TB: (nb RBs 17.0, nb symbols 13.0)
[0m[NR_PHY] RI = 2 i1 = 0.0.0, i2 = 1, SINR = 48 dB, CQI = 15
[0m[NR_PHY] RI = 2 i1 = 0.0.0, i2 = 1, SINR = 48 dB, CQI = 15
[0m[NR_PHY] RI = 2 i1 = 0.0.0, i2 = 1, SINR = 48 dB, CQI = 15
[0m[NR_PHY] RI = 2 i1 = 0.0.0, i2 = 1, SINR = 48 dB, CQI = 15
[0m[NR_PHY] RI = 2 i1 = 0.0.0, i2 = 1, SINR = 48 dB, CQI = 15
[0m[NR_PHY] RI = 2 i1 = 0.0.0, i2 = 1, SINR = 48 dB, CQI = 15
[0m[NR_PHY] RI = 2 i1 = 0.0.0, i2 = 1, SINR = 48 dB, CQI = 15
[0m[NR_PHY] RI = 2 i1 = 0.0.0, i2 = 1, SINR = 48 dB, CQI = 15
[0m[NR_PHY] RI = 2 i1 = 0.0.0, i2 = 1, SINR = 48 dB, CQI = 15
[0m[NR_PHY] RI = 2 i1 = 0.0.0, i2 = 1, SINR = 48 dB, CQI = 15
[0m[NR_PHY] RI = 2 i1 = 0.0.0, i2 = 1, SINR = 48 dB, CQI = 15
[0m[NR_PHY] RI = 2 i1 = 0.0.0, i2 = 1, SINR = 48 dB, CQI = 15
[0m[NR_PHY] RI = 2 i1 = 0.0.0, i2 = 1, SINR = 48 dB, CQI = 15
[0m[NR_PHY] RI = 2 i1 = 0.0.0, i2 = 1, SINR = 48 dB, CQI = 15
[0m[NR_PHY] RI = 2 i1 = 0.0.0, i2 = 1, SINR = 48 dB, CQI = 15
[0m[NR_PHY] RI = 2 i1 = 0.0.0, i2 = 1, SINR = 48 dB, CQI = 15
[0m[NR_PHY] RI = 2 i1 = 0.0.0, i2 = 1, SINR = 48 dB, CQI = 15
[0m[NR_PHY] RI = 2 i1 = 0.0.0, i2 = 1, SINR = 48 dB, CQI = 15
[0m[NR_PHY] RI = 2 i1 = 0.0.0, i2 = 1, SINR = 48 dB, CQI = 15
[0m[NR_PHY] RI = 2 i1 = 0.0.0, i2 = 1, SINR = 48 dB, CQI = 15
[0m[NR_PHY] RI = 2 i1 = 0.0.0, i2 = 1, SINR = 48 dB, CQI = 15
[0m[NR_PHY] RI = 2 i1 = 0.0.0, i2 = 1, SINR = 48 dB, CQI = 15
[0m[NR_PHY] RI = 2 i1 = 0.0.0, i2 = 1, SINR = 48 dB, CQI = 15
[0m[NR_PHY] RI = 2 i1 = 0.0.0, i2 = 1, SINR = 48 dB, CQI = 15
[0m[NR_PHY] RI = 2 i1 = 0.0.0, i2 = 1, SINR = 48 dB, CQI = 15
[0m[NR_PHY] RI = 2 i1 = 0.0.0, i2 = 1, SINR = 48 dB, CQI = 15
[0m[NR_PHY] RI = 2 i1 = 0.0.0, i2 = 1, SINR = 48 dB, CQI = 15
[0m[NR_PHY] RI = 2 i1 = 0.0.0, i2 = 1, SINR = 48 dB, CQI = 15
[0m[NR_PHY] RI = 2 i1 = 0.0.0, i2 = 1, SINR = 48 dB, CQI = 15
[0m[NR_PHY] RI = 2 i1 = 0.0.0, i2 = 1, SINR = 48 dB, CQI = 15
[0m[NR_PHY] RI = 2 i1 = 0.0.0, i2 = 1, SINR = 48 dB, CQI = 15
[0m[NR_PHY] RI = 2 i1 = 0.0.0, i2 = 1, SINR = 48 dB, CQI = 15
[0m[NR_PHY] RI = 2 i1 = 0.0.0, i2 = 1, SINR = 48 dB, CQI = 15
[0m[NR_PHY] RI = 2 i1 = 0.0.0, i2 = 1, SINR = 48 dB, CQI = 15
[0m[NR_PHY] RI = 2 i1 = 0.0.0, i2 = 1, SINR = 48 dB, CQI = 15
[0m[NR_PHY] RI = 2 i1 = 0.0.0, i2 = 1, SINR = 48 dB, CQI = 15
[0m[NR_PHY] RI = 2 i1 = 0.0.0, i2 = 1, SINR = 48 dB, CQI = 15
[0m[NR_PHY] RI = 2 i1 = 0.0.0, i2 = 1, SINR = 48 dB, CQI = 15
[0m[NR_PHY] RI = 2 i1 = 0.0.0, i2 = 1, SINR = 48 dB, CQI = 15
[0m[NR_PHY] RI = 2 i1 = 0.0.0, i2 = 1, SINR = 48 dB, CQI = 15
[0m[NR_PHY] RI = 2 i1 = 0.0.0, i2 = 1, SINR = 48 dB, CQI = 15
[0m[NR_PHY] RI = 2 i1 = 0.0.0, i2 = 1, SINR = 48 dB, CQI = 15
[0m[NR_PHY] RI = 2 i1 = 0.0.0, i2 = 1, SINR = 48 dB, CQI = 15
[0m[NR_PHY] RI = 2 i1 = 0.0.0, i2 = 1, SINR = 48 dB, CQI = 15
[0m[NR_PHY] RI = 2 i1 = 0.0.0, i2 = 1, SINR = 48 dB, CQI = 15
[0m[NR_PHY] RI = 2 i1 = 0.0.0, i2 = 1, SINR = 48 dB, CQI = 15
[0m[NR_PHY] RI = 2 i1 = 0.0.0, i2 = 1, SINR = 48 dB, CQI = 15
[0m[NR_PHY] RI = 2 i1 = 0.0.0, i2 = 1, SINR = 48 dB, CQI = 15
[0m[NR_PHY] RI = 2 i1 = 0.0.0, i2 = 1, SINR = 48 dB, CQI = 15
[0m[NR_PHY] RI = 2 i1 = 0.0.0, i2 = 1, SINR = 48 dB, CQI = 15
[0m[NR_PHY] RI = 2 i1 = 0.0.0, i2 = 1, SINR = 48 dB, CQI = 15
[0m[NR_PHY] RI = 2 i1 = 0.0.0, i2 = 1, SINR = 48 dB, CQI = 15
[0m[NR_PHY] RI = 2 i1 = 0.0.0, i2 = 1, SINR = 48 dB, CQI = 15
[0m[NR_PHY] RI = 2 i1 = 0.0.0, i2 = 1, SINR = 48 dB, CQI = 15
[0m[NR_PHY] RI = 2 i1 = 0.0.0, i2 = 1, SINR = 48 dB, CQI = 15
[0m[NR_PHY] RI = 2 i1 = 0.0.0, i2 = 1, SINR = 48 dB, CQI = 15
[0m[NR_PHY] RI = 2 i1 = 0.0.0, i2 = 1, SINR = 48 dB, CQI = 15
[0m[NR_PHY] RI = 2 i1 = 0.0.0, i2 = 1, SINR = 48 dB, CQI = 15
[0m[NR_PHY] RI = 2 i1 = 0.0.0, i2 = 1, SINR = 48 dB, CQI = 15
[0m[NR_PHY] RI = 2 i1 = 0.0.0, i2 = 1, SINR = 48 dB, CQI = 15
[0m[NR_PHY] RI = 2 i1 = 0.0.0, i2 = 1, SINR = 48 dB, CQI = 15
[0m[NR_PHY] RI = 2 i1 = 0.0.0, i2 = 1, SINR = 48 dB, CQI = 15
[0m[NR_PHY] RI = 2 i1 = 0.0.0, i2 = 1, SINR = 48 dB, CQI = 15
[0m[NR_PHY] RI = 2 i1 = 0.0.0, i2 = 1, SINR = 48 dB, CQI = 15
[0m[NR_MAC] UE 0 RNTI e66b stats sfn: 128.2, cumulated bad DCI 0
    DL harq: 509/2/1
    UL harq: 12299/1023/4 avg code rate 0.6, avg bit/symbol 5.9, avg per TB: (nb RBs 17.0, nb symbols 13.0)
[0m[NR_PHY] RI = 2 i1 = 0.0.0, i2 = 1, SINR = 48 dB, CQI = 15
[0m[NR_PHY] RI = 2 i1 = 0.0.0, i2 = 1, SINR = 48 dB, CQI = 15
[0m[NR_PHY] RI = 2 i1 = 0.0.0, i2 = 1, SINR = 48 dB, CQI = 15
[0m[NR_PHY] RI = 2 i1 = 0.0.0, i2 = 1, SINR = 48 dB, CQI = 15
[0m[NR_PHY] RI = 2 i1 = 0.0.0, i2 = 1, SINR = 48 dB, CQI = 15
[0m[NR_PHY] RI = 2 i1 = 0.0.0, i2 = 1, SINR = 48 dB, CQI = 15
[0m[NR_PHY] RI = 2 i1 = 0.0.0, i2 = 1, SINR = 48 dB, CQI = 15
[0m[NR_PHY] RI = 2 i1 = 0.0.0, i2 = 1, SINR = 48 dB, CQI = 15
[0m[NR_PHY] RI = 2 i1 = 0.0.0, i2 = 1, SINR = 48 dB, CQI = 15
[0m[NR_PHY] RI = 2 i1 = 0.0.0, i2 = 1, SINR = 48 dB, CQI = 15
[0m[NR_PHY] RI = 2 i1 = 0.0.0, i2 = 1, SINR = 48 dB, CQI = 15
[0m[NR_PHY] RI = 2 i1 = 0.0.0, i2 = 1, SINR = 48 dB, CQI = 15
[0m[NR_PHY] RI = 2 i1 = 0.0.0, i2 = 1, SINR = 48 dB, CQI = 15
[0m[NR_PHY] RI = 2 i1 = 0.0.0, i2 = 1, SINR = 48 dB, CQI = 15
[0m[NR_PHY] RI = 2 i1 = 0.0.0, i2 = 1, SINR = 48 dB, CQI = 15
[0m[NR_PHY] RI = 2 i1 = 0.0.0, i2 = 1, SINR = 48 dB, CQI = 15
[0m[NR_PHY] RI = 2 i1 = 0.0.0, i2 = 1, SINR = 48 dB, CQI = 15
[0m[NR_PHY] RI = 2 i1 = 0.0.0, i2 = 1, SINR = 48 dB, CQI = 15
[0m[NR_PHY] RI = 2 i1 = 0.0.0, i2 = 1, SINR = 48 dB, CQI = 15
[0m[NR_PHY] RI = 2 i1 = 0.0.0, i2 = 1, SINR = 48 dB, CQI = 15
[0m[NR_PHY] RI = 2 i1 = 0.0.0, i2 = 1, SINR = 48 dB, CQI = 15
[0m[NR_PHY] RI = 2 i1 = 0.0.0, i2 = 1, SINR = 48 dB, CQI = 15
[0m[NR_PHY] RI = 2 i1 = 0.0.0, i2 = 1, SINR = 48 dB, CQI = 15
[0m[NR_PHY] RI = 2 i1 = 0.0.0, i2 = 1, SINR = 48 dB, CQI = 15
[0m[NR_PHY] RI = 2 i1 = 0.0.0, i2 = 1, SINR = 48 dB, CQI = 15
[0m[NR_PHY] RI = 2 i1 = 0.0.0, i2 = 1, SINR = 48 dB, CQI = 15
[0m[NR_PHY] RI = 2 i1 = 0.0.0, i2 = 1, SINR = 48 dB, CQI = 15
[0m[NR_PHY] RI = 2 i1 = 0.0.0, i2 = 1, SINR = 48 dB, CQI = 15
[0m[NR_PHY] RI = 2 i1 = 0.0.0, i2 = 1, SINR = 48 dB, CQI = 15
[0m[NR_PHY] RI = 2 i1 = 0.0.0, i2 = 1, SINR = 48 dB, CQI = 15
[0m[NR_PHY] RI = 2 i1 = 0.0.0, i2 = 1, SINR = 48 dB, CQI = 15
[0m[NR_PHY] RI = 2 i1 = 0.0.0, i2 = 1, SINR = 48 dB, CQI = 15
[0m[NR_PHY] RI = 2 i1 = 0.0.0, i2 = 1, SINR = 48 dB, CQI = 15
[0m[NR_PHY] RI = 2 i1 = 0.0.0, i2 = 1, SINR = 48 dB, CQI = 15
[0m[NR_PHY] RI = 2 i1 = 0.0.0, i2 = 1, SINR = 48 dB, CQI = 15
[0m[NR_PHY] RI = 2 i1 = 0.0.0, i2 = 1, SINR = 48 dB, CQI = 15
[0m[NR_PHY] RI = 2 i1 = 0.0.0, i2 = 1, SINR = 48 dB, CQI = 15
[0m[NR_PHY] RI = 2 i1 = 0.0.0, i2 = 1, SINR = 48 dB, CQI = 15
[0m[NR_PHY] RI = 2 i1 = 0.0.0, i2 = 1, SINR = 48 dB, CQI = 15
[0m[NR_PHY] RI = 2 i1 = 0.0.0, i2 = 1, SINR = 48 dB, CQI = 15
[0m[NR_PHY] RI = 2 i1 = 0.0.0, i2 = 1, SINR = 48 dB, CQI = 15
[0m[NR_PHY] RI = 2 i1 = 0.0.0, i2 = 1, SINR = 48 dB, CQI = 15
[0m[NR_PHY] RI = 2 i1 = 0.0.0, i2 = 1, SINR = 48 dB, CQI = 15
[0m[NR_PHY] RI = 2 i1 = 0.0.0, i2 = 1, SINR = 48 dB, CQI = 15
[0m[NR_PHY] RI = 2 i1 = 0.0.0, i2 = 1, SINR = 48 dB, CQI = 15
[0m[NR_PHY] RI = 2 i1 = 0.0.0, i2 = 1, SINR = 48 dB, CQI = 15
[0m[NR_PHY] RI = 2 i1 = 0.0.0, i2 = 1, SINR = 48 dB, CQI = 15
[0m[NR_PHY] RI = 2 i1 = 0.0.0, i2 = 1, SINR = 48 dB, CQI = 15
[0m[NR_PHY] RI = 2 i1 = 0.0.0, i2 = 1, SINR = 48 dB, CQI = 15
[0m[NR_PHY] RI = 2 i1 = 0.0.0, i2 = 1, SINR = 48 dB, CQI = 15
[0m[NR_PHY] RI = 2 i1 = 0.0.0, i2 = 1, SINR = 48 dB, CQI = 15
[0m[NR_PHY] RI = 2 i1 = 0.0.0, i2 = 1, SINR = 48 dB, CQI = 15
[0m[NR_PHY] RI = 2 i1 = 0.0.0, i2 = 1, SINR = 48 dB, CQI = 15
[0m[NR_PHY] RI = 2 i1 = 0.0.0, i2 = 1, SINR = 48 dB, CQI = 15
[0m[NR_PHY] RI = 2 i1 = 0.0.0, i2 = 1, SINR = 48 dB, CQI = 15
[0m[NR_PHY] RI = 2 i1 = 0.0.0, i2 = 1, SINR = 48 dB, CQI = 15
[0m[NR_PHY] RI = 2 i1 = 0.0.0, i2 = 1, SINR = 48 dB, CQI = 15
[0m[NR_PHY] RI = 2 i1 = 0.0.0, i2 = 1, SINR = 48 dB, CQI = 15
[0m[NR_PHY] RI = 2 i1 = 0.0.0, i2 = 1, SINR = 48 dB, CQI = 15
[0m[NR_PHY] RI = 2 i1 = 0.0.0, i2 = 1, SINR = 48 dB, CQI = 15
[0m[NR_PHY] RI = 2 i1 = 0.0.0, i2 = 1, SINR = 48 dB, CQI = 15
[0m[NR_PHY] RI = 2 i1 = 0.0.0, i2 = 1, SINR = 48 dB, CQI = 15
[0m[NR_PHY] RI = 2 i1 = 0.0.0, i2 = 1, SINR = 48 dB, CQI = 15
[0m[NR_PHY] RI = 2 i1 = 0.0.0, i2 = 1, SINR = 48 dB, CQI = 15
[0m[NR_MAC] UE 0 RNTI e66b stats sfn: 256.2, cumulated bad DCI 0
    DL harq: 526/2/1
    UL harq: 12753/1080/4 avg code rate 0.6, avg bit/symbol 5.9, avg per TB: (nb RBs 17.0, nb symbols 13.0)
[0m[NR_PHY] RI = 2 i1 = 0.0.0, i2 = 1, SINR = 48 dB, CQI = 15
[0m[NR_PHY] RI = 2 i1 = 0.0.0, i2 = 1, SINR = 48 dB, CQI = 15
[0m[NR_PHY] RI = 2 i1 = 0.0.0, i2 = 1, SINR = 48 dB, CQI = 15
[0m[NR_PHY] RI = 2 i1 = 0.0.0, i2 = 1, SINR = 48 dB, CQI = 15
[0m[NR_PHY] RI = 2 i1 = 0.0.0, i2 = 1, SINR = 48 dB, CQI = 15
[0m[NR_PHY] RI = 2 i1 = 0.0.0, i2 = 1, SINR = 48 dB, CQI = 15
[0m[NR_PHY] RI = 2 i1 = 0.0.0, i2 = 1, SINR = 48 dB, CQI = 15
[0m[NR_PHY] RI = 2 i1 = 0.0.0, i2 = 1, SINR = 48 dB, CQI = 15
[0m[NR_PHY] RI = 2 i1 = 0.0.0, i2 = 1, SINR = 48 dB, CQI = 15
[0m[NR_PHY] RI = 2 i1 = 0.0.0, i2 = 1, SINR = 48 dB, CQI = 15
[0m[NR_PHY] RI = 2 i1 = 0.0.0, i2 = 1, SINR = 48 dB, CQI = 15
[0m[NR_PHY] RI = 2 i1 = 0.0.0, i2 = 1, SINR = 48 dB, CQI = 15
[0m[NR_PHY] RI = 2 i1 = 0.0.0, i2 = 1, SINR = 48 dB, CQI = 15
[0m[NR_PHY] RI = 2 i1 = 0.0.0, i2 = 1, SINR = 48 dB, CQI = 15
[0m[NR_PHY] RI = 2 i1 = 0.0.0, i2 = 1, SINR = 48 dB, CQI = 15
[0m[NR_PHY] RI = 2 i1 = 0.0.0, i2 = 1, SINR = 48 dB, CQI = 15
[0m[NR_PHY] RI = 2 i1 = 0.0.0, i2 = 1, SINR = 48 dB, CQI = 15
[0m[NR_PHY] RI = 2 i1 = 0.0.0, i2 = 1, SINR = 48 dB, CQI = 15
[0m[NR_PHY] RI = 2 i1 = 0.0.0, i2 = 1, SINR = 48 dB, CQI = 15
[0m[NR_PHY] RI = 2 i1 = 0.0.0, i2 = 1, SINR = 48 dB, CQI = 15
[0m[NR_PHY] RI = 2 i1 = 0.0.0, i2 = 1, SINR = 48 dB, CQI = 15
[0m[NR_PHY] RI = 2 i1 = 0.0.0, i2 = 1, SINR = 48 dB, CQI = 15
[0m[NR_PHY] RI = 2 i1 = 0.0.0, i2 = 1, SINR = 48 dB, CQI = 15
[0m[NR_PHY] RI = 2 i1 = 0.0.0, i2 = 1, SINR = 48 dB, CQI = 15
[0m[NR_PHY] RI = 2 i1 = 0.0.0, i2 = 1, SINR = 48 dB, CQI = 15
[0m[NR_PHY] RI = 2 i1 = 0.0.0, i2 = 1, SINR = 48 dB, CQI = 15
[0m[NR_PHY] RI = 2 i1 = 0.0.0, i2 = 1, SINR = 48 dB, CQI = 15
[0m[NR_PHY] RI = 2 i1 = 0.0.0, i2 = 1, SINR = 48 dB, CQI = 15
[0m[NR_PHY] RI = 2 i1 = 0.0.0, i2 = 1, SINR = 48 dB, CQI = 15
[0m[NR_PHY] RI = 2 i1 = 0.0.0, i2 = 1, SINR = 48 dB, CQI = 15
[0m[NR_PHY] RI = 2 i1 = 0.0.0, i2 = 1, SINR = 48 dB, CQI = 15
[0m[NR_PHY] RI = 2 i1 = 0.0.0, i2 = 1, SINR = 48 dB, CQI = 15
[0m[NR_PHY] RI = 2 i1 = 0.0.0, i2 = 1, SINR = 48 dB, CQI = 15
[0m[NR_PHY] RI = 2 i1 = 0.0.0, i2 = 1, SINR = 48 dB, CQI = 15
[0m[NR_PHY] RI = 2 i1 = 0.0.0, i2 = 1, SINR = 48 dB, CQI = 15
[0m[NR_PHY] RI = 2 i1 = 0.0.0, i2 = 1, SINR = 48 dB, CQI = 15
[0m[NR_PHY] RI = 2 i1 = 0.0.0, i2 = 1, SINR = 48 dB, CQI = 15
[0m[NR_PHY] RI = 2 i1 = 0.0.0, i2 = 1, SINR = 48 dB, CQI = 15
[0m[NR_PHY] RI = 2 i1 = 0.0.0, i2 = 1, SINR = 48 dB, CQI = 15
[0m[NR_PHY] RI = 2 i1 = 0.0.0, i2 = 1, SINR = 48 dB, CQI = 15
[0m[NR_PHY] RI = 2 i1 = 0.0.0, i2 = 1, SINR = 48 dB, CQI = 15
[0m[NR_PHY] RI = 2 i1 = 0.0.0, i2 = 1, SINR = 48 dB, CQI = 15
[0m[NR_PHY] RI = 2 i1 = 0.0.0, i2 = 1, SINR = 48 dB, CQI = 15
[0m[NR_PHY] RI = 2 i1 = 0.0.0, i2 = 1, SINR = 48 dB, CQI = 15
[0m[NR_PHY] RI = 2 i1 = 0.0.0, i2 = 1, SINR = 48 dB, CQI = 15
[0m[NR_PHY] RI = 2 i1 = 0.0.0, i2 = 1, SINR = 48 dB, CQI = 15
[0m[NR_PHY] RI = 2 i1 = 0.0.0, i2 = 1, SINR = 48 dB, CQI = 15
[0m[NR_PHY] RI = 2 i1 = 0.0.0, i2 = 1, SINR = 48 dB, CQI = 15
[0m[NR_PHY] RI = 2 i1 = 0.0.0, i2 = 1, SINR = 48 dB, CQI = 15
[0m[NR_PHY] RI = 2 i1 = 0.0.0, i2 = 1, SINR = 48 dB, CQI = 15
[0m[NR_PHY] RI = 2 i1 = 0.0.0, i2 = 1, SINR = 48 dB, CQI = 15
[0m[NR_PHY] RI = 2 i1 = 0.0.0, i2 = 1, SINR = 48 dB, CQI = 15
[0m[NR_PHY] RI = 2 i1 = 0.0.0, i2 = 1, SINR = 48 dB, CQI = 15
[0m[NR_PHY] RI = 2 i1 = 0.0.0, i2 = 1, SINR = 48 dB, CQI = 15
[0m[NR_PHY] RI = 2 i1 = 0.0.0, i2 = 1, SINR = 48 dB, CQI = 15
[0m[NR_PHY] RI = 2 i1 = 0.0.0, i2 = 1, SINR = 48 dB, CQI = 15
[0m[NR_PHY] RI = 2 i1 = 0.0.0, i2 = 1, SINR = 48 dB, CQI = 15
[0m[NR_PHY] RI = 2 i1 = 0.0.0, i2 = 1, SINR = 48 dB, CQI = 15
[0m[NR_PHY] RI = 2 i1 = 0.0.0, i2 = 1, SINR = 48 dB, CQI = 15
[0m[NR_PHY] RI = 2 i1 = 0.0.0, i2 = 1, SINR = 48 dB, CQI = 15
[0m[NR_PHY] RI = 2 i1 = 0.0.0, i2 = 1, SINR = 48 dB, CQI = 15
[0m[NR_PHY] RI = 2 i1 = 0.0.0, i2 = 1, SINR = 48 dB, CQI = 15
[0m[NR_PHY] RI = 2 i1 = 0.0.0, i2 = 1, SINR = 48 dB, CQI = 15
[0m[NR_PHY] RI = 2 i1 = 0.0.0, i2 = 1, SINR = 48 dB, CQI = 15
[0m[NR_MAC] UE 0 RNTI e66b stats sfn: 384.2, cumulated bad DCI 0
    DL harq: 544/2/1
    UL harq: 13246/1098/4 avg code rate 0.6, avg bit/symbol 5.9, avg per TB: (nb RBs 17.0, nb symbols 13.0)
[0m[NR_PHY] RI = 2 i1 = 0.0.0, i2 = 1, SINR = 48 dB, CQI = 15
[0m[NR_PHY] RI = 2 i1 = 0.0.0, i2 = 1, SINR = 48 dB, CQI = 15
[0m[NR_PHY] RI = 2 i1 = 0.0.0, i2 = 1, SINR = 48 dB, CQI = 15
[0m[NR_PHY] RI = 2 i1 = 0.0.0, i2 = 1, SINR = 48 dB, CQI = 15
[0m[NR_PHY] RI = 2 i1 = 0.0.0, i2 = 1, SINR = 48 dB, CQI = 15
[0m[NR_PHY] RI = 2 i1 = 0.0.0, i2 = 0, SINR = 0 dB, CQI = 0
[0m[NR_PHY] RI = 2 i1 = 0.0.0, i2 = 1, SINR = 48 dB, CQI = 15
[0m[NR_PHY] RI = 2 i1 = 0.0.0, i2 = 1, SINR = 48 dB, CQI = 15
[0m[NR_PHY] RI = 2 i1 = 0.0.0, i2 = 1, SINR = 48 dB, CQI = 15
[0m[NR_PHY] RI = 2 i1 = 0.0.0, i2 = 1, SINR = 48 dB, CQI = 15
[0m[NR_PHY] RI = 2 i1 = 0.0.0, i2 = 1, SINR = 48 dB, CQI = 15
[0m[NR_PHY] RI = 2 i1 = 0.0.0, i2 = 1, SINR = 48 dB, CQI = 15
[0m[NR_PHY] RI = 2 i1 = 0.0.0, i2 = 1, SINR = 48 dB, CQI = 15
[0m[NR_PHY] RI = 2 i1 = 0.0.0, i2 = 1, SINR = 48 dB, CQI = 15
[0m[NR_PHY] RI = 2 i1 = 0.0.0, i2 = 1, SINR = 48 dB, CQI = 15
[0m[NR_PHY] RI = 2 i1 = 0.0.0, i2 = 1, SINR = 48 dB, CQI = 15
[0m[NR_PHY] RI = 2 i1 = 0.0.0, i2 = 1, SINR = 48 dB, CQI = 15
[0m[NR_PHY] RI = 2 i1 = 0.0.0, i2 = 1, SINR = 48 dB, CQI = 15
[0m[NR_PHY] RI = 2 i1 = 0.0.0, i2 = 1, SINR = 48 dB, CQI = 15
[0m[NR_PHY] RI = 2 i1 = 0.0.0, i2 = 1, SINR = 48 dB, CQI = 15
[0m[NR_PHY] RI = 2 i1 = 0.0.0, i2 = 1, SINR = 48 dB, CQI = 15
[0m[NR_PHY] RI = 2 i1 = 0.0.0, i2 = 1, SINR = 48 dB, CQI = 15
[0m[NR_PHY] RI = 2 i1 = 0.0.0, i2 = 1, SINR = 48 dB, CQI = 15
[0m[NR_PHY] RI = 2 i1 = 0.0.0, i2 = 1, SINR = 48 dB, CQI = 15
[0m[NR_PHY] RI = 2 i1 = 0.0.0, i2 = 1, SINR = 48 dB, CQI = 15
[0m[NR_PHY] RI = 2 i1 = 0.0.0, i2 = 1, SINR = 48 dB, CQI = 15
[0m[NR_PHY] RI = 2 i1 = 0.0.0, i2 = 1, SINR = 48 dB, CQI = 15
[0m[NR_PHY] RI = 2 i1 = 0.0.0, i2 = 1, SINR = 48 dB, CQI = 15
[0m[NR_PHY] RI = 2 i1 = 0.0.0, i2 = 1, SINR = 48 dB, CQI = 15
[0m[NR_PHY] RI = 2 i1 = 0.0.0, i2 = 1, SINR = 48 dB, CQI = 15
[0m[NR_PHY] RI = 2 i1 = 0.0.0, i2 = 1, SINR = 48 dB, CQI = 15
[0m[NR_PHY] RI = 2 i1 = 0.0.0, i2 = 1, SINR = 48 dB, CQI = 15
[0m[NR_PHY] RI = 2 i1 = 0.0.0, i2 = 1, SINR = 48 dB, CQI = 15
[0m[NR_PHY] RI = 2 i1 = 0.0.0, i2 = 1, SINR = 48 dB, CQI = 15
[0m[NR_PHY] RI = 2 i1 = 0.0.0, i2 = 1, SINR = 48 dB, CQI = 15
[0m[NR_PHY] RI = 2 i1 = 0.0.0, i2 = 1, SINR = 48 dB, CQI = 15
[0m[NR_PHY] RI = 2 i1 = 0.0.0, i2 = 1, SINR = 48 dB, CQI = 15
[0m[NR_PHY] RI = 2 i1 = 0.0.0, i2 = 1, SINR = 48 dB, CQI = 15
[0m[NR_PHY] RI = 2 i1 = 0.0.0, i2 = 1, SINR = 48 dB, CQI = 15
[0m[NR_PHY] RI = 2 i1 = 0.0.0, i2 = 1, SINR = 48 dB, CQI = 15
[0m[NR_PHY] RI = 2 i1 = 0.0.0, i2 = 1, SINR = 48 dB, CQI = 15
[0m[NR_PHY] RI = 2 i1 = 0.0.0, i2 = 1, SINR = 48 dB, CQI = 15
[0m[NR_PHY] RI = 2 i1 = 0.0.0, i2 = 1, SINR = 48 dB, CQI = 15
[0m[NR_PHY] RI = 2 i1 = 0.0.0, i2 = 1, SINR = 48 dB, CQI = 15
[0m[NR_PHY] RI = 2 i1 = 0.0.0, i2 = 1, SINR = 48 dB, CQI = 15
[0m[NR_PHY] RI = 2 i1 = 0.0.0, i2 = 1, SINR = 48 dB, CQI = 15
[0m[NR_PHY] RI = 2 i1 = 0.0.0, i2 = 1, SINR = 48 dB, CQI = 15
[0m[NR_PHY] RI = 2 i1 = 0.0.0, i2 = 1, SINR = 48 dB, CQI = 15
[0m[NR_PHY] RI = 2 i1 = 0.0.0, i2 = 1, SINR = 48 dB, CQI = 15
[0m[NR_PHY] RI = 2 i1 = 0.0.0, i2 = 1, SINR = 48 dB, CQI = 15
[0m[NR_PHY] RI = 2 i1 = 0.0.0, i2 = 1, SINR = 48 dB, CQI = 15
[0m[NR_PHY] RI = 2 i1 = 0.0.0, i2 = 1, SINR = 48 dB, CQI = 15
[0m[NR_PHY] RI = 2 i1 = 0.0.0, i2 = 1, SINR = 48 dB, CQI = 15
[0m[NR_PHY] RI = 2 i1 = 0.0.0, i2 = 1, SINR = 48 dB, CQI = 15
[0m[NR_PHY] RI = 2 i1 = 0.0.0, i2 = 1, SINR = 48 dB, CQI = 15
[0m[NR_PHY] RI = 2 i1 = 0.0.0, i2 = 1, SINR = 48 dB, CQI = 15
[0m[NR_PHY] RI = 2 i1 = 0.0.0, i2 = 1, SINR = 48 dB, CQI = 15
[0m[NR_PHY] RI = 2 i1 = 0.0.0, i2 = 1, SINR = 48 dB, CQI = 15
[0m[NR_PHY] RI = 2 i1 = 0.0.0, i2 = 1, SINR = 48 dB, CQI = 15
[0m[NR_PHY] RI = 2 i1 = 0.0.0, i2 = 1, SINR = 48 dB, CQI = 15
[0m[NR_PHY] RI = 2 i1 = 0.0.0, i2 = 1, SINR = 48 dB, CQI = 15
[0m[NR_PHY] RI = 2 i1 = 0.0.0, i2 = 1, SINR = 48 dB, CQI = 15
[0m[NR_PHY] RI = 2 i1 = 0.0.0, i2 = 1, SINR = 48 dB, CQI = 15
[0m[NR_PHY] RI = 2 i1 = 0.0.0, i2 = 1, SINR = 48 dB, CQI = 15
[0m[NR_MAC] UE 0 RNTI e66b stats sfn: 512.2, cumulated bad DCI 0
    DL harq: 563/2/1
    UL harq: 13700/1151/6 avg code rate 0.6, avg bit/symbol 5.9, avg per TB: (nb RBs 17.0, nb symbols 13.0)
[0m[NR_PHY] RI = 2 i1 = 0.0.0, i2 = 1, SINR = 48 dB, CQI = 15
[0m[NR_PHY] RI = 2 i1 = 0.0.0, i2 = 1, SINR = 48 dB, CQI = 15
[0m[NR_PHY] RI = 2 i1 = 0.0.0, i2 = 1, SINR = 48 dB, CQI = 15
[0m[NR_PHY] RI = 2 i1 = 0.0.0, i2 = 1, SINR = 48 dB, CQI = 15
[0m[NR_PHY] RI = 2 i1 = 0.0.0, i2 = 1, SINR = 48 dB, CQI = 15
[0m[NR_PHY] RI = 2 i1 = 0.0.0, i2 = 1, SINR = 48 dB, CQI = 15
[0m[NR_PHY] RI = 2 i1 = 0.0.0, i2 = 1, SINR = 48 dB, CQI = 15
[0m[NR_PHY] RI = 2 i1 = 0.0.0, i2 = 1, SINR = 48 dB, CQI = 15
[0m[NR_PHY] RI = 2 i1 = 0.0.0, i2 = 1, SINR = 48 dB, CQI = 15
[0m[NR_PHY] RI = 2 i1 = 0.0.0, i2 = 1, SINR = 48 dB, CQI = 15
[0m[NR_PHY] RI = 2 i1 = 0.0.0, i2 = 1, SINR = 48 dB, CQI = 15
[0m[NR_PHY] RI = 2 i1 = 0.0.0, i2 = 1, SINR = 48 dB, CQI = 15
[0m[NR_PHY] RI = 2 i1 = 0.0.0, i2 = 1, SINR = 48 dB, CQI = 15
[0m[NR_PHY] RI = 2 i1 = 0.0.0, i2 = 1, SINR = 48 dB, CQI = 15
[0m[NR_PHY] RI = 2 i1 = 0.0.0, i2 = 1, SINR = 48 dB, CQI = 15
[0m[NR_PHY] RI = 2 i1 = 0.0.0, i2 = 1, SINR = 48 dB, CQI = 15
[0m[NR_PHY] RI = 2 i1 = 0.0.0, i2 = 1, SINR = 48 dB, CQI = 15
[0m[NR_PHY] RI = 2 i1 = 0.0.0, i2 = 1, SINR = 48 dB, CQI = 15
[0m[NR_PHY] RI = 2 i1 = 0.0.0, i2 = 1, SINR = 48 dB, CQI = 15
[0m[NR_PHY] RI = 2 i1 = 0.0.0, i2 = 1, SINR = 48 dB, CQI = 15
[0m[NR_PHY] RI = 2 i1 = 0.0.0, i2 = 1, SINR = 48 dB, CQI = 15
[0m[NR_PHY] RI = 2 i1 = 0.0.0, i2 = 1, SINR = 48 dB, CQI = 15
[0m[NR_PHY] RI = 2 i1 = 0.0.0, i2 = 1, SINR = 48 dB, CQI = 15
[0m[NR_PHY] RI = 2 i1 = 0.0.0, i2 = 1, SINR = 48 dB, CQI = 15
[0m[NR_PHY] RI = 2 i1 = 0.0.0, i2 = 1, SINR = 48 dB, CQI = 15
[0m[NR_PHY] RI = 2 i1 = 0.0.0, i2 = 1, SINR = 48 dB, CQI = 15
[0m[NR_PHY] RI = 2 i1 = 0.0.0, i2 = 1, SINR = 48 dB, CQI = 15
[0m[NR_PHY] RI = 2 i1 = 0.0.0, i2 = 1, SINR = 48 dB, CQI = 15
[0m[NR_PHY] RI = 2 i1 = 0.0.0, i2 = 1, SINR = 48 dB, CQI = 15
[0m[NR_PHY] RI = 2 i1 = 0.0.0, i2 = 1, SINR = 48 dB, CQI = 15
[0m[NR_PHY] RI = 2 i1 = 0.0.0, i2 = 1, SINR = 48 dB, CQI = 15
[0m[NR_PHY] RI = 2 i1 = 0.0.0, i2 = 1, SINR = 48 dB, CQI = 15
[0m[NR_PHY] RI = 2 i1 = 0.0.0, i2 = 1, SINR = 48 dB, CQI = 15
[0m[NR_PHY] RI = 2 i1 = 0.0.0, i2 = 1, SINR = 48 dB, CQI = 15
[0m[NR_PHY] RI = 2 i1 = 0.0.0, i2 = 1, SINR = 48 dB, CQI = 15
[0m[NR_PHY] RI = 2 i1 = 0.0.0, i2 = 1, SINR = 48 dB, CQI = 15
[0m[NR_PHY] RI = 2 i1 = 0.0.0, i2 = 1, SINR = 48 dB, CQI = 15
[0m[NR_PHY] RI = 2 i1 = 0.0.0, i2 = 1, SINR = 48 dB, CQI = 15
[0m[NR_PHY] RI = 2 i1 = 0.0.0, i2 = 1, SINR = 48 dB, CQI = 15
[0m[NR_PHY] RI = 2 i1 = 0.0.0, i2 = 1, SINR = 48 dB, CQI = 15
[0m[NR_PHY] RI = 2 i1 = 0.0.0, i2 = 1, SINR = 48 dB, CQI = 15
[0m[NR_PHY] RI = 2 i1 = 0.0.0, i2 = 1, SINR = 48 dB, CQI = 15
[0m[NR_PHY] RI = 2 i1 = 0.0.0, i2 = 1, SINR = 48 dB, CQI = 15
[0m[NR_PHY] RI = 2 i1 = 0.0.0, i2 = 1, SINR = 48 dB, CQI = 15
[0m[NR_PHY] RI = 2 i1 = 0.0.0, i2 = 1, SINR = 48 dB, CQI = 15
[0m[NR_PHY] RI = 2 i1 = 0.0.0, i2 = 1, SINR = 48 dB, CQI = 15
[0m[NR_PHY] RI = 2 i1 = 0.0.0, i2 = 1, SINR = 48 dB, CQI = 15
[0m[NR_PHY] RI = 2 i1 = 0.0.0, i2 = 1, SINR = 48 dB, CQI = 15
[0m[NR_PHY] RI = 2 i1 = 0.0.0, i2 = 1, SINR = 48 dB, CQI = 15
[0m[NR_PHY] RI = 2 i1 = 0.0.0, i2 = 1, SINR = 48 dB, CQI = 15
[0m[NR_PHY] RI = 2 i1 = 0.0.0, i2 = 1, SINR = 48 dB, CQI = 15
[0m[NR_PHY] RI = 2 i1 = 0.0.0, i2 = 1, SINR = 48 dB, CQI = 15
[0m[NR_PHY] RI = 2 i1 = 0.0.0, i2 = 1, SINR = 48 dB, CQI = 15
[0m[NR_PHY] RI = 2 i1 = 0.0.0, i2 = 1, SINR = 48 dB, CQI = 15
[0m[NR_PHY] RI = 2 i1 = 0.0.0, i2 = 1, SINR = 48 dB, CQI = 15
[0m[NR_PHY] RI = 2 i1 = 0.0.0, i2 = 1, SINR = 48 dB, CQI = 15
[0m[NR_PHY] RI = 2 i1 = 0.0.0, i2 = 1, SINR = 48 dB, CQI = 15
[0m[NR_PHY] RI = 2 i1 = 0.0.0, i2 = 1, SINR = 48 dB, CQI = 15
[0m[NR_PHY] RI = 2 i1 = 0.0.0, i2 = 1, SINR = 48 dB, CQI = 15
[0m[NR_PHY] RI = 2 i1 = 0.0.0, i2 = 1, SINR = 48 dB, CQI = 15
[0m[NR_PHY] RI = 2 i1 = 0.0.0, i2 = 1, SINR = 48 dB, CQI = 15
[0m[NR_PHY] RI = 2 i1 = 0.0.0, i2 = 1, SINR = 48 dB, CQI = 15
[0m[NR_PHY] RI = 2 i1 = 0.0.0, i2 = 1, SINR = 48 dB, CQI = 15
[0m[NR_PHY] RI = 2 i1 = 0.0.0, i2 = 1, SINR = 48 dB, CQI = 15
[0m[NR_MAC] UE 0 RNTI e66b stats sfn: 640.2, cumulated bad DCI 0
    DL harq: 580/2/1
    UL harq: 14163/1200/6 avg code rate 0.6, avg bit/symbol 5.9, avg per TB: (nb RBs 17.0, nb symbols 13.0)
[0m[NR_PHY] RI = 2 i1 = 0.0.0, i2 = 1, SINR = 48 dB, CQI = 15
[0m[NR_PHY] RI = 2 i1 = 0.0.0, i2 = 1, SINR = 48 dB, CQI = 15
[0m[NR_PHY] RI = 2 i1 = 0.0.0, i2 = 1, SINR = 48 dB, CQI = 15
[0m[NR_PHY] RI = 2 i1 = 0.0.0, i2 = 1, SINR = 48 dB, CQI = 15
[0m[NR_PHY] RI = 2 i1 = 0.0.0, i2 = 1, SINR = 48 dB, CQI = 15
[0m[NR_PHY] RI = 2 i1 = 0.0.0, i2 = 1, SINR = 48 dB, CQI = 15
[0m[NR_PHY] RI = 2 i1 = 0.0.0, i2 = 1, SINR = 48 dB, CQI = 15
[0m[NR_PHY] RI = 2 i1 = 0.0.0, i2 = 1, SINR = 48 dB, CQI = 15
[0m[NR_PHY] RI = 2 i1 = 0.0.0, i2 = 1, SINR = 48 dB, CQI = 15
[0m[NR_PHY] RI = 2 i1 = 0.0.0, i2 = 1, SINR = 48 dB, CQI = 15
[0m[NR_PHY] RI = 2 i1 = 0.0.0, i2 = 1, SINR = 48 dB, CQI = 15
[0m[NR_PHY] RI = 2 i1 = 0.0.0, i2 = 1, SINR = 48 dB, CQI = 15
[0m[NR_PHY] RI = 2 i1 = 0.0.0, i2 = 1, SINR = 48 dB, CQI = 15
[0m[NR_PHY] RI = 2 i1 = 0.0.0, i2 = 1, SINR = 48 dB, CQI = 15
[0m[NR_PHY] RI = 2 i1 = 0.0.0, i2 = 1, SINR = 48 dB, CQI = 15
[0m[NR_PHY] RI = 2 i1 = 0.0.0, i2 = 1, SINR = 48 dB, CQI = 15
[0m[NR_PHY] RI = 2 i1 = 0.0.0, i2 = 1, SINR = 48 dB, CQI = 15
[0m[NR_PHY] RI = 2 i1 = 0.0.0, i2 = 1, SINR = 48 dB, CQI = 15
[0m[NR_PHY] RI = 2 i1 = 0.0.0, i2 = 1, SINR = 48 dB, CQI = 15
[0m[NR_PHY] RI = 2 i1 = 0.0.0, i2 = 1, SINR = 48 dB, CQI = 15
[0m[NR_PHY] RI = 2 i1 = 0.0.0, i2 = 1, SINR = 48 dB, CQI = 15
[0m[NR_PHY] RI = 2 i1 = 0.0.0, i2 = 1, SINR = 48 dB, CQI = 15
[0m[NR_PHY] RI = 2 i1 = 0.0.0, i2 = 1, SINR = 48 dB, CQI = 15
[0m[NR_PHY] RI = 2 i1 = 0.0.0, i2 = 1, SINR = 48 dB, CQI = 15
[0m[NR_PHY] RI = 2 i1 = 0.0.0, i2 = 1, SINR = 48 dB, CQI = 15
[0m[NR_PHY] RI = 2 i1 = 0.0.0, i2 = 1, SINR = 48 dB, CQI = 15
[0m[NR_PHY] RI = 2 i1 = 0.0.0, i2 = 1, SINR = 48 dB, CQI = 15
[0m[NR_PHY] RI = 2 i1 = 0.0.0, i2 = 1, SINR = 48 dB, CQI = 15
[0m[NR_PHY] RI = 2 i1 = 0.0.0, i2 = 1, SINR = 48 dB, CQI = 15
[0m[NR_PHY] RI = 2 i1 = 0.0.0, i2 = 1, SINR = 48 dB, CQI = 15
[0m[NR_PHY] RI = 2 i1 = 0.0.0, i2 = 1, SINR = 48 dB, CQI = 15
[0m[NR_PHY] RI = 2 i1 = 0.0.0, i2 = 1, SINR = 48 dB, CQI = 15
[0m[NR_PHY] RI = 2 i1 = 0.0.0, i2 = 1, SINR = 48 dB, CQI = 15
[0m[NR_PHY] RI = 2 i1 = 0.0.0, i2 = 1, SINR = 48 dB, CQI = 15
[0m[NR_PHY] RI = 2 i1 = 0.0.0, i2 = 1, SINR = 48 dB, CQI = 15
[0m[NR_PHY] RI = 2 i1 = 0.0.0, i2 = 1, SINR = 48 dB, CQI = 15
[0m[NR_PHY] RI = 2 i1 = 0.0.0, i2 = 1, SINR = 48 dB, CQI = 15
[0m[NR_PHY] RI = 2 i1 = 0.0.0, i2 = 1, SINR = 48 dB, CQI = 15
[0m[NR_PHY] RI = 2 i1 = 0.0.0, i2 = 1, SINR = 48 dB, CQI = 15
[0m[NR_PHY] RI = 2 i1 = 0.0.0, i2 = 1, SINR = 48 dB, CQI = 15
[0m[NR_PHY] RI = 2 i1 = 0.0.0, i2 = 1, SINR = 48 dB, CQI = 15
[0m[NR_PHY] RI = 2 i1 = 0.0.0, i2 = 1, SINR = 48 dB, CQI = 15
[0m[NR_PHY] RI = 2 i1 = 0.0.0, i2 = 1, SINR = 48 dB, CQI = 15
[0m[NR_PHY] RI = 2 i1 = 0.0.0, i2 = 1, SINR = 48 dB, CQI = 15
[0m[NR_PHY] RI = 2 i1 = 0.0.0, i2 = 1, SINR = 48 dB, CQI = 15
[0m[NR_PHY] RI = 2 i1 = 0.0.0, i2 = 1, SINR = 48 dB, CQI = 15
[0m[NR_PHY] RI = 2 i1 = 0.0.0, i2 = 1, SINR = 48 dB, CQI = 15
[0m[NR_PHY] RI = 2 i1 = 0.0.0, i2 = 1, SINR = 48 dB, CQI = 15
[0m[NR_PHY] RI = 2 i1 = 0.0.0, i2 = 1, SINR = 48 dB, CQI = 15
[0m[NR_PHY] RI = 2 i1 = 0.0.0, i2 = 1, SINR = 48 dB, CQI = 15
[0m[NR_PHY] RI = 2 i1 = 0.0.0, i2 = 1, SINR = 48 dB, CQI = 15
[0m[NR_PHY] RI = 2 i1 = 0.0.0, i2 = 1, SINR = 48 dB, CQI = 15
[0m[NR_PHY] RI = 2 i1 = 0.0.0, i2 = 1, SINR = 48 dB, CQI = 15
[0m[NR_PHY] RI = 2 i1 = 0.0.0, i2 = 1, SINR = 48 dB, CQI = 15
[0m[NR_PHY] RI = 2 i1 = 0.0.0, i2 = 1, SINR = 48 dB, CQI = 15
[0m[NR_PHY] RI = 2 i1 = 0.0.0, i2 = 1, SINR = 48 dB, CQI = 15
[0m[NR_PHY] RI = 2 i1 = 0.0.0, i2 = 1, SINR = 48 dB, CQI = 15
[0m[NR_PHY] RI = 2 i1 = 0.0.0, i2 = 1, SINR = 48 dB, CQI = 15
[0m[NR_PHY] RI = 2 i1 = 0.0.0, i2 = 1, SINR = 48 dB, CQI = 15
[0m[NR_PHY] RI = 2 i1 = 0.0.0, i2 = 1, SINR = 48 dB, CQI = 15
[0m[NR_PHY] RI = 2 i1 = 0.0.0, i2 = 1, SINR = 48 dB, CQI = 15
[0m[NR_PHY] RI = 2 i1 = 0.0.0, i2 = 1, SINR = 48 dB, CQI = 15
[0m[NR_PHY] RI = 2 i1 = 0.0.0, i2 = 1, SINR = 48 dB, CQI = 15
[0m[NR_PHY] RI = 2 i1 = 0.0.0, i2 = 1, SINR = 48 dB, CQI = 15
[0m[NR_MAC] UE 0 RNTI e66b stats sfn: 768.2, cumulated bad DCI 0
    DL harq: 598/2/1
    UL harq: 14659/1214/6 avg code rate 0.6, avg bit/symbol 5.9, avg per TB: (nb RBs 17.0, nb symbols 13.0)
[0m[NR_PHY] RI = 2 i1 = 0.0.0, i2 = 1, SINR = 48 dB, CQI = 15
[0m[NR_PHY] RI = 2 i1 = 0.0.0, i2 = 1, SINR = 48 dB, CQI = 15
[0m[NR_PHY] RI = 2 i1 = 0.0.0, i2 = 1, SINR = 48 dB, CQI = 15
[0m[NR_PHY] RI = 2 i1 = 0.0.0, i2 = 1, SINR = 48 dB, CQI = 15
[0m[NR_PHY] RI = 2 i1 = 0.0.0, i2 = 1, SINR = 48 dB, CQI = 15
[0m[NR_PHY] RI = 2 i1 = 0.0.0, i2 = 1, SINR = 48 dB, CQI = 15
[0m[NR_PHY] RI = 2 i1 = 0.0.0, i2 = 1, SINR = 48 dB, CQI = 15
[0m[NR_PHY] RI = 2 i1 = 0.0.0, i2 = 1, SINR = 48 dB, CQI = 15
[0m[NR_PHY] RI = 2 i1 = 0.0.0, i2 = 1, SINR = 48 dB, CQI = 15
[0m[NR_PHY] RI = 2 i1 = 0.0.0, i2 = 1, SINR = 48 dB, CQI = 15
[0m[NR_PHY] RI = 2 i1 = 0.0.0, i2 = 1, SINR = 48 dB, CQI = 15
[0m[NR_PHY] RI = 2 i1 = 0.0.0, i2 = 1, SINR = 48 dB, CQI = 15
[0m[NR_PHY] RI = 2 i1 = 0.0.0, i2 = 1, SINR = 48 dB, CQI = 15
[0m[NR_PHY] RI = 2 i1 = 0.0.0, i2 = 1, SINR = 48 dB, CQI = 15
[0m[NR_PHY] RI = 2 i1 = 0.0.0, i2 = 1, SINR = 48 dB, CQI = 15
[0m[NR_PHY] RI = 2 i1 = 0.0.0, i2 = 1, SINR = 48 dB, CQI = 15
[0m[NR_PHY] RI = 2 i1 = 0.0.0, i2 = 1, SINR = 48 dB, CQI = 15
[0m[NR_PHY] RI = 2 i1 = 0.0.0, i2 = 1, SINR = 48 dB, CQI = 15
[0m[NR_PHY] RI = 2 i1 = 0.0.0, i2 = 1, SINR = 48 dB, CQI = 15
[0m[NR_PHY] RI = 2 i1 = 0.0.0, i2 = 1, SINR = 48 dB, CQI = 15
[0m[NR_PHY] RI = 2 i1 = 0.0.0, i2 = 1, SINR = 48 dB, CQI = 15
[0m[NR_PHY] RI = 2 i1 = 0.0.0, i2 = 1, SINR = 48 dB, CQI = 15
[0m[NR_PHY] RI = 2 i1 = 0.0.0, i2 = 1, SINR = 48 dB, CQI = 15
[0m[NR_PHY] RI = 2 i1 = 0.0.0, i2 = 1, SINR = 48 dB, CQI = 15
[0m[NR_PHY] RI = 2 i1 = 0.0.0, i2 = 1, SINR = 48 dB, CQI = 15
[0m[NR_PHY] RI = 2 i1 = 0.0.0, i2 = 1, SINR = 48 dB, CQI = 15
[0m[NR_PHY] RI = 2 i1 = 0.0.0, i2 = 1, SINR = 48 dB, CQI = 15
[0m[NR_PHY] RI = 2 i1 = 0.0.0, i2 = 1, SINR = 48 dB, CQI = 15
[0m[NR_PHY] RI = 2 i1 = 0.0.0, i2 = 1, SINR = 48 dB, CQI = 15
[0m[NR_PHY] RI = 2 i1 = 0.0.0, i2 = 1, SINR = 48 dB, CQI = 15
[0m[NR_PHY] RI = 2 i1 = 0.0.0, i2 = 1, SINR = 48 dB, CQI = 15
[0m[NR_PHY] RI = 2 i1 = 0.0.0, i2 = 1, SINR = 48 dB, CQI = 15
[0m[NR_PHY] RI = 2 i1 = 0.0.0, i2 = 1, SINR = 48 dB, CQI = 15
[0m[NR_PHY] RI = 2 i1 = 0.0.0, i2 = 1, SINR = 48 dB, CQI = 15
[0m[NR_PHY] RI = 2 i1 = 0.0.0, i2 = 1, SINR = 48 dB, CQI = 15
[0m[NR_PHY] RI = 2 i1 = 0.0.0, i2 = 1, SINR = 48 dB, CQI = 15
[0m[NR_PHY] RI = 2 i1 = 0.0.0, i2 = 1, SINR = 48 dB, CQI = 15
[0m[NR_PHY] RI = 2 i1 = 0.0.0, i2 = 1, SINR = 48 dB, CQI = 15
[0m[NR_PHY] RI = 2 i1 = 0.0.0, i2 = 1, SINR = 48 dB, CQI = 15
[0m[NR_PHY] RI = 2 i1 = 0.0.0, i2 = 1, SINR = 48 dB, CQI = 15
[0m[NR_PHY] RI = 2 i1 = 0.0.0, i2 = 1, SINR = 48 dB, CQI = 15
[0m[NR_PHY] RI = 2 i1 = 0.0.0, i2 = 1, SINR = 48 dB, CQI = 15
[0m[NR_PHY] RI = 2 i1 = 0.0.0, i2 = 1, SINR = 48 dB, CQI = 15
[0m[NR_PHY] RI = 2 i1 = 0.0.0, i2 = 1, SINR = 48 dB, CQI = 15
[0m[NR_PHY] RI = 2 i1 = 0.0.0, i2 = 1, SINR = 48 dB, CQI = 15
[0m[NR_PHY] RI = 2 i1 = 0.0.0, i2 = 1, SINR = 48 dB, CQI = 15
[0m[NR_PHY] RI = 2 i1 = 0.0.0, i2 = 1, SINR = 48 dB, CQI = 15
[0m[NR_PHY] RI = 2 i1 = 0.0.0, i2 = 1, SINR = 48 dB, CQI = 15
[0m[NR_PHY] RI = 2 i1 = 0.0.0, i2 = 1, SINR = 48 dB, CQI = 15
[0m[NR_PHY] RI = 2 i1 = 0.0.0, i2 = 1, SINR = 48 dB, CQI = 15
[0m[NR_PHY] RI = 2 i1 = 0.0.0, i2 = 1, SINR = 48 dB, CQI = 15
[0m[NR_PHY] RI = 2 i1 = 0.0.0, i2 = 1, SINR = 48 dB, CQI = 15
[0m[NR_PHY] RI = 2 i1 = 0.0.0, i2 = 1, SINR = 48 dB, CQI = 15
[0m[NR_PHY] RI = 2 i1 = 0.0.0, i2 = 1, SINR = 48 dB, CQI = 15
[0m[NR_PHY] RI = 2 i1 = 0.0.0, i2 = 1, SINR = 48 dB, CQI = 15
[0m[NR_PHY] RI = 2 i1 = 0.0.0, i2 = 1, SINR = 48 dB, CQI = 15
[0m[NR_PHY] RI = 2 i1 = 0.0.0, i2 = 1, SINR = 48 dB, CQI = 15
[0m[NR_PHY] RI = 2 i1 = 0.0.0, i2 = 1, SINR = 48 dB, CQI = 15
[0m[NR_PHY] RI = 2 i1 = 0.0.0, i2 = 1, SINR = 48 dB, CQI = 15
[0m[NR_PHY] RI = 2 i1 = 0.0.0, i2 = 1, SINR = 48 dB, CQI = 15
[0m[NR_PHY] RI = 2 i1 = 0.0.0, i2 = 1, SINR = 48 dB, CQI = 15
[0m[NR_PHY] RI = 2 i1 = 0.0.0, i2 = 1, SINR = 48 dB, CQI = 15
[0m[NR_PHY] RI = 2 i1 = 0.0.0, i2 = 1, SINR = 48 dB, CQI = 15
[0m[NR_PHY] RI = 2 i1 = 0.0.0, i2 = 1, SINR = 48 dB, CQI = 15
[0m[NR_MAC] UE 0 RNTI e66b stats sfn: 896.2, cumulated bad DCI 0
    DL harq: 614/2/1
    UL harq: 15108/1277/6 avg code rate 0.6, avg bit/symbol 5.9, avg per TB: (nb RBs 17.0, nb symbols 13.0)
[0m[NR_PHY] RI = 2 i1 = 0.0.0, i2 = 1, SINR = 48 dB, CQI = 15
[0m[NR_PHY] RI = 2 i1 = 0.0.0, i2 = 1, SINR = 48 dB, CQI = 15
[0m[NR_PHY] RI = 2 i1 = 0.0.0, i2 = 1, SINR = 48 dB, CQI = 15
[0m[NR_PHY] RI = 2 i1 = 0.0.0, i2 = 1, SINR = 48 dB, CQI = 15
[0m[NR_PHY] RI = 2 i1 = 0.0.0, i2 = 1, SINR = 48 dB, CQI = 15
[0m[NR_PHY] RI = 2 i1 = 0.0.0, i2 = 1, SINR = 48 dB, CQI = 15
[0m[NR_PHY] RI = 2 i1 = 0.0.0, i2 = 1, SINR = 48 dB, CQI = 15
[0m[NR_PHY] RI = 2 i1 = 0.0.0, i2 = 1, SINR = 48 dB, CQI = 15
[0m[NR_PHY] RI = 2 i1 = 0.0.0, i2 = 1, SINR = 48 dB, CQI = 15
[0m[NR_PHY] RI = 2 i1 = 0.0.0, i2 = 1, SINR = 48 dB, CQI = 15
[0m[NR_PHY] RI = 2 i1 = 0.0.0, i2 = 1, SINR = 48 dB, CQI = 15
[0m[NR_PHY] RI = 2 i1 = 0.0.0, i2 = 1, SINR = 48 dB, CQI = 15
[0m[NR_PHY] RI = 2 i1 = 0.0.0, i2 = 1, SINR = 48 dB, CQI = 15
[0m[NR_PHY] RI = 2 i1 = 0.0.0, i2 = 1, SINR = 48 dB, CQI = 15
[0m[NR_PHY] RI = 2 i1 = 0.0.0, i2 = 1, SINR = 48 dB, CQI = 15
[0m[NR_PHY] RI = 2 i1 = 0.0.0, i2 = 1, SINR = 48 dB, CQI = 15
[0m[NR_PHY] RI = 2 i1 = 0.0.0, i2 = 1, SINR = 48 dB, CQI = 15
[0m[NR_PHY] RI = 2 i1 = 0.0.0, i2 = 1, SINR = 48 dB, CQI = 15
[0m[NR_PHY] RI = 2 i1 = 0.0.0, i2 = 1, SINR = 48 dB, CQI = 15
[0m[NR_PHY] RI = 2 i1 = 0.0.0, i2 = 1, SINR = 48 dB, CQI = 15
[0m[NR_PHY] RI = 2 i1 = 0.0.0, i2 = 1, SINR = 48 dB, CQI = 15
[0m[NR_PHY] RI = 2 i1 = 0.0.0, i2 = 1, SINR = 48 dB, CQI = 15
[0m[NR_PHY] RI = 2 i1 = 0.0.0, i2 = 1, SINR = 48 dB, CQI = 15
[0m[NR_PHY] RI = 2 i1 = 0.0.0, i2 = 1, SINR = 48 dB, CQI = 15
[0m[NR_PHY] RI = 2 i1 = 0.0.0, i2 = 1, SINR = 48 dB, CQI = 15
[0m[NR_PHY] RI = 2 i1 = 0.0.0, i2 = 1, SINR = 48 dB, CQI = 15
[0m[NR_PHY] RI = 2 i1 = 0.0.0, i2 = 1, SINR = 48 dB, CQI = 15
[0m[NR_PHY] RI = 2 i1 = 0.0.0, i2 = 1, SINR = 48 dB, CQI = 15
[0m[NR_PHY] RI = 2 i1 = 0.0.0, i2 = 1, SINR = 48 dB, CQI = 15
[0m[NR_PHY] RI = 2 i1 = 0.0.0, i2 = 1, SINR = 48 dB, CQI = 15
[0m[NR_PHY] RI = 2 i1 = 0.0.0, i2 = 1, SINR = 48 dB, CQI = 15
[0m[NR_PHY] RI = 2 i1 = 0.0.0, i2 = 1, SINR = 48 dB, CQI = 15
[0m[NR_PHY] RI = 2 i1 = 0.0.0, i2 = 1, SINR = 48 dB, CQI = 15
[0m[NR_PHY] RI = 2 i1 = 0.0.0, i2 = 1, SINR = 48 dB, CQI = 15
[0m[NR_PHY] RI = 2 i1 = 0.0.0, i2 = 1, SINR = 48 dB, CQI = 15
[0m[NR_PHY] RI = 2 i1 = 0.0.0, i2 = 1, SINR = 48 dB, CQI = 15
[0m[NR_PHY] RI = 2 i1 = 0.0.0, i2 = 1, SINR = 48 dB, CQI = 15
[0m[NR_PHY] RI = 2 i1 = 0.0.0, i2 = 1, SINR = 48 dB, CQI = 15
[0m[NR_PHY] RI = 2 i1 = 0.0.0, i2 = 1, SINR = 48 dB, CQI = 15
[0m[NR_PHY] RI = 2 i1 = 0.0.0, i2 = 1, SINR = 48 dB, CQI = 15
[0m[NR_PHY] RI = 2 i1 = 0.0.0, i2 = 1, SINR = 48 dB, CQI = 15
[0m[NR_PHY] RI = 2 i1 = 0.0.0, i2 = 1, SINR = 48 dB, CQI = 15
[0m[NR_PHY] RI = 2 i1 = 0.0.0, i2 = 1, SINR = 48 dB, CQI = 15
[0m[NR_PHY] RI = 2 i1 = 0.0.0, i2 = 1, SINR = 48 dB, CQI = 15
[0m[NR_PHY] RI = 2 i1 = 0.0.0, i2 = 1, SINR = 48 dB, CQI = 15
[0m[NR_PHY] RI = 2 i1 = 0.0.0, i2 = 1, SINR = 48 dB, CQI = 15
[0m[NR_PHY] RI = 2 i1 = 0.0.0, i2 = 1, SINR = 48 dB, CQI = 15
[0m[NR_PHY] RI = 2 i1 = 0.0.0, i2 = 1, SINR = 48 dB, CQI = 15
[0m[NR_PHY] RI = 2 i1 = 0.0.0, i2 = 1, SINR = 48 dB, CQI = 15
[0m[NR_PHY] RI = 2 i1 = 0.0.0, i2 = 1, SINR = 48 dB, CQI = 15
[0m[NR_PHY] RI = 2 i1 = 0.0.0, i2 = 1, SINR = 48 dB, CQI = 15
[0m[NR_PHY] RI = 2 i1 = 0.0.0, i2 = 1, SINR = 48 dB, CQI = 15
[0m[NR_PHY] RI = 2 i1 = 0.0.0, i2 = 1, SINR = 48 dB, CQI = 15
[0m[NR_PHY] RI = 2 i1 = 0.0.0, i2 = 1, SINR = 48 dB, CQI = 15
[0m[NR_PHY] RI = 2 i1 = 0.0.0, i2 = 1, SINR = 48 dB, CQI = 15
[0m[NR_PHY] RI = 2 i1 = 0.0.0, i2 = 1, SINR = 48 dB, CQI = 15
[0m[NR_PHY] RI = 2 i1 = 0.0.0, i2 = 1, SINR = 48 dB, CQI = 15
[0m[NR_PHY] RI = 2 i1 = 0.0.0, i2 = 1, SINR = 48 dB, CQI = 15
[0m[NR_PHY] RI = 2 i1 = 0.0.0, i2 = 1, SINR = 48 dB, CQI = 15
[0m[NR_PHY] RI = 2 i1 = 0.0.0, i2 = 1, SINR = 48 dB, CQI = 15
[0m[NR_PHY] RI = 2 i1 = 0.0.0, i2 = 1, SINR = 48 dB, CQI = 15
[0m[NR_PHY] RI = 2 i1 = 0.0.0, i2 = 1, SINR = 48 dB, CQI = 15
[0m[NR_PHY] RI = 2 i1 = 0.0.0, i2 = 1, SINR = 48 dB, CQI = 15
[0m[NR_PHY] RI = 2 i1 = 0.0.0, i2 = 1, SINR = 48 dB, CQI = 15
[0m[NR_MAC] UE 0 RNTI e66b stats sfn: 0.2, cumulated bad DCI 0
    DL harq: 631/3/1
    UL harq: 15575/1321/6 avg code rate 0.6, avg bit/symbol 5.9, avg per TB: (nb RBs 17.0, nb symbols 13.0)
[0m[NR_PHY] RI = 2 i1 = 0.0.0, i2 = 1, SINR = 48 dB, CQI = 15
[0m[NR_PHY] RI = 2 i1 = 0.0.0, i2 = 1, SINR = 48 dB, CQI = 15
[0m[NR_PHY] RI = 2 i1 = 0.0.0, i2 = 1, SINR = 48 dB, CQI = 15
[0m[NR_PHY] RI = 2 i1 = 0.0.0, i2 = 1, SINR = 48 dB, CQI = 15
[0m[NR_PHY] RI = 2 i1 = 0.0.0, i2 = 1, SINR = 48 dB, CQI = 15
[0m[NR_PHY] RI = 2 i1 = 0.0.0, i2 = 1, SINR = 48 dB, CQI = 15
[0m[NR_PHY] RI = 2 i1 = 0.0.0, i2 = 1, SINR = 48 dB, CQI = 15
[0m[NR_PHY] RI = 2 i1 = 0.0.0, i2 = 1, SINR = 48 dB, CQI = 15
[0m[NR_PHY] RI = 2 i1 = 0.0.0, i2 = 1, SINR = 48 dB, CQI = 15
[0m[NR_PHY] RI = 2 i1 = 0.0.0, i2 = 1, SINR = 48 dB, CQI = 15
[0m[NR_PHY] RI = 2 i1 = 0.0.0, i2 = 1, SINR = 48 dB, CQI = 15
[0m[NR_PHY] RI = 2 i1 = 0.0.0, i2 = 1, SINR = 48 dB, CQI = 15
[0m[NR_PHY] RI = 2 i1 = 0.0.0, i2 = 1, SINR = 48 dB, CQI = 15
[0m[NR_PHY] RI = 2 i1 = 0.0.0, i2 = 1, SINR = 48 dB, CQI = 15
[0m[NR_PHY] RI = 2 i1 = 0.0.0, i2 = 1, SINR = 48 dB, CQI = 15
[0m[NR_PHY] RI = 2 i1 = 0.0.0, i2 = 1, SINR = 48 dB, CQI = 15
[0m[NR_PHY] RI = 2 i1 = 0.0.0, i2 = 1, SINR = 48 dB, CQI = 15
[0m[NR_PHY] RI = 2 i1 = 0.0.0, i2 = 1, SINR = 48 dB, CQI = 15
[0m[NR_PHY] RI = 2 i1 = 0.0.0, i2 = 1, SINR = 48 dB, CQI = 15
[0m[NR_PHY] RI = 2 i1 = 0.0.0, i2 = 1, SINR = 48 dB, CQI = 15
[0m[NR_PHY] RI = 2 i1 = 0.0.0, i2 = 1, SINR = 48 dB, CQI = 15
[0m[NR_PHY] RI = 2 i1 = 0.0.0, i2 = 1, SINR = 48 dB, CQI = 15
[0m[NR_PHY] RI = 2 i1 = 0.0.0, i2 = 1, SINR = 48 dB, CQI = 15
[0m[NR_PHY] RI = 2 i1 = 0.0.0, i2 = 1, SINR = 48 dB, CQI = 15
[0m[NR_PHY] RI = 2 i1 = 0.0.0, i2 = 1, SINR = 48 dB, CQI = 15
[0m[NR_PHY] RI = 2 i1 = 0.0.0, i2 = 1, SINR = 48 dB, CQI = 15
[0m[NR_PHY] RI = 2 i1 = 0.0.0, i2 = 1, SINR = 48 dB, CQI = 15
[0m[NR_PHY] RI = 2 i1 = 0.0.0, i2 = 1, SINR = 48 dB, CQI = 15
[0m[NR_PHY] RI = 2 i1 = 0.0.0, i2 = 1, SINR = 48 dB, CQI = 15
[0m[NR_PHY] RI = 2 i1 = 0.0.0, i2 = 1, SINR = 48 dB, CQI = 15
[0m[NR_PHY] RI = 2 i1 = 0.0.0, i2 = 1, SINR = 48 dB, CQI = 15
[0m[NR_PHY] RI = 2 i1 = 0.0.0, i2 = 1, SINR = 48 dB, CQI = 15
[0m[NR_PHY] RI = 2 i1 = 0.0.0, i2 = 1, SINR = 48 dB, CQI = 15
[0m[NR_PHY] RI = 2 i1 = 0.0.0, i2 = 1, SINR = 48 dB, CQI = 15
[0m[NR_PHY] RI = 2 i1 = 0.0.0, i2 = 1, SINR = 48 dB, CQI = 15
[0m[NR_PHY] RI = 2 i1 = 0.0.0, i2 = 1, SINR = 48 dB, CQI = 15
[0m[NR_PHY] RI = 2 i1 = 0.0.0, i2 = 1, SINR = 48 dB, CQI = 15
[0m[NR_PHY] RI = 2 i1 = 0.0.0, i2 = 1, SINR = 48 dB, CQI = 15
[0m[NR_PHY] RI = 2 i1 = 0.0.0, i2 = 1, SINR = 48 dB, CQI = 15
[0m[NR_PHY] RI = 2 i1 = 0.0.0, i2 = 1, SINR = 48 dB, CQI = 15
[0m[NR_PHY] RI = 2 i1 = 0.0.0, i2 = 1, SINR = 48 dB, CQI = 15
[0m[NR_PHY] RI = 2 i1 = 0.0.0, i2 = 1, SINR = 48 dB, CQI = 15
[0m[NR_PHY] RI = 2 i1 = 0.0.0, i2 = 1, SINR = 48 dB, CQI = 15
[0m[NR_PHY] RI = 2 i1 = 0.0.0, i2 = 1, SINR = 48 dB, CQI = 15
[0m[NR_PHY] RI = 2 i1 = 0.0.0, i2 = 1, SINR = 48 dB, CQI = 15
[0m[NR_PHY] RI = 2 i1 = 0.0.0, i2 = 1, SINR = 48 dB, CQI = 15
[0m[NR_PHY] RI = 2 i1 = 0.0.0, i2 = 1, SINR = 48 dB, CQI = 15
[0m[NR_PHY] RI = 2 i1 = 0.0.0, i2 = 1, SINR = 48 dB, CQI = 15
[0m[NR_PHY] RI = 2 i1 = 0.0.0, i2 = 1, SINR = 48 dB, CQI = 15
[0m[NR_PHY] RI = 2 i1 = 0.0.0, i2 = 1, SINR = 48 dB, CQI = 15
[0m[NR_PHY] RI = 2 i1 = 0.0.0, i2 = 1, SINR = 48 dB, CQI = 15
[0m[NR_PHY] RI = 2 i1 = 0.0.0, i2 = 1, SINR = 48 dB, CQI = 15
[0m[NR_PHY] RI = 2 i1 = 0.0.0, i2 = 1, SINR = 48 dB, CQI = 15
[0m[NR_PHY] RI = 2 i1 = 0.0.0, i2 = 1, SINR = 48 dB, CQI = 15
[0m[NR_PHY] RI = 2 i1 = 0.0.0, i2 = 1, SINR = 48 dB, CQI = 15
[0m[NR_PHY] RI = 2 i1 = 0.0.0, i2 = 1, SINR = 48 dB, CQI = 15
[0m[NR_PHY] RI = 2 i1 = 0.0.0, i2 = 1, SINR = 48 dB, CQI = 15
[0m[NR_PHY] RI = 2 i1 = 0.0.0, i2 = 1, SINR = 48 dB, CQI = 15
[0m[NR_PHY] RI = 2 i1 = 0.0.0, i2 = 1, SINR = 48 dB, CQI = 15
[0m[NR_PHY] RI = 2 i1 = 0.0.0, i2 = 1, SINR = 48 dB, CQI = 15
[0m[NR_PHY] RI = 2 i1 = 0.0.0, i2 = 1, SINR = 48 dB, CQI = 15
[0m[NR_PHY] RI = 2 i1 = 0.0.0, i2 = 1, SINR = 48 dB, CQI = 15
[0m[NR_PHY] RI = 2 i1 = 0.0.0, i2 = 1, SINR = 48 dB, CQI = 15
[0m[NR_PHY] RI = 2 i1 = 0.0.0, i2 = 1, SINR = 48 dB, CQI = 15
[0m[NR_MAC] UE 0 RNTI e66b stats sfn: 128.2, cumulated bad DCI 0
    DL harq: 648/3/1
    UL harq: 16058/1350/6 avg code rate 0.6, avg bit/symbol 5.9, avg per TB: (nb RBs 17.0, nb symbols 13.0)
[0m[NR_PHY] RI = 2 i1 = 0.0.0, i2 = 1, SINR = 48 dB, CQI = 15
[0m[NR_PHY] RI = 2 i1 = 0.0.0, i2 = 1, SINR = 48 dB, CQI = 15
[0m[NR_PHY] RI = 2 i1 = 0.0.0, i2 = 1, SINR = 48 dB, CQI = 15
[0m[NR_PHY] RI = 2 i1 = 0.0.0, i2 = 1, SINR = 48 dB, CQI = 15
[0m[NR_PHY] RI = 2 i1 = 0.0.0, i2 = 1, SINR = 48 dB, CQI = 15
[0m[NR_PHY] RI = 2 i1 = 0.0.0, i2 = 1, SINR = 48 dB, CQI = 15
[0m[NR_PHY] RI = 2 i1 = 0.0.0, i2 = 1, SINR = 48 dB, CQI = 15
[0m[NR_PHY] RI = 2 i1 = 0.0.0, i2 = 1, SINR = 48 dB, CQI = 15
[0m[NR_PHY] RI = 2 i1 = 0.0.0, i2 = 1, SINR = 48 dB, CQI = 15
[0m[NR_PHY] RI = 2 i1 = 0.0.0, i2 = 1, SINR = 48 dB, CQI = 15
[0m[NR_PHY] RI = 2 i1 = 0.0.0, i2 = 1, SINR = 48 dB, CQI = 15
[0m[NR_PHY] RI = 2 i1 = 0.0.0, i2 = 1, SINR = 48 dB, CQI = 15
[0m[NR_PHY] RI = 2 i1 = 0.0.0, i2 = 1, SINR = 48 dB, CQI = 15
[0m[NR_PHY] RI = 2 i1 = 0.0.0, i2 = 1, SINR = 48 dB, CQI = 15
[0m[NR_PHY] RI = 2 i1 = 0.0.0, i2 = 1, SINR = 48 dB, CQI = 15
[0m[NR_PHY] RI = 2 i1 = 0.0.0, i2 = 1, SINR = 48 dB, CQI = 15
[0m[NR_PHY] RI = 2 i1 = 0.0.0, i2 = 1, SINR = 48 dB, CQI = 15
[0m[NR_PHY] RI = 2 i1 = 0.0.0, i2 = 1, SINR = 48 dB, CQI = 15
[0m[NR_PHY] RI = 2 i1 = 0.0.0, i2 = 1, SINR = 48 dB, CQI = 15
[0m[NR_PHY] RI = 2 i1 = 0.0.0, i2 = 1, SINR = 48 dB, CQI = 15
[0m[NR_PHY] RI = 2 i1 = 0.0.0, i2 = 1, SINR = 48 dB, CQI = 15
[0m[NR_PHY] RI = 2 i1 = 0.0.0, i2 = 1, SINR = 48 dB, CQI = 15
[0m[NR_PHY] RI = 2 i1 = 0.0.0, i2 = 1, SINR = 48 dB, CQI = 15
[0m[NR_PHY] RI = 2 i1 = 0.0.0, i2 = 1, SINR = 48 dB, CQI = 15
[0m[NR_PHY] RI = 2 i1 = 0.0.0, i2 = 1, SINR = 48 dB, CQI = 15
[0m[NR_PHY] RI = 2 i1 = 0.0.0, i2 = 1, SINR = 48 dB, CQI = 15
[0m[NR_PHY] RI = 2 i1 = 0.0.0, i2 = 1, SINR = 48 dB, CQI = 15
[0m[NR_PHY] RI = 2 i1 = 0.0.0, i2 = 1, SINR = 48 dB, CQI = 15
[0m[NR_PHY] RI = 2 i1 = 0.0.0, i2 = 1, SINR = 48 dB, CQI = 15
[0m[NR_PHY] RI = 2 i1 = 0.0.0, i2 = 1, SINR = 48 dB, CQI = 15
[0m[NR_PHY] RI = 2 i1 = 0.0.0, i2 = 1, SINR = 48 dB, CQI = 15
[0m[NR_PHY] RI = 2 i1 = 0.0.0, i2 = 1, SINR = 48 dB, CQI = 15
[0m[NR_PHY] RI = 2 i1 = 0.0.0, i2 = 1, SINR = 48 dB, CQI = 15
[0m[NR_PHY] RI = 2 i1 = 0.0.0, i2 = 1, SINR = 48 dB, CQI = 15
[0m[NR_PHY] RI = 2 i1 = 0.0.0, i2 = 1, SINR = 48 dB, CQI = 15
[0m[NR_PHY] RI = 2 i1 = 0.0.0, i2 = 1, SINR = 48 dB, CQI = 15
[0m[NR_PHY] RI = 2 i1 = 0.0.0, i2 = 1, SINR = 48 dB, CQI = 15
[0m[NR_PHY] RI = 2 i1 = 0.0.0, i2 = 1, SINR = 48 dB, CQI = 15
[0m[NR_PHY] RI = 2 i1 = 0.0.0, i2 = 1, SINR = 48 dB, CQI = 15
[0m[NR_PHY] RI = 2 i1 = 0.0.0, i2 = 1, SINR = 48 dB, CQI = 15
[0m[NR_PHY] RI = 2 i1 = 0.0.0, i2 = 1, SINR = 48 dB, CQI = 15
[0m[NR_PHY] RI = 2 i1 = 0.0.0, i2 = 1, SINR = 48 dB, CQI = 15
[0m[NR_PHY] RI = 2 i1 = 0.0.0, i2 = 1, SINR = 48 dB, CQI = 15
[0m[NR_PHY] RI = 2 i1 = 0.0.0, i2 = 1, SINR = 48 dB, CQI = 15
[0m[NR_PHY] RI = 2 i1 = 0.0.0, i2 = 1, SINR = 48 dB, CQI = 15
[0m[NR_PHY] RI = 2 i1 = 0.0.0, i2 = 1, SINR = 48 dB, CQI = 15
[0m[NR_PHY] RI = 2 i1 = 0.0.0, i2 = 1, SINR = 48 dB, CQI = 15
[0m[NR_PHY] RI = 2 i1 = 0.0.0, i2 = 1, SINR = 48 dB, CQI = 15
[0m[NR_PHY] RI = 2 i1 = 0.0.0, i2 = 1, SINR = 48 dB, CQI = 15
[0m[NR_PHY] RI = 2 i1 = 0.0.0, i2 = 1, SINR = 48 dB, CQI = 15
[0m[NR_PHY] RI = 2 i1 = 0.0.0, i2 = 1, SINR = 48 dB, CQI = 15
[0m[NR_PHY] RI = 2 i1 = 0.0.0, i2 = 1, SINR = 48 dB, CQI = 15
[0m[NR_PHY] RI = 2 i1 = 0.0.0, i2 = 1, SINR = 48 dB, CQI = 15
[0m[NR_PHY] RI = 2 i1 = 0.0.0, i2 = 1, SINR = 48 dB, CQI = 15
[0m[NR_PHY] RI = 2 i1 = 0.0.0, i2 = 1, SINR = 48 dB, CQI = 15
[0m[NR_PHY] RI = 2 i1 = 0.0.0, i2 = 1, SINR = 48 dB, CQI = 15
[0m[NR_PHY] RI = 2 i1 = 0.0.0, i2 = 1, SINR = 48 dB, CQI = 15
[0m[NR_PHY] RI = 2 i1 = 0.0.0, i2 = 1, SINR = 48 dB, CQI = 15
[0m[NR_PHY] RI = 2 i1 = 0.0.0, i2 = 1, SINR = 48 dB, CQI = 15
[0m[NR_PHY] RI = 2 i1 = 0.0.0, i2 = 1, SINR = 48 dB, CQI = 15
[0m[NR_PHY] RI = 2 i1 = 0.0.0, i2 = 1, SINR = 48 dB, CQI = 15
[0m[NR_PHY] RI = 2 i1 = 0.0.0, i2 = 1, SINR = 48 dB, CQI = 15
[0m[NR_PHY] RI = 2 i1 = 0.0.0, i2 = 1, SINR = 48 dB, CQI = 15
[0m[NR_PHY] RI = 2 i1 = 0.0.0, i2 = 1, SINR = 48 dB, CQI = 15
[0m[NR_MAC] UE 0 RNTI e66b stats sfn: 256.2, cumulated bad DCI 0
    DL harq: 665/3/1
    UL harq: 16508/1412/6 avg code rate 0.6, avg bit/symbol 5.9, avg per TB: (nb RBs 17.0, nb symbols 13.0)
[0m[NR_PHY] RI = 2 i1 = 0.0.0, i2 = 1, SINR = 48 dB, CQI = 15
[0m[NR_PHY] RI = 2 i1 = 0.0.0, i2 = 1, SINR = 48 dB, CQI = 15
[0m[NR_PHY] RI = 2 i1 = 0.0.0, i2 = 1, SINR = 48 dB, CQI = 15
[0m[NR_PHY] RI = 2 i1 = 0.0.0, i2 = 1, SINR = 48 dB, CQI = 15
[0m[NR_PHY] RI = 2 i1 = 0.0.0, i2 = 1, SINR = 48 dB, CQI = 15
[0m[NR_PHY] RI = 2 i1 = 0.0.0, i2 = 1, SINR = 48 dB, CQI = 15
[0m[NR_PHY] RI = 2 i1 = 0.0.0, i2 = 1, SINR = 48 dB, CQI = 15
[0m[NR_PHY] RI = 2 i1 = 0.0.0, i2 = 1, SINR = 48 dB, CQI = 15
[0m[NR_PHY] RI = 2 i1 = 0.0.0, i2 = 1, SINR = 48 dB, CQI = 15
[0m[NR_PHY] RI = 2 i1 = 0.0.0, i2 = 1, SINR = 48 dB, CQI = 15
[0m[NR_PHY] RI = 2 i1 = 0.0.0, i2 = 1, SINR = 48 dB, CQI = 15
[0m[NR_PHY] RI = 2 i1 = 0.0.0, i2 = 1, SINR = 48 dB, CQI = 15
[0m[NR_PHY] RI = 2 i1 = 0.0.0, i2 = 1, SINR = 48 dB, CQI = 15
[0m[NR_PHY] RI = 2 i1 = 0.0.0, i2 = 1, SINR = 48 dB, CQI = 15
[0m[NR_PHY] RI = 2 i1 = 0.0.0, i2 = 1, SINR = 48 dB, CQI = 15
[0m[NR_PHY] RI = 2 i1 = 0.0.0, i2 = 1, SINR = 48 dB, CQI = 15
[0m[NR_PHY] RI = 2 i1 = 0.0.0, i2 = 1, SINR = 48 dB, CQI = 15
[0m[NR_PHY] RI = 2 i1 = 0.0.0, i2 = 1, SINR = 48 dB, CQI = 15
[0m[NR_PHY] RI = 2 i1 = 0.0.0, i2 = 1, SINR = 48 dB, CQI = 15
[0m[NR_PHY] RI = 2 i1 = 0.0.0, i2 = 1, SINR = 48 dB, CQI = 15
[0m[NR_PHY] RI = 2 i1 = 0.0.0, i2 = 1, SINR = 48 dB, CQI = 15
[0m[NR_PHY] RI = 2 i1 = 0.0.0, i2 = 1, SINR = 48 dB, CQI = 15
[0m[NR_PHY] RI = 2 i1 = 0.0.0, i2 = 1, SINR = 48 dB, CQI = 15
[0m[NR_PHY] RI = 2 i1 = 0.0.0, i2 = 1, SINR = 48 dB, CQI = 15
[0m[NR_PHY] RI = 2 i1 = 0.0.0, i2 = 1, SINR = 48 dB, CQI = 15
[0m[NR_PHY] RI = 2 i1 = 0.0.0, i2 = 1, SINR = 48 dB, CQI = 15
[0m[NR_PHY] RI = 2 i1 = 0.0.0, i2 = 1, SINR = 48 dB, CQI = 15
[0m[NR_PHY] RI = 2 i1 = 0.0.0, i2 = 1, SINR = 48 dB, CQI = 15
[0m[NR_PHY] RI = 2 i1 = 0.0.0, i2 = 1, SINR = 48 dB, CQI = 15
[0m[NR_PHY] RI = 2 i1 = 0.0.0, i2 = 1, SINR = 48 dB, CQI = 15
[0m[NR_PHY] RI = 2 i1 = 0.0.0, i2 = 1, SINR = 48 dB, CQI = 15
[0m[NR_PHY] RI = 2 i1 = 0.0.0, i2 = 1, SINR = 48 dB, CQI = 15
[0m[NR_PHY] RI = 2 i1 = 0.0.0, i2 = 1, SINR = 48 dB, CQI = 15
[0m[NR_PHY] RI = 2 i1 = 0.0.0, i2 = 1, SINR = 48 dB, CQI = 15
[0m[NR_PHY] RI = 2 i1 = 0.0.0, i2 = 1, SINR = 48 dB, CQI = 15
[0m[NR_PHY] RI = 2 i1 = 0.0.0, i2 = 1, SINR = 48 dB, CQI = 15
[0m[NR_PHY] RI = 2 i1 = 0.0.0, i2 = 1, SINR = 48 dB, CQI = 15
[0m[NR_PHY] RI = 2 i1 = 0.0.0, i2 = 1, SINR = 48 dB, CQI = 15
[0m[NR_PHY] RI = 2 i1 = 0.0.0, i2 = 1, SINR = 48 dB, CQI = 15
[0m[NR_PHY] RI = 2 i1 = 0.0.0, i2 = 1, SINR = 48 dB, CQI = 15
[0m[NR_PHY] RI = 2 i1 = 0.0.0, i2 = 1, SINR = 48 dB, CQI = 15
[0m[NR_PHY] RI = 2 i1 = 0.0.0, i2 = 1, SINR = 48 dB, CQI = 15
[0m[NR_PHY] RI = 2 i1 = 0.0.0, i2 = 1, SINR = 48 dB, CQI = 15
[0m[NR_PHY] RI = 2 i1 = 0.0.0, i2 = 1, SINR = 48 dB, CQI = 15
[0m[NR_PHY] RI = 2 i1 = 0.0.0, i2 = 1, SINR = 48 dB, CQI = 15
[0m[NR_PHY] RI = 2 i1 = 0.0.0, i2 = 1, SINR = 48 dB, CQI = 15
[0m[NR_PHY] RI = 2 i1 = 0.0.0, i2 = 1, SINR = 48 dB, CQI = 15
[0m[NR_PHY] RI = 2 i1 = 0.0.0, i2 = 1, SINR = 48 dB, CQI = 15
[0m[NR_PHY] RI = 2 i1 = 0.0.0, i2 = 1, SINR = 48 dB, CQI = 15
[0m[NR_PHY] RI = 2 i1 = 0.0.0, i2 = 1, SINR = 48 dB, CQI = 15
[0m[NR_PHY] RI = 2 i1 = 0.0.0, i2 = 1, SINR = 48 dB, CQI = 15
[0m[NR_PHY] RI = 2 i1 = 0.0.0, i2 = 1, SINR = 48 dB, CQI = 15
[0m[NR_PHY] RI = 2 i1 = 0.0.0, i2 = 1, SINR = 48 dB, CQI = 15
[0m[NR_PHY] RI = 2 i1 = 0.0.0, i2 = 1, SINR = 48 dB, CQI = 15
[0m[NR_PHY] RI = 2 i1 = 0.0.0, i2 = 1, SINR = 48 dB, CQI = 15
[0m[NR_PHY] RI = 2 i1 = 0.0.0, i2 = 1, SINR = 48 dB, CQI = 15
[0m[NR_PHY] RI = 2 i1 = 0.0.0, i2 = 1, SINR = 48 dB, CQI = 15
[0m[NR_PHY] RI = 2 i1 = 0.0.0, i2 = 1, SINR = 48 dB, CQI = 15
[0m[NR_PHY] RI = 2 i1 = 0.0.0, i2 = 1, SINR = 48 dB, CQI = 15
[0m[NR_PHY] RI = 2 i1 = 0.0.0, i2 = 1, SINR = 48 dB, CQI = 15
[0m[NR_PHY] RI = 2 i1 = 0.0.0, i2 = 1, SINR = 48 dB, CQI = 15
[0m[NR_PHY] RI = 2 i1 = 0.0.0, i2 = 1, SINR = 48 dB, CQI = 15
[0m[NR_PHY] RI = 2 i1 = 0.0.0, i2 = 1, SINR = 48 dB, CQI = 15
[0m[NR_PHY] RI = 2 i1 = 0.0.0, i2 = 1, SINR = 48 dB, CQI = 15
[0m[NR_MAC] UE 0 RNTI e66b stats sfn: 384.2, cumulated bad DCI 0
    DL harq: 684/3/1
    UL harq: 17005/1426/6 avg code rate 0.6, avg bit/symbol 5.9, avg per TB: (nb RBs 17.0, nb symbols 13.0)
[0m[NR_PHY] RI = 2 i1 = 0.0.0, i2 = 1, SINR = 48 dB, CQI = 15
[0m[NR_PHY] RI = 2 i1 = 0.0.0, i2 = 1, SINR = 48 dB, CQI = 15
[0m[NR_PHY] RI = 2 i1 = 0.0.0, i2 = 1, SINR = 48 dB, CQI = 15
[0m[NR_PHY] RI = 2 i1 = 0.0.0, i2 = 1, SINR = 48 dB, CQI = 15
[0m[NR_PHY] RI = 2 i1 = 0.0.0, i2 = 1, SINR = 48 dB, CQI = 15
[0m[NR_PHY] RI = 2 i1 = 0.0.0, i2 = 1, SINR = 48 dB, CQI = 15
[0m[NR_PHY] RI = 2 i1 = 0.0.0, i2 = 1, SINR = 48 dB, CQI = 15
[0m[NR_PHY] RI = 2 i1 = 0.0.0, i2 = 1, SINR = 48 dB, CQI = 15
[0m[NR_PHY] RI = 2 i1 = 0.0.0, i2 = 1, SINR = 48 dB, CQI = 15
[0m[NR_PHY] RI = 2 i1 = 0.0.0, i2 = 1, SINR = 48 dB, CQI = 15
[0m[NR_PHY] RI = 2 i1 = 0.0.0, i2 = 1, SINR = 48 dB, CQI = 15
[0m[NR_PHY] RI = 2 i1 = 0.0.0, i2 = 1, SINR = 48 dB, CQI = 15
[0m[NR_PHY] RI = 2 i1 = 0.0.0, i2 = 1, SINR = 48 dB, CQI = 15
[0m[NR_PHY] RI = 2 i1 = 0.0.0, i2 = 1, SINR = 48 dB, CQI = 15
[0m[NR_PHY] RI = 2 i1 = 0.0.0, i2 = 1, SINR = 48 dB, CQI = 15
[0m[NR_PHY] RI = 2 i1 = 0.0.0, i2 = 1, SINR = 48 dB, CQI = 15
[0m[NR_PHY] RI = 2 i1 = 0.0.0, i2 = 1, SINR = 48 dB, CQI = 15
[0m[NR_PHY] RI = 2 i1 = 0.0.0, i2 = 1, SINR = 48 dB, CQI = 15
[0m[NR_PHY] RI = 2 i1 = 0.0.0, i2 = 1, SINR = 48 dB, CQI = 15
[0m[NR_PHY] RI = 2 i1 = 0.0.0, i2 = 1, SINR = 48 dB, CQI = 15
[0m[NR_PHY] RI = 2 i1 = 0.0.0, i2 = 1, SINR = 48 dB, CQI = 15
[0m[NR_PHY] RI = 2 i1 = 0.0.0, i2 = 1, SINR = 48 dB, CQI = 15
[0m[NR_PHY] RI = 2 i1 = 0.0.0, i2 = 1, SINR = 48 dB, CQI = 15
[0m[NR_PHY] RI = 2 i1 = 0.0.0, i2 = 1, SINR = 48 dB, CQI = 15
[0m[NR_PHY] RI = 2 i1 = 0.0.0, i2 = 1, SINR = 48 dB, CQI = 15
[0m[NR_PHY] RI = 2 i1 = 0.0.0, i2 = 1, SINR = 48 dB, CQI = 15
[0m[NR_PHY] RI = 2 i1 = 0.0.0, i2 = 1, SINR = 48 dB, CQI = 15
[0m[NR_PHY] RI = 2 i1 = 0.0.0, i2 = 1, SINR = 48 dB, CQI = 15
[0m[NR_PHY] RI = 2 i1 = 0.0.0, i2 = 1, SINR = 48 dB, CQI = 15
[0m[NR_PHY] RI = 2 i1 = 0.0.0, i2 = 1, SINR = 48 dB, CQI = 15
[0m[NR_PHY] RI = 2 i1 = 0.0.0, i2 = 1, SINR = 48 dB, CQI = 15
[0m[NR_PHY] RI = 2 i1 = 0.0.0, i2 = 1, SINR = 48 dB, CQI = 15
[0m[NR_PHY] RI = 2 i1 = 0.0.0, i2 = 1, SINR = 48 dB, CQI = 15
[0m[NR_PHY] RI = 2 i1 = 0.0.0, i2 = 1, SINR = 48 dB, CQI = 15
[0m[NR_PHY] RI = 2 i1 = 0.0.0, i2 = 1, SINR = 48 dB, CQI = 15
[0m[NR_PHY] RI = 2 i1 = 0.0.0, i2 = 1, SINR = 48 dB, CQI = 15
[0m[NR_PHY] RI = 2 i1 = 0.0.0, i2 = 1, SINR = 48 dB, CQI = 15
[0m[NR_PHY] RI = 2 i1 = 0.0.0, i2 = 1, SINR = 48 dB, CQI = 15
[0m[NR_PHY] RI = 2 i1 = 0.0.0, i2 = 1, SINR = 48 dB, CQI = 15
[0m[NR_PHY] RI = 2 i1 = 0.0.0, i2 = 1, SINR = 48 dB, CQI = 15
[0m[NR_PHY] RI = 2 i1 = 0.0.0, i2 = 1, SINR = 48 dB, CQI = 15
[0m[NR_PHY] RI = 2 i1 = 0.0.0, i2 = 1, SINR = 48 dB, CQI = 15
[0m[NR_PHY] RI = 2 i1 = 0.0.0, i2 = 1, SINR = 48 dB, CQI = 15
[0m[NR_PHY] RI = 2 i1 = 0.0.0, i2 = 1, SINR = 48 dB, CQI = 15
[0m[NR_PHY] RI = 2 i1 = 0.0.0, i2 = 1, SINR = 48 dB, CQI = 15
[0m[NR_PHY] RI = 2 i1 = 0.0.0, i2 = 1, SINR = 48 dB, CQI = 15
[0m[NR_PHY] RI = 2 i1 = 0.0.0, i2 = 1, SINR = 48 dB, CQI = 15
[0m[NR_PHY] RI = 2 i1 = 0.0.0, i2 = 1, SINR = 48 dB, CQI = 15
[0m[NR_PHY] RI = 2 i1 = 0.0.0, i2 = 1, SINR = 48 dB, CQI = 15
[0m[NR_PHY] RI = 2 i1 = 0.0.0, i2 = 1, SINR = 48 dB, CQI = 15
[0m[NR_PHY] RI = 2 i1 = 0.0.0, i2 = 1, SINR = 48 dB, CQI = 15
[0m[NR_PHY] RI = 2 i1 = 0.0.0, i2 = 1, SINR = 48 dB, CQI = 15
[0m[NR_PHY] RI = 2 i1 = 0.0.0, i2 = 1, SINR = 48 dB, CQI = 15
[0m[NR_PHY] RI = 2 i1 = 0.0.0, i2 = 1, SINR = 48 dB, CQI = 15
[0m[NR_PHY] RI = 2 i1 = 0.0.0, i2 = 1, SINR = 48 dB, CQI = 15
[0m[NR_PHY] RI = 2 i1 = 0.0.0, i2 = 1, SINR = 48 dB, CQI = 15
[0m[NR_PHY] RI = 2 i1 = 0.0.0, i2 = 1, SINR = 48 dB, CQI = 15
[0m[NR_PHY] RI = 2 i1 = 0.0.0, i2 = 1, SINR = 48 dB, CQI = 15
[0m[NR_PHY] RI = 2 i1 = 0.0.0, i2 = 1, SINR = 48 dB, CQI = 15
[0m[NR_PHY] RI = 2 i1 = 0.0.0, i2 = 1, SINR = 48 dB, CQI = 15
[0m[NR_PHY] RI = 2 i1 = 0.0.0, i2 = 1, SINR = 48 dB, CQI = 15
[0m[NR_PHY] RI = 2 i1 = 0.0.0, i2 = 1, SINR = 48 dB, CQI = 15
[0m[NR_PHY] RI = 2 i1 = 0.0.0, i2 = 1, SINR = 48 dB, CQI = 15
[0m[NR_PHY] RI = 2 i1 = 0.0.0, i2 = 1, SINR = 48 dB, CQI = 15
[0m[NR_MAC] UE 0 RNTI e66b stats sfn: 512.2, cumulated bad DCI 0
    DL harq: 702/3/1
    UL harq: 17467/1475/6 avg code rate 0.6, avg bit/symbol 5.9, avg per TB: (nb RBs 17.0, nb symbols 13.0)
[0m[NR_PHY] RI = 2 i1 = 0.0.0, i2 = 1, SINR = 48 dB, CQI = 15
[0m[NR_PHY] RI = 2 i1 = 0.0.0, i2 = 1, SINR = 48 dB, CQI = 15
[0m[NR_PHY] RI = 2 i1 = 0.0.0, i2 = 1, SINR = 48 dB, CQI = 15
[0m[NR_PHY] RI = 2 i1 = 0.0.0, i2 = 1, SINR = 48 dB, CQI = 15
[0m[NR_PHY] RI = 2 i1 = 0.0.0, i2 = 1, SINR = 48 dB, CQI = 15
[0m[NR_PHY] RI = 2 i1 = 0.0.0, i2 = 1, SINR = 48 dB, CQI = 15
[0m[NR_PHY] RI = 2 i1 = 0.0.0, i2 = 1, SINR = 48 dB, CQI = 15
[0m[NR_PHY] RI = 2 i1 = 0.0.0, i2 = 1, SINR = 48 dB, CQI = 15
[0m[NR_PHY] RI = 2 i1 = 0.0.0, i2 = 1, SINR = 48 dB, CQI = 15
[0m[NR_PHY] RI = 2 i1 = 0.0.0, i2 = 1, SINR = 48 dB, CQI = 15
[0m[NR_PHY] RI = 2 i1 = 0.0.0, i2 = 1, SINR = 48 dB, CQI = 15
[0m[NR_PHY] RI = 2 i1 = 0.0.0, i2 = 1, SINR = 48 dB, CQI = 15
[0m[NR_PHY] RI = 2 i1 = 0.0.0, i2 = 1, SINR = 48 dB, CQI = 15
[0m[NR_PHY] RI = 2 i1 = 0.0.0, i2 = 1, SINR = 48 dB, CQI = 15
[0m[NR_PHY] RI = 2 i1 = 0.0.0, i2 = 1, SINR = 48 dB, CQI = 15
[0m[NR_PHY] RI = 2 i1 = 0.0.0, i2 = 1, SINR = 48 dB, CQI = 15
[0m[NR_PHY] RI = 2 i1 = 0.0.0, i2 = 1, SINR = 48 dB, CQI = 15
[0m[NR_PHY] RI = 2 i1 = 0.0.0, i2 = 1, SINR = 48 dB, CQI = 15
[0m[NR_PHY] RI = 2 i1 = 0.0.0, i2 = 1, SINR = 48 dB, CQI = 15
[0m[NR_PHY] RI = 2 i1 = 0.0.0, i2 = 1, SINR = 48 dB, CQI = 15
[0m[NR_PHY] RI = 2 i1 = 0.0.0, i2 = 1, SINR = 48 dB, CQI = 15
[0m[NR_PHY] RI = 2 i1 = 0.0.0, i2 = 1, SINR = 48 dB, CQI = 15
[0m[NR_PHY] RI = 2 i1 = 0.0.0, i2 = 1, SINR = 48 dB, CQI = 15
[0m[NR_PHY] RI = 2 i1 = 0.0.0, i2 = 1, SINR = 48 dB, CQI = 15
[0m[NR_PHY] RI = 2 i1 = 0.0.0, i2 = 1, SINR = 48 dB, CQI = 15
[0m[NR_PHY] RI = 2 i1 = 0.0.0, i2 = 1, SINR = 48 dB, CQI = 15
[0m[NR_PHY] RI = 2 i1 = 0.0.0, i2 = 1, SINR = 48 dB, CQI = 15
[0m[NR_PHY] RI = 2 i1 = 0.0.0, i2 = 1, SINR = 48 dB, CQI = 15
[0m[NR_PHY] RI = 2 i1 = 0.0.0, i2 = 1, SINR = 48 dB, CQI = 15
[0m[NR_PHY] RI = 2 i1 = 0.0.0, i2 = 1, SINR = 48 dB, CQI = 15
[0m[NR_PHY] RI = 2 i1 = 0.0.0, i2 = 1, SINR = 48 dB, CQI = 15
[0m[NR_PHY] RI = 2 i1 = 0.0.0, i2 = 1, SINR = 48 dB, CQI = 15
[0m[NR_PHY] RI = 2 i1 = 0.0.0, i2 = 1, SINR = 48 dB, CQI = 15
[0m[NR_PHY] RI = 2 i1 = 0.0.0, i2 = 1, SINR = 48 dB, CQI = 15
[0m[NR_PHY] RI = 2 i1 = 0.0.0, i2 = 1, SINR = 48 dB, CQI = 15
[0m[NR_PHY] RI = 2 i1 = 0.0.0, i2 = 1, SINR = 48 dB, CQI = 15
[0m[NR_PHY] RI = 2 i1 = 0.0.0, i2 = 1, SINR = 48 dB, CQI = 15
[0m[NR_PHY] RI = 2 i1 = 0.0.0, i2 = 1, SINR = 48 dB, CQI = 15
[0m[NR_PHY] RI = 2 i1 = 0.0.0, i2 = 1, SINR = 48 dB, CQI = 15
[0m[NR_PHY] RI = 2 i1 = 0.0.0, i2 = 1, SINR = 48 dB, CQI = 15
[0m[NR_PHY] RI = 2 i1 = 0.0.0, i2 = 1, SINR = 48 dB, CQI = 15
[0m[NR_PHY] RI = 2 i1 = 0.0.0, i2 = 1, SINR = 48 dB, CQI = 15
[0m[NR_PHY] RI = 2 i1 = 0.0.0, i2 = 1, SINR = 48 dB, CQI = 15
[0m[NR_PHY] RI = 2 i1 = 0.0.0, i2 = 1, SINR = 48 dB, CQI = 15
[0m[NR_PHY] RI = 2 i1 = 0.0.0, i2 = 1, SINR = 48 dB, CQI = 15
[0m[NR_PHY] RI = 2 i1 = 0.0.0, i2 = 1, SINR = 48 dB, CQI = 15
[0m[NR_PHY] RI = 2 i1 = 0.0.0, i2 = 1, SINR = 48 dB, CQI = 15
[0m[NR_PHY] RI = 2 i1 = 0.0.0, i2 = 1, SINR = 48 dB, CQI = 15
[0m[NR_PHY] RI = 2 i1 = 0.0.0, i2 = 1, SINR = 48 dB, CQI = 15
[0m[NR_PHY] RI = 2 i1 = 0.0.0, i2 = 1, SINR = 48 dB, CQI = 15
[0m[NR_PHY] RI = 2 i1 = 0.0.0, i2 = 1, SINR = 48 dB, CQI = 15
[0m[NR_PHY] RI = 2 i1 = 0.0.0, i2 = 1, SINR = 48 dB, CQI = 15
[0m[NR_PHY] RI = 2 i1 = 0.0.0, i2 = 1, SINR = 48 dB, CQI = 15
[0m[NR_PHY] RI = 2 i1 = 0.0.0, i2 = 1, SINR = 48 dB, CQI = 15
[0m[NR_PHY] RI = 2 i1 = 0.0.0, i2 = 1, SINR = 48 dB, CQI = 15
[0m[NR_PHY] RI = 2 i1 = 0.0.0, i2 = 1, SINR = 48 dB, CQI = 15
[0m[NR_PHY] RI = 2 i1 = 0.0.0, i2 = 1, SINR = 48 dB, CQI = 15
[0m[NR_PHY] RI = 2 i1 = 0.0.0, i2 = 1, SINR = 48 dB, CQI = 15
[0m[NR_PHY] RI = 2 i1 = 0.0.0, i2 = 1, SINR = 48 dB, CQI = 15
[0m[NR_PHY] RI = 2 i1 = 0.0.0, i2 = 1, SINR = 48 dB, CQI = 15
[0m[NR_PHY] RI = 2 i1 = 0.0.0, i2 = 1, SINR = 48 dB, CQI = 15
[0m[NR_PHY] RI = 2 i1 = 0.0.0, i2 = 1, SINR = 48 dB, CQI = 15
[0m[NR_PHY] RI = 2 i1 = 0.0.0, i2 = 1, SINR = 48 dB, CQI = 15
[0m[NR_PHY] RI = 2 i1 = 0.0.0, i2 = 1, SINR = 48 dB, CQI = 15
[0m[NR_MAC] UE 0 RNTI e66b stats sfn: 640.2, cumulated bad DCI 0
    DL harq: 718/3/1
    UL harq: 17920/1534/6 avg code rate 0.6, avg bit/symbol 5.9, avg per TB: (nb RBs 17.0, nb symbols 13.0)
[0m[NR_PHY] RI = 2 i1 = 0.0.0, i2 = 1, SINR = 48 dB, CQI = 15
[0m[NR_PHY] RI = 2 i1 = 0.0.0, i2 = 1, SINR = 48 dB, CQI = 15
[0m[NR_PHY] RI = 2 i1 = 0.0.0, i2 = 1, SINR = 48 dB, CQI = 15
[0m[NR_PHY] RI = 2 i1 = 0.0.0, i2 = 1, SINR = 48 dB, CQI = 15
[0m[NR_PHY] RI = 2 i1 = 0.0.0, i2 = 1, SINR = 48 dB, CQI = 15
[0m[NR_PHY] RI = 2 i1 = 0.0.0, i2 = 1, SINR = 48 dB, CQI = 15
[0m[NR_PHY] RI = 2 i1 = 0.0.0, i2 = 1, SINR = 48 dB, CQI = 15
[0m[NR_PHY] RI = 2 i1 = 0.0.0, i2 = 1, SINR = 48 dB, CQI = 15
[0m[NR_PHY] RI = 2 i1 = 0.0.0, i2 = 1, SINR = 48 dB, CQI = 15
[0m[NR_PHY] RI = 2 i1 = 0.0.0, i2 = 1, SINR = 48 dB, CQI = 15
[0m[NR_PHY] RI = 2 i1 = 0.0.0, i2 = 1, SINR = 48 dB, CQI = 15
[0m[NR_PHY] RI = 2 i1 = 0.0.0, i2 = 1, SINR = 48 dB, CQI = 15
[0m[NR_PHY] RI = 2 i1 = 0.0.0, i2 = 1, SINR = 48 dB, CQI = 15
[0m[NR_PHY] RI = 2 i1 = 0.0.0, i2 = 1, SINR = 48 dB, CQI = 15
[0m[NR_PHY] RI = 2 i1 = 0.0.0, i2 = 1, SINR = 48 dB, CQI = 15
[0m[NR_PHY] RI = 2 i1 = 0.0.0, i2 = 1, SINR = 48 dB, CQI = 15
[0m[NR_PHY] RI = 2 i1 = 0.0.0, i2 = 1, SINR = 48 dB, CQI = 15
[0m[NR_PHY] RI = 2 i1 = 0.0.0, i2 = 1, SINR = 48 dB, CQI = 15
[0m[NR_PHY] RI = 2 i1 = 0.0.0, i2 = 1, SINR = 48 dB, CQI = 15
[0m[NR_PHY] RI = 2 i1 = 0.0.0, i2 = 1, SINR = 48 dB, CQI = 15
[0m[NR_PHY] RI = 2 i1 = 0.0.0, i2 = 1, SINR = 48 dB, CQI = 15
[0m[NR_PHY] RI = 2 i1 = 0.0.0, i2 = 1, SINR = 48 dB, CQI = 15
[0m[NR_PHY] RI = 2 i1 = 0.0.0, i2 = 1, SINR = 48 dB, CQI = 15
[0m[NR_PHY] RI = 2 i1 = 0.0.0, i2 = 1, SINR = 48 dB, CQI = 15
[0m[NR_PHY] RI = 2 i1 = 0.0.0, i2 = 1, SINR = 48 dB, CQI = 15
[0m[NR_PHY] RI = 2 i1 = 0.0.0, i2 = 1, SINR = 48 dB, CQI = 15
[0m[NR_PHY] RI = 2 i1 = 0.0.0, i2 = 1, SINR = 48 dB, CQI = 15
[0m[NR_PHY] RI = 2 i1 = 0.0.0, i2 = 1, SINR = 48 dB, CQI = 15
[0m[NR_PHY] RI = 2 i1 = 0.0.0, i2 = 1, SINR = 48 dB, CQI = 15
[0m[NR_PHY] RI = 2 i1 = 0.0.0, i2 = 1, SINR = 48 dB, CQI = 15
[0m[NR_PHY] RI = 2 i1 = 0.0.0, i2 = 1, SINR = 48 dB, CQI = 15
[0m[NR_PHY] RI = 2 i1 = 0.0.0, i2 = 1, SINR = 48 dB, CQI = 15
[0m[NR_PHY] RI = 2 i1 = 0.0.0, i2 = 1, SINR = 48 dB, CQI = 15
[0m[NR_PHY] RI = 2 i1 = 0.0.0, i2 = 1, SINR = 48 dB, CQI = 15
[0m[NR_PHY] RI = 2 i1 = 0.0.0, i2 = 1, SINR = 48 dB, CQI = 15
[0m[NR_PHY] RI = 2 i1 = 0.0.0, i2 = 1, SINR = 48 dB, CQI = 15
[0m[NR_PHY] RI = 2 i1 = 0.0.0, i2 = 1, SINR = 48 dB, CQI = 15
[0m[NR_PHY] RI = 2 i1 = 0.0.0, i2 = 1, SINR = 48 dB, CQI = 15
[0m[NR_PHY] RI = 2 i1 = 0.0.0, i2 = 1, SINR = 48 dB, CQI = 15
[0m[NR_PHY] RI = 2 i1 = 0.0.0, i2 = 1, SINR = 48 dB, CQI = 15
[0m[NR_PHY] RI = 2 i1 = 0.0.0, i2 = 1, SINR = 48 dB, CQI = 15
[0m[NR_PHY] RI = 2 i1 = 0.0.0, i2 = 1, SINR = 48 dB, CQI = 15
[0m[NR_PHY] RI = 2 i1 = 0.0.0, i2 = 1, SINR = 48 dB, CQI = 15
[0m[NR_PHY] RI = 2 i1 = 0.0.0, i2 = 1, SINR = 48 dB, CQI = 15
[0m[NR_PHY] RI = 2 i1 = 0.0.0, i2 = 1, SINR = 48 dB, CQI = 15
[0m[NR_PHY] RI = 2 i1 = 0.0.0, i2 = 1, SINR = 48 dB, CQI = 15
[0m[NR_PHY] RI = 2 i1 = 0.0.0, i2 = 1, SINR = 48 dB, CQI = 15
[0m[NR_PHY] RI = 2 i1 = 0.0.0, i2 = 1, SINR = 48 dB, CQI = 15
[0m[NR_PHY] RI = 2 i1 = 0.0.0, i2 = 1, SINR = 48 dB, CQI = 15
[0m[NR_PHY] RI = 2 i1 = 0.0.0, i2 = 1, SINR = 48 dB, CQI = 15
[0m[NR_PHY] RI = 2 i1 = 0.0.0, i2 = 1, SINR = 48 dB, CQI = 15
[0m[NR_PHY] RI = 2 i1 = 0.0.0, i2 = 1, SINR = 48 dB, CQI = 15
[0m[NR_PHY] RI = 2 i1 = 0.0.0, i2 = 1, SINR = 48 dB, CQI = 15
[0m[NR_PHY] RI = 2 i1 = 0.0.0, i2 = 1, SINR = 48 dB, CQI = 15
[0m[NR_PHY] RI = 2 i1 = 0.0.0, i2 = 1, SINR = 48 dB, CQI = 15
[0m[NR_PHY] RI = 2 i1 = 0.0.0, i2 = 1, SINR = 48 dB, CQI = 15
[0m[NR_PHY] RI = 2 i1 = 0.0.0, i2 = 1, SINR = 48 dB, CQI = 15
[0m[NR_PHY] RI = 2 i1 = 0.0.0, i2 = 1, SINR = 48 dB, CQI = 15
[0m[NR_PHY] RI = 2 i1 = 0.0.0, i2 = 1, SINR = 48 dB, CQI = 15
[0m[NR_PHY] RI = 2 i1 = 0.0.0, i2 = 1, SINR = 48 dB, CQI = 15
[0m[NR_PHY] RI = 2 i1 = 0.0.0, i2 = 1, SINR = 48 dB, CQI = 15
[0m[NR_PHY] RI = 2 i1 = 0.0.0, i2 = 1, SINR = 48 dB, CQI = 15
[0m[NR_PHY] RI = 2 i1 = 0.0.0, i2 = 1, SINR = 48 dB, CQI = 15
[0m[NR_PHY] RI = 2 i1 = 0.0.0, i2 = 1, SINR = 48 dB, CQI = 15
[0m[NR_MAC] UE 0 RNTI e66b stats sfn: 768.2, cumulated bad DCI 0
    DL harq: 738/3/1
    UL harq: 18418/1547/6 avg code rate 0.6, avg bit/symbol 5.9, avg per TB: (nb RBs 17.0, nb symbols 13.0)
[0m[NR_PHY] RI = 2 i1 = 0.0.0, i2 = 1, SINR = 48 dB, CQI = 15
[0m[NR_PHY] RI = 2 i1 = 0.0.0, i2 = 1, SINR = 48 dB, CQI = 15
[0m[NR_PHY] RI = 2 i1 = 0.0.0, i2 = 1, SINR = 48 dB, CQI = 15
[0m[NR_PHY] RI = 2 i1 = 0.0.0, i2 = 1, SINR = 48 dB, CQI = 15
[0m[NR_PHY] RI = 2 i1 = 0.0.0, i2 = 1, SINR = 48 dB, CQI = 15
[0m[NR_PHY] RI = 2 i1 = 0.0.0, i2 = 1, SINR = 48 dB, CQI = 15
[0m[NR_PHY] RI = 2 i1 = 0.0.0, i2 = 1, SINR = 48 dB, CQI = 15
[0m[NR_PHY] RI = 2 i1 = 0.0.0, i2 = 1, SINR = 48 dB, CQI = 15
[0m[NR_PHY] RI = 2 i1 = 0.0.0, i2 = 1, SINR = 48 dB, CQI = 15
[0m[NR_PHY] RI = 2 i1 = 0.0.0, i2 = 1, SINR = 48 dB, CQI = 15
[0m[NR_PHY] RI = 2 i1 = 0.0.0, i2 = 1, SINR = 48 dB, CQI = 15
[0m[NR_PHY] RI = 2 i1 = 0.0.0, i2 = 1, SINR = 48 dB, CQI = 15
[0m[NR_PHY] RI = 2 i1 = 0.0.0, i2 = 1, SINR = 48 dB, CQI = 15
[0m[NR_PHY] RI = 2 i1 = 0.0.0, i2 = 1, SINR = 48 dB, CQI = 15
[0m[NR_PHY] RI = 2 i1 = 0.0.0, i2 = 1, SINR = 48 dB, CQI = 15
[0m[NR_PHY] RI = 2 i1 = 0.0.0, i2 = 1, SINR = 48 dB, CQI = 15
[0m[NR_PHY] RI = 2 i1 = 0.0.0, i2 = 1, SINR = 48 dB, CQI = 15
[0m[NR_PHY] RI = 2 i1 = 0.0.0, i2 = 1, SINR = 48 dB, CQI = 15
[0m[NR_PHY] RI = 2 i1 = 0.0.0, i2 = 1, SINR = 48 dB, CQI = 15
[0m[NR_PHY] RI = 2 i1 = 0.0.0, i2 = 1, SINR = 48 dB, CQI = 15
[0m[NR_PHY] RI = 2 i1 = 0.0.0, i2 = 1, SINR = 48 dB, CQI = 15
[0m[NR_PHY] RI = 2 i1 = 0.0.0, i2 = 1, SINR = 48 dB, CQI = 15
[0m[NR_PHY] RI = 2 i1 = 0.0.0, i2 = 1, SINR = 48 dB, CQI = 15
[0m[NR_PHY] RI = 2 i1 = 0.0.0, i2 = 1, SINR = 48 dB, CQI = 15
[0m[NR_PHY] RI = 2 i1 = 0.0.0, i2 = 1, SINR = 48 dB, CQI = 15
[0m[NR_PHY] RI = 2 i1 = 0.0.0, i2 = 1, SINR = 48 dB, CQI = 15
[0m[NR_PHY] RI = 2 i1 = 0.0.0, i2 = 1, SINR = 48 dB, CQI = 15
[0m[NR_PHY] RI = 2 i1 = 0.0.0, i2 = 1, SINR = 48 dB, CQI = 15
[0m[NR_PHY] RI = 2 i1 = 0.0.0, i2 = 1, SINR = 48 dB, CQI = 15
[0m[NR_PHY] RI = 2 i1 = 0.0.0, i2 = 1, SINR = 48 dB, CQI = 15
[0m[NR_PHY] RI = 2 i1 = 0.0.0, i2 = 1, SINR = 48 dB, CQI = 15
[0m[NR_PHY] RI = 2 i1 = 0.0.0, i2 = 1, SINR = 48 dB, CQI = 15
[0m[NR_PHY] RI = 2 i1 = 0.0.0, i2 = 1, SINR = 48 dB, CQI = 15
[0m[NR_PHY] RI = 2 i1 = 0.0.0, i2 = 1, SINR = 48 dB, CQI = 15
[0m[NR_PHY] RI = 2 i1 = 0.0.0, i2 = 1, SINR = 48 dB, CQI = 15
[0m[NR_PHY] RI = 2 i1 = 0.0.0, i2 = 1, SINR = 48 dB, CQI = 15
[0m[NR_PHY] RI = 2 i1 = 0.0.0, i2 = 1, SINR = 48 dB, CQI = 15
[0m[NR_PHY] RI = 2 i1 = 0.0.0, i2 = 1, SINR = 48 dB, CQI = 15
[0m[NR_PHY] RI = 2 i1 = 0.0.0, i2 = 1, SINR = 48 dB, CQI = 15
[0m[NR_PHY] RI = 2 i1 = 0.0.0, i2 = 1, SINR = 48 dB, CQI = 15
[0m[NR_PHY] RI = 2 i1 = 0.0.0, i2 = 1, SINR = 48 dB, CQI = 15
[0m[NR_PHY] RI = 2 i1 = 0.0.0, i2 = 1, SINR = 48 dB, CQI = 15
[0m[NR_PHY] RI = 2 i1 = 0.0.0, i2 = 1, SINR = 48 dB, CQI = 15
[0m[NR_PHY] RI = 2 i1 = 0.0.0, i2 = 1, SINR = 48 dB, CQI = 15
[0m[NR_PHY] RI = 2 i1 = 0.0.0, i2 = 1, SINR = 48 dB, CQI = 15
[0m[NR_PHY] RI = 2 i1 = 0.0.0, i2 = 1, SINR = 48 dB, CQI = 15
[0m[NR_PHY] RI = 2 i1 = 0.0.0, i2 = 1, SINR = 48 dB, CQI = 15
[0m[NR_PHY] RI = 2 i1 = 0.0.0, i2 = 1, SINR = 48 dB, CQI = 15
[0m[NR_PHY] RI = 2 i1 = 0.0.0, i2 = 1, SINR = 48 dB, CQI = 15
[0m[NR_PHY] RI = 2 i1 = 0.0.0, i2 = 1, SINR = 48 dB, CQI = 15
[0m[NR_PHY] RI = 2 i1 = 0.0.0, i2 = 1, SINR = 48 dB, CQI = 15
[0m[NR_PHY] RI = 2 i1 = 0.0.0, i2 = 1, SINR = 48 dB, CQI = 15
[0m[NR_PHY] RI = 2 i1 = 0.0.0, i2 = 1, SINR = 48 dB, CQI = 15
[0m[NR_PHY] RI = 2 i1 = 0.0.0, i2 = 1, SINR = 48 dB, CQI = 15
[0m[NR_PHY] RI = 2 i1 = 0.0.0, i2 = 1, SINR = 48 dB, CQI = 15
[0m[NR_PHY] RI = 2 i1 = 0.0.0, i2 = 1, SINR = 48 dB, CQI = 15
[0m[NR_PHY] RI = 2 i1 = 0.0.0, i2 = 1, SINR = 48 dB, CQI = 15
[0m[NR_PHY] RI = 2 i1 = 0.0.0, i2 = 1, SINR = 48 dB, CQI = 15
[0m[NR_PHY] RI = 2 i1 = 0.0.0, i2 = 1, SINR = 48 dB, CQI = 15
[0m[NR_PHY] RI = 2 i1 = 0.0.0, i2 = 1, SINR = 48 dB, CQI = 15
[0m[NR_PHY] RI = 2 i1 = 0.0.0, i2 = 1, SINR = 48 dB, CQI = 15
[0m[NR_PHY] RI = 2 i1 = 0.0.0, i2 = 1, SINR = 48 dB, CQI = 15
[0m[NR_PHY] RI = 2 i1 = 0.0.0, i2 = 1, SINR = 48 dB, CQI = 15
[0m[NR_PHY] RI = 2 i1 = 0.0.0, i2 = 1, SINR = 48 dB, CQI = 15
[0m[NR_MAC] UE 0 RNTI e66b stats sfn: 896.2, cumulated bad DCI 0
    DL harq: 755/3/1
    UL harq: 18862/1615/6 avg code rate 0.6, avg bit/symbol 5.9, avg per TB: (nb RBs 17.0, nb symbols 13.0)
[0m[NR_PHY] RI = 2 i1 = 0.0.0, i2 = 1, SINR = 48 dB, CQI = 15
[0m[NR_PHY] RI = 2 i1 = 0.0.0, i2 = 1, SINR = 48 dB, CQI = 15
[0m[NR_PHY] RI = 2 i1 = 0.0.0, i2 = 1, SINR = 48 dB, CQI = 15
[0m[NR_PHY] RI = 2 i1 = 0.0.0, i2 = 1, SINR = 48 dB, CQI = 15
[0m[NR_PHY] RI = 2 i1 = 0.0.0, i2 = 1, SINR = 48 dB, CQI = 15
[0m[NR_PHY] RI = 2 i1 = 0.0.0, i2 = 1, SINR = 48 dB, CQI = 15
[0m[NR_PHY] RI = 2 i1 = 0.0.0, i2 = 1, SINR = 48 dB, CQI = 15
[0m[NR_PHY] RI = 2 i1 = 0.0.0, i2 = 1, SINR = 48 dB, CQI = 15
[0m[NR_PHY] RI = 2 i1 = 0.0.0, i2 = 1, SINR = 48 dB, CQI = 15
[0m[NR_PHY] RI = 2 i1 = 0.0.0, i2 = 1, SINR = 48 dB, CQI = 15
[0m[NR_PHY] RI = 2 i1 = 0.0.0, i2 = 1, SINR = 48 dB, CQI = 15
[0m[NR_PHY] RI = 2 i1 = 0.0.0, i2 = 1, SINR = 48 dB, CQI = 15
[0m[NR_PHY] RI = 2 i1 = 0.0.0, i2 = 1, SINR = 48 dB, CQI = 15
[0m[NR_PHY] RI = 2 i1 = 0.0.0, i2 = 1, SINR = 48 dB, CQI = 15
[0m[NR_PHY] RI = 2 i1 = 0.0.0, i2 = 1, SINR = 48 dB, CQI = 15
[0m[NR_PHY] RI = 2 i1 = 0.0.0, i2 = 1, SINR = 48 dB, CQI = 15
[0m[NR_PHY] RI = 2 i1 = 0.0.0, i2 = 1, SINR = 48 dB, CQI = 15
[0m[NR_PHY] RI = 2 i1 = 0.0.0, i2 = 1, SINR = 48 dB, CQI = 15
[0m[NR_PHY] RI = 2 i1 = 0.0.0, i2 = 1, SINR = 48 dB, CQI = 15
[0m[NR_PHY] RI = 2 i1 = 0.0.0, i2 = 1, SINR = 48 dB, CQI = 15
[0m[NR_PHY] RI = 2 i1 = 0.0.0, i2 = 1, SINR = 48 dB, CQI = 15
[0m[NR_PHY] RI = 2 i1 = 0.0.0, i2 = 1, SINR = 48 dB, CQI = 15
[0m[NR_PHY] RI = 2 i1 = 0.0.0, i2 = 1, SINR = 48 dB, CQI = 15
[0m[NR_PHY] RI = 2 i1 = 0.0.0, i2 = 1, SINR = 48 dB, CQI = 15
[0m[NR_PHY] RI = 2 i1 = 0.0.0, i2 = 1, SINR = 48 dB, CQI = 15
[0m[NR_PHY] RI = 2 i1 = 0.0.0, i2 = 1, SINR = 48 dB, CQI = 15
[0m[NR_PHY] RI = 2 i1 = 0.0.0, i2 = 1, SINR = 48 dB, CQI = 15
[0m[NR_PHY] RI = 2 i1 = 0.0.0, i2 = 1, SINR = 48 dB, CQI = 15
[0m[NR_PHY] RI = 2 i1 = 0.0.0, i2 = 1, SINR = 48 dB, CQI = 15
[0m[NR_PHY] RI = 2 i1 = 0.0.0, i2 = 1, SINR = 48 dB, CQI = 15
[0m[NR_PHY] RI = 2 i1 = 0.0.0, i2 = 1, SINR = 48 dB, CQI = 15
[0m[NR_PHY] RI = 2 i1 = 0.0.0, i2 = 1, SINR = 48 dB, CQI = 15
[0m[NR_PHY] RI = 2 i1 = 0.0.0, i2 = 1, SINR = 48 dB, CQI = 15
[0m[NR_PHY] RI = 2 i1 = 0.0.0, i2 = 1, SINR = 48 dB, CQI = 15
[0m[NR_PHY] RI = 2 i1 = 0.0.0, i2 = 1, SINR = 48 dB, CQI = 15
[0m[NR_PHY] RI = 2 i1 = 0.0.0, i2 = 1, SINR = 48 dB, CQI = 15
[0m[NR_PHY] RI = 2 i1 = 0.0.0, i2 = 1, SINR = 48 dB, CQI = 15
[0m[NR_PHY] RI = 2 i1 = 0.0.0, i2 = 1, SINR = 48 dB, CQI = 15
[0m[NR_PHY] RI = 2 i1 = 0.0.0, i2 = 1, SINR = 48 dB, CQI = 15
[0m[NR_PHY] RI = 2 i1 = 0.0.0, i2 = 1, SINR = 48 dB, CQI = 15
[0m[NR_PHY] RI = 2 i1 = 0.0.0, i2 = 1, SINR = 48 dB, CQI = 15
[0m[NR_PHY] RI = 2 i1 = 0.0.0, i2 = 1, SINR = 48 dB, CQI = 15
[0m[NR_PHY] RI = 2 i1 = 0.0.0, i2 = 1, SINR = 48 dB, CQI = 15
[0m[NR_PHY] RI = 2 i1 = 0.0.0, i2 = 1, SINR = 48 dB, CQI = 15
[0m[NR_PHY] RI = 2 i1 = 0.0.0, i2 = 1, SINR = 48 dB, CQI = 15
[0m[NR_PHY] RI = 2 i1 = 0.0.0, i2 = 1, SINR = 48 dB, CQI = 15
[0m[NR_PHY] RI = 2 i1 = 0.0.0, i2 = 1, SINR = 48 dB, CQI = 15
[0m[NR_PHY] RI = 2 i1 = 0.0.0, i2 = 1, SINR = 48 dB, CQI = 15
[0m[NR_PHY] RI = 2 i1 = 0.0.0, i2 = 1, SINR = 48 dB, CQI = 15
[0m[NR_PHY] RI = 2 i1 = 0.0.0, i2 = 1, SINR = 48 dB, CQI = 15
[0m[NR_PHY] RI = 2 i1 = 0.0.0, i2 = 1, SINR = 48 dB, CQI = 15
[0m[NR_PHY] RI = 2 i1 = 0.0.0, i2 = 1, SINR = 48 dB, CQI = 15
[0m[NR_PHY] RI = 2 i1 = 0.0.0, i2 = 1, SINR = 48 dB, CQI = 15
[0m[NR_PHY] RI = 2 i1 = 0.0.0, i2 = 1, SINR = 48 dB, CQI = 15
[0m[NR_PHY] RI = 2 i1 = 0.0.0, i2 = 1, SINR = 48 dB, CQI = 15
[0m[NR_PHY] RI = 2 i1 = 0.0.0, i2 = 1, SINR = 48 dB, CQI = 15
[0m[NR_PHY] RI = 2 i1 = 0.0.0, i2 = 1, SINR = 48 dB, CQI = 15
[0m[NR_PHY] RI = 2 i1 = 0.0.0, i2 = 1, SINR = 48 dB, CQI = 15
[0m[NR_PHY] RI = 2 i1 = 0.0.0, i2 = 1, SINR = 48 dB, CQI = 15
[0m[NR_PHY] RI = 2 i1 = 0.0.0, i2 = 1, SINR = 48 dB, CQI = 15
[0m[NR_PHY] RI = 2 i1 = 0.0.0, i2 = 1, SINR = 48 dB, CQI = 15
[0m[NR_PHY] RI = 2 i1 = 0.0.0, i2 = 1, SINR = 48 dB, CQI = 15
[0m[NR_PHY] RI = 2 i1 = 0.0.0, i2 = 1, SINR = 48 dB, CQI = 15
[0m[NR_PHY] RI = 2 i1 = 0.0.0, i2 = 1, SINR = 48 dB, CQI = 15
[0m[NR_MAC] UE 0 RNTI e66b stats sfn: 0.2, cumulated bad DCI 0
    DL harq: 772/3/1
    UL harq: 19345/1644/6 avg code rate 0.6, avg bit/symbol 5.9, avg per TB: (nb RBs 17.0, nb symbols 13.0)
[0m[NR_PHY] RI = 2 i1 = 0.0.0, i2 = 1, SINR = 48 dB, CQI = 15
[0m[NR_PHY] RI = 2 i1 = 0.0.0, i2 = 1, SINR = 48 dB, CQI = 15
[0m[NR_PHY] RI = 2 i1 = 0.0.0, i2 = 1, SINR = 48 dB, CQI = 15
[0m[NR_PHY] RI = 2 i1 = 0.0.0, i2 = 1, SINR = 48 dB, CQI = 15
[0m[NR_PHY] RI = 2 i1 = 0.0.0, i2 = 1, SINR = 48 dB, CQI = 15
[0m[NR_PHY] RI = 2 i1 = 0.0.0, i2 = 1, SINR = 48 dB, CQI = 15
[0m[NR_PHY] RI = 2 i1 = 0.0.0, i2 = 1, SINR = 48 dB, CQI = 15
[0m[NR_PHY] RI = 2 i1 = 0.0.0, i2 = 1, SINR = 48 dB, CQI = 15
[0m[NR_PHY] RI = 2 i1 = 0.0.0, i2 = 1, SINR = 48 dB, CQI = 15
[0m[NR_PHY] RI = 2 i1 = 0.0.0, i2 = 1, SINR = 48 dB, CQI = 15
[0m[NR_PHY] RI = 2 i1 = 0.0.0, i2 = 1, SINR = 48 dB, CQI = 15
[0m[NR_PHY] RI = 2 i1 = 0.0.0, i2 = 1, SINR = 48 dB, CQI = 15
[0m[NR_PHY] RI = 2 i1 = 0.0.0, i2 = 1, SINR = 48 dB, CQI = 15
[0m[NR_PHY] RI = 2 i1 = 0.0.0, i2 = 1, SINR = 48 dB, CQI = 15
[0m[NR_PHY] RI = 2 i1 = 0.0.0, i2 = 1, SINR = 48 dB, CQI = 15
[0m[NR_PHY] RI = 2 i1 = 0.0.0, i2 = 1, SINR = 48 dB, CQI = 15
[0m[NR_PHY] RI = 2 i1 = 0.0.0, i2 = 1, SINR = 48 dB, CQI = 15
[0m[NR_PHY] RI = 2 i1 = 0.0.0, i2 = 1, SINR = 48 dB, CQI = 15
[0m[NR_PHY] RI = 2 i1 = 0.0.0, i2 = 1, SINR = 48 dB, CQI = 15
[0m[NR_PHY] RI = 2 i1 = 0.0.0, i2 = 1, SINR = 48 dB, CQI = 15
[0m[NR_PHY] RI = 2 i1 = 0.0.0, i2 = 1, SINR = 48 dB, CQI = 15
[0m[NR_PHY] RI = 2 i1 = 0.0.0, i2 = 1, SINR = 48 dB, CQI = 15
[0m[NR_PHY] RI = 2 i1 = 0.0.0, i2 = 1, SINR = 48 dB, CQI = 15
[0m[NR_PHY] RI = 2 i1 = 0.0.0, i2 = 1, SINR = 48 dB, CQI = 15
[0m[NR_PHY] RI = 2 i1 = 0.0.0, i2 = 1, SINR = 48 dB, CQI = 15
[0m[NR_PHY] RI = 2 i1 = 0.0.0, i2 = 1, SINR = 48 dB, CQI = 15
[0m[NR_PHY] RI = 2 i1 = 0.0.0, i2 = 1, SINR = 48 dB, CQI = 15
[0m[NR_PHY] RI = 2 i1 = 0.0.0, i2 = 1, SINR = 48 dB, CQI = 15
[0m[NR_PHY] RI = 2 i1 = 0.0.0, i2 = 1, SINR = 48 dB, CQI = 15
[0m[NR_PHY] RI = 2 i1 = 0.0.0, i2 = 1, SINR = 48 dB, CQI = 15
[0m[NR_PHY] RI = 2 i1 = 0.0.0, i2 = 1, SINR = 48 dB, CQI = 15
[0m[NR_PHY] RI = 2 i1 = 0.0.0, i2 = 1, SINR = 48 dB, CQI = 15
[0m[NR_PHY] RI = 2 i1 = 0.0.0, i2 = 1, SINR = 48 dB, CQI = 15
[0m[NR_PHY] RI = 2 i1 = 0.0.0, i2 = 1, SINR = 48 dB, CQI = 15
[0m[NR_PHY] RI = 2 i1 = 0.0.0, i2 = 1, SINR = 48 dB, CQI = 15
[0m[NR_PHY] RI = 2 i1 = 0.0.0, i2 = 1, SINR = 48 dB, CQI = 15
[0m[NR_PHY] RI = 2 i1 = 0.0.0, i2 = 1, SINR = 48 dB, CQI = 15
[0m[NR_PHY] RI = 2 i1 = 0.0.0, i2 = 1, SINR = 48 dB, CQI = 15
[0m[NR_PHY] RI = 2 i1 = 0.0.0, i2 = 1, SINR = 48 dB, CQI = 15
[0m[NR_PHY] RI = 2 i1 = 0.0.0, i2 = 1, SINR = 48 dB, CQI = 15
[0m[NR_PHY] RI = 2 i1 = 0.0.0, i2 = 1, SINR = 48 dB, CQI = 15
[0m[NR_PHY] RI = 2 i1 = 0.0.0, i2 = 1, SINR = 48 dB, CQI = 15
[0m[NR_PHY] RI = 2 i1 = 0.0.0, i2 = 1, SINR = 48 dB, CQI = 15
[0m[NR_PHY] RI = 2 i1 = 0.0.0, i2 = 1, SINR = 48 dB, CQI = 15
[0m[NR_PHY] RI = 2 i1 = 0.0.0, i2 = 1, SINR = 48 dB, CQI = 15
[0m[NR_PHY] RI = 2 i1 = 0.0.0, i2 = 1, SINR = 48 dB, CQI = 15
[0m[NR_PHY] RI = 2 i1 = 0.0.0, i2 = 1, SINR = 48 dB, CQI = 15
[0m[NR_PHY] RI = 2 i1 = 0.0.0, i2 = 1, SINR = 48 dB, CQI = 15
[0m[NR_PHY] RI = 2 i1 = 0.0.0, i2 = 1, SINR = 48 dB, CQI = 15
[0m[NR_PHY] RI = 2 i1 = 0.0.0, i2 = 1, SINR = 48 dB, CQI = 15
[0m[NR_PHY] RI = 2 i1 = 0.0.0, i2 = 1, SINR = 48 dB, CQI = 15
[0m[NR_PHY] RI = 2 i1 = 0.0.0, i2 = 1, SINR = 48 dB, CQI = 15
[0m[NR_PHY] RI = 2 i1 = 0.0.0, i2 = 1, SINR = 48 dB, CQI = 15
[0m[NR_PHY] RI = 2 i1 = 0.0.0, i2 = 1, SINR = 48 dB, CQI = 15
[0m[NR_PHY] RI = 2 i1 = 0.0.0, i2 = 1, SINR = 48 dB, CQI = 15
[0m[NR_PHY] RI = 2 i1 = 0.0.0, i2 = 1, SINR = 48 dB, CQI = 15
[0m[NR_PHY] RI = 2 i1 = 0.0.0, i2 = 1, SINR = 48 dB, CQI = 15
[0m[NR_PHY] RI = 2 i1 = 0.0.0, i2 = 1, SINR = 48 dB, CQI = 15
[0m[NR_PHY] RI = 2 i1 = 0.0.0, i2 = 1, SINR = 48 dB, CQI = 15
[0m[NR_PHY] RI = 2 i1 = 0.0.0, i2 = 1, SINR = 48 dB, CQI = 15
[0m[NR_PHY] RI = 2 i1 = 0.0.0, i2 = 1, SINR = 48 dB, CQI = 15
[0m[NR_PHY] RI = 2 i1 = 0.0.0, i2 = 1, SINR = 48 dB, CQI = 15
[0m[NR_PHY] RI = 2 i1 = 0.0.0, i2 = 1, SINR = 48 dB, CQI = 15
[0m[NR_PHY] RI = 2 i1 = 0.0.0, i2 = 1, SINR = 48 dB, CQI = 15
[0m[NR_MAC] UE 0 RNTI e66b stats sfn: 128.2, cumulated bad DCI 0
    DL harq: 791/3/1
    UL harq: 19824/1676/6 avg code rate 0.6, avg bit/symbol 5.9, avg per TB: (nb RBs 17.0, nb symbols 13.0)
[0m[NR_PHY] RI = 2 i1 = 0.0.0, i2 = 1, SINR = 48 dB, CQI = 15
[0m[NR_PHY] RI = 2 i1 = 0.0.0, i2 = 1, SINR = 48 dB, CQI = 15
[0m[NR_PHY] RI = 2 i1 = 0.0.0, i2 = 1, SINR = 48 dB, CQI = 15
[0m[NR_PHY] RI = 2 i1 = 0.0.0, i2 = 1, SINR = 48 dB, CQI = 15
[0m[NR_PHY] RI = 2 i1 = 0.0.0, i2 = 1, SINR = 48 dB, CQI = 15
[0m[NR_PHY] RI = 2 i1 = 0.0.0, i2 = 1, SINR = 48 dB, CQI = 15
[0m[NR_PHY] RI = 2 i1 = 0.0.0, i2 = 1, SINR = 48 dB, CQI = 15
[0m[NR_PHY] RI = 2 i1 = 0.0.0, i2 = 1, SINR = 48 dB, CQI = 15
[0m[NR_PHY] RI = 2 i1 = 0.0.0, i2 = 1, SINR = 48 dB, CQI = 15
[0m[NR_PHY] RI = 2 i1 = 0.0.0, i2 = 1, SINR = 48 dB, CQI = 15
[0m[NR_PHY] RI = 2 i1 = 0.0.0, i2 = 1, SINR = 48 dB, CQI = 15
[0m[NR_PHY] RI = 2 i1 = 0.0.0, i2 = 1, SINR = 48 dB, CQI = 15
[0m[NR_PHY] RI = 2 i1 = 0.0.0, i2 = 1, SINR = 48 dB, CQI = 15
[0m[NR_PHY] RI = 2 i1 = 0.0.0, i2 = 1, SINR = 48 dB, CQI = 15
[0m[NR_PHY] RI = 2 i1 = 0.0.0, i2 = 1, SINR = 48 dB, CQI = 15
[0m[NR_PHY] RI = 2 i1 = 0.0.0, i2 = 1, SINR = 48 dB, CQI = 15
[0m[NR_PHY] RI = 2 i1 = 0.0.0, i2 = 1, SINR = 48 dB, CQI = 15
[0m[NR_PHY] RI = 2 i1 = 0.0.0, i2 = 1, SINR = 48 dB, CQI = 15
[0m[NR_PHY] RI = 2 i1 = 0.0.0, i2 = 1, SINR = 48 dB, CQI = 15
[0m[NR_PHY] RI = 2 i1 = 0.0.0, i2 = 1, SINR = 48 dB, CQI = 15
[0m[NR_PHY] RI = 2 i1 = 0.0.0, i2 = 1, SINR = 48 dB, CQI = 15
[0m[NR_PHY] RI = 2 i1 = 0.0.0, i2 = 1, SINR = 48 dB, CQI = 15
[0m[NR_PHY] RI = 2 i1 = 0.0.0, i2 = 1, SINR = 48 dB, CQI = 15
[0m[NR_PHY] RI = 2 i1 = 0.0.0, i2 = 1, SINR = 48 dB, CQI = 15
[0m[NR_PHY] RI = 2 i1 = 0.0.0, i2 = 1, SINR = 48 dB, CQI = 15
[0m[NR_PHY] RI = 2 i1 = 0.0.0, i2 = 1, SINR = 48 dB, CQI = 15
[0m[NR_PHY] RI = 2 i1 = 0.0.0, i2 = 1, SINR = 48 dB, CQI = 15
[0m[NR_PHY] RI = 2 i1 = 0.0.0, i2 = 1, SINR = 48 dB, CQI = 15
[0m[NR_PHY] RI = 2 i1 = 0.0.0, i2 = 1, SINR = 48 dB, CQI = 15
[0m[NR_PHY] RI = 2 i1 = 0.0.0, i2 = 1, SINR = 48 dB, CQI = 15
[0m[NR_PHY] RI = 2 i1 = 0.0.0, i2 = 1, SINR = 48 dB, CQI = 15
[0m[NR_PHY] RI = 2 i1 = 0.0.0, i2 = 1, SINR = 48 dB, CQI = 15
[0m[NR_PHY] RI = 2 i1 = 0.0.0, i2 = 1, SINR = 48 dB, CQI = 15
[0m[NR_PHY] RI = 2 i1 = 0.0.0, i2 = 1, SINR = 48 dB, CQI = 15
[0m[NR_PHY] RI = 2 i1 = 0.0.0, i2 = 1, SINR = 48 dB, CQI = 15
[0m[NR_PHY] RI = 2 i1 = 0.0.0, i2 = 1, SINR = 48 dB, CQI = 15
[0m[NR_PHY] RI = 2 i1 = 0.0.0, i2 = 1, SINR = 48 dB, CQI = 15
[0m[NR_PHY] RI = 2 i1 = 0.0.0, i2 = 1, SINR = 48 dB, CQI = 15
[0m[NR_PHY] RI = 2 i1 = 0.0.0, i2 = 1, SINR = 48 dB, CQI = 15
[0m[NR_PHY] RI = 2 i1 = 0.0.0, i2 = 1, SINR = 48 dB, CQI = 15
[0m[NR_PHY] RI = 2 i1 = 0.0.0, i2 = 1, SINR = 48 dB, CQI = 15
[0m[NR_PHY] RI = 2 i1 = 0.0.0, i2 = 1, SINR = 48 dB, CQI = 15
[0m[NR_PHY] RI = 2 i1 = 0.0.0, i2 = 1, SINR = 48 dB, CQI = 15
[0m[NR_PHY] RI = 2 i1 = 0.0.0, i2 = 1, SINR = 48 dB, CQI = 15
[0m[NR_PHY] RI = 2 i1 = 0.0.0, i2 = 1, SINR = 48 dB, CQI = 15
[0m[NR_PHY] RI = 2 i1 = 0.0.0, i2 = 1, SINR = 48 dB, CQI = 15
[0m[NR_PHY] RI = 2 i1 = 0.0.0, i2 = 1, SINR = 48 dB, CQI = 15
[0m[NR_PHY] RI = 2 i1 = 0.0.0, i2 = 1, SINR = 48 dB, CQI = 15
[0m[NR_PHY] RI = 2 i1 = 0.0.0, i2 = 1, SINR = 48 dB, CQI = 15
[0m[NR_PHY] RI = 2 i1 = 0.0.0, i2 = 1, SINR = 48 dB, CQI = 15
[0m[NR_PHY] RI = 2 i1 = 0.0.0, i2 = 1, SINR = 48 dB, CQI = 15
[0m[NR_PHY] RI = 2 i1 = 0.0.0, i2 = 1, SINR = 48 dB, CQI = 15
[0m[NR_PHY] RI = 2 i1 = 0.0.0, i2 = 1, SINR = 48 dB, CQI = 15
[0m[NR_PHY] RI = 2 i1 = 0.0.0, i2 = 1, SINR = 48 dB, CQI = 15
[0m[NR_PHY] RI = 2 i1 = 0.0.0, i2 = 1, SINR = 48 dB, CQI = 15
[0m[NR_PHY] RI = 2 i1 = 0.0.0, i2 = 1, SINR = 48 dB, CQI = 15
[0m[NR_PHY] RI = 2 i1 = 0.0.0, i2 = 1, SINR = 48 dB, CQI = 15
[0m[NR_PHY] RI = 2 i1 = 0.0.0, i2 = 1, SINR = 48 dB, CQI = 15
[0m[NR_PHY] RI = 2 i1 = 0.0.0, i2 = 1, SINR = 48 dB, CQI = 15
[0m[NR_PHY] RI = 2 i1 = 0.0.0, i2 = 1, SINR = 48 dB, CQI = 15
[0m[NR_PHY] RI = 2 i1 = 0.0.0, i2 = 1, SINR = 48 dB, CQI = 15
[0m[NR_PHY] RI = 2 i1 = 0.0.0, i2 = 1, SINR = 48 dB, CQI = 15
[0m[NR_PHY] RI = 2 i1 = 0.0.0, i2 = 1, SINR = 48 dB, CQI = 15
[0m[NR_PHY] RI = 2 i1 = 0.0.0, i2 = 1, SINR = 48 dB, CQI = 15
[0m[NR_MAC] UE 0 RNTI e66b stats sfn: 256.2, cumulated bad DCI 0
    DL harq: 808/3/1
    UL harq: 20267/1744/6 avg code rate 0.6, avg bit/symbol 5.9, avg per TB: (nb RBs 17.0, nb symbols 13.0)
[0m[NR_PHY] RI = 2 i1 = 0.0.0, i2 = 1, SINR = 48 dB, CQI = 15
[0m[NR_PHY] RI = 2 i1 = 0.0.0, i2 = 1, SINR = 48 dB, CQI = 15
[0m[NR_PHY] RI = 2 i1 = 0.0.0, i2 = 1, SINR = 48 dB, CQI = 15
[0m[NR_PHY] RI = 2 i1 = 0.0.0, i2 = 1, SINR = 48 dB, CQI = 15
[0m[NR_PHY] RI = 2 i1 = 0.0.0, i2 = 1, SINR = 48 dB, CQI = 15
[0m[NR_PHY] RI = 2 i1 = 0.0.0, i2 = 1, SINR = 48 dB, CQI = 15
[0m[NR_PHY] RI = 2 i1 = 0.0.0, i2 = 1, SINR = 48 dB, CQI = 15
[0m[NR_PHY] RI = 2 i1 = 0.0.0, i2 = 1, SINR = 48 dB, CQI = 15
[0m[NR_PHY] RI = 2 i1 = 0.0.0, i2 = 1, SINR = 48 dB, CQI = 15
[0m[NR_PHY] RI = 2 i1 = 0.0.0, i2 = 1, SINR = 48 dB, CQI = 15
[0m[NR_PHY] RI = 2 i1 = 0.0.0, i2 = 1, SINR = 48 dB, CQI = 15
[0m[NR_PHY] RI = 2 i1 = 0.0.0, i2 = 1, SINR = 48 dB, CQI = 15
[0m[NR_PHY] RI = 2 i1 = 0.0.0, i2 = 1, SINR = 48 dB, CQI = 15
[0m[NR_PHY] RI = 2 i1 = 0.0.0, i2 = 1, SINR = 48 dB, CQI = 15
[0m[NR_PHY] RI = 2 i1 = 0.0.0, i2 = 1, SINR = 48 dB, CQI = 15
[0m[NR_PHY] RI = 2 i1 = 0.0.0, i2 = 1, SINR = 48 dB, CQI = 15
[0m[NR_PHY] RI = 2 i1 = 0.0.0, i2 = 1, SINR = 48 dB, CQI = 15
[0m[NR_PHY] RI = 2 i1 = 0.0.0, i2 = 1, SINR = 48 dB, CQI = 15
[0m[NR_PHY] RI = 2 i1 = 0.0.0, i2 = 1, SINR = 48 dB, CQI = 15
[0m[NR_PHY] RI = 2 i1 = 0.0.0, i2 = 1, SINR = 48 dB, CQI = 15
[0m[NR_PHY] RI = 2 i1 = 0.0.0, i2 = 1, SINR = 48 dB, CQI = 15
[0m[NR_PHY] RI = 2 i1 = 0.0.0, i2 = 1, SINR = 48 dB, CQI = 15
[0m[NR_PHY] RI = 2 i1 = 0.0.0, i2 = 1, SINR = 48 dB, CQI = 15
[0m[NR_PHY] RI = 2 i1 = 0.0.0, i2 = 1, SINR = 48 dB, CQI = 15
[0m[NR_PHY] RI = 2 i1 = 0.0.0, i2 = 1, SINR = 48 dB, CQI = 15
[0m[NR_PHY] RI = 2 i1 = 0.0.0, i2 = 1, SINR = 48 dB, CQI = 15
[0m[NR_PHY] RI = 2 i1 = 0.0.0, i2 = 1, SINR = 48 dB, CQI = 15
[0m[NR_PHY] RI = 2 i1 = 0.0.0, i2 = 1, SINR = 48 dB, CQI = 15
[0m[NR_PHY] RI = 2 i1 = 0.0.0, i2 = 1, SINR = 48 dB, CQI = 15
[0m[NR_PHY] RI = 2 i1 = 0.0.0, i2 = 1, SINR = 48 dB, CQI = 15
[0m[NR_PHY] RI = 2 i1 = 0.0.0, i2 = 1, SINR = 48 dB, CQI = 15
[0m[NR_PHY] RI = 2 i1 = 0.0.0, i2 = 1, SINR = 48 dB, CQI = 15
[0m[NR_PHY] RI = 2 i1 = 0.0.0, i2 = 1, SINR = 48 dB, CQI = 15
[0m[NR_PHY] RI = 2 i1 = 0.0.0, i2 = 1, SINR = 48 dB, CQI = 15
[0m[NR_PHY] RI = 2 i1 = 0.0.0, i2 = 1, SINR = 48 dB, CQI = 15
[0m[NR_PHY] RI = 2 i1 = 0.0.0, i2 = 1, SINR = 48 dB, CQI = 15
[0m[NR_PHY] RI = 2 i1 = 0.0.0, i2 = 1, SINR = 48 dB, CQI = 15
[0m[NR_PHY] RI = 2 i1 = 0.0.0, i2 = 1, SINR = 48 dB, CQI = 15
[0m[NR_PHY] RI = 2 i1 = 0.0.0, i2 = 1, SINR = 48 dB, CQI = 15
[0m[NR_PHY] RI = 2 i1 = 0.0.0, i2 = 1, SINR = 48 dB, CQI = 15
[0m[NR_PHY] RI = 2 i1 = 0.0.0, i2 = 1, SINR = 48 dB, CQI = 15
[0m[NR_PHY] RI = 2 i1 = 0.0.0, i2 = 1, SINR = 48 dB, CQI = 15
[0m[NR_PHY] RI = 2 i1 = 0.0.0, i2 = 1, SINR = 48 dB, CQI = 15
[0m[NR_PHY] RI = 2 i1 = 0.0.0, i2 = 1, SINR = 48 dB, CQI = 15
[0m[NR_PHY] RI = 2 i1 = 0.0.0, i2 = 1, SINR = 48 dB, CQI = 15
[0m[NR_PHY] RI = 2 i1 = 0.0.0, i2 = 1, SINR = 48 dB, CQI = 15
[0m[NR_PHY] RI = 2 i1 = 0.0.0, i2 = 1, SINR = 48 dB, CQI = 15
[0m[NR_PHY] RI = 2 i1 = 0.0.0, i2 = 1, SINR = 48 dB, CQI = 15
[0m[NR_PHY] RI = 2 i1 = 0.0.0, i2 = 1, SINR = 48 dB, CQI = 15
[0m[NR_PHY] RI = 2 i1 = 0.0.0, i2 = 1, SINR = 48 dB, CQI = 15
[0m[NR_PHY] RI = 2 i1 = 0.0.0, i2 = 1, SINR = 48 dB, CQI = 15
[0m[NR_PHY] RI = 2 i1 = 0.0.0, i2 = 1, SINR = 48 dB, CQI = 15
[0m[NR_PHY] RI = 2 i1 = 0.0.0, i2 = 1, SINR = 48 dB, CQI = 15
[0m[NR_PHY] RI = 2 i1 = 0.0.0, i2 = 1, SINR = 48 dB, CQI = 15
[0m[NR_PHY] RI = 2 i1 = 0.0.0, i2 = 1, SINR = 48 dB, CQI = 15
[0m[NR_PHY] RI = 2 i1 = 0.0.0, i2 = 1, SINR = 48 dB, CQI = 15
[0m[NR_PHY] RI = 2 i1 = 0.0.0, i2 = 1, SINR = 48 dB, CQI = 15
[0m[NR_PHY] RI = 2 i1 = 0.0.0, i2 = 1, SINR = 48 dB, CQI = 15
[0m[NR_PHY] RI = 2 i1 = 0.0.0, i2 = 1, SINR = 48 dB, CQI = 15
[0m[NR_PHY] RI = 2 i1 = 0.0.0, i2 = 1, SINR = 48 dB, CQI = 15
[0m[NR_PHY] RI = 2 i1 = 0.0.0, i2 = 1, SINR = 48 dB, CQI = 15
[0m[NR_PHY] RI = 2 i1 = 0.0.0, i2 = 1, SINR = 48 dB, CQI = 15
[0m[NR_PHY] RI = 2 i1 = 0.0.0, i2 = 1, SINR = 48 dB, CQI = 15
[0m[NR_PHY] RI = 2 i1 = 0.0.0, i2 = 1, SINR = 48 dB, CQI = 15
[0m[NR_MAC] UE 0 RNTI e66b stats sfn: 384.2, cumulated bad DCI 0
    DL harq: 829/3/1
    UL harq: 20762/1761/6 avg code rate 0.6, avg bit/symbol 5.9, avg per TB: (nb RBs 17.0, nb symbols 13.0)
[0m[NR_PHY] RI = 2 i1 = 0.0.0, i2 = 1, SINR = 48 dB, CQI = 15
[0m[NR_PHY] RI = 2 i1 = 0.0.0, i2 = 1, SINR = 48 dB, CQI = 15
[0m[NR_PHY] RI = 2 i1 = 0.0.0, i2 = 1, SINR = 48 dB, CQI = 15
[0m[NR_PHY] RI = 2 i1 = 0.0.0, i2 = 1, SINR = 48 dB, CQI = 15
[0m[NR_PHY] RI = 2 i1 = 0.0.0, i2 = 1, SINR = 48 dB, CQI = 15
[0m[NR_PHY] RI = 2 i1 = 0.0.0, i2 = 1, SINR = 48 dB, CQI = 15
[0m[NR_PHY] RI = 2 i1 = 0.0.0, i2 = 1, SINR = 48 dB, CQI = 15
[0m[NR_PHY] RI = 2 i1 = 0.0.0, i2 = 1, SINR = 48 dB, CQI = 15
[0m[NR_PHY] RI = 2 i1 = 0.0.0, i2 = 1, SINR = 48 dB, CQI = 15
[0m[NR_PHY] RI = 2 i1 = 0.0.0, i2 = 1, SINR = 48 dB, CQI = 15
[0m[NR_PHY] RI = 2 i1 = 0.0.0, i2 = 1, SINR = 48 dB, CQI = 15
[0m[NR_PHY] RI = 2 i1 = 0.0.0, i2 = 1, SINR = 48 dB, CQI = 15
[0m[NR_PHY] RI = 2 i1 = 0.0.0, i2 = 1, SINR = 48 dB, CQI = 15
[0m[NR_PHY] RI = 2 i1 = 0.0.0, i2 = 1, SINR = 48 dB, CQI = 15
[0m[NR_PHY] RI = 2 i1 = 0.0.0, i2 = 1, SINR = 48 dB, CQI = 15
[0m[NR_PHY] RI = 2 i1 = 0.0.0, i2 = 1, SINR = 48 dB, CQI = 15
[0m[NR_PHY] RI = 2 i1 = 0.0.0, i2 = 1, SINR = 48 dB, CQI = 15
[0m[NR_PHY] RI = 2 i1 = 0.0.0, i2 = 1, SINR = 48 dB, CQI = 15
[0m[NR_PHY] RI = 2 i1 = 0.0.0, i2 = 1, SINR = 48 dB, CQI = 15
[0m[NR_PHY] RI = 2 i1 = 0.0.0, i2 = 1, SINR = 48 dB, CQI = 15
[0m[NR_PHY] RI = 2 i1 = 0.0.0, i2 = 1, SINR = 48 dB, CQI = 15
[0m[NR_PHY] RI = 2 i1 = 0.0.0, i2 = 1, SINR = 48 dB, CQI = 15
[0m[NR_PHY] RI = 2 i1 = 0.0.0, i2 = 1, SINR = 48 dB, CQI = 15
[0m[NR_PHY] RI = 2 i1 = 0.0.0, i2 = 1, SINR = 48 dB, CQI = 15
[0m[NR_PHY] RI = 2 i1 = 0.0.0, i2 = 1, SINR = 48 dB, CQI = 15
[0m[NR_PHY] RI = 2 i1 = 0.0.0, i2 = 1, SINR = 48 dB, CQI = 15
[0m[NR_PHY] RI = 2 i1 = 0.0.0, i2 = 1, SINR = 48 dB, CQI = 15
[0m[NR_PHY] RI = 2 i1 = 0.0.0, i2 = 1, SINR = 48 dB, CQI = 15
[0m[NR_PHY] RI = 2 i1 = 0.0.0, i2 = 1, SINR = 48 dB, CQI = 15
[0m[NR_PHY] RI = 2 i1 = 0.0.0, i2 = 1, SINR = 48 dB, CQI = 15
[0m[NR_PHY] RI = 2 i1 = 0.0.0, i2 = 1, SINR = 48 dB, CQI = 15
[0m[NR_PHY] RI = 2 i1 = 0.0.0, i2 = 1, SINR = 48 dB, CQI = 15
[0m[NR_PHY] RI = 2 i1 = 0.0.0, i2 = 1, SINR = 48 dB, CQI = 15
[0m[NR_PHY] RI = 2 i1 = 0.0.0, i2 = 1, SINR = 48 dB, CQI = 15
[0m[NR_PHY] RI = 2 i1 = 0.0.0, i2 = 1, SINR = 48 dB, CQI = 15
[0m[NR_PHY] RI = 2 i1 = 0.0.0, i2 = 1, SINR = 48 dB, CQI = 15
[0m[NR_PHY] RI = 2 i1 = 0.0.0, i2 = 1, SINR = 48 dB, CQI = 15
[0m[NR_PHY] RI = 2 i1 = 0.0.0, i2 = 1, SINR = 48 dB, CQI = 15
[0m[NR_PHY] RI = 2 i1 = 0.0.0, i2 = 1, SINR = 48 dB, CQI = 15
[0m[NR_PHY] RI = 2 i1 = 0.0.0, i2 = 1, SINR = 48 dB, CQI = 15
[0m[NR_PHY] RI = 2 i1 = 0.0.0, i2 = 1, SINR = 48 dB, CQI = 15
[0m[NR_PHY] RI = 2 i1 = 0.0.0, i2 = 1, SINR = 48 dB, CQI = 15
[0m[NR_PHY] RI = 2 i1 = 0.0.0, i2 = 1, SINR = 48 dB, CQI = 15
[0m[NR_PHY] RI = 2 i1 = 0.0.0, i2 = 1, SINR = 48 dB, CQI = 15
[0m[NR_PHY] RI = 2 i1 = 0.0.0, i2 = 1, SINR = 48 dB, CQI = 15
[0m[NR_PHY] RI = 2 i1 = 0.0.0, i2 = 1, SINR = 48 dB, CQI = 15
[0m[NR_PHY] RI = 2 i1 = 0.0.0, i2 = 1, SINR = 48 dB, CQI = 15
[0m[NR_PHY] RI = 2 i1 = 0.0.0, i2 = 1, SINR = 48 dB, CQI = 15
[0m[NR_PHY] RI = 2 i1 = 0.0.0, i2 = 1, SINR = 48 dB, CQI = 15
[0m[NR_PHY] RI = 2 i1 = 0.0.0, i2 = 1, SINR = 48 dB, CQI = 15
[0m[NR_PHY] RI = 2 i1 = 0.0.0, i2 = 1, SINR = 48 dB, CQI = 15
[0m[NR_PHY] RI = 2 i1 = 0.0.0, i2 = 1, SINR = 48 dB, CQI = 15
[0m[NR_PHY] RI = 2 i1 = 0.0.0, i2 = 1, SINR = 48 dB, CQI = 15
[0m[NR_PHY] RI = 2 i1 = 0.0.0, i2 = 1, SINR = 48 dB, CQI = 15
[0m[NR_PHY] RI = 2 i1 = 0.0.0, i2 = 1, SINR = 48 dB, CQI = 15
[0m[NR_PHY] RI = 2 i1 = 0.0.0, i2 = 1, SINR = 48 dB, CQI = 15
[0m[NR_PHY] RI = 2 i1 = 0.0.0, i2 = 1, SINR = 48 dB, CQI = 15
[0m[NR_PHY] RI = 2 i1 = 0.0.0, i2 = 1, SINR = 48 dB, CQI = 15
[0m[NR_PHY] RI = 2 i1 = 0.0.0, i2 = 1, SINR = 48 dB, CQI = 15
[0m[NR_PHY] RI = 2 i1 = 0.0.0, i2 = 1, SINR = 48 dB, CQI = 15
[0m[NR_PHY] RI = 2 i1 = 0.0.0, i2 = 1, SINR = 48 dB, CQI = 15
[0m[NR_PHY] RI = 2 i1 = 0.0.0, i2 = 1, SINR = 48 dB, CQI = 15
[0m[NR_PHY] RI = 2 i1 = 0.0.0, i2 = 1, SINR = 48 dB, CQI = 15
[0m[NR_PHY] RI = 2 i1 = 0.0.0, i2 = 1, SINR = 48 dB, CQI = 15
[0m[NR_MAC] UE 0 RNTI e66b stats sfn: 512.2, cumulated bad DCI 0
    DL harq: 847/3/1
    UL harq: 21227/1807/6 avg code rate 0.6, avg bit/symbol 5.9, avg per TB: (nb RBs 17.0, nb symbols 13.0)
[0m[NR_PHY] RI = 2 i1 = 0.0.0, i2 = 1, SINR = 48 dB, CQI = 15
[0m[NR_PHY] RI = 2 i1 = 0.0.0, i2 = 1, SINR = 48 dB, CQI = 15
[0m[NR_PHY] RI = 2 i1 = 0.0.0, i2 = 1, SINR = 48 dB, CQI = 15
[0m[NR_PHY] RI = 2 i1 = 0.0.0, i2 = 1, SINR = 48 dB, CQI = 15
[0m[NR_PHY] RI = 2 i1 = 0.0.0, i2 = 1, SINR = 48 dB, CQI = 15
[0m[NR_PHY] RI = 2 i1 = 0.0.0, i2 = 1, SINR = 48 dB, CQI = 15
[0m[NR_PHY] RI = 2 i1 = 0.0.0, i2 = 1, SINR = 48 dB, CQI = 15
[0m[NR_PHY] RI = 2 i1 = 0.0.0, i2 = 1, SINR = 48 dB, CQI = 15
[0m[NR_PHY] RI = 2 i1 = 0.0.0, i2 = 1, SINR = 48 dB, CQI = 15
[0m[NR_PHY] RI = 2 i1 = 0.0.0, i2 = 1, SINR = 48 dB, CQI = 15
[0m[NR_PHY] RI = 2 i1 = 0.0.0, i2 = 1, SINR = 48 dB, CQI = 15
[0m[NR_PHY] RI = 2 i1 = 0.0.0, i2 = 1, SINR = 48 dB, CQI = 15
[0m[NR_PHY] RI = 2 i1 = 0.0.0, i2 = 1, SINR = 48 dB, CQI = 15
[0m[NR_PHY] RI = 2 i1 = 0.0.0, i2 = 1, SINR = 48 dB, CQI = 15
[0m[NR_PHY] RI = 2 i1 = 0.0.0, i2 = 1, SINR = 48 dB, CQI = 15
[0m[NR_PHY] RI = 2 i1 = 0.0.0, i2 = 1, SINR = 48 dB, CQI = 15
[0m[NR_PHY] RI = 2 i1 = 0.0.0, i2 = 1, SINR = 48 dB, CQI = 15
[0m[NR_PHY] RI = 2 i1 = 0.0.0, i2 = 1, SINR = 48 dB, CQI = 15
[0m[NR_PHY] RI = 2 i1 = 0.0.0, i2 = 1, SINR = 48 dB, CQI = 15
[0m[NR_PHY] RI = 2 i1 = 0.0.0, i2 = 1, SINR = 48 dB, CQI = 15
[0m[NR_PHY] RI = 2 i1 = 0.0.0, i2 = 1, SINR = 48 dB, CQI = 15
[0m[NR_PHY] RI = 2 i1 = 0.0.0, i2 = 1, SINR = 48 dB, CQI = 15
[0m[NR_PHY] RI = 2 i1 = 0.0.0, i2 = 1, SINR = 48 dB, CQI = 15
[0m[NR_PHY] RI = 2 i1 = 0.0.0, i2 = 1, SINR = 48 dB, CQI = 15
[0m[NR_PHY] RI = 2 i1 = 0.0.0, i2 = 1, SINR = 48 dB, CQI = 15
[0m[NR_PHY] RI = 2 i1 = 0.0.0, i2 = 1, SINR = 48 dB, CQI = 15
[0m[NR_PHY] RI = 2 i1 = 0.0.0, i2 = 1, SINR = 48 dB, CQI = 15
[0m[NR_PHY] RI = 2 i1 = 0.0.0, i2 = 1, SINR = 48 dB, CQI = 15
[0m[NR_PHY] RI = 2 i1 = 0.0.0, i2 = 1, SINR = 48 dB, CQI = 15
[0m[NR_PHY] RI = 2 i1 = 0.0.0, i2 = 1, SINR = 48 dB, CQI = 15
[0m[NR_PHY] RI = 2 i1 = 0.0.0, i2 = 1, SINR = 48 dB, CQI = 15
[0m[NR_PHY] RI = 2 i1 = 0.0.0, i2 = 1, SINR = 48 dB, CQI = 15
[0m[NR_PHY] RI = 2 i1 = 0.0.0, i2 = 1, SINR = 48 dB, CQI = 15
[0m[NR_PHY] RI = 2 i1 = 0.0.0, i2 = 1, SINR = 48 dB, CQI = 15
[0m[NR_PHY] RI = 2 i1 = 0.0.0, i2 = 1, SINR = 48 dB, CQI = 15
[0m[NR_PHY] RI = 2 i1 = 0.0.0, i2 = 1, SINR = 48 dB, CQI = 15
[0m[NR_PHY] RI = 2 i1 = 0.0.0, i2 = 1, SINR = 48 dB, CQI = 15
[0m[NR_PHY] RI = 2 i1 = 0.0.0, i2 = 1, SINR = 48 dB, CQI = 15
[0m[NR_PHY] RI = 2 i1 = 0.0.0, i2 = 1, SINR = 48 dB, CQI = 15
[0m[NR_PHY] RI = 2 i1 = 0.0.0, i2 = 1, SINR = 48 dB, CQI = 15
[0m[NR_PHY] RI = 2 i1 = 0.0.0, i2 = 1, SINR = 48 dB, CQI = 15
[0m[NR_PHY] RI = 2 i1 = 0.0.0, i2 = 1, SINR = 48 dB, CQI = 15
[0m[NR_PHY] RI = 2 i1 = 0.0.0, i2 = 1, SINR = 48 dB, CQI = 15
[0m[NR_PHY] RI = 2 i1 = 0.0.0, i2 = 1, SINR = 48 dB, CQI = 15
[0m[NR_PHY] RI = 2 i1 = 0.0.0, i2 = 1, SINR = 48 dB, CQI = 15
[0m[NR_PHY] RI = 2 i1 = 0.0.0, i2 = 1, SINR = 48 dB, CQI = 15
[0m[NR_PHY] RI = 2 i1 = 0.0.0, i2 = 1, SINR = 48 dB, CQI = 15
[0m[NR_PHY] RI = 2 i1 = 0.0.0, i2 = 1, SINR = 48 dB, CQI = 15
[0m[NR_PHY] RI = 2 i1 = 0.0.0, i2 = 1, SINR = 48 dB, CQI = 15
[0m[NR_PHY] RI = 2 i1 = 0.0.0, i2 = 1, SINR = 48 dB, CQI = 15
[0m[NR_PHY] RI = 2 i1 = 0.0.0, i2 = 1, SINR = 48 dB, CQI = 15
[0m[NR_PHY] RI = 2 i1 = 0.0.0, i2 = 1, SINR = 48 dB, CQI = 15
[0m[NR_PHY] RI = 2 i1 = 0.0.0, i2 = 1, SINR = 48 dB, CQI = 15
[0m[NR_PHY] RI = 2 i1 = 0.0.0, i2 = 1, SINR = 48 dB, CQI = 15
[0m[NR_PHY] RI = 2 i1 = 0.0.0, i2 = 1, SINR = 48 dB, CQI = 15
[0m[NR_PHY] RI = 2 i1 = 0.0.0, i2 = 1, SINR = 48 dB, CQI = 15
[0m[NR_PHY] RI = 2 i1 = 0.0.0, i2 = 1, SINR = 48 dB, CQI = 15
[0m[NR_PHY] RI = 2 i1 = 0.0.0, i2 = 1, SINR = 48 dB, CQI = 15
[0m[NR_PHY] RI = 2 i1 = 0.0.0, i2 = 1, SINR = 48 dB, CQI = 15
[0m[NR_PHY] RI = 2 i1 = 0.0.0, i2 = 1, SINR = 48 dB, CQI = 15
[0m[NR_PHY] RI = 2 i1 = 0.0.0, i2 = 1, SINR = 48 dB, CQI = 15
[0m[NR_PHY] RI = 2 i1 = 0.0.0, i2 = 1, SINR = 48 dB, CQI = 15
[0m[NR_PHY] RI = 2 i1 = 0.0.0, i2 = 1, SINR = 48 dB, CQI = 15
[0m[NR_PHY] RI = 2 i1 = 0.0.0, i2 = 1, SINR = 48 dB, CQI = 15
[0m[NR_MAC] UE 0 RNTI e66b stats sfn: 640.2, cumulated bad DCI 0
    DL harq: 863/3/1
    UL harq: 21677/1869/6 avg code rate 0.6, avg bit/symbol 5.9, avg per TB: (nb RBs 17.0, nb symbols 13.0)
[0m[NR_PHY] RI = 2 i1 = 0.0.0, i2 = 1, SINR = 48 dB, CQI = 15
[0m[NR_PHY] RI = 2 i1 = 0.0.0, i2 = 1, SINR = 48 dB, CQI = 15
[0m[NR_PHY] RI = 2 i1 = 0.0.0, i2 = 1, SINR = 48 dB, CQI = 15
[0m[NR_PHY] RI = 2 i1 = 0.0.0, i2 = 1, SINR = 48 dB, CQI = 15
[0m[NR_PHY] RI = 2 i1 = 0.0.0, i2 = 1, SINR = 48 dB, CQI = 15
[0m[NR_PHY] RI = 2 i1 = 0.0.0, i2 = 1, SINR = 48 dB, CQI = 15
[0m[NR_PHY] RI = 2 i1 = 0.0.0, i2 = 1, SINR = 48 dB, CQI = 15
[0m[NR_PHY] RI = 2 i1 = 0.0.0, i2 = 1, SINR = 48 dB, CQI = 15
[0m[NR_PHY] RI = 2 i1 = 0.0.0, i2 = 1, SINR = 48 dB, CQI = 15
[0m[NR_PHY] RI = 2 i1 = 0.0.0, i2 = 1, SINR = 48 dB, CQI = 15
[0m[NR_PHY] RI = 2 i1 = 0.0.0, i2 = 1, SINR = 48 dB, CQI = 15
[0m[NR_PHY] RI = 2 i1 = 0.0.0, i2 = 1, SINR = 48 dB, CQI = 15
[0m[NR_PHY] RI = 2 i1 = 0.0.0, i2 = 1, SINR = 48 dB, CQI = 15
[0m[NR_PHY] RI = 2 i1 = 0.0.0, i2 = 1, SINR = 48 dB, CQI = 15
[0m[NR_PHY] RI = 2 i1 = 0.0.0, i2 = 1, SINR = 48 dB, CQI = 15
[0m[NR_PHY] RI = 2 i1 = 0.0.0, i2 = 1, SINR = 48 dB, CQI = 15
[0m[NR_PHY] RI = 2 i1 = 0.0.0, i2 = 1, SINR = 48 dB, CQI = 15
[0m[NR_PHY] RI = 2 i1 = 0.0.0, i2 = 1, SINR = 48 dB, CQI = 15
[0m[NR_PHY] RI = 2 i1 = 0.0.0, i2 = 1, SINR = 48 dB, CQI = 15
[0m[NR_PHY] RI = 2 i1 = 0.0.0, i2 = 1, SINR = 48 dB, CQI = 15
[0m[NR_PHY] RI = 2 i1 = 0.0.0, i2 = 1, SINR = 48 dB, CQI = 15
[0m[NR_PHY] RI = 2 i1 = 0.0.0, i2 = 1, SINR = 48 dB, CQI = 15
[0m[NR_PHY] RI = 2 i1 = 0.0.0, i2 = 1, SINR = 48 dB, CQI = 15
[0m[NR_PHY] RI = 2 i1 = 0.0.0, i2 = 1, SINR = 48 dB, CQI = 15
[0m[NR_PHY] RI = 2 i1 = 0.0.0, i2 = 1, SINR = 48 dB, CQI = 15
[0m[NR_PHY] RI = 2 i1 = 0.0.0, i2 = 1, SINR = 48 dB, CQI = 15
[0m[NR_PHY] RI = 2 i1 = 0.0.0, i2 = 1, SINR = 48 dB, CQI = 15
[0m[NR_PHY] RI = 2 i1 = 0.0.0, i2 = 1, SINR = 48 dB, CQI = 15
[0m[NR_PHY] RI = 2 i1 = 0.0.0, i2 = 1, SINR = 48 dB, CQI = 15
[0m[NR_PHY] RI = 2 i1 = 0.0.0, i2 = 1, SINR = 48 dB, CQI = 15
[0m[NR_PHY] RI = 2 i1 = 0.0.0, i2 = 1, SINR = 48 dB, CQI = 15
[0m[NR_PHY] RI = 2 i1 = 0.0.0, i2 = 1, SINR = 48 dB, CQI = 15
[0m[NR_PHY] RI = 2 i1 = 0.0.0, i2 = 1, SINR = 48 dB, CQI = 15
[0m[NR_PHY] RI = 2 i1 = 0.0.0, i2 = 1, SINR = 48 dB, CQI = 15
[0m[NR_PHY] RI = 2 i1 = 0.0.0, i2 = 0, SINR = 0 dB, CQI = 0
[0m[NR_PHY] RI = 2 i1 = 0.0.0, i2 = 1, SINR = 48 dB, CQI = 15
[0m[NR_PHY] RI = 2 i1 = 0.0.0, i2 = 1, SINR = 48 dB, CQI = 15
[0m[NR_PHY] RI = 2 i1 = 0.0.0, i2 = 1, SINR = 48 dB, CQI = 15
[0m[NR_PHY] RI = 2 i1 = 0.0.0, i2 = 1, SINR = 48 dB, CQI = 15
[0m[NR_PHY] RI = 2 i1 = 0.0.0, i2 = 1, SINR = 48 dB, CQI = 15
[0m[NR_PHY] RI = 2 i1 = 0.0.0, i2 = 1, SINR = 48 dB, CQI = 15
[0m[NR_PHY] RI = 2 i1 = 0.0.0, i2 = 1, SINR = 48 dB, CQI = 15
[0m[NR_PHY] RI = 2 i1 = 0.0.0, i2 = 1, SINR = 48 dB, CQI = 15
[0m[NR_PHY] RI = 2 i1 = 0.0.0, i2 = 1, SINR = 48 dB, CQI = 15
[0m[NR_PHY] RI = 2 i1 = 0.0.0, i2 = 1, SINR = 48 dB, CQI = 15
[0m[NR_PHY] RI = 2 i1 = 0.0.0, i2 = 1, SINR = 48 dB, CQI = 15
[0m[NR_PHY] RI = 2 i1 = 0.0.0, i2 = 1, SINR = 48 dB, CQI = 15
[0m[NR_PHY] RI = 2 i1 = 0.0.0, i2 = 1, SINR = 48 dB, CQI = 15
[0m[NR_PHY] RI = 2 i1 = 0.0.0, i2 = 1, SINR = 48 dB, CQI = 15
[0m[NR_PHY] RI = 2 i1 = 0.0.0, i2 = 1, SINR = 48 dB, CQI = 15
[0m[NR_PHY] RI = 2 i1 = 0.0.0, i2 = 1, SINR = 48 dB, CQI = 15
[0m[NR_PHY] RI = 2 i1 = 0.0.0, i2 = 1, SINR = 48 dB, CQI = 15
[0m[NR_PHY] RI = 2 i1 = 0.0.0, i2 = 1, SINR = 48 dB, CQI = 15
[0m[NR_PHY] RI = 2 i1 = 0.0.0, i2 = 1, SINR = 48 dB, CQI = 15
[0m[NR_PHY] RI = 2 i1 = 0.0.0, i2 = 1, SINR = 48 dB, CQI = 15
[0m[NR_PHY] RI = 2 i1 = 0.0.0, i2 = 1, SINR = 48 dB, CQI = 15
[0m[NR_PHY] RI = 2 i1 = 0.0.0, i2 = 1, SINR = 48 dB, CQI = 15
[0m[NR_PHY] RI = 2 i1 = 0.0.0, i2 = 1, SINR = 48 dB, CQI = 15
[0m[NR_PHY] RI = 2 i1 = 0.0.0, i2 = 1, SINR = 48 dB, CQI = 15
[0m[NR_PHY] RI = 2 i1 = 0.0.0, i2 = 1, SINR = 48 dB, CQI = 15
[0m[NR_PHY] RI = 2 i1 = 0.0.0, i2 = 1, SINR = 48 dB, CQI = 15
[0m[NR_PHY] RI = 2 i1 = 0.0.0, i2 = 1, SINR = 48 dB, CQI = 15
[0m[NR_PHY] RI = 2 i1 = 0.0.0, i2 = 1, SINR = 48 dB, CQI = 15
[0m[NR_PHY] RI = 2 i1 = 0.0.0, i2 = 1, SINR = 48 dB, CQI = 15
[0m[NR_MAC] UE 0 RNTI e66b stats sfn: 768.2, cumulated bad DCI 0
    DL harq: 883/3/1
    UL harq: 22172/1883/6 avg code rate 0.6, avg bit/symbol 5.9, avg per TB: (nb RBs 17.0, nb symbols 13.0)
[0m[NR_PHY] RI = 2 i1 = 0.0.0, i2 = 1, SINR = 48 dB, CQI = 15
[0m[NR_PHY] RI = 2 i1 = 0.0.0, i2 = 1, SINR = 48 dB, CQI = 15
[0m[NR_PHY] RI = 2 i1 = 0.0.0, i2 = 1, SINR = 48 dB, CQI = 15
[0m[NR_PHY] RI = 2 i1 = 0.0.0, i2 = 1, SINR = 48 dB, CQI = 15
[0m[NR_PHY] RI = 2 i1 = 0.0.0, i2 = 1, SINR = 48 dB, CQI = 15
[0m[NR_PHY] RI = 2 i1 = 0.0.0, i2 = 1, SINR = 48 dB, CQI = 15
[0m[NR_PHY] RI = 2 i1 = 0.0.0, i2 = 1, SINR = 48 dB, CQI = 15
[0m[NR_PHY] RI = 2 i1 = 0.0.0, i2 = 1, SINR = 48 dB, CQI = 15
[0m[NR_PHY] RI = 2 i1 = 0.0.0, i2 = 1, SINR = 48 dB, CQI = 15
[0m[NR_PHY] RI = 2 i1 = 0.0.0, i2 = 1, SINR = 48 dB, CQI = 15
[0m[NR_PHY] RI = 2 i1 = 0.0.0, i2 = 1, SINR = 48 dB, CQI = 15
[0m[NR_PHY] RI = 2 i1 = 0.0.0, i2 = 1, SINR = 48 dB, CQI = 15
[0m[NR_PHY] RI = 2 i1 = 0.0.0, i2 = 1, SINR = 48 dB, CQI = 15
[0m[NR_PHY] RI = 2 i1 = 0.0.0, i2 = 1, SINR = 48 dB, CQI = 15
[0m[NR_PHY] RI = 2 i1 = 0.0.0, i2 = 1, SINR = 48 dB, CQI = 15
[0m[NR_PHY] RI = 2 i1 = 0.0.0, i2 = 1, SINR = 48 dB, CQI = 15
[0m[NR_PHY] RI = 2 i1 = 0.0.0, i2 = 1, SINR = 48 dB, CQI = 15
[0m[NR_PHY] RI = 2 i1 = 0.0.0, i2 = 0, SINR = 0 dB, CQI = 0
[0m[NR_PHY] RI = 2 i1 = 0.0.0, i2 = 1, SINR = 48 dB, CQI = 15
[0m[NR_PHY] RI = 2 i1 = 0.0.0, i2 = 1, SINR = 48 dB, CQI = 15
[0m[NR_PHY] RI = 2 i1 = 0.0.0, i2 = 1, SINR = 48 dB, CQI = 15
[0m[NR_PHY] RI = 2 i1 = 0.0.0, i2 = 1, SINR = 48 dB, CQI = 15
[0m[NR_PHY] RI = 2 i1 = 0.0.0, i2 = 1, SINR = 48 dB, CQI = 15
[0m[NR_PHY] RI = 2 i1 = 0.0.0, i2 = 1, SINR = 48 dB, CQI = 15
[0m[NR_PHY] RI = 2 i1 = 0.0.0, i2 = 1, SINR = 48 dB, CQI = 15
[0m[NR_PHY] RI = 2 i1 = 0.0.0, i2 = 1, SINR = 48 dB, CQI = 15
[0m[NR_PHY] RI = 2 i1 = 0.0.0, i2 = 1, SINR = 48 dB, CQI = 15
[0m[NR_PHY] RI = 2 i1 = 0.0.0, i2 = 1, SINR = 48 dB, CQI = 15
[0m[NR_PHY] RI = 2 i1 = 0.0.0, i2 = 1, SINR = 48 dB, CQI = 15
[0m[NR_PHY] RI = 2 i1 = 0.0.0, i2 = 1, SINR = 48 dB, CQI = 15
[0m[NR_PHY] RI = 2 i1 = 0.0.0, i2 = 1, SINR = 48 dB, CQI = 15
[0m[NR_PHY] RI = 2 i1 = 0.0.0, i2 = 1, SINR = 48 dB, CQI = 15
[0m[NR_PHY] RI = 2 i1 = 0.0.0, i2 = 1, SINR = 48 dB, CQI = 15
[0m[NR_PHY] RI = 2 i1 = 0.0.0, i2 = 1, SINR = 48 dB, CQI = 15
[0m[NR_PHY] RI = 2 i1 = 0.0.0, i2 = 1, SINR = 48 dB, CQI = 15
[0m[NR_PHY] RI = 2 i1 = 0.0.0, i2 = 1, SINR = 48 dB, CQI = 15
[0m[NR_PHY] RI = 2 i1 = 0.0.0, i2 = 1, SINR = 48 dB, CQI = 15
[0m[NR_PHY] RI = 2 i1 = 0.0.0, i2 = 1, SINR = 48 dB, CQI = 15
[0m[NR_PHY] RI = 2 i1 = 0.0.0, i2 = 1, SINR = 48 dB, CQI = 15
[0m[NR_PHY] RI = 2 i1 = 0.0.0, i2 = 1, SINR = 48 dB, CQI = 15
[0m[NR_PHY] RI = 2 i1 = 0.0.0, i2 = 1, SINR = 48 dB, CQI = 15
[0m[NR_PHY] RI = 2 i1 = 0.0.0, i2 = 1, SINR = 48 dB, CQI = 15
[0m[NR_PHY] RI = 2 i1 = 0.0.0, i2 = 1, SINR = 48 dB, CQI = 15
[0m[NR_PHY] RI = 2 i1 = 0.0.0, i2 = 1, SINR = 48 dB, CQI = 15
[0m[NR_PHY] RI = 2 i1 = 0.0.0, i2 = 1, SINR = 48 dB, CQI = 15
[0m[NR_PHY] RI = 2 i1 = 0.0.0, i2 = 1, SINR = 48 dB, CQI = 15
[0m[NR_PHY] RI = 2 i1 = 0.0.0, i2 = 1, SINR = 48 dB, CQI = 15
[0m[NR_PHY] RI = 2 i1 = 0.0.0, i2 = 1, SINR = 48 dB, CQI = 15
[0m[NR_PHY] RI = 2 i1 = 0.0.0, i2 = 1, SINR = 48 dB, CQI = 15
[0m[NR_PHY] RI = 2 i1 = 0.0.0, i2 = 1, SINR = 48 dB, CQI = 15
[0m[NR_PHY] RI = 2 i1 = 0.0.0, i2 = 1, SINR = 48 dB, CQI = 15
[0m[NR_PHY] RI = 2 i1 = 0.0.0, i2 = 1, SINR = 48 dB, CQI = 15
[0m[NR_PHY] RI = 2 i1 = 0.0.0, i2 = 1, SINR = 48 dB, CQI = 15
[0m[NR_PHY] RI = 2 i1 = 0.0.0, i2 = 1, SINR = 48 dB, CQI = 15
[0m[NR_PHY] RI = 2 i1 = 0.0.0, i2 = 1, SINR = 48 dB, CQI = 15
[0m[NR_PHY] RI = 2 i1 = 0.0.0, i2 = 1, SINR = 48 dB, CQI = 15
[0m[NR_PHY] RI = 2 i1 = 0.0.0, i2 = 1, SINR = 48 dB, CQI = 15
[0m[NR_PHY] RI = 2 i1 = 0.0.0, i2 = 1, SINR = 48 dB, CQI = 15
[0m[NR_PHY] RI = 2 i1 = 0.0.0, i2 = 1, SINR = 48 dB, CQI = 15
[0m[NR_PHY] RI = 2 i1 = 0.0.0, i2 = 1, SINR = 48 dB, CQI = 15
[0m[NR_PHY] RI = 2 i1 = 0.0.0, i2 = 1, SINR = 48 dB, CQI = 15
[0m[NR_PHY] RI = 2 i1 = 0.0.0, i2 = 1, SINR = 48 dB, CQI = 15
[0m[NR_PHY] RI = 2 i1 = 0.0.0, i2 = 1, SINR = 48 dB, CQI = 15
[0m[NR_PHY] RI = 2 i1 = 0.0.0, i2 = 1, SINR = 48 dB, CQI = 15
[0m[NR_MAC] UE 0 RNTI e66b stats sfn: 896.2, cumulated bad DCI 0
    DL harq: 903/3/1
    UL harq: 22632/1933/6 avg code rate 0.6, avg bit/symbol 5.9, avg per TB: (nb RBs 17.0, nb symbols 13.0)
[0m[NR_PHY] RI = 2 i1 = 0.0.0, i2 = 1, SINR = 48 dB, CQI = 15
[0m[NR_PHY] RI = 2 i1 = 0.0.0, i2 = 1, SINR = 48 dB, CQI = 15
[0m[NR_PHY] RI = 2 i1 = 0.0.0, i2 = 1, SINR = 48 dB, CQI = 15
[0m[NR_PHY] RI = 2 i1 = 0.0.0, i2 = 1, SINR = 48 dB, CQI = 15
[0m[NR_PHY] RI = 2 i1 = 0.0.0, i2 = 1, SINR = 48 dB, CQI = 15
[0m[NR_PHY] RI = 2 i1 = 0.0.0, i2 = 1, SINR = 48 dB, CQI = 15
[0m[NR_PHY] RI = 2 i1 = 0.0.0, i2 = 1, SINR = 48 dB, CQI = 15
[0m[NR_PHY] RI = 2 i1 = 0.0.0, i2 = 1, SINR = 48 dB, CQI = 15
[0m[NR_PHY] RI = 2 i1 = 0.0.0, i2 = 1, SINR = 48 dB, CQI = 15
[0m[NR_PHY] RI = 2 i1 = 0.0.0, i2 = 1, SINR = 48 dB, CQI = 15
[0m[NR_PHY] RI = 2 i1 = 0.0.0, i2 = 1, SINR = 48 dB, CQI = 15
[0m[NR_PHY] RI = 2 i1 = 0.0.0, i2 = 1, SINR = 48 dB, CQI = 15
[0m[NR_PHY] RI = 2 i1 = 0.0.0, i2 = 1, SINR = 48 dB, CQI = 15
[0m[NR_PHY] RI = 2 i1 = 0.0.0, i2 = 1, SINR = 48 dB, CQI = 15
[0m[NR_PHY] RI = 2 i1 = 0.0.0, i2 = 1, SINR = 48 dB, CQI = 15
[0m[NR_PHY] RI = 2 i1 = 0.0.0, i2 = 1, SINR = 48 dB, CQI = 15
[0m[NR_PHY] RI = 2 i1 = 0.0.0, i2 = 1, SINR = 48 dB, CQI = 15
[0m[NR_PHY] RI = 2 i1 = 0.0.0, i2 = 1, SINR = 48 dB, CQI = 15
[0m[NR_PHY] RI = 2 i1 = 0.0.0, i2 = 1, SINR = 48 dB, CQI = 15
[0m[NR_PHY] RI = 2 i1 = 0.0.0, i2 = 1, SINR = 48 dB, CQI = 15
[0m[NR_PHY] RI = 2 i1 = 0.0.0, i2 = 1, SINR = 48 dB, CQI = 15
[0m[NR_PHY] RI = 2 i1 = 0.0.0, i2 = 1, SINR = 48 dB, CQI = 15
[0m[NR_PHY] RI = 2 i1 = 0.0.0, i2 = 1, SINR = 48 dB, CQI = 15
[0m[NR_PHY] RI = 2 i1 = 0.0.0, i2 = 1, SINR = 48 dB, CQI = 15
[0m[NR_PHY] RI = 2 i1 = 0.0.0, i2 = 1, SINR = 48 dB, CQI = 15
[0m[NR_PHY] RI = 2 i1 = 0.0.0, i2 = 1, SINR = 48 dB, CQI = 15
[0m[NR_PHY] RI = 2 i1 = 0.0.0, i2 = 1, SINR = 48 dB, CQI = 15
[0m[NR_PHY] RI = 2 i1 = 0.0.0, i2 = 1, SINR = 48 dB, CQI = 15
[0m[NR_PHY] RI = 2 i1 = 0.0.0, i2 = 1, SINR = 48 dB, CQI = 15
[0m[NR_PHY] RI = 2 i1 = 0.0.0, i2 = 1, SINR = 48 dB, CQI = 15
[0m[NR_PHY] RI = 2 i1 = 0.0.0, i2 = 1, SINR = 48 dB, CQI = 15
[0m[NR_PHY] RI = 2 i1 = 0.0.0, i2 = 1, SINR = 48 dB, CQI = 15
[0m[NR_PHY] RI = 2 i1 = 0.0.0, i2 = 1, SINR = 48 dB, CQI = 15
[0m[NR_PHY] RI = 2 i1 = 0.0.0, i2 = 1, SINR = 48 dB, CQI = 15
[0m[NR_PHY] RI = 2 i1 = 0.0.0, i2 = 1, SINR = 48 dB, CQI = 15
[0m[NR_PHY] RI = 2 i1 = 0.0.0, i2 = 1, SINR = 48 dB, CQI = 15
[0m[NR_PHY] RI = 2 i1 = 0.0.0, i2 = 1, SINR = 48 dB, CQI = 15
[0m[NR_PHY] RI = 2 i1 = 0.0.0, i2 = 1, SINR = 48 dB, CQI = 15
[0m[NR_PHY] RI = 2 i1 = 0.0.0, i2 = 1, SINR = 48 dB, CQI = 15
[0m[NR_PHY] RI = 2 i1 = 0.0.0, i2 = 1, SINR = 48 dB, CQI = 15
[0m[NR_PHY] RI = 2 i1 = 0.0.0, i2 = 1, SINR = 48 dB, CQI = 15
[0m[NR_PHY] RI = 2 i1 = 0.0.0, i2 = 1, SINR = 48 dB, CQI = 15
[0m[NR_PHY] RI = 2 i1 = 0.0.0, i2 = 1, SINR = 48 dB, CQI = 15
[0m[NR_PHY] RI = 2 i1 = 0.0.0, i2 = 1, SINR = 48 dB, CQI = 15
[0m[NR_PHY] RI = 2 i1 = 0.0.0, i2 = 1, SINR = 48 dB, CQI = 15
[0m[NR_PHY] RI = 2 i1 = 0.0.0, i2 = 1, SINR = 48 dB, CQI = 15
[0m[NR_PHY] RI = 2 i1 = 0.0.0, i2 = 1, SINR = 48 dB, CQI = 15
[0m[NR_PHY] RI = 2 i1 = 0.0.0, i2 = 1, SINR = 48 dB, CQI = 15
[0m[NR_PHY] RI = 2 i1 = 0.0.0, i2 = 1, SINR = 48 dB, CQI = 15
[0m[NR_PHY] RI = 2 i1 = 0.0.0, i2 = 1, SINR = 48 dB, CQI = 15
[0m[NR_PHY] RI = 2 i1 = 0.0.0, i2 = 1, SINR = 48 dB, CQI = 15
[0m[NR_PHY] RI = 2 i1 = 0.0.0, i2 = 1, SINR = 48 dB, CQI = 15
[0m[NR_PHY] RI = 2 i1 = 0.0.0, i2 = 1, SINR = 48 dB, CQI = 15
[0m[NR_PHY] RI = 2 i1 = 0.0.0, i2 = 1, SINR = 48 dB, CQI = 15
[0m[NR_PHY] RI = 2 i1 = 0.0.0, i2 = 1, SINR = 48 dB, CQI = 15
[0m[NR_PHY] RI = 2 i1 = 0.0.0, i2 = 1, SINR = 48 dB, CQI = 15
[0m[NR_PHY] RI = 2 i1 = 0.0.0, i2 = 1, SINR = 48 dB, CQI = 15
[0m[NR_PHY] RI = 2 i1 = 0.0.0, i2 = 1, SINR = 48 dB, CQI = 15
[0m[NR_PHY] RI = 2 i1 = 0.0.0, i2 = 1, SINR = 48 dB, CQI = 15
[0m[NR_PHY] RI = 2 i1 = 0.0.0, i2 = 1, SINR = 48 dB, CQI = 15
[0m[NR_PHY] RI = 2 i1 = 0.0.0, i2 = 1, SINR = 48 dB, CQI = 15
[0m[NR_PHY] RI = 2 i1 = 0.0.0, i2 = 1, SINR = 48 dB, CQI = 15
[0m[NR_PHY] RI = 2 i1 = 0.0.0, i2 = 1, SINR = 48 dB, CQI = 15
[0m[NR_PHY] RI = 2 i1 = 0.0.0, i2 = 1, SINR = 48 dB, CQI = 15
[0m[NR_MAC] UE 0 RNTI e66b stats sfn: 0.2, cumulated bad DCI 0
    DL harq: 919/3/1
    UL harq: 23076/1999/6 avg code rate 0.6, avg bit/symbol 6.0, avg per TB: (nb RBs 17.0, nb symbols 13.0)
[0m[NR_PHY] RI = 2 i1 = 0.0.0, i2 = 1, SINR = 48 dB, CQI = 15
[0m[NR_PHY] RI = 2 i1 = 0.0.0, i2 = 1, SINR = 48 dB, CQI = 15
[0m[NR_PHY] RI = 2 i1 = 0.0.0, i2 = 1, SINR = 48 dB, CQI = 15
[0m[NR_PHY] RI = 2 i1 = 0.0.0, i2 = 1, SINR = 48 dB, CQI = 15
[0m[NR_PHY] RI = 2 i1 = 0.0.0, i2 = 1, SINR = 48 dB, CQI = 15
[0m[NR_PHY] RI = 2 i1 = 0.0.0, i2 = 1, SINR = 48 dB, CQI = 15
[0m[NR_PHY] RI = 2 i1 = 0.0.0, i2 = 1, SINR = 48 dB, CQI = 15
[0m[NR_PHY] RI = 2 i1 = 0.0.0, i2 = 1, SINR = 48 dB, CQI = 15
[0m[NR_PHY] RI = 2 i1 = 0.0.0, i2 = 1, SINR = 48 dB, CQI = 15
[0m[NR_PHY] RI = 2 i1 = 0.0.0, i2 = 1, SINR = 48 dB, CQI = 15
[0m[NR_PHY] RI = 2 i1 = 0.0.0, i2 = 1, SINR = 48 dB, CQI = 15
[0m[NR_PHY] RI = 2 i1 = 0.0.0, i2 = 1, SINR = 48 dB, CQI = 15
[0m[NR_PHY] RI = 2 i1 = 0.0.0, i2 = 1, SINR = 48 dB, CQI = 15
[0m[NR_PHY] RI = 2 i1 = 0.0.0, i2 = 1, SINR = 48 dB, CQI = 15
[0m[NR_PHY] RI = 2 i1 = 0.0.0, i2 = 1, SINR = 48 dB, CQI = 15
[0m[NR_PHY] RI = 2 i1 = 0.0.0, i2 = 1, SINR = 48 dB, CQI = 15
[0m[NR_PHY] RI = 2 i1 = 0.0.0, i2 = 1, SINR = 48 dB, CQI = 15
[0m[NR_PHY] RI = 2 i1 = 0.0.0, i2 = 1, SINR = 48 dB, CQI = 15
[0m[NR_PHY] RI = 2 i1 = 0.0.0, i2 = 1, SINR = 48 dB, CQI = 15
[0m[NR_PHY] RI = 2 i1 = 0.0.0, i2 = 1, SINR = 48 dB, CQI = 15
[0m[NR_PHY] RI = 2 i1 = 0.0.0, i2 = 1, SINR = 48 dB, CQI = 15
[0m[NR_PHY] RI = 2 i1 = 0.0.0, i2 = 1, SINR = 48 dB, CQI = 15
[0m[NR_PHY] RI = 2 i1 = 0.0.0, i2 = 1, SINR = 48 dB, CQI = 15
[0m[NR_PHY] RI = 2 i1 = 0.0.0, i2 = 1, SINR = 48 dB, CQI = 15
[0m[NR_PHY] RI = 2 i1 = 0.0.0, i2 = 1, SINR = 48 dB, CQI = 15
[0m[NR_PHY] RI = 2 i1 = 0.0.0, i2 = 1, SINR = 48 dB, CQI = 15
[0m[NR_PHY] RI = 2 i1 = 0.0.0, i2 = 1, SINR = 48 dB, CQI = 15
[0m[NR_PHY] RI = 2 i1 = 0.0.0, i2 = 1, SINR = 48 dB, CQI = 15
[0m[NR_PHY] RI = 2 i1 = 0.0.0, i2 = 1, SINR = 48 dB, CQI = 15
[0m[NR_PHY] RI = 2 i1 = 0.0.0, i2 = 1, SINR = 48 dB, CQI = 15
[0m[NR_PHY] RI = 2 i1 = 0.0.0, i2 = 1, SINR = 48 dB, CQI = 15
[0m[NR_PHY] RI = 2 i1 = 0.0.0, i2 = 1, SINR = 48 dB, CQI = 15
[0m[NR_PHY] RI = 2 i1 = 0.0.0, i2 = 1, SINR = 48 dB, CQI = 15
[0m[NR_PHY] RI = 2 i1 = 0.0.0, i2 = 1, SINR = 48 dB, CQI = 15
[0m[NR_PHY] RI = 2 i1 = 0.0.0, i2 = 1, SINR = 48 dB, CQI = 15
[0m[NR_PHY] RI = 2 i1 = 0.0.0, i2 = 1, SINR = 48 dB, CQI = 15
[0m[NR_PHY] RI = 2 i1 = 0.0.0, i2 = 1, SINR = 48 dB, CQI = 15
[0m[NR_PHY] RI = 2 i1 = 0.0.0, i2 = 1, SINR = 48 dB, CQI = 15
[0m[NR_PHY] RI = 2 i1 = 0.0.0, i2 = 1, SINR = 48 dB, CQI = 15
[0m[NR_PHY] RI = 2 i1 = 0.0.0, i2 = 1, SINR = 48 dB, CQI = 15
[0m[NR_PHY] RI = 2 i1 = 0.0.0, i2 = 1, SINR = 48 dB, CQI = 15
[0m[NR_PHY] RI = 2 i1 = 0.0.0, i2 = 1, SINR = 48 dB, CQI = 15
[0m[NR_PHY] RI = 2 i1 = 0.0.0, i2 = 1, SINR = 48 dB, CQI = 15
[0m[NR_PHY] RI = 2 i1 = 0.0.0, i2 = 1, SINR = 48 dB, CQI = 15
[0m[NR_PHY] RI = 2 i1 = 0.0.0, i2 = 1, SINR = 48 dB, CQI = 15
[0m[NR_PHY] RI = 2 i1 = 0.0.0, i2 = 1, SINR = 48 dB, CQI = 15
[0m[NR_PHY] RI = 2 i1 = 0.0.0, i2 = 1, SINR = 48 dB, CQI = 15
[0m[NR_PHY] RI = 2 i1 = 0.0.0, i2 = 1, SINR = 48 dB, CQI = 15
[0m[NR_PHY] RI = 2 i1 = 0.0.0, i2 = 1, SINR = 48 dB, CQI = 15
[0m[NR_PHY] RI = 2 i1 = 0.0.0, i2 = 1, SINR = 48 dB, CQI = 15
[0m[NR_PHY] RI = 2 i1 = 0.0.0, i2 = 1, SINR = 48 dB, CQI = 15
[0m[NR_PHY] RI = 2 i1 = 0.0.0, i2 = 1, SINR = 48 dB, CQI = 15
[0m[NR_PHY] RI = 2 i1 = 0.0.0, i2 = 1, SINR = 48 dB, CQI = 15
[0m[NR_PHY] RI = 2 i1 = 0.0.0, i2 = 1, SINR = 48 dB, CQI = 15
[0m[NR_PHY] RI = 2 i1 = 0.0.0, i2 = 1, SINR = 48 dB, CQI = 15
[0m[NR_PHY] RI = 2 i1 = 0.0.0, i2 = 1, SINR = 48 dB, CQI = 15
[0m[NR_PHY] RI = 2 i1 = 0.0.0, i2 = 1, SINR = 48 dB, CQI = 15
[0m[NR_PHY] RI = 2 i1 = 0.0.0, i2 = 1, SINR = 48 dB, CQI = 15
[0m[NR_PHY] RI = 2 i1 = 0.0.0, i2 = 1, SINR = 48 dB, CQI = 15
[0m[NR_PHY] RI = 2 i1 = 0.0.0, i2 = 1, SINR = 48 dB, CQI = 15
[0m[NR_PHY] RI = 2 i1 = 0.0.0, i2 = 1, SINR = 48 dB, CQI = 15
[0m[NR_PHY] RI = 2 i1 = 0.0.0, i2 = 1, SINR = 48 dB, CQI = 15
[0m[NR_PHY] RI = 2 i1 = 0.0.0, i2 = 1, SINR = 48 dB, CQI = 15
[0m[NR_PHY] RI = 2 i1 = 0.0.0, i2 = 1, SINR = 48 dB, CQI = 15
[0m[NR_MAC] UE 0 RNTI e66b stats sfn: 128.2, cumulated bad DCI 0
    DL harq: 940/3/1
    UL harq: 23577/2008/6 avg code rate 0.6, avg bit/symbol 6.0, avg per TB: (nb RBs 17.0, nb symbols 13.0)
[0m[NR_PHY] RI = 2 i1 = 0.0.0, i2 = 1, SINR = 48 dB, CQI = 15
[0m[NR_PHY] RI = 2 i1 = 0.0.0, i2 = 1, SINR = 48 dB, CQI = 15
[0m[NR_PHY] RI = 2 i1 = 0.0.0, i2 = 1, SINR = 48 dB, CQI = 15
[0m[NR_PHY] RI = 2 i1 = 0.0.0, i2 = 1, SINR = 48 dB, CQI = 15
[0m[NR_PHY] RI = 2 i1 = 0.0.0, i2 = 1, SINR = 48 dB, CQI = 15
[0m[NR_PHY] RI = 2 i1 = 0.0.0, i2 = 1, SINR = 48 dB, CQI = 15
[0m[NR_PHY] RI = 2 i1 = 0.0.0, i2 = 1, SINR = 48 dB, CQI = 15
[0m[NR_PHY] RI = 2 i1 = 0.0.0, i2 = 1, SINR = 48 dB, CQI = 15
[0m[NR_PHY] RI = 2 i1 = 0.0.0, i2 = 1, SINR = 48 dB, CQI = 15
[0m[NR_PHY] RI = 2 i1 = 0.0.0, i2 = 1, SINR = 48 dB, CQI = 15
[0m[NR_PHY] RI = 2 i1 = 0.0.0, i2 = 1, SINR = 48 dB, CQI = 15
[0m[NR_PHY] RI = 2 i1 = 0.0.0, i2 = 1, SINR = 48 dB, CQI = 15
[0m[NR_PHY] RI = 2 i1 = 0.0.0, i2 = 1, SINR = 48 dB, CQI = 15
[0m[NR_PHY] RI = 2 i1 = 0.0.0, i2 = 1, SINR = 48 dB, CQI = 15
[0m[NR_PHY] RI = 2 i1 = 0.0.0, i2 = 1, SINR = 48 dB, CQI = 15
[0m[NR_PHY] RI = 2 i1 = 0.0.0, i2 = 1, SINR = 48 dB, CQI = 15
[0m[NR_PHY] RI = 2 i1 = 0.0.0, i2 = 1, SINR = 48 dB, CQI = 15
[0m[NR_PHY] RI = 2 i1 = 0.0.0, i2 = 1, SINR = 48 dB, CQI = 15
[0m[NR_PHY] RI = 2 i1 = 0.0.0, i2 = 1, SINR = 48 dB, CQI = 15
[0m[NR_PHY] RI = 2 i1 = 0.0.0, i2 = 1, SINR = 48 dB, CQI = 15
[0m[NR_PHY] RI = 2 i1 = 0.0.0, i2 = 1, SINR = 48 dB, CQI = 15
[0m[NR_PHY] RI = 2 i1 = 0.0.0, i2 = 1, SINR = 48 dB, CQI = 15
[0m[NR_PHY] RI = 2 i1 = 0.0.0, i2 = 1, SINR = 48 dB, CQI = 15
[0m[NR_PHY] RI = 2 i1 = 0.0.0, i2 = 1, SINR = 48 dB, CQI = 15
[0m[NR_PHY] RI = 2 i1 = 0.0.0, i2 = 1, SINR = 48 dB, CQI = 15
[0m[NR_PHY] RI = 2 i1 = 0.0.0, i2 = 1, SINR = 48 dB, CQI = 15
[0m[NR_PHY] RI = 2 i1 = 0.0.0, i2 = 1, SINR = 48 dB, CQI = 15
[0m[NR_PHY] RI = 2 i1 = 0.0.0, i2 = 1, SINR = 48 dB, CQI = 15
[0m[NR_PHY] RI = 2 i1 = 0.0.0, i2 = 1, SINR = 48 dB, CQI = 15
[0m[NR_PHY] RI = 2 i1 = 0.0.0, i2 = 1, SINR = 48 dB, CQI = 15
[0m[NR_PHY] RI = 2 i1 = 0.0.0, i2 = 1, SINR = 48 dB, CQI = 15
[0m[NR_PHY] RI = 2 i1 = 0.0.0, i2 = 1, SINR = 48 dB, CQI = 15
[0m[NR_PHY] RI = 2 i1 = 0.0.0, i2 = 1, SINR = 48 dB, CQI = 15
[0m[NR_PHY] RI = 2 i1 = 0.0.0, i2 = 1, SINR = 48 dB, CQI = 15
[0m[NR_PHY] RI = 2 i1 = 0.0.0, i2 = 1, SINR = 48 dB, CQI = 15
[0m[NR_PHY] RI = 2 i1 = 0.0.0, i2 = 1, SINR = 48 dB, CQI = 15
[0m[NR_PHY] RI = 2 i1 = 0.0.0, i2 = 1, SINR = 48 dB, CQI = 15
[0m[NR_PHY] RI = 2 i1 = 0.0.0, i2 = 1, SINR = 48 dB, CQI = 15
[0m[NR_PHY] RI = 2 i1 = 0.0.0, i2 = 1, SINR = 48 dB, CQI = 15
[0m[NR_PHY] RI = 2 i1 = 0.0.0, i2 = 1, SINR = 48 dB, CQI = 15
[0m[NR_PHY] RI = 2 i1 = 0.0.0, i2 = 1, SINR = 48 dB, CQI = 15
[0m[NR_PHY] RI = 2 i1 = 0.0.0, i2 = 1, SINR = 48 dB, CQI = 15
[0m[NR_PHY] RI = 2 i1 = 0.0.0, i2 = 1, SINR = 48 dB, CQI = 15
[0m[NR_PHY] RI = 2 i1 = 0.0.0, i2 = 1, SINR = 48 dB, CQI = 15
[0m[NR_PHY] RI = 2 i1 = 0.0.0, i2 = 1, SINR = 48 dB, CQI = 15
[0m[NR_PHY] RI = 2 i1 = 0.0.0, i2 = 1, SINR = 48 dB, CQI = 15
[0m[NR_PHY] RI = 2 i1 = 0.0.0, i2 = 1, SINR = 48 dB, CQI = 15
[0m[NR_PHY] RI = 2 i1 = 0.0.0, i2 = 1, SINR = 48 dB, CQI = 15
[0m[NR_PHY] RI = 2 i1 = 0.0.0, i2 = 1, SINR = 48 dB, CQI = 15
[0m[NR_PHY] RI = 2 i1 = 0.0.0, i2 = 1, SINR = 48 dB, CQI = 15
[0m[NR_PHY] RI = 2 i1 = 0.0.0, i2 = 1, SINR = 48 dB, CQI = 15
[0m[NR_PHY] RI = 2 i1 = 0.0.0, i2 = 1, SINR = 48 dB, CQI = 15
[0m[NR_PHY] RI = 2 i1 = 0.0.0, i2 = 1, SINR = 48 dB, CQI = 15
[0m[NR_PHY] RI = 2 i1 = 0.0.0, i2 = 1, SINR = 48 dB, CQI = 15
[0m[NR_PHY] RI = 2 i1 = 0.0.0, i2 = 1, SINR = 48 dB, CQI = 15
[0m[NR_PHY] RI = 2 i1 = 0.0.0, i2 = 1, SINR = 48 dB, CQI = 15
[0m[NR_PHY] RI = 2 i1 = 0.0.0, i2 = 1, SINR = 48 dB, CQI = 15
[0m[NR_PHY] RI = 2 i1 = 0.0.0, i2 = 1, SINR = 48 dB, CQI = 15
[0m[NR_PHY] RI = 2 i1 = 0.0.0, i2 = 1, SINR = 48 dB, CQI = 15
[0m[NR_PHY] RI = 2 i1 = 0.0.0, i2 = 1, SINR = 48 dB, CQI = 15
[0m[NR_PHY] RI = 2 i1 = 0.0.0, i2 = 1, SINR = 48 dB, CQI = 15
[0m[NR_PHY] RI = 2 i1 = 0.0.0, i2 = 1, SINR = 48 dB, CQI = 15
[0m[NR_PHY] RI = 2 i1 = 0.0.0, i2 = 1, SINR = 48 dB, CQI = 15
[0m[NR_PHY] RI = 2 i1 = 0.0.0, i2 = 1, SINR = 48 dB, CQI = 15
[0m[NR_MAC] UE 0 RNTI e66b stats sfn: 256.2, cumulated bad DCI 0
    DL harq: 959/3/1
    UL harq: 24039/2057/6 avg code rate 0.6, avg bit/symbol 6.0, avg per TB: (nb RBs 17.0, nb symbols 13.0)
[0m[NR_PHY] RI = 2 i1 = 0.0.0, i2 = 1, SINR = 48 dB, CQI = 15
[0m[NR_PHY] RI = 2 i1 = 0.0.0, i2 = 1, SINR = 48 dB, CQI = 15
[0m[NR_PHY] RI = 2 i1 = 0.0.0, i2 = 1, SINR = 48 dB, CQI = 15
[0m[NR_PHY] RI = 2 i1 = 0.0.0, i2 = 1, SINR = 48 dB, CQI = 15
[0m[NR_PHY] RI = 2 i1 = 0.0.0, i2 = 1, SINR = 48 dB, CQI = 15
[0m[NR_PHY] RI = 2 i1 = 0.0.0, i2 = 1, SINR = 48 dB, CQI = 15
[0m[NR_PHY] RI = 2 i1 = 0.0.0, i2 = 1, SINR = 48 dB, CQI = 15
[0m[NR_PHY] RI = 2 i1 = 0.0.0, i2 = 1, SINR = 48 dB, CQI = 15
[0m[NR_PHY] RI = 2 i1 = 0.0.0, i2 = 1, SINR = 48 dB, CQI = 15
[0m[NR_PHY] RI = 2 i1 = 0.0.0, i2 = 1, SINR = 48 dB, CQI = 15
[0m[NR_PHY] RI = 2 i1 = 0.0.0, i2 = 1, SINR = 48 dB, CQI = 15
[0m[NR_PHY] RI = 2 i1 = 0.0.0, i2 = 1, SINR = 48 dB, CQI = 15
[0m[NR_PHY] RI = 2 i1 = 0.0.0, i2 = 1, SINR = 48 dB, CQI = 15
[0m[NR_PHY] RI = 2 i1 = 0.0.0, i2 = 1, SINR = 48 dB, CQI = 15
[0m[NR_PHY] RI = 2 i1 = 0.0.0, i2 = 1, SINR = 48 dB, CQI = 15
[0m[NR_PHY] RI = 2 i1 = 0.0.0, i2 = 1, SINR = 48 dB, CQI = 15
[0m[NR_PHY] RI = 2 i1 = 0.0.0, i2 = 1, SINR = 48 dB, CQI = 15
[0m[NR_PHY] RI = 2 i1 = 0.0.0, i2 = 1, SINR = 48 dB, CQI = 15
[0m[NR_PHY] RI = 2 i1 = 0.0.0, i2 = 1, SINR = 48 dB, CQI = 15
[0m[NR_PHY] RI = 2 i1 = 0.0.0, i2 = 1, SINR = 48 dB, CQI = 15
[0m[NR_PHY] RI = 2 i1 = 0.0.0, i2 = 1, SINR = 48 dB, CQI = 15
[0m[NR_PHY] RI = 2 i1 = 0.0.0, i2 = 1, SINR = 48 dB, CQI = 15
[0m[NR_PHY] RI = 2 i1 = 0.0.0, i2 = 1, SINR = 48 dB, CQI = 15
[0m[NR_PHY] RI = 2 i1 = 0.0.0, i2 = 1, SINR = 48 dB, CQI = 15
[0m[NR_PHY] RI = 2 i1 = 0.0.0, i2 = 1, SINR = 48 dB, CQI = 15
[0m[NR_PHY] RI = 2 i1 = 0.0.0, i2 = 1, SINR = 48 dB, CQI = 15
[0m[NR_PHY] RI = 2 i1 = 0.0.0, i2 = 1, SINR = 48 dB, CQI = 15
[0m[NR_PHY] RI = 2 i1 = 0.0.0, i2 = 1, SINR = 48 dB, CQI = 15
[0m[NR_PHY] RI = 2 i1 = 0.0.0, i2 = 1, SINR = 48 dB, CQI = 15
[0m[NR_PHY] RI = 2 i1 = 0.0.0, i2 = 1, SINR = 48 dB, CQI = 15
[0m[NR_PHY] RI = 2 i1 = 0.0.0, i2 = 1, SINR = 48 dB, CQI = 15
[0m[NR_PHY] RI = 2 i1 = 0.0.0, i2 = 1, SINR = 48 dB, CQI = 15
[0m[NR_PHY] RI = 2 i1 = 0.0.0, i2 = 1, SINR = 48 dB, CQI = 15
[0m[NR_PHY] RI = 2 i1 = 0.0.0, i2 = 1, SINR = 48 dB, CQI = 15
[0m[NR_PHY] RI = 2 i1 = 0.0.0, i2 = 1, SINR = 48 dB, CQI = 15
[0m[NR_PHY] RI = 2 i1 = 0.0.0, i2 = 1, SINR = 48 dB, CQI = 15
[0m[NR_PHY] RI = 2 i1 = 0.0.0, i2 = 1, SINR = 48 dB, CQI = 15
[0m[NR_PHY] RI = 2 i1 = 0.0.0, i2 = 1, SINR = 48 dB, CQI = 15
[0m[NR_PHY] RI = 2 i1 = 0.0.0, i2 = 1, SINR = 48 dB, CQI = 15
[0m[NR_PHY] RI = 2 i1 = 0.0.0, i2 = 1, SINR = 48 dB, CQI = 15
[0m[NR_PHY] RI = 2 i1 = 0.0.0, i2 = 1, SINR = 48 dB, CQI = 15
[0m[NR_PHY] RI = 2 i1 = 0.0.0, i2 = 1, SINR = 48 dB, CQI = 15
[0m[NR_PHY] RI = 2 i1 = 0.0.0, i2 = 1, SINR = 48 dB, CQI = 15
[0m[NR_PHY] RI = 2 i1 = 0.0.0, i2 = 1, SINR = 48 dB, CQI = 15
[0m[NR_PHY] RI = 2 i1 = 0.0.0, i2 = 1, SINR = 48 dB, CQI = 15
[0m[NR_PHY] RI = 2 i1 = 0.0.0, i2 = 1, SINR = 48 dB, CQI = 15
[0m[NR_PHY] RI = 2 i1 = 0.0.0, i2 = 1, SINR = 48 dB, CQI = 15
[0m[NR_PHY] RI = 2 i1 = 0.0.0, i2 = 1, SINR = 48 dB, CQI = 15
[0m[NR_PHY] RI = 2 i1 = 0.0.0, i2 = 1, SINR = 48 dB, CQI = 15
[0m[NR_PHY] RI = 2 i1 = 0.0.0, i2 = 1, SINR = 48 dB, CQI = 15
[0m[NR_PHY] RI = 2 i1 = 0.0.0, i2 = 1, SINR = 48 dB, CQI = 15
[0m[NR_PHY] RI = 2 i1 = 0.0.0, i2 = 1, SINR = 48 dB, CQI = 15
[0m[NR_PHY] RI = 2 i1 = 0.0.0, i2 = 1, SINR = 48 dB, CQI = 15
[0m[NR_PHY] RI = 2 i1 = 0.0.0, i2 = 1, SINR = 48 dB, CQI = 15
[0m[NR_PHY] RI = 2 i1 = 0.0.0, i2 = 1, SINR = 48 dB, CQI = 15
[0m[NR_PHY] RI = 2 i1 = 0.0.0, i2 = 1, SINR = 48 dB, CQI = 15
[0m[NR_PHY] RI = 2 i1 = 0.0.0, i2 = 1, SINR = 48 dB, CQI = 15
[0m[NR_PHY] RI = 2 i1 = 0.0.0, i2 = 1, SINR = 48 dB, CQI = 15
[0m[NR_PHY] RI = 2 i1 = 0.0.0, i2 = 1, SINR = 48 dB, CQI = 15
[0m[NR_PHY] RI = 2 i1 = 0.0.0, i2 = 1, SINR = 48 dB, CQI = 15
[0m[NR_PHY] RI = 2 i1 = 0.0.0, i2 = 1, SINR = 48 dB, CQI = 15
[0m[NR_PHY] RI = 2 i1 = 0.0.0, i2 = 1, SINR = 48 dB, CQI = 15
[0m[NR_PHY] RI = 2 i1 = 0.0.0, i2 = 1, SINR = 48 dB, CQI = 15
[0m[NR_PHY] RI = 2 i1 = 0.0.0, i2 = 1, SINR = 48 dB, CQI = 15
[0m[NR_MAC] UE 0 RNTI e66b stats sfn: 384.2, cumulated bad DCI 0
    DL harq: 976/3/1
    UL harq: 24489/2119/6 avg code rate 0.6, avg bit/symbol 6.0, avg per TB: (nb RBs 17.0, nb symbols 13.0)
[0m[NR_PHY] RI = 2 i1 = 0.0.0, i2 = 1, SINR = 48 dB, CQI = 15
[0m[NR_PHY] RI = 2 i1 = 0.0.0, i2 = 1, SINR = 48 dB, CQI = 15
[0m[NR_PHY] RI = 2 i1 = 0.0.0, i2 = 1, SINR = 48 dB, CQI = 15
[0m[NR_PHY] RI = 2 i1 = 0.0.0, i2 = 1, SINR = 48 dB, CQI = 15
[0m[NR_PHY] RI = 2 i1 = 0.0.0, i2 = 1, SINR = 48 dB, CQI = 15
[0m[NR_PHY] RI = 2 i1 = 0.0.0, i2 = 1, SINR = 48 dB, CQI = 15
[0m[NR_PHY] RI = 2 i1 = 0.0.0, i2 = 1, SINR = 48 dB, CQI = 15
[0m[NR_PHY] RI = 2 i1 = 0.0.0, i2 = 1, SINR = 48 dB, CQI = 15
[0m[NR_PHY] RI = 2 i1 = 0.0.0, i2 = 1, SINR = 48 dB, CQI = 15
[0m[NR_PHY] RI = 2 i1 = 0.0.0, i2 = 1, SINR = 48 dB, CQI = 15
[0m[NR_PHY] RI = 2 i1 = 0.0.0, i2 = 1, SINR = 48 dB, CQI = 15
[0m[NR_PHY] RI = 2 i1 = 0.0.0, i2 = 1, SINR = 48 dB, CQI = 15
[0m[NR_PHY] RI = 2 i1 = 0.0.0, i2 = 1, SINR = 48 dB, CQI = 15
[0m[NR_PHY] RI = 2 i1 = 0.0.0, i2 = 1, SINR = 48 dB, CQI = 15
[0m[NR_PHY] RI = 2 i1 = 0.0.0, i2 = 1, SINR = 48 dB, CQI = 15
[0m[NR_PHY] RI = 2 i1 = 0.0.0, i2 = 1, SINR = 48 dB, CQI = 15
[0m[NR_PHY] RI = 2 i1 = 0.0.0, i2 = 1, SINR = 48 dB, CQI = 15
[0m[NR_PHY] RI = 2 i1 = 0.0.0, i2 = 1, SINR = 48 dB, CQI = 15
[0m[NR_PHY] RI = 2 i1 = 0.0.0, i2 = 1, SINR = 48 dB, CQI = 15
[0m[NR_PHY] RI = 2 i1 = 0.0.0, i2 = 1, SINR = 48 dB, CQI = 15
[0m[NR_PHY] RI = 2 i1 = 0.0.0, i2 = 1, SINR = 48 dB, CQI = 15
[0m[NR_PHY] RI = 2 i1 = 0.0.0, i2 = 1, SINR = 48 dB, CQI = 15
[0m[NR_PHY] RI = 2 i1 = 0.0.0, i2 = 1, SINR = 48 dB, CQI = 15
[0m[NR_PHY] RI = 2 i1 = 0.0.0, i2 = 1, SINR = 48 dB, CQI = 15
[0m[NR_PHY] RI = 2 i1 = 0.0.0, i2 = 1, SINR = 48 dB, CQI = 15
[0m[NR_PHY] RI = 2 i1 = 0.0.0, i2 = 1, SINR = 48 dB, CQI = 15
[0m[NR_PHY] RI = 2 i1 = 0.0.0, i2 = 1, SINR = 48 dB, CQI = 15
[0m[NR_PHY] RI = 2 i1 = 0.0.0, i2 = 1, SINR = 48 dB, CQI = 15
[0m[NR_PHY] RI = 2 i1 = 0.0.0, i2 = 1, SINR = 48 dB, CQI = 15
[0m[NR_PHY] RI = 2 i1 = 0.0.0, i2 = 1, SINR = 48 dB, CQI = 15
[0m[NR_PHY] RI = 2 i1 = 0.0.0, i2 = 1, SINR = 48 dB, CQI = 15
[0m[NR_PHY] RI = 2 i1 = 0.0.0, i2 = 1, SINR = 48 dB, CQI = 15
[0m[NR_PHY] RI = 2 i1 = 0.0.0, i2 = 1, SINR = 48 dB, CQI = 15
[0m[NR_PHY] RI = 2 i1 = 0.0.0, i2 = 1, SINR = 48 dB, CQI = 15
[0m[NR_PHY] RI = 2 i1 = 0.0.0, i2 = 1, SINR = 48 dB, CQI = 15
[0m[NR_PHY] RI = 2 i1 = 0.0.0, i2 = 1, SINR = 48 dB, CQI = 15
[0m[NR_PHY] RI = 2 i1 = 0.0.0, i2 = 1, SINR = 48 dB, CQI = 15
[0m[NR_PHY] RI = 2 i1 = 0.0.0, i2 = 1, SINR = 48 dB, CQI = 15
[0m[NR_PHY] RI = 2 i1 = 0.0.0, i2 = 1, SINR = 48 dB, CQI = 15
[0m[NR_PHY] RI = 2 i1 = 0.0.0, i2 = 1, SINR = 48 dB, CQI = 15
[0m[NR_PHY] RI = 2 i1 = 0.0.0, i2 = 1, SINR = 48 dB, CQI = 15
[0m[NR_PHY] RI = 2 i1 = 0.0.0, i2 = 1, SINR = 48 dB, CQI = 15
[0m[NR_PHY] RI = 2 i1 = 0.0.0, i2 = 1, SINR = 48 dB, CQI = 15
[0m[NR_PHY] RI = 2 i1 = 0.0.0, i2 = 1, SINR = 48 dB, CQI = 15
[0m[NR_PHY] RI = 2 i1 = 0.0.0, i2 = 1, SINR = 48 dB, CQI = 15
[0m[NR_PHY] RI = 2 i1 = 0.0.0, i2 = 1, SINR = 48 dB, CQI = 15
[0m[NR_PHY] RI = 2 i1 = 0.0.0, i2 = 1, SINR = 48 dB, CQI = 15
[0m[NR_PHY] RI = 2 i1 = 0.0.0, i2 = 1, SINR = 48 dB, CQI = 15
[0m[NR_PHY] RI = 2 i1 = 0.0.0, i2 = 1, SINR = 48 dB, CQI = 15
[0m[NR_PHY] RI = 2 i1 = 0.0.0, i2 = 1, SINR = 48 dB, CQI = 15
[0m[NR_PHY] RI = 2 i1 = 0.0.0, i2 = 1, SINR = 48 dB, CQI = 15
[0m[NR_PHY] RI = 2 i1 = 0.0.0, i2 = 1, SINR = 48 dB, CQI = 15
[0m[NR_PHY] RI = 2 i1 = 0.0.0, i2 = 1, SINR = 48 dB, CQI = 15
[0m[NR_PHY] RI = 2 i1 = 0.0.0, i2 = 1, SINR = 48 dB, CQI = 15
[0m[NR_PHY] RI = 2 i1 = 0.0.0, i2 = 1, SINR = 48 dB, CQI = 15
[0m[NR_PHY] RI = 2 i1 = 0.0.0, i2 = 1, SINR = 48 dB, CQI = 15
[0m[NR_PHY] RI = 2 i1 = 0.0.0, i2 = 1, SINR = 48 dB, CQI = 15
[0m[NR_PHY] RI = 2 i1 = 0.0.0, i2 = 1, SINR = 48 dB, CQI = 15
[0m[NR_PHY] RI = 2 i1 = 0.0.0, i2 = 1, SINR = 48 dB, CQI = 15
[0m[NR_PHY] RI = 2 i1 = 0.0.0, i2 = 1, SINR = 48 dB, CQI = 15
[0m[NR_PHY] RI = 2 i1 = 0.0.0, i2 = 1, SINR = 48 dB, CQI = 15
[0m[NR_PHY] RI = 2 i1 = 0.0.0, i2 = 1, SINR = 48 dB, CQI = 15
[0m[NR_PHY] RI = 2 i1 = 0.0.0, i2 = 1, SINR = 48 dB, CQI = 15
[0m[NR_PHY] RI = 2 i1 = 0.0.0, i2 = 1, SINR = 48 dB, CQI = 15
[0m[NR_MAC] UE 0 RNTI e66b stats sfn: 512.2, cumulated bad DCI 0
    DL harq: 995/3/1
    UL harq: 24993/2126/6 avg code rate 0.6, avg bit/symbol 6.0, avg per TB: (nb RBs 17.0, nb symbols 13.0)
[0m[NR_PHY] RI = 2 i1 = 0.0.0, i2 = 1, SINR = 48 dB, CQI = 15
[0m[NR_PHY] RI = 2 i1 = 0.0.0, i2 = 1, SINR = 48 dB, CQI = 15
[0m[NR_PHY] RI = 2 i1 = 0.0.0, i2 = 1, SINR = 48 dB, CQI = 15
[0m[NR_PHY] RI = 2 i1 = 0.0.0, i2 = 1, SINR = 48 dB, CQI = 15
[0m[NR_PHY] RI = 2 i1 = 0.0.0, i2 = 1, SINR = 48 dB, CQI = 15
[0m[NR_PHY] RI = 2 i1 = 0.0.0, i2 = 1, SINR = 48 dB, CQI = 15
[0m[NR_PHY] RI = 2 i1 = 0.0.0, i2 = 1, SINR = 48 dB, CQI = 15
[0m[NR_PHY] RI = 2 i1 = 0.0.0, i2 = 1, SINR = 48 dB, CQI = 15
[0m[NR_PHY] RI = 2 i1 = 0.0.0, i2 = 1, SINR = 48 dB, CQI = 15
[0m[NR_PHY] RI = 2 i1 = 0.0.0, i2 = 1, SINR = 48 dB, CQI = 15
[0m[NR_PHY] RI = 2 i1 = 0.0.0, i2 = 1, SINR = 48 dB, CQI = 15
[0m[NR_PHY] RI = 2 i1 = 0.0.0, i2 = 1, SINR = 48 dB, CQI = 15
[0m[NR_PHY] RI = 2 i1 = 0.0.0, i2 = 1, SINR = 48 dB, CQI = 15
[0m[NR_PHY] RI = 2 i1 = 0.0.0, i2 = 1, SINR = 48 dB, CQI = 15
[0m[NR_PHY] RI = 2 i1 = 0.0.0, i2 = 1, SINR = 48 dB, CQI = 15
[0m[NR_PHY] RI = 2 i1 = 0.0.0, i2 = 1, SINR = 48 dB, CQI = 15
[0m[NR_PHY] RI = 2 i1 = 0.0.0, i2 = 1, SINR = 48 dB, CQI = 15
[0m[NR_PHY] RI = 2 i1 = 0.0.0, i2 = 1, SINR = 48 dB, CQI = 15
[0m[NR_PHY] RI = 2 i1 = 0.0.0, i2 = 1, SINR = 48 dB, CQI = 15
[0m[NR_PHY] RI = 2 i1 = 0.0.0, i2 = 1, SINR = 48 dB, CQI = 15
[0m[NR_PHY] RI = 2 i1 = 0.0.0, i2 = 1, SINR = 48 dB, CQI = 15
[0m[NR_PHY] RI = 2 i1 = 0.0.0, i2 = 1, SINR = 48 dB, CQI = 15
[0m[NR_PHY] RI = 2 i1 = 0.0.0, i2 = 1, SINR = 48 dB, CQI = 15
[0m[NR_PHY] RI = 2 i1 = 0.0.0, i2 = 1, SINR = 48 dB, CQI = 15
[0m[NR_PHY] RI = 2 i1 = 0.0.0, i2 = 1, SINR = 48 dB, CQI = 15
[0m[NR_PHY] RI = 2 i1 = 0.0.0, i2 = 1, SINR = 48 dB, CQI = 15
[0m[NR_PHY] RI = 2 i1 = 0.0.0, i2 = 1, SINR = 48 dB, CQI = 15
[0m[NR_PHY] RI = 2 i1 = 0.0.0, i2 = 1, SINR = 48 dB, CQI = 15
[0m[NR_PHY] RI = 2 i1 = 0.0.0, i2 = 1, SINR = 48 dB, CQI = 15
[0m[NR_PHY] RI = 2 i1 = 0.0.0, i2 = 1, SINR = 48 dB, CQI = 15
[0m[NR_PHY] RI = 2 i1 = 0.0.0, i2 = 1, SINR = 48 dB, CQI = 15
[0m[NR_PHY] RI = 2 i1 = 0.0.0, i2 = 1, SINR = 48 dB, CQI = 15
[0m[NR_PHY] RI = 2 i1 = 0.0.0, i2 = 1, SINR = 48 dB, CQI = 15
[0m[NR_PHY] RI = 2 i1 = 0.0.0, i2 = 1, SINR = 48 dB, CQI = 15
[0m[NR_PHY] RI = 2 i1 = 0.0.0, i2 = 1, SINR = 48 dB, CQI = 15
[0m[NR_PHY] RI = 2 i1 = 0.0.0, i2 = 1, SINR = 48 dB, CQI = 15
[0m[NR_PHY] RI = 2 i1 = 0.0.0, i2 = 1, SINR = 48 dB, CQI = 15
[0m[NR_PHY] RI = 2 i1 = 0.0.0, i2 = 1, SINR = 48 dB, CQI = 15
[0m[NR_PHY] RI = 2 i1 = 0.0.0, i2 = 1, SINR = 48 dB, CQI = 15
[0m[NR_PHY] RI = 2 i1 = 0.0.0, i2 = 1, SINR = 48 dB, CQI = 15
[0m[NR_PHY] RI = 2 i1 = 0.0.0, i2 = 1, SINR = 48 dB, CQI = 15
[0m[NR_PHY] RI = 2 i1 = 0.0.0, i2 = 1, SINR = 48 dB, CQI = 15
[0m[NR_PHY] RI = 2 i1 = 0.0.0, i2 = 1, SINR = 48 dB, CQI = 15
[0m[NR_PHY] RI = 2 i1 = 0.0.0, i2 = 1, SINR = 48 dB, CQI = 15
[0m[NR_PHY] RI = 2 i1 = 0.0.0, i2 = 1, SINR = 48 dB, CQI = 15
[0m[NR_PHY] RI = 2 i1 = 0.0.0, i2 = 1, SINR = 48 dB, CQI = 15
[0m[NR_PHY] RI = 2 i1 = 0.0.0, i2 = 1, SINR = 48 dB, CQI = 15
[0m[NR_PHY] RI = 2 i1 = 0.0.0, i2 = 1, SINR = 48 dB, CQI = 15
[0m[NR_PHY] RI = 2 i1 = 0.0.0, i2 = 1, SINR = 48 dB, CQI = 15
[0m[NR_PHY] RI = 2 i1 = 0.0.0, i2 = 1, SINR = 48 dB, CQI = 15
[0m[NR_PHY] RI = 2 i1 = 0.0.0, i2 = 1, SINR = 48 dB, CQI = 15
[0m[NR_PHY] RI = 2 i1 = 0.0.0, i2 = 1, SINR = 48 dB, CQI = 15
[0m[NR_PHY] RI = 2 i1 = 0.0.0, i2 = 1, SINR = 48 dB, CQI = 15
[0m[NR_PHY] RI = 2 i1 = 0.0.0, i2 = 1, SINR = 48 dB, CQI = 15
[0m[NR_PHY] RI = 2 i1 = 0.0.0, i2 = 1, SINR = 48 dB, CQI = 15
[0m[NR_PHY] RI = 2 i1 = 0.0.0, i2 = 1, SINR = 48 dB, CQI = 15
[0m[NR_PHY] RI = 2 i1 = 0.0.0, i2 = 1, SINR = 48 dB, CQI = 15
[0m[NR_PHY] RI = 2 i1 = 0.0.0, i2 = 1, SINR = 48 dB, CQI = 15
[0m[NR_PHY] RI = 2 i1 = 0.0.0, i2 = 1, SINR = 48 dB, CQI = 15
[0m[NR_PHY] RI = 2 i1 = 0.0.0, i2 = 1, SINR = 48 dB, CQI = 15
[0m[NR_PHY] RI = 2 i1 = 0.0.0, i2 = 1, SINR = 48 dB, CQI = 15
[0m[NR_PHY] RI = 2 i1 = 0.0.0, i2 = 1, SINR = 48 dB, CQI = 15
[0m[NR_PHY] RI = 2 i1 = 0.0.0, i2 = 1, SINR = 48 dB, CQI = 15
[0m[NR_PHY] RI = 2 i1 = 0.0.0, i2 = 1, SINR = 48 dB, CQI = 15
[0m[NR_MAC] UE 0 RNTI e66b stats sfn: 640.2, cumulated bad DCI 0
    DL harq: 1014/3/1
    UL harq: 25442/2189/6 avg code rate 0.6, avg bit/symbol 6.0, avg per TB: (nb RBs 17.0, nb symbols 13.0)
[0m[NR_PHY] RI = 2 i1 = 0.0.0, i2 = 1, SINR = 48 dB, CQI = 15
[0m[NR_PHY] RI = 2 i1 = 0.0.0, i2 = 1, SINR = 48 dB, CQI = 15
[0m[NR_PHY] RI = 2 i1 = 0.0.0, i2 = 1, SINR = 48 dB, CQI = 15
[0m[NR_PHY] RI = 2 i1 = 0.0.0, i2 = 1, SINR = 48 dB, CQI = 15
[0m[NR_PHY] RI = 2 i1 = 0.0.0, i2 = 1, SINR = 48 dB, CQI = 15
[0m[NR_PHY] RI = 2 i1 = 0.0.0, i2 = 1, SINR = 48 dB, CQI = 15
[0m[NR_PHY] RI = 2 i1 = 0.0.0, i2 = 1, SINR = 48 dB, CQI = 15
[0m[NR_PHY] RI = 2 i1 = 0.0.0, i2 = 1, SINR = 48 dB, CQI = 15
[0m[NR_PHY] RI = 2 i1 = 0.0.0, i2 = 1, SINR = 48 dB, CQI = 15
[0m[NR_PHY] RI = 2 i1 = 0.0.0, i2 = 1, SINR = 48 dB, CQI = 15
[0m[NR_PHY] RI = 2 i1 = 0.0.0, i2 = 1, SINR = 48 dB, CQI = 15
[0m[NR_PHY] RI = 2 i1 = 0.0.0, i2 = 1, SINR = 48 dB, CQI = 15
[0m[NR_PHY] RI = 2 i1 = 0.0.0, i2 = 1, SINR = 48 dB, CQI = 15
[0m[NR_PHY] RI = 2 i1 = 0.0.0, i2 = 1, SINR = 48 dB, CQI = 15
[0m[NR_PHY] RI = 2 i1 = 0.0.0, i2 = 1, SINR = 48 dB, CQI = 15
[0m[NR_PHY] RI = 2 i1 = 0.0.0, i2 = 1, SINR = 48 dB, CQI = 15
[0m[NR_PHY] RI = 2 i1 = 0.0.0, i2 = 1, SINR = 48 dB, CQI = 15
[0m[NR_PHY] RI = 2 i1 = 0.0.0, i2 = 1, SINR = 48 dB, CQI = 15
[0m[NR_PHY] RI = 2 i1 = 0.0.0, i2 = 1, SINR = 48 dB, CQI = 15
[0m[NR_PHY] RI = 2 i1 = 0.0.0, i2 = 1, SINR = 48 dB, CQI = 15
[0m[NR_PHY] RI = 2 i1 = 0.0.0, i2 = 1, SINR = 48 dB, CQI = 15
[0m[NR_PHY] RI = 2 i1 = 0.0.0, i2 = 1, SINR = 48 dB, CQI = 15
[0m[NR_PHY] RI = 2 i1 = 0.0.0, i2 = 1, SINR = 48 dB, CQI = 15
[0m[NR_PHY] RI = 2 i1 = 0.0.0, i2 = 1, SINR = 48 dB, CQI = 15
[0m[NR_PHY] RI = 2 i1 = 0.0.0, i2 = 1, SINR = 48 dB, CQI = 15
[0m[NR_PHY] RI = 2 i1 = 0.0.0, i2 = 1, SINR = 48 dB, CQI = 15
[0m[NR_PHY] RI = 2 i1 = 0.0.0, i2 = 1, SINR = 48 dB, CQI = 15
[0m[NR_PHY] RI = 2 i1 = 0.0.0, i2 = 1, SINR = 48 dB, CQI = 15
[0m[NR_PHY] RI = 2 i1 = 0.0.0, i2 = 1, SINR = 48 dB, CQI = 15
[0m[NR_PHY] RI = 2 i1 = 0.0.0, i2 = 1, SINR = 48 dB, CQI = 15
[0m[NR_PHY] RI = 2 i1 = 0.0.0, i2 = 1, SINR = 48 dB, CQI = 15
[0m[NR_PHY] RI = 2 i1 = 0.0.0, i2 = 1, SINR = 48 dB, CQI = 15
[0m[NR_PHY] RI = 2 i1 = 0.0.0, i2 = 1, SINR = 48 dB, CQI = 15
[0m[NR_PHY] RI = 2 i1 = 0.0.0, i2 = 1, SINR = 48 dB, CQI = 15
[0m[NR_PHY] RI = 2 i1 = 0.0.0, i2 = 1, SINR = 48 dB, CQI = 15
[0m[NR_PHY] RI = 2 i1 = 0.0.0, i2 = 1, SINR = 48 dB, CQI = 15
[0m[NR_PHY] RI = 2 i1 = 0.0.0, i2 = 1, SINR = 48 dB, CQI = 15
[0m[NR_PHY] RI = 2 i1 = 0.0.0, i2 = 1, SINR = 48 dB, CQI = 15
[0m[NR_PHY] RI = 2 i1 = 0.0.0, i2 = 1, SINR = 48 dB, CQI = 15
[0m[NR_PHY] RI = 2 i1 = 0.0.0, i2 = 1, SINR = 48 dB, CQI = 15
[0m[NR_PHY] RI = 2 i1 = 0.0.0, i2 = 1, SINR = 48 dB, CQI = 15
[0m[NR_PHY] RI = 2 i1 = 0.0.0, i2 = 1, SINR = 48 dB, CQI = 15
[0m[NR_PHY] RI = 2 i1 = 0.0.0, i2 = 1, SINR = 48 dB, CQI = 15
[0m[NR_PHY] RI = 2 i1 = 0.0.0, i2 = 1, SINR = 48 dB, CQI = 15
[0m[NR_PHY] RI = 2 i1 = 0.0.0, i2 = 1, SINR = 48 dB, CQI = 15
[0m[NR_PHY] RI = 2 i1 = 0.0.0, i2 = 1, SINR = 48 dB, CQI = 15
[0m[NR_PHY] RI = 2 i1 = 0.0.0, i2 = 1, SINR = 48 dB, CQI = 15
[0m[NR_PHY] RI = 2 i1 = 0.0.0, i2 = 1, SINR = 48 dB, CQI = 15
[0m[NR_PHY] RI = 2 i1 = 0.0.0, i2 = 1, SINR = 48 dB, CQI = 15
[0m[NR_PHY] RI = 2 i1 = 0.0.0, i2 = 1, SINR = 48 dB, CQI = 15
[0m[NR_PHY] RI = 2 i1 = 0.0.0, i2 = 1, SINR = 48 dB, CQI = 15
[0m[NR_PHY] RI = 2 i1 = 0.0.0, i2 = 1, SINR = 48 dB, CQI = 15
[0m[NR_PHY] RI = 2 i1 = 0.0.0, i2 = 1, SINR = 48 dB, CQI = 15
[0m[NR_PHY] RI = 2 i1 = 0.0.0, i2 = 1, SINR = 48 dB, CQI = 15
[0m[NR_PHY] RI = 2 i1 = 0.0.0, i2 = 1, SINR = 48 dB, CQI = 15
[0m[NR_PHY] RI = 2 i1 = 0.0.0, i2 = 1, SINR = 48 dB, CQI = 15
[0m[NR_PHY] RI = 2 i1 = 0.0.0, i2 = 1, SINR = 48 dB, CQI = 15
[0m[NR_PHY] RI = 2 i1 = 0.0.0, i2 = 1, SINR = 48 dB, CQI = 15
[0m[NR_PHY] RI = 2 i1 = 0.0.0, i2 = 1, SINR = 48 dB, CQI = 15
[0m[NR_PHY] RI = 2 i1 = 0.0.0, i2 = 1, SINR = 48 dB, CQI = 15
[0m[NR_PHY] RI = 2 i1 = 0.0.0, i2 = 1, SINR = 48 dB, CQI = 15
[0m[NR_PHY] RI = 2 i1 = 0.0.0, i2 = 1, SINR = 48 dB, CQI = 15
[0m[NR_PHY] RI = 2 i1 = 0.0.0, i2 = 1, SINR = 48 dB, CQI = 15
[0m[NR_PHY] RI = 2 i1 = 0.0.0, i2 = 1, SINR = 48 dB, CQI = 15
[0m[NR_MAC] UE 0 RNTI e66b stats sfn: 768.2, cumulated bad DCI 0
    DL harq: 1064/3/1
    UL harq: 25909/2234/6 avg code rate 0.6, avg bit/symbol 6.0, avg per TB: (nb RBs 17.0, nb symbols 13.0)
[0m[NR_PHY] RI = 2 i1 = 0.0.0, i2 = 1, SINR = 48 dB, CQI = 15
[0m[NR_PHY] RI = 2 i1 = 0.0.0, i2 = 1, SINR = 48 dB, CQI = 15
[0m[NR_PHY] RI = 2 i1 = 0.0.0, i2 = 1, SINR = 48 dB, CQI = 15
[0m[NR_PHY] RI = 2 i1 = 0.0.0, i2 = 1, SINR = 48 dB, CQI = 15
[0m[NR_PHY] RI = 2 i1 = 0.0.0, i2 = 1, SINR = 48 dB, CQI = 15
[0m[NR_PHY] RI = 2 i1 = 0.0.0, i2 = 1, SINR = 48 dB, CQI = 15
[0m[NR_PHY] RI = 2 i1 = 0.0.0, i2 = 1, SINR = 48 dB, CQI = 15
[0m[NR_PHY] RI = 2 i1 = 0.0.0, i2 = 1, SINR = 48 dB, CQI = 15
[0m[NR_PHY] RI = 2 i1 = 0.0.0, i2 = 1, SINR = 48 dB, CQI = 15
[0m[NR_PHY] RI = 2 i1 = 0.0.0, i2 = 1, SINR = 48 dB, CQI = 15
[0m[NR_PHY] RI = 2 i1 = 0.0.0, i2 = 1, SINR = 48 dB, CQI = 15
[0m[NR_PHY] RI = 2 i1 = 0.0.0, i2 = 1, SINR = 48 dB, CQI = 15
[0m[NR_PHY] RI = 2 i1 = 0.0.0, i2 = 1, SINR = 48 dB, CQI = 15
[0m[NR_PHY] RI = 2 i1 = 0.0.0, i2 = 1, SINR = 48 dB, CQI = 15
[0m[NR_PHY] RI = 2 i1 = 0.0.0, i2 = 1, SINR = 48 dB, CQI = 15
[0m[NR_PHY] RI = 2 i1 = 0.0.0, i2 = 1, SINR = 48 dB, CQI = 15
[0m[NR_PHY] RI = 2 i1 = 0.0.0, i2 = 1, SINR = 48 dB, CQI = 15
[0m[NR_PHY] RI = 2 i1 = 0.0.0, i2 = 1, SINR = 48 dB, CQI = 15
[0m[NR_PHY] RI = 2 i1 = 0.0.0, i2 = 1, SINR = 48 dB, CQI = 15
[0m[NR_PHY] RI = 2 i1 = 0.0.0, i2 = 1, SINR = 48 dB, CQI = 15
[0m[NR_PHY] RI = 2 i1 = 0.0.0, i2 = 1, SINR = 48 dB, CQI = 15
[0m[NR_PHY] RI = 2 i1 = 0.0.0, i2 = 1, SINR = 48 dB, CQI = 15
[0m[NR_PHY] RI = 2 i1 = 0.0.0, i2 = 1, SINR = 48 dB, CQI = 15
[0m[NR_PHY] RI = 2 i1 = 0.0.0, i2 = 1, SINR = 48 dB, CQI = 15
[0m[NR_PHY] RI = 2 i1 = 0.0.0, i2 = 1, SINR = 48 dB, CQI = 15
[0m[NR_PHY] RI = 2 i1 = 0.0.0, i2 = 1, SINR = 48 dB, CQI = 15
[0m[NR_PHY] RI = 2 i1 = 0.0.0, i2 = 1, SINR = 48 dB, CQI = 15
[0m[NR_PHY] RI = 2 i1 = 0.0.0, i2 = 1, SINR = 48 dB, CQI = 15
[0m[NR_PHY] RI = 2 i1 = 0.0.0, i2 = 1, SINR = 48 dB, CQI = 15
[0m[NR_PHY] RI = 2 i1 = 0.0.0, i2 = 1, SINR = 48 dB, CQI = 15
[0m[NR_PHY] RI = 2 i1 = 0.0.0, i2 = 1, SINR = 48 dB, CQI = 15
[0m[NR_PHY] RI = 2 i1 = 0.0.0, i2 = 1, SINR = 48 dB, CQI = 15
[0m[NR_PHY] RI = 2 i1 = 0.0.0, i2 = 1, SINR = 48 dB, CQI = 15
[0m[NR_PHY] RI = 2 i1 = 0.0.0, i2 = 1, SINR = 48 dB, CQI = 15
[0m[NR_PHY] RI = 2 i1 = 0.0.0, i2 = 1, SINR = 48 dB, CQI = 15
[0m[NR_PHY] RI = 2 i1 = 0.0.0, i2 = 1, SINR = 48 dB, CQI = 15
[0m[NR_PHY] RI = 2 i1 = 0.0.0, i2 = 1, SINR = 48 dB, CQI = 15
[0m[NR_PHY] RI = 2 i1 = 0.0.0, i2 = 1, SINR = 48 dB, CQI = 15
[0m[NR_PHY] RI = 2 i1 = 0.0.0, i2 = 1, SINR = 48 dB, CQI = 15
[0m[NR_PHY] RI = 2 i1 = 0.0.0, i2 = 1, SINR = 48 dB, CQI = 15
[0m[NR_PHY] RI = 2 i1 = 0.0.0, i2 = 1, SINR = 48 dB, CQI = 15
[0m[NR_PHY] RI = 2 i1 = 0.0.0, i2 = 1, SINR = 48 dB, CQI = 15
[0m[NR_PHY] RI = 2 i1 = 0.0.0, i2 = 1, SINR = 48 dB, CQI = 15
[0m[NR_PHY] RI = 2 i1 = 0.0.0, i2 = 1, SINR = 48 dB, CQI = 15
[0m[NR_PHY] RI = 2 i1 = 0.0.0, i2 = 1, SINR = 48 dB, CQI = 15
[0m[NR_PHY] RI = 2 i1 = 0.0.0, i2 = 1, SINR = 48 dB, CQI = 15
[0m[NR_PHY] RI = 2 i1 = 0.0.0, i2 = 1, SINR = 48 dB, CQI = 15
[0m[NR_PHY] RI = 2 i1 = 0.0.0, i2 = 1, SINR = 48 dB, CQI = 15
[0m[NR_PHY] RI = 2 i1 = 0.0.0, i2 = 1, SINR = 48 dB, CQI = 15
[0m[NR_PHY] RI = 2 i1 = 0.0.0, i2 = 1, SINR = 48 dB, CQI = 15
[0m[NR_PHY] RI = 2 i1 = 0.0.0, i2 = 1, SINR = 48 dB, CQI = 15
[0m[NR_PHY] RI = 2 i1 = 0.0.0, i2 = 1, SINR = 48 dB, CQI = 15
[0m[NR_PHY] RI = 2 i1 = 0.0.0, i2 = 1, SINR = 48 dB, CQI = 15
[0m[NR_PHY] RI = 2 i1 = 0.0.0, i2 = 1, SINR = 48 dB, CQI = 15
[0m[NR_PHY] RI = 2 i1 = 0.0.0, i2 = 1, SINR = 48 dB, CQI = 15
[0m[NR_PHY] RI = 2 i1 = 0.0.0, i2 = 1, SINR = 48 dB, CQI = 15
[0m[NR_PHY] RI = 2 i1 = 0.0.0, i2 = 1, SINR = 48 dB, CQI = 15
[0m[NR_PHY] RI = 2 i1 = 0.0.0, i2 = 1, SINR = 48 dB, CQI = 15
[0m[NR_PHY] RI = 2 i1 = 0.0.0, i2 = 1, SINR = 48 dB, CQI = 15
[0m[NR_PHY] RI = 2 i1 = 0.0.0, i2 = 1, SINR = 48 dB, CQI = 15
[0m[NR_PHY] RI = 2 i1 = 0.0.0, i2 = 1, SINR = 48 dB, CQI = 15
[0m[NR_PHY] RI = 2 i1 = 0.0.0, i2 = 1, SINR = 48 dB, CQI = 15
[0m[NR_PHY] RI = 2 i1 = 0.0.0, i2 = 1, SINR = 48 dB, CQI = 15
[0m[NR_PHY] RI = 2 i1 = 0.0.0, i2 = 1, SINR = 48 dB, CQI = 15
[0m[NR_MAC] UE 0 RNTI e66b stats sfn: 896.2, cumulated bad DCI 0
    DL harq: 1090/3/1
    UL harq: 26400/2255/6 avg code rate 0.6, avg bit/symbol 6.0, avg per TB: (nb RBs 17.0, nb symbols 13.0)
[0m[NR_PHY] RI = 2 i1 = 0.0.0, i2 = 1, SINR = 48 dB, CQI = 15
[0m[NR_PHY] RI = 2 i1 = 0.0.0, i2 = 1, SINR = 48 dB, CQI = 15
[0m[NR_PHY] RI = 2 i1 = 0.0.0, i2 = 1, SINR = 48 dB, CQI = 15
[0m[NR_PHY] RI = 2 i1 = 0.0.0, i2 = 1, SINR = 48 dB, CQI = 15
[0m[NR_PHY] RI = 2 i1 = 0.0.0, i2 = 1, SINR = 48 dB, CQI = 15
[0m[NR_PHY] RI = 2 i1 = 0.0.0, i2 = 1, SINR = 48 dB, CQI = 15
[0m[NR_PHY] RI = 2 i1 = 0.0.0, i2 = 1, SINR = 48 dB, CQI = 15
[0m[NR_PHY] RI = 2 i1 = 0.0.0, i2 = 1, SINR = 48 dB, CQI = 15
[0m[NR_PHY] RI = 2 i1 = 0.0.0, i2 = 1, SINR = 48 dB, CQI = 15
[0m[NR_PHY] RI = 2 i1 = 0.0.0, i2 = 1, SINR = 48 dB, CQI = 15
[0m[NR_PHY] RI = 2 i1 = 0.0.0, i2 = 1, SINR = 48 dB, CQI = 15
[0m[NR_PHY] RI = 2 i1 = 0.0.0, i2 = 1, SINR = 48 dB, CQI = 15
[0m[NR_PHY] RI = 2 i1 = 0.0.0, i2 = 1, SINR = 48 dB, CQI = 15
[0m[NR_PHY] RI = 2 i1 = 0.0.0, i2 = 1, SINR = 48 dB, CQI = 15
[0m[NR_PHY] RI = 2 i1 = 0.0.0, i2 = 1, SINR = 48 dB, CQI = 15
[0m[NR_PHY] RI = 2 i1 = 0.0.0, i2 = 1, SINR = 48 dB, CQI = 15
[0m[NR_PHY] RI = 2 i1 = 0.0.0, i2 = 1, SINR = 48 dB, CQI = 15
[0m[NR_PHY] RI = 2 i1 = 0.0.0, i2 = 1, SINR = 48 dB, CQI = 15
[0m[NR_PHY] RI = 2 i1 = 0.0.0, i2 = 1, SINR = 48 dB, CQI = 15
[0m[NR_PHY] RI = 2 i1 = 0.0.0, i2 = 1, SINR = 48 dB, CQI = 15
[0m[NR_PHY] RI = 2 i1 = 0.0.0, i2 = 1, SINR = 48 dB, CQI = 15
[0m[NR_PHY] RI = 2 i1 = 0.0.0, i2 = 1, SINR = 48 dB, CQI = 15
[0m[NR_PHY] RI = 2 i1 = 0.0.0, i2 = 1, SINR = 48 dB, CQI = 15
[0m[NR_PHY] RI = 2 i1 = 0.0.0, i2 = 1, SINR = 48 dB, CQI = 15
[0m[NR_PHY] RI = 2 i1 = 0.0.0, i2 = 1, SINR = 48 dB, CQI = 15
[0m[NR_PHY] RI = 2 i1 = 0.0.0, i2 = 1, SINR = 48 dB, CQI = 15
[0m[NR_PHY] RI = 2 i1 = 0.0.0, i2 = 1, SINR = 48 dB, CQI = 15
[0m[NR_PHY] RI = 2 i1 = 0.0.0, i2 = 1, SINR = 48 dB, CQI = 15
[0m[NR_PHY] RI = 2 i1 = 0.0.0, i2 = 1, SINR = 48 dB, CQI = 15
[0m[NR_PHY] RI = 2 i1 = 0.0.0, i2 = 1, SINR = 48 dB, CQI = 15
[0m[NR_PHY] RI = 2 i1 = 0.0.0, i2 = 1, SINR = 48 dB, CQI = 15
[0m[NR_PHY] RI = 2 i1 = 0.0.0, i2 = 1, SINR = 48 dB, CQI = 15
[0m[NR_PHY] RI = 2 i1 = 0.0.0, i2 = 1, SINR = 48 dB, CQI = 15
[0m[NR_PHY] RI = 2 i1 = 0.0.0, i2 = 1, SINR = 48 dB, CQI = 15
[0m[NR_PHY] RI = 2 i1 = 0.0.0, i2 = 1, SINR = 48 dB, CQI = 15
[0m[NR_PHY] RI = 2 i1 = 0.0.0, i2 = 1, SINR = 48 dB, CQI = 15
[0m[NR_PHY] RI = 2 i1 = 0.0.0, i2 = 1, SINR = 48 dB, CQI = 15
[0m[NR_PHY] RI = 2 i1 = 0.0.0, i2 = 1, SINR = 48 dB, CQI = 15
[0m[NR_PHY] RI = 2 i1 = 0.0.0, i2 = 1, SINR = 48 dB, CQI = 15
[0m[NR_PHY] RI = 2 i1 = 0.0.0, i2 = 1, SINR = 48 dB, CQI = 15
[0m[NR_PHY] RI = 2 i1 = 0.0.0, i2 = 1, SINR = 48 dB, CQI = 15
[0m[NR_PHY] RI = 2 i1 = 0.0.0, i2 = 1, SINR = 48 dB, CQI = 15
[0m[NR_PHY] RI = 2 i1 = 0.0.0, i2 = 1, SINR = 48 dB, CQI = 15
[0m[NR_PHY] RI = 2 i1 = 0.0.0, i2 = 1, SINR = 48 dB, CQI = 15
[0m[NR_PHY] RI = 2 i1 = 0.0.0, i2 = 1, SINR = 48 dB, CQI = 15
[0m[NR_PHY] RI = 2 i1 = 0.0.0, i2 = 1, SINR = 48 dB, CQI = 15
[0m[NR_PHY] RI = 2 i1 = 0.0.0, i2 = 1, SINR = 48 dB, CQI = 15
[0m[NR_PHY] RI = 2 i1 = 0.0.0, i2 = 1, SINR = 48 dB, CQI = 15
[0m[NR_PHY] RI = 2 i1 = 0.0.0, i2 = 1, SINR = 48 dB, CQI = 15
[0m[NR_PHY] RI = 2 i1 = 0.0.0, i2 = 1, SINR = 48 dB, CQI = 15
[0m[NR_PHY] RI = 2 i1 = 0.0.0, i2 = 1, SINR = 48 dB, CQI = 15
[0m[NR_PHY] RI = 2 i1 = 0.0.0, i2 = 1, SINR = 48 dB, CQI = 15
[0m[NR_PHY] RI = 2 i1 = 0.0.0, i2 = 1, SINR = 48 dB, CQI = 15
[0m[NR_PHY] RI = 2 i1 = 0.0.0, i2 = 1, SINR = 48 dB, CQI = 15
[0m[NR_PHY] RI = 2 i1 = 0.0.0, i2 = 1, SINR = 48 dB, CQI = 15
[0m[NR_PHY] RI = 2 i1 = 0.0.0, i2 = 1, SINR = 48 dB, CQI = 15
[0m[NR_PHY] RI = 2 i1 = 0.0.0, i2 = 1, SINR = 48 dB, CQI = 15
[0m[NR_PHY] RI = 2 i1 = 0.0.0, i2 = 1, SINR = 48 dB, CQI = 15
[0m[NR_PHY] RI = 2 i1 = 0.0.0, i2 = 1, SINR = 48 dB, CQI = 15
[0m[NR_PHY] RI = 2 i1 = 0.0.0, i2 = 1, SINR = 48 dB, CQI = 15
[0m[NR_PHY] RI = 2 i1 = 0.0.0, i2 = 1, SINR = 48 dB, CQI = 15
[0m[NR_PHY] RI = 2 i1 = 0.0.0, i2 = 1, SINR = 48 dB, CQI = 15
[0m[NR_PHY] RI = 2 i1 = 0.0.0, i2 = 1, SINR = 48 dB, CQI = 15
[0m[NR_PHY] RI = 2 i1 = 0.0.0, i2 = 1, SINR = 48 dB, CQI = 15
[0m[NR_MAC] UE 0 RNTI e66b stats sfn: 0.2, cumulated bad DCI 0
    DL harq: 1112/3/1
    UL harq: 26851/2316/6 avg code rate 0.6, avg bit/symbol 6.0, avg per TB: (nb RBs 17.0, nb symbols 13.0)
[0m[NR_PHY] RI = 2 i1 = 0.0.0, i2 = 1, SINR = 48 dB, CQI = 15
[0m[NR_PHY] RI = 2 i1 = 0.0.0, i2 = 1, SINR = 48 dB, CQI = 15
[0m[NR_PHY] RI = 2 i1 = 0.0.0, i2 = 1, SINR = 48 dB, CQI = 15
[0m[NR_PHY] RI = 2 i1 = 0.0.0, i2 = 1, SINR = 48 dB, CQI = 15
[0m[NR_PHY] RI = 2 i1 = 0.0.0, i2 = 1, SINR = 48 dB, CQI = 15
[0m[NR_PHY] RI = 2 i1 = 0.0.0, i2 = 1, SINR = 48 dB, CQI = 15
[0m[NR_PHY] RI = 2 i1 = 0.0.0, i2 = 1, SINR = 48 dB, CQI = 15
[0m[NR_PHY] RI = 2 i1 = 0.0.0, i2 = 1, SINR = 48 dB, CQI = 15
[0m[NR_PHY] RI = 2 i1 = 0.0.0, i2 = 1, SINR = 48 dB, CQI = 15
[0m[NR_PHY] RI = 2 i1 = 0.0.0, i2 = 1, SINR = 48 dB, CQI = 15
[0m[NR_PHY] RI = 2 i1 = 0.0.0, i2 = 1, SINR = 48 dB, CQI = 15
[0m[NR_PHY] RI = 2 i1 = 0.0.0, i2 = 1, SINR = 48 dB, CQI = 15
[0m[NR_PHY] RI = 2 i1 = 0.0.0, i2 = 1, SINR = 48 dB, CQI = 15
[0m[NR_PHY] RI = 2 i1 = 0.0.0, i2 = 1, SINR = 48 dB, CQI = 15
[0m[NR_PHY] RI = 2 i1 = 0.0.0, i2 = 1, SINR = 48 dB, CQI = 15
[0m[NR_PHY] RI = 2 i1 = 0.0.0, i2 = 1, SINR = 48 dB, CQI = 15
[0m[NR_PHY] RI = 2 i1 = 0.0.0, i2 = 1, SINR = 48 dB, CQI = 15
[0m[NR_PHY] RI = 2 i1 = 0.0.0, i2 = 1, SINR = 48 dB, CQI = 15
[0m[NR_PHY] RI = 2 i1 = 0.0.0, i2 = 1, SINR = 48 dB, CQI = 15
[0m[NR_PHY] RI = 2 i1 = 0.0.0, i2 = 1, SINR = 48 dB, CQI = 15
[0m[NR_PHY] RI = 2 i1 = 0.0.0, i2 = 1, SINR = 48 dB, CQI = 15
[0m[NR_PHY] RI = 2 i1 = 0.0.0, i2 = 1, SINR = 48 dB, CQI = 15
[0m[NR_PHY] RI = 2 i1 = 0.0.0, i2 = 1, SINR = 48 dB, CQI = 15
[0m[NR_PHY] RI = 2 i1 = 0.0.0, i2 = 1, SINR = 48 dB, CQI = 15
[0m[NR_PHY] RI = 2 i1 = 0.0.0, i2 = 1, SINR = 48 dB, CQI = 15
[0m[NR_PHY] RI = 2 i1 = 0.0.0, i2 = 1, SINR = 48 dB, CQI = 15
[0m[NR_PHY] RI = 2 i1 = 0.0.0, i2 = 1, SINR = 48 dB, CQI = 15
[0m[NR_PHY] RI = 2 i1 = 0.0.0, i2 = 1, SINR = 48 dB, CQI = 15
[0m[NR_PHY] RI = 2 i1 = 0.0.0, i2 = 1, SINR = 48 dB, CQI = 15
[0m[NR_PHY] RI = 2 i1 = 0.0.0, i2 = 1, SINR = 48 dB, CQI = 15
[0m[NR_PHY] RI = 2 i1 = 0.0.0, i2 = 1, SINR = 48 dB, CQI = 15
[0m[NR_PHY] RI = 2 i1 = 0.0.0, i2 = 1, SINR = 48 dB, CQI = 15
[0m[NR_PHY] RI = 2 i1 = 0.0.0, i2 = 1, SINR = 48 dB, CQI = 15
[0m[NR_PHY] RI = 2 i1 = 0.0.0, i2 = 1, SINR = 48 dB, CQI = 15
[0m[NR_PHY] RI = 2 i1 = 0.0.0, i2 = 1, SINR = 48 dB, CQI = 15
[0m[NR_PHY] RI = 2 i1 = 0.0.0, i2 = 1, SINR = 48 dB, CQI = 15
[0m[NR_PHY] RI = 2 i1 = 0.0.0, i2 = 1, SINR = 48 dB, CQI = 15
[0m[NR_PHY] RI = 2 i1 = 0.0.0, i2 = 1, SINR = 48 dB, CQI = 15
[0m[NR_PHY] RI = 2 i1 = 0.0.0, i2 = 1, SINR = 48 dB, CQI = 15
[0m[NR_PHY] RI = 2 i1 = 0.0.0, i2 = 1, SINR = 48 dB, CQI = 15
[0m[NR_PHY] RI = 2 i1 = 0.0.0, i2 = 1, SINR = 48 dB, CQI = 15
[0m[NR_PHY] RI = 2 i1 = 0.0.0, i2 = 1, SINR = 48 dB, CQI = 15
[0m[NR_PHY] RI = 2 i1 = 0.0.0, i2 = 1, SINR = 48 dB, CQI = 15
[0m[NR_PHY] RI = 2 i1 = 0.0.0, i2 = 1, SINR = 48 dB, CQI = 15
[0m[NR_PHY] RI = 2 i1 = 0.0.0, i2 = 1, SINR = 48 dB, CQI = 15
[0m[NR_PHY] RI = 2 i1 = 0.0.0, i2 = 1, SINR = 48 dB, CQI = 15
[0m[NR_PHY] RI = 2 i1 = 0.0.0, i2 = 1, SINR = 48 dB, CQI = 15
[0m[NR_PHY] RI = 2 i1 = 0.0.0, i2 = 1, SINR = 48 dB, CQI = 15
[0m[NR_PHY] RI = 2 i1 = 0.0.0, i2 = 1, SINR = 48 dB, CQI = 15
[0m[NR_PHY] RI = 2 i1 = 0.0.0, i2 = 1, SINR = 48 dB, CQI = 15
[0m[NR_PHY] RI = 2 i1 = 0.0.0, i2 = 1, SINR = 48 dB, CQI = 15
[0m[NR_PHY] RI = 2 i1 = 0.0.0, i2 = 1, SINR = 48 dB, CQI = 15
[0m[NR_PHY] RI = 2 i1 = 0.0.0, i2 = 1, SINR = 48 dB, CQI = 15
[0m[NR_PHY] RI = 2 i1 = 0.0.0, i2 = 1, SINR = 48 dB, CQI = 15
[0m[NR_PHY] RI = 2 i1 = 0.0.0, i2 = 1, SINR = 48 dB, CQI = 15
[0m[NR_PHY] RI = 2 i1 = 0.0.0, i2 = 1, SINR = 48 dB, CQI = 15
[0m[NR_PHY] RI = 2 i1 = 0.0.0, i2 = 1, SINR = 48 dB, CQI = 15
[0m[NR_PHY] RI = 2 i1 = 0.0.0, i2 = 1, SINR = 48 dB, CQI = 15
[0m[NR_PHY] RI = 2 i1 = 0.0.0, i2 = 1, SINR = 48 dB, CQI = 15
[0m[NR_PHY] RI = 2 i1 = 0.0.0, i2 = 1, SINR = 48 dB, CQI = 15
[0m[NR_PHY] RI = 2 i1 = 0.0.0, i2 = 1, SINR = 48 dB, CQI = 15
[0m[NR_PHY] RI = 2 i1 = 0.0.0, i2 = 1, SINR = 48 dB, CQI = 15
[0m[NR_PHY] RI = 2 i1 = 0.0.0, i2 = 1, SINR = 48 dB, CQI = 15
[0m[NR_PHY] RI = 2 i1 = 0.0.0, i2 = 1, SINR = 48 dB, CQI = 15
[0m[NR_MAC] UE 0 RNTI e66b stats sfn: 128.2, cumulated bad DCI 0
    DL harq: 1142/3/1
    UL harq: 27320/2359/6 avg code rate 0.6, avg bit/symbol 6.0, avg per TB: (nb RBs 17.0, nb symbols 13.0)
[0m[NR_PHY] RI = 2 i1 = 0.0.0, i2 = 1, SINR = 48 dB, CQI = 15
[0m[NR_PHY] RI = 2 i1 = 0.0.0, i2 = 1, SINR = 48 dB, CQI = 15
[0m[NR_PHY] RI = 2 i1 = 0.0.0, i2 = 1, SINR = 48 dB, CQI = 15
[0m[NR_PHY] RI = 2 i1 = 0.0.0, i2 = 1, SINR = 48 dB, CQI = 15
[0m[NR_PHY] RI = 2 i1 = 0.0.0, i2 = 1, SINR = 48 dB, CQI = 15
[0m[NR_PHY] RI = 2 i1 = 0.0.0, i2 = 1, SINR = 48 dB, CQI = 15
[0m[NR_PHY] RI = 2 i1 = 0.0.0, i2 = 1, SINR = 48 dB, CQI = 15
[0m[NR_PHY] RI = 2 i1 = 0.0.0, i2 = 1, SINR = 48 dB, CQI = 15
[0m[NR_PHY] RI = 2 i1 = 0.0.0, i2 = 1, SINR = 48 dB, CQI = 15
[0m[NR_PHY] RI = 2 i1 = 0.0.0, i2 = 1, SINR = 48 dB, CQI = 15
[0m[NR_PHY] RI = 2 i1 = 0.0.0, i2 = 1, SINR = 48 dB, CQI = 15
[0m[NR_PHY] RI = 2 i1 = 0.0.0, i2 = 1, SINR = 48 dB, CQI = 15
[0m[NR_PHY] RI = 2 i1 = 0.0.0, i2 = 1, SINR = 48 dB, CQI = 15
[0m[NR_PHY] RI = 2 i1 = 0.0.0, i2 = 1, SINR = 48 dB, CQI = 15
[0m[NR_PHY] RI = 2 i1 = 0.0.0, i2 = 1, SINR = 48 dB, CQI = 15
[0m[NR_PHY] RI = 2 i1 = 0.0.0, i2 = 1, SINR = 48 dB, CQI = 15
[0m[NR_PHY] RI = 2 i1 = 0.0.0, i2 = 1, SINR = 48 dB, CQI = 15
[0m[NR_PHY] RI = 2 i1 = 0.0.0, i2 = 1, SINR = 48 dB, CQI = 15
[0m[NR_PHY] RI = 2 i1 = 0.0.0, i2 = 1, SINR = 48 dB, CQI = 15
[0m[NR_PHY] RI = 2 i1 = 0.0.0, i2 = 1, SINR = 48 dB, CQI = 15
[0m[NR_PHY] RI = 2 i1 = 0.0.0, i2 = 1, SINR = 48 dB, CQI = 15
[0m[NR_PHY] RI = 2 i1 = 0.0.0, i2 = 1, SINR = 48 dB, CQI = 15
[0m[NR_PHY] RI = 2 i1 = 0.0.0, i2 = 1, SINR = 48 dB, CQI = 15
[0m[NR_PHY] RI = 2 i1 = 0.0.0, i2 = 1, SINR = 48 dB, CQI = 15
[0m[NR_PHY] RI = 2 i1 = 0.0.0, i2 = 1, SINR = 48 dB, CQI = 15
[0m[NR_PHY] RI = 2 i1 = 0.0.0, i2 = 1, SINR = 48 dB, CQI = 15
[0m[NR_PHY] RI = 2 i1 = 0.0.0, i2 = 1, SINR = 48 dB, CQI = 15
[0m[NR_PHY] RI = 2 i1 = 0.0.0, i2 = 1, SINR = 48 dB, CQI = 15
[0m[NR_PHY] RI = 2 i1 = 0.0.0, i2 = 1, SINR = 48 dB, CQI = 15
[0m[NR_PHY] RI = 2 i1 = 0.0.0, i2 = 1, SINR = 48 dB, CQI = 15
[0m[NR_PHY] RI = 2 i1 = 0.0.0, i2 = 1, SINR = 48 dB, CQI = 15
[0m[NR_PHY] RI = 2 i1 = 0.0.0, i2 = 1, SINR = 48 dB, CQI = 15
[0m[NR_PHY] RI = 2 i1 = 0.0.0, i2 = 1, SINR = 48 dB, CQI = 15
[0m[NR_PHY] RI = 2 i1 = 0.0.0, i2 = 1, SINR = 48 dB, CQI = 15
[0m[NR_PHY] RI = 2 i1 = 0.0.0, i2 = 1, SINR = 48 dB, CQI = 15
[0m[NR_PHY] RI = 2 i1 = 0.0.0, i2 = 1, SINR = 48 dB, CQI = 15
[0m[NR_PHY] RI = 2 i1 = 0.0.0, i2 = 1, SINR = 48 dB, CQI = 15
[0m[NR_PHY] RI = 2 i1 = 0.0.0, i2 = 1, SINR = 48 dB, CQI = 15
[0m[NR_PHY] RI = 2 i1 = 0.0.0, i2 = 1, SINR = 48 dB, CQI = 15
[0m[NR_PHY] RI = 2 i1 = 0.0.0, i2 = 1, SINR = 48 dB, CQI = 15
[0m[NR_PHY] RI = 2 i1 = 0.0.0, i2 = 1, SINR = 48 dB, CQI = 15
[0m[NR_PHY] RI = 2 i1 = 0.0.0, i2 = 1, SINR = 48 dB, CQI = 15
[0m[NR_PHY] RI = 2 i1 = 0.0.0, i2 = 1, SINR = 48 dB, CQI = 15
[0m[NR_PHY] RI = 2 i1 = 0.0.0, i2 = 1, SINR = 48 dB, CQI = 15
[0m[NR_PHY] RI = 2 i1 = 0.0.0, i2 = 1, SINR = 48 dB, CQI = 15
[0m[NR_PHY] RI = 2 i1 = 0.0.0, i2 = 1, SINR = 48 dB, CQI = 15
[0m[NR_PHY] RI = 2 i1 = 0.0.0, i2 = 1, SINR = 48 dB, CQI = 15
[0m[NR_PHY] RI = 2 i1 = 0.0.0, i2 = 1, SINR = 48 dB, CQI = 15
[0m[NR_PHY] RI = 2 i1 = 0.0.0, i2 = 1, SINR = 48 dB, CQI = 15
[0m[NR_PHY] RI = 2 i1 = 0.0.0, i2 = 1, SINR = 48 dB, CQI = 15
[0m[NR_PHY] RI = 2 i1 = 0.0.0, i2 = 1, SINR = 48 dB, CQI = 15
[0m[NR_PHY] RI = 2 i1 = 0.0.0, i2 = 1, SINR = 48 dB, CQI = 15
[0m