Logging terminal output to /home/jesse/oran_lab/logs/run_du/run_du_20260530_012420_pid2589488.log
DU cores: 4,5,6,7,8,9,17,18
DU numerology: 1
AnonHugePages:  12896256 kB
ShmemHugePages:        0 kB
FileHugePages:   3129344 kB
HugePages_Total:    8192
HugePages_Free:     4096
HugePages_Rsvd:        0
HugePages_Surp:        0
Hugepagesize:       2048 kB
Hugetlb:        16777216 kB
CMDLINE: "./nr-softmodem" "-O" "/home/jesse/oran_lab/du_test.conf" "--gNBs.[0].min_rxtxtime" "6" "--thread-pool" "4,5,6,7" "--numerology" "1" 
[HW]     Version: Branch: compression-plus-timing-fix Abrev. Hash: 3b10464162 Date: Tue May 26 09:32:18 2026 -0700
[0m[PHY]    No prs_config configuration found..!!
[0m[PHY]    DL frequency 4049760000 Hz, UL frequency 4049760000 Hz: uldl offset 0 Hz
[0m[PHY]    Initializing frame parms for mu 1, N_RB 24, Ncp 0
[0m[PHY]    Init: N_RB_DL 24, first_carrier_offset 368, nb_prefix_samples 36,nb_prefix_samples0 44, ofdm_symbol_size 512
[0m[MAC]    received F1 Setup Response from CU (null)
[0m[MAC]    CU uses RRC version 17.3.0
[0m[MAC]    Clearing the DU's UE states before, if any.
[0m[MAC]    received gNB-DU configuration update acknowledge
[0m[PHY]    number of L1 instances 1, number of RU 1, number of CPU cores 32
[0m[PHY]    Initialized RU proc 0 (NGFI_RAU_IF4p5,synch_to_ext_device),
[0m[PHY]    Starting RU 0 (NGFI_RAU_IF4p5,synch_to_ext_device) on cpu 6
[0m[PHY]    Initializing frame parms for mu 1, N_RB 24, Ncp 0
[0m[PHY]    Init: N_RB_DL 24, first_carrier_offset 368, nb_prefix_samples 36,nb_prefix_samples0 44, ofdm_symbol_size 512
[0m[PHY]    fp->scs=30000
[0m[PHY]    fp->ofdm_symbol_size=512
[0m[PHY]    fp->nb_prefix_samples0=44
[0m[PHY]    fp->nb_prefix_samples=36
[0m[PHY]    fp->slots_per_subframe=2
[0m[PHY]    fp->samples_per_subframe_wCP=14336
[0m[PHY]    fp->samples_per_frame_wCP=143360
[0m[PHY]    fp->samples_per_subframe=15360
[0m[PHY]    fp->samples_per_frame=153600
[0m[PHY]    fp->dl_CarrierFreq=4049760000
[0m[PHY]    fp->ul_CarrierFreq=4049760000
[0m[PHY]    fp->Nid_cell=0
[0m[PHY]    fp->first_carrier_offset=368
[0m[PHY]    fp->ssb_start_subcarrier=0
[0m[PHY]    fp->Ncp=0
[0m[PHY]    fp->N_RB_DL=24
[0m[PHY]    fp->numerology_index=1
[0m[PHY]    fp->ofdm_offset_divisor=8
[0m[PHY]    fp->threequarter_fs=0
[0m[PHY]    fp->sl_CarrierFreq=0
[0m[PHY]    fp->N_RB_SL=0
[0m[PHY]    Setting RF config for N_RB 24, NB_RX 1, NB_TX 1
[0m[PHY]    tune_offset 0 Hz, sample_rate 15360000 Hz
[0m[PHY]    Channel 0: setting tx_gain offset 0, tx_freq 4049760000 Hz
[0m[PHY]    Channel 0: setting rx_gain offset 0, rx_freq 4049760000 Hz
[0m[PHY]    starting transport
[0m[32m[PHY]    Initializing XRAN layer as O-DU
[0m[HW]     Initializing O-RAN 7.2 FH interface through xran library (compiled against headers of oran_f_release_v1.8)
[0mEAL: Detected 32 lcore(s)
EAL: Detected 1 NUMA nodes
EAL: Auto-detected process type: PRIMARY
EAL: Detected shared linkage of DPDK
EAL: Multi-process socket /var/run/dpdk/wls_0/mp_socket
EAL: Selected IOVA mode 'PA'
EAL: No available hugepages reported in hugepages-1048576kB
EAL: Probing VFIO support...
EAL: VFIO support initialized
EAL: Probe PCI driver: net_i40e_vf (8086:154c) device: 0000:06:02.2 (socket 0)
[CONFIG] function config_libconfig_init returned 0
xran_fh_init:
  io_cfg:
    id 0 (O-DU)
    num_vfs 2
    num_rxq 1
    dpdk_dev [0000:06:02.2, 0000:06:02.3, (null), (null), (null), (null), (null), (null), (null), (null), (null), (null), (null), (null), (null), (null)]
    bbdev_dev (null)
    bbdev_mode -1
    dpdkIoVaMode 0
    dpdkMemorySize 8192
    core 9
    system_core 8
    pkt_proc_core 0000000000060000
    pkt_proc_core_64_127 0000000000000000
    pkt_aux_core 0
    timing_core 9
    port (filled within xran library)
    io_sleep 0
    nEthLinePerPort 1
    nEthLineSpeed 10
    one_vf_cu_plane 0
    eowd_cmn[0]:
      initiator_en 0
      numberOfSamples 0
      filterType 0
      responseTo 0
      measVf 0
      measState 0
      measId 0
      measMethod 0
      owdm_enable 0
      owdm_PlLength 0
eowd_port (filled within xran library)
    bbu_offload 0
  eAxCId_conf:
    mask_cuPortId 0xf000
    mask_bandSectorId 0x0f00
    mask_ccId 0x00f0
    mask_ruPortId 0x000f
    bit_cuPortId 0
    bit_bandSectorId 0
    bit_ccId 0
    bit_ruPortId 0
  xran_ports 1
  dpdkBasebandFecMode 0
  dpdkBasebandDevice (null)
  filePrefix wls_0
  mtu 9600
  p_o_du_addr (null)
  p_o_ru_addr [00:11:22:33:64:66, 00:11:22:33:64:67]
  totalBfWeights 0
  mlogxranenable 0
  dlCpProcBurst 0
'DPDK 20.11.9'
 xran_init: MTU 9600
PF Eth line speed 10G
PF Eth lines per O-xU port 1
RX HW queues per O-xU Eth line 1 
node 0
total cores 32 c_mask 0x00000000000060300 core 9 [id] system_core 8 [id] pkt_proc_core 0x00000000000060000 [mask] pkt_aux_core 0 [id] timing_core 9 [id]
xran_ethdi_init_dpdk_io: Calling rte_eal_init:wls_0 -c 0x00000000000060300 -n2 --iova-mode=pa --socket-mem=8192,0 --socket-limit=8192,0 --proc-type=auto --no-telemetry --file-prefix wls_0 -a0000:00:00.0    
xran_init_mbuf_pool: socket 0
initializing port 0 for TX, drv=net_i40e_vf
Port 0 MAC: 00 11 22 33 64 68
Port 0: nb_rxd 4096 nb_txd 4096
[0] mp_rx__p_0_q_0 num blocks 65535
[0] mempool_small__0

Checking link status portid [0]  EAL: Probe PCI driver: net_i40e_vf (8086:154c) device: 0000:06:02.3 (socket 0)
skipped by XRAN_SKIP_LINK_CHECK
initializing port 1 for TX, drv=net_i40e_vf
Port 1 MAC: 00 11 22 33 64 69
Port 1: nb_rxd 4096 nb_txd 4096
[1] mp_rx__p_1_q_0 num blocks 65535
[1] mempool_small__1
Created ring tx_ring_cp_1 on core 9
Created ring rx_ring_cp_1_0 on core 9

Checking link status portid [1]  [93m[HW]     XRAN modifed affinity. Correcting affinity of caller
[0mskipped by XRAN_SKIP_LINK_CHECK
[ 0] vf  0 local  SRC MAC: 00 11 22 33 64 68
[ 0] vf  0 remote DST MAC: 00 11 22 33 64 66
[ 0] vf  1 local  SRC MAC: 00 11 22 33 64 69
[ 0] vf  1 remote DST MAC: 00 11 22 33 64 67
created dl_gen_ring_up_0 on core 9
xran_fh_config:
  dpdk_port 0
  sector_id 0
  nCC 1
  neAxc 1
  neAxcUl 0
  nAntElmTRx 0
  nDLFftSize 9
  nULFftSize 9
  nDLRBs 24
  nULRBs 24
  nDLAbsFrePointA 0
  nULAbsFrePointA 0
  nDLCenterFreqARFCN 0
  nULCenterFreqARFCN 0
  ttiCb (nil)
  ttiCbParam (nil)
  Tadv_cp_dl 0
  T2a_min_cp_dl 0
  T2a_max_cp_dl 0
  T2a_min_cp_ul 0
  T2a_max_cp_ul 0
  T2a_min_up 0
  T2a_max_up 0
  Ta3_min 0
  Ta3_max 0
  T1a_min_cp_dl 285
  T1a_max_cp_dl 470
  T1a_min_cp_ul 285
  T1a_max_cp_ul 535
  T1a_min_up 300
  T1a_max_up 450
  Ta4_min 400
  Ta4_max 440
  enableCP 1
  prachEnable 1
  srsEnable 0
  puschMaskEnable 0
  puschMaskSlot 0
  cp_vlan_tag 0
  up_vlan_tag 0
  debugStop 0
  debugStopCount 0
  DynamicSectionEna 0
  GPS_Alpha 0
  GPS_Beta -9000
  srsEnableCp 0
  SrsDelaySym 0
  prach_config:
    nPrachConfIdx 159
    nPrachSubcSpacing 1
    nPrachZeroCorrConf 0
    nPrachRestrictSet 0
    nPrachRootSeqIdx 0
    nPrachFreqStart 0
    nPrachFreqOffset -288
    nPrachFilterIdx 0
    startSymId 0
    lastSymId 0
    startPrbc 0
    numPrbc 0
    timeOffset 0
    freqOffset 0
    eAxC_offset 1
    nPrachConfIdxLTE 0
  srs_config:
    symbMask 0000
    eAxC_offset 0
  frame_conf:
    nFrameDuplexType TDD
    nNumerology 1
    nTddPeriod 5
    sSlotConfig[0]: DDDDDDDDDDDDDD
    sSlotConfig[1]: DDDDDDDDDDDDDD
    sSlotConfig[2]: DDDDDDDDDDDDDD
    sSlotConfig[3]: DDDDDDGGGGUUUU
    sSlotConfig[4]: UUUUUUUUUUUUUU
  ru_config:
    xranTech NR
    xranCat A
    xranCompHdrType dynamic
    iqWidth 16
    compMeth 0
    iqWidth_PRACH 16
    compMeth_PRACH 0
    fftSize 8
    byteOrder network/BE
    iqOrder I_Q
    xran_max_frame 0
  bbdev_enc (nil)
  bbdev_dec (nil)
  tx_cp_eAxC2Vf 0x7e99fde894b0
  tx_up_eAxC2Vf 0x7e99fde8a0b0
  rx_cp_eAxC2Vf 0x7e99fde8acb0
  rx_up_eAxC2Vf 0x7e99fde8b8b0
  log_level 1
  max_sections_per_slot 0
  max_sections_per_symbol 0
  RunSlotPrbMapBySymbolEnable 0
  LiteOnIgnoreUPSectionIdEnable 0
  dssEnable 0
  dssPeriod 0
  technology[XRAN_MAX_DSS_PERIODICITY] (not filled as DSS disabled)
 xran_open: 5G NR Category A
xRAN open PRACH config: Numerology 1 ConfIdx 159, preambleFmrt 10 startsymb 0, numSymbol 12, occassionsInPrachSlot 1
PRACH: x 1 y[0] 0, y[1] 0 prach slot: 9 ..
PRACH start symbol 0 lastsymbol 11
xran_init_vfs_mapping: p 0 vf 0
xran_init_vfs_mapping: p 0 vf 1
xran_open: interval_us=500, interval_us_local=500
bbu_offload 0
XRAN_UP_VF: 0x0000
xran_timing_source_thread [CPU  9] [PID: 2589511]
TTI interval 500 [us]
delay_cp_dl_max=30, sym_cp_dl_max=1, max_dl_offset_sym=13
delay_cp_dl_min=215, sym_cp_dl_min=5, min_dl_offset_sym=9
delay_cp_ul=465,     sym_cp_ul=0,     ul_offset_sym=14
offset_num_slots_cp_dl=0, offset_num_slots_cp_ul=1, offset_num_slots_up_ul=0
C-plane DL from 30 us after TTI  [trigger on sym 1] to 215 us after TTI [trigger on sym 5]
Start C-plane UL 465 us after TTI  [trigger on sym 0]
Start U-plane DL 450 us before OTA [offset  in sym -12]
Start U-plane UL 440 us OTA        [offset  in sym 13]
C-plane to U-plane delay 20 us after TTI
Start Sym timer 107142 ns
O-XU      0
HW        0
Num cores 3
created sym cp dl cb for symbol 1
created sym cp dl cb for symbol 2
Num ports 1
created sym cp dl cb for symbol 3
O-RU Cat  0
created sym cp dl cb for symbol 4
O-RU CC   1
O-RU eAxC 1
p:0 XRAN_JOB_TYPE_CP_DL worker id 1
p:0 XRAN_JOB_TYPE_CP_UL worker id 1
created sym cp dl cb for symbol 5
p:0 XRAN_JOB_TYPE_CP_DL worker id 0
p:0 XRAN_JOB_TYPE_CP_UL worker id 0
xran_generic_worker_thread [CPU 17] [PID: 2589511]
spawn worker 0 core 17
xran_generic_worker_thread [CPU 18] [PID: 2589511]
spawn worker 1 core 18
xran_open [CPU  7] [PID: 2589511]
Waiting on Timing thread...
Initialize ORAN port instance 0 (1) sector 0
xran_sector_get_instances() o_xu_id 0 xran_handle 0x7e99c8f95040
xran_sector_get_instances [0]: CC 0 handle 0x7e99ec16c740
Handle: 0x7e99fd6a3468 Instance: [HW]     [RAU] has loaded ETHERNET trasport protocol.
[0m[PHY]    Starting IF interface for RU 0, nb_rx 1
[0m[PHY]    RU 0 Setting N_TA_offset to 200 samples (UL Freq 4045440, N_RB 24, mu 1)
[0m[PHY]    Signaling main thread that RU 0 is ready, sl_ahead 10
[0m[PHY]    L1 configured without analog beamforming
[0m[PHY]    Attaching RU 0 antenna 0 to gNB antenna 0
[0m[PHY]    got sync (ru_thread)
[0m[PHY]    got sync (L1_stats_thread)
[0m0x7e99ec16c740
-> hInstance 0x7e99ec16c740
ru_0_cc_0_idx_0: [ handle 0x7e99ec16c740 0 0 ] [nPoolIndex 0] nNumberOfBuffers 511 nBufferSize 14116 socket_id 0
CC:[ handle 0x7e99ec16c740 ru 0 cc_idx 0 ] [nPoolIndex 0] mb pool 0x284784940 
xran_bm_init() hInstance 0x7e99ec16c740 poolIdx 0 elements 511 size 14116
xran_bm_allocate_buffer() hInstance 0x7e99ec16c740 poolIdx 0 count 280
ru_0_cc_0_idx_1: [ handle 0x7e99ec16c740 0 0 ] [nPoolIndex 1] nNumberOfBuffers 511 nBufferSize 4976 socket_id 0
CC:[ handle 0x7e99ec16c740 ru 0 cc_idx 0 ] [nPoolIndex 1] mb pool 0x284784280 
xran_bm_init() hInstance 0x7e99ec16c740 poolIdx 1 elements 511 size 4976
xran_bm_allocate_buffer() hInstance 0x7e99ec16c740 poolIdx 1 count 20
ru_0_cc_0_idx_2: [ handle 0x7e99ec16c740 0 0 ] [nPoolIndex 2] nNumberOfBuffers 511 nBufferSize 13168 socket_id 0
CC:[ handle 0x7e99ec16c740 ru 0 cc_idx 0 ] [nPoolIndex 2] mb pool 0x284786d00 
xran_bm_init() hInstance 0x7e99ec16c740 poolIdx 2 elements 511 size 13168
xran_bm_allocate_buffer() hInstance 0x7e99ec16c740 poolIdx 2 count 280
ru_0_cc_0_idx_3: [ handle 0x7e99ec16c740 0 0 ] [nPoolIndex 3] nNumberOfBuffers 511 nBufferSize 4976 socket_id 0
CC:[ handle 0x7e99ec16c740 ru 0 cc_idx 0 ] [nPoolIndex 3] mb pool 0x284786700 
xran_bm_init() hInstance 0x7e99ec16c740 poolIdx 3 elements 511 size 4976
xran_bm_allocate_buffer() hInstance 0x7e99ec16c740 poolIdx 3 count 20
ru_0_cc_0_idx_4: [ handle 0x7e99ec16c740 0 0 ] [nPoolIndex 4] nNumberOfBuffers 511 nBufferSize 3360 socket_id 0
CC:[ handle 0x7e99ec16c740 ru 0 cc_idx 0 ] [nPoolIndex 4] mb pool 0x2847861c0 
xran_bm_init() hInstance 0x7e99ec16c740 poolIdx 4 elements 511 size 3360
xran_bm_allocate_buffer() hInstance 0x7e99ec16c740 poolIdx 4 count 280
ORAN: get_internal_parameter
ORAN: get_internal_parameter
ORAN: trx_oran_start
O-DU: XRAN start time: 05/30/26 08:24:23.819613345 UTC [500]
Start ORAN. Done
O-DU: thread_run start time: 05/30/26 08:24:24.000000012 UTC [500]
TYPE <CTRL-C> TO TERMINATE
[PHY]    RU 0 no rf device
[0m[PHY]    RU 0 RF started cpu_meas_enabled 0
[0m[HW]     [UL SYMPROBE] 0.9 ant0 present=14/14 mask=11111111111111 startSym=0 numSym=14 nRBSize=24
[0m[HW]     [UL SYMPROBE] 0.13 ant0 present=4/4 mask=00000000001111 startSym=10 numSym=4 nRBSize=24
[0m[HW]     [UL SYMPROBE] 0.14 ant0 present=14/14 mask=11111111111111 startSym=0 numSym=14 nRBSize=24
[0m[HW]     [UL SYMPROBE] 0.18 ant0 present=4/4 mask=00000000001111 startSym=10 numSym=4 nRBSize=24
[0m[93m[HW]     we get rach data from ru, but it is not scheduled 0.19
[0m[HW]     [UL SYMPROBE] 0.19 ant0 present=14/14 mask=11111111111111 startSym=0 numSym=14 nRBSize=24
[0m[HW]     [UL SYMPROBE] 1.3 ant0 present=4/4 mask=00000000001111 startSym=10 numSym=4 nRBSize=24
[0m[HW]     [UL SYMPROBE] 1.4 ant0 present=14/14 mask=11111111111111 startSym=0 numSym=14 nRBSize=24
[0m[HW]     [UL SYMPROBE] 1.8 ant0 present=4/4 mask=00000000001111 startSym=10 numSym=4 nRBSize=24
[0m[HW]     [UL SYMPROBE] 1.9 ant0 present=14/14 mask=11111111111111 startSym=0 numSym=14 nRBSize=24
[0m[HW]     [UL SYMPROBE] 1.13 ant0 present=4/4 mask=00000000001111 startSym=10 numSym=4 nRBSize=24
[0m[HW]     [UL SYMPROBE] 1.14 ant0 present=14/14 mask=11111111111111 startSym=0 numSym=14 nRBSize=24
[0m[HW]     [UL SYMPROBE] 1.18 ant0 present=4/4 mask=00000000001111 startSym=10 numSym=4 nRBSize=24
[0m[HW]     [UL SYMPROBE] 1.19 ant0 present=14/14 mask=11111111111111 startSym=0 numSym=14 nRBSize=24
[0m[HW]     [UL SYMPROBE] 2.3 ant0 present=4/4 mask=00000000001111 startSym=10 numSym=4 nRBSize=24
[0m[HW]     [UL SYMPROBE] 2.4 ant0 present=14/14 mask=11111111111111 startSym=0 numSym=14 nRBSize=24
[0m[HW]     [UL SYMPROBE] 2.8 ant0 present=4/4 mask=00000000001111 startSym=10 numSym=4 nRBSize=24
[0m[HW]     [UL SYMPROBE] 2.9 ant0 present=14/14 mask=11111111111111 startSym=0 numSym=14 nRBSize=24
[0m[HW]     [UL SYMPROBE] 2.13 ant0 present=4/4 mask=00000000001111 startSym=10 numSym=4 nRBSize=24
[0m[HW]     [UL SYMPROBE] 2.14 ant0 present=14/14 mask=11111111111111 startSym=0 numSym=14 nRBSize=24
[0m[HW]     [UL SYMPROBE] 2.18 ant0 present=4/4 mask=00000000001111 startSym=10 numSym=4 nRBSize=24
[0m[HW]     [UL SYMPROBE] 2.19 ant0 present=14/14 mask=11111111111111 startSym=0 numSym=14 nRBSize=24
[0m[HW]     [UL SYMPROBE] 3.3 ant0 present=4/4 mask=00000000001111 startSym=10 numSym=4 nRBSize=24
[0m[HW]     [UL SYMPROBE] 3.4 ant0 present=14/14 mask=11111111111111 startSym=0 numSym=14 nRBSize=24
[0m[HW]     [UL SYMPROBE] 3.8 ant0 present=4/4 mask=00000000001111 startSym=10 numSym=4 nRBSize=24
[0m[HW]     [UL SYMPROBE] 3.9 ant0 present=14/14 mask=11111111111111 startSym=0 numSym=14 nRBSize=24
[0m[HW]     [UL SYMPROBE] 3.13 ant0 present=4/4 mask=00000000001111 startSym=10 numSym=4 nRBSize=24
[0m[HW]     [UL SYMPROBE] 3.14 ant0 present=14/14 mask=11111111111111 startSym=0 numSym=14 nRBSize=24
[0m[HW]     [UL SYMPROBE] 3.18 ant0 present=4/4 mask=00000000001111 startSym=10 numSym=4 nRBSize=24
[0m[HW]     [UL SYMPROBE] 3.19 ant0 present=14/14 mask=11111111111111 startSym=0 numSym=14 nRBSize=24
[0m[HW]     [UL SYMPROBE] 4.3 ant0 present=4/4 mask=00000000001111 startSym=10 numSym=4 nRBSize=24
[0m[HW]     [UL SYMPROBE] 4.4 ant0 present=14/14 mask=11111111111111 startSym=0 numSym=14 nRBSize=24
[0m[HW]     [UL SYMPROBE] 4.8 ant0 present=4/4 mask=00000000001111 startSym=10 numSym=4 nRBSize=24
[0m[HW]     [UL SYMPROBE] 4.9 ant0 present=14/14 mask=11111111111111 startSym=0 numSym=14 nRBSize=24
[0m[HW]     [UL SYMPROBE] 4.13 ant0 present=4/4 mask=00000000001111 startSym=10 numSym=4 nRBSize=24
[0m[HW]     [UL SYMPROBE] 4.14 ant0 present=14/14 mask=11111111111111 startSym=0 numSym=14 nRBSize=24
[0m[HW]     [UL SYMPROBE] 4.18 ant0 present=4/4 mask=00000000001111 startSym=10 numSym=4 nRBSize=24
[0m[HW]     [UL SYMPROBE] 4.19 ant0 present=14/14 mask=11111111111111 startSym=0 numSym=14 nRBSize=24
[0m[HW]     [UL SYMPROBE] 5.3 ant0 present=4/4 mask=00000000001111 startSym=10 numSym=4 nRBSize=24
[0m[HW]     [UL SYMPROBE] 5.4 ant0 present=14/14 mask=11111111111111 startSym=0 numSym=14 nRBSize=24
[0m[HW]     [UL SYMPROBE] 5.8 ant0 present=4/4 mask=00000000001111 startSym=10 numSym=4 nRBSize=24
[0m[HW]     [UL SYMPROBE] 5.9 ant0 present=14/14 mask=11111111111111 startSym=0 numSym=14 nRBSize=24
[0m[HW]     [UL SYMPROBE] 5.13 ant0 present=4/4 mask=00000000001111 startSym=10 numSym=4 nRBSize=24
[0m[HW]     [UL SYMPROBE] 5.14 ant0 present=14/14 mask=11111111111111 startSym=0 numSym=14 nRBSize=24
[0m[HW]     [UL SYMPROBE] 5.18 ant0 present=4/4 mask=00000000001111 startSym=10 numSym=4 nRBSize=24
[0m[HW]     [UL SYMPROBE] 5.19 ant0 present=14/14 mask=11111111111111 startSym=0 numSym=14 nRBSize=24
[0m[HW]     [UL SYMPROBE] 6.3 ant0 present=4/4 mask=00000000001111 startSym=10 numSym=4 nRBSize=24
[0m[HW]     [UL SYMPROBE] 6.4 ant0 present=14/14 mask=11111111111111 startSym=0 numSym=14 nRBSize=24
[0m[HW]     [UL SYMPROBE] 6.8 ant0 present=4/4 mask=00000000001111 startSym=10 numSym=4 nRBSize=24
[0m[HW]     [UL SYMPROBE] 6.9 ant0 present=14/14 mask=11111111111111 startSym=0 numSym=14 nRBSize=24
[0m[HW]     [UL SYMPROBE] 6.13 ant0 present=4/4 mask=00000000001111 startSym=10 numSym=4 nRBSize=24
[0m[HW]     [UL SYMPROBE] 6.14 ant0 present=14/14 mask=11111111111111 startSym=0 numSym=14 nRBSize=24
[0m[HW]     [UL SYMPROBE] 6.18 ant0 present=4/4 mask=00000000001111 startSym=10 numSym=4 nRBSize=24
[0m[HW]     [UL SYMPROBE] 6.19 ant0 present=14/14 mask=11111111111111 startSym=0 numSym=14 nRBSize=24
[0m[HW]     [UL SYMPROBE] 7.3 ant0 present=4/4 mask=00000000001111 startSym=10 numSym=4 nRBSize=24
[0m[HW]     [UL SYMPROBE] 7.4 ant0 present=14/14 mask=11111111111111 startSym=0 numSym=14 nRBSize=24
[0m[HW]     [UL SYMPROBE] 7.8 ant0 present=4/4 mask=00000000001111 startSym=10 numSym=4 nRBSize=24
[0m[HW]     [UL SYMPROBE] 7.9 ant0 present=14/14 mask=11111111111111 startSym=0 numSym=14 nRBSize=24
[0m[HW]     [UL SYMPROBE] 7.13 ant0 present=4/4 mask=00000000001111 startSym=10 numSym=4 nRBSize=24
[0m[HW]     [UL SYMPROBE] 7.14 ant0 present=14/14 mask=11111111111111 startSym=0 numSym=14 nRBSize=24
[0m[HW]     [UL SYMPROBE] 7.18 ant0 present=4/4 mask=00000000001111 startSym=10 numSym=4 nRBSize=24
[0m[93m[HW]     TTI processing delay detected, skipping   17. 4 =>   18. 9
[0m[1;31m[HW]     Received Time doesn't correspond to the time we think it is (slot mismatch, received 18.9, expected 17.4)
[0m[1;31m[HW]     Received Time doesn't correspond to the time we think it is (frame mismatch, 18.9 , expected 17.9)
[0m[93m[HW]     we get rach data from ru, but it is not scheduled 18.19
[0m[93m[HW]     TTI processing delay detected, skipping   69. 4 =>   70. 9
[0m[1;31m[HW]     Received Time doesn't correspond to the time we think it is (slot mismatch, received 70.9, expected 69.4)
[0m[1;31m[HW]     Received Time doesn't correspond to the time we think it is (frame mismatch, 70.9 , expected 69.9)
[0m[93m[HW]     we get rach data from ru, but it is not scheduled 70.19
[0m[93m[HW]     TTI processing delay detected, skipping   73. 9 =>   74.11
[0m[1;31m[HW]     Received Time doesn't correspond to the time we think it is (slot mismatch, received 74.11, expected 73.9)
[0m[1;31m[HW]     Received Time doesn't correspond to the time we think it is (frame mismatch, 74.11 , expected 73.11)
[0m[93m[HW]     we get rach data from ru, but it is not scheduled 74.19
[0m[93m[HW]     we get rach data from ru, but it is not scheduled 75.19
[0m[93m[HW]     TTI processing delay detected, skipping   77. 9 =>   78.10
[0m[1;31m[HW]     Received Time doesn't correspond to the time we think it is (slot mismatch, received 78.10, expected 77.9)
[0m[1;31m[HW]     Received Time doesn't correspond to the time we think it is (frame mismatch, 78.10 , expected 77.10)
[0m[93m[HW]     we get rach data from ru, but it is not scheduled 78.19
[0m[93m[HW]     TTI processing delay detected, skipping   83. 4 =>   83.10
[0m[1;31m[HW]     Received Time doesn't correspond to the time we think it is (slot mismatch, received 83.10, expected 83.4)
[0m[93m[HW]     we get rach data from ru, but it is not scheduled 83.19
[0m[93m[HW]     TTI processing delay detected, skipping   86.10 =>   87. 3
[0m[1;31m[HW]     Received Time doesn't correspond to the time we think it is (slot mismatch, received 87.3, expected 86.10)
[0m[1;31m[HW]     Received Time doesn't correspond to the time we think it is (frame mismatch, 87.3 , expected 86.3)
[0m[93m[HW]     we get rach data from ru, but it is not scheduled 87.19
[0m[93m[HW]     TTI processing delay detected, skipping   89.14 =>   90.15
[0m[1;31m[HW]     Received Time doesn't correspond to the time we think it is (slot mismatch, received 90.15, expected 89.14)
[0m[1;31m[HW]     Received Time doesn't correspond to the time we think it is (frame mismatch, 90.15 , expected 89.15)
[0m[93m[HW]     we get rach data from ru, but it is not scheduled 90.19
[0m[93m[HW]     we get rach data from ru, but it is not scheduled 91.19
[0m[93m[HW]     TTI processing delay detected, skipping   99. 4 =>  100.10
[0m[1;31m[HW]     Received Time doesn't correspond to the time we think it is (slot mismatch, received 100.10, expected 99.4)
[0m[1;31m[HW]     Received Time doesn't correspond to the time we think it is (frame mismatch, 100.10 , expected 99.10)
[0m[93m[HW]     we get rach data from ru, but it is not scheduled 100.19
[0m[32m[PHY]    Command line parameters for OAI UE: -C 4049760000 -r 24 --numerology 1 --ssb 24 
[0m[93m[HW]     TTI processing delay detected, skipping  109.14 =>  110.15
[0m[1;31m[HW]     Received Time doesn't correspond to the time we think it is (slot mismatch, received 110.15, expected 109.14)
[0m[1;31m[HW]     Received Time doesn't correspond to the time we think it is (frame mismatch, 110.15 , expected 109.15)
[0m[93m[HW]     we get rach data from ru, but it is not scheduled 110.19
[0m[93m[HW]     we get rach data from ru, but it is not scheduled 111.19
[0m[93m[PHY]    no free space for a new detected rach, discarding
[0m[93m[NR_PHY_RACH] Error in scheduling rach
[0m[93m[HW]     we get rach data from ru, but it is not scheduled 112.19
[0m[93m[PHY]    no free space for a new detected rach, discarding
[0m[93m[NR_PHY_RACH] Error in scheduling rach
[0m[93m[HW]     we get rach data from ru, but it is not scheduled 113.19
[0m[93m[PHY]    no free space for a new detected rach, discarding
[0m[93m[NR_PHY_RACH] Error in scheduling rach
[0m[93m[HW]     we get rach data from ru, but it is not scheduled 114.19
[0m[93m[PHY]    no free space for a new detected rach, discarding
[0m[93m[NR_PHY_RACH] Error in scheduling rach
[0m[93m[HW]     we get rach data from ru, but it is not scheduled 115.19
[0m[93m[PHY]    no free space for a new detected rach, discarding
[0m[93m[NR_PHY_RACH] Error in scheduling rach
[0m[93m[HW]     we get rach data from ru, but it is not scheduled 116.19
[0m[93m[PHY]    no free space for a new detected rach, discarding
[0m[93m[NR_PHY_RACH] Error in scheduling rach
[0m[93m[HW]     we get rach data from ru, but it is not scheduled 117.19
[0m[93m[PHY]    no free space for a new detected rach, discarding
[0m[93m[NR_PHY_RACH] Error in scheduling rach
[0m[93m[HW]     we get rach data from ru, but it is not scheduled 118.19
[0m[93m[PHY]    no free space for a new detected rach, discarding
[0m[93m[NR_PHY_RACH] Error in scheduling rach
[0m[93m[HW]     we get rach data from ru, but it is not scheduled 119.19
[0m[93m[PHY]    no free space for a new detected rach, discarding
[0m[93m[NR_PHY_RACH] Error in scheduling rach
[0m[93m[HW]     we get rach data from ru, but it is not scheduled 120.19
[0m[93m[PHY]    no free space for a new detected rach, discarding
[0m[93m[NR_PHY_RACH] Error in scheduling rach
[0m[93m[HW]     we get rach data from ru, but it is not scheduled 121.19
[0m[93m[PHY]    no free space for a new detected rach, discarding
[0m[93m[NR_PHY_RACH] Error in scheduling rach
[0m[93m[HW]     we get rach data from ru, but it is not scheduled 122.19
[0m[93m[PHY]    no free space for a new detected rach, discarding
[0m[93m[NR_PHY_RACH] Error in scheduling rach
[0m[93m[HW]     we get rach data from ru, but it is not scheduled 123.19
[0m[93m[PHY]    no free space for a new detected rach, discarding
[0m[93m[NR_PHY_RACH] Error in scheduling rach
[0m[93m[HW]     we get rach data from ru, but it is not scheduled 124.19
[0m[93m[PHY]    no free space for a new detected rach, discarding
[0m[93m[NR_PHY_RACH] Error in scheduling rach
[0m[93m[HW]     we get rach data from ru, but it is not scheduled 125.19
[0m[93m[PHY]    no free space for a new detected rach, discarding
[0m[93m[NR_PHY_RACH] Error in scheduling rach
[0m[93m[HW]     we get rach data from ru, but it is not scheduled 126.19
[0m[93m[PHY]    no free space for a new detected rach, discarding
[0m[93m[NR_PHY_RACH] Error in scheduling rach
[0m[93m[HW]     we get rach data from ru, but it is not scheduled 127.19
[0m[HW]     [o-du 0][rx   10752 pps   10752 kbps   67067][tx   31916 pps   31916 kbps  167849][Total Msgs_Rcvd 10752]
[0m[HW]     [FH LOAD][o-du 0] rx=67.067 Mbps tx=167.849 Mbps total=234.916 Mbps rx_pps=10752 tx_pps=31916 total_pps=42668
[0m[HW]     [o_du0][pusch0    9216 prach0    1536]
[0m[93m[PHY]    no free space for a new detected rach, discarding
[0m[93m[NR_PHY_RACH] Error in scheduling rach
[0m[93m[HW]     we get rach data from ru, but it is not scheduled 128.19
[0m[93m[PHY]    no free space for a new detected rach, discarding
[0m[93m[NR_PHY_RACH] Error in scheduling rach
[0m[93m[HW]     we get rach data from ru, but it is not scheduled 129.19
[0m[93m[PHY]    no free space for a new detected rach, discarding
[0m[93m[NR_PHY_RACH] Error in scheduling rach
[0m[93m[HW]     we get rach data from ru, but it is not scheduled 130.19
[0m[93m[PHY]    no free space for a new detected rach, discarding
[0m[93m[NR_PHY_RACH] Error in scheduling rach
[0m[93m[HW]     we get rach data from ru, but it is not scheduled 131.19
[0m[93m[PHY]    no free space for a new detected rach, discarding
[0m[93m[NR_PHY_RACH] Error in scheduling rach
[0m[93m[HW]     we get rach data from ru, but it is not scheduled 132.19
[0m[93m[PHY]    no free space for a new detected rach, discarding
[0m[93m[NR_PHY_RACH] Error in scheduling rach
[0m[93m[HW]     we get rach data from ru, but it is not scheduled 133.19
[0m[93m[PHY]    no free space for a new detected rach, discarding
[0m[93m[NR_PHY_RACH] Error in scheduling rach
[0m[93m[HW]     we get rach data from ru, but it is not scheduled 134.19
[0m[93m[PHY]    no free space for a new detected rach, discarding
[0m[93m[NR_PHY_RACH] Error in scheduling rach
[0m[93m[HW]     we get rach data from ru, but it is not scheduled 135.19
[0m[93m[PHY]    no free space for a new detected rach, discarding
[0m[93m[NR_PHY_RACH] Error in scheduling rach
[0m[93m[HW]     we get rach data from ru, but it is not scheduled 136.19
[0m[93m[PHY]    no free space for a new detected rach, discarding
[0m[93m[NR_PHY_RACH] Error in scheduling rach
[0m[93m[HW]     we get rach data from ru, but it is not scheduled 137.19
[0m[93m[PHY]    no free space for a new detected rach, discarding
[0m[93m[NR_PHY_RACH] Error in scheduling rach
[0m[93m[HW]     we get rach data from ru, but it is not scheduled 138.19
[0m[93m[PHY]    no free space for a new detected rach, discarding
[0m[93m[NR_PHY_RACH] Error in scheduling rach
[0m[93m[HW]     we get rach data from ru, but it is not scheduled 139.19
[0m[93m[PHY]    no free space for a new detected rach, discarding
[0m[93m[NR_PHY_RACH] Error in scheduling rach
[0m[93m[HW]     we get rach data from ru, but it is not scheduled 140.19
[0m[93m[PHY]    no free space for a new detected rach, discarding
[0m[93m[NR_PHY_RACH] Error in scheduling rach
[0m[93m[HW]     we get rach data from ru, but it is not scheduled 141.19
[0m[93m[PHY]    no free space for a new detected rach, discarding
[0m[93m[NR_PHY_RACH] Error in scheduling rach
[0m[93m[HW]     we get rach data from ru, but it is not scheduled 142.19
[0m[93m[PHY]    no free space for a new detected rach, discarding
[0m[93m[NR_PHY_RACH] Error in scheduling rach
[0m[93m[HW]     we get rach data from ru, but it is not scheduled 143.19
[0m[93m[PHY]    no free space for a new detected rach, discarding
[0m[93m[NR_PHY_RACH] Error in scheduling rach
[0m[93m[HW]     we get rach data from ru, but it is not scheduled 144.19
[0m[93m[PHY]    no free space for a new detected rach, discarding
[0m[93m[NR_PHY_RACH] Error in scheduling rach
[0m[93m[HW]     we get rach data from ru, but it is not scheduled 145.19
[0m[93m[PHY]    no free space for a new detected rach, discarding
[0m[93m[NR_PHY_RACH] Error in scheduling rach
[0m[93m[HW]     we get rach data from ru, but it is not scheduled 146.19
[0m[93m[PHY]    no free space for a new detected rach, discarding
[0m[93m[NR_PHY_RACH] Error in scheduling rach
[0m[93m[HW]     we get rach data from ru, but it is not scheduled 147.19
[0m[93m[PHY]    no free space for a new detected rach, discarding
[0m[93m[NR_PHY_RACH] Error in scheduling rach
[0m[93m[HW]     we get rach data from ru, but it is not scheduled 148.19
[0m[93m[PHY]    no free space for a new detected rach, discarding
[0m[93m[NR_PHY_RACH] Error in scheduling rach
[0m[93m[HW]     we get rach data from ru, but it is not scheduled 149.19
[0m[93m[PHY]    no free space for a new detected rach, discarding
[0m[93m[NR_PHY_RACH] Error in scheduling rach
[0m[93m[HW]     we get rach data from ru, but it is not scheduled 150.19
[0m[93m[PHY]    no free space for a new detected rach, discarding
[0m[93m[NR_PHY_RACH] Error in scheduling rach
[0m[93m[HW]     we get rach data from ru, but it is not scheduled 151.19
[0m[93m[PHY]    no free space for a new detected rach, discarding
[0m[93m[NR_PHY_RACH] Error in scheduling rach
[0m[93m[HW]     we get rach data from ru, but it is not scheduled 152.19
[0m[93m[PHY]    no free space for a new detected rach, discarding
[0m[93m[NR_PHY_RACH] Error in scheduling rach
[0m[93m[HW]     we get rach data from ru, but it is not scheduled 153.19
[0m[93m[PHY]    no free space for a new detected rach, discarding
[0m[93m[NR_PHY_RACH] Error in scheduling rach
[0m[93m[HW]     we get rach data from ru, but it is not scheduled 154.19
[0m[93m[PHY]    no free space for a new detected rach, discarding
[0m[93m[NR_PHY_RACH] Error in scheduling rach
[0m[93m[HW]     we get rach data from ru, but it is not scheduled 155.19
[0m[93m[PHY]    no free space for a new detected rach, discarding
[0m[93m[NR_PHY_RACH] Error in scheduling rach
[0m[93m[HW]     we get rach data from ru, but it is not scheduled 156.19
[0m[93m[PHY]    no free space for a new detected rach, discarding
[0m[93m[NR_PHY_RACH] Error in scheduling rach
[0m[93m[HW]     we get rach data from ru, but it is not scheduled 157.19
[0m[93m[PHY]    no free space for a new detected rach, discarding
[0m[93m[NR_PHY_RACH] Error in scheduling rach
[0m[93m[HW]     we get rach data from ru, but it is not scheduled 158.19
[0m[93m[PHY]    no free space for a new detected rach, discarding
[0m[93m[NR_PHY_RACH] Error in scheduling rach
[0m[93m[HW]     we get rach data from ru, but it is not scheduled 159.19
[0m[93m[PHY]    no free space for a new detected rach, discarding
[0m[93m[NR_PHY_RACH] Error in scheduling rach
[0m[93m[HW]     we get rach data from ru, but it is not scheduled 160.19
[0m[93m[PHY]    no free space for a new detected rach, discarding
[0m[93m[NR_PHY_RACH] Error in scheduling rach
[0m[93m[HW]     we get rach data from ru, but it is not scheduled 161.19
[0m[93m[PHY]    no free space for a new detected rach, discarding
[0m[93m[NR_PHY_RACH] Error in scheduling rach
[0m[93m[HW]     we get rach data from ru, but it is not scheduled 162.19
[0m[93m[PHY]    no free space for a new detected rach, discarding
[0m[93m[NR_PHY_RACH] Error in scheduling rach
[0m[93m[HW]     we get rach data from ru, but it is not scheduled 163.19
[0m[93m[PHY]    no free space for a new detected rach, discarding
[0m[93m[NR_PHY_RACH] Error in scheduling rach
[0m[93m[HW]     we get rach data from ru, but it is not scheduled 164.19
[0m[93m[PHY]    no free space for a new detected rach, discarding
[0m[93m[NR_PHY_RACH] Error in scheduling rach
[0m[93m[HW]     we get rach data from ru, but it is not scheduled 165.19
[0m[93m[PHY]    no free space for a new detected rach, discarding
[0m[93m[NR_PHY_RACH] Error in scheduling rach
[0m[93m[HW]     we get rach data from ru, but it is not scheduled 166.19
[0m[93m[PHY]    no free space for a new detected rach, discarding
[0m[93m[NR_PHY_RACH] Error in scheduling rach
[0m[93m[HW]     we get rach data from ru, but it is not scheduled 167.19
[0m[93m[PHY]    no free space for a new detected rach, discarding
[0m[93m[NR_PHY_RACH] Error in scheduling rach
[0m[93m[HW]     we get rach data from ru, but it is not scheduled 168.19
[0m[93m[PHY]    no free space for a new detected rach, discarding
[0m[93m[NR_PHY_RACH] Error in scheduling rach
[0m[93m[HW]     we get rach data from ru, but it is not scheduled 169.19
[0m[93m[PHY]    no free space for a new detected rach, discarding
[0m[93m[NR_PHY_RACH] Error in scheduling rach
[0m[93m[HW]     we get rach data from ru, but it is not scheduled 170.19
[0m[93m[PHY]    no free space for a new detected rach, discarding
[0m[93m[NR_PHY_RACH] Error in scheduling rach
[0m[93m[HW]     we get rach data from ru, but it is not scheduled 171.19
[0m[93m[PHY]    no free space for a new detected rach, discarding
[0m[93m[NR_PHY_RACH] Error in scheduling rach
[0m[93m[HW]     we get rach data from ru, but it is not scheduled 172.19
[0m[93m[PHY]    no free space for a new detected rach, discarding
[0m[93m[NR_PHY_RACH] Error in scheduling rach
[0m[93m[HW]     we get rach data from ru, but it is not scheduled 173.19
[0m[93m[PHY]    no free space for a new detected rach, discarding
[0m[93m[NR_PHY_RACH] Error in scheduling rach
[0m[93m[HW]     we get rach data from ru, but it is not scheduled 174.19
[0m[93m[PHY]    no free space for a new detected rach, discarding
[0m[93m[NR_PHY_RACH] Error in scheduling rach
[0m[93m[HW]     we get rach data from ru, but it is not scheduled 175.19
[0m[93m[PHY]    no free space for a new detected rach, discarding
[0m[93m[NR_PHY_RACH] Error in scheduling rach
[0m[93m[HW]     we get rach data from ru, but it is not scheduled 176.19
[0m[93m[PHY]    no free space for a new detected rach, discarding
[0m[93m[NR_PHY_RACH] Error in scheduling rach
[0m[93m[HW]     we get rach data from ru, but it is not scheduled 177.19
[0m[93m[PHY]    no free space for a new detected rach, discarding
[0m[93m[NR_PHY_RACH] Error in scheduling rach
[0m[93m[HW]     we get rach data from ru, but it is not scheduled 178.19
[0m[93m[PHY]    no free space for a new detected rach, discarding
[0m[93m[NR_PHY_RACH] Error in scheduling rach
[0m[93m[HW]     we get rach data from ru, but it is not scheduled 179.19
[0m[93m[PHY]    no free space for a new detected rach, discarding
[0m[93m[NR_PHY_RACH] Error in scheduling rach
[0m[93m[HW]     we get rach data from ru, but it is not scheduled 180.19
[0m[93m[PHY]    no free space for a new detected rach, discarding
[0m[93m[NR_PHY_RACH] Error in scheduling rach
[0m[93m[HW]     we get rach data from ru, but it is not scheduled 181.19
[0m[93m[PHY]    no free space for a new detected rach, discarding
[0m[93m[NR_PHY_RACH] Error in scheduling rach
[0m[93m[HW]     we get rach data from ru, but it is not scheduled 182.19
[0m[93m[PHY]    no free space for a new detected rach, discarding
[0m[93m[NR_PHY_RACH] Error in scheduling rach
[0m[93m[HW]     we get rach data from ru, but it is not scheduled 183.19
[0m[93m[PHY]    no free space for a new detected rach, discarding
[0m[93m[NR_PHY_RACH] Error in scheduling rach
[0m[93m[HW]     we get rach data from ru, but it is not scheduled 184.19
[0m[93m[PHY]    no free space for a new detected rach, discarding
[0m[93m[NR_PHY_RACH] Error in scheduling rach
[0m[93m[HW]     we get rach data from ru, but it is not scheduled 185.19
[0m[93m[PHY]    no free space for a new detected rach, discarding
[0m[93m[NR_PHY_RACH] Error in scheduling rach
[0m[93m[HW]     we get rach data from ru, but it is not scheduled 186.19
[0m[93m[PHY]    no free space for a new detected rach, discarding
[0m[93m[NR_PHY_RACH] Error in scheduling rach
[0m[93m[HW]     we get rach data from ru, but it is not scheduled 187.19
[0m[93m[PHY]    no free space for a new detected rach, discarding
[0m[93m[NR_PHY_RACH] Error in scheduling rach
[0m[93m[HW]     we get rach data from ru, but it is not scheduled 188.19
[0m[93m[PHY]    no free space for a new detected rach, discarding
[0m[93m[NR_PHY_RACH] Error in scheduling rach
[0m[93m[HW]     we get rach data from ru, but it is not scheduled 189.19
[0m[93m[PHY]    no free space for a new detected rach, discarding
[0m[93m[NR_PHY_RACH] Error in scheduling rach
[0m[93m[HW]     we get rach data from ru, but it is not scheduled 190.19
[0m[93m[PHY]    no free space for a new detected rach, discarding
[0m[93m[NR_PHY_RACH] Error in scheduling rach
[0m[93m[HW]     we get rach data from ru, but it is not scheduled 191.19
[0m[93m[PHY]    no free space for a new detected rach, discarding
[0m[93m[NR_PHY_RACH] Error in scheduling rach
[0m[93m[HW]     we get rach data from ru, but it is not scheduled 192.19
[0m[93m[PHY]    no free space for a new detected rach, discarding
[0m[93m[NR_PHY_RACH] Error in scheduling rach
[0m[93m[HW]     we get rach data from ru, but it is not scheduled 193.19
[0m[93m[PHY]    no free space for a new detected rach, discarding
[0m[93m[NR_PHY_RACH] Error in scheduling rach
[0m[93m[HW]     we get rach data from ru, but it is not scheduled 194.19
[0m[93m[PHY]    no free space for a new detected rach, discarding
[0m[93m[NR_PHY_RACH] Error in scheduling rach
[0m[93m[HW]     we get rach data from ru, but it is not scheduled 195.19
[0m[93m[PHY]    no free space for a new detected rach, discarding
[0m[93m[NR_PHY_RACH] Error in scheduling rach
[0m[93m[HW]     we get rach data from ru, but it is not scheduled 196.19
[0m[93m[PHY]    no free space for a new detected rach, discarding
[0m[93m[NR_PHY_RACH] Error in scheduling rach
[0m[93m[HW]     we get rach data from ru, but it is not scheduled 197.19
[0m[93m[PHY]    no free space for a new detected rach, discarding
[0m[93m[NR_PHY_RACH] Error in scheduling rach
[0m[93m[HW]     we get rach data from ru, but it is not scheduled 198.19
[0m[93m[PHY]    no free space for a new detected rach, discarding
[0m[93m[NR_PHY_RACH] Error in scheduling rach
[0m[93m[HW]     we get rach data from ru, but it is not scheduled 199.19
[0m[93m[PHY]    no free space for a new detected rach, discarding
[0m[93m[NR_PHY_RACH] Error in scheduling rach
[0m[93m[HW]     we get rach data from ru, but it is not scheduled 200.19
[0m[93m[PHY]    no free space for a new detected rach, discarding
[0m[93m[NR_PHY_RACH] Error in scheduling rach
[0m[93m[HW]     we get rach data from ru, but it is not scheduled 201.19
[0m[93m[PHY]    no free space for a new detected rach, discarding
[0m[93m[NR_PHY_RACH] Error in scheduling rach
[0m[93m[HW]     we get rach data from ru, but it is not scheduled 202.19
[0m[93m[PHY]    no free space for a new detected rach, discarding
[0m[93m[NR_PHY_RACH] Error in scheduling rach
[0m[93m[HW]     we get rach data from ru, but it is not scheduled 203.19
[0m[93m[PHY]    no free space for a new detected rach, discarding
[0m[93m[NR_PHY_RACH] Error in scheduling rach
[0m[93m[HW]     we get rach data from ru, but it is not scheduled 204.19
[0m[93m[PHY]    no free space for a new detected rach, discarding
[0m[93m[NR_PHY_RACH] Error in scheduling rach
[0m[93m[HW]     we get rach data from ru, but it is not scheduled 205.19
[0m[93m[PHY]    no free space for a new detected rach, discarding
[0m[93m[NR_PHY_RACH] Error in scheduling rach
[0m[93m[HW]     we get rach data from ru, but it is not scheduled 206.19
[0m[93m[PHY]    no free space for a new detected rach, discarding
[0m[93m[NR_PHY_RACH] Error in scheduling rach
[0m[93m[HW]     we get rach data from ru, but it is not scheduled 207.19
[0m[93m[PHY]    no free space for a new detected rach, discarding
[0m[93m[NR_PHY_RACH] Error in scheduling rach
[0m[93m[HW]     we get rach data from ru, but it is not scheduled 208.19
[0m[93m[PHY]    no free space for a new detected rach, discarding
[0m[93m[NR_PHY_RACH] Error in scheduling rach
[0m[93m[HW]     we get rach data from ru, but it is not scheduled 209.19
[0m[93m[PHY]    no free space for a new detected rach, discarding
[0m[93m[NR_PHY_RACH] Error in scheduling rach
[0m[93m[HW]     we get rach data from ru, but it is not scheduled 210.19
[0m[93m[PHY]    no free space for a new detected rach, discarding
[0m[93m[NR_PHY_RACH] Error in scheduling rach
[0m[93m[HW]     we get rach data from ru, but it is not scheduled 211.19
[0m[93m[PHY]    no free space for a new detected rach, discarding
[0m[93m[NR_PHY_RACH] Error in scheduling rach
[0m[93m[HW]     we get rach data from ru, but it is not scheduled 212.19
[0m[93m[PHY]    no free space for a new detected rach, discarding
[0m[93m[NR_PHY_RACH] Error in scheduling rach
[0m[93m[HW]     we get rach data from ru, but it is not scheduled 213.19
[0m[93m[PHY]    no free space for a new detected rach, discarding
[0m[93m[NR_PHY_RACH] Error in scheduling rach
[0m[93m[HW]     we get rach data from ru, but it is not scheduled 214.19
[0m[93m[PHY]    no free space for a new detected rach, discarding
[0m[93m[NR_PHY_RACH] Error in scheduling rach
[0m[93m[HW]     we get rach data from ru, but it is not scheduled 215.19
[0m[93m[PHY]    no free space for a new detected rach, discarding
[0m[93m[NR_PHY_RACH] Error in scheduling rach
[0m[93m[HW]     we get rach data from ru, but it is not scheduled 216.19
[0m[93m[PHY]    no free space for a new detected rach, discarding
[0m[93m[NR_PHY_RACH] Error in scheduling rach
[0m[93m[HW]     we get rach data from ru, but it is not scheduled 217.19
[0m[93m[PHY]    no free space for a new detected rach, discarding
[0m[93m[NR_PHY_RACH] Error in scheduling rach
[0m[93m[HW]     we get rach data from ru, but it is not scheduled 218.19
[0m[93m[PHY]    no free space for a new detected rach, discarding
[0m[93m[NR_PHY_RACH] Error in scheduling rach
[0m[93m[HW]     we get rach data from ru, but it is not scheduled 219.19
[0m[93m[PHY]    no free space for a new detected rach, discarding
[0m[93m[NR_PHY_RACH] Error in scheduling rach
[0m[93m[HW]     we get rach data from ru, but it is not scheduled 220.19
[0m[93m[PHY]    no free space for a new detected rach, discarding
[0m[93m[NR_PHY_RACH] Error in scheduling rach
[0m[93m[HW]     we get rach data from ru, but it is not scheduled 221.19
[0m[93m[PHY]    no free space for a new detected rach, discarding
[0m[93m[NR_PHY_RACH] Error in scheduling rach
[0m[93m[HW]     we get rach data from ru, but it is not scheduled 222.19
[0m[93m[PHY]    no free space for a new detected rach, discarding
[0m[93m[NR_PHY_RACH] Error in scheduling rach
[0m[93m[HW]     we get rach data from ru, but it is not scheduled 223.19
[0m[93m[PHY]    no free space for a new detected rach, discarding
[0m[93m[NR_PHY_RACH] Error in scheduling rach
[0m[93m[HW]     we get rach data from ru, but it is not scheduled 224.19
[0m[93m[PHY]    no free space for a new detected rach, discarding
[0m[93m[NR_PHY_RACH] Error in scheduling rach
[0m[93m[HW]     we get rach data from ru, but it is not scheduled 225.19
[0m[93m[PHY]    no free space for a new detected rach, discarding
[0m[93m[NR_PHY_RACH] Error in scheduling rach
[0m[93m[HW]     we get rach data from ru, but it is not scheduled 226.19
[0m[93m[PHY]    no free space for a new detected rach, discarding
[0m[93m[NR_PHY_RACH] Error in scheduling rach
[0m[93m[HW]     we get rach data from ru, but it is not scheduled 227.19
[0m[93m[PHY]    no free space for a new detected rach, discarding
[0m[93m[NR_PHY_RACH] Error in scheduling rach
[0m[93m[HW]     we get rach data from ru, but it is not scheduled 228.19
[0m[93m[PHY]    no free space for a new detected rach, discarding
[0m[93m[NR_PHY_RACH] Error in scheduling rach
[0m[93m[HW]     we get rach data from ru, but it is not scheduled 229.19
[0m[93m[PHY]    no free space for a new detected rach, discarding
[0m[93m[NR_PHY_RACH] Error in scheduling rach
[0m[93m[HW]     we get rach data from ru, but it is not scheduled 230.19
[0m[93m[PHY]    no free space for a new detected rach, discarding
[0m[93m[NR_PHY_RACH] Error in scheduling rach
[0m[93m[HW]     we get rach data from ru, but it is not scheduled 231.19
[0m[93m[PHY]    no free space for a new detected rach, discarding
[0m[93m[NR_PHY_RACH] Error in scheduling rach
[0m[93m[HW]     we get rach data from ru, but it is not scheduled 232.19
[0m[93m[PHY]    no free space for a new detected rach, discarding
[0m[93m[NR_PHY_RACH] Error in scheduling rach
[0m[93m[HW]     we get rach data from ru, but it is not scheduled 233.19
[0m[93m[PHY]    no free space for a new detected rach, discarding
[0m[93m[NR_PHY_RACH] Error in scheduling rach
[0m[93m[HW]     we get rach data from ru, but it is not scheduled 234.19
[0m[93m[PHY]    no free space for a new detected rach, discarding
[0m[93m[NR_PHY_RACH] Error in scheduling rach
[0m[93m[HW]     we get rach data from ru, but it is not scheduled 235.19
[0m[93m[PHY]    no free space for a new detected rach, discarding
[0m[93m[NR_PHY_RACH] Error in scheduling rach
[0m[93m[HW]     we get rach data from ru, but it is not scheduled 236.19
[0m[93m[PHY]    no free space for a new detected rach, discarding
[0m[93m[NR_PHY_RACH] Error in scheduling rach
[0m[93m[HW]     we get rach data from ru, but it is not scheduled 237.19
[0m[93m[PHY]    no free space for a new detected rach, discarding
[0m[93m[NR_PHY_RACH] Error in scheduling rach
[0m[93m[HW]     we get rach data from ru, but it is not scheduled 238.19
[0m[93m[PHY]    no free space for a new detected rach, discarding
[0m[93m[NR_PHY_RACH] Error in scheduling rach
[0m[93m[HW]     we get rach data from ru, but it is not scheduled 239.19
[0m[93m[PHY]    no free space for a new detected rach, discarding
[0m[93m[NR_PHY_RACH] Error in scheduling rach
[0m[93m[HW]     we get rach data from ru, but it is not scheduled 240.19
[0m[93m[PHY]    no free space for a new detected rach, discarding
[0m[93m[NR_PHY_RACH] Error in scheduling rach
[0m[93m[HW]     we get rach data from ru, but it is not scheduled 241.19
[0m[93m[PHY]    no free space for a new detected rach, discarding
[0m[93m[NR_PHY_RACH] Error in scheduling rach
[0m[93m[HW]     we get rach data from ru, but it is not scheduled 242.19
[0m[93m[PHY]    no free space for a new detected rach, discarding
[0m[93m[NR_PHY_RACH] Error in scheduling rach
[0m[93m[HW]     we get rach data from ru, but it is not scheduled 243.19
[0m[93m[PHY]    no free space for a new detected rach, discarding
[0m[93m[NR_PHY_RACH] Error in scheduling rach
[0m[93m[HW]     we get rach data from ru, but it is not scheduled 244.19
[0m[93m[PHY]    no free space for a new detected rach, discarding
[0m[93m[NR_PHY_RACH] Error in scheduling rach
[0m[93m[HW]     we get rach data from ru, but it is not scheduled 245.19
[0m[93m[PHY]    no free space for a new detected rach, discarding
[0m[93m[NR_PHY_RACH] Error in scheduling rach
[0m[93m[HW]     we get rach data from ru, but it is not scheduled 246.19
[0m[93m[PHY]    no free space for a new detected rach, discarding
[0m[93m[NR_PHY_RACH] Error in scheduling rach
[0m[93m[HW]     we get rach data from ru, but it is not scheduled 247.19
[0m[93m[PHY]    no free space for a new detected rach, discarding
[0m[93m[NR_PHY_RACH] Error in scheduling rach
[0m[93m[HW]     we get rach data from ru, but it is not scheduled 248.19
[0m[93m[PHY]    no free space for a new detected rach, discarding
[0m[93m[NR_PHY_RACH] Error in scheduling rach
[0m[93m[HW]     we get rach data from ru, but it is not scheduled 249.19
[0m[93m[PHY]    no free space for a new detected rach, discarding
[0m[93m[NR_PHY_RACH] Error in scheduling rach
[0m[93m[HW]     we get rach data from ru, but it is not scheduled 250.19
[0m[93m[PHY]    no free space for a new detected rach, discarding
[0m[93m[NR_PHY_RACH] Error in scheduling rach
[0m[93m[HW]     we get rach data from ru, but it is not scheduled 251.19
[0m[93m[PHY]    no free space for a new detected rach, discarding
[0m[93m[NR_PHY_RACH] Error in scheduling rach
[0m[93m[HW]     we get rach data from ru, but it is not scheduled 252.19
[0m[93m[PHY]    no free space for a new detected rach, discarding
[0m[93m[NR_PHY_RACH] Error in scheduling rach
[0m[93m[HW]     we get rach data from ru, but it is not scheduled 253.19
[0m[93m[PHY]    no free space for a new detected rach, discarding
[0m[93m[NR_PHY_RACH] Error in scheduling rach
[0m[93m[HW]     we get rach data from ru, but it is not scheduled 254.19
[0m[93m[PHY]    no free space for a new detected rach, discarding
[0m[93m[NR_PHY_RACH] Error in scheduling rach
[0m[93m[HW]     we get rach data from ru, but it is not scheduled 255.19
[0m[HW]     [o-du 0][rx   21504 pps   10752 kbps   72960][tx   63788 pps   31872 kbps  182321][Total Msgs_Rcvd 21504]
[0m[HW]     [FH LOAD][o-du 0] rx=72.960 Mbps tx=182.321 Mbps total=255.281 Mbps rx_pps=10752 tx_pps=31872 total_pps=42624
[0m[HW]     [o_du0][pusch0   18432 prach0    3072]
[0m[93m[PHY]    no free space for a new detected rach, discarding
[0m[93m[NR_PHY_RACH] Error in scheduling rach
[0m[93m[HW]     we get rach data from ru, but it is not scheduled 256.19
[0m[93m[PHY]    no free space for a new detected rach, discarding
[0m[93m[NR_PHY_RACH] Error in scheduling rach
[0m[93m[HW]     we get rach data from ru, but it is not scheduled 257.19
[0m[93m[PHY]    no free space for a new detected rach, discarding
[0m[93m[NR_PHY_RACH] Error in scheduling rach
[0m[93m[HW]     we get rach data from ru, but it is not scheduled 258.19
[0m[93m[PHY]    no free space for a new detected rach, discarding
[0m[93m[NR_PHY_RACH] Error in scheduling rach
[0m[93m[HW]     we get rach data from ru, but it is not scheduled 259.19
[0m[93m[PHY]    no free space for a new detected rach, discarding
[0m[93m[NR_PHY_RACH] Error in scheduling rach
[0m[93m[HW]     we get rach data from ru, but it is not scheduled 260.19
[0m[93m[PHY]    no free space for a new detected rach, discarding
[0m[93m[NR_PHY_RACH] Error in scheduling rach
[0m[93m[HW]     we get rach data from ru, but it is not scheduled 261.19
[0m[93m[PHY]    no free space for a new detected rach, discarding
[0m[93m[NR_PHY_RACH] Error in scheduling rach
[0m[93m[HW]     we get rach data from ru, but it is not scheduled 262.19
[0m[93m[PHY]    no free space for a new detected rach, discarding
[0m[93m[NR_PHY_RACH] Error in scheduling rach
[0m[93m[HW]     we get rach data from ru, but it is not scheduled 263.19
[0m[93m[PHY]    no free space for a new detected rach, discarding
[0m[93m[NR_PHY_RACH] Error in scheduling rach
[0m[93m[HW]     we get rach data from ru, but it is not scheduled 264.19
[0m[93m[PHY]    no free space for a new detected rach, discarding
[0m[93m[NR_PHY_RACH] Error in scheduling rach
[0m[93m[HW]     we get rach data from ru, but it is not scheduled 265.19
[0m[93m[PHY]    no free space for a new detected rach, discarding
[0m[93m[NR_PHY_RACH] Error in scheduling rach
[0m[93m[HW]     we get rach data from ru, but it is not scheduled 266.19
[0m[93m[PHY]    no free space for a new detected rach, discarding
[0m[93m[NR_PHY_RACH] Error in scheduling rach
[0m[93m[HW]     we get rach data from ru, but it is not scheduled 267.19
[0m[93m[PHY]    no free space for a new detected rach, discarding
[0m[93m[NR_PHY_RACH] Error in scheduling rach
[0m[93m[HW]     we get rach data from ru, but it is not scheduled 268.19
[0m[93m[PHY]    no free space for a new detected rach, discarding
[0m[93m[NR_PHY_RACH] Error in scheduling rach
[0m[93m[HW]     we get rach data from ru, but it is not scheduled 269.19
[0m[93m[PHY]    no free space for a new detected rach, discarding
[0m[93m[NR_PHY_RACH] Error in scheduling rach
[0m[93m[HW]     we get rach data from ru, but it is not scheduled 270.19
[0m[93m[PHY]    no free space for a new detected rach, discarding
[0m[93m[NR_PHY_RACH] Error in scheduling rach
[0m[93m[HW]     we get rach data from ru, but it is not scheduled 271.19
[0m[93m[PHY]    no free space for a new detected rach, discarding
[0m[93m[NR_PHY_RACH] Error in scheduling rach
[0m[93m[HW]     we get rach data from ru, but it is not scheduled 272.19
[0m[93m[PHY]    no free space for a new detected rach, discarding
[0m[93m[NR_PHY_RACH] Error in scheduling rach
[0m[93m[HW]     we get rach data from ru, but it is not scheduled 273.19
[0m[93m[PHY]    no free space for a new detected rach, discarding
[0m[93m[NR_PHY_RACH] Error in scheduling rach
[0m[93m[HW]     we get rach data from ru, but it is not scheduled 274.19
[0m[93m[PHY]    no free space for a new detected rach, discarding
[0m[93m[NR_PHY_RACH] Error in scheduling rach
[0m[93m[HW]     we get rach data from ru, but it is not scheduled 275.19
[0m[93m[PHY]    no free space for a new detected rach, discarding
[0m[93m[NR_PHY_RACH] Error in scheduling rach
[0m[93m[HW]     we get rach data from ru, but it is not scheduled 276.19
[0m[93m[PHY]    no free space for a new detected rach, discarding
[0m[93m[NR_PHY_RACH] Error in scheduling rach
[0m[93m[HW]     we get rach data from ru, but it is not scheduled 277.19
[0m[93m[PHY]    no free space for a new detected rach, discarding
[0m[93m[NR_PHY_RACH] Error in scheduling rach
[0m[93m[HW]     we get rach data from ru, but it is not scheduled 278.19
[0m[93m[PHY]    no free space for a new detected rach, discarding
[0m[93m[NR_PHY_RACH] Error in scheduling rach
[0m[93m[HW]     we get rach data from ru, but it is not scheduled 279.19
[0m[93m[PHY]    no free space for a new detected rach, discarding
[0m[93m[NR_PHY_RACH] Error in scheduling rach
[0m[93m[HW]     we get rach data from ru, but it is not scheduled 280.19
[0m[93m[PHY]    no free space for a new detected rach, discarding
[0m[93m[NR_PHY_RACH] Error in scheduling rach
[0m[93m[HW]     we get rach data from ru, but it is not scheduled 281.19
[0m[93m[PHY]    no free space for a new detected rach, discarding
[0m[93m[NR_PHY_RACH] Error in scheduling rach
[0m[93m[HW]     we get rach data from ru, but it is not scheduled 282.19
[0m[93m[PHY]    no free space for a new detected rach, discarding
[0m[93m[NR_PHY_RACH] Error in scheduling rach
[0m[93m[HW]     we get rach data from ru, but it is not scheduled 283.19
[0m[93m[PHY]    no free space for a new detected rach, discarding
[0m[93m[NR_PHY_RACH] Error in scheduling rach
[0m[93m[HW]     we get rach data from ru, but it is not scheduled 284.19
[0m[93m[PHY]    no free space for a new detected rach, discarding
[0m[93m[NR_PHY_RACH] Error in scheduling rach
[0m[93m[HW]     we get rach data from ru, but it is not scheduled 285.19
[0m[93m[PHY]    no free space for a new detected rach, discarding
[0m[93m[NR_PHY_RACH] Error in scheduling rach
[0m[93m[HW]     we get rach data from ru, but it is not scheduled 286.19
[0m[93m[PHY]    no free space for a new detected rach, discarding
[0m[93m[NR_PHY_RACH] Error in scheduling rach
[0m[93m[HW]     we get rach data from ru, but it is not scheduled 287.19
[0m[93m[PHY]    no free space for a new detected rach, discarding
[0m[93m[NR_PHY_RACH] Error in scheduling rach
[0m[93m[HW]     we get rach data from ru, but it is not scheduled 288.19
[0m[93m[PHY]    no free space for a new detected rach, discarding
[0m[93m[NR_PHY_RACH] Error in scheduling rach
[0m[93m[HW]     we get rach data from ru, but it is not scheduled 289.19
[0m[93m[PHY]    no free space for a new detected rach, discarding
[0m[93m[NR_PHY_RACH] Error in scheduling rach
[0m[93m[HW]     we get rach data from ru, but it is not scheduled 290.19
[0m[93m[PHY]    no free space for a new detected rach, discarding
[0m[93m[NR_PHY_RACH] Error in scheduling rach
[0m[93m[HW]     we get rach data from ru, but it is not scheduled 291.19
[0m[93m[PHY]    no free space for a new detected rach, discarding
[0m[93m[NR_PHY_RACH] Error in scheduling rach
[0m[93m[HW]     we get rach data from ru, but it is not scheduled 292.19
[0m[93m[PHY]    no free space for a new detected rach, discarding
[0m[93m[NR_PHY_RACH] Error in scheduling rach
[0m[93m[HW]     we get rach data from ru, but it is not scheduled 293.19
[0m[93m[PHY]    no free space for a new detected rach, discarding
[0m[93m[NR_PHY_RACH] Error in scheduling rach
[0m[93m[HW]     we get rach data from ru, but it is not scheduled 294.19
[0m[93m[PHY]    no free space for a new detected rach, discarding
[0m[93m[NR_PHY_RACH] Error in scheduling rach
[0m[93m[HW]     we get rach data from ru, but it is not scheduled 295.19
[0m[93m[PHY]    no free space for a new detected rach, discarding
[0m[93m[NR_PHY_RACH] Error in scheduling rach
[0m[93m[HW]     we get rach data from ru, but it is not scheduled 296.19
[0m[93m[PHY]    no free space for a new detected rach, discarding
[0m[93m[NR_PHY_RACH] Error in scheduling rach
[0m[93m[HW]     we get rach data from ru, but it is not scheduled 297.19
[0m[93m[PHY]    no free space for a new detected rach, discarding
[0m[93m[NR_PHY_RACH] Error in scheduling rach
[0m[93m[HW]     we get rach data from ru, but it is not scheduled 298.19
[0m[93m[PHY]    no free space for a new detected rach, discarding
[0m[93m[NR_PHY_RACH] Error in scheduling rach
[0m[93m[HW]     we get rach data from ru, but it is not scheduled 299.19
[0m[93m[PHY]    no free space for a new detected rach, discarding
[0m[93m[NR_PHY_RACH] Error in scheduling rach
[0m[93m[HW]     we get rach data from ru, but it is not scheduled 300.19
[0m[93m[PHY]    no free space for a new detected rach, discarding
[0m[93m[NR_PHY_RACH] Error in scheduling rach
[0m[93m[HW]     we get rach data from ru, but it is not scheduled 301.19
[0m[93m[PHY]    no free space for a new detected rach, discarding
[0m[93m[NR_PHY_RACH] Error in scheduling rach
[0m[93m[HW]     we get rach data from ru, but it is not scheduled 302.19
[0m[93m[PHY]    no free space for a new detected rach, discarding
[0m[93m[NR_PHY_RACH] Error in scheduling rach
[0m[93m[HW]     we get rach data from ru, but it is not scheduled 303.19
[0m[93m[PHY]    no free space for a new detected rach, discarding
[0m[93m[NR_PHY_RACH] Error in scheduling rach
[0m[93m[HW]     we get rach data from ru, but it is not scheduled 304.19
[0m[93m[PHY]    no free space for a new detected rach, discarding
[0m[93m[NR_PHY_RACH] Error in scheduling rach
[0m[93m[HW]     we get rach data from ru, but it is not scheduled 305.19
[0m[93m[PHY]    no free space for a new detected rach, discarding
[0m[93m[NR_PHY_RACH] Error in scheduling rach
[0m[93m[HW]     we get rach data from ru, but it is not scheduled 306.19
[0m[93m[PHY]    no free space for a new detected rach, discarding
[0m[93m[NR_PHY_RACH] Error in scheduling rach
[0m[93m[HW]     we get rach data from ru, but it is not scheduled 307.19
[0m[93m[PHY]    no free space for a new detected rach, discarding
[0m[93m[NR_PHY_RACH] Error in scheduling rach
[0m[93m[HW]     we get rach data from ru, but it is not scheduled 308.19
[0m[93m[PHY]    no free space for a new detected rach, discarding
[0m[93m[NR_PHY_RACH] Error in scheduling rach
[0m[93m[HW]     we get rach data from ru, but it is not scheduled 309.19
[0m[93m[PHY]    no free space for a new detected rach, discarding
[0m[93m[NR_PHY_RACH] Error in scheduling rach
[0m[93m[HW]     we get rach data from ru, but it is not scheduled 310.19
[0m[93m[PHY]    no free space for a new detected rach, discarding
[0m[93m[NR_PHY_RACH] Error in scheduling rach
[0m[93m[HW]     we get rach data from ru, but it is not scheduled 311.19
[0m[93m[PHY]    no free space for a new detected rach, discarding
[0m[93m[NR_PHY_RACH] Error in scheduling rach
[0m[93m[HW]     we get rach data from ru, but it is not scheduled 312.19
[0m[93m[PHY]    no free space for a new detected rach, discarding
[0m[93m[NR_PHY_RACH] Error in scheduling rach
[0m[93m[HW]     we get rach data from ru, but it is not scheduled 313.19
[0m[93m[PHY]    no free space for a new detected rach, discarding
[0m[93m[NR_PHY_RACH] Error in scheduling rach
[0m[93m[HW]     we get rach data from ru, but it is not scheduled 314.19
[0m[93m[PHY]    no free space for a new detected rach, discarding
[0m[93m[NR_PHY_RACH] Error in scheduling rach
[0m[93m[HW]     we get rach data from ru, but it is not scheduled 315.19
[0m[93m[PHY]    no free space for a new detected rach, discarding
[0m[93m[NR_PHY_RACH] Error in scheduling rach
[0m[93m[HW]     we get rach data from ru, but it is not scheduled 316.19
[0m[93m[PHY]    no free space for a new detected rach, discarding
[0m[93m[NR_PHY_RACH] Error in scheduling rach
[0m[93m[HW]     we get rach data from ru, but it is not scheduled 317.19
[0m[93m[PHY]    no free space for a new detected rach, discarding
[0m[93m[NR_PHY_RACH] Error in scheduling rach
[0m[93m[HW]     we get rach data from ru, but it is not scheduled 318.19
[0m[93m[PHY]    no free space for a new detected rach, discarding
[0m[93m[NR_PHY_RACH] Error in scheduling rach
[0m[93m[HW]     we get rach data from ru, but it is not scheduled 319.19
[0m[93m[PHY]    no free space for a new detected rach, discarding
[0m[93m[NR_PHY_RACH] Error in scheduling rach
[0m[93m[HW]     we get rach data from ru, but it is not scheduled 320.19
[0m[93m[PHY]    no free space for a new detected rach, discarding
[0m[93m[NR_PHY_RACH] Error in scheduling rach
[0m[93m[HW]     we get rach data from ru, but it is not scheduled 321.19
[0m[93m[PHY]    no free space for a new detected rach, discarding
[0m[93m[NR_PHY_RACH] Error in scheduling rach
[0m[93m[HW]     we get rach data from ru, but it is not scheduled 322.19
[0m[93m[PHY]    no free space for a new detected rach, discarding
[0m[93m[NR_PHY_RACH] Error in scheduling rach
[0m[93m[HW]     we get rach data from ru, but it is not scheduled 323.19
[0m[93m[PHY]    no free space for a new detected rach, discarding
[0m[93m[NR_PHY_RACH] Error in scheduling rach
[0m[93m[HW]     we get rach data from ru, but it is not scheduled 324.19
[0m[93m[PHY]    no free space for a new detected rach, discarding
[0m[93m[NR_PHY_RACH] Error in scheduling rach
[0m[93m[HW]     we get rach data from ru, but it is not scheduled 325.19
[0m[93m[PHY]    no free space for a new detected rach, discarding
[0m[93m[NR_PHY_RACH] Error in scheduling rach
[0m[93m[HW]     we get rach data from ru, but it is not scheduled 326.19
[0m[93m[PHY]    no free space for a new detected rach, discarding
[0m[93m[NR_PHY_RACH] Error in scheduling rach
[0m[93m[HW]     we get rach data from ru, but it is not scheduled 327.19
[0m[93m[PHY]    no free space for a new detected rach, discarding
[0m[93m[NR_PHY_RACH] Error in scheduling rach
[0m[93m[HW]     we get rach data from ru, but it is not scheduled 328.19
[0m[93m[PHY]    no free space for a new detected rach, discarding
[0m[93m[NR_PHY_RACH] Error in scheduling rach
[0m[93m[HW]     we get rach data from ru, but it is not scheduled 329.19
[0m[93m[PHY]    no free space for a new detected rach, discarding
[0m[93m[NR_PHY_RACH] Error in scheduling rach
[0m[93m[HW]     we get rach data from ru, but it is not scheduled 330.19
[0m[93m[PHY]    no free space for a new detected rach, discarding
[0m[93m[NR_PHY_RACH] Error in scheduling rach
[0m[93m[HW]     we get rach data from ru, but it is not scheduled 331.19
[0m[93m[PHY]    no free space for a new detected rach, discarding
[0m[93m[NR_PHY_RACH] Error in scheduling rach
[0m[93m[HW]     we get rach data from ru, but it is not scheduled 332.19
[0m[93m[PHY]    no free space for a new detected rach, discarding
[0m[93m[NR_PHY_RACH] Error in scheduling rach
[0m[93m[HW]     we get rach data from ru, but it is not scheduled 333.19
[0m[93m[PHY]    no free space for a new detected rach, discarding
[0m[93m[NR_PHY_RACH] Error in scheduling rach
[0m[93m[HW]     we get rach data from ru, but it is not scheduled 334.19
[0m[93m[PHY]    no free space for a new detected rach, discarding
[0m[93m[NR_PHY_RACH] Error in scheduling rach
[0m[93m[HW]     we get rach data from ru, but it is not scheduled 335.19
[0m[93m[PHY]    no free space for a new detected rach, discarding
[0m[93m[NR_PHY_RACH] Error in scheduling rach
[0m[93m[HW]     we get rach data from ru, but it is not scheduled 336.19
[0m[93m[PHY]    no free space for a new detected rach, discarding
[0m[93m[NR_PHY_RACH] Error in scheduling rach
[0m[93m[HW]     we get rach data from ru, but it is not scheduled 337.19
[0m[93m[PHY]    no free space for a new detected rach, discarding
[0m[93m[NR_PHY_RACH] Error in scheduling rach
[0m[93m[HW]     we get rach data from ru, but it is not scheduled 338.19
[0m[93m[PHY]    no free space for a new detected rach, discarding
[0m[93m[NR_PHY_RACH] Error in scheduling rach
[0m[93m[HW]     we get rach data from ru, but it is not scheduled 339.19
[0m[93m[PHY]    no free space for a new detected rach, discarding
[0m[93m[NR_PHY_RACH] Error in scheduling rach
[0m[93m[HW]     we get rach data from ru, but it is not scheduled 340.19
[0m[93m[PHY]    no free space for a new detected rach, discarding
[0m[93m[NR_PHY_RACH] Error in scheduling rach
[0m[93m[HW]     we get rach data from ru, but it is not scheduled 341.19
[0m[93m[PHY]    no free space for a new detected rach, discarding
[0m[93m[NR_PHY_RACH] Error in scheduling rach
[0m[93m[HW]     we get rach data from ru, but it is not scheduled 342.19
[0m[93m[PHY]    no free space for a new detected rach, discarding
[0m[93m[NR_PHY_RACH] Error in scheduling rach
[0m[93m[HW]     we get rach data from ru, but it is not scheduled 343.19
[0m[93m[PHY]    no free space for a new detected rach, discarding
[0m[93m[NR_PHY_RACH] Error in scheduling rach
[0m[93m[HW]     we get rach data from ru, but it is not scheduled 344.19
[0m[93m[PHY]    no free space for a new detected rach, discarding
[0m[93m[NR_PHY_RACH] Error in scheduling rach
[0m[93m[HW]     we get rach data from ru, but it is not scheduled 345.19
[0m[93m[PHY]    no free space for a new detected rach, discarding
[0m[93m[NR_PHY_RACH] Error in scheduling rach
[0m[93m[HW]     we get rach data from ru, but it is not scheduled 346.19
[0m[93m[PHY]    no free space for a new detected rach, discarding
[0m[93m[NR_PHY_RACH] Error in scheduling rach
[0m[93m[HW]     we get rach data from ru, but it is not scheduled 347.19
[0m[93m[PHY]    no free space for a new detected rach, discarding
[0m[93m[NR_PHY_RACH] Error in scheduling rach
[0m[93m[HW]     we get rach data from ru, but it is not scheduled 348.19
[0m[93m[PHY]    no free space for a new detected rach, discarding
[0m[93m[NR_PHY_RACH] Error in scheduling rach
[0m[93m[HW]     we get rach data from ru, but it is not scheduled 349.19
[0m[93m[PHY]    no free space for a new detected rach, discarding
[0m[93m[NR_PHY_RACH] Error in scheduling rach
[0m[93m[HW]     we get rach data from ru, but it is not scheduled 350.19
[0m[93m[PHY]    no free space for a new detected rach, discarding
[0m[93m[NR_PHY_RACH] Error in scheduling rach
[0m[93m[HW]     we get rach data from ru, but it is not scheduled 351.19
[0m[93m[PHY]    no free space for a new detected rach, discarding
[0m[93m[NR_PHY_RACH] Error in scheduling rach
[0m[93m[HW]     we get rach data from ru, but it is not scheduled 352.19
[0m[93m[PHY]    no free space for a new detected rach, discarding
[0m[93m[NR_PHY_RACH] Error in scheduling rach
[0m[93m[HW]     we get rach data from ru, but it is not scheduled 353.19
[0m[93m[PHY]    no free space for a new detected rach, discarding
[0m[93m[NR_PHY_RACH] Error in scheduling rach
[0m[93m[HW]     we get rach data from ru, but it is not scheduled 354.19
[0m[93m[PHY]    no free space for a new detected rach, discarding
[0m[93m[NR_PHY_RACH] Error in scheduling rach
[0m[93m[HW]     we get rach data from ru, but it is not scheduled 355.19
[0m[93m[PHY]    no free space for a new detected rach, discarding
[0m[93m[NR_PHY_RACH] Error in scheduling rach
[0m[93m[HW]     we get rach data from ru, but it is not scheduled 356.19
[0m[93m[PHY]    no free space for a new detected rach, discarding
[0m[93m[NR_PHY_RACH] Error in scheduling rach
[0m[93m[HW]     we get rach data from ru, but it is not scheduled 357.19
[0m[93m[PHY]    no free space for a new detected rach, discarding
[0m[93m[NR_PHY_RACH] Error in scheduling rach
[0m[93m[HW]     we get rach data from ru, but it is not scheduled 358.19
[0m[93m[PHY]    no free space for a new detected rach, discarding
[0m[93m[NR_PHY_RACH] Error in scheduling rach
[0m[93m[HW]     we get rach data from ru, but it is not scheduled 359.19
[0m[93m[PHY]    no free space for a new detected rach, discarding
[0m[93m[NR_PHY_RACH] Error in scheduling rach
[0m[93m[HW]     we get rach data from ru, but it is not scheduled 360.19
[0m[93m[PHY]    no free space for a new detected rach, discarding
[0m[93m[NR_PHY_RACH] Error in scheduling rach
[0m[93m[HW]     we get rach data from ru, but it is not scheduled 361.19
[0m[93m[PHY]    no free space for a new detected rach, discarding
[0m[93m[NR_PHY_RACH] Error in scheduling rach
[0m[93m[HW]     we get rach data from ru, but it is not scheduled 362.19
[0m[93m[PHY]    no free space for a new detected rach, discarding
[0m[93m[NR_PHY_RACH] Error in scheduling rach
[0m[93m[HW]     we get rach data from ru, but it is not scheduled 363.19
[0m[93m[PHY]    no free space for a new detected rach, discarding
[0m[93m[NR_PHY_RACH] Error in scheduling rach
[0m[93m[HW]     we get rach data from ru, but it is not scheduled 364.19
[0m[93m[PHY]    no free space for a new detected rach, discarding
[0m[93m[NR_PHY_RACH] Error in scheduling rach
[0m[93m[HW]     we get rach data from ru, but it is not scheduled 365.19
[0m[93m[PHY]    no free space for a new detected rach, discarding
[0m[93m[NR_PHY_RACH] Error in scheduling rach
[0m[93m[HW]     we get rach data from ru, but it is not scheduled 366.19
[0m[93m[PHY]    no free space for a new detected rach, discarding
[0m[93m[NR_PHY_RACH] Error in scheduling rach
[0m[93m[HW]     we get rach data from ru, but it is not scheduled 367.19
[0m[93m[PHY]    no free space for a new detected rach, discarding
[0m[93m[NR_PHY_RACH] Error in scheduling rach
[0m[93m[HW]     we get rach data from ru, but it is not scheduled 368.19
[0m[93m[PHY]    no free space for a new detected rach, discarding
[0m[93m[NR_PHY_RACH] Error in scheduling rach
[0m[93m[HW]     we get rach data from ru, but it is not scheduled 369.19
[0m[93m[PHY]    no free space for a new detected rach, discarding
[0m[93m[NR_PHY_RACH] Error in scheduling rach
[0m[93m[HW]     we get rach data from ru, but it is not scheduled 370.19
[0m[93m[PHY]    no free space for a new detected rach, discarding
[0m[93m[NR_PHY_RACH] Error in scheduling rach
[0m[93m[HW]     we get rach data from ru, but it is not scheduled 371.19
[0m[93m[PHY]    no free space for a new detected rach, discarding
[0m[93m[NR_PHY_RACH] Error in scheduling rach
[0m[93m[HW]     we get rach data from ru, but it is not scheduled 372.19
[0m[93m[PHY]    no free space for a new detected rach, discarding
[0m[93m[NR_PHY_RACH] Error in scheduling rach
[0m[93m[HW]     we get rach data from ru, but it is not scheduled 373.19
[0m[93m[PHY]    no free space for a new detected rach, discarding
[0m[93m[NR_PHY_RACH] Error in scheduling rach
[0m[93m[HW]     we get rach data from ru, but it is not scheduled 374.19
[0m[93m[PHY]    no free space for a new detected rach, discarding
[0m[93m[NR_PHY_RACH] Error in scheduling rach
[0m[93m[HW]     we get rach data from ru, but it is not scheduled 375.19
[0m[93m[PHY]    no free space for a new detected rach, discarding
[0m[93m[NR_PHY_RACH] Error in scheduling rach
[0m[93m[HW]     we get rach data from ru, but it is not scheduled 376.19
[0m[93m[PHY]    no free space for a new detected rach, discarding
[0m[93m[NR_PHY_RACH] Error in scheduling rach
[0m[93m[HW]     we get rach data from ru, but it is not scheduled 377.19
[0m[93m[PHY]    no free space for a new detected rach, discarding
[0m[93m[NR_PHY_RACH] Error in scheduling rach
[0m[93m[HW]     we get rach data from ru, but it is not scheduled 378.19
[0m[93m[PHY]    no free space for a new detected rach, discarding
[0m[93m[NR_PHY_RACH] Error in scheduling rach
[0m[93m[HW]     we get rach data from ru, but it is not scheduled 379.19
[0m[93m[PHY]    no free space for a new detected rach, discarding
[0m[93m[NR_PHY_RACH] Error in scheduling rach
[0m[93m[HW]     we get rach data from ru, but it is not scheduled 380.19
[0m[93m[PHY]    no free space for a new detected rach, discarding
[0m[93m[NR_PHY_RACH] Error in scheduling rach
[0m[93m[HW]     we get rach data from ru, but it is not scheduled 381.19
[0m[93m[PHY]    no free space for a new detected rach, discarding
[0m[93m[NR_PHY_RACH] Error in scheduling rach
[0m[93m[HW]     we get rach data from ru, but it is not scheduled 382.19
[0m[93m[PHY]    no free space for a new detected rach, discarding
[0m[93m[NR_PHY_RACH] Error in scheduling rach
[0m[93m[HW]     we get rach data from ru, but it is not scheduled 383.19
[0m[HW]     [o-du 0][rx   32256 pps   10752 kbps   72955][tx   95660 pps   31872 kbps  182321][Total Msgs_Rcvd 32256]
[0m[HW]     [FH LOAD][o-du 0] rx=72.955 Mbps tx=182.321 Mbps total=255.276 Mbps rx_pps=10752 tx_pps=31872 total_pps=42624
[0m[HW]     [o_du0][pusch0   27648 prach0    4608]
[0m[93m[PHY]    no free space for a new detected rach, discarding
[0m[93m[NR_PHY_RACH] Error in scheduling rach
[0m[93m[HW]     we get rach data from ru, but it is not scheduled 384.19
[0m[93m[PHY]    no free space for a new detected rach, discarding
[0m[93m[NR_PHY_RACH] Error in scheduling rach
[0m[93m[HW]     we get rach data from ru, but it is not scheduled 385.19
[0m[93m[PHY]    no free space for a new detected rach, discarding
[0m[93m[NR_PHY_RACH] Error in scheduling rach
[0m[93m[HW]     we get rach data from ru, but it is not scheduled 386.19
[0m[93m[PHY]    no free space for a new detected rach, discarding
[0m[93m[NR_PHY_RACH] Error in scheduling rach
[0m[93m[HW]     we get rach data from ru, but it is not scheduled 387.19
[0m[93m[PHY]    no free space for a new detected rach, discarding
[0m[93m[NR_PHY_RACH] Error in scheduling rach
[0m[93m[HW]     we get rach data from ru, but it is not scheduled 388.19
[0m[93m[PHY]    no free space for a new detected rach, discarding
[0m[93m[NR_PHY_RACH] Error in scheduling rach
[0m[93m[HW]     we get rach data from ru, but it is not scheduled 389.19
[0m[93m[PHY]    no free space for a new detected rach, discarding
[0m[93m[NR_PHY_RACH] Error in scheduling rach
[0m[93m[HW]     we get rach data from ru, but it is not scheduled 390.19
[0m[93m[PHY]    no free space for a new detected rach, discarding
[0m[93m[NR_PHY_RACH] Error in scheduling rach
[0m[93m[HW]     we get rach data from ru, but it is not scheduled 391.19
[0m[93m[PHY]    no free space for a new detected rach, discarding
[0m[93m[NR_PHY_RACH] Error in scheduling rach
[0m[93m[HW]     we get rach data from ru, but it is not scheduled 392.19
[0m[93m[PHY]    no free space for a new detected rach, discarding
[0m[93m[NR_PHY_RACH] Error in scheduling rach
[0m[93m[HW]     we get rach data from ru, but it is not scheduled 393.19
[0m[93m[PHY]    no free space for a new detected rach, discarding
[0m[93m[NR_PHY_RACH] Error in scheduling rach
[0m[93m[HW]     we get rach data from ru, but it is not scheduled 394.19
[0m[93m[PHY]    no free space for a new detected rach, discarding
[0m[93m[NR_PHY_RACH] Error in scheduling rach
[0m[93m[HW]     we get rach data from ru, but it is not scheduled 395.19
[0m[93m[PHY]    no free space for a new detected rach, discarding
[0m[93m[NR_PHY_RACH] Error in scheduling rach
[0m[93m[HW]     we get rach data from ru, but it is not scheduled 396.19
[0m[93m[PHY]    no free space for a new detected rach, discarding
[0m[93m[NR_PHY_RACH] Error in scheduling rach
[0m[93m[HW]     we get rach data from ru, but it is not scheduled 397.19
[0m[93m[PHY]    no free space for a new detected rach, discarding
[0m[93m[NR_PHY_RACH] Error in scheduling rach
[0m[93m[HW]     we get rach data from ru, but it is not scheduled 398.19
[0m[93m[PHY]    no free space for a new detected rach, discarding
[0m[93m[NR_PHY_RACH] Error in scheduling rach
[0m[93m[HW]     we get rach data from ru, but it is not scheduled 399.19
[0m[93m[PHY]    no free space for a new detected rach, discarding
[0m[93m[NR_PHY_RACH] Error in scheduling rach
[0m[93m[HW]     we get rach data from ru, but it is not scheduled 400.19
[0m[93m[PHY]    no free space for a new detected rach, discarding
[0m[93m[NR_PHY_RACH] Error in scheduling rach
[0m[93m[HW]     we get rach data from ru, but it is not scheduled 401.19
[0m[93m[PHY]    no free space for a new detected rach, discarding
[0m[93m[NR_PHY_RACH] Error in scheduling rach
[0m[93m[HW]     we get rach data from ru, but it is not scheduled 402.19
[0m[93m[PHY]    no free space for a new detected rach, discarding
[0m[93m[NR_PHY_RACH] Error in scheduling rach
[0m[93m[HW]     we get rach data from ru, but it is not scheduled 403.19
[0m[93m[PHY]    no free space for a new detected rach, discarding
[0m[93m[NR_PHY_RACH] Error in scheduling rach
[0m[93m[HW]     we get rach data from ru, but it is not scheduled 404.19
[0m[93m[PHY]    no free space for a new detected rach, discarding
[0m[93m[NR_PHY_RACH] Error in scheduling rach
[0m[93m[HW]     we get rach data from ru, but it is not scheduled 405.19
[0m[93m[PHY]    no free space for a new detected rach, discarding
[0m[93m[NR_PHY_RACH] Error in scheduling rach
[0m[93m[HW]     we get rach data from ru, but it is not scheduled 406.19
[0m[93m[PHY]    no free space for a new detected rach, discarding
[0m[93m[NR_PHY_RACH] Error in scheduling rach
[0m[93m[HW]     we get rach data from ru, but it is not scheduled 407.19
[0m[93m[PHY]    no free space for a new detected rach, discarding
[0m[93m[NR_PHY_RACH] Error in scheduling rach
[0m[93m[HW]     we get rach data from ru, but it is not scheduled 408.19
[0m[93m[PHY]    no free space for a new detected rach, discarding
[0m[93m[NR_PHY_RACH] Error in scheduling rach
[0m[93m[HW]     we get rach data from ru, but it is not scheduled 409.19
[0m[93m[PHY]    no free space for a new detected rach, discarding
[0m[93m[NR_PHY_RACH] Error in scheduling rach
[0m[93m[HW]     we get rach data from ru, but it is not scheduled 410.19
[0m[93m[PHY]    no free space for a new detected rach, discarding
[0m[93m[NR_PHY_RACH] Error in scheduling rach
[0m[93m[HW]     we get rach data from ru, but it is not scheduled 411.19
[0m[93m[PHY]    no free space for a new detected rach, discarding
[0m[93m[NR_PHY_RACH] Error in scheduling rach
[0m[93m[HW]     we get rach data from ru, but it is not scheduled 412.19
[0m[93m[PHY]    no free space for a new detected rach, discarding
[0m[93m[NR_PHY_RACH] Error in scheduling rach
[0m[93m[HW]     we get rach data from ru, but it is not scheduled 413.19
[0m[93m[PHY]    no free space for a new detected rach, discarding
[0m[93m[NR_PHY_RACH] Error in scheduling rach
[0m[93m[HW]     we get rach data from ru, but it is not scheduled 414.19
[0m[93m[PHY]    no free space for a new detected rach, discarding
[0m[93m[NR_PHY_RACH] Error in scheduling rach
[0m[93m[HW]     we get rach data from ru, but it is not scheduled 415.19
[0m[93m[PHY]    no free space for a new detected rach, discarding
[0m[93m[NR_PHY_RACH] Error in scheduling rach
[0m[93m[HW]     we get rach data from ru, but it is not scheduled 416.19
[0m[93m[PHY]    no free space for a new detected rach, discarding
[0m[93m[NR_PHY_RACH] Error in scheduling rach
[0m[93m[HW]     we get rach data from ru, but it is not scheduled 417.19
[0m[93m[PHY]    no free space for a new detected rach, discarding
[0m[93m[NR_PHY_RACH] Error in scheduling rach
[0m[93m[HW]     we get rach data from ru, but it is not scheduled 418.19
[0m[93m[PHY]    no free space for a new detected rach, discarding
[0m[93m[NR_PHY_RACH] Error in scheduling rach
[0m[93m[HW]     we get rach data from ru, but it is not scheduled 419.19
[0m[93m[PHY]    no free space for a new detected rach, discarding
[0m[93m[NR_PHY_RACH] Error in scheduling rach
[0m[93m[HW]     we get rach data from ru, but it is not scheduled 420.19
[0m[93m[PHY]    no free space for a new detected rach, discarding
[0m[93m[NR_PHY_RACH] Error in scheduling rach
[0m[93m[HW]     we get rach data from ru, but it is not scheduled 421.19
[0m[93m[PHY]    no free space for a new detected rach, discarding
[0m[93m[NR_PHY_RACH] Error in scheduling rach
[0m[93m[HW]     we get rach data from ru, but it is not scheduled 422.19
[0m[93m[PHY]    no free space for a new detected rach, discarding
[0m[93m[NR_PHY_RACH] Error in scheduling rach
[0m[93m[HW]     we get rach data from ru, but it is not scheduled 423.19
[0m[93m[PHY]    no free space for a new detected rach, discarding
[0m[93m[NR_PHY_RACH] Error in scheduling rach
[0m[93m[HW]     we get rach data from ru, but it is not scheduled 424.19
[0m[93m[PHY]    no free space for a new detected rach, discarding
[0m[93m[NR_PHY_RACH] Error in scheduling rach
[0m[93m[HW]     we get rach data from ru, but it is not scheduled 425.19
[0m[93m[PHY]    no free space for a new detected rach, discarding
[0m[93m[NR_PHY_RACH] Error in scheduling rach
[0m[93m[HW]     we get rach data from ru, but it is not scheduled 426.19
[0m[93m[PHY]    no free space for a new detected rach, discarding
[0m[93m[NR_PHY_RACH] Error in scheduling rach
[0m[93m[HW]     we get rach data from ru, but it is not scheduled 427.19
[0m[93m[PHY]    no free space for a new detected rach, discarding
[0m[93m[NR_PHY_RACH] Error in scheduling rach
[0m[93m[HW]     we get rach data from ru, but it is not scheduled 428.19
[0m[93m[PHY]    no free space for a new detected rach, discarding
[0m[93m[NR_PHY_RACH] Error in scheduling rach
[0m[93m[HW]     we get rach data from ru, but it is not scheduled 429.19
[0m[93m[PHY]    no free space for a new detected rach, discarding
[0m[93m[NR_PHY_RACH] Error in scheduling rach
[0m[93m[HW]     we get rach data from ru, but it is not scheduled 430.19
[0m[93m[PHY]    no free space for a new detected rach, discarding
[0m[93m[NR_PHY_RACH] Error in scheduling rach
[0m[93m[HW]     we get rach data from ru, but it is not scheduled 431.19
[0m[93m[PHY]    no free space for a new detected rach, discarding
[0m[93m[NR_PHY_RACH] Error in scheduling rach
[0m[93m[HW]     we get rach data from ru, but it is not scheduled 432.19
[0m[93m[PHY]    no free space for a new detected rach, discarding
[0m[93m[NR_PHY_RACH] Error in scheduling rach
[0m[93m[HW]     we get rach data from ru, but it is not scheduled 433.19
[0m[93m[PHY]    no free space for a new detected rach, discarding
[0m[93m[NR_PHY_RACH] Error in scheduling rach
[0m[93m[HW]     we get rach data from ru, but it is not scheduled 434.19
[0m[93m[PHY]    no free space for a new detected rach, discarding
[0m[93m[NR_PHY_RACH] Error in scheduling rach
[0m[93m[HW]     we get rach data from ru, but it is not scheduled 435.19
[0m[93m[PHY]    no free space for a new detected rach, discarding
[0m[93m[NR_PHY_RACH] Error in scheduling rach
[0m[93m[HW]     we get rach data from ru, but it is not scheduled 436.19
[0m[93m[PHY]    no free space for a new detected rach, discarding
[0m[93m[NR_PHY_RACH] Error in scheduling rach
[0m[93m[HW]     we get rach data from ru, but it is not scheduled 437.19
[0m[93m[PHY]    no free space for a new detected rach, discarding
[0m[93m[NR_PHY_RACH] Error in scheduling rach
[0m[93m[HW]     we get rach data from ru, but it is not scheduled 438.19
[0m[93m[PHY]    no free space for a new detected rach, discarding
[0m[93m[NR_PHY_RACH] Error in scheduling rach
[0m[93m[HW]     we get rach data from ru, but it is not scheduled 439.19
[0m[93m[PHY]    no free space for a new detected rach, discarding
[0m[93m[NR_PHY_RACH] Error in scheduling rach
[0m[93m[HW]     we get rach data from ru, but it is not scheduled 440.19
[0m[93m[PHY]    no free space for a new detected rach, discarding
[0m[93m[NR_PHY_RACH] Error in scheduling rach
[0m[93m[HW]     we get rach data from ru, but it is not scheduled 441.19
[0m[93m[PHY]    no free space for a new detected rach, discarding
[0m[93m[NR_PHY_RACH] Error in scheduling rach
[0m[93m[HW]     we get rach data from ru, but it is not scheduled 442.19
[0m[93m[PHY]    no free space for a new detected rach, discarding
[0m[93m[NR_PHY_RACH] Error in scheduling rach
[0m[93m[HW]     we get rach data from ru, but it is not scheduled 443.19
[0m[93m[PHY]    no free space for a new detected rach, discarding
[0m[93m[NR_PHY_RACH] Error in scheduling rach
[0m[93m[HW]     we get rach data from ru, but it is not scheduled 444.19
[0m[93m[PHY]    no free space for a new detected rach, discarding
[0m[93m[NR_PHY_RACH] Error in scheduling rach
[0m[93m[HW]     we get rach data from ru, but it is not scheduled 445.19
[0m[93m[PHY]    no free space for a new detected rach, discarding
[0m[93m[NR_PHY_RACH] Error in scheduling rach
[0m[93m[HW]     we get rach data from ru, but it is not scheduled 446.19
[0m[93m[PHY]    no free space for a new detected rach, discarding
[0m[93m[NR_PHY_RACH] Error in scheduling rach
[0m[93m[HW]     we get rach data from ru, but it is not scheduled 447.19
[0m[93m[PHY]    no free space for a new detected rach, discarding
[0m[93m[NR_PHY_RACH] Error in scheduling rach
[0m[93m[HW]     we get rach data from ru, but it is not scheduled 448.19
[0m[93m[PHY]    no free space for a new detected rach, discarding
[0m[93m[NR_PHY_RACH] Error in scheduling rach
[0m[93m[HW]     we get rach data from ru, but it is not scheduled 449.19
[0m[93m[PHY]    no free space for a new detected rach, discarding
[0m[93m[NR_PHY_RACH] Error in scheduling rach
[0m[93m[HW]     we get rach data from ru, but it is not scheduled 450.19
[0m[93m[PHY]    no free space for a new detected rach, discarding
[0m[93m[NR_PHY_RACH] Error in scheduling rach
[0m[93m[HW]     we get rach data from ru, but it is not scheduled 451.19
[0m[93m[PHY]    no free space for a new detected rach, discarding
[0m[93m[NR_PHY_RACH] Error in scheduling rach
[0m[93m[HW]     we get rach data from ru, but it is not scheduled 452.19
[0m[93m[PHY]    no free space for a new detected rach, discarding
[0m[93m[NR_PHY_RACH] Error in scheduling rach
[0m[93m[HW]     we get rach data from ru, but it is not scheduled 453.19
[0m[93m[PHY]    no free space for a new detected rach, discarding
[0m[93m[NR_PHY_RACH] Error in scheduling rach
[0m[93m[HW]     we get rach data from ru, but it is not scheduled 454.19
[0m[93m[PHY]    no free space for a new detected rach, discarding
[0m[93m[NR_PHY_RACH] Error in scheduling rach
[0m[93m[HW]     we get rach data from ru, but it is not scheduled 455.19
[0m[93m[PHY]    no free space for a new detected rach, discarding
[0m[93m[NR_PHY_RACH] Error in scheduling rach
[0m[93m[HW]     we get rach data from ru, but it is not scheduled 456.19
[0m[93m[PHY]    no free space for a new detected rach, discarding
[0m[93m[NR_PHY_RACH] Error in scheduling rach
[0m[93m[HW]     we get rach data from ru, but it is not scheduled 457.19
[0m[93m[PHY]    no free space for a new detected rach, discarding
[0m[93m[NR_PHY_RACH] Error in scheduling rach
[0m[93m[HW]     we get rach data from ru, but it is not scheduled 458.19
[0m[93m[PHY]    no free space for a new detected rach, discarding
[0m[93m[NR_PHY_RACH] Error in scheduling rach
[0m[93m[HW]     we get rach data from ru, but it is not scheduled 459.19
[0m[93m[PHY]    no free space for a new detected rach, discarding
[0m[93m[NR_PHY_RACH] Error in scheduling rach
[0m[93m[HW]     we get rach data from ru, but it is not scheduled 460.19
[0m[93m[PHY]    no free space for a new detected rach, discarding
[0m[93m[NR_PHY_RACH] Error in scheduling rach
[0m[93m[HW]     we get rach data from ru, but it is not scheduled 461.19
[0m[93m[PHY]    no free space for a new detected rach, discarding
[0m[93m[NR_PHY_RACH] Error in scheduling rach
[0m[93m[HW]     we get rach data from ru, but it is not scheduled 462.19
[0m[93m[PHY]    no free space for a new detected rach, discarding
[0m[93m[NR_PHY_RACH] Error in scheduling rach
[0m[93m[HW]     we get rach data from ru, but it is not scheduled 463.19
[0m[93m[PHY]    no free space for a new detected rach, discarding
[0m[93m[NR_PHY_RACH] Error in scheduling rach
[0m[93m[HW]     we get rach data from ru, but it is not scheduled 464.19
[0m[93m[PHY]    no free space for a new detected rach, discarding
[0m[93m[NR_PHY_RACH] Error in scheduling rach
[0m[93m[HW]     we get rach data from ru, but it is not scheduled 465.19
[0m[93m[PHY]    no free space for a new detected rach, discarding
[0m[93m[NR_PHY_RACH] Error in scheduling rach
[0m[93m[HW]     we get rach data from ru, but it is not scheduled 466.19
[0m[93m[PHY]    no free space for a new detected rach, discarding
[0m[93m[NR_PHY_RACH] Error in scheduling rach
[0m[93m[HW]     we get rach data from ru, but it is not scheduled 467.19
[0m[93m[PHY]    no free space for a new detected rach, discarding
[0m[93m[NR_PHY_RACH] Error in scheduling rach
[0m[93m[HW]     we get rach data from ru, but it is not scheduled 468.19
[0m[93m[PHY]    no free space for a new detected rach, discarding
[0m[93m[NR_PHY_RACH] Error in scheduling rach
[0m[93m[HW]     we get rach data from ru, but it is not scheduled 469.19
[0m[93m[PHY]    no free space for a new detected rach, discarding
[0m[93m[NR_PHY_RACH] Error in scheduling rach
[0m[93m[HW]     we get rach data from ru, but it is not scheduled 470.19
[0m[93m[PHY]    no free space for a new detected rach, discarding
[0m[93m[NR_PHY_RACH] Error in scheduling rach
[0m[93m[HW]     we get rach data from ru, but it is not scheduled 471.19
[0m[93m[PHY]    no free space for a new detected rach, discarding
[0m[93m[NR_PHY_RACH] Error in scheduling rach
[0m[93m[HW]     we get rach data from ru, but it is not scheduled 472.19
[0m[93m[PHY]    no free space for a new detected rach, discarding
[0m[93m[NR_PHY_RACH] Error in scheduling rach
[0m[93m[HW]     we get rach data from ru, but it is not scheduled 473.19
[0m[93m[PHY]    no free space for a new detected rach, discarding
[0m[93m[NR_PHY_RACH] Error in scheduling rach
[0m[93m[HW]     we get rach data from ru, but it is not scheduled 474.19
[0m[93m[PHY]    no free space for a new detected rach, discarding
[0m[93m[NR_PHY_RACH] Error in scheduling rach
[0m[93m[HW]     we get rach data from ru, but it is not scheduled 475.19
[0m[93m[PHY]    no free space for a new detected rach, discarding
[0m[93m[NR_PHY_RACH] Error in scheduling rach
[0m[93m[HW]     we get rach data from ru, but it is not scheduled 476.19
[0m[93m[PHY]    no free space for a new detected rach, discarding
[0m[93m[NR_PHY_RACH] Error in scheduling rach
[0m[93m[HW]     we get rach data from ru, but it is not scheduled 477.19
[0m[93m[PHY]    no free space for a new detected rach, discarding
[0m[93m[NR_PHY_RACH] Error in scheduling rach
[0m[93m[HW]     we get rach data from ru, but it is not scheduled 478.19
[0m[93m[PHY]    no free space for a new detected rach, discarding
[0m[93m[NR_PHY_RACH] Error in scheduling rach
[0m[93m[HW]     we get rach data from ru, but it is not scheduled 479.19
[0m[93m[PHY]    no free space for a new detected rach, discarding
[0m[93m[NR_PHY_RACH] Error in scheduling rach
[0m[93m[HW]     we get rach data from ru, but it is not scheduled 480.19
[0m[93m[PHY]    no free space for a new detected rach, discarding
[0m[93m[NR_PHY_RACH] Error in scheduling rach
[0m[93m[HW]     we get rach data from ru, but it is not scheduled 481.19
[0m[93m[PHY]    no free space for a new detected rach, discarding
[0m[93m[NR_PHY_RACH] Error in scheduling rach
[0m[93m[HW]     we get rach data from ru, but it is not scheduled 482.19
[0m[93m[PHY]    no free space for a new detected rach, discarding
[0m[93m[NR_PHY_RACH] Error in scheduling rach
[0m[93m[HW]     we get rach data from ru, but it is not scheduled 483.19
[0m[93m[PHY]    no free space for a new detected rach, discarding
[0m[93m[NR_PHY_RACH] Error in scheduling rach
[0m[93m[HW]     we get rach data from ru, but it is not scheduled 484.19
[0m[93m[PHY]    no free space for a new detected rach, discarding
[0m[93m[NR_PHY_RACH] Error in scheduling rach
[0m[93m[HW]     we get rach data from ru, but it is not scheduled 485.19
[0m[93m[PHY]    no free space for a new detected rach, discarding
[0m[93m[NR_PHY_RACH] Error in scheduling rach
[0m[93m[HW]     we get rach data from ru, but it is not scheduled 486.19
[0m[93m[PHY]    no free space for a new detected rach, discarding
[0m[93m[NR_PHY_RACH] Error in scheduling rach
[0m[93m[HW]     we get rach data from ru, but it is not scheduled 487.19
[0m[93m[PHY]    no free space for a new detected rach, discarding
[0m[93m[NR_PHY_RACH] Error in scheduling rach
[0m[93m[HW]     we get rach data from ru, but it is not scheduled 488.19
[0m[93m[PHY]    no free space for a new detected rach, discarding
[0m[93m[NR_PHY_RACH] Error in scheduling rach
[0m[93m[HW]     we get rach data from ru, but it is not scheduled 489.19
[0m[93m[PHY]    no free space for a new detected rach, discarding
[0m[93m[NR_PHY_RACH] Error in scheduling rach
[0m[93m[HW]     we get rach data from ru, but it is not scheduled 490.19
[0m[93m[PHY]    no free space for a new detected rach, discarding
[0m[93m[NR_PHY_RACH] Error in scheduling rach
[0m[93m[HW]     we get rach data from ru, but it is not scheduled 491.19
[0m[93m[PHY]    no free space for a new detected rach, discarding
[0m[93m[NR_PHY_RACH] Error in scheduling rach
[0m[93m[HW]     we get rach data from ru, but it is not scheduled 492.19
[0m[93m[PHY]    no free space for a new detected rach, discarding
[0m[93m[NR_PHY_RACH] Error in scheduling rach
[0m[93m[HW]     we get rach data from ru, but it is not scheduled 493.19
[0m[93m[PHY]    no free space for a new detected rach, discarding
[0m[93m[NR_PHY_RACH] Error in scheduling rach
[0m[93m[HW]     we get rach data from ru, but it is not scheduled 494.19
[0m[93m[PHY]    no free space for a new detected rach, discarding
[0m[93m[NR_PHY_RACH] Error in scheduling rach
[0m[93m[HW]     we get rach data from ru, but it is not scheduled 495.19
[0m[93m[PHY]    no free space for a new detected rach, discarding
[0m[93m[NR_PHY_RACH] Error in scheduling rach
[0m[93m[HW]     we get rach data from ru, but it is not scheduled 496.19
[0m[93m[PHY]    no free space for a new detected rach, discarding
[0m[93m[NR_PHY_RACH] Error in scheduling rach
[0m[93m[HW]     we get rach data from ru, but it is not scheduled 497.19
[0m[93m[PHY]    no free space for a new detected rach, discarding
[0m[93m[NR_PHY_RACH] Error in scheduling rach
[0m[93m[HW]     we get rach data from ru, but it is not scheduled 498.19
[0m[93m[PHY]    no free space for a new detected rach, discarding
[0m[93m[NR_PHY_RACH] Error in scheduling rach
[0m[93m[HW]     we get rach data from ru, but it is not scheduled 499.19
[0m[93m[PHY]    no free space for a new detected rach, discarding
[0m[93m[NR_PHY_RACH] Error in scheduling rach
[0m[93m[HW]     we get rach data from ru, but it is not scheduled 500.19
[0m[93m[PHY]    no free space for a new detected rach, discarding
[0m[93m[NR_PHY_RACH] Error in scheduling rach
[0m[93m[HW]     we get rach data from ru, but it is not scheduled 501.19
[0m[93m[PHY]    no free space for a new detected rach, discarding
[0m[93m[NR_PHY_RACH] Error in scheduling rach
[0m[93m[HW]     we get rach data from ru, but it is not scheduled 502.19
[0m[93m[PHY]    no free space for a new detected rach, discarding
[0m[93m[NR_PHY_RACH] Error in scheduling rach
[0m[93m[HW]     we get rach data from ru, but it is not scheduled 503.19
[0m[93m[PHY]    no free space for a new detected rach, discarding
[0m[93m[NR_PHY_RACH] Error in scheduling rach
[0m[93m[HW]     we get rach data from ru, but it is not scheduled 504.19
[0m[93m[PHY]    no free space for a new detected rach, discarding
[0m[93m[NR_PHY_RACH] Error in scheduling rach
[0m[93m[HW]     we get rach data from ru, but it is not scheduled 505.19
[0m[93m[PHY]    no free space for a new detected rach, discarding
[0m[93m[NR_PHY_RACH] Error in scheduling rach
[0m[93m[HW]     we get rach data from ru, but it is not scheduled 506.19
[0m[93m[PHY]    no free space for a new detected rach, discarding
[0m[93m[NR_PHY_RACH] Error in scheduling rach
[0m[93m[HW]     we get rach data from ru, but it is not scheduled 507.19
[0m[93m[PHY]    no free space for a new detected rach, discarding
[0m[93m[NR_PHY_RACH] Error in scheduling rach
[0m[93m[HW]     we get rach data from ru, but it is not scheduled 508.19
[0m[93m[PHY]    no free space for a new detected rach, discarding
[0m[93m[NR_PHY_RACH] Error in scheduling rach
[0m[93m[HW]     we get rach data from ru, but it is not scheduled 509.19
[0m[93m[PHY]    no free space for a new detected rach, discarding
[0m[93m[NR_PHY_RACH] Error in scheduling rach
[0m[93m[HW]     we get rach data from ru, but it is not scheduled 510.19
[0m[93m[PHY]    no free space for a new detected rach, discarding
[0m[93m[NR_PHY_RACH] Error in scheduling rach
[0m[93m[HW]     we get rach data from ru, but it is not scheduled 511.19
[0m[HW]     [o-du 0][rx   43008 pps   10752 kbps   72964][tx  127532 pps   31872 kbps  182321][Total Msgs_Rcvd 43008]
[0m[HW]     [FH LOAD][o-du 0] rx=72.964 Mbps tx=182.321 Mbps total=255.285 Mbps rx_pps=10752 tx_pps=31872 total_pps=42624
[0m[HW]     [o_du0][pusch0   36864 prach0    6144]
[0m[93m[PHY]    no free space for a new detected rach, discarding
[0m[93m[NR_PHY_RACH] Error in scheduling rach
[0m[93m[HW]     we get rach data from ru, but it is not scheduled 512.19
[0m[93m[PHY]    no free space for a new detected rach, discarding
[0m[93m[NR_PHY_RACH] Error in scheduling rach
[0m[93m[HW]     we get rach data from ru, but it is not scheduled 513.19
[0m[93m[PHY]    no free space for a new detected rach, discarding
[0m[93m[NR_PHY_RACH] Error in scheduling rach
[0m[93m[HW]     we get rach data from ru, but it is not scheduled 514.19
[0m[93m[PHY]    no free space for a new detected rach, discarding
[0m[93m[NR_PHY_RACH] Error in scheduling rach
[0m[93m[HW]     we get rach data from ru, but it is not scheduled 515.19
[0m[93m[PHY]    no free space for a new detected rach, discarding
[0m[93m[NR_PHY_RACH] Error in scheduling rach
[0m[93m[HW]     we get rach data from ru, but it is not scheduled 516.19
[0m[93m[PHY]    no free space for a new detected rach, discarding
[0m[93m[NR_PHY_RACH] Error in scheduling rach
[0m[93m[HW]     we get rach data from ru, but it is not scheduled 517.19
[0m[93m[PHY]    no free space for a new detected rach, discarding
[0m[93m[NR_PHY_RACH] Error in scheduling rach
[0m[93m[HW]     we get rach data from ru, but it is not scheduled 518.19
[0m[93m[PHY]    no free space for a new detected rach, discarding
[0m[93m[NR_PHY_RACH] Error in scheduling rach
[0m[93m[HW]     we get rach data from ru, but it is not scheduled 519.19
[0m[93m[PHY]    no free space for a new detected rach, discarding
[0m[93m[NR_PHY_RACH] Error in scheduling rach
[0m[93m[HW]     we get rach data from ru, but it is not scheduled 520.19
[0m[93m[PHY]    no free space for a new detected rach, discarding
[0m[93m[NR_PHY_RACH] Error in scheduling rach
[0m[93m[HW]     we get rach data from ru, but it is not scheduled 521.19
[0m[93m[PHY]    no free space for a new detected rach, discarding
[0m[93m[NR_PHY_RACH] Error in scheduling rach
[0m[93m[HW]     we get rach data from ru, but it is not scheduled 522.19
[0m[93m[PHY]    no free space for a new detected rach, discarding
[0m[93m[NR_PHY_RACH] Error in scheduling rach
[0m[93m[HW]     we get rach data from ru, but it is not scheduled 523.19
[0m[93m[PHY]    no free space for a new detected rach, discarding
[0m[93m[NR_PHY_RACH] Error in scheduling rach
[0m[93m[HW]     we get rach data from ru, but it is not scheduled 524.19
[0m[93m[PHY]    no free space for a new detected rach, discarding
[0m[93m[NR_PHY_RACH] Error in scheduling rach
[0m[93m[HW]     we get rach data from ru, but it is not scheduled 525.19
[0m[93m[PHY]    no free space for a new detected rach, discarding
[0m[93m[NR_PHY_RACH] Error in scheduling rach
[0m[93m[HW]     we get rach data from ru, but it is not scheduled 526.19
[0m[93m[PHY]    no free space for a new detected rach, discarding
[0m[93m[NR_PHY_RACH] Error in scheduling rach
[0m[93m[HW]     we get rach data from ru, but it is not scheduled 527.19
[0m[93m[PHY]    no free space for a new detected rach, discarding
[0m[93m[NR_PHY_RACH] Error in scheduling rach
[0m[93m[HW]     we get rach data from ru, but it is not scheduled 528.19
[0m[93m[PHY]    no free space for a new detected rach, discarding
[0m[93m[NR_PHY_RACH] Error in scheduling rach
[0m[93m[HW]     we get rach data from ru, but it is not scheduled 529.19
[0m[93m[PHY]    no free space for a new detected rach, discarding
[0m[93m[NR_PHY_RACH] Error in scheduling rach
[0m[93m[HW]     we get rach data from ru, but it is not scheduled 530.19
[0m[93m[PHY]    no free space for a new detected rach, discarding
[0m[93m[NR_PHY_RACH] Error in scheduling rach
[0m[93m[HW]     we get rach data from ru, but it is not scheduled 531.19
[0m[93m[PHY]    no free space for a new detected rach, discarding
[0m[93m[NR_PHY_RACH] Error in scheduling rach
[0m[93m[HW]     we get rach data from ru, but it is not scheduled 532.19
[0m[93m[PHY]    no free space for a new detected rach, discarding
[0m[93m[NR_PHY_RACH] Error in scheduling rach
[0m[93m[HW]     we get rach data from ru, but it is not scheduled 533.19
[0m[93m[PHY]    no free space for a new detected rach, discarding
[0m[93m[NR_PHY_RACH] Error in scheduling rach
[0m[93m[HW]     we get rach data from ru, but it is not scheduled 534.19
[0m[93m[PHY]    no free space for a new detected rach, discarding
[0m[93m[NR_PHY_RACH] Error in scheduling rach
[0m[93m[HW]     we get rach data from ru, but it is not scheduled 535.19
[0m[93m[PHY]    no free space for a new detected rach, discarding
[0m[93m[NR_PHY_RACH] Error in scheduling rach
[0m[93m[HW]     we get rach data from ru, but it is not scheduled 536.19
[0m[93m[PHY]    no free space for a new detected rach, discarding
[0m[93m[NR_PHY_RACH] Error in scheduling rach
[0m[93m[HW]     we get rach data from ru, but it is not scheduled 537.19
[0m[93m[PHY]    no free space for a new detected rach, discarding
[0m[93m[NR_PHY_RACH] Error in scheduling rach
[0m[93m[HW]     we get rach data from ru, but it is not scheduled 538.19
[0m[93m[PHY]    no free space for a new detected rach, discarding
[0m[93m[NR_PHY_RACH] Error in scheduling rach
[0m[93m[HW]     we get rach data from ru, but it is not scheduled 539.19
[0m[93m[PHY]    no free space for a new detected rach, discarding
[0m[93m[NR_PHY_RACH] Error in scheduling rach
[0m[93m[HW]     we get rach data from ru, but it is not scheduled 540.19
[0m[93m[PHY]    no free space for a new detected rach, discarding
[0m[93m[NR_PHY_RACH] Error in scheduling rach
[0m[93m[HW]     we get rach data from ru, but it is not scheduled 541.19
[0m[93m[PHY]    no free space for a new detected rach, discarding
[0m[93m[NR_PHY_RACH] Error in scheduling rach
[0m[93m[HW]     we get rach data from ru, but it is not scheduled 542.19
[0m[93m[PHY]    no free space for a new detected rach, discarding
[0m[93m[NR_PHY_RACH] Error in scheduling rach
[0m[93m[HW]     we get rach data from ru, but it is not scheduled 543.19
[0m[93m[PHY]    no free space for a new detected rach, discarding
[0m[93m[NR_PHY_RACH] Error in scheduling rach
[0m[93m[HW]     we get rach data from ru, but it is not scheduled 544.19
[0m[93m[PHY]    no free space for a new detected rach, discarding
[0m[93m[NR_PHY_RACH] Error in scheduling rach
[0m[93m[HW]     we get rach data from ru, but it is not scheduled 545.19
[0m[93m[PHY]    no free space for a new detected rach, discarding
[0m[93m[NR_PHY_RACH] Error in scheduling rach
[0m[93m[HW]     we get rach data from ru, but it is not scheduled 546.19
[0m[93m[PHY]    no free space for a new detected rach, discarding
[0m[93m[NR_PHY_RACH] Error in scheduling rach
[0m[93m[HW]     we get rach data from ru, but it is not scheduled 547.19
[0m[93m[PHY]    no free space for a new detected rach, discarding
[0m[93m[NR_PHY_RACH] Error in scheduling rach
[0m[93m[HW]     we get rach data from ru, but it is not scheduled 548.19
[0m[93m[PHY]    no free space for a new detected rach, discarding
[0m[93m[NR_PHY_RACH] Error in scheduling rach
[0m[93m[HW]     we get rach data from ru, but it is not scheduled 549.19
[0m[93m[PHY]    no free space for a new detected rach, discarding
[0m[93m[NR_PHY_RACH] Error in scheduling rach
[0m[93m[HW]     we get rach data from ru, but it is not scheduled 550.19
[0m[93m[PHY]    no free space for a new detected rach, discarding
[0m[93m[NR_PHY_RACH] Error in scheduling rach
[0m[93m[HW]     we get rach data from ru, but it is not scheduled 551.19
[0m[93m[PHY]    no free space for a new detected rach, discarding
[0m[93m[NR_PHY_RACH] Error in scheduling rach
[0m[93m[HW]     we get rach data from ru, but it is not scheduled 552.19
[0m[93m[PHY]    no free space for a new detected rach, discarding
[0m[93m[NR_PHY_RACH] Error in scheduling rach
[0m[93m[HW]     we get rach data from ru, but it is not scheduled 553.19
[0m[93m[PHY]    no free space for a new detected rach, discarding
[0m[93m[NR_PHY_RACH] Error in scheduling rach
[0m[93m[HW]     we get rach data from ru, but it is not scheduled 554.19
[0m[93m[PHY]    no free space for a new detected rach, discarding
[0m[93m[NR_PHY_RACH] Error in scheduling rach
[0m[93m[HW]     we get rach data from ru, but it is not scheduled 555.19
[0m[93m[PHY]    no free space for a new detected rach, discarding
[0m[93m[NR_PHY_RACH] Error in scheduling rach
[0m[93m[HW]     we get rach data from ru, but it is not scheduled 556.19
[0m[93m[PHY]    no free space for a new detected rach, discarding
[0m[93m[NR_PHY_RACH] Error in scheduling rach
[0m[93m[HW]     we get rach data from ru, but it is not scheduled 557.19
[0m[93m[PHY]    no free space for a new detected rach, discarding
[0m[93m[NR_PHY_RACH] Error in scheduling rach
[0m[93m[HW]     we get rach data from ru, but it is not scheduled 558.19
[0m[93m[PHY]    no free space for a new detected rach, discarding
[0m[93m[NR_PHY_RACH] Error in scheduling rach
[0m[93m[HW]     we get rach data from ru, but it is not scheduled 559.19
[0m[93m[PHY]    no free space for a new detected rach, discarding
[0m[93m[NR_PHY_RACH] Error in scheduling rach
[0m[93m[HW]     we get rach data from ru, but it is not scheduled 560.19
[0m[93m[PHY]    no free space for a new detected rach, discarding
[0m[93m[NR_PHY_RACH] Error in scheduling rach
[0m[93m[HW]     we get rach data from ru, but it is not scheduled 561.19
[0m[93m[PHY]    no free space for a new detected rach, discarding
[0m[93m[NR_PHY_RACH] Error in scheduling rach
[0m[93m[HW]     we get rach data from ru, but it is not scheduled 562.19
[0m[93m[PHY]    no free space for a new detected rach, discarding
[0m[93m[NR_PHY_RACH] Error in scheduling rach
[0m[93m[HW]     we get rach data from ru, but it is not scheduled 563.19
[0m[93m[PHY]    no free space for a new detected rach, discarding
[0m[93m[NR_PHY_RACH] Error in scheduling rach
[0m[93m[HW]     we get rach data from ru, but it is not scheduled 564.19
[0m[93m[PHY]    no free space for a new detected rach, discarding
[0m[93m[NR_PHY_RACH] Error in scheduling rach
[0m[93m[HW]     we get rach data from ru, but it is not scheduled 565.19
[0m[93m[PHY]    no free space for a new detected rach, discarding
[0m[93m[NR_PHY_RACH] Error in scheduling rach
[0m[93m[HW]     we get rach data from ru, but it is not scheduled 566.19
[0m[93m[PHY]    no free space for a new detected rach, discarding
[0m[93m[NR_PHY_RACH] Error in scheduling rach
[0m[93m[HW]     we get rach data from ru, but it is not scheduled 567.19
[0m[93m[PHY]    no free space for a new detected rach, discarding
[0m[93m[NR_PHY_RACH] Error in scheduling rach
[0m[93m[HW]     we get rach data from ru, but it is not scheduled 568.19
[0m[93m[PHY]    no free space for a new detected rach, discarding
[0m[93m[NR_PHY_RACH] Error in scheduling rach
[0m[93m[HW]     we get rach data from ru, but it is not scheduled 569.19
[0m[93m[PHY]    no free space for a new detected rach, discarding
[0m[93m[NR_PHY_RACH] Error in scheduling rach
[0m[93m[HW]     we get rach data from ru, but it is not scheduled 570.19
[0m[93m[PHY]    no free space for a new detected rach, discarding
[0m[93m[NR_PHY_RACH] Error in scheduling rach
[0m[93m[HW]     we get rach data from ru, but it is not scheduled 571.19
[0m[93m[PHY]    no free space for a new detected rach, discarding
[0m[93m[NR_PHY_RACH] Error in scheduling rach
[0m[93m[HW]     we get rach data from ru, but it is not scheduled 572.19
[0m[93m[PHY]    no free space for a new detected rach, discarding
[0m[93m[NR_PHY_RACH] Error in scheduling rach
[0m[93m[HW]     we get rach data from ru, but it is not scheduled 573.19
[0m[93m[PHY]    no free space for a new detected rach, discarding
[0m[93m[NR_PHY_RACH] Error in scheduling rach
[0m[93m[HW]     we get rach data from ru, but it is not scheduled 574.19
[0m[93m[PHY]    no free space for a new detected rach, discarding
[0m[93m[NR_PHY_RACH] Error in scheduling rach
[0m[93m[HW]     we get rach data from ru, but it is not scheduled 575.19
[0m[93m[PHY]    no free space for a new detected rach, discarding
[0m[93m[NR_PHY_RACH] Error in scheduling rach
[0m[93m[HW]     we get rach data from ru, but it is not scheduled 576.19
[0m[93m[PHY]    no free space for a new detected rach, discarding
[0m[93m[NR_PHY_RACH] Error in scheduling rach
[0m[93m[HW]     we get rach data from ru, but it is not scheduled 577.19
[0m[93m[PHY]    no free space for a new detected rach, discarding
[0m[93m[NR_PHY_RACH] Error in scheduling rach
[0m[93m[HW]     we get rach data from ru, but it is not scheduled 578.19
[0m[93m[PHY]    no free space for a new detected rach, discarding
[0m[93m[NR_PHY_RACH] Error in scheduling rach
[0m[93m[HW]     we get rach data from ru, but it is not scheduled 579.19
[0m[93m[PHY]    no free space for a new detected rach, discarding
[0m[93m[NR_PHY_RACH] Error in scheduling rach
[0m[93m[HW]     we get rach data from ru, but it is not scheduled 580.19
[0m[93m[PHY]    no free space for a new detected rach, discarding
[0m[93m[NR_PHY_RACH] Error in scheduling rach
[0m[93m[HW]     we get rach data from ru, but it is not scheduled 581.19
[0m[93m[PHY]    no free space for a new detected rach, discarding
[0m[93m[NR_PHY_RACH] Error in scheduling rach
[0m[93m[HW]     we get rach data from ru, but it is not scheduled 582.19
[0m[93m[PHY]    no free space for a new detected rach, discarding
[0m[93m[NR_PHY_RACH] Error in scheduling rach
[0m[93m[HW]     we get rach data from ru, but it is not scheduled 583.19
[0m[93m[PHY]    no free space for a new detected rach, discarding
[0m[93m[NR_PHY_RACH] Error in scheduling rach
[0m[93m[HW]     we get rach data from ru, but it is not scheduled 584.19
[0m[93m[PHY]    no free space for a new detected rach, discarding
[0m[93m[NR_PHY_RACH] Error in scheduling rach
[0m[93m[HW]     we get rach data from ru, but it is not scheduled 585.19
[0m[93m[PHY]    no free space for a new detected rach, discarding
[0m[93m[NR_PHY_RACH] Error in scheduling rach
[0m[93m[HW]     we get rach data from ru, but it is not scheduled 586.19
[0m[93m[PHY]    no free space for a new detected rach, discarding
[0m[93m[NR_PHY_RACH] Error in scheduling rach
[0m[93m[HW]     we get rach data from ru, but it is not scheduled 587.19
[0m[93m[PHY]    no free space for a new detected rach, discarding
[0m[93m[NR_PHY_RACH] Error in scheduling rach
[0m[93m[HW]     we get rach data from ru, but it is not scheduled 588.19
[0m[93m[PHY]    no free space for a new detected rach, discarding
[0m[93m[NR_PHY_RACH] Error in scheduling rach
[0m[93m[HW]     we get rach data from ru, but it is not scheduled 589.19
[0m[93m[PHY]    no free space for a new detected rach, discarding
[0m[93m[NR_PHY_RACH] Error in scheduling rach
[0m[93m[HW]     we get rach data from ru, but it is not scheduled 590.19
[0m[93m[PHY]    no free space for a new detected rach, discarding
[0m[93m[NR_PHY_RACH] Error in scheduling rach
[0m[93m[HW]     we get rach data from ru, but it is not scheduled 591.19
[0m[93m[PHY]    no free space for a new detected rach, discarding
[0m[93m[NR_PHY_RACH] Error in scheduling rach
[0m[93m[HW]     we get rach data from ru, but it is not scheduled 592.19
[0m[93m[PHY]    no free space for a new detected rach, discarding
[0m[93m[NR_PHY_RACH] Error in scheduling rach
[0m[93m[HW]     we get rach data from ru, but it is not scheduled 593.19
[0m[93m[PHY]    no free space for a new detected rach, discarding
[0m[93m[NR_PHY_RACH] Error in scheduling rach
[0m[93m[HW]     we get rach data from ru, but it is not scheduled 594.19
[0m[93m[PHY]    no free space for a new detected rach, discarding
[0m[93m[NR_PHY_RACH] Error in scheduling rach
[0m[93m[HW]     we get rach data from ru, but it is not scheduled 595.19
[0m[93m[PHY]    no free space for a new detected rach, discarding
[0m[93m[NR_PHY_RACH] Error in scheduling rach
[0m[93m[HW]     we get rach data from ru, but it is not scheduled 596.19
[0m[93m[PHY]    no free space for a new detected rach, discarding
[0m[93m[NR_PHY_RACH] Error in scheduling rach
[0m[93m[HW]     we get rach data from ru, but it is not scheduled 597.19
[0m[93m[PHY]    no free space for a new detected rach, discarding
[0m[93m[NR_PHY_RACH] Error in scheduling rach
[0m[93m[HW]     we get rach data from ru, but it is not scheduled 598.19
[0m[93m[PHY]    no free space for a new detected rach, discarding
[0m[93m[NR_PHY_RACH] Error in scheduling rach
[0m[93m[HW]     we get rach data from ru, but it is not scheduled 599.19
[0m[93m[PHY]    no free space for a new detected rach, discarding
[0m[93m[NR_PHY_RACH] Error in scheduling rach
[0m[93m[HW]     we get rach data from ru, but it is not scheduled 600.19
[0m[93m[PHY]    no free space for a new detected rach, discarding
[0m[93m[NR_PHY_RACH] Error in scheduling rach
[0m[93m[HW]     we get rach data from ru, but it is not scheduled 601.19
[0m[93m[PHY]    no free space for a new detected rach, discarding
[0m[93m[NR_PHY_RACH] Error in scheduling rach
[0m[93m[HW]     we get rach data from ru, but it is not scheduled 602.19
[0m[93m[PHY]    no free space for a new detected rach, discarding
[0m[93m[NR_PHY_RACH] Error in scheduling rach
[0m[93m[HW]     we get rach data from ru, but it is not scheduled 603.19
[0m[93m[PHY]    no free space for a new detected rach, discarding
[0m[93m[NR_PHY_RACH] Error in scheduling rach
[0m[93m[HW]     we get rach data from ru, but it is not scheduled 604.19
[0m[93m[PHY]    no free space for a new detected rach, discarding
[0m[93m[NR_PHY_RACH] Error in scheduling rach
[0m[93m[HW]     we get rach data from ru, but it is not scheduled 605.19
[0m[93m[PHY]    no free space for a new detected rach, discarding
[0m[93m[NR_PHY_RACH] Error in scheduling rach
[0m[93m[HW]     we get rach data from ru, but it is not scheduled 606.19
[0m[93m[PHY]    no free space for a new detected rach, discarding
[0m[93m[NR_PHY_RACH] Error in scheduling rach
[0m[93m[HW]     we get rach data from ru, but it is not scheduled 607.19
[0m[93m[PHY]    no free space for a new detected rach, discarding
[0m[93m[NR_PHY_RACH] Error in scheduling rach
[0m[93m[HW]     we get rach data from ru, but it is not scheduled 608.19
[0m[93m[PHY]    no free space for a new detected rach, discarding
[0m[93m[NR_PHY_RACH] Error in scheduling rach
[0m[93m[HW]     we get rach data from ru, but it is not scheduled 609.19
[0m[93m[PHY]    no free space for a new detected rach, discarding
[0m[93m[NR_PHY_RACH] Error in scheduling rach
[0m[93m[HW]     we get rach data from ru, but it is not scheduled 610.19
[0m[93m[PHY]    no free space for a new detected rach, discarding
[0m[93m[NR_PHY_RACH] Error in scheduling rach
[0m[93m[HW]     we get rach data from ru, but it is not scheduled 611.19
[0m[93m[PHY]    no free space for a new detected rach, discarding
[0m[93m[NR_PHY_RACH] Error in scheduling rach
[0m[93m[HW]     we get rach data from ru, but it is not scheduled 612.19
[0m[93m[PHY]    no free space for a new detected rach, discarding
[0m[93m[NR_PHY_RACH] Error in scheduling rach
[0m[93m[HW]     we get rach data from ru, but it is not scheduled 613.19
[0m[93m[PHY]    no free space for a new detected rach, discarding
[0m[93m[NR_PHY_RACH] Error in scheduling rach
[0m[93m[HW]     we get rach data from ru, but it is not scheduled 614.19
[0m[93m[PHY]    no free space for a new detected rach, discarding
[0m[93m[NR_PHY_RACH] Error in scheduling rach
[0m[93m[HW]     we get rach data from ru, but it is not scheduled 615.19
[0m[93m[PHY]    no free space for a new detected rach, discarding
[0m[93m[NR_PHY_RACH] Error in scheduling rach
[0m[93m[HW]     we get rach data from ru, but it is not scheduled 616.19
[0m[93m[PHY]    no free space for a new detected rach, discarding
[0m[93m[NR_PHY_RACH] Error in scheduling rach
[0m[93m[HW]     we get rach data from ru, but it is not scheduled 617.19
[0m[93m[PHY]    no free space for a new detected rach, discarding
[0m[93m[NR_PHY_RACH] Error in scheduling rach
[0m[93m[HW]     we get rach data from ru, but it is not scheduled 618.19
[0m[93m[PHY]    no free space for a new detected rach, discarding
[0m[93m[NR_PHY_RACH] Error in scheduling rach
[0m[93m[HW]     we get rach data from ru, but it is not scheduled 619.19
[0m[93m[PHY]    no free space for a new detected rach, discarding
[0m[93m[NR_PHY_RACH] Error in scheduling rach
[0m[93m[HW]     we get rach data from ru, but it is not scheduled 620.19
[0m[93m[PHY]    no free space for a new detected rach, discarding
[0m[93m[NR_PHY_RACH] Error in scheduling rach
[0m[93m[HW]     we get rach data from ru, but it is not scheduled 621.19
[0m[93m[PHY]    no free space for a new detected rach, discarding
[0m[93m[NR_PHY_RACH] Error in scheduling rach
[0m[93m[HW]     we get rach data from ru, but it is not scheduled 622.19
[0m[93m[PHY]    no free space for a new detected rach, discarding
[0m[93m[NR_PHY_RACH] Error in scheduling rach
[0m[93m[HW]     we get rach data from ru, but it is not scheduled 623.19
[0m[93m[PHY]    no free space for a new detected rach, discarding
[0m[93m[NR_PHY_RACH] Error in scheduling rach
[0m[93m[HW]     we get rach data from ru, but it is not scheduled 624.19
[0m[93m[PHY]    no free space for a new detected rach, discarding
[0m[93m[NR_PHY_RACH] Error in scheduling rach
[0m[93m[HW]     we get rach data from ru, but it is not scheduled 625.19
[0m[93m[PHY]    no free space for a new detected rach, discarding
[0m[93m[NR_PHY_RACH] Error in scheduling rach
[0m[93m[HW]     we get rach data from ru, but it is not scheduled 626.19
[0m[93m[PHY]    no free space for a new detected rach, discarding
[0m[93m[NR_PHY_RACH] Error in scheduling rach
[0m[93m[HW]     we get rach data from ru, but it is not scheduled 627.19
[0m[93m[PHY]    no free space for a new detected rach, discarding
[0m[93m[NR_PHY_RACH] Error in scheduling rach
[0m[93m[HW]     we get rach data from ru, but it is not scheduled 628.19
[0m[93m[PHY]    no free space for a new detected rach, discarding
[0m[93m[NR_PHY_RACH] Error in scheduling rach
[0m[93m[HW]     we get rach data from ru, but it is not scheduled 629.19
[0m[93m[PHY]    no free space for a new detected rach, discarding
[0m[93m[NR_PHY_RACH] Error in scheduling rach
[0m[93m[HW]     we get rach data from ru, but it is not scheduled 630.19
[0m[93m[PHY]    no free space for a new detected rach, discarding
[0m[93m[NR_PHY_RACH] Error in scheduling rach
[0m[93m[HW]     we get rach data from ru, but it is not scheduled 631.19
[0m[93m[PHY]    no free space for a new detected rach, discarding
[0m[93m[NR_PHY_RACH] Error in scheduling rach
[0m[93m[HW]     we get rach data from ru, but it is not scheduled 632.19
[0m[93m[PHY]    no free space for a new detected rach, discarding
[0m[93m[NR_PHY_RACH] Error in scheduling rach
[0m[93m[HW]     we get rach data from ru, but it is not scheduled 633.19
[0m[93m[PHY]    no free space for a new detected rach, discarding
[0m[93m[NR_PHY_RACH] Error in scheduling rach
[0m[93m[HW]     we get rach data from ru, but it is not scheduled 634.19
[0m[93m[PHY]    no free space for a new detected rach, discarding
[0m[93m[NR_PHY_RACH] Error in scheduling rach
[0m[93m[HW]     we get rach data from ru, but it is not scheduled 635.19
[0m[93m[PHY]    no free space for a new detected rach, discarding
[0m[93m[NR_PHY_RACH] Error in scheduling rach
[0m[93m[HW]     we get rach data from ru, but it is not scheduled 636.19
[0m[93m[PHY]    no free space for a new detected rach, discarding
[0m[93m[NR_PHY_RACH] Error in scheduling rach
[0m[93m[HW]     we get rach data from ru, but it is not scheduled 637.19
[0m[93m[PHY]    no free space for a new detected rach, discarding
[0m[93m[NR_PHY_RACH] Error in scheduling rach
[0m[93m[HW]     we get rach data from ru, but it is not scheduled 638.19
[0m[93m[PHY]    no free space for a new detected rach, discarding
[0m[93m[NR_PHY_RACH] Error in scheduling rach
[0m[93m[HW]     we get rach data from ru, but it is not scheduled 639.19
[0m[HW]     [o-du 0][rx   53760 pps   10752 kbps   72955][tx  159404 pps   31872 kbps  182321][Total Msgs_Rcvd 53760]
[0m[HW]     [FH LOAD][o-du 0] rx=72.955 Mbps tx=182.321 Mbps total=255.276 Mbps rx_pps=10752 tx_pps=31872 total_pps=42624
[0m[HW]     [o_du0][pusch0   46080 prach0    7680]
[0m[93m[PHY]    no free space for a new detected rach, discarding
[0m[93m[NR_PHY_RACH] Error in scheduling rach
[0m[93m[HW]     we get rach data from ru, but it is not scheduled 640.19
[0m[93m[PHY]    no free space for a new detected rach, discarding
[0m[93m[NR_PHY_RACH] Error in scheduling rach
[0m[93m[HW]     we get rach data from ru, but it is not scheduled 641.19
[0m[93m[PHY]    no free space for a new detected rach, discarding
[0m[93m[NR_PHY_RACH] Error in scheduling rach
[0m[93m[HW]     we get rach data from ru, but it is not scheduled 642.19
[0m[93m[PHY]    no free space for a new detected rach, discarding
[0m[93m[NR_PHY_RACH] Error in scheduling rach
[0m[93m[HW]     we get rach data from ru, but it is not scheduled 643.19
[0m[93m[PHY]    no free space for a new detected rach, discarding
[0m[93m[NR_PHY_RACH] Error in scheduling rach
[0m[93m[HW]     we get rach data from ru, but it is not scheduled 644.19
[0m[93m[PHY]    no free space for a new detected rach, discarding
[0m[93m[NR_PHY_RACH] Error in scheduling rach
[0m[93m[HW]     we get rach data from ru, but it is not scheduled 645.19
[0m[93m[PHY]    no free space for a new detected rach, discarding
[0m[93m[NR_PHY_RACH] Error in scheduling rach
[0m[93m[HW]     we get rach data from ru, but it is not scheduled 646.19
[0m[93m[PHY]    no free space for a new detected rach, discarding
[0m[93m[NR_PHY_RACH] Error in scheduling rach
[0m[93m[HW]     we get rach data from ru, but it is not scheduled 647.19
[0m[93m[PHY]    no free space for a new detected rach, discarding
[0m[93m[NR_PHY_RACH] Error in scheduling rach
[0m[93m[HW]     we get rach data from ru, but it is not scheduled 648.19
[0m[93m[PHY]    no free space for a new detected rach, discarding
[0m[93m[NR_PHY_RACH] Error in scheduling rach
[0m[93m[HW]     we get rach data from ru, but it is not scheduled 649.19
[0m[93m[PHY]    no free space for a new detected rach, discarding
[0m[93m[NR_PHY_RACH] Error in scheduling rach
[0m[93m[HW]     we get rach data from ru, but it is not scheduled 650.19
[0m[93m[PHY]    no free space for a new detected rach, discarding
[0m[93m[NR_PHY_RACH] Error in scheduling rach
[0m[93m[HW]     we get rach data from ru, but it is not scheduled 651.19
[0m[93m[PHY]    no free space for a new detected rach, discarding
[0m[93m[NR_PHY_RACH] Error in scheduling rach
[0m[93m[HW]     we get rach data from ru, but it is not scheduled 652.19
[0m[93m[PHY]    no free space for a new detected rach, discarding
[0m[93m[NR_PHY_RACH] Error in scheduling rach
[0m[93m[HW]     we get rach data from ru, but it is not scheduled 653.19
[0m[93m[PHY]    no free space for a new detected rach, discarding
[0m[93m[NR_PHY_RACH] Error in scheduling rach
[0m[93m[HW]     we get rach data from ru, but it is not scheduled 654.19
[0m[93m[PHY]    no free space for a new detected rach, discarding
[0m[93m[NR_PHY_RACH] Error in scheduling rach
[0m[93m[HW]     we get rach data from ru, but it is not scheduled 655.19
[0m[93m[PHY]    no free space for a new detected rach, discarding
[0m[93m[NR_PHY_RACH] Error in scheduling rach
[0m[93m[HW]     we get rach data from ru, but it is not scheduled 656.19
[0m[93m[PHY]    no free space for a new detected rach, discarding
[0m[93m[NR_PHY_RACH] Error in scheduling rach
[0m[93m[HW]     we get rach data from ru, but it is not scheduled 657.19
[0m[93m[PHY]    no free space for a new detected rach, discarding
[0m[93m[NR_PHY_RACH] Error in scheduling rach
[0m[93m[HW]     we get rach data from ru, but it is not scheduled 658.19
[0m[93m[PHY]    no free space for a new detected rach, discarding
[0m[93m[NR_PHY_RACH] Error in scheduling rach
[0m[93m[HW]     we get rach data from ru, but it is not scheduled 659.19
[0m[93m[PHY]    no free space for a new detected rach, discarding
[0m[93m[NR_PHY_RACH] Error in scheduling rach
[0m[93m[HW]     we get rach data from ru, but it is not scheduled 660.19
[0m[93m[PHY]    no free space for a new detected rach, discarding
[0m[93m[NR_PHY_RACH] Error in scheduling rach
[0m[93m[HW]     we get rach data from ru, but it is not scheduled 661.19
[0m[93m[PHY]    no free space for a new detected rach, discarding
[0m[93m[NR_PHY_RACH] Error in scheduling rach
[0m[93m[HW]     we get rach data from ru, but it is not scheduled 662.19
[0m[93m[PHY]    no free space for a new detected rach, discarding
[0m[93m[NR_PHY_RACH] Error in scheduling rach
[0m[93m[HW]     we get rach data from ru, but it is not scheduled 663.19
[0m[93m[PHY]    no free space for a new detected rach, discarding
[0m[93m[NR_PHY_RACH] Error in scheduling rach
[0m[93m[HW]     we get rach data from ru, but it is not scheduled 664.19
[0m[93m[PHY]    no free space for a new detected rach, discarding
[0m[93m[NR_PHY_RACH] Error in scheduling rach
[0m[93m[HW]     we get rach data from ru, but it is not scheduled 665.19
[0m[93m[PHY]    no free space for a new detected rach, discarding
[0m[93m[NR_PHY_RACH] Error in scheduling rach
[0m[93m[HW]     we get rach data from ru, but it is not scheduled 666.19
[0m[93m[PHY]    no free space for a new detected rach, discarding
[0m[93m[NR_PHY_RACH] Error in scheduling rach
[0m[93m[HW]     we get rach data from ru, but it is not scheduled 667.19
[0m[93m[PHY]    no free space for a new detected rach, discarding
[0m[93m[NR_PHY_RACH] Error in scheduling rach
[0m[93m[HW]     we get rach data from ru, but it is not scheduled 668.19
[0m[93m[PHY]    no free space for a new detected rach, discarding
[0m[93m[NR_PHY_RACH] Error in scheduling rach
[0m[93m[HW]     we get rach data from ru, but it is not scheduled 669.19
[0m[93m[PHY]    no free space for a new detected rach, discarding
[0m[93m[NR_PHY_RACH] Error in scheduling rach
[0m[93m[HW]     we get rach data from ru, but it is not scheduled 670.19
[0m[93m[PHY]    no free space for a new detected rach, discarding
[0m[93m[NR_PHY_RACH] Error in scheduling rach
[0m[93m[HW]     we get rach data from ru, but it is not scheduled 671.19
[0m[93m[PHY]    no free space for a new detected rach, discarding
[0m[93m[NR_PHY_RACH] Error in scheduling rach
[0m[93m[HW]     we get rach data from ru, but it is not scheduled 672.19
[0m[93m[PHY]    no free space for a new detected rach, discarding
[0m[93m[NR_PHY_RACH] Error in scheduling rach
[0m[93m[HW]     we get rach data from ru, but it is not scheduled 673.19
[0m[93m[PHY]    no free space for a new detected rach, discarding
[0m[93m[NR_PHY_RACH] Error in scheduling rach
[0m[93m[HW]     we get rach data from ru, but it is not scheduled 674.19
[0m[93m[PHY]    no free space for a new detected rach, discarding
[0m[93m[NR_PHY_RACH] Error in scheduling rach
[0m[93m[HW]     we get rach data from ru, but it is not scheduled 675.19
[0m[93m[PHY]    no free space for a new detected rach, discarding
[0m[93m[NR_PHY_RACH] Error in scheduling rach
[0m[93m[HW]     we get rach data from ru, but it is not scheduled 676.19
[0m[93m[PHY]    no free space for a new detected rach, discarding
[0m[93m[NR_PHY_RACH] Error in scheduling rach
[0m[93m[HW]     we get rach data from ru, but it is not scheduled 677.19
[0m[93m[PHY]    no free space for a new detected rach, discarding
[0m[93m[NR_PHY_RACH] Error in scheduling rach
[0m[93m[HW]     we get rach data from ru, but it is not scheduled 678.19
[0m[93m[PHY]    no free space for a new detected rach, discarding
[0m[93m[NR_PHY_RACH] Error in scheduling rach
[0m[93m[HW]     we get rach data from ru, but it is not scheduled 679.19
[0m[93m[PHY]    no free space for a new detected rach, discarding
[0m[93m[NR_PHY_RACH] Error in scheduling rach
[0m[93m[HW]     we get rach data from ru, but it is not scheduled 680.19
[0m[93m[PHY]    no free space for a new detected rach, discarding
[0m[93m[NR_PHY_RACH] Error in scheduling rach
[0m[93m[HW]     we get rach data from ru, but it is not scheduled 681.19
[0m[93m[PHY]    no free space for a new detected rach, discarding
[0m[93m[NR_PHY_RACH] Error in scheduling rach
[0m[93m[HW]     we get rach data from ru, but it is not scheduled 682.19
[0m[93m[PHY]    no free space for a new detected rach, discarding
[0m[93m[NR_PHY_RACH] Error in scheduling rach
[0m[93m[HW]     we get rach data from ru, but it is not scheduled 683.19
[0m[93m[PHY]    no free space for a new detected rach, discarding
[0m[93m[NR_PHY_RACH] Error in scheduling rach
[0m[93m[HW]     we get rach data from ru, but it is not scheduled 684.19
[0m[93m[PHY]    no free space for a new detected rach, discarding
[0m[93m[NR_PHY_RACH] Error in scheduling rach
[0m[93m[HW]     we get rach data from ru, but it is not scheduled 685.19
[0m[93m[PHY]    no free space for a new detected rach, discarding
[0m[93m[NR_PHY_RACH] Error in scheduling rach
[0m[93m[HW]     we get rach data from ru, but it is not scheduled 686.19
[0m[93m[PHY]    no free space for a new detected rach, discarding
[0m[93m[NR_PHY_RACH] Error in scheduling rach
[0m[93m[HW]     we get rach data from ru, but it is not scheduled 687.19
[0m[93m[PHY]    no free space for a new detected rach, discarding
[0m[93m[NR_PHY_RACH] Error in scheduling rach
[0m[93m[HW]     we get rach data from ru, but it is not scheduled 688.19
[0m[93m[PHY]    no free space for a new detected rach, discarding
[0m[93m[NR_PHY_RACH] Error in scheduling rach
[0m[93m[HW]     we get rach data from ru, but it is not scheduled 689.19
[0m[93m[PHY]    no free space for a new detected rach, discarding
[0m[93m[NR_PHY_RACH] Error in scheduling rach
[0m[93m[HW]     we get rach data from ru, but it is not scheduled 690.19
[0m[93m[PHY]    no free space for a new detected rach, discarding
[0m[93m[NR_PHY_RACH] Error in scheduling rach
[0m[93m[HW]     we get rach data from ru, but it is not scheduled 691.19
[0m[93m[PHY]    no free space for a new detected rach, discarding
[0m[93m[NR_PHY_RACH] Error in scheduling rach
[0m[93m[HW]     we get rach data from ru, but it is not scheduled 692.19
[0m[93m[PHY]    no free space for a new detected rach, discarding
[0m[93m[NR_PHY_RACH] Error in scheduling rach
[0m[93m[HW]     we get rach data from ru, but it is not scheduled 693.19
[0m[93m[PHY]    no free space for a new detected rach, discarding
[0m[93m[NR_PHY_RACH] Error in scheduling rach
[0m[93m[HW]     we get rach data from ru, but it is not scheduled 694.19
[0m[93m[PHY]    no free space for a new detected rach, discarding
[0m[93m[NR_PHY_RACH] Error in scheduling rach
[0m[93m[HW]     we get rach data from ru, but it is not scheduled 695.19
[0m[93m[PHY]    no free space for a new detected rach, discarding
[0m[93m[NR_PHY_RACH] Error in scheduling rach
[0m[93m[HW]     we get rach data from ru, but it is not scheduled 696.19
[0m[93m[PHY]    no free space for a new detected rach, discarding
[0m[93m[NR_PHY_RACH] Error in scheduling rach
[0m[93m[HW]     we get rach data from ru, but it is not scheduled 697.19
[0m[93m[PHY]    no free space for a new detected rach, discarding
[0m[93m[NR_PHY_RACH] Error in scheduling rach
[0m[93m[HW]     we get rach data from ru, but it is not scheduled 698.19
[0m[93m[PHY]    no free space for a new detected rach, discarding
[0m[93m[NR_PHY_RACH] Error in scheduling rach
[0m[93m[HW]     we get rach data from ru, but it is not scheduled 699.19
[0m[93m[PHY]    no free space for a new detected rach, discarding
[0m[93m[NR_PHY_RACH] Error in scheduling rach
[0m[93m[HW]     we get rach data from ru, but it is not scheduled 700.19
[0m[93m[PHY]    no free space for a new detected rach, discarding
[0m[93m[NR_PHY_RACH] Error in scheduling rach
[0m[93m[HW]     we get rach data from ru, but it is not scheduled 701.19
[0m[93m[PHY]    no free space for a new detected rach, discarding
[0m[93m[NR_PHY_RACH] Error in scheduling rach
[0m[93m[HW]     we get rach data from ru, but it is not scheduled 702.19
[0m[93m[PHY]    no free space for a new detected rach, discarding
[0m[93m[NR_PHY_RACH] Error in scheduling rach
[0m[93m[HW]     we get rach data from ru, but it is not scheduled 703.19
[0m[93m[PHY]    no free space for a new detected rach, discarding
[0m[93m[NR_PHY_RACH] Error in scheduling rach
[0m[93m[HW]     we get rach data from ru, but it is not scheduled 704.19
[0m[93m[PHY]    no free space for a new detected rach, discarding
[0m[93m[NR_PHY_RACH] Error in scheduling rach
[0m[93m[HW]     we get rach data from ru, but it is not scheduled 705.19
[0m[93m[PHY]    no free space for a new detected rach, discarding
[0m[93m[NR_PHY_RACH] Error in scheduling rach
[0m[93m[HW]     we get rach data from ru, but it is not scheduled 706.19
[0m[93m[PHY]    no free space for a new detected rach, discarding
[0m[93m[NR_PHY_RACH] Error in scheduling rach
[0m[93m[HW]     we get rach data from ru, but it is not scheduled 707.19
[0m[93m[PHY]    no free space for a new detected rach, discarding
[0m[93m[NR_PHY_RACH] Error in scheduling rach
[0m[93m[HW]     we get rach data from ru, but it is not scheduled 708.19
[0m[93m[PHY]    no free space for a new detected rach, discarding
[0m[93m[NR_PHY_RACH] Error in scheduling rach
[0m[93m[HW]     we get rach data from ru, but it is not scheduled 709.19
[0m[93m[PHY]    no free space for a new detected rach, discarding
[0m[93m[NR_PHY_RACH] Error in scheduling rach
[0m[93m[HW]     we get rach data from ru, but it is not scheduled 710.19
[0m[93m[PHY]    no free space for a new detected rach, discarding
[0m[93m[NR_PHY_RACH] Error in scheduling rach
[0m[93m[HW]     we get rach data from ru, but it is not scheduled 711.19
[0m[93m[PHY]    no free space for a new detected rach, discarding
[0m[93m[NR_PHY_RACH] Error in scheduling rach
[0m[93m[HW]     we get rach data from ru, but it is not scheduled 712.19
[0m[93m[PHY]    no free space for a new detected rach, discarding
[0m[93m[NR_PHY_RACH] Error in scheduling rach
[0m[93m[HW]     we get rach data from ru, but it is not scheduled 713.19
[0m[93m[PHY]    no free space for a new detected rach, discarding
[0m[93m[NR_PHY_RACH] Error in scheduling rach
[0m[93m[HW]     we get rach data from ru, but it is not scheduled 714.19
[0m[93m[PHY]    no free space for a new detected rach, discarding
[0m[93m[NR_PHY_RACH] Error in scheduling rach
[0m[93m[HW]     we get rach data from ru, but it is not scheduled 715.19
[0m[93m[PHY]    no free space for a new detected rach, discarding
[0m[93m[NR_PHY_RACH] Error in scheduling rach
[0m[93m[HW]     we get rach data from ru, but it is not scheduled 716.19
[0m[93m[PHY]    no free space for a new detected rach, discarding
[0m[93m[NR_PHY_RACH] Error in scheduling rach
[0m[93m[HW]     we get rach data from ru, but it is not scheduled 717.19
[0m[93m[PHY]    no free space for a new detected rach, discarding
[0m[93m[NR_PHY_RACH] Error in scheduling rach
[0m[93m[HW]     we get rach data from ru, but it is not scheduled 718.19
[0m[93m[PHY]    no free space for a new detected rach, discarding
[0m[93m[NR_PHY_RACH] Error in scheduling rach
[0m[93m[HW]     we get rach data from ru, but it is not scheduled 719.19
[0m[93m[PHY]    no free space for a new detected rach, discarding
[0m[93m[NR_PHY_RACH] Error in scheduling rach
[0m[93m[HW]     we get rach data from ru, but it is not scheduled 720.19
[0m[93m[PHY]    no free space for a new detected rach, discarding
[0m[93m[NR_PHY_RACH] Error in scheduling rach
[0m[93m[HW]     we get rach data from ru, but it is not scheduled 721.19
[0m[93m[PHY]    no free space for a new detected rach, discarding
[0m[93m[NR_PHY_RACH] Error in scheduling rach
[0m[93m[HW]     we get rach data from ru, but it is not scheduled 722.19
[0m[93m[PHY]    no free space for a new detected rach, discarding
[0m[93m[NR_PHY_RACH] Error in scheduling rach
[0m[93m[HW]     we get rach data from ru, but it is not scheduled 723.19
[0m[93m[PHY]    no free space for a new detected rach, discarding
[0m[93m[NR_PHY_RACH] Error in scheduling rach
[0m[93m[HW]     we get rach data from ru, but it is not scheduled 724.19
[0m[93m[PHY]    no free space for a new detected rach, discarding
[0m[93m[NR_PHY_RACH] Error in scheduling rach
[0m[93m[HW]     we get rach data from ru, but it is not scheduled 725.19
[0m[93m[PHY]    no free space for a new detected rach, discarding
[0m[93m[NR_PHY_RACH] Error in scheduling rach
[0m[93m[HW]     we get rach data from ru, but it is not scheduled 726.19
[0m[93m[PHY]    no free space for a new detected rach, discarding
[0m[93m[NR_PHY_RACH] Error in scheduling rach
[0m[93m[HW]     we get rach data from ru, but it is not scheduled 727.19
[0m[93m[PHY]    no free space for a new detected rach, discarding
[0m[93m[NR_PHY_RACH] Error in scheduling rach
[0m[93m[HW]     we get rach data from ru, but it is not scheduled 728.19
[0m[93m[PHY]    no free space for a new detected rach, discarding
[0m[93m[NR_PHY_RACH] Error in scheduling rach
[0m[93m[HW]     we get rach data from ru, but it is not scheduled 729.19
[0m[93m[PHY]    no free space for a new detected rach, discarding
[0m[93m[NR_PHY_RACH] Error in scheduling rach
[0m[93m[HW]     we get rach data from ru, but it is not scheduled 730.19
[0m[93m[PHY]    no free space for a new detected rach, discarding
[0m[93m[NR_PHY_RACH] Error in scheduling rach
[0m[93m[HW]     we get rach data from ru, but it is not scheduled 731.19
[0m[93m[PHY]    no free space for a new detected rach, discarding
[0m[93m[NR_PHY_RACH] Error in scheduling rach
[0m[93m[HW]     we get rach data from ru, but it is not scheduled 732.19
[0m[93m[PHY]    no free space for a new detected rach, discarding
[0m[93m[NR_PHY_RACH] Error in scheduling rach
[0m[93m[HW]     we get rach data from ru, but it is not scheduled 733.19
[0m[93m[PHY]    no free space for a new detected rach, discarding
[0m[93m[NR_PHY_RACH] Error in scheduling rach
[0m[93m[HW]     we get rach data from ru, but it is not scheduled 734.19
[0m[93m[PHY]    no free space for a new detected rach, discarding
[0m[93m[NR_PHY_RACH] Error in scheduling rach
[0m[93m[HW]     we get rach data from ru, but it is not scheduled 735.19
[0m[93m[PHY]    no free space for a new detected rach, discarding
[0m[93m[NR_PHY_RACH] Error in scheduling rach
[0m[93m[HW]     we get rach data from ru, but it is not scheduled 736.19
[0m[93m[PHY]    no free space for a new detected rach, discarding
[0m[93m[NR_PHY_RACH] Error in scheduling rach
[0m[93m[HW]     we get rach data from ru, but it is not scheduled 737.19
[0m[93m[PHY]    no free space for a new detected rach, discarding
[0m[93m[NR_PHY_RACH] Error in scheduling rach
[0m[93m[HW]     we get rach data from ru, but it is not scheduled 738.19
[0m[93m[PHY]    no free space for a new detected rach, discarding
[0m[93m[NR_PHY_RACH] Error in scheduling rach
[0m[93m[HW]     we get rach data from ru, but it is not scheduled 739.19
[0m[93m[PHY]    no free space for a new detected rach, discarding
[0m[93m[NR_PHY_RACH] Error in scheduling rach
[0m[93m[HW]     we get rach data from ru, but it is not scheduled 740.19
[0m[93m[PHY]    no free space for a new detected rach, discarding
[0m[93m[NR_PHY_RACH] Error in scheduling rach
[0m[93m[HW]     we get rach data from ru, but it is not scheduled 741.19
[0m[93m[PHY]    no free space for a new detected rach, discarding
[0m[93m[NR_PHY_RACH] Error in scheduling rach
[0m[93m[HW]     we get rach data from ru, but it is not scheduled 742.19
[0m[93m[PHY]    no free space for a new detected rach, discarding
[0m[93m[NR_PHY_RACH] Error in scheduling rach
[0m[93m[HW]     we get rach data from ru, but it is not scheduled 743.19
[0m[93m[PHY]    no free space for a new detected rach, discarding
[0m[93m[NR_PHY_RACH] Error in scheduling rach
[0m[93m[HW]     we get rach data from ru, but it is not scheduled 744.19
[0m[93m[PHY]    no free space for a new detected rach, discarding
[0m[93m[NR_PHY_RACH] Error in scheduling rach
[0m[93m[HW]     we get rach data from ru, but it is not scheduled 745.19
[0m[93m[PHY]    no free space for a new detected rach, discarding
[0m[93m[NR_PHY_RACH] Error in scheduling rach
[0m[93m[HW]     we get rach data from ru, but it is not scheduled 746.19
[0m[93m[PHY]    no free space for a new detected rach, discarding
[0m[93m[NR_PHY_RACH] Error in scheduling rach
[0m[93m[HW]     we get rach data from ru, but it is not scheduled 747.19
[0m[93m[PHY]    no free space for a new detected rach, discarding
[0m[93m[NR_PHY_RACH] Error in scheduling rach
[0m[93m[HW]     we get rach data from ru, but it is not scheduled 748.19
[0m[93m[PHY]    no free space for a new detected rach, discarding
[0m[93m[NR_PHY_RACH] Error in scheduling rach
[0m[93m[HW]     we get rach data from ru, but it is not scheduled 749.19
[0m[93m[PHY]    no free space for a new detected rach, discarding
[0m[93m[NR_PHY_RACH] Error in scheduling rach
[0m[93m[HW]     we get rach data from ru, but it is not scheduled 750.19
[0m[93m[PHY]    no free space for a new detected rach, discarding
[0m[93m[NR_PHY_RACH] Error in scheduling rach
[0m[93m[HW]     we get rach data from ru, but it is not scheduled 751.19
[0m[93m[PHY]    no free space for a new detected rach, discarding
[0m[93m[NR_PHY_RACH] Error in scheduling rach
[0m[93m[HW]     we get rach data from ru, but it is not scheduled 752.19
[0m[93m[PHY]    no free space for a new detected rach, discarding
[0m[93m[NR_PHY_RACH] Error in scheduling rach
[0m[93m[HW]     we get rach data from ru, but it is not scheduled 753.19
[0m[93m[PHY]    no free space for a new detected rach, discarding
[0m[93m[NR_PHY_RACH] Error in scheduling rach
[0m[93m[HW]     we get rach data from ru, but it is not scheduled 754.19
[0m[93m[PHY]    no free space for a new detected rach, discarding
[0m[93m[NR_PHY_RACH] Error in scheduling rach
[0m[93m[HW]     we get rach data from ru, but it is not scheduled 755.19
[0m[93m[PHY]    no free space for a new detected rach, discarding
[0m[93m[NR_PHY_RACH] Error in scheduling rach
[0m[93m[HW]     we get rach data from ru, but it is not scheduled 756.19
[0m[93m[PHY]    no free space for a new detected rach, discarding
[0m[93m[NR_PHY_RACH] Error in scheduling rach
[0m[93m[HW]     we get rach data from ru, but it is not scheduled 757.19
[0m[93m[PHY]    no free space for a new detected rach, discarding
[0m[93m[NR_PHY_RACH] Error in scheduling rach
[0m[93m[HW]     we get rach data from ru, but it is not scheduled 758.19
[0m[93m[PHY]    no free space for a new detected rach, discarding
[0m[93m[NR_PHY_RACH] Error in scheduling rach
[0m[93m[HW]     we get rach data from ru, but it is not scheduled 759.19
[0m[93m[PHY]    no free space for a new detected rach, discarding
[0m[93m[NR_PHY_RACH] Error in scheduling rach
[0m[93m[HW]     we get rach data from ru, but it is not scheduled 760.19
[0m[93m[PHY]    no free space for a new detected rach, discarding
[0m[93m[NR_PHY_RACH] Error in scheduling rach
[0m[93m[HW]     we get rach data from ru, but it is not scheduled 761.19
[0m[93m[PHY]    no free space for a new detected rach, discarding
[0m[93m[NR_PHY_RACH] Error in scheduling rach
[0m[93m[HW]     we get rach data from ru, but it is not scheduled 762.19
[0m[93m[PHY]    no free space for a new detected rach, discarding
[0m[93m[NR_PHY_RACH] Error in scheduling rach
[0m[93m[HW]     we get rach data from ru, but it is not scheduled 763.19
[0m[93m[PHY]    no free space for a new detected rach, discarding
[0m[93m[NR_PHY_RACH] Error in scheduling rach
[0m[93m[HW]     we get rach data from ru, but it is not scheduled 764.19
[0m[93m[PHY]    no free space for a new detected rach, discarding
[0m[93m[NR_PHY_RACH] Error in scheduling rach
[0m[93m[HW]     we get rach data from ru, but it is not scheduled 765.19
[0m[93m[PHY]    no free space for a new detected rach, discarding
[0m[93m[NR_PHY_RACH] Error in scheduling rach
[0m[93m[HW]     we get rach data from ru, but it is not scheduled 766.19
[0m[93m[PHY]    no free space for a new detected rach, discarding
[0m[93m[NR_PHY_RACH] Error in scheduling rach
[0m[93m[HW]     we get rach data from ru, but it is not scheduled 767.19
[0m[HW]     [o-du 0][rx   64512 pps   10752 kbps   72964][tx  191276 pps   31872 kbps  182321][Total Msgs_Rcvd 64512]
[0m[HW]     [FH LOAD][o-du 0] rx=72.964 Mbps tx=182.321 Mbps total=255.285 Mbps rx_pps=10752 tx_pps=31872 total_pps=42624
[0m[HW]     [o_du0][pusch0   55296 prach0    9216]
[0m[93m[PHY]    no free space for a new detected rach, discarding
[0m[93m[NR_PHY_RACH] Error in scheduling rach
[0m[93m[HW]     we get rach data from ru, but it is not scheduled 768.19
[0m[93m[PHY]    no free space for a new detected rach, discarding
[0m[93m[NR_PHY_RACH] Error in scheduling rach
[0m[93m[HW]     we get rach data from ru, but it is not scheduled 769.19
[0m[93m[PHY]    no free space for a new detected rach, discarding
[0m[93m[NR_PHY_RACH] Error in scheduling rach
[0m[93m[HW]     we get rach data from ru, but it is not scheduled 770.19
[0m[93m[PHY]    no free space for a new detected rach, discarding
[0m[93m[NR_PHY_RACH] Error in scheduling rach
[0m[93m[HW]     we get rach data from ru, but it is not scheduled 771.19
[0m[93m[PHY]    no free space for a new detected rach, discarding
[0m[93m[NR_PHY_RACH] Error in scheduling rach
[0m[93m[HW]     we get rach data from ru, but it is not scheduled 772.19
[0m[93m[PHY]    no free space for a new detected rach, discarding
[0m[93m[NR_PHY_RACH] Error in scheduling rach
[0m[93m[HW]     we get rach data from ru, but it is not scheduled 773.19
[0m[93m[PHY]    no free space for a new detected rach, discarding
[0m[93m[NR_PHY_RACH] Error in scheduling rach
[0m[93m[HW]     we get rach data from ru, but it is not scheduled 774.19
[0m[93m[PHY]    no free space for a new detected rach, discarding
[0m[93m[NR_PHY_RACH] Error in scheduling rach
[0m[93m[HW]     we get rach data from ru, but it is not scheduled 775.19
[0m[93m[PHY]    no free space for a new detected rach, discarding
[0m[93m[NR_PHY_RACH] Error in scheduling rach
[0m[93m[HW]     we get rach data from ru, but it is not scheduled 776.19
[0m[93m[PHY]    no free space for a new detected rach, discarding
[0m[93m[NR_PHY_RACH] Error in scheduling rach
[0m[93m[HW]     we get rach data from ru, but it is not scheduled 777.19
[0m[93m[PHY]    no free space for a new detected rach, discarding
[0m[93m[NR_PHY_RACH] Error in scheduling rach
[0m[93m[HW]     we get rach data from ru, but it is not scheduled 778.19
[0m[93m[PHY]    no free space for a new detected rach, discarding
[0m[93m[NR_PHY_RACH] Error in scheduling rach
[0m[93m[HW]     we get rach data from ru, but it is not scheduled 779.19
[0m[93m[PHY]    no free space for a new detected rach, discarding
[0m[93m[NR_PHY_RACH] Error in scheduling rach
[0m[93m[HW]     we get rach data from ru, but it is not scheduled 780.19
[0m[93m[PHY]    no free space for a new detected rach, discarding
[0m[93m[NR_PHY_RACH] Error in scheduling rach
[0m[93m[HW]     we get rach data from ru, but it is not scheduled 781.19
[0m[93m[PHY]    no free space for a new detected rach, discarding
[0m[93m[NR_PHY_RACH] Error in scheduling rach
[0m[93m[HW]     we get rach data from ru, but it is not scheduled 782.19
[0m[93m[PHY]    no free space for a new detected rach, discarding
[0m[93m[NR_PHY_RACH] Error in scheduling rach
[0m[93m[HW]     we get rach data from ru, but it is not scheduled 783.19
[0m[93m[PHY]    no free space for a new detected rach, discarding
[0m[93m[NR_PHY_RACH] Error in scheduling rach
[0m[93m[HW]     we get rach data from ru, but it is not scheduled 784.19
[0m[93m[PHY]    no free space for a new detected rach, discarding
[0m[93m[NR_PHY_RACH] Error in scheduling rach
[0m[93m[HW]     we get rach data from ru, but it is not scheduled 785.19
[0m[93m[PHY]    no free space for a new detected rach, discarding
[0m[93m[NR_PHY_RACH] Error in scheduling rach
[0m[93m[HW]     we get rach data from ru, but it is not scheduled 786.19
[0m[93m[PHY]    no free space for a new detected rach, discarding
[0m[93m[NR_PHY_RACH] Error in scheduling rach
[0m[93m[HW]     we get rach data from ru, but it is not scheduled 787.19
[0m[93m[PHY]    no free space for a new detected rach, discarding
[0m[93m[NR_PHY_RACH] Error in scheduling rach
[0m[93m[HW]     we get rach data from ru, but it is not scheduled 788.19
[0m[93m[PHY]    no free space for a new detected rach, discarding
[0m[93m[NR_PHY_RACH] Error in scheduling rach
[0m[93m[HW]     we get rach data from ru, but it is not scheduled 789.19
[0m[93m[PHY]    no free space for a new detected rach, discarding
[0m[93m[NR_PHY_RACH] Error in scheduling rach
[0m[93m[HW]     we get rach data from ru, but it is not scheduled 790.19
[0m[93m[PHY]    no free space for a new detected rach, discarding
[0m[93m[NR_PHY_RACH] Error in scheduling rach
[0m[93m[HW]     we get rach data from ru, but it is not scheduled 791.19
[0m[93m[PHY]    no free space for a new detected rach, discarding
[0m[93m[NR_PHY_RACH] Error in scheduling rach
[0m[93m[HW]     we get rach data from ru, but it is not scheduled 792.19
[0m[93m[PHY]    no free space for a new detected rach, discarding
[0m[93m[NR_PHY_RACH] Error in scheduling rach
[0m[93m[HW]     we get rach data from ru, but it is not scheduled 793.19
[0m[93m[PHY]    no free space for a new detected rach, discarding
[0m[93m[NR_PHY_RACH] Error in scheduling rach
[0m[93m[HW]     we get rach data from ru, but it is not scheduled 794.19
[0m[93m[PHY]    no free space for a new detected rach, discarding
[0m[93m[NR_PHY_RACH] Error in scheduling rach
[0m[93m[HW]     we get rach data from ru, but it is not scheduled 795.19
[0m[93m[PHY]    no free space for a new detected rach, discarding
[0m[93m[NR_PHY_RACH] Error in scheduling rach
[0m[93m[HW]     we get rach data from ru, but it is not scheduled 796.19
[0m[93m[PHY]    no free space for a new detected rach, discarding
[0m[93m[NR_PHY_RACH] Error in scheduling rach
[0m[93m[HW]     we get rach data from ru, but it is not scheduled 797.19
[0m[93m[PHY]    no free space for a new detected rach, discarding
[0m[93m[NR_PHY_RACH] Error in scheduling rach
[0m[93m[HW]     we get rach data from ru, but it is not scheduled 798.19
[0m[93m[PHY]    no free space for a new detected rach, discarding
[0m[93m[NR_PHY_RACH] Error in scheduling rach
[0m[93m[HW]     we get rach data from ru, but it is not scheduled 799.19
[0m[93m[PHY]    no free space for a new detected rach, discarding
[0m[93m[NR_PHY_RACH] Error in scheduling rach
[0m[93m[HW]     we get rach data from ru, but it is not scheduled 800.19
[0m[93m[PHY]    no free space for a new detected rach, discarding
[0m[93m[NR_PHY_RACH] Error in scheduling rach
[0m[93m[HW]     we get rach data from ru, but it is not scheduled 801.19
[0m[93m[PHY]    no free space for a new detected rach, discarding
[0m[93m[NR_PHY_RACH] Error in scheduling rach
[0m[93m[HW]     we get rach data from ru, but it is not scheduled 802.19
[0m[93m[PHY]    no free space for a new detected rach, discarding
[0m[93m[NR_PHY_RACH] Error in scheduling rach
[0m[93m[HW]     we get rach data from ru, but it is not scheduled 803.19
[0m[93m[PHY]    no free space for a new detected rach, discarding
[0m[93m[NR_PHY_RACH] Error in scheduling rach
[0m[93m[HW]     we get rach data from ru, but it is not scheduled 804.19
[0m[93m[PHY]    no free space for a new detected rach, discarding
[0m[93m[NR_PHY_RACH] Error in scheduling rach
[0m[93m[HW]     we get rach data from ru, but it is not scheduled 805.19
[0m[93m[PHY]    no free space for a new detected rach, discarding
[0m[93m[NR_PHY_RACH] Error in scheduling rach
[0m[93m[HW]     we get rach data from ru, but it is not scheduled 806.19
[0m[93m[PHY]    no free space for a new detected rach, discarding
[0m[93m[NR_PHY_RACH] Error in scheduling rach
[0m[93m[HW]     we get rach data from ru, but it is not scheduled 807.19
[0m[93m[PHY]    no free space for a new detected rach, discarding
[0m[93m[NR_PHY_RACH] Error in scheduling rach
[0m[93m[HW]     we get rach data from ru, but it is not scheduled 808.19
[0m[93m[PHY]    no free space for a new detected rach, discarding
[0m[93m[NR_PHY_RACH] Error in scheduling rach
[0m[93m[HW]     we get rach data from ru, but it is not scheduled 809.19
[0m[93m[PHY]    no free space for a new detected rach, discarding
[0m[93m[NR_PHY_RACH] Error in scheduling rach
[0m[93m[HW]     we get rach data from ru, but it is not scheduled 810.19
[0m[93m[PHY]    no free space for a new detected rach, discarding
[0m[93m[NR_PHY_RACH] Error in scheduling rach
[0m[93m[HW]     we get rach data from ru, but it is not scheduled 811.19
[0m[93m[PHY]    no free space for a new detected rach, discarding
[0m[93m[NR_PHY_RACH] Error in scheduling rach
[0m[93m[HW]     we get rach data from ru, but it is not scheduled 812.19
[0m[93m[PHY]    no free space for a new detected rach, discarding
[0m[93m[NR_PHY_RACH] Error in scheduling rach
[0m[93m[HW]     we get rach data from ru, but it is not scheduled 813.19
[0m[93m[PHY]    no free space for a new detected rach, discarding
[0m[93m[NR_PHY_RACH] Error in scheduling rach
[0m[93m[HW]     we get rach data from ru, but it is not scheduled 814.19
[0m[93m[PHY]    no free space for a new detected rach, discarding
[0m[93m[NR_PHY_RACH] Error in scheduling rach
[0m[93m[HW]     we get rach data from ru, but it is not scheduled 815.19
[0m[93m[PHY]    no free space for a new detected rach, discarding
[0m[93m[NR_PHY_RACH] Error in scheduling rach
[0m[93m[HW]     we get rach data from ru, but it is not scheduled 816.19
[0m[93m[PHY]    no free space for a new detected rach, discarding
[0m[93m[NR_PHY_RACH] Error in scheduling rach
[0m[93m[HW]     we get rach data from ru, but it is not scheduled 817.19
[0m[93m[PHY]    no free space for a new detected rach, discarding
[0m[93m[NR_PHY_RACH] Error in scheduling rach
[0m[93m[HW]     we get rach data from ru, but it is not scheduled 818.19
[0m[93m[PHY]    no free space for a new detected rach, discarding
[0m[93m[NR_PHY_RACH] Error in scheduling rach
[0m[93m[HW]     we get rach data from ru, but it is not scheduled 819.19
[0m[93m[PHY]    no free space for a new detected rach, discarding
[0m[93m[NR_PHY_RACH] Error in scheduling rach
[0m[93m[HW]     we get rach data from ru, but it is not scheduled 820.19
[0m[93m[PHY]    no free space for a new detected rach, discarding
[0m[93m[NR_PHY_RACH] Error in scheduling rach
[0m[93m[HW]     we get rach data from ru, but it is not scheduled 821.19
[0m[93m[PHY]    no free space for a new detected rach, discarding
[0m[93m[NR_PHY_RACH] Error in scheduling rach
[0m[93m[HW]     we get rach data from ru, but it is not scheduled 822.19
[0m[93m[PHY]    no free space for a new detected rach, discarding
[0m[93m[NR_PHY_RACH] Error in scheduling rach
[0m[93m[HW]     we get rach data from ru, but it is not scheduled 823.19
[0m[93m[PHY]    no free space for a new detected rach, discarding
[0m[93m[NR_PHY_RACH] Error in scheduling rach
[0m[93m[HW]     we get rach data from ru, but it is not scheduled 824.19
[0m[93m[PHY]    no free space for a new detected rach, discarding
[0m[93m[NR_PHY_RACH] Error in scheduling rach
[0m[93m[HW]     we get rach data from ru, but it is not scheduled 825.19
[0m[93m[PHY]    no free space for a new detected rach, discarding
[0m[93m[NR_PHY_RACH] Error in scheduling rach
[0m[93m[HW]     we get rach data from ru, but it is not scheduled 826.19
[0m[93m[PHY]    no free space for a new detected rach, discarding
[0m[93m[NR_PHY_RACH] Error in scheduling rach
[0m[93m[HW]     we get rach data from ru, but it is not scheduled 827.19
[0m[93m[PHY]    no free space for a new detected rach, discarding
[0m[93m[NR_PHY_RACH] Error in scheduling rach
[0m[93m[HW]     we get rach data from ru, but it is not scheduled 828.19
[0m[93m[PHY]    no free space for a new detected rach, discarding
[0m[93m[NR_PHY_RACH] Error in scheduling rach
[0m[93m[HW]     we get rach data from ru, but it is not scheduled 829.19
[0m[93m[PHY]    no free space for a new detected rach, discarding
[0m[93m[NR_PHY_RACH] Error in scheduling rach
[0m[93m[HW]     we get rach data from ru, but it is not scheduled 830.19
[0m[93m[PHY]    no free space for a new detected rach, discarding
[0m[93m[NR_PHY_RACH] Error in scheduling rach
[0m[93m[HW]     we get rach data from ru, but it is not scheduled 831.19
[0m[93m[PHY]    no free space for a new detected rach, discarding
[0m[93m[NR_PHY_RACH] Error in scheduling rach
[0m[93m[HW]     we get rach data from ru, but it is not scheduled 832.19
[0m[93m[PHY]    no free space for a new detected rach, discarding
[0m[93m[NR_PHY_RACH] Error in scheduling rach
[0m[93m[HW]     we get rach data from ru, but it is not scheduled 833.19
[0m[93m[PHY]    no free space for a new detected rach, discarding
[0m[93m[NR_PHY_RACH] Error in scheduling rach
[0m[93m[HW]     we get rach data from ru, but it is not scheduled 834.19
[0m[93m[PHY]    no free space for a new detected rach, discarding
[0m[93m[NR_PHY_RACH] Error in scheduling rach
[0m[93m[HW]     we get rach data from ru, but it is not scheduled 835.19
[0m[93m[PHY]    no free space for a new detected rach, discarding
[0m[93m[NR_PHY_RACH] Error in scheduling rach
[0m[93m[HW]     we get rach data from ru, but it is not scheduled 836.19
[0m[93m[PHY]    no free space for a new detected rach, discarding
[0m[93m[NR_PHY_RACH] Error in scheduling rach
[0m[93m[HW]     we get rach data from ru, but it is not scheduled 837.19
[0m[93m[PHY]    no free space for a new detected rach, discarding
[0m[93m[NR_PHY_RACH] Error in scheduling rach
[0m[93m[HW]     we get rach data from ru, but it is not scheduled 838.19
[0m[93m[PHY]    no free space for a new detected rach, discarding
[0m[93m[NR_PHY_RACH] Error in scheduling rach
[0m[93m[HW]     we get rach data from ru, but it is not scheduled 839.19
[0m[93m[PHY]    no free space for a new detected rach, discarding
[0m[93m[NR_PHY_RACH] Error in scheduling rach
[0m[93m[HW]     we get rach data from ru, but it is not scheduled 840.19
[0m[93m[PHY]    no free space for a new detected rach, discarding
[0m[93m[NR_PHY_RACH] Error in scheduling rach
[0m[93m[HW]     we get rach data from ru, but it is not scheduled 841.19
[0m[93m[PHY]    no free space for a new detected rach, discarding
[0m[93m[NR_PHY_RACH] Error in scheduling rach
[0m[93m[HW]     we get rach data from ru, but it is not scheduled 842.19
[0m[93m[PHY]    no free space for a new detected rach, discarding
[0m[93m[NR_PHY_RACH] Error in scheduling rach
[0m[93m[HW]     we get rach data from ru, but it is not scheduled 843.19
[0m[93m[PHY]    no free space for a new detected rach, discarding
[0m[93m[NR_PHY_RACH] Error in scheduling rach
[0m[93m[HW]     we get rach data from ru, but it is not scheduled 844.19
[0m[93m[PHY]    no free space for a new detected rach, discarding
[0m[93m[NR_PHY_RACH] Error in scheduling rach
[0m[93m[HW]     we get rach data from ru, but it is not scheduled 845.19
[0m[93m[PHY]    no free space for a new detected rach, discarding
[0m[93m[NR_PHY_RACH] Error in scheduling rach
[0m[93m[HW]     we get rach data from ru, but it is not scheduled 846.19
[0m[93m[PHY]    no free space for a new detected rach, discarding
[0m[93m[NR_PHY_RACH] Error in scheduling rach
[0m[93m[HW]     we get rach data from ru, but it is not scheduled 847.19
[0m[93m[PHY]    no free space for a new detected rach, discarding
[0m[93m[NR_PHY_RACH] Error in scheduling rach
[0m[93m[HW]     we get rach data from ru, but it is not scheduled 848.19
[0m[93m[PHY]    no free space for a new detected rach, discarding
[0m[93m[NR_PHY_RACH] Error in scheduling rach
[0m[93m[HW]     we get rach data from ru, but it is not scheduled 849.19
[0m[93m[PHY]    no free space for a new detected rach, discarding
[0m[93m[NR_PHY_RACH] Error in scheduling rach
[0m[93m[HW]     we get rach data from ru, but it is not scheduled 850.19
[0m[93m[PHY]    no free space for a new detected rach, discarding
[0m[93m[NR_PHY_RACH] Error in scheduling rach
[0m[93m[HW]     we get rach data from ru, but it is not scheduled 851.19
[0m[93m[PHY]    no free space for a new detected rach, discarding
[0m[93m[NR_PHY_RACH] Error in scheduling rach
[0m[93m[HW]     we get rach data from ru, but it is not scheduled 852.19
[0m[93m[PHY]    no free space for a new detected rach, discarding
[0m[93m[NR_PHY_RACH] Error in scheduling rach
[0m[93m[HW]     we get rach data from ru, but it is not scheduled 853.19
[0m[93m[PHY]    no free space for a new detected rach, discarding
[0m[93m[NR_PHY_RACH] Error in scheduling rach
[0m[93m[HW]     we get rach data from ru, but it is not scheduled 854.19
[0m[93m[PHY]    no free space for a new detected rach, discarding
[0m[93m[NR_PHY_RACH] Error in scheduling rach
[0m[93m[HW]     we get rach data from ru, but it is not scheduled 855.19
[0m[93m[PHY]    no free space for a new detected rach, discarding
[0m[93m[NR_PHY_RACH] Error in scheduling rach
[0m[93m[HW]     we get rach data from ru, but it is not scheduled 856.19
[0m[93m[PHY]    no free space for a new detected rach, discarding
[0m[93m[NR_PHY_RACH] Error in scheduling rach
[0m[93m[HW]     we get rach data from ru, but it is not scheduled 857.19
[0m[93m[PHY]    no free space for a new detected rach, discarding
[0m[93m[NR_PHY_RACH] Error in scheduling rach
[0m[93m[HW]     we get rach data from ru, but it is not scheduled 858.19
[0m[93m[PHY]    no free space for a new detected rach, discarding
[0m[93m[NR_PHY_RACH] Error in scheduling rach
[0m[93m[HW]     we get rach data from ru, but it is not scheduled 859.19
[0m[93m[PHY]    no free space for a new detected rach, discarding
[0m[93m[NR_PHY_RACH] Error in scheduling rach
[0m[93m[HW]     we get rach data from ru, but it is not scheduled 860.19
[0m[93m[PHY]    no free space for a new detected rach, discarding
[0m[93m[NR_PHY_RACH] Error in scheduling rach
[0m[93m[HW]     we get rach data from ru, but it is not scheduled 861.19
[0m[93m[PHY]    no free space for a new detected rach, discarding
[0m[93m[NR_PHY_RACH] Error in scheduling rach
[0m[93m[HW]     we get rach data from ru, but it is not scheduled 862.19
[0m[93m[PHY]    no free space for a new detected rach, discarding
[0m[93m[NR_PHY_RACH] Error in scheduling rach
[0m[93m[HW]     we get rach data from ru, but it is not scheduled 863.19
[0m[93m[PHY]    no free space for a new detected rach, discarding
[0m[93m[NR_PHY_RACH] Error in scheduling rach
[0m[93m[HW]     we get rach data from ru, but it is not scheduled 864.19
[0m[93m[PHY]    no free space for a new detected rach, discarding
[0m[93m[NR_PHY_RACH] Error in scheduling rach
[0m[93m[HW]     we get rach data from ru, but it is not scheduled 865.19
[0m[93m[PHY]    no free space for a new detected rach, discarding
[0m[93m[NR_PHY_RACH] Error in scheduling rach
[0m[93m[HW]     we get rach data from ru, but it is not scheduled 866.19
[0m[93m[PHY]    no free space for a new detected rach, discarding
[0m[93m[NR_PHY_RACH] Error in scheduling rach
[0m[93m[HW]     we get rach data from ru, but it is not scheduled 867.19
[0m[93m[PHY]    no free space for a new detected rach, discarding
[0m[93m[NR_PHY_RACH] Error in scheduling rach
[0m[93m[HW]     we get rach data from ru, but it is not scheduled 868.19
[0m[93m[PHY]    no free space for a new detected rach, discarding
[0m[93m[NR_PHY_RACH] Error in scheduling rach
[0m[93m[HW]     we get rach data from ru, but it is not scheduled 869.19
[0m[93m[PHY]    no free space for a new detected rach, discarding
[0m[93m[NR_PHY_RACH] Error in scheduling rach
[0m[93m[HW]     we get rach data from ru, but it is not scheduled 870.19
[0m[93m[PHY]    no free space for a new detected rach, discarding
[0m[93m[NR_PHY_RACH] Error in scheduling rach
[0m[93m[HW]     we get rach data from ru, but it is not scheduled 871.19
[0m[93m[PHY]    no free space for a new detected rach, discarding
[0m[93m[NR_PHY_RACH] Error in scheduling rach
[0m[93m[HW]     we get rach data from ru, but it is not scheduled 872.19
[0m[93m[PHY]    no free space for a new detected rach, discarding
[0m[93m[NR_PHY_RACH] Error in scheduling rach
[0m[93m[HW]     we get rach data from ru, but it is not scheduled 873.19
[0m[93m[PHY]    no free space for a new detected rach, discarding
[0m[93m[NR_PHY_RACH] Error in scheduling rach
[0m[93m[HW]     we get rach data from ru, but it is not scheduled 874.19
[0m[93m[PHY]    no free space for a new detected rach, discarding
[0m[93m[NR_PHY_RACH] Error in scheduling rach
[0m[93m[HW]     we get rach data from ru, but it is not scheduled 875.19
[0m[93m[PHY]    no free space for a new detected rach, discarding
[0m[93m[NR_PHY_RACH] Error in scheduling rach
[0m[93m[HW]     we get rach data from ru, but it is not scheduled 876.19
[0m[93m[PHY]    no free space for a new detected rach, discarding
[0m[93m[NR_PHY_RACH] Error in scheduling rach
[0m[93m[HW]     we get rach data from ru, but it is not scheduled 877.19
[0m[93m[PHY]    no free space for a new detected rach, discarding
[0m[93m[NR_PHY_RACH] Error in scheduling rach
[0m[93m[HW]     we get rach data from ru, but it is not scheduled 878.19
[0m[93m[PHY]    no free space for a new detected rach, discarding
[0m[93m[NR_PHY_RACH] Error in scheduling rach
[0m[93m[HW]     we get rach data from ru, but it is not scheduled 879.19
[0m[93m[PHY]    no free space for a new detected rach, discarding
[0m[93m[NR_PHY_RACH] Error in scheduling rach
[0m[93m[HW]     we get rach data from ru, but it is not scheduled 880.19
[0m[93m[PHY]    no free space for a new detected rach, discarding
[0m[93m[NR_PHY_RACH] Error in scheduling rach
[0m[93m[HW]     we get rach data from ru, but it is not scheduled 881.19
[0m[93m[PHY]    no free space for a new detected rach, discarding
[0m[93m[NR_PHY_RACH] Error in scheduling rach
[0m[93m[HW]     we get rach data from ru, but it is not scheduled 882.19
[0m[93m[PHY]    no free space for a new detected rach, discarding
[0m[93m[NR_PHY_RACH] Error in scheduling rach
[0m[93m[HW]     we get rach data from ru, but it is not scheduled 883.19
[0m[93m[PHY]    no free space for a new detected rach, discarding
[0m[93m[NR_PHY_RACH] Error in scheduling rach
[0m[93m[HW]     we get rach data from ru, but it is not scheduled 884.19
[0m[93m[PHY]    no free space for a new detected rach, discarding
[0m[93m[NR_PHY_RACH] Error in scheduling rach
[0m[93m[HW]     we get rach data from ru, but it is not scheduled 885.19
[0m[93m[PHY]    no free space for a new detected rach, discarding
[0m[93m[NR_PHY_RACH] Error in scheduling rach
[0m[93m[HW]     we get rach data from ru, but it is not scheduled 886.19
[0m[93m[PHY]    no free space for a new detected rach, discarding
[0m[93m[NR_PHY_RACH] Error in scheduling rach
[0m[93m[HW]     we get rach data from ru, but it is not scheduled 887.19
[0m[93m[PHY]    no free space for a new detected rach, discarding
[0m[93m[NR_PHY_RACH] Error in scheduling rach
[0m[93m[HW]     we get rach data from ru, but it is not scheduled 888.19
[0m[93m[PHY]    no free space for a new detected rach, discarding
[0m[93m[NR_PHY_RACH] Error in scheduling rach
[0m[93m[HW]     we get rach data from ru, but it is not scheduled 889.19
[0m[93m[PHY]    no free space for a new detected rach, discarding
[0m[93m[NR_PHY_RACH] Error in scheduling rach
[0m[93m[HW]     we get rach data from ru, but it is not scheduled 890.19
[0m[93m[PHY]    no free space for a new detected rach, discarding
[0m[93m[NR_PHY_RACH] Error in scheduling rach
[0m[93m[HW]     we get rach data from ru, but it is not scheduled 891.19
[0m[93m[PHY]    no free space for a new detected rach, discarding
[0m[93m[NR_PHY_RACH] Error in scheduling rach
[0m[93m[HW]     we get rach data from ru, but it is not scheduled 892.19
[0m[93m[PHY]    no free space for a new detected rach, discarding
[0m[93m[NR_PHY_RACH] Error in scheduling rach
[0m[93m[HW]     we get rach data from ru, but it is not scheduled 893.19
[0m[93m[PHY]    no free space for a new detected rach, discarding
[0m[93m[NR_PHY_RACH] Error in scheduling rach
[0m[93m[HW]     we get rach data from ru, but it is not scheduled 894.19
[0m[93m[PHY]    no free space for a new detected rach, discarding
[0m[93m[NR_PHY_RACH] Error in scheduling rach
[0m[93m[HW]     we get rach data from ru, but it is not scheduled 895.19
[0m[HW]     [o-du 0][rx   75264 pps   10752 kbps   72960][tx  223148 pps   31872 kbps  182321][Total Msgs_Rcvd 75264]
[0m[HW]     [FH LOAD][o-du 0] rx=72.960 Mbps tx=182.321 Mbps total=255.281 Mbps rx_pps=10752 tx_pps=31872 total_pps=42624
[0m[HW]     [o_du0][pusch0   64512 prach0   10752]
[0m[93m[PHY]    no free space for a new detected rach, discarding
[0m[93m[NR_PHY_RACH] Error in scheduling rach
[0m[93m[HW]     we get rach data from ru, but it is not scheduled 896.19
[0m[93m[PHY]    no free space for a new detected rach, discarding
[0m[93m[NR_PHY_RACH] Error in scheduling rach
[0m[93m[HW]     we get rach data from ru, but it is not scheduled 897.19
[0m[93m[PHY]    no free space for a new detected rach, discarding
[0m[93m[NR_PHY_RACH] Error in scheduling rach
[0m[93m[HW]     we get rach data from ru, but it is not scheduled 898.19
[0m[93m[PHY]    no free space for a new detected rach, discarding
[0m[93m[NR_PHY_RACH] Error in scheduling rach
[0m[93m[HW]     we get rach data from ru, but it is not scheduled 899.19
[0m[93m[PHY]    no free space for a new detected rach, discarding
[0m[93m[NR_PHY_RACH] Error in scheduling rach
[0m[93m[HW]     we get rach data from ru, but it is not scheduled 900.19
[0m[93m[PHY]    no free space for a new detected rach, discarding
[0m[93m[NR_PHY_RACH] Error in scheduling rach
[0m[93m[HW]     we get rach data from ru, but it is not scheduled 901.19
[0m[93m[PHY]    no free space for a new detected rach, discarding
[0m[93m[NR_PHY_RACH] Error in scheduling rach
[0m[93m[HW]     we get rach data from ru, but it is not scheduled 902.19
[0m[93m[PHY]    no free space for a new detected rach, discarding
[0m[93m[NR_PHY_RACH] Error in scheduling rach
[0m[93m[HW]     we get rach data from ru, but it is not scheduled 903.19
[0m[93m[PHY]    no free space for a new detected rach, discarding
[0m[93m[NR_PHY_RACH] Error in scheduling rach
[0m[93m[HW]     we get rach data from ru, but it is not scheduled 904.19
[0m[93m[PHY]    no free space for a new detected rach, discarding
[0m[93m[NR_PHY_RACH] Error in scheduling rach
[0m[93m[HW]     we get rach data from ru, but it is not scheduled 905.19
[0m[93m[PHY]    no free space for a new detected rach, discarding
[0m[93m[NR_PHY_RACH] Error in scheduling rach
[0m[93m[HW]     we get rach data from ru, but it is not scheduled 906.19
[0m[93m[PHY]    no free space for a new detected rach, discarding
[0m[93m[NR_PHY_RACH] Error in scheduling rach
[0m[93m[HW]     we get rach data from ru, but it is not scheduled 907.19
[0m[93m[PHY]    no free space for a new detected rach, discarding
[0m[93m[NR_PHY_RACH] Error in scheduling rach
[0m[93m[HW]     we get rach data from ru, but it is not scheduled 908.19
[0m[93m[PHY]    no free space for a new detected rach, discarding
[0m[93m[NR_PHY_RACH] Error in scheduling rach
[0m[93m[HW]     we get rach data from ru, but it is not scheduled 909.19
[0m[93m[PHY]    no free space for a new detected rach, discarding
[0m[93m[NR_PHY_RACH] Error in scheduling rach
[0m[93m[HW]     we get rach data from ru, but it is not scheduled 910.19
[0m[93m[PHY]    no free space for a new detected rach, discarding
[0m[93m[NR_PHY_RACH] Error in scheduling rach
[0m[93m[HW]     we get rach data from ru, but it is not scheduled 911.19
[0m[93m[PHY]    no free space for a new detected rach, discarding
[0m[93m[NR_PHY_RACH] Error in scheduling rach
[0m[93m[HW]     we get rach data from ru, but it is not scheduled 912.19
[0m[93m[PHY]    no free space for a new detected rach, discarding
[0m[93m[NR_PHY_RACH] Error in scheduling rach
[0m[93m[HW]     we get rach data from ru, but it is not scheduled 913.19
[0m[93m[PHY]    no free space for a new detected rach, discarding
[0m[93m[NR_PHY_RACH] Error in scheduling rach
[0m[93m[HW]     we get rach data from ru, but it is not scheduled 914.19
[0m[93m[PHY]    no free space for a new detected rach, discarding
[0m[93m[NR_PHY_RACH] Error in scheduling rach
[0m[93m[HW]     we get rach data from ru, but it is not scheduled 915.19
[0m[93m[PHY]    no free space for a new detected rach, discarding
[0m[93m[NR_PHY_RACH] Error in scheduling rach
[0m[93m[HW]     we get rach data from ru, but it is not scheduled 916.19
[0m[93m[PHY]    no free space for a new detected rach, discarding
[0m[93m[NR_PHY_RACH] Error in scheduling rach
[0m[93m[HW]     we get rach data from ru, but it is not scheduled 917.19
[0m[93m[PHY]    no free space for a new detected rach, discarding
[0m[93m[NR_PHY_RACH] Error in scheduling rach
[0m[93m[HW]     we get rach data from ru, but it is not scheduled 918.19
[0m[93m[PHY]    no free space for a new detected rach, discarding
[0m[93m[NR_PHY_RACH] Error in scheduling rach
[0m[93m[HW]     we get rach data from ru, but it is not scheduled 919.19
[0m[93m[PHY]    no free space for a new detected rach, discarding
[0m[93m[NR_PHY_RACH] Error in scheduling rach
[0m[93m[HW]     we get rach data from ru, but it is not scheduled 920.19
[0m[93m[PHY]    no free space for a new detected rach, discarding
[0m[93m[NR_PHY_RACH] Error in scheduling rach
[0m[93m[HW]     we get rach data from ru, but it is not scheduled 921.19
[0m[93m[PHY]    no free space for a new detected rach, discarding
[0m[93m[NR_PHY_RACH] Error in scheduling rach
[0m[93m[HW]     we get rach data from ru, but it is not scheduled 922.19
[0m[93m[PHY]    no free space for a new detected rach, discarding
[0m[93m[NR_PHY_RACH] Error in scheduling rach
[0m[93m[HW]     we get rach data from ru, but it is not scheduled 923.19
[0m[93m[PHY]    no free space for a new detected rach, discarding
[0m[93m[NR_PHY_RACH] Error in scheduling rach
[0m[93m[HW]     we get rach data from ru, but it is not scheduled 924.19
[0m[93m[PHY]    no free space for a new detected rach, discarding
[0m[93m[NR_PHY_RACH] Error in scheduling rach
[0m[93m[HW]     we get rach data from ru, but it is not scheduled 925.19
[0m[93m[PHY]    no free space for a new detected rach, discarding
[0m[93m[NR_PHY_RACH] Error in scheduling rach
[0m[93m[HW]     we get rach data from ru, but it is not scheduled 926.19
[0m[93m[PHY]    no free space for a new detected rach, discarding
[0m[93m[NR_PHY_RACH] Error in scheduling rach
[0m[93m[HW]     we get rach data from ru, but it is not scheduled 927.19
[0m[93m[PHY]    no free space for a new detected rach, discarding
[0m[93m[NR_PHY_RACH] Error in scheduling rach
[0m[93m[HW]     we get rach data from ru, but it is not scheduled 928.19
[0m[93m[PHY]    no free space for a new detected rach, discarding
[0m[93m[NR_PHY_RACH] Error in scheduling rach
[0m[93m[HW]     we get rach data from ru, but it is not scheduled 929.19
[0m[93m[PHY]    no free space for a new detected rach, discarding
[0m[93m[NR_PHY_RACH] Error in scheduling rach
[0m[93m[HW]     we get rach data from ru, but it is not scheduled 930.19
[0m[93m[PHY]    no free space for a new detected rach, discarding
[0m[93m[NR_PHY_RACH] Error in scheduling rach
[0m[93m[HW]     we get rach data from ru, but it is not scheduled 931.19
[0m[93m[PHY]    no free space for a new detected rach, discarding
[0m[93m[NR_PHY_RACH] Error in scheduling rach
[0m[93m[HW]     we get rach data from ru, but it is not scheduled 932.19
[0m[93m[PHY]    no free space for a new detected rach, discarding
[0m[93m[NR_PHY_RACH] Error in scheduling rach
[0m[93m[HW]     we get rach data from ru, but it is not scheduled 933.19
[0m[93m[PHY]    no free space for a new detected rach, discarding
[0m[93m[NR_PHY_RACH] Error in scheduling rach
[0m[93m[HW]     we get rach data from ru, but it is not scheduled 934.19
[0m[93m[PHY]    no free space for a new detected rach, discarding
[0m[93m[NR_PHY_RACH] Error in scheduling rach
[0m[93m[HW]     we get rach data from ru, but it is not scheduled 935.19
[0m[93m[PHY]    no free space for a new detected rach, discarding
[0m[93m[NR_PHY_RACH] Error in scheduling rach
[0m[93m[HW]     we get rach data from ru, but it is not scheduled 936.19
[0m[93m[PHY]    no free space for a new detected rach, discarding
[0m[93m[NR_PHY_RACH] Error in scheduling rach
[0m[93m[HW]     we get rach data from ru, but it is not scheduled 937.19
[0m[93m[PHY]    no free space for a new detected rach, discarding
[0m[93m[NR_PHY_RACH] Error in scheduling rach
[0m[93m[HW]     we get rach data from ru, but it is not scheduled 938.19
[0m[93m[PHY]    no free space for a new detected rach, discarding
[0m[93m[NR_PHY_RACH] Error in scheduling rach
[0m[93m[HW]     we get rach data from ru, but it is not scheduled 939.19
[0m[93m[PHY]    no free space for a new detected rach, discarding
[0m[93m[NR_PHY_RACH] Error in scheduling rach
[0m[93m[HW]     we get rach data from ru, but it is not scheduled 940.19
[0m[93m[PHY]    no free space for a new detected rach, discarding
[0m[93m[NR_PHY_RACH] Error in scheduling rach
[0m[93m[HW]     we get rach data from ru, but it is not scheduled 941.19
[0m[93m[PHY]    no free space for a new detected rach, discarding
[0m[93m[NR_PHY_RACH] Error in scheduling rach
[0m[93m[HW]     we get rach data from ru, but it is not scheduled 942.19
[0m[93m[PHY]    no free space for a new detected rach, discarding
[0m[93m[NR_PHY_RACH] Error in scheduling rach
[0m[93m[HW]     we get rach data from ru, but it is not scheduled 943.19
[0m[93m[PHY]    no free space for a new detected rach, discarding
[0m[93m[NR_PHY_RACH] Error in scheduling rach
[0m[93m[HW]     we get rach data from ru, but it is not scheduled 944.19
[0m[93m[PHY]    no free space for a new detected rach, discarding
[0m[93m[NR_PHY_RACH] Error in scheduling rach
[0m[93m[HW]     we get rach data from ru, but it is not scheduled 945.19
[0m[93m[PHY]    no free space for a new detected rach, discarding
[0m[93m[NR_PHY_RACH] Error in scheduling rach
[0m[93m[HW]     we get rach data from ru, but it is not scheduled 946.19
[0m[93m[PHY]    no free space for a new detected rach, discarding
[0m[93m[NR_PHY_RACH] Error in scheduling rach
[0m[93m[HW]     we get rach data from ru, but it is not scheduled 947.19
[0m[93m[PHY]    no free space for a new detected rach, discarding
[0m[93m[NR_PHY_RACH] Error in scheduling rach
[0m[93m[HW]     we get rach data from ru, but it is not scheduled 948.19
[0m[93m[PHY]    no free space for a new detected rach, discarding
[0m[93m[NR_PHY_RACH] Error in scheduling rach
[0m[93m[HW]     we get rach data from ru, but it is not scheduled 949.19
[0m[93m[PHY]    no free space for a new detected rach, discarding
[0m[93m[NR_PHY_RACH] Error in scheduling rach
[0m[93m[HW]     we get rach data from ru, but it is not scheduled 950.19
[0m[93m[PHY]    no free space for a new detected rach, discarding
[0m[93m[NR_PHY_RACH] Error in scheduling rach
[0m[93m[HW]     we get rach data from ru, but it is not scheduled 951.19
[0m[93m[PHY]    no free space for a new detected rach, discarding
[0m[93m[NR_PHY_RACH] Error in scheduling rach
[0m[93m[HW]     we get rach data from ru, but it is not scheduled 952.19
[0m[93m[PHY]    no free space for a new detected rach, discarding
[0m[93m[NR_PHY_RACH] Error in scheduling rach
[0m[93m[HW]     we get rach data from ru, but it is not scheduled 953.19
[0m[93m[PHY]    no free space for a new detected rach, discarding
[0m[93m[NR_PHY_RACH] Error in scheduling rach
[0m[93m[HW]     we get rach data from ru, but it is not scheduled 954.19
[0m[93m[PHY]    no free space for a new detected rach, discarding
[0m[93m[NR_PHY_RACH] Error in scheduling rach
[0m[93m[HW]     we get rach data from ru, but it is not scheduled 955.19
[0m[93m[PHY]    no free space for a new detected rach, discarding
[0m[93m[NR_PHY_RACH] Error in scheduling rach
[0m[93m[HW]     we get rach data from ru, but it is not scheduled 956.19
[0m[93m[PHY]    no free space for a new detected rach, discarding
[0m[93m[NR_PHY_RACH] Error in scheduling rach
[0m[93m[HW]     we get rach data from ru, but it is not scheduled 957.19
[0m[93m[PHY]    no free space for a new detected rach, discarding
[0m[93m[NR_PHY_RACH] Error in scheduling rach
[0m[93m[HW]     we get rach data from ru, but it is not scheduled 958.19
[0m[93m[PHY]    no free space for a new detected rach, discarding
[0m[93m[NR_PHY_RACH] Error in scheduling rach
[0m[93m[HW]     we get rach data from ru, but it is not scheduled 959.19
[0m[93m[PHY]    no free space for a new detected rach, discarding
[0m[93m[NR_PHY_RACH] Error in scheduling rach
[0m[93m[HW]     we get rach data from ru, but it is not scheduled 960.19
[0m[93m[PHY]    no free space for a new detected rach, discarding
[0m[93m[NR_PHY_RACH] Error in scheduling rach
[0m[93m[HW]     we get rach data from ru, but it is not scheduled 961.19
[0m[93m[PHY]    no free space for a new detected rach, discarding
[0m[93m[NR_PHY_RACH] Error in scheduling rach
[0m[93m[HW]     we get rach data from ru, but it is not scheduled 962.19
[0m[93m[PHY]    no free space for a new detected rach, discarding
[0m[93m[NR_PHY_RACH] Error in scheduling rach
[0m[93m[HW]     we get rach data from ru, but it is not scheduled 963.19
[0m[93m[PHY]    no free space for a new detected rach, discarding
[0m[93m[NR_PHY_RACH] Error in scheduling rach
[0m[93m[HW]     we get rach data from ru, but it is not scheduled 964.19
[0m[93m[PHY]    no free space for a new detected rach, discarding
[0m[93m[NR_PHY_RACH] Error in scheduling rach
[0m[93m[HW]     we get rach data from ru, but it is not scheduled 965.19
[0m[93m[PHY]    no free space for a new detected rach, discarding
[0m[93m[NR_PHY_RACH] Error in scheduling rach
[0m[93m[HW]     we get rach data from ru, but it is not scheduled 966.19
[0m[93m[PHY]    no free space for a new detected rach, discarding
[0m[93m[NR_PHY_RACH] Error in scheduling rach
[0m[93m[HW]     we get rach data from ru, but it is not scheduled 967.19
[0m[93m[PHY]    no free space for a new detected rach, discarding
[0m[93m[NR_PHY_RACH] Error in scheduling rach
[0m[93m[HW]     we get rach data from ru, but it is not scheduled 968.19
[0m[93m[PHY]    no free space for a new detected rach, discarding
[0m[93m[NR_PHY_RACH] Error in scheduling rach
[0m[93m[HW]     we get rach data from ru, but it is not scheduled 969.19
[0m[93m[PHY]    no free space for a new detected rach, discarding
[0m[93m[NR_PHY_RACH] Error in scheduling rach
[0m[93m[HW]     we get rach data from ru, but it is not scheduled 970.19
[0m[93m[PHY]    no free space for a new detected rach, discarding
[0m[93m[NR_PHY_RACH] Error in scheduling rach
[0m[93m[HW]     we get rach data from ru, but it is not scheduled 971.19
[0m[93m[PHY]    no free space for a new detected rach, discarding
[0m[93m[NR_PHY_RACH] Error in scheduling rach
[0m[93m[HW]     we get rach data from ru, but it is not scheduled 972.19
[0m[93m[PHY]    no free space for a new detected rach, discarding
[0m[93m[NR_PHY_RACH] Error in scheduling rach
[0m[93m[HW]     we get rach data from ru, but it is not scheduled 973.19
[0m[93m[PHY]    no free space for a new detected rach, discarding
[0m[93m[NR_PHY_RACH] Error in scheduling rach
[0m[93m[HW]     we get rach data from ru, but it is not scheduled 974.19
[0m[93m[PHY]    no free space for a new detected rach, discarding
[0m[93m[NR_PHY_RACH] Error in scheduling rach
[0m[93m[HW]     we get rach data from ru, but it is not scheduled 975.19
[0m[93m[PHY]    no free space for a new detected rach, discarding
[0m[93m[NR_PHY_RACH] Error in scheduling rach
[0m[93m[HW]     we get rach data from ru, but it is not scheduled 976.19
[0m[93m[PHY]    no free space for a new detected rach, discarding
[0m[93m[NR_PHY_RACH] Error in scheduling rach
[0m[93m[HW]     we get rach data from ru, but it is not scheduled 977.19
[0m[93m[PHY]    no free space for a new detected rach, discarding
[0m[93m[NR_PHY_RACH] Error in scheduling rach
[0m[93m[HW]     we get rach data from ru, but it is not scheduled 978.19
[0m[93m[PHY]    no free space for a new detected rach, discarding
[0m[93m[NR_PHY_RACH] Error in scheduling rach
[0m[93m[HW]     we get rach data from ru, but it is not scheduled 979.19
[0m[93m[PHY]    no free space for a new detected rach, discarding
[0m[93m[NR_PHY_RACH] Error in scheduling rach
[0m[93m[HW]     we get rach data from ru, but it is not scheduled 980.19
[0m[93m[PHY]    no free space for a new detected rach, discarding
[0m[93m[NR_PHY_RACH] Error in scheduling rach
[0m[93m[HW]     we get rach data from ru, but it is not scheduled 981.19
[0m[93m[PHY]    no free space for a new detected rach, discarding
[0m[93m[NR_PHY_RACH] Error in scheduling rach
[0m[93m[HW]     we get rach data from ru, but it is not scheduled 982.19
[0m[93m[PHY]    no free space for a new detected rach, discarding
[0m[93m[NR_PHY_RACH] Error in scheduling rach
[0m[93m[HW]     we get rach data from ru, but it is not scheduled 983.19
[0m[93m[PHY]    no free space for a new detected rach, discarding
[0m[93m[NR_PHY_RACH] Error in scheduling rach
[0m[93m[HW]     we get rach data from ru, but it is not scheduled 984.19
[0m[93m[PHY]    no free space for a new detected rach, discarding
[0m[93m[NR_PHY_RACH] Error in scheduling rach
[0m[93m[HW]     we get rach data from ru, but it is not scheduled 985.19
[0m[93m[PHY]    no free space for a new detected rach, discarding
[0m[93m[NR_PHY_RACH] Error in scheduling rach
[0m[93m[HW]     we get rach data from ru, but it is not scheduled 986.19
[0m[93m[PHY]    no free space for a new detected rach, discarding
[0m[93m[NR_PHY_RACH] Error in scheduling rach
[0m[93m[HW]     we get rach data from ru, but it is not scheduled 987.19
[0m[93m[PHY]    no free space for a new detected rach, discarding
[0m[93m[NR_PHY_RACH] Error in scheduling rach
[0m[93m[HW]     we get rach data from ru, but it is not scheduled 988.19
[0m[93m[PHY]    no free space for a new detected rach, discarding
[0m[93m[NR_PHY_RACH] Error in scheduling rach
[0m[93m[HW]     we get rach data from ru, but it is not scheduled 989.19
[0m[93m[PHY]    no free space for a new detected rach, discarding
[0m[93m[NR_PHY_RACH] Error in scheduling rach
[0m[93m[HW]     we get rach data from ru, but it is not scheduled 990.19
[0m[93m[PHY]    no free space for a new detected rach, discarding
[0m[93m[NR_PHY_RACH] Error in scheduling rach
[0m[93m[HW]     we get rach data from ru, but it is not scheduled 991.19
[0m[93m[PHY]    no free space for a new detected rach, discarding
[0m[93m[NR_PHY_RACH] Error in scheduling rach
[0m[93m[HW]     we get rach data from ru, but it is not scheduled 992.19
[0m[93m[PHY]    no free space for a new detected rach, discarding
[0m[93m[NR_PHY_RACH] Error in scheduling rach
[0m[93m[HW]     we get rach data from ru, but it is not scheduled 993.19
[0m[93m[PHY]    no free space for a new detected rach, discarding
[0m[93m[NR_PHY_RACH] Error in scheduling rach
[0m[93m[HW]     we get rach data from ru, but it is not scheduled 994.19
[0m[93m[PHY]    no free space for a new detected rach, discarding
[0m[93m[NR_PHY_RACH] Error in scheduling rach
[0m[93m[HW]     we get rach data from ru, but it is not scheduled 995.19
[0m[93m[PHY]    no free space for a new detected rach, discarding
[0m[93m[NR_PHY_RACH] Error in scheduling rach
[0m[93m[HW]     we get rach data from ru, but it is not scheduled 996.19
[0m[93m[PHY]    no free space for a new detected rach, discarding
[0m[93m[NR_PHY_RACH] Error in scheduling rach
[0m[93m[HW]     we get rach data from ru, but it is not scheduled 997.19
[0m[93m[PHY]    no free space for a new detected rach, discarding
[0m[93m[NR_PHY_RACH] Error in scheduling rach
[0m[93m[HW]     we get rach data from ru, but it is not scheduled 998.19
[0m[93m[PHY]    no free space for a new detected rach, discarding
[0m[93m[NR_PHY_RACH] Error in scheduling rach
[0m[93m[HW]     we get rach data from ru, but it is not scheduled 999.19
[0m[93m[PHY]    no free space for a new detected rach, discarding
[0m[93m[NR_PHY_RACH] Error in scheduling rach
[0m[93m[HW]     we get rach data from ru, but it is not scheduled 1000.19
[0m[93m[PHY]    no free space for a new detected rach, discarding
[0m[93m[NR_PHY_RACH] Error in scheduling rach
[0m[93m[HW]     we get rach data from ru, but it is not scheduled 1001.19
[0m[93m[PHY]    no free space for a new detected rach, discarding
[0m[93m[NR_PHY_RACH] Error in scheduling rach
[0m[93m[HW]     we get rach data from ru, but it is not scheduled 1002.19
[0m[93m[PHY]    no free space for a new detected rach, discarding
[0m[93m[NR_PHY_RACH] Error in scheduling rach
[0m[93m[HW]     we get rach data from ru, but it is not scheduled 1003.19
[0m[93m[PHY]    no free space for a new detected rach, discarding
[0m[93m[NR_PHY_RACH] Error in scheduling rach
[0m[93m[HW]     we get rach data from ru, but it is not scheduled 1004.19
[0m[93m[PHY]    no free space for a new detected rach, discarding
[0m[93m[NR_PHY_RACH] Error in scheduling rach
[0m[93m[HW]     we get rach data from ru, but it is not scheduled 1005.19
[0m[93m[PHY]    no free space for a new detected rach, discarding
[0m[93m[NR_PHY_RACH] Error in scheduling rach
[0m[93m[HW]     we get rach data from ru, but it is not scheduled 1006.19
[0m[93m[PHY]    no free space for a new detected rach, discarding
[0m[93m[NR_PHY_RACH] Error in scheduling rach
[0m[93m[HW]     we get rach data from ru, but it is not scheduled 1007.19
[0m[93m[PHY]    no free space for a new detected rach, discarding
[0m[93m[NR_PHY_RACH] Error in scheduling rach
[0m[93m[HW]     we get rach data from ru, but it is not scheduled 1008.19
[0m[93m[PHY]    no free space for a new detected rach, discarding
[0m[93m[NR_PHY_RACH] Error in scheduling rach
[0m[93m[HW]     we get rach data from ru, but it is not scheduled 1009.19
[0m[93m[PHY]    no free space for a new detected rach, discarding
[0m[93m[NR_PHY_RACH] Error in scheduling rach
[0m[93m[HW]     we get rach data from ru, but it is not scheduled 1010.19
[0m[93m[PHY]    no free space for a new detected rach, discarding
[0m[93m[NR_PHY_RACH] Error in scheduling rach
[0m[93m[HW]     we get rach data from ru, but it is not scheduled 1011.19
[0m[93m[PHY]    no free space for a new detected rach, discarding
[0m[93m[NR_PHY_RACH] Error in scheduling rach
[0m[93m[HW]     we get rach data from ru, but it is not scheduled 1012.19
[0m[93m[PHY]    no free space for a new detected rach, discarding
[0m[93m[NR_PHY_RACH] Error in scheduling rach
[0m[93m[HW]     we get rach data from ru, but it is not scheduled 1013.19
[0m[93m[PHY]    no free space for a new detected rach, discarding
[0m[93m[NR_PHY_RACH] Error in scheduling rach
[0m[93m[HW]     we get rach data from ru, but it is not scheduled 1014.19
[0m[93m[PHY]    no free space for a new detected rach, discarding
[0m[93m[NR_PHY_RACH] Error in scheduling rach
[0m[93m[HW]     we get rach data from ru, but it is not scheduled 1015.19
[0m[93m[PHY]    no free space for a new detected rach, discarding
[0m[93m[NR_PHY_RACH] Error in scheduling rach
[0m[93m[HW]     we get rach data from ru, but it is not scheduled 1016.19
[0m[93m[PHY]    no free space for a new detected rach, discarding
[0m[93m[NR_PHY_RACH] Error in scheduling rach
[0m[93m[HW]     we get rach data from ru, but it is not scheduled 1017.19
[0m[93m[PHY]    no free space for a new detected rach, discarding
[0m[93m[NR_PHY_RACH] Error in scheduling rach
[0m[93m[HW]     we get rach data from ru, but it is not scheduled 1018.19
[0m[93m[PHY]    no free space for a new detected rach, discarding
[0m[93m[NR_PHY_RACH] Error in scheduling rach
[0m[93m[HW]     we get rach data from ru, but it is not scheduled 1019.19
[0m[93m[PHY]    no free space for a new detected rach, discarding
[0m[93m[NR_PHY_RACH] Error in scheduling rach
[0m[93m[HW]     we get rach data from ru, but it is not scheduled 1020.19
[0m[93m[PHY]    no free space for a new detected rach, discarding
[0m[93m[NR_PHY_RACH] Error in scheduling rach
[0m[93m[HW]     we get rach data from ru, but it is not scheduled 1021.19
[0m[93m[PHY]    no free space for a new detected rach, discarding
[0m[93m[NR_PHY_RACH] Error in scheduling rach
[0m[93m[HW]     we get rach data from ru, but it is not scheduled 1022.19
[0m[93m[PHY]    no free space for a new detected rach, discarding
[0m[93m[NR_PHY_RACH] Error in scheduling rach
[0m[93m[HW]     we get rach data from ru, but it is not scheduled 1023.19
[0m[HW]     [o-du 0][rx   86016 pps   10752 kbps   72960][tx  255020 pps   31872 kbps  182321][Total Msgs_Rcvd 86016]
[0m[HW]     [FH LOAD][o-du 0] rx=72.960 Mbps tx=182.321 Mbps total=255.281 Mbps rx_pps=10752 tx_pps=31872 total_pps=42624
[0m[HW]     [o_du0][pusch0   73728 prach0   12288]
[0m[93m[PHY]    no free space for a new detected rach, discarding
[0m[93m[NR_PHY_RACH] Error in scheduling rach
[0m[93m[HW]     we get rach data from ru, but it is not scheduled 0.19
[0m[93m[PHY]    no free space for a new detected rach, discarding
[0m[93m[NR_PHY_RACH] Error in scheduling rach
[0m[93m[HW]     we get rach data from ru, but it is not scheduled 1.19
[0m[93m[PHY]    no free space for a new detected rach, discarding
[0m[93m[NR_PHY_RACH] Error in scheduling rach
[0m[93m[HW]     we get rach data from ru, but it is not scheduled 2.19
[0m[93m[PHY]    no free space for a new detected rach, discarding
[0m[93m[NR_PHY_RACH] Error in scheduling rach
[0m[93m[HW]     we get rach data from ru, but it is not scheduled 3.19
[0m[93m[PHY]    no free space for a new detected rach, discarding
[0m[93m[NR_PHY_RACH] Error in scheduling rach
[0m[93m[HW]     we get rach data from ru, but it is not scheduled 4.19
[0m[93m[PHY]    no free space for a new detected rach, discarding
[0m[93m[NR_PHY_RACH] Error in scheduling rach
[0m[93m[HW]     we get rach data from ru, but it is not scheduled 5.19
[0m[93m[PHY]    no free space for a new detected rach, discarding
[0m[93m[NR_PHY_RACH] Error in scheduling rach
[0m[93m[HW]     we get rach data from ru, but it is not scheduled 6.19
[0m[93m[PHY]    no free space for a new detected rach, discarding
[0m[93m[NR_PHY_RACH] Error in scheduling rach
[0m[93m[HW]     we get rach data from ru, but it is not scheduled 7.19
[0m[93m[PHY]    no free space for a new detected rach, discarding
[0m[93m[NR_PHY_RACH] Error in scheduling rach
[0m[93m[HW]     we get rach data from ru, but it is not scheduled 8.19
[0m[93m[PHY]    no free space for a new detected rach, discarding
[0m[93m[NR_PHY_RACH] Error in scheduling rach
[0m[93m[HW]     we get rach data from ru, but it is not scheduled 9.19
[0m[93m[PHY]    no free space for a new detected rach, discarding
[0m[93m[NR_PHY_RACH] Error in scheduling rach
[0m[93m[HW]     we get rach data from ru, but it is not scheduled 10.19
[0m[93m[PHY]    no free space for a new detected rach, discarding
[0m[93m[NR_PHY_RACH] Error in scheduling rach
[0m[93m[HW]     we get rach data from ru, but it is not scheduled 11.19
[0m[93m[PHY]    no free space for a new detected rach, discarding
[0m[93m[NR_PHY_RACH] Error in scheduling rach
[0m[93m[HW]     we get rach data from ru, but it is not scheduled 12.19
[0m[93m[PHY]    no free space for a new detected rach, discarding
[0m[93m[NR_PHY_RACH] Error in scheduling rach
[0m[93m[HW]     we get rach data from ru, but it is not scheduled 13.19
[0m[93m[PHY]    no free space for a new detected rach, discarding
[0m[93m[NR_PHY_RACH] Error in scheduling rach
[0m[93m[HW]     we get rach data from ru, but it is not scheduled 14.19
[0m[93m[PHY]    no free space for a new detected rach, discarding
[0m[93m[NR_PHY_RACH] Error in scheduling rach
[0m[93m[HW]     we get rach data from ru, but it is not scheduled 15.19
[0m[93m[PHY]    no free space for a new detected rach, discarding
[0m[93m[NR_PHY_RACH] Error in scheduling rach
[0m[93m[HW]     we get rach data from ru, but it is not scheduled 16.19
[0m[HW]     [o-du 0][rx   96768 pps   10752 kbps   72960][tx  286892 pps   31872 kbps  182321][Total Msgs_Rcvd 96768]
[0m[HW]     [FH LOAD][o-du 0] rx=72.960 Mbps tx=182.321 Mbps total=255.281 Mbps rx_pps=10752 tx_pps=31872 total_pps=42624
[0m[HW]     [o_du0][pusch0   82944 prach0   13824]
[0m[HW]     [o-du 0][rx  107520 pps   10752 kbps   72960][tx  318764 pps   31872 kbps  182321][Total Msgs_Rcvd 107520]
[0m[HW]     [FH LOAD][o-du 0] rx=72.960 Mbps tx=182.321 Mbps total=255.281 Mbps rx_pps=10752 tx_pps=31872 total_pps=42624
[0m[HW]     [o_du0][pusch0   92160 prach0   15360]
[0m[HW]     [o-du 0][rx  118272 pps   10752 kbps   72950][tx  350636 pps   31872 kbps  182321][Total Msgs_Rcvd 118272]
[0m[HW]     [FH LOAD][o-du 0] rx=72.950 Mbps tx=182.321 Mbps total=255.271 Mbps rx_pps=10752 tx_pps=31872 total_pps=42624
[0m[HW]     [o_du0][pusch0  101376 prach0   16896]
[0m[HW]     [o-du 0][rx  129024 pps   10752 kbps   72955][tx  382508 pps   31872 kbps  182321][Total Msgs_Rcvd 129024]
[0m[HW]     [FH LOAD][o-du 0] rx=72.955 Mbps tx=182.321 Mbps total=255.276 Mbps rx_pps=10752 tx_pps=31872 total_pps=42624
[0m[HW]     [o_du0][pusch0  110592 prach0   18432]
[0m[HW]     [o-du 0][rx  139776 pps   10752 kbps   72974][tx  414380 pps   31872 kbps  182321][Total Msgs_Rcvd 139776]
[0m[HW]     [FH LOAD][o-du 0] rx=72.974 Mbps tx=182.321 Mbps total=255.295 Mbps rx_pps=10752 tx_pps=31872 total_pps=42624
[0m[HW]     [o_du0][pusch0  119808 prach0   19968]
[0m[HW]     [o-du 0][rx  150528 pps   10752 kbps   72960][tx  446252 pps   31872 kbps  182321][Total Msgs_Rcvd 150528]
[0m[HW]     [FH LOAD][o-du 0] rx=72.960 Mbps tx=182.321 Mbps total=255.281 Mbps rx_pps=10752 tx_pps=31872 total_pps=42624
[0m[HW]     [o_du0][pusch0  129024 prach0   21504]
[0m[HW]     [o-du 0][rx  161280 pps   10752 kbps   72960][tx  478124 pps   31872 kbps  182321][Total Msgs_Rcvd 161280]
[0m[HW]     [FH LOAD][o-du 0] rx=72.960 Mbps tx=182.321 Mbps total=255.281 Mbps rx_pps=10752 tx_pps=31872 total_pps=42624
[0m[HW]     [o_du0][pusch0  138240 prach0   23040]
[0m[HW]     [o-du 0][rx  172032 pps   10752 kbps   72960][tx  509996 pps   31872 kbps  182321][Total Msgs_Rcvd 172032]
[0m[HW]     [FH LOAD][o-du 0] rx=72.960 Mbps tx=182.321 Mbps total=255.281 Mbps rx_pps=10752 tx_pps=31872 total_pps=42624
[0m[HW]     [o_du0][pusch0  147456 prach0   24576]
[0m[PHY]    prach_I0 = 0.0 dB
[0m[HW]     [o-du 0][rx  182784 pps   10752 kbps   72960][tx  541868 pps   31872 kbps  182321][Total Msgs_Rcvd 182784]
[0m[HW]     [FH LOAD][o-du 0] rx=72.960 Mbps tx=182.321 Mbps total=255.281 Mbps rx_pps=10752 tx_pps=31872 total_pps=42624
[0m[HW]     [o_du0][pusch0  156672 prach0   26112]
[0m[HW]     [o-du 0][rx  193536 pps   10752 kbps   72950][tx  573740 pps   31872 kbps  182321][Total Msgs_Rcvd 193536]
[0m[HW]     [FH LOAD][o-du 0] rx=72.950 Mbps tx=182.321 Mbps total=255.271 Mbps rx_pps=10752 tx_pps=31872 total_pps=42624
[0m[HW]     [o_du0][pusch0  165888 prach0   27648]
[0m[HW]     [o-du 0][rx  204288 pps   10752 kbps   72960][tx  605612 pps   31872 kbps  182321][Total Msgs_Rcvd 204288]
[0m[HW]     [FH LOAD][o-du 0] rx=72.960 Mbps tx=182.321 Mbps total=255.281 Mbps rx_pps=10752 tx_pps=31872 total_pps=42624
[0m[HW]     [o_du0][pusch0  175104 prach0   29184]
[0m[HW]     [o-du 0][rx  215040 pps   10752 kbps   72969][tx  637484 pps   31872 kbps  182321][Total Msgs_Rcvd 215040]
[0m[HW]     [FH LOAD][o-du 0] rx=72.969 Mbps tx=182.321 Mbps total=255.290 Mbps rx_pps=10752 tx_pps=31872 total_pps=42624
[0m[HW]     [o_du0][pusch0  184320 prach0   30720]
[0m[HW]     [o-du 0][rx  225792 pps   10752 kbps   72950][tx  669356 pps   31872 kbps  182321][Total Msgs_Rcvd 225792]
[0m[HW]     [FH LOAD][o-du 0] rx=72.950 Mbps tx=182.321 Mbps total=255.271 Mbps rx_pps=10752 tx_pps=31872 total_pps=42624
[0m[HW]     [o_du0][pusch0  193536 prach0   32256]
[0m[HW]     [o-du 0][rx  236544 pps   10752 kbps   72960][tx  701228 pps   31872 kbps  182321][Total Msgs_Rcvd 236544]
[0m[HW]     [FH LOAD][o-du 0] rx=72.960 Mbps tx=182.321 Mbps total=255.281 Mbps rx_pps=10752 tx_pps=31872 total_pps=42624
[0m[HW]     [o_du0][pusch0  202752 prach0   33792]
[0m[HW]     [o-du 0][rx  247296 pps   10752 kbps   72955][tx  733100 pps   31872 kbps  182321][Total Msgs_Rcvd 247296]
[0m[HW]     [FH LOAD][o-du 0] rx=72.955 Mbps tx=182.321 Mbps total=255.276 Mbps rx_pps=10752 tx_pps=31872 total_pps=42624
[0m[HW]     [o_du0][pusch0  211968 prach0   35328]
[0m[HW]     [o-du 0][rx  258048 pps   10752 kbps   72974][tx  764972 pps   31872 kbps  182321][Total Msgs_Rcvd 258048]
[0m[HW]     [FH LOAD][o-du 0] rx=72.974 Mbps tx=182.321 Mbps total=255.295 Mbps rx_pps=10752 tx_pps=31872 total_pps=42624
[0m[HW]     [o_du0][pusch0  221184 prach0   36864]
[0m[PHY]    prach_I0 = 0.0 dB
[0m[HW]     [o-du 0][rx  268800 pps   10752 kbps   72960][tx  796844 pps   31872 kbps  182321][Total Msgs_Rcvd 268800]
[0m[HW]     [FH LOAD][o-du 0] rx=72.960 Mbps tx=182.321 Mbps total=255.281 Mbps rx_pps=10752 tx_pps=31872 total_pps=42624
[0m[HW]     [o_du0][pusch0  230400 prach0   38400]
[0m[HW]     [o-du 0][rx  279552 pps   10752 kbps   72960][tx  828716 pps   31872 kbps  182321][Total Msgs_Rcvd 279552]
[0m[HW]     [FH LOAD][o-du 0] rx=72.960 Mbps tx=182.321 Mbps total=255.281 Mbps rx_pps=10752 tx_pps=31872 total_pps=42624
[0m[HW]     [o_du0][pusch0  239616 prach0   39936]
[0m[HW]     [o-du 0][rx  290304 pps   10752 kbps   72955][tx  860588 pps   31872 kbps  182321][Total Msgs_Rcvd 290304]
[0m[HW]     [FH LOAD][o-du 0] rx=72.955 Mbps tx=182.321 Mbps total=255.276 Mbps rx_pps=10752 tx_pps=31872 total_pps=42624
[0m[HW]     [o_du0][pusch0  248832 prach0   41472]
[0m[HW]     [o-du 0][rx  301056 pps   10752 kbps   72974][tx  892460 pps   31872 kbps  182321][Total Msgs_Rcvd 301056]
[0m[HW]     [FH LOAD][o-du 0] rx=72.974 Mbps tx=182.321 Mbps total=255.295 Mbps rx_pps=10752 tx_pps=31872 total_pps=42624
[0m[HW]     [o_du0][pusch0  258048 prach0   43008]
[0m[HW]     [o-du 0][rx  311808 pps   10752 kbps   72964][tx  924332 pps   31872 kbps  182321][Total Msgs_Rcvd 311808]
[0m[HW]     [FH LOAD][o-du 0] rx=72.964 Mbps tx=182.321 Mbps total=255.285 Mbps rx_pps=10752 tx_pps=31872 total_pps=42624
[0m[HW]     [o_du0][pusch0  267264 prach0   44544]
[0m[HW]     [o-du 0][rx  322560 pps   10752 kbps   72955][tx  956204 pps   31872 kbps  182321][Total Msgs_Rcvd 322560]
[0m[HW]     [FH LOAD][o-du 0] rx=72.955 Mbps tx=182.321 Mbps total=255.276 Mbps rx_pps=10752 tx_pps=31872 total_pps=42624
[0m[HW]     [o_du0][pusch0  276480 prach0   46080]
[0m[HW]     [o-du 0][rx  333312 pps   10752 kbps   72964][tx  988076 pps   31872 kbps  182321][Total Msgs_Rcvd 333312]
[0m[HW]     [FH LOAD][o-du 0] rx=72.964 Mbps tx=182.321 Mbps total=255.285 Mbps rx_pps=10752 tx_pps=31872 total_pps=42624
[0m[HW]     [o_du0][pusch0  285696 prach0   47616]
[0m[HW]     [o-du 0][rx  344064 pps   10752 kbps   72950][tx 1019948 pps   31872 kbps  182321][Total Msgs_Rcvd 344064]
[0m[HW]     [FH LOAD][o-du 0] rx=72.950 Mbps tx=182.321 Mbps total=255.271 Mbps rx_pps=10752 tx_pps=31872 total_pps=42624
[0m[HW]     [o_du0][pusch0  294912 prach0   49152]
[0m[PHY]    prach_I0 = 0.0 dB
[0m[HW]     [o-du 0][rx  354816 pps   10752 kbps   72955][tx 1051820 pps   31872 kbps  182321][Total Msgs_Rcvd 354816]
[0m[HW]     [FH LOAD][o-du 0] rx=72.955 Mbps tx=182.321 Mbps total=255.276 Mbps rx_pps=10752 tx_pps=31872 total_pps=42624
[0m[HW]     [o_du0][pusch0  304128 prach0   50688]
[0m[HW]     [o-du 0][rx  365568 pps   10752 kbps   72974][tx 1083692 pps   31872 kbps  182321][Total Msgs_Rcvd 365568]
[0m[HW]     [FH LOAD][o-du 0] rx=72.974 Mbps tx=182.321 Mbps total=255.295 Mbps rx_pps=10752 tx_pps=31872 total_pps=42624
[0m[HW]     [o_du0][pusch0  313344 prach0   52224]
[0m[HW]     [o-du 0][rx  376320 pps   10752 kbps   72960][tx 1115564 pps   31872 kbps  182321][Total Msgs_Rcvd 376320]
[0m[HW]     [FH LOAD][o-du 0] rx=72.960 Mbps tx=182.321 Mbps total=255.281 Mbps rx_pps=10752 tx_pps=31872 total_pps=42624
[0m[HW]     [o_du0][pusch0  322560 prach0   53760]
[0m[HW]     [o-du 0][rx  387072 pps   10752 kbps   72960][tx 1147436 pps   31872 kbps  182321][Total Msgs_Rcvd 387072]
[0m[HW]     [FH LOAD][o-du 0] rx=72.960 Mbps tx=182.321 Mbps total=255.281 Mbps rx_pps=10752 tx_pps=31872 total_pps=42624
[0m[HW]     [o_du0][pusch0  331776 prach0   55296]
[0m[HW]     [o-du 0][rx  397824 pps   10752 kbps   72945][tx 1179308 pps   31872 kbps  182321][Total Msgs_Rcvd 397824]
[0m[HW]     [FH LOAD][o-du 0] rx=72.945 Mbps tx=182.321 Mbps total=255.266 Mbps rx_pps=10752 tx_pps=31872 total_pps=42624
[0m[HW]     [o_du0][pusch0  340992 prach0   56832]
[0m[HW]     [o-du 0][rx  408576 pps   10752 kbps   72960][tx 1211180 pps   31872 kbps  182321][Total Msgs_Rcvd 408576]
[0m[HW]     [FH LOAD][o-du 0] rx=72.960 Mbps tx=182.321 Mbps total=255.281 Mbps rx_pps=10752 tx_pps=31872 total_pps=42624
[0m[HW]     [o_du0][pusch0  350208 prach0   58368]
[0m[HW]     [o-du 0][rx  419328 pps   10752 kbps   72960][tx 1243052 pps   31872 kbps  182321][Total Msgs_Rcvd 419328]
[0m[HW]     [FH LOAD][o-du 0] rx=72.960 Mbps tx=182.321 Mbps total=255.281 Mbps rx_pps=10752 tx_pps=31872 total_pps=42624
[0m[HW]     [o_du0][pusch0  359424 prach0   59904]
[0m[HW]     [o-du 0][rx  430080 pps   10752 kbps   72960][tx 1274924 pps   31872 kbps  182321][Total Msgs_Rcvd 430080]
[0m[HW]     [FH LOAD][o-du 0] rx=72.960 Mbps tx=182.321 Mbps total=255.281 Mbps rx_pps=10752 tx_pps=31872 total_pps=42624
[0m[HW]     [o_du0][pusch0  368640 prach0   61440]
[0m[PHY]    prach_I0 = 0.0 dB
[0m[HW]     [o-du 0][rx  440832 pps   10752 kbps   72969][tx 1306796 pps   31872 kbps  182321][Total Msgs_Rcvd 440832]
[0m[HW]     [FH LOAD][o-du 0] rx=72.969 Mbps tx=182.321 Mbps total=255.290 Mbps rx_pps=10752 tx_pps=31872 total_pps=42624
[0m[HW]     [o_du0][pusch0  377856 prach0   62976]
[0m[HW]     [o-du 0][rx  451584 pps   10752 kbps   72950][tx 1338668 pps   31872 kbps  182321][Total Msgs_Rcvd 451584]
[0m[HW]     [FH LOAD][o-du 0] rx=72.950 Mbps tx=182.321 Mbps total=255.271 Mbps rx_pps=10752 tx_pps=31872 total_pps=42624
[0m[HW]     [o_du0][pusch0  387072 prach0   64512]
[0m[HW]     [o-du 0][rx  462336 pps   10752 kbps   72955][tx 1370540 pps   31872 kbps  182321][Total Msgs_Rcvd 462336]
[0m[HW]     [FH LOAD][o-du 0] rx=72.955 Mbps tx=182.321 Mbps total=255.276 Mbps rx_pps=10752 tx_pps=31872 total_pps=42624
[0m[HW]     [o_du0][pusch0  396288 prach0   66048]
[0m[HW]     [o-du 0][rx  473088 pps   10752 kbps   72964][tx 1402412 pps   31872 kbps  182321][Total Msgs_Rcvd 473088]
[0m[HW]     [FH LOAD][o-du 0] rx=72.964 Mbps tx=182.321 Mbps total=255.285 Mbps rx_pps=10752 tx_pps=31872 total_pps=42624
[0m[HW]     [o_du0][pusch0  405504 prach0   67584]
[0m[HW]     [o-du 0][rx  483840 pps   10752 kbps   72955][tx 1434284 pps   31872 kbps  182321][Total Msgs_Rcvd 483840]
[0m[HW]     [FH LOAD][o-du 0] rx=72.955 Mbps tx=182.321 Mbps total=255.276 Mbps rx_pps=10752 tx_pps=31872 total_pps=42624
[0m[HW]     [o_du0][pusch0  414720 prach0   69120]
[0m[HW]     [o-du 0][rx  494592 pps   10752 kbps   72974][tx 1466156 pps   31872 kbps  182321][Total Msgs_Rcvd 494592]
[0m[HW]     [FH LOAD][o-du 0] rx=72.974 Mbps tx=182.321 Mbps total=255.295 Mbps rx_pps=10752 tx_pps=31872 total_pps=42624
[0m[HW]     [o_du0][pusch0  423936 prach0   70656]
[0m[HW]     [o-du 0][rx  505344 pps   10752 kbps   72960][tx 1498028 pps   31872 kbps  182321][Total Msgs_Rcvd 505344]
[0m[HW]     [FH LOAD][o-du 0] rx=72.960 Mbps tx=182.321 Mbps total=255.281 Mbps rx_pps=10752 tx_pps=31872 total_pps=42624
[0m[HW]     [o_du0][pusch0  433152 prach0   72192]
[0m[HW]     [o-du 0][rx  516096 pps   10752 kbps   72960][tx 1529900 pps   31872 kbps  182321][Total Msgs_Rcvd 516096]
[0m[HW]     [FH LOAD][o-du 0] rx=72.960 Mbps tx=182.321 Mbps total=255.281 Mbps rx_pps=10752 tx_pps=31872 total_pps=42624
[0m[HW]     [o_du0][pusch0  442368 prach0   73728]
[0m[PHY]    prach_I0 = 0.0 dB
[0m[HW]     [o-du 0][rx  526848 pps   10752 kbps   72969][tx 1561772 pps   31872 kbps  182321][Total Msgs_Rcvd 526848]
[0m[HW]     [FH LOAD][o-du 0] rx=72.969 Mbps tx=182.321 Mbps total=255.290 Mbps rx_pps=10752 tx_pps=31872 total_pps=42624
[0m[HW]     [o_du0][pusch0  451584 prach0   75264]
[0m[HW]     [o-du 0][rx  537600 pps   10752 kbps   72960][tx 1593644 pps   31872 kbps  182321][Total Msgs_Rcvd 537600]
[0m[HW]     [FH LOAD][o-du 0] rx=72.960 Mbps tx=182.321 Mbps total=255.281 Mbps rx_pps=10752 tx_pps=31872 total_pps=42624
[0m[HW]     [o_du0][pusch0  460800 prach0   76800]
[0m[HW]     [o-du 0][rx  548352 pps   10752 kbps   72950][tx 1625516 pps   31872 kbps  182321][Total Msgs_Rcvd 548352]
[0m[HW]     [FH LOAD][o-du 0] rx=72.950 Mbps tx=182.321 Mbps total=255.271 Mbps rx_pps=10752 tx_pps=31872 total_pps=42624
[0m[HW]     [o_du0][pusch0  470016 prach0   78336]
[0m[HW]     [o-du 0][rx  559104 pps   10752 kbps   72969][tx 1657388 pps   31872 kbps  182321][Total Msgs_Rcvd 559104]
[0m[HW]     [FH LOAD][o-du 0] rx=72.969 Mbps tx=182.321 Mbps total=255.290 Mbps rx_pps=10752 tx_pps=31872 total_pps=42624
[0m[HW]     [o_du0][pusch0  479232 prach0   79872]
[0m[HW]     [o-du 0][rx  569856 pps   10752 kbps   72950][tx 1689260 pps   31872 kbps  182321][Total Msgs_Rcvd 569856]
[0m[HW]     [FH LOAD][o-du 0] rx=72.950 Mbps tx=182.321 Mbps total=255.271 Mbps rx_pps=10752 tx_pps=31872 total_pps=42624
[0m[HW]     [o_du0][pusch0  488448 prach0   81408]
[0m[HW]     [o-du 0][rx  580608 pps   10752 kbps   72960][tx 1721132 pps   31872 kbps  182321][Total Msgs_Rcvd 580608]
[0m[HW]     [FH LOAD][o-du 0] rx=72.960 Mbps tx=182.321 Mbps total=255.281 Mbps rx_pps=10752 tx_pps=31872 total_pps=42624
[0m[HW]     [o_du0][pusch0  497664 prach0   82944]
[0m[HW]     [o-du 0][rx  591360 pps   10752 kbps   72960][tx 1753004 pps   31872 kbps  182321][Total Msgs_Rcvd 591360]
[0m[HW]     [FH LOAD][o-du 0] rx=72.960 Mbps tx=182.321 Mbps total=255.281 Mbps rx_pps=10752 tx_pps=31872 total_pps=42624
[0m[HW]     [o_du0][pusch0  506880 prach0   84480]
[0m[HW]     [o-du 0][rx  602112 pps   10752 kbps   72955][tx 1784876 pps   31872 kbps  182321][Total Msgs_Rcvd 602112]
[0m[HW]     [FH LOAD][o-du 0] rx=72.955 Mbps tx=182.321 Mbps total=255.276 Mbps rx_pps=10752 tx_pps=31872 total_pps=42624
[0m[HW]     [o_du0][pusch0  516096 prach0   86016]
[0m[PHY]    prach_I0 = 0.0 dB
[0m[HW]     [o-du 0][rx  612864 pps   10752 kbps   72960][tx 1816748 pps   31872 kbps  182321][Total Msgs_Rcvd 612864]
[0m[HW]     [FH LOAD][o-du 0] rx=72.960 Mbps tx=182.321 Mbps total=255.281 Mbps rx_pps=10752 tx_pps=31872 total_pps=42624
[0m[HW]     [o_du0][pusch0  525312 prach0   87552]
[0m[HW]     [o-du 0][rx  623616 pps   10752 kbps   72960][tx 1848620 pps   31872 kbps  182321][Total Msgs_Rcvd 623616]
[0m[HW]     [FH LOAD][o-du 0] rx=72.960 Mbps tx=182.321 Mbps total=255.281 Mbps rx_pps=10752 tx_pps=31872 total_pps=42624
[0m[HW]     [o_du0][pusch0  534528 prach0   89088]
[0m[HW]     [o-du 0][rx  634368 pps   10752 kbps   72955][tx 1880492 pps   31872 kbps  182321][Total Msgs_Rcvd 634368]
[0m[HW]     [FH LOAD][o-du 0] rx=72.955 Mbps tx=182.321 Mbps total=255.276 Mbps rx_pps=10752 tx_pps=31872 total_pps=42624
[0m[HW]     [o_du0][pusch0  543744 prach0   90624]
[0m[HW]     [o-du 0][rx  645120 pps   10752 kbps   72964][tx 1912364 pps   31872 kbps  182321][Total Msgs_Rcvd 645120]
[0m[HW]     [FH LOAD][o-du 0] rx=72.964 Mbps tx=182.321 Mbps total=255.285 Mbps rx_pps=10752 tx_pps=31872 total_pps=42624
[0m[HW]     [o_du0][pusch0  552960 prach0   92160]
[0m[HW]     [o-du 0][rx  655872 pps   10752 kbps   72969][tx 1944236 pps   31872 kbps  182321][Total Msgs_Rcvd 655872]
[0m[HW]     [FH LOAD][o-du 0] rx=72.969 Mbps tx=182.321 Mbps total=255.290 Mbps rx_pps=10752 tx_pps=31872 total_pps=42624
[0m[HW]     [o_du0][pusch0  562176 prach0   93696]
[0m[HW]     [o-du 0][rx  666624 pps   10752 kbps   72945][tx 1976108 pps   31872 kbps  182321][Total Msgs_Rcvd 666624]
[0m[HW]     [FH LOAD][o-du 0] rx=72.945 Mbps tx=182.321 Mbps total=255.266 Mbps rx_pps=10752 tx_pps=31872 total_pps=42624
[0m[HW]     [o_du0][pusch0  571392 prach0   95232]
[0m[HW]     [o-du 0][rx  677376 pps   10752 kbps   72960][tx 2007980 pps   31872 kbps  182321][Total Msgs_Rcvd 677376]
[0m[HW]     [FH LOAD][o-du 0] rx=72.960 Mbps tx=182.321 Mbps total=255.281 Mbps rx_pps=10752 tx_pps=31872 total_pps=42624
[0m[HW]     [o_du0][pusch0  580608 prach0   96768]
[0m[HW]     [o-du 0][rx  688128 pps   10752 kbps   72960][tx 2039852 pps   31872 kbps  182321][Total Msgs_Rcvd 688128]
[0m[HW]     [FH LOAD][o-du 0] rx=72.960 Mbps tx=182.321 Mbps total=255.281 Mbps rx_pps=10752 tx_pps=31872 total_pps=42624
[0m[HW]     [o_du0][pusch0  589824 prach0   98304]
[0m[PHY]    prach_I0 = 0.0 dB
[0m[HW]     [o-du 0][rx  698880 pps   10752 kbps   72945][tx 2071724 pps   31872 kbps  182321][Total Msgs_Rcvd 698880]
[0m[HW]     [FH LOAD][o-du 0] rx=72.945 Mbps tx=182.321 Mbps total=255.266 Mbps rx_pps=10752 tx_pps=31872 total_pps=42624
[0m[HW]     [o_du0][pusch0  599040 prach0   99840]
[0m[HW]     [o-du 0][rx  709632 pps   10752 kbps   72974][tx 2103596 pps   31872 kbps  182321][Total Msgs_Rcvd 709632]
[0m[HW]     [FH LOAD][o-du 0] rx=72.974 Mbps tx=182.321 Mbps total=255.295 Mbps rx_pps=10752 tx_pps=31872 total_pps=42624
[0m[HW]     [o_du0][pusch0  608256 prach0  101376]
[0m[HW]     [o-du 0][rx  720384 pps   10752 kbps   72945][tx 2135468 pps   31872 kbps  182321][Total Msgs_Rcvd 720384]
[0m[HW]     [FH LOAD][o-du 0] rx=72.945 Mbps tx=182.321 Mbps total=255.266 Mbps rx_pps=10752 tx_pps=31872 total_pps=42624
[0m[HW]     [o_du0][pusch0  617472 prach0  102912]
[0m[HW]     [o-du 0][rx  731136 pps   10752 kbps   72960][tx 2167340 pps   31872 kbps  182321][Total Msgs_Rcvd 731136]
[0m[HW]     [FH LOAD][o-du 0] rx=72.960 Mbps tx=182.321 Mbps total=255.281 Mbps rx_pps=10752 tx_pps=31872 total_pps=42624
[0m[HW]     [o_du0][pusch0  626688 prach0  104448]
[0m[HW]     [o-du 0][rx  741888 pps   10752 kbps   72969][tx 2199212 pps   31872 kbps  182321][Total Msgs_Rcvd 741888]
[0m[HW]     [FH LOAD][o-du 0] rx=72.969 Mbps tx=182.321 Mbps total=255.290 Mbps rx_pps=10752 tx_pps=31872 total_pps=42624
[0m[HW]     [o_du0][pusch0  635904 prach0  105984]
[0m[HW]     [o-du 0][rx  752640 pps   10752 kbps   72950][tx 2231084 pps   31872 kbps  182321][Total Msgs_Rcvd 752640]
[0m[HW]     [FH LOAD][o-du 0] rx=72.950 Mbps tx=182.321 Mbps total=255.271 Mbps rx_pps=10752 tx_pps=31872 total_pps=42624
[0m[HW]     [o_du0][pusch0  645120 prach0  107520]
[0m[HW]     [o-du 0][rx  763392 pps   10752 kbps   72960][tx 2262956 pps   31872 kbps  182321][Total Msgs_Rcvd 763392]
[0m[HW]     [FH LOAD][o-du 0] rx=72.960 Mbps tx=182.321 Mbps total=255.281 Mbps rx_pps=10752 tx_pps=31872 total_pps=42624
[0m[HW]     [o_du0][pusch0  654336 prach0  109056]
[0m[HW]     [o-du 0][rx  774144 pps   10752 kbps   72950][tx 2294828 pps   31872 kbps  182321][Total Msgs_Rcvd 774144]
[0m[HW]     [FH LOAD][o-du 0] rx=72.950 Mbps tx=182.321 Mbps total=255.271 Mbps rx_pps=10752 tx_pps=31872 total_pps=42624
[0m[HW]     [o_du0][pusch0  663552 prach0  110592]
[0m[PHY]    prach_I0 = 0.0 dB
[0m[HW]     [o-du 0][rx  784896 pps   10752 kbps   72969][tx 2326700 pps   31872 kbps  182321][Total Msgs_Rcvd 784896]
[0m[HW]     [FH LOAD][o-du 0] rx=72.969 Mbps tx=182.321 Mbps total=255.290 Mbps rx_pps=10752 tx_pps=31872 total_pps=42624
[0m[HW]     [o_du0][pusch0  672768 prach0  112128]
[0m[HW]     [o-du 0][rx  795648 pps   10752 kbps   72950][tx 2358572 pps   31872 kbps  182321][Total Msgs_Rcvd 795648]
[0m[HW]     [FH LOAD][o-du 0] rx=72.950 Mbps tx=182.321 Mbps total=255.271 Mbps rx_pps=10752 tx_pps=31872 total_pps=42624
[0m[HW]     [o_du0][pusch0  681984 prach0  113664]
[0m[HW]     [o-du 0][rx  806400 pps   10752 kbps   72960][tx 2390444 pps   31872 kbps  182321][Total Msgs_Rcvd 806400]
[0m[HW]     [FH LOAD][o-du 0] rx=72.960 Mbps tx=182.321 Mbps total=255.281 Mbps rx_pps=10752 tx_pps=31872 total_pps=42624
[0m[HW]     [o_du0][pusch0  691200 prach0  115200]
[0m[HW]     [o-du 0][rx  817152 pps   10752 kbps   72960][tx 2422316 pps   31872 kbps  182321][Total Msgs_Rcvd 817152]
[0m[HW]     [FH LOAD][o-du 0] rx=72.960 Mbps tx=182.321 Mbps total=255.281 Mbps rx_pps=10752 tx_pps=31872 total_pps=42624
[0m[HW]     [o_du0][pusch0  700416 prach0  116736]
[0m[HW]     [o-du 0][rx  827904 pps   10752 kbps   72960][tx 2454188 pps   31872 kbps  182321][Total Msgs_Rcvd 827904]
[0m[HW]     [FH LOAD][o-du 0] rx=72.960 Mbps tx=182.321 Mbps total=255.281 Mbps rx_pps=10752 tx_pps=31872 total_pps=42624
[0m[HW]     [o_du0][pusch0  709632 prach0  118272]
[0m[HW]     [o-du 0][rx  838656 pps   10752 kbps   72950][tx 2486060 pps   31872 kbps  182321][Total Msgs_Rcvd 838656]
[0m[HW]     [FH LOAD][o-du 0] rx=72.950 Mbps tx=182.321 Mbps total=255.271 Mbps rx_pps=10752 tx_pps=31872 total_pps=42624
[0m[HW]     [o_du0][pusch0  718848 prach0  119808]
[0m[HW]     [o-du 0][rx  849408 pps   10752 kbps   72960][tx 2517932 pps   31872 kbps  182321][Total Msgs_Rcvd 849408]
[0m[HW]     [FH LOAD][o-du 0] rx=72.960 Mbps tx=182.321 Mbps total=255.281 Mbps rx_pps=10752 tx_pps=31872 total_pps=42624
[0m[HW]     [o_du0][pusch0  728064 prach0  121344]
[0m[HW]     [o-du 0][rx  860160 pps   10752 kbps   72950][tx 2549804 pps   31872 kbps  182321][Total Msgs_Rcvd 860160]
[0m[HW]     [FH LOAD][o-du 0] rx=72.950 Mbps tx=182.321 Mbps total=255.271 Mbps rx_pps=10752 tx_pps=31872 total_pps=42624
[0m[HW]     [o_du0][pusch0  737280 prach0  122880]
[0m[PHY]    prach_I0 = 0.0 dB
[0m[HW]     [o-du 0][rx  870912 pps   10752 kbps   72955][tx 2581676 pps   31872 kbps  182321][Total Msgs_Rcvd 870912]
[0m[HW]     [FH LOAD][o-du 0] rx=72.955 Mbps tx=182.321 Mbps total=255.276 Mbps rx_pps=10752 tx_pps=31872 total_pps=42624
[0m[HW]     [o_du0][pusch0  746496 prach0  124416]
[0m[HW]     [o-du 0][rx  881664 pps   10752 kbps   72955][tx 2613548 pps   31872 kbps  182321][Total Msgs_Rcvd 881664]
[0m[HW]     [FH LOAD][o-du 0] rx=72.955 Mbps tx=182.321 Mbps total=255.276 Mbps rx_pps=10752 tx_pps=31872 total_pps=42624
[0m[HW]     [o_du0][pusch0  755712 prach0  125952]
[0m[HW]     [o-du 0][rx  892416 pps   10752 kbps   72964][tx 2645420 pps   31872 kbps  182321][Total Msgs_Rcvd 892416]
[0m[HW]     [FH LOAD][o-du 0] rx=72.964 Mbps tx=182.321 Mbps total=255.285 Mbps rx_pps=10752 tx_pps=31872 total_pps=42624
[0m[HW]     [o_du0][pusch0  764928 prach0  127488]
[0m[HW]     [o-du 0][rx  903168 pps   10752 kbps   72960][tx 2677292 pps   31872 kbps  182321][Total Msgs_Rcvd 903168]
[0m[HW]     [FH LOAD][o-du 0] rx=72.960 Mbps tx=182.321 Mbps total=255.281 Mbps rx_pps=10752 tx_pps=31872 total_pps=42624
[0m[HW]     [o_du0][pusch0  774144 prach0  129024]
[0m[HW]     [o-du 0][rx  913920 pps   10752 kbps   72955][tx 2709164 pps   31872 kbps  182321][Total Msgs_Rcvd 913920]
[0m[HW]     [FH LOAD][o-du 0] rx=72.955 Mbps tx=182.321 Mbps total=255.276 Mbps rx_pps=10752 tx_pps=31872 total_pps=42624
[0m[HW]     [o_du0][pusch0  783360 prach0  130560]
[0m[HW]     [o-du 0][rx  924672 pps   10752 kbps   72960][tx 2741036 pps   31872 kbps  182321][Total Msgs_Rcvd 924672]
[0m[HW]     [FH LOAD][o-du 0] rx=72.960 Mbps tx=182.321 Mbps total=255.281 Mbps rx_pps=10752 tx_pps=31872 total_pps=42624
[0m[HW]     [o_du0][pusch0  792576 prach0  132096]
[0m[HW]     [o-du 0][rx  935424 pps   10752 kbps   72960][tx 2772908 pps   31872 kbps  182321][Total Msgs_Rcvd 935424]
[0m[HW]     [FH LOAD][o-du 0] rx=72.960 Mbps tx=182.321 Mbps total=255.281 Mbps rx_pps=10752 tx_pps=31872 total_pps=42624
[0m[HW]     [o_du0][pusch0  801792 prach0  133632]
[0m[HW]     [o-du 0][rx  946176 pps   10752 kbps   72950][tx 2804780 pps   31872 kbps  182321][Total Msgs_Rcvd 946176]
[0m[HW]     [FH LOAD][o-du 0] rx=72.950 Mbps tx=182.321 Mbps total=255.271 Mbps rx_pps=10752 tx_pps=31872 total_pps=42624
[0m[HW]     [o_du0][pusch0  811008 prach0  135168]
[0m[PHY]    prach_I0 = 0.0 dB
[0m[HW]     [o-du 0][rx  956928 pps   10752 kbps   72945][tx 2836652 pps   31872 kbps  182321][Total Msgs_Rcvd 956928]
[0m[HW]     [FH LOAD][o-du 0] rx=72.945 Mbps tx=182.321 Mbps total=255.266 Mbps rx_pps=10752 tx_pps=31872 total_pps=42624
[0m[HW]     [o_du0][pusch0  820224 prach0  136704]
[0m[HW]     [o-du 0][rx  967680 pps   10752 kbps   72964][tx 2868524 pps   31872 kbps  182321][Total Msgs_Rcvd 967680]
[0m[HW]     [FH LOAD][o-du 0] rx=72.964 Mbps tx=182.321 Mbps total=255.285 Mbps rx_pps=10752 tx_pps=31872 total_pps=42624
[0m[HW]     [o_du0][pusch0  829440 prach0  138240]
[0m[HW]     [o-du 0][rx  978432 pps   10752 kbps   72969][tx 2900396 pps   31872 kbps  182321][Total Msgs_Rcvd 978432]
[0m[HW]     [FH LOAD][o-du 0] rx=72.969 Mbps tx=182.321 Mbps total=255.290 Mbps rx_pps=10752 tx_pps=31872 total_pps=42624
[0m[HW]     [o_du0][pusch0  838656 prach0  139776]
[0m[HW]     [o-du 0][rx  989184 pps   10752 kbps   72950][tx 2932268 pps   31872 kbps  182321][Total Msgs_Rcvd 989184]
[0m[HW]     [FH LOAD][o-du 0] rx=72.950 Mbps tx=182.321 Mbps total=255.271 Mbps rx_pps=10752 tx_pps=31872 total_pps=42624
[0m[HW]     [o_du0][pusch0  847872 prach0  141312]
[0m[HW]     [o-du 0][rx  999936 pps   10752 kbps   72960][tx 2964140 pps   31872 kbps  182321][Total Msgs_Rcvd 999936]
[0m[HW]     [FH LOAD][o-du 0] rx=72.960 Mbps tx=182.321 Mbps total=255.281 Mbps rx_pps=10752 tx_pps=31872 total_pps=42624
[0m[HW]     [o_du0][pusch0  857088 prach0  142848]
[0m[HW]     [o-du 0][rx 1010688 pps   10752 kbps   72969][tx 2996012 pps   31872 kbps  182321][Total Msgs_Rcvd 1010688]
[0m[HW]     [FH LOAD][o-du 0] rx=72.969 Mbps tx=182.321 Mbps total=255.290 Mbps rx_pps=10752 tx_pps=31872 total_pps=42624
[0m[HW]     [o_du0][pusch0  866304 prach0  144384]
[0m[HW]     [o-du 0][rx 1021440 pps   10752 kbps   72960][tx 3027884 pps   31872 kbps  182321][Total Msgs_Rcvd 1021440]
[0m[HW]     [FH LOAD][o-du 0] rx=72.960 Mbps tx=182.321 Mbps total=255.281 Mbps rx_pps=10752 tx_pps=31872 total_pps=42624
[0m[HW]     [o_du0][pusch0  875520 prach0  145920]
[0m[HW]     [o-du 0][rx 1032192 pps   10752 kbps   72960][tx 3059756 pps   31872 kbps  182321][Total Msgs_Rcvd 1032192]
[0m[HW]     [FH LOAD][o-du 0] rx=72.960 Mbps tx=182.321 Mbps total=255.281 Mbps rx_pps=10752 tx_pps=31872 total_pps=42624
[0m[HW]     [o_du0][pusch0  884736 prach0  147456]
[0m[PHY]    prach_I0 = 0.0 dB
[0m[HW]     [o-du 0][rx 1042944 pps   10752 kbps   72960][tx 3091628 pps   31872 kbps  182321][Total Msgs_Rcvd 1042944]
[0m[HW]     [FH LOAD][o-du 0] rx=72.960 Mbps tx=182.321 Mbps total=255.281 Mbps rx_pps=10752 tx_pps=31872 total_pps=42624
[0m[HW]     [o_du0][pusch0  893952 prach0  148992]
[0m[HW]     [o-du 0][rx 1053696 pps   10752 kbps   72969][tx 3123500 pps   31872 kbps  182321][Total Msgs_Rcvd 1053696]
[0m[HW]     [FH LOAD][o-du 0] rx=72.969 Mbps tx=182.321 Mbps total=255.290 Mbps rx_pps=10752 tx_pps=31872 total_pps=42624
[0m[HW]     [o_du0][pusch0  903168 prach0  150528]
[0m[HW]     [o-du 0][rx 1064448 pps   10752 kbps   72960][tx 3155372 pps   31872 kbps  182321][Total Msgs_Rcvd 1064448]
[0m[HW]     [FH LOAD][o-du 0] rx=72.960 Mbps tx=182.321 Mbps total=255.281 Mbps rx_pps=10752 tx_pps=31872 total_pps=42624
[0m[HW]     [o_du0][pusch0  912384 prach0  152064]
[0m[HW]     [o-du 0][rx 1075200 pps   10752 kbps   72974][tx 3187244 pps   31872 kbps  182321][Total Msgs_Rcvd 1075200]
[0m[HW]     [FH LOAD][o-du 0] rx=72.974 Mbps tx=182.321 Mbps total=255.295 Mbps rx_pps=10752 tx_pps=31872 total_pps=42624
[0m[HW]     [o_du0][pusch0  921600 prach0  153600]
[0m[HW]     [o-du 0][rx 1085952 pps   10752 kbps   72945][tx 3219116 pps   31872 kbps  182321][Total Msgs_Rcvd 1085952]
[0m[HW]     [FH LOAD][o-du 0] rx=72.945 Mbps tx=182.321 Mbps total=255.266 Mbps rx_pps=10752 tx_pps=31872 total_pps=42624
[0m[HW]     [o_du0][pusch0  930816 prach0  155136]
[0m[HW]     [o-du 0][rx 1096704 pps   10752 kbps   72964][tx 3250988 pps   31872 kbps  182321][Total Msgs_Rcvd 1096704]
[0m[HW]     [FH LOAD][o-du 0] rx=72.964 Mbps tx=182.321 Mbps total=255.285 Mbps rx_pps=10752 tx_pps=31872 total_pps=42624
[0m[HW]     [o_du0][pusch0  940032 prach0  156672]
[0m[HW]     [o-du 0][rx 1107456 pps   10752 kbps   72960][tx 3282860 pps   31872 kbps  182321][Total Msgs_Rcvd 1107456]
[0m[HW]     [FH LOAD][o-du 0] rx=72.960 Mbps tx=182.321 Mbps total=255.281 Mbps rx_pps=10752 tx_pps=31872 total_pps=42624
[0m[HW]     [o_du0][pusch0  949248 prach0  158208]
[0m[HW]     [o-du 0][rx 1118208 pps   10752 kbps   72974][tx 3314732 pps   31872 kbps  182321][Total Msgs_Rcvd 1118208]
[0m[HW]     [FH LOAD][o-du 0] rx=72.974 Mbps tx=182.321 Mbps total=255.295 Mbps rx_pps=10752 tx_pps=31872 total_pps=42624
[0m[HW]     [o_du0][pusch0  958464 prach0  159744]
[0m[PHY]    prach_I0 = 0.0 dB
[0m[HW]     [o-du 0][rx 1128960 pps   10752 kbps   72950][tx 3346604 pps   31872 kbps  182321][Total Msgs_Rcvd 1128960]
[0m[HW]     [FH LOAD][o-du 0] rx=72.950 Mbps tx=182.321 Mbps total=255.271 Mbps rx_pps=10752 tx_pps=31872 total_pps=42624
[0m[HW]     [o_du0][pusch0  967680 prach0  161280]
[0m[HW]     [o-du 0][rx 1139712 pps   10752 kbps   72969][tx 3378476 pps   31872 kbps  182321][Total Msgs_Rcvd 1139712]
[0m[HW]     [FH LOAD][o-du 0] rx=72.969 Mbps tx=182.321 Mbps total=255.290 Mbps rx_pps=10752 tx_pps=31872 total_pps=42624
[0m[HW]     [o_du0][pusch0  976896 prach0  162816]
[0m[HW]     [o-du 0][rx 1150464 pps   10752 kbps   72960][tx 3410348 pps   31872 kbps  182321][Total Msgs_Rcvd 1150464]
[0m[HW]     [FH LOAD][o-du 0] rx=72.960 Mbps tx=182.321 Mbps total=255.281 Mbps rx_pps=10752 tx_pps=31872 total_pps=42624
[0m[HW]     [o_du0][pusch0  986112 prach0  164352]
[0m[HW]     [o-du 0][rx 1161216 pps   10752 kbps   72960][tx 3442220 pps   31872 kbps  182321][Total Msgs_Rcvd 1161216]
[0m[HW]     [FH LOAD][o-du 0] rx=72.960 Mbps tx=182.321 Mbps total=255.281 Mbps rx_pps=10752 tx_pps=31872 total_pps=42624
[0m[HW]     [o_du0][pusch0  995328 prach0  165888]
[0m[HW]     [o-du 0][rx 1171968 pps   10752 kbps   72960][tx 3474092 pps   31872 kbps  182321][Total Msgs_Rcvd 1171968]
[0m[HW]     [FH LOAD][o-du 0] rx=72.960 Mbps tx=182.321 Mbps total=255.281 Mbps rx_pps=10752 tx_pps=31872 total_pps=42624
[0m[HW]     [o_du0][pusch0 1004544 prach0  167424]
[0m