Logging terminal output to /home/jesse/oran_lab/logs/run_du/run_du_20260522_151616_pid530537.log
DU cores: 1,2,3,4,5,6,7,8,9,15
AnonHugePages:         0 kB
ShmemHugePages:        0 kB
FileHugePages:   1570816 kB
HugePages_Total:    8192
HugePages_Free:     4096
HugePages_Rsvd:        0
HugePages_Surp:        0
Hugepagesize:       2048 kB
Hugetlb:        16777216 kB
CMDLINE: "./nr-softmodem" "-O" "/home/jesse/oran_lab/du_test.conf" "--gNBs.[0].min_rxtxtime" "6" "--thread-pool" "1,2,3,4" 
[HW]     Version: Branch: oru-rebase-1-plus-compression Abrev. Hash: dae942c616 Date: Fri May 15 22:54:55 2026 +0000
[0m[34m[MAC]    Allocating shared L1/L2 interface structure for instance 0 @ 0x55dbb8334290
[0m[34m[MAC]    [MAIN] ALLOCATE 19120 Bytes for 1 gNB_MAC_INST @ (nil)
[0m[MAC]    received F1 Setup Response from CU (null)
[0m[MAC]    CU uses RRC version 17.3.0
[0m[MAC]    Clearing the DU's UE states before, if any.
[0m[MAC]    received gNB-DU configuration update acknowledge
[0m[HW]     Initializing O-RAN 7.2 FH interface through xran library (compiled against headers of oran_f_release_v1.8)
[0mEAL: Detected 32 lcore(s)
EAL: Detected 1 NUMA nodes
EAL: Auto-detected process type: PRIMARY
EAL: Detected shared linkage of DPDK
EAL: Multi-process socket /var/run/dpdk/wls_0/mp_socket
EAL: Selected IOVA mode 'PA'
EAL: No available hugepages reported in hugepages-1048576kB
EAL: Probing VFIO support...
EAL: VFIO support initialized
EAL: Probe PCI driver: net_i40e_vf (8086:154c) device: 0000:06:02.2 (socket 0)
[CONFIG] function config_libconfig_init returned 0
xran_fh_init:
  io_cfg:
    id 0 (O-DU)
    num_vfs 2
    num_rxq 1
    dpdk_dev [0000:06:02.2, 0000:06:02.3, (null), (null), (null), (null), (null), (null), (null), (null), (null), (null), (null), (null), (null), (null)]
    bbdev_dev (null)
    bbdev_mode -1
    dpdkIoVaMode 0
    dpdkMemorySize 8192
    core 9
    system_core 8
    pkt_proc_core 0000000000008000
    pkt_proc_core_64_127 0000000000000000
    pkt_aux_core 0
    timing_core 9
    port (filled within xran library)
    io_sleep 0
    nEthLinePerPort 1
    nEthLineSpeed 10
    one_vf_cu_plane 0
    eowd_cmn[0]:
      initiator_en 0
      numberOfSamples 0
      filterType 0
      responseTo 0
      measVf 0
      measState 0
      measId 0
      measMethod 0
      owdm_enable 0
      owdm_PlLength 0
eowd_port (filled within xran library)
    bbu_offload 0
  eAxCId_conf:
    mask_cuPortId 0xf000
    mask_bandSectorId 0x0f00
    mask_ccId 0x00f0
    mask_ruPortId 0x000f
    bit_cuPortId 0
    bit_bandSectorId 0
    bit_ccId 0
    bit_ruPortId 0
  xran_ports 1
  dpdkBasebandFecMode 0
  dpdkBasebandDevice (null)
  filePrefix wls_0
  mtu 9600
  p_o_du_addr (null)
  p_o_ru_addr [00:11:22:33:64:66, 00:11:22:33:64:67]
  totalBfWeights 0
  mlogxranenable 0
  dlCpProcBurst 0
'DPDK 20.11.9'
 xran_init: MTU 9600
PF Eth line speed 10G
PF Eth lines per O-xU port 1
RX HW queues per O-xU Eth line 1 
node 0
total cores 32 c_mask 0x00000000000008300 core 9 [id] system_core 8 [id] pkt_proc_core 0x00000000000008000 [mask] pkt_aux_core 0 [id] timing_core 9 [id]
xran_ethdi_init_dpdk_io: Calling rte_eal_init:wls_0 -c 0x00000000000008300 -n2 --iova-mode=pa --socket-mem=8192,0 --socket-limit=8192,0 --proc-type=auto --no-telemetry --file-prefix wls_0 -a0000:00:00.0    
xran_init_mbuf_pool: socket 0
initializing port 0 for TX, drv=net_i40e_vf
Port 0 MAC: 00 11 22 33 64 68
Port 0: nb_rxd 4096 nb_txd 4096
[0] mp_rx__p_0_q_0 num blocks 65535
[0] mempool_small__0

Checking link status portid [0]  EAL: Probe PCI driver: net_i40e_vf (8086:154c) device: 0000:06:02.3 (socket 0)
 ... done
Port 0 Link Up - speed 4294967295 Mbps - full-duplex
initializing port 1 for TX, drv=net_i40e_vf
Port 1 MAC: 00 11 22 33 64 69
Port 1: nb_rxd 4096 nb_txd 4096
[1] mp_rx__p_1_q_0 num blocks 65535
[1] mempool_small__1
Created ring tx_ring_cp_1 on core 9
Created ring rx_ring_cp_1_0 on core 9

Checking link status portid [1]  [93m[HW]     XRAN modifed affinity. Correcting affinity of caller
[0m ... done
Port 1 Link Up - speed 4294967295 Mbps - full-duplex
[ 0] vf  0 local  SRC MAC: 00 11 22 33 64 68
[ 0] vf  0 remote DST MAC: 00 11 22 33 64 66
[ 0] vf  1 local  SRC MAC: 00 11 22 33 64 69
[ 0] vf  1 remote DST MAC: 00 11 22 33 64 67
created dl_gen_ring_up_0 on core 9
xran_fh_config:
  dpdk_port 0
  sector_id 0
  nCC 1
  neAxc 1
  neAxcUl 0
  nAntElmTRx 0
  nDLFftSize 11
  nULFftSize 11
  nDLRBs 106
  nULRBs 106
  nDLAbsFrePointA 0
  nULAbsFrePointA 0
  nDLCenterFreqARFCN 0
  nULCenterFreqARFCN 0
  ttiCb (nil)
  ttiCbParam (nil)
  Tadv_cp_dl 0
  T2a_min_cp_dl 0
  T2a_max_cp_dl 0
  T2a_min_cp_ul 0
  T2a_max_cp_ul 0
  T2a_min_up 0
  T2a_max_up 0
  Ta3_min 0
  Ta3_max 0
  T1a_min_cp_dl 285
  T1a_max_cp_dl 470
  T1a_min_cp_ul 285
  T1a_max_cp_ul 429
  T1a_min_up 300
  T1a_max_up 450
  Ta4_min 400
  Ta4_max 440
  enableCP 1
  prachEnable 1
  srsEnable 0
  puschMaskEnable 0
  puschMaskSlot 0
  cp_vlan_tag 0
  up_vlan_tag 0
  debugStop 0
  debugStopCount 0
  DynamicSectionEna 0
  GPS_Alpha 0
  GPS_Beta -9000
  srsEnableCp 0
  SrsDelaySym 0
  prach_config:
    nPrachConfIdx 159
    nPrachSubcSpacing 1
    nPrachZeroCorrConf 0
    nPrachRestrictSet 0
    nPrachRootSeqIdx 0
    nPrachFreqStart 0
    nPrachFreqOffset -1272
    nPrachFilterIdx 0
    startSymId 0
    lastSymId 0
    startPrbc 0
    numPrbc 0
    timeOffset 0
    freqOffset 0
    eAxC_offset 1
    nPrachConfIdxLTE 0
  srs_config:
    symbMask 0000
    eAxC_offset 0
  frame_conf:
    nFrameDuplexType TDD
    nNumerology 1
    nTddPeriod 5
    sSlotConfig[0]: DDDDDDDDDDDDDD
    sSlotConfig[1]: DDDDDDDDDDDDDD
    sSlotConfig[2]: DDDDDDDDDDDDDD
    sSlotConfig[3]: DDDDDDGGGGUUUU
    sSlotConfig[4]: UUUUUUUUUUUUUU
  ru_config:
    xranTech NR
    xranCat A
    xranCompHdrType dynamic
    iqWidth 16
    compMeth 0
    iqWidth_PRACH 16
    compMeth_PRACH 0
    fftSize 8
    byteOrder network/BE
    iqOrder I_Q
    xran_max_frame 0
  bbdev_enc (nil)
  bbdev_dec (nil)
  tx_cp_eAxC2Vf 0x7a87667e04b0
  tx_up_eAxC2Vf 0x7a87667e10b0
  rx_cp_eAxC2Vf 0x7a87667e1cb0
  rx_up_eAxC2Vf 0x7a87667e28b0
  log_level 1
  max_sections_per_slot 0
  max_sections_per_symbol 0
  RunSlotPrbMapBySymbolEnable 0
  LiteOnIgnoreUPSectionIdEnable 0
  dssEnable 0
  dssPeriod 0
  technology[XRAN_MAX_DSS_PERIODICITY] (not filled as DSS disabled)
 xran_open: 5G NR Category A
xRAN open PRACH config: Numerology 1 ConfIdx 159, preambleFmrt 10 startsymb 0, numSymbol 12, occassionsInPrachSlot 1
PRACH: x 1 y[0] 0, y[1] 0 prach slot: 9 ..
PRACH start symbol 0 lastsymbol 11
xran_init_vfs_mapping: p 0 vf 0
xran_init_vfs_mapping: p 0 vf 1
xran_open: interval_us=500, interval_us_local=500
bbu_offload 0
XRAN_UP_VF: 0x0000
xran_timing_source_thread [CPU  9] [PID: 530551]
TTI interval 500 [us]
delay_cp_dl_max=30, sym_cp_dl_max=1, max_dl_offset_sym=13
delay_cp_dl_min=215, sym_cp_dl_min=5, min_dl_offset_sym=9
delay_cp_ul=71,     sym_cp_ul=2,     ul_offset_sym=12
offset_num_slots_cp_dl=0, offset_num_slots_cp_ul=0, offset_num_slots_up_ul=0
C-plane DL from 30 us after TTI  [trigger on sym 1] to 215 us after TTI [trigger on sym 5]
Start C-plane UL 71 us after TTI  [trigger on sym 2]
Start U-plane DL 450 us before OTA [offset  in sym -12]
Start U-plane UL 440 us OTA        [offset  in sym 13]
C-plane to U-plane delay 20 us after TTI
Start Sym timer 107142 ns
O-XU      0
HW        0
Num cores 2
Num ports 1
O-RU Cat  0
O-RU CC   1
O-RU eAxC 1
p:0 XRAN_JOB_TYPE_CP_DL worker id 1
p:0 XRAN_JOB_TYPE_CP_UL worker id 1
created sym cp dl cb for symbol 1
created sym cp dl cb for symbol 2
created sym cp dl cb for symbol 3
created sym cp dl cb for symbol 4
created sym cp dl cb for symbol 5
xran_generic_worker_thread [CPU 15] [PID: 530551]
spawn worker 0 core 15
xran_open [CPU  7] [PID: 530551]
Waiting on Timing thread...
Initialize ORAN port instance 0 (1) sector 0
xran_sector_get_instances() o_xu_id 0 xran_handle 0x7a8734f95040
xran_sector_get_instances [0]: CC 0 handle 0x7a875817a700
Handle: 0x7a87747f7b68 Instance: 0x7a875817a700
-> hInstance 0x7a875817a700
ru_0_cc_0_idx_0: [ handle 0x7a875817a700 0 0 ] [nPoolIndex 0] nNumberOfB[HW]     [PRB MAP INIT] ant=0, slot=0: After xran_init, dir=1, nPrbElm=1
[0m[HW]     [PRB MAP INIT]   prbMap[0]: compMethod=0, iqWidth=16, nRBStart=0, nRBSize=106
[0m[HW]     [PRB MAP INIT] ant=0, slot=1: After xran_init, dir=1, nPrbElm=1
[0m[HW]     [PRB MAP INIT]   prbMap[0]: compMethod=0, iqWidth=16, nRBStart=0, nRBSize=106
[0m[HW]     [PRB MAP INIT] ant=0, slot=0: After xran_init, dir=0, nPrbElm=1
[0m[HW]     [PRB MAP INIT]   prbMap[0]: compMethod=0, iqWidth=16, nRBStart=0, nRBSize=106
[0m[HW]     [PRB MAP INIT] ant=0, slot=1: After xran_init, dir=0, nPrbElm=1
[0m[HW]     [PRB MAP INIT]   prbMap[0]: compMethod=0, iqWidth=16, nRBStart=0, nRBSize=106
[0m[HW]     [RAU] has loaded ETHERNET trasport protocol.
[0muffers 511 nBufferSize 14116 socket_id 0
CC:[ handle 0x7a875817a700 ru 0 cc_idx 0 ] [nPoolIndex 0] mb pool 0x284765e80 
xran_bm_init() hInstance 0x7a875817a700 poolIdx 0 elements 511 size 14116
xran_bm_allocate_buffer() hInstance 0x7a875817a700 poolIdx 0 count 280
ru_0_cc_0_idx_1: [ handle 0x7a875817a700 0 0 ] [nPoolIndex 1] nNumberOfBuffers 511 nBufferSize 4976 socket_id 0
CC:[ handle 0x7a875817a700 ru 0 cc_idx 0 ] [nPoolIndex 1] mb pool 0x284765b80 
xran_bm_init() hInstance 0x7a875817a700 poolIdx 1 elements 511 size 4976
xran_bm_allocate_buffer() hInstance 0x7a875817a700 poolIdx 1 count 20
ru_0_cc_0_idx_2: [ handle 0x7a875817a700 0 0 ] [nPoolIndex 2] nNumberOfBuffers 511 nBufferSize 13168 socket_id 0
CC:[ handle 0x7a875817a700 ru 0 cc_idx 0 ] [nPoolIndex 2] mb pool 0x2847657c0 
xran_bm_init() hInstance 0x7a875817a700 poolIdx 2 elements 511 size 13168
xran_bm_allocate_buffer() hInstance 0x7a875817a700 poolIdx 2 count 280
ru_0_cc_0_idx_3: [ handle 0x7a875817a700 0 0 ] [nPoolIndex 3] nNumberOfBuffers 511 nBufferSize 4976 socket_id 0
CC:[ handle 0x7a875817a700 ru 0 cc_idx 0 ] [nPoolIndex 3] mb pool 0x284765400 
xran_bm_init() hInstance 0x7a875817a700 poolIdx 3 elements 511 size 4976
xran_bm_allocate_buffer() hInstance 0x7a875817a700 poolIdx 3 count 20
ru_0_cc_0_idx_4: [ handle 0x7a875817a700 0 0 ] [nPoolIndex 4] nNumberOfBuffers 511 nBufferSize 3360 socket_id 0
CC:[ handle 0x7a875817a700 ru 0 cc_idx 0 ] [nPoolIndex 4] mb pool 0x284767e80 
xran_bm_init() hInstance 0x7a875817a700 poolIdx 4 elements 511 size 3360
xran_bm_allocate_buffer() hInstance 0x7a875817a700 poolIdx 4 count 280
ORAN: get_internal_parameter
ORAN: get_internal_parameter
ORAN: trx_oran_start
O-DU: XRAN start time: 05/22/26 22:16:20.309890993 UTC [500]
Start ORAN. Done
TYPE <CTRL-C> TO TERMINATE
[HW]     first_call set from phy cb
[0m[HW]     before adjusting, OAI: frame=0 slot=0, XRAN: frame=0 slot=9
[0m[HW]     After adjusting, OAI: frame=0 slot=9, XRAN: frame=0 slot=9
[0m[HW]     [TX PRB ELM] frame=1, slot=0, sym=2, ant=0, idxElm=0: compMethod=0, iqWidth=16, nRBStart=0, nRBSize=106
[0m[HW]     [TX PRB ELM] frame=1, slot=0, sym=3, ant=0, idxElm=0: compMethod=0, iqWidth=16, nRBStart=0, nRBSize=106
[0m[HW]     [TX PRB ELM] frame=1, slot=0, sym=4, ant=0, idxElm=0: compMethod=0, iqWidth=16, nRBStart=0, nRBSize=106
[0m[HW]     [TX PRB ELM] frame=1, slot=0, sym=5, ant=0, idxElm=0: compMethod=0, iqWidth=16, nRBStart=0, nRBSize=106
[0m[93m[HW]     we get rach data from ru, but it is not scheduled 0.19
[0m[HW]     [TX PRB ELM] frame=2, slot=0, sym=2, ant=0, idxElm=0: compMethod=0, iqWidth=16, nRBStart=0, nRBSize=106
[0m[34m[MAC]    [gNB 0] Frame 100 : MIB->BCH  CC_id 0, Received 3 bytes
[0m[34m[MAC]    dlDmrsSymbPos 244
[0m[34m[MAC]    BWPSize:  48, BWPStart:  29, SubcarrierSpacing: 1, CyclicPrefix: 0, StartSymbolIndex: 0, DurationSymbols: 1, CceRegMappingType: 1, RegBundleSize: 6, InterleaverSize: 2, CoreSetType: 0, ShiftIndex: 0, precoderGranularity: 0, numDlDci: 1
[0m[34m[MAC]    [gNB 0] Frame 104 : MIB->BCH  CC_id 0, Received 3 bytes
[0m[34m[MAC]    dlDmrsSymbPos 244
[0m[34m[MAC]    BWPSize:  48, BWPStart:  29, SubcarrierSpacing: 1, CyclicPrefix: 0, StartSymbolIndex: 0, DurationSymbols: 1, CceRegMappingType: 1, RegBundleSize: 6, InterleaverSize: 2, CoreSetType: 0, ShiftIndex: 0, precoderGranularity: 0, numDlDci: 1
[0m[34m[MAC]    dlDmrsSymbPos 244
[0m[34m[MAC]    BWPSize:  48, BWPStart:  29, SubcarrierSpacing: 1, CyclicPrefix: 0, StartSymbolIndex: 0, DurationSymbols: 1, CceRegMappingType: 1, RegBundleSize: 6, InterleaverSize: 2, CoreSetType: 0, ShiftIndex: 0, precoderGranularity: 0, numDlDci: 1
[0m[34m[MAC]    dlDmrsSymbPos 244
[0m[34m[MAC]    BWPSize:  48, BWPStart:  29, SubcarrierSpacing: 1, CyclicPrefix: 0, StartSymbolIndex: 0, DurationSymbols: 1, CceRegMappingType: 1, RegBundleSize: 6, InterleaverSize: 2, CoreSetType: 0, ShiftIndex: 0, precoderGranularity: 0, numDlDci: 1
[0m[34m[MAC]    dlDmrsSymbPos 244
[0m[34m[MAC]    BWPSize:  48, BWPStart:  29, SubcarrierSpacing: 1, CyclicPrefix: 0, StartSymbolIndex: 0, DurationSymbols: 1, CceRegMappingType: 1, RegBundleSize: 6, InterleaverSize: 2, CoreSetType: 0, ShiftIndex: 0, precoderGranularity: 0, numDlDci: 1
[0m[34m[MAC]    [gNB 0] Frame 112 : MIB->BCH  CC_id 0, Received 3 bytes
[0m[34m[MAC]    dlDmrsSymbPos 244
[0m[34m[MAC]    BWPSize:  48, BWPStart:  29, SubcarrierSpacing: 1, CyclicPrefix: 0, StartSymbolIndex: 0, DurationSymbols: 1, CceRegMappingType: 1, RegBundleSize: 6, InterleaverSize: 2, CoreSetType: 0, ShiftIndex: 0, precoderGranularity: 0, numDlDci: 1
[0m[34m[MAC]    dlDmrsSymbPos 244
[0m[34m[MAC]    BWPSize:  48, BWPStart:  29, SubcarrierSpacing: 1, CyclicPrefix: 0, StartSymbolIndex: 0, DurationSymbols: 1, CceRegMappingType: 1, RegBundleSize: 6, InterleaverSize: 2, CoreSetType: 0, ShiftIndex: 0, precoderGranularity: 0, numDlDci: 1
[0m[34m[MAC]    dlDmrsSymbPos 244
[0m[34m[MAC]    BWPSize:  48, BWPStart:  29, SubcarrierSpacing: 1, CyclicPrefix: 0, StartSymbolIndex: 0, DurationSymbols: 1, CceRegMappingType: 1, RegBundleSize: 6, InterleaverSize: 2, CoreSetType: 0, ShiftIndex: 0, precoderGranularity: 0, numDlDci: 1
[0m[34m[MAC]    dlDmrsSymbPos 244
[0m[34m[MAC]    BWPSize:  48, BWPStart:  29, SubcarrierSpacing: 1, CyclicPrefix: 0, StartSymbolIndex: 0, DurationSymbols: 1, CceRegMappingType: 1, RegBundleSize: 6, InterleaverSize: 2, CoreSetType: 0, ShiftIndex: 0, precoderGranularity: 0, numDlDci: 1
[0m[34m[MAC]    [gNB 0] Frame 120 : MIB->BCH  CC_id 0, Received 3 bytes
[0m[34m[MAC]    dlDmrsSymbPos 244
[0m[34m[MAC]    BWPSize:  48, BWPStart:  29, SubcarrierSpacing: 1, CyclicPrefix: 0, StartSymbolIndex: 0, DurationSymbols: 1, CceRegMappingType: 1, RegBundleSize: 6, InterleaverSize: 2, CoreSetType: 0, ShiftIndex: 0, precoderGranularity: 0, numDlDci: 1
[0m[34m[MAC]    dlDmrsSymbPos 244
[0m[34m[MAC]    BWPSize:  48, BWPStart:  29, SubcarrierSpacing: 1, CyclicPrefix: 0, StartSymbolIndex: 0, DurationSymbols: 1, CceRegMappingType: 1, RegBundleSize: 6, InterleaverSize: 2, CoreSetType: 0, ShiftIndex: 0, precoderGranularity: 0, numDlDci: 1
[0m[34m[MAC]    dlDmrsSymbPos 244
[0m[34m[MAC]    BWPSize:  48, BWPStart:  29, SubcarrierSpacing: 1, CyclicPrefix: 0, StartSymbolIndex: 0, DurationSymbols: 1, CceRegMappingType: 1, RegBundleSize: 6, InterleaverSize: 2, CoreSetType: 0, ShiftIndex: 0, precoderGranularity: 0, numDlDci: 1
[0m[34m[MAC]    dlDmrsSymbPos 244
[0m[34m[MAC]    BWPSize:  48, BWPStart:  29, SubcarrierSpacing: 1, CyclicPrefix: 0, StartSymbolIndex: 0, DurationSymbols: 1, CceRegMappingType: 1, RegBundleSize: 6, InterleaverSize: 2, CoreSetType: 0, ShiftIndex: 0, precoderGranularity: 0, numDlDci: 1
[0m[34m[MAC]    [gNB 0] Frame 128 : MIB->BCH  CC_id 0, Received 3 bytes
[0m[34m[MAC]    dlDmrsSymbPos 244
[0m[34m[MAC]    BWPSize:  48, BWPStart:  29, SubcarrierSpacing: 1, CyclicPrefix: 0, StartSymbolIndex: 0, DurationSymbols: 1, CceRegMappingType: 1, RegBundleSize: 6, InterleaverSize: 2, CoreSetType: 0, ShiftIndex: 0, precoderGranularity: 0, numDlDci: 1
[0m[HW]     [o-du 0][rx   10315 pps   10315 kbps  298076][tx   31915 pps   31915 kbps  786891][Total Msgs_Rcvd 10315]
[0m[HW]     [o_du0][pusch0    9174 prach0    1141]
[0m[34m[MAC]    dlDmrsSymbPos 244
[0m[34m[MAC]    BWPSize:  48, BWPStart:  29, SubcarrierSpacing: 1, CyclicPrefix: 0, StartSymbolIndex: 0, DurationSymbols: 1, CceRegMappingType: 1, RegBundleSize: 6, InterleaverSize: 2, CoreSetType: 0, ShiftIndex: 0, precoderGranularity: 0, numDlDci: 1
[0m[34m[MAC]    dlDmrsSymbPos 244
[0m[34m[MAC]    BWPSize:  48, BWPStart:  29, SubcarrierSpacing: 1, CyclicPrefix: 0, StartSymbolIndex: 0, DurationSymbols: 1, CceRegMappingType: 1, RegBundleSize: 6, InterleaverSize: 2, CoreSetType: 0, ShiftIndex: 0, precoderGranularity: 0, numDlDci: 1
[0m[34m[MAC]    dlDmrsSymbPos 244
[0m[34m[MAC]    BWPSize:  48, BWPStart:  29, SubcarrierSpacing: 1, CyclicPrefix: 0, StartSymbolIndex: 0, DurationSymbols: 1, CceRegMappingType: 1, RegBundleSize: 6, InterleaverSize: 2, CoreSetType: 0, ShiftIndex: 0, precoderGranularity: 0, numDlDci: 1
[0m[34m[MAC]    [gNB 0] Frame 136 : MIB->BCH  CC_id 0, Received 3 bytes
[0m[34m[MAC]    dlDmrsSymbPos 244
[0m[34m[MAC]    BWPSize:  48, BWPStart:  29, SubcarrierSpacing: 1, CyclicPrefix: 0, StartSymbolIndex: 0, DurationSymbols: 1, CceRegMappingType: 1, RegBundleSize: 6, InterleaverSize: 2, CoreSetType: 0, ShiftIndex: 0, precoderGranularity: 0, numDlDci: 1
[0m[34m[MAC]    dlDmrsSymbPos 244
[0m[34m[MAC]    BWPSize:  48, BWPStart:  29, SubcarrierSpacing: 1, CyclicPrefix: 0, StartSymbolIndex: 0, DurationSymbols: 1, CceRegMappingType: 1, RegBundleSize: 6, InterleaverSize: 2, CoreSetType: 0, ShiftIndex: 0, precoderGranularity: 0, numDlDci: 1
[0m[34m[MAC]    dlDmrsSymbPos 244
[0m[34m[MAC]    BWPSize:  48, BWPStart:  29, SubcarrierSpacing: 1, CyclicPrefix: 0, StartSymbolIndex: 0, DurationSymbols: 1, CceRegMappingType: 1, RegBundleSize: 6, InterleaverSize: 2, CoreSetType: 0, ShiftIndex: 0, precoderGranularity: 0, numDlDci: 1
[0m[34m[MAC]    dlDmrsSymbPos 244
[0m[34m[MAC]    BWPSize:  48, BWPStart:  29, SubcarrierSpacing: 1, CyclicPrefix: 0, StartSymbolIndex: 0, DurationSymbols: 1, CceRegMappingType: 1, RegBundleSize: 6, InterleaverSize: 2, CoreSetType: 0, ShiftIndex: 0, precoderGranularity: 0, numDlDci: 1
[0m[34m[MAC]    [gNB 0] Frame 144 : MIB->BCH  CC_id 0, Received 3 bytes
[0m[34m[MAC]    dlDmrsSymbPos 244
[0m[34m[MAC]    BWPSize:  48, BWPStart:  29, SubcarrierSpacing: 1, CyclicPrefix: 0, StartSymbolIndex: 0, DurationSymbols: 1, CceRegMappingType: 1, RegBundleSize: 6, InterleaverSize: 2, CoreSetType: 0, ShiftIndex: 0, precoderGranularity: 0, numDlDci: 1
[0m[34m[MAC]    dlDmrsSymbPos 244
[0m[34m[MAC]    BWPSize:  48, BWPStart:  29, SubcarrierSpacing: 1, CyclicPrefix: 0, StartSymbolIndex: 0, DurationSymbols: 1, CceRegMappingType: 1, RegBundleSize: 6, InterleaverSize: 2, CoreSetType: 0, ShiftIndex: 0, precoderGranularity: 0, numDlDci: 1
[0m[34m[MAC]    dlDmrsSymbPos 244
[0m[34m[MAC]    BWPSize:  48, BWPStart:  29, SubcarrierSpacing: 1, CyclicPrefix: 0, StartSymbolIndex: 0, DurationSymbols: 1, CceRegMappingType: 1, RegBundleSize: 6, InterleaverSize: 2, CoreSetType: 0, ShiftIndex: 0, precoderGranularity: 0, numDlDci: 1
[0m[34m[MAC]    dlDmrsSymbPos 244
[0m[34m[MAC]    BWPSize:  48, BWPStart:  29, SubcarrierSpacing: 1, CyclicPrefix: 0, StartSymbolIndex: 0, DurationSymbols: 1, CceRegMappingType: 1, RegBundleSize: 6, InterleaverSize: 2, CoreSetType: 0, ShiftIndex: 0, precoderGranularity: 0, numDlDci: 1
[0m[34m[MAC]    [gNB 0] Frame 152 : MIB->BCH  CC_id 0, Received 3 bytes
[0m[34m[MAC]    dlDmrsSymbPos 244
[0m[34m[MAC]    BWPSize:  48, BWPStart:  29, SubcarrierSpacing: 1, CyclicPrefix: 0, StartSymbolIndex: 0, DurationSymbols: 1, CceRegMappingType: 1, RegBundleSize: 6, InterleaverSize: 2, CoreSetType: 0, ShiftIndex: 0, precoderGranularity: 0, numDlDci: 1
[0m[34m[MAC]    dlDmrsSymbPos 244
[0m[34m[MAC]    BWPSize:  48, BWPStart:  29, SubcarrierSpacing: 1, CyclicPrefix: 0, StartSymbolIndex: 0, DurationSymbols: 1, CceRegMappingType: 1, RegBundleSize: 6, InterleaverSize: 2, CoreSetType: 0, ShiftIndex: 0, precoderGranularity: 0, numDlDci: 1
[0m[34m[MAC]    dlDmrsSymbPos 244
[0m[34m[MAC]    BWPSize:  48, BWPStart:  29, SubcarrierSpacing: 1, CyclicPrefix: 0, StartSymbolIndex: 0, DurationSymbols: 1, CceRegMappingType: 1, RegBundleSize: 6, InterleaverSize: 2, CoreSetType: 0, ShiftIndex: 0, precoderGranularity: 0, numDlDci: 1
[0m[34m[MAC]    dlDmrsSymbPos 244
[0m[34m[MAC]    BWPSize:  48, BWPStart:  29, SubcarrierSpacing: 1, CyclicPrefix: 0, StartSymbolIndex: 0, DurationSymbols: 1, CceRegMappingType: 1, RegBundleSize: 6, InterleaverSize: 2, CoreSetType: 0, ShiftIndex: 0, precoderGranularity: 0, numDlDci: 1
[0m[34m[MAC]    [gNB 0] Frame 160 : MIB->BCH  CC_id 0, Received 3 bytes
[0m[34m[MAC]    dlDmrsSymbPos 244
[0m[34m[MAC]    BWPSize:  48, BWPStart:  29, SubcarrierSpacing: 1, CyclicPrefix: 0, StartSymbolIndex: 0, DurationSymbols: 1, CceRegMappingType: 1, RegBundleSize: 6, InterleaverSize: 2, CoreSetType: 0, ShiftIndex: 0, precoderGranularity: 0, numDlDci: 1
[0m[34m[MAC]    dlDmrsSymbPos 244
[0m[34m[MAC]    BWPSize:  48, BWPStart:  29, SubcarrierSpacing: 1, CyclicPrefix: 0, StartSymbolIndex: 0, DurationSymbols: 1, CceRegMappingType: 1, RegBundleSize: 6, InterleaverSize: 2, CoreSetType: 0, ShiftIndex: 0, precoderGranularity: 0, numDlDci: 1
[0m[34m[MAC]    dlDmrsSymbPos 244
[0m[34m[MAC]    BWPSize:  48, BWPStart:  29, SubcarrierSpacing: 1, CyclicPrefix: 0, StartSymbolIndex: 0, DurationSymbols: 1, CceRegMappingType: 1, RegBundleSize: 6, InterleaverSize: 2, CoreSetType: 0, ShiftIndex: 0, precoderGranularity: 0, numDlDci: 1
[0m[34m[MAC]    dlDmrsSymbPos 244
[0m[34m[MAC]    BWPSize:  48, BWPStart:  29, SubcarrierSpacing: 1, CyclicPrefix: 0, StartSymbolIndex: 0, DurationSymbols: 1, CceRegMappingType: 1, RegBundleSize: 6, InterleaverSize: 2, CoreSetType: 0, ShiftIndex: 0, precoderGranularity: 0, numDlDci: 1
[0m[34m[MAC]    [gNB 0] Frame 168 : MIB->BCH  CC_id 0, Received 3 bytes
[0m[34m[MAC]    dlDmrsSymbPos 244
[0m[34m[MAC]    BWPSize:  48, BWPStart:  29, SubcarrierSpacing: 1, CyclicPrefix: 0, StartSymbolIndex: 0, DurationSymbols: 1, CceRegMappingType: 1, RegBundleSize: 6, InterleaverSize: 2, CoreSetType: 0, ShiftIndex: 0, precoderGranularity: 0, numDlDci: 1
[0m[34m[MAC]    dlDmrsSymbPos 244
[0m[34m[MAC]    BWPSize:  48, BWPStart:  29, SubcarrierSpacing: 1, CyclicPrefix: 0, StartSymbolIndex: 0, DurationSymbols: 1, CceRegMappingType: 1, RegBundleSize: 6, InterleaverSize: 2, CoreSetType: 0, ShiftIndex: 0, precoderGranularity: 0, numDlDci: 1
[0m[34m[MAC]    dlDmrsSymbPos 244
[0m[34m[MAC]    BWPSize:  48, BWPStart:  29, SubcarrierSpacing: 1, CyclicPrefix: 0, StartSymbolIndex: 0, DurationSymbols: 1, CceRegMappingType: 1, RegBundleSize: 6, InterleaverSize: 2, CoreSetType: 0, ShiftIndex: 0, precoderGranularity: 0, numDlDci: 1
[0m[34m[MAC]    dlDmrsSymbPos 244
[0m[34m[MAC]    BWPSize:  48, BWPStart:  29, SubcarrierSpacing: 1, CyclicPrefix: 0, StartSymbolIndex: 0, DurationSymbols: 1, CceRegMappingType: 1, RegBundleSize: 6, InterleaverSize: 2, CoreSetType: 0, ShiftIndex: 0, precoderGranularity: 0, numDlDci: 1
[0m[34m[MAC]    [gNB 0] Frame 176 : MIB->BCH  CC_id 0, Received 3 bytes
[0m[34m[MAC]    dlDmrsSymbPos 244
[0m[34m[MAC]    BWPSize:  48, BWPStart:  29, SubcarrierSpacing: 1, CyclicPrefix: 0, StartSymbolIndex: 0, DurationSymbols: 1, CceRegMappingType: 1, RegBundleSize: 6, InterleaverSize: 2, CoreSetType: 0, ShiftIndex: 0, precoderGranularity: 0, numDlDci: 1
[0m[34m[MAC]    dlDmrsSymbPos 244
[0m[34m[MAC]    BWPSize:  48, BWPStart:  29, SubcarrierSpacing: 1, CyclicPrefix: 0, StartSymbolIndex: 0, DurationSymbols: 1, CceRegMappingType: 1, RegBundleSize: 6, InterleaverSize: 2, CoreSetType: 0, ShiftIndex: 0, precoderGranularity: 0, numDlDci: 1
[0m[34m[MAC]    dlDmrsSymbPos 244
[0m[34m[MAC]    BWPSize:  48, BWPStart:  29, SubcarrierSpacing: 1, CyclicPrefix: 0, StartSymbolIndex: 0, DurationSymbols: 1, CceRegMappingType: 1, RegBundleSize: 6, InterleaverSize: 2, CoreSetType: 0, ShiftIndex: 0, precoderGranularity: 0, numDlDci: 1
[0m[34m[MAC]    dlDmrsSymbPos 244
[0m[34m[MAC]    BWPSize:  48, BWPStart:  29, SubcarrierSpacing: 1, CyclicPrefix: 0, StartSymbolIndex: 0, DurationSymbols: 1, CceRegMappingType: 1, RegBundleSize: 6, InterleaverSize: 2, CoreSetType: 0, ShiftIndex: 0, precoderGranularity: 0, numDlDci: 1
[0m[34m[MAC]    [gNB 0] Frame 184 : MIB->BCH  CC_id 0, Received 3 bytes
[0m[34m[MAC]    dlDmrsSymbPos 244
[0m[34m[MAC]    BWPSize:  48, BWPStart:  29, SubcarrierSpacing: 1, CyclicPrefix: 0, StartSymbolIndex: 0, DurationSymbols: 1, CceRegMappingType: 1, RegBundleSize: 6, InterleaverSize: 2, CoreSetType: 0, ShiftIndex: 0, precoderGranularity: 0, numDlDci: 1
[0m[34m[MAC]    dlDmrsSymbPos 244
[0m[34m[MAC]    BWPSize:  48, BWPStart:  29, SubcarrierSpacing: 1, CyclicPrefix: 0, StartSymbolIndex: 0, DurationSymbols: 1, CceRegMappingType: 1, RegBundleSize: 6, InterleaverSize: 2, CoreSetType: 0, ShiftIndex: 0, precoderGranularity: 0, numDlDci: 1
[0m[34m[MAC]    dlDmrsSymbPos 244
[0m[34m[MAC]    BWPSize:  48, BWPStart:  29, SubcarrierSpacing: 1, CyclicPrefix: 0, StartSymbolIndex: 0, DurationSymbols: 1, CceRegMappingType: 1, RegBundleSize: 6, InterleaverSize: 2, CoreSetType: 0, ShiftIndex: 0, precoderGranularity: 0, numDlDci: 1
[0m[34m[MAC]    dlDmrsSymbPos 244
[0m[34m[MAC]    BWPSize:  48, BWPStart:  29, SubcarrierSpacing: 1, CyclicPrefix: 0, StartSymbolIndex: 0, DurationSymbols: 1, CceRegMappingType: 1, RegBundleSize: 6, InterleaverSize: 2, CoreSetType: 0, ShiftIndex: 0, precoderGranularity: 0, numDlDci: 1
[0m[34m[MAC]    [gNB 0] Frame 192 : MIB->BCH  CC_id 0, Received 3 bytes
[0m[34m[MAC]    dlDmrsSymbPos 244
[0m[34m[MAC]    BWPSize:  48, BWPStart:  29, SubcarrierSpacing: 1, CyclicPrefix: 0, StartSymbolIndex: 0, DurationSymbols: 1, CceRegMappingType: 1, RegBundleSize: 6, InterleaverSize: 2, CoreSetType: 0, ShiftIndex: 0, precoderGranularity: 0, numDlDci: 1
[0m[34m[MAC]    dlDmrsSymbPos 244
[0m[34m[MAC]    BWPSize:  48, BWPStart:  29, SubcarrierSpacing: 1, CyclicPrefix: 0, StartSymbolIndex: 0, DurationSymbols: 1, CceRegMappingType: 1, RegBundleSize: 6, InterleaverSize: 2, CoreSetType: 0, ShiftIndex: 0, precoderGranularity: 0, numDlDci: 1
[0m[34m[MAC]    dlDmrsSymbPos 244
[0m[34m[MAC]    BWPSize:  48, BWPStart:  29, SubcarrierSpacing: 1, CyclicPrefix: 0, StartSymbolIndex: 0, DurationSymbols: 1, CceRegMappingType: 1, RegBundleSize: 6, InterleaverSize: 2, CoreSetType: 0, ShiftIndex: 0, precoderGranularity: 0, numDlDci: 1
[0m[34m[MAC]    dlDmrsSymbPos 244
[0m[34m[MAC]    BWPSize:  48, BWPStart:  29, SubcarrierSpacing: 1, CyclicPrefix: 0, StartSymbolIndex: 0, DurationSymbols: 1, CceRegMappingType: 1, RegBundleSize: 6, InterleaverSize: 2, CoreSetType: 0, ShiftIndex: 0, precoderGranularity: 0, numDlDci: 1
[0m[34m[MAC]    [gNB 0] Frame 200 : MIB->BCH  CC_id 0, Received 3 bytes
[0m[34m[MAC]    dlDmrsSymbPos 244
[0m[34m[MAC]    BWPSize:  48, BWPStart:  29, SubcarrierSpacing: 1, CyclicPrefix: 0, StartSymbolIndex: 0, DurationSymbols: 1, CceRegMappingType: 1, RegBundleSize: 6, InterleaverSize: 2, CoreSetType: 0, ShiftIndex: 0, precoderGranularity: 0, numDlDci: 1
[0m[34m[MAC]    dlDmrsSymbPos 244
[0m[34m[MAC]    BWPSize:  48, BWPStart:  29, SubcarrierSpacing: 1, CyclicPrefix: 0, StartSymbolIndex: 0, DurationSymbols: 1, CceRegMappingType: 1, RegBundleSize: 6, InterleaverSize: 2, CoreSetType: 0, ShiftIndex: 0, precoderGranularity: 0, numDlDci: 1
[0m[34m[MAC]    dlDmrsSymbPos 244
[0m[34m[MAC]    BWPSize:  48, BWPStart:  29, SubcarrierSpacing: 1, CyclicPrefix: 0, StartSymbolIndex: 0, DurationSymbols: 1, CceRegMappingType: 1, RegBundleSize: 6, InterleaverSize: 2, CoreSetType: 0, ShiftIndex: 0, precoderGranularity: 0, numDlDci: 1
[0m[34m[MAC]    dlDmrsSymbPos 244
[0m[34m[MAC]    BWPSize:  48, BWPStart:  29, SubcarrierSpacing: 1, CyclicPrefix: 0, StartSymbolIndex: 0, DurationSymbols: 1, CceRegMappingType: 1, RegBundleSize: 6, InterleaverSize: 2, CoreSetType: 0, ShiftIndex: 0, precoderGranularity: 0, numDlDci: 1
[0m[34m[MAC]    [gNB 0] Frame 208 : MIB->BCH  CC_id 0, Received 3 bytes
[0m[34m[MAC]    dlDmrsSymbPos 244
[0m[34m[MAC]    BWPSize:  48, BWPStart:  29, SubcarrierSpacing: 1, CyclicPrefix: 0, StartSymbolIndex: 0, DurationSymbols: 1, CceRegMappingType: 1, RegBundleSize: 6, InterleaverSize: 2, CoreSetType: 0, ShiftIndex: 0, precoderGranularity: 0, numDlDci: 1
[0m[34m[MAC]    dlDmrsSymbPos 244
[0m[34m[MAC]    BWPSize:  48, BWPStart:  29, SubcarrierSpacing: 1, CyclicPrefix: 0, StartSymbolIndex: 0, DurationSymbols: 1, CceRegMappingType: 1, RegBundleSize: 6, InterleaverSize: 2, CoreSetType: 0, ShiftIndex: 0, precoderGranularity: 0, numDlDci: 1
[0m[34m[MAC]    dlDmrsSymbPos 244
[0m[34m[MAC]    BWPSize:  48, BWPStart:  29, SubcarrierSpacing: 1, CyclicPrefix: 0, StartSymbolIndex: 0, DurationSymbols: 1, CceRegMappingType: 1, RegBundleSize: 6, InterleaverSize: 2, CoreSetType: 0, ShiftIndex: 0, precoderGranularity: 0, numDlDci: 1
[0m[34m[MAC]    dlDmrsSymbPos 244
[0m[34m[MAC]    BWPSize:  48, BWPStart:  29, SubcarrierSpacing: 1, CyclicPrefix: 0, StartSymbolIndex: 0, DurationSymbols: 1, CceRegMappingType: 1, RegBundleSize: 6, InterleaverSize: 2, CoreSetType: 0, ShiftIndex: 0, precoderGranularity: 0, numDlDci: 1
[0m[34m[MAC]    [gNB 0] Frame 216 : MIB->BCH  CC_id 0, Received 3 bytes
[0m[34m[MAC]    dlDmrsSymbPos 244
[0m[34m[MAC]    BWPSize:  48, BWPStart:  29, SubcarrierSpacing: 1, CyclicPrefix: 0, StartSymbolIndex: 0, DurationSymbols: 1, CceRegMappingType: 1, RegBundleSize: 6, InterleaverSize: 2, CoreSetType: 0, ShiftIndex: 0, precoderGranularity: 0, numDlDci: 1
[0m[34m[MAC]    dlDmrsSymbPos 244
[0m[34m[MAC]    BWPSize:  48, BWPStart:  29, SubcarrierSpacing: 1, CyclicPrefix: 0, StartSymbolIndex: 0, DurationSymbols: 1, CceRegMappingType: 1, RegBundleSize: 6, InterleaverSize: 2, CoreSetType: 0, ShiftIndex: 0, precoderGranularity: 0, numDlDci: 1
[0m[34m[MAC]    dlDmrsSymbPos 244
[0m[34m[MAC]    BWPSize:  48, BWPStart:  29, SubcarrierSpacing: 1, CyclicPrefix: 0, StartSymbolIndex: 0, DurationSymbols: 1, CceRegMappingType: 1, RegBundleSize: 6, InterleaverSize: 2, CoreSetType: 0, ShiftIndex: 0, precoderGranularity: 0, numDlDci: 1
[0m[34m[MAC]    dlDmrsSymbPos 244
[0m[34m[MAC]    BWPSize:  48, BWPStart:  29, SubcarrierSpacing: 1, CyclicPrefix: 0, StartSymbolIndex: 0, DurationSymbols: 1, CceRegMappingType: 1, RegBundleSize: 6, InterleaverSize: 2, CoreSetType: 0, ShiftIndex: 0, precoderGranularity: 0, numDlDci: 1
[0m[34m[MAC]    [gNB 0] Frame 224 : MIB->BCH  CC_id 0, Received 3 bytes
[0m[34m[MAC]    dlDmrsSymbPos 244
[0m[34m[MAC]    BWPSize:  48, BWPStart:  29, SubcarrierSpacing: 1, CyclicPrefix: 0, StartSymbolIndex: 0, DurationSymbols: 1, CceRegMappingType: 1, RegBundleSize: 6, InterleaverSize: 2, CoreSetType: 0, ShiftIndex: 0, precoderGranularity: 0, numDlDci: 1
[0m[34m[MAC]    dlDmrsSymbPos 244
[0m[34m[MAC]    BWPSize:  48, BWPStart:  29, SubcarrierSpacing: 1, CyclicPrefix: 0, StartSymbolIndex: 0, DurationSymbols: 1, CceRegMappingType: 1, RegBundleSize: 6, InterleaverSize: 2, CoreSetType: 0, ShiftIndex: 0, precoderGranularity: 0, numDlDci: 1
[0m[34m[MAC]    dlDmrsSymbPos 244
[0m[34m[MAC]    BWPSize:  48, BWPStart:  29, SubcarrierSpacing: 1, CyclicPrefix: 0, StartSymbolIndex: 0, DurationSymbols: 1, CceRegMappingType: 1, RegBundleSize: 6, InterleaverSize: 2, CoreSetType: 0, ShiftIndex: 0, precoderGranularity: 0, numDlDci: 1
[0m[34m[MAC]    dlDmrsSymbPos 244
[0m[34m[MAC]    BWPSize:  48, BWPStart:  29, SubcarrierSpacing: 1, CyclicPrefix: 0, StartSymbolIndex: 0, DurationSymbols: 1, CceRegMappingType: 1, RegBundleSize: 6, InterleaverSize: 2, CoreSetType: 0, ShiftIndex: 0, precoderGranularity: 0, numDlDci: 1
[0m[34m[MAC]    [gNB 0] Frame 232 : MIB->BCH  CC_id 0, Received 3 bytes
[0m[34m[MAC]    dlDmrsSymbPos 244
[0m[34m[MAC]    BWPSize:  48, BWPStart:  29, SubcarrierSpacing: 1, CyclicPrefix: 0, StartSymbolIndex: 0, DurationSymbols: 1, CceRegMappingType: 1, RegBundleSize: 6, InterleaverSize: 2, CoreSetType: 0, ShiftIndex: 0, precoderGranularity: 0, numDlDci: 1
[0m[34m[MAC]    dlDmrsSymbPos 244
[0m[34m[MAC]    BWPSize:  48, BWPStart:  29, SubcarrierSpacing: 1, CyclicPrefix: 0, StartSymbolIndex: 0, DurationSymbols: 1, CceRegMappingType: 1, RegBundleSize: 6, InterleaverSize: 2, CoreSetType: 0, ShiftIndex: 0, precoderGranularity: 0, numDlDci: 1
[0m[34m[MAC]    dlDmrsSymbPos 244
[0m[34m[MAC]    BWPSize:  48, BWPStart:  29, SubcarrierSpacing: 1, CyclicPrefix: 0, StartSymbolIndex: 0, DurationSymbols: 1, CceRegMappingType: 1, RegBundleSize: 6, InterleaverSize: 2, CoreSetType: 0, ShiftIndex: 0, precoderGranularity: 0, numDlDci: 1
[0m[34m[MAC]    dlDmrsSymbPos 244
[0m[34m[MAC]    BWPSize:  48, BWPStart:  29, SubcarrierSpacing: 1, CyclicPrefix: 0, StartSymbolIndex: 0, DurationSymbols: 1, CceRegMappingType: 1, RegBundleSize: 6, InterleaverSize: 2, CoreSetType: 0, ShiftIndex: 0, precoderGranularity: 0, numDlDci: 1
[0m[34m[MAC]    [gNB 0] Frame 240 : MIB->BCH  CC_id 0, Received 3 bytes
[0m[34m[MAC]    dlDmrsSymbPos 244
[0m[34m[MAC]    BWPSize:  48, BWPStart:  29, SubcarrierSpacing: 1, CyclicPrefix: 0, StartSymbolIndex: 0, DurationSymbols: 1, CceRegMappingType: 1, RegBundleSize: 6, InterleaverSize: 2, CoreSetType: 0, ShiftIndex: 0, precoderGranularity: 0, numDlDci: 1
[0m[34m[MAC]    dlDmrsSymbPos 244
[0m[34m[MAC]    BWPSize:  48, BWPStart:  29, SubcarrierSpacing: 1, CyclicPrefix: 0, StartSymbolIndex: 0, DurationSymbols: 1, CceRegMappingType: 1, RegBundleSize: 6, InterleaverSize: 2, CoreSetType: 0, ShiftIndex: 0, precoderGranularity: 0, numDlDci: 1
[0m[34m[MAC]    dlDmrsSymbPos 244
[0m[34m[MAC]    BWPSize:  48, BWPStart:  29, SubcarrierSpacing: 1, CyclicPrefix: 0, StartSymbolIndex: 0, DurationSymbols: 1, CceRegMappingType: 1, RegBundleSize: 6, InterleaverSize: 2, CoreSetType: 0, ShiftIndex: 0, precoderGranularity: 0, numDlDci: 1
[0m[34m[MAC]    dlDmrsSymbPos 244
[0m[34m[MAC]    BWPSize:  48, BWPStart:  29, SubcarrierSpacing: 1, CyclicPrefix: 0, StartSymbolIndex: 0, DurationSymbols: 1, CceRegMappingType: 1, RegBundleSize: 6, InterleaverSize: 2, CoreSetType: 0, ShiftIndex: 0, precoderGranularity: 0, numDlDci: 1
[0m[34m[MAC]    [gNB 0] Frame 248 : MIB->BCH  CC_id 0, Received 3 bytes
[0m[34m[MAC]    dlDmrsSymbPos 244
[0m[34m[MAC]    BWPSize:  48, BWPStart:  29, SubcarrierSpacing: 1, CyclicPrefix: 0, StartSymbolIndex: 0, DurationSymbols: 1, CceRegMappingType: 1, RegBundleSize: 6, InterleaverSize: 2, CoreSetType: 0, ShiftIndex: 0, precoderGranularity: 0, numDlDci: 1
[0m[34m[MAC]    dlDmrsSymbPos 244
[0m[34m[MAC]    BWPSize:  48, BWPStart:  29, SubcarrierSpacing: 1, CyclicPrefix: 0, StartSymbolIndex: 0, DurationSymbols: 1, CceRegMappingType: 1, RegBundleSize: 6, InterleaverSize: 2, CoreSetType: 0, ShiftIndex: 0, precoderGranularity: 0, numDlDci: 1
[0m[34m[MAC]    dlDmrsSymbPos 244
[0m[34m[MAC]    BWPSize:  48, BWPStart:  29, SubcarrierSpacing: 1, CyclicPrefix: 0, StartSymbolIndex: 0, DurationSymbols: 1, CceRegMappingType: 1, RegBundleSize: 6, InterleaverSize: 2, CoreSetType: 0, ShiftIndex: 0, precoderGranularity: 0, numDlDci: 1
[0m[34m[MAC]    dlDmrsSymbPos 244
[0m[34m[MAC]    BWPSize:  48, BWPStart:  29, SubcarrierSpacing: 1, CyclicPrefix: 0, StartSymbolIndex: 0, DurationSymbols: 1, CceRegMappingType: 1, RegBundleSize: 6, InterleaverSize: 2, CoreSetType: 0, ShiftIndex: 0, precoderGranularity: 0, numDlDci: 1
[0m[34m[MAC]    [gNB 0] Frame 256 : MIB->BCH  CC_id 0, Received 3 bytes
[0m[34m[MAC]    dlDmrsSymbPos 244
[0m[34m[MAC]    BWPSize:  48, BWPStart:  29, SubcarrierSpacing: 1, CyclicPrefix: 0, StartSymbolIndex: 0, DurationSymbols: 1, CceRegMappingType: 1, RegBundleSize: 6, InterleaverSize: 2, CoreSetType: 0, ShiftIndex: 0, precoderGranularity: 0, numDlDci: 1
[0m[HW]     [o-du 0][rx   20667 pps   10352 kbps  298040][tx   63787 pps   31872 kbps  786891][Total Msgs_Rcvd 20667]
[0m[HW]     [o_du0][pusch0   18390 prach0    2277]
[0m[34m[MAC]    dlDmrsSymbPos 244
[0m[34m[MAC]    BWPSize:  48, BWPStart:  29, SubcarrierSpacing: 1, CyclicPrefix: 0, StartSymbolIndex: 0, DurationSymbols: 1, CceRegMappingType: 1, RegBundleSize: 6, InterleaverSize: 2, CoreSetType: 0, ShiftIndex: 0, precoderGranularity: 0, numDlDci: 1
[0m[34m[MAC]    dlDmrsSymbPos 244
[0m[34m[MAC]    BWPSize:  48, BWPStart:  29, SubcarrierSpacing: 1, CyclicPrefix: 0, StartSymbolIndex: 0, DurationSymbols: 1, CceRegMappingType: 1, RegBundleSize: 6, InterleaverSize: 2, CoreSetType: 0, ShiftIndex: 0, precoderGranularity: 0, numDlDci: 1
[0m[34m[MAC]    dlDmrsSymbPos 244
[0m[34m[MAC]    BWPSize:  48, BWPStart:  29, SubcarrierSpacing: 1, CyclicPrefix: 0, StartSymbolIndex: 0, DurationSymbols: 1, CceRegMappingType: 1, RegBundleSize: 6, InterleaverSize: 2, CoreSetType: 0, ShiftIndex: 0, precoderGranularity: 0, numDlDci: 1
[0m[34m[MAC]    [gNB 0] Frame 264 : MIB->BCH  CC_id 0, Received 3 bytes
[0m[34m[MAC]    dlDmrsSymbPos 244
[0m[34m[MAC]    BWPSize:  48, BWPStart:  29, SubcarrierSpacing: 1, CyclicPrefix: 0, StartSymbolIndex: 0, DurationSymbols: 1, CceRegMappingType: 1, RegBundleSize: 6, InterleaverSize: 2, CoreSetType: 0, ShiftIndex: 0, precoderGranularity: 0, numDlDci: 1
[0m[34m[MAC]    dlDmrsSymbPos 244
[0m[34m[MAC]    BWPSize:  48, BWPStart:  29, SubcarrierSpacing: 1, CyclicPrefix: 0, StartSymbolIndex: 0, DurationSymbols: 1, CceRegMappingType: 1, RegBundleSize: 6, InterleaverSize: 2, CoreSetType: 0, ShiftIndex: 0, precoderGranularity: 0, numDlDci: 1
[0m[34m[MAC]    dlDmrsSymbPos 244
[0m[34m[MAC]    BWPSize:  48, BWPStart:  29, SubcarrierSpacing: 1, CyclicPrefix: 0, StartSymbolIndex: 0, DurationSymbols: 1, CceRegMappingType: 1, RegBundleSize: 6, InterleaverSize: 2, CoreSetType: 0, ShiftIndex: 0, precoderGranularity: 0, numDlDci: 1
[0m[34m[MAC]    dlDmrsSymbPos 244
[0m[34m[MAC]    BWPSize:  48, BWPStart:  29, SubcarrierSpacing: 1, CyclicPrefix: 0, StartSymbolIndex: 0, DurationSymbols: 1, CceRegMappingType: 1, RegBundleSize: 6, InterleaverSize: 2, CoreSetType: 0, ShiftIndex: 0, precoderGranularity: 0, numDlDci: 1
[0m[34m[MAC]    [gNB 0] Frame 272 : MIB->BCH  CC_id 0, Received 3 bytes
[0m[34m[MAC]    dlDmrsSymbPos 244
[0m[34m[MAC]    BWPSize:  48, BWPStart:  29, SubcarrierSpacing: 1, CyclicPrefix: 0, StartSymbolIndex: 0, DurationSymbols: 1, CceRegMappingType: 1, RegBundleSize: 6, InterleaverSize: 2, CoreSetType: 0, ShiftIndex: 0, precoderGranularity: 0, numDlDci: 1
[0m[34m[MAC]    dlDmrsSymbPos 244
[0m[34m[MAC]    BWPSize:  48, BWPStart:  29, SubcarrierSpacing: 1, CyclicPrefix: 0, StartSymbolIndex: 0, DurationSymbols: 1, CceRegMappingType: 1, RegBundleSize: 6, InterleaverSize: 2, CoreSetType: 0, ShiftIndex: 0, precoderGranularity: 0, numDlDci: 1
[0m[34m[MAC]    dlDmrsSymbPos 244
[0m[34m[MAC]    BWPSize:  48, BWPStart:  29, SubcarrierSpacing: 1, CyclicPrefix: 0, StartSymbolIndex: 0, DurationSymbols: 1, CceRegMappingType: 1, RegBundleSize: 6, InterleaverSize: 2, CoreSetType: 0, ShiftIndex: 0, precoderGranularity: 0, numDlDci: 1
[0m[34m[MAC]    dlDmrsSymbPos 244
[0m[34m[MAC]    BWPSize:  48, BWPStart:  29, SubcarrierSpacing: 1, CyclicPrefix: 0, StartSymbolIndex: 0, DurationSymbols: 1, CceRegMappingType: 1, RegBundleSize: 6, InterleaverSize: 2, CoreSetType: 0, ShiftIndex: 0, precoderGranularity: 0, numDlDci: 1
[0m[34m[MAC]    [gNB 0] Frame 280 : MIB->BCH  CC_id 0, Received 3 bytes
[0m[34m[MAC]    dlDmrsSymbPos 244
[0m[34m[MAC]    BWPSize:  48, BWPStart:  29, SubcarrierSpacing: 1, CyclicPrefix: 0, StartSymbolIndex: 0, DurationSymbols: 1, CceRegMappingType: 1, RegBundleSize: 6, InterleaverSize: 2, CoreSetType: 0, ShiftIndex: 0, precoderGranularity: 0, numDlDci: 1
[0m[34m[MAC]    dlDmrsSymbPos 244
[0m[34m[MAC]    BWPSize:  48, BWPStart:  29, SubcarrierSpacing: 1, CyclicPrefix: 0, StartSymbolIndex: 0, DurationSymbols: 1, CceRegMappingType: 1, RegBundleSize: 6, InterleaverSize: 2, CoreSetType: 0, ShiftIndex: 0, precoderGranularity: 0, numDlDci: 1
[0m[34m[MAC]    dlDmrsSymbPos 244
[0m[34m[MAC]    BWPSize:  48, BWPStart:  29, SubcarrierSpacing: 1, CyclicPrefix: 0, StartSymbolIndex: 0, DurationSymbols: 1, CceRegMappingType: 1, RegBundleSize: 6, InterleaverSize: 2, CoreSetType: 0, ShiftIndex: 0, precoderGranularity: 0, numDlDci: 1
[0m[34m[MAC]    dlDmrsSymbPos 244
[0m[34m[MAC]    BWPSize:  48, BWPStart:  29, SubcarrierSpacing: 1, CyclicPrefix: 0, StartSymbolIndex: 0, DurationSymbols: 1, CceRegMappingType: 1, RegBundleSize: 6, InterleaverSize: 2, CoreSetType: 0, ShiftIndex: 0, precoderGranularity: 0, numDlDci: 1
[0m[34m[MAC]    [gNB 0] Frame 288 : MIB->BCH  CC_id 0, Received 3 bytes
[0m[34m[MAC]    dlDmrsSymbPos 244
[0m[34m[MAC]    BWPSize:  48, BWPStart:  29, SubcarrierSpacing: 1, CyclicPrefix: 0, StartSymbolIndex: 0, DurationSymbols: 1, CceRegMappingType: 1, RegBundleSize: 6, InterleaverSize: 2, CoreSetType: 0, ShiftIndex: 0, precoderGranularity: 0, numDlDci: 1
[0m[34m[MAC]    dlDmrsSymbPos 244
[0m[34m[MAC]    BWPSize:  48, BWPStart:  29, SubcarrierSpacing: 1, CyclicPrefix: 0, StartSymbolIndex: 0, DurationSymbols: 1, CceRegMappingType: 1, RegBundleSize: 6, InterleaverSize: 2, CoreSetType: 0, ShiftIndex: 0, precoderGranularity: 0, numDlDci: 1
[0m[34m[MAC]    dlDmrsSymbPos 244
[0m[34m[MAC]    BWPSize:  48, BWPStart:  29, SubcarrierSpacing: 1, CyclicPrefix: 0, StartSymbolIndex: 0, DurationSymbols: 1, CceRegMappingType: 1, RegBundleSize: 6, InterleaverSize: 2, CoreSetType: 0, ShiftIndex: 0, precoderGranularity: 0, numDlDci: 1
[0m[34m[MAC]    dlDmrsSymbPos 244
[0m[34m[MAC]    BWPSize:  48, BWPStart:  29, SubcarrierSpacing: 1, CyclicPrefix: 0, StartSymbolIndex: 0, DurationSymbols: 1, CceRegMappingType: 1, RegBundleSize: 6, InterleaverSize: 2, CoreSetType: 0, ShiftIndex: 0, precoderGranularity: 0, numDlDci: 1
[0m[34m[MAC]    [gNB 0] Frame 296 : MIB->BCH  CC_id 0, Received 3 bytes
[0m[34m[MAC]    dlDmrsSymbPos 244
[0m[34m[MAC]    BWPSize:  48, BWPStart:  29, SubcarrierSpacing: 1, CyclicPrefix: 0, StartSymbolIndex: 0, DurationSymbols: 1, CceRegMappingType: 1, RegBundleSize: 6, InterleaverSize: 2, CoreSetType: 0, ShiftIndex: 0, precoderGranularity: 0, numDlDci: 1
[0m[34m[MAC]    dlDmrsSymbPos 244
[0m[34m[MAC]    BWPSize:  48, BWPStart:  29, SubcarrierSpacing: 1, CyclicPrefix: 0, StartSymbolIndex: 0, DurationSymbols: 1, CceRegMappingType: 1, RegBundleSize: 6, InterleaverSize: 2, CoreSetType: 0, ShiftIndex: 0, precoderGranularity: 0, numDlDci: 1
[0m[34m[MAC]    dlDmrsSymbPos 244
[0m[34m[MAC]    BWPSize:  48, BWPStart:  29, SubcarrierSpacing: 1, CyclicPrefix: 0, StartSymbolIndex: 0, DurationSymbols: 1, CceRegMappingType: 1, RegBundleSize: 6, InterleaverSize: 2, CoreSetType: 0, ShiftIndex: 0, precoderGranularity: 0, numDlDci: 1
[0m[34m[MAC]    dlDmrsSymbPos 244
[0m[34m[MAC]    BWPSize:  48, BWPStart:  29, SubcarrierSpacing: 1, CyclicPrefix: 0, StartSymbolIndex: 0, DurationSymbols: 1, CceRegMappingType: 1, RegBundleSize: 6, InterleaverSize: 2, CoreSetType: 0, ShiftIndex: 0, precoderGranularity: 0, numDlDci: 1
[0m[34m[MAC]    [gNB 0] Frame 304 : MIB->BCH  CC_id 0, Received 3 bytes
[0m[34m[MAC]    dlDmrsSymbPos 244
[0m[34m[MAC]    BWPSize:  48, BWPStart:  29, SubcarrierSpacing: 1, CyclicPrefix: 0, StartSymbolIndex: 0, DurationSymbols: 1, CceRegMappingType: 1, RegBundleSize: 6, InterleaverSize: 2, CoreSetType: 0, ShiftIndex: 0, precoderGranularity: 0, numDlDci: 1
[0m[34m[MAC]    dlDmrsSymbPos 244
[0m[34m[MAC]    BWPSize:  48, BWPStart:  29, SubcarrierSpacing: 1, CyclicPrefix: 0, StartSymbolIndex: 0, DurationSymbols: 1, CceRegMappingType: 1, RegBundleSize: 6, InterleaverSize: 2, CoreSetType: 0, ShiftIndex: 0, precoderGranularity: 0, numDlDci: 1
[0m[34m[MAC]    dlDmrsSymbPos 244
[0m[34m[MAC]    BWPSize:  48, BWPStart:  29, SubcarrierSpacing: 1, CyclicPrefix: 0, StartSymbolIndex: 0, DurationSymbols: 1, CceRegMappingType: 1, RegBundleSize: 6, InterleaverSize: 2, CoreSetType: 0, ShiftIndex: 0, precoderGranularity: 0, numDlDci: 1
[0m[34m[MAC]    dlDmrsSymbPos 244
[0m[34m[MAC]    BWPSize:  48, BWPStart:  29, SubcarrierSpacing: 1, CyclicPrefix: 0, StartSymbolIndex: 0, DurationSymbols: 1, CceRegMappingType: 1, RegBundleSize: 6, InterleaverSize: 2, CoreSetType: 0, ShiftIndex: 0, precoderGranularity: 0, numDlDci: 1
[0m[34m[MAC]    [gNB 0] Frame 312 : MIB->BCH  CC_id 0, Received 3 bytes
[0m[34m[MAC]    dlDmrsSymbPos 244
[0m[34m[MAC]    BWPSize:  48, BWPStart:  29, SubcarrierSpacing: 1, CyclicPrefix: 0, StartSymbolIndex: 0, DurationSymbols: 1, CceRegMappingType: 1, RegBundleSize: 6, InterleaverSize: 2, CoreSetType: 0, ShiftIndex: 0, precoderGranularity: 0, numDlDci: 1
[0m[34m[MAC]    dlDmrsSymbPos 244
[0m[34m[MAC]    BWPSize:  48, BWPStart:  29, SubcarrierSpacing: 1, CyclicPrefix: 0, StartSymbolIndex: 0, DurationSymbols: 1, CceRegMappingType: 1, RegBundleSize: 6, InterleaverSize: 2, CoreSetType: 0, ShiftIndex: 0, precoderGranularity: 0, numDlDci: 1
[0m[34m[MAC]    dlDmrsSymbPos 244
[0m[34m[MAC]    BWPSize:  48, BWPStart:  29, SubcarrierSpacing: 1, CyclicPrefix: 0, StartSymbolIndex: 0, DurationSymbols: 1, CceRegMappingType: 1, RegBundleSize: 6, InterleaverSize: 2, CoreSetType: 0, ShiftIndex: 0, precoderGranularity: 0, numDlDci: 1
[0m[34m[MAC]    dlDmrsSymbPos 244
[0m[34m[MAC]    BWPSize:  48, BWPStart:  29, SubcarrierSpacing: 1, CyclicPrefix: 0, StartSymbolIndex: 0, DurationSymbols: 1, CceRegMappingType: 1, RegBundleSize: 6, InterleaverSize: 2, CoreSetType: 0, ShiftIndex: 0, precoderGranularity: 0, numDlDci: 1
[0m[34m[MAC]    [gNB 0] Frame 320 : MIB->BCH  CC_id 0, Received 3 bytes
[0m[34m[MAC]    dlDmrsSymbPos 244
[0m[34m[MAC]    BWPSize:  48, BWPStart:  29, SubcarrierSpacing: 1, CyclicPrefix: 0, StartSymbolIndex: 0, DurationSymbols: 1, CceRegMappingType: 1, RegBundleSize: 6, InterleaverSize: 2, CoreSetType: 0, ShiftIndex: 0, precoderGranularity: 0, numDlDci: 1
[0m[34m[MAC]    dlDmrsSymbPos 244
[0m[34m[MAC]    BWPSize:  48, BWPStart:  29, SubcarrierSpacing: 1, CyclicPrefix: 0, StartSymbolIndex: 0, DurationSymbols: 1, CceRegMappingType: 1, RegBundleSize: 6, InterleaverSize: 2, CoreSetType: 0, ShiftIndex: 0, precoderGranularity: 0, numDlDci: 1
[0m[34m[MAC]    dlDmrsSymbPos 244
[0m[34m[MAC]    BWPSize:  48, BWPStart:  29, SubcarrierSpacing: 1, CyclicPrefix: 0, StartSymbolIndex: 0, DurationSymbols: 1, CceRegMappingType: 1, RegBundleSize: 6, InterleaverSize: 2, CoreSetType: 0, ShiftIndex: 0, precoderGranularity: 0, numDlDci: 1
[0m[34m[MAC]    dlDmrsSymbPos 244
[0m[34m[MAC]    BWPSize:  48, BWPStart:  29, SubcarrierSpacing: 1, CyclicPrefix: 0, StartSymbolIndex: 0, DurationSymbols: 1, CceRegMappingType: 1, RegBundleSize: 6, InterleaverSize: 2, CoreSetType: 0, ShiftIndex: 0, precoderGranularity: 0, numDlDci: 1
[0m[34m[MAC]    [gNB 0] Frame 328 : MIB->BCH  CC_id 0, Received 3 bytes
[0m[34m[MAC]    dlDmrsSymbPos 244
[0m[34m[MAC]    BWPSize:  48, BWPStart:  29, SubcarrierSpacing: 1, CyclicPrefix: 0, StartSymbolIndex: 0, DurationSymbols: 1, CceRegMappingType: 1, RegBundleSize: 6, InterleaverSize: 2, CoreSetType: 0, ShiftIndex: 0, precoderGranularity: 0, numDlDci: 1
[0m[34m[MAC]    dlDmrsSymbPos 244
[0m[34m[MAC]    BWPSize:  48, BWPStart:  29, SubcarrierSpacing: 1, CyclicPrefix: 0, StartSymbolIndex: 0, DurationSymbols: 1, CceRegMappingType: 1, RegBundleSize: 6, InterleaverSize: 2, CoreSetType: 0, ShiftIndex: 0, precoderGranularity: 0, numDlDci: 1
[0m[34m[MAC]    dlDmrsSymbPos 244
[0m[34m[MAC]    BWPSize:  48, BWPStart:  29, SubcarrierSpacing: 1, CyclicPrefix: 0, StartSymbolIndex: 0, DurationSymbols: 1, CceRegMappingType: 1, RegBundleSize: 6, InterleaverSize: 2, CoreSetType: 0, ShiftIndex: 0, precoderGranularity: 0, numDlDci: 1
[0m[34m[MAC]    dlDmrsSymbPos 244
[0m[34m[MAC]    BWPSize:  48, BWPStart:  29, SubcarrierSpacing: 1, CyclicPrefix: 0, StartSymbolIndex: 0, DurationSymbols: 1, CceRegMappingType: 1, RegBundleSize: 6, InterleaverSize: 2, CoreSetType: 0, ShiftIndex: 0, precoderGranularity: 0, numDlDci: 1
[0m[34m[MAC]    [gNB 0] Frame 336 : MIB->BCH  CC_id 0, Received 3 bytes
[0m[34m[MAC]    dlDmrsSymbPos 244
[0m[34m[MAC]    BWPSize:  48, BWPStart:  29, SubcarrierSpacing: 1, CyclicPrefix: 0, StartSymbolIndex: 0, DurationSymbols: 1, CceRegMappingType: 1, RegBundleSize: 6, InterleaverSize: 2, CoreSetType: 0, ShiftIndex: 0, precoderGranularity: 0, numDlDci: 1
[0m[34m[MAC]    dlDmrsSymbPos 244
[0m[34m[MAC]    BWPSize:  48, BWPStart:  29, SubcarrierSpacing: 1, CyclicPrefix: 0, StartSymbolIndex: 0, DurationSymbols: 1, CceRegMappingType: 1, RegBundleSize: 6, InterleaverSize: 2, CoreSetType: 0, ShiftIndex: 0, precoderGranularity: 0, numDlDci: 1
[0m[34m[MAC]    dlDmrsSymbPos 244
[0m[34m[MAC]    BWPSize:  48, BWPStart:  29, SubcarrierSpacing: 1, CyclicPrefix: 0, StartSymbolIndex: 0, DurationSymbols: 1, CceRegMappingType: 1, RegBundleSize: 6, InterleaverSize: 2, CoreSetType: 0, ShiftIndex: 0, precoderGranularity: 0, numDlDci: 1
[0m[34m[MAC]    dlDmrsSymbPos 244
[0m[34m[MAC]    BWPSize:  48, BWPStart:  29, SubcarrierSpacing: 1, CyclicPrefix: 0, StartSymbolIndex: 0, DurationSymbols: 1, CceRegMappingType: 1, RegBundleSize: 6, InterleaverSize: 2, CoreSetType: 0, ShiftIndex: 0, precoderGranularity: 0, numDlDci: 1
[0m[34m[MAC]    [gNB 0] Frame 344 : MIB->BCH  CC_id 0, Received 3 bytes
[0m[34m[MAC]    dlDmrsSymbPos 244
[0m[34m[MAC]    BWPSize:  48, BWPStart:  29, SubcarrierSpacing: 1, CyclicPrefix: 0, StartSymbolIndex: 0, DurationSymbols: 1, CceRegMappingType: 1, RegBundleSize: 6, InterleaverSize: 2, CoreSetType: 0, ShiftIndex: 0, precoderGranularity: 0, numDlDci: 1
[0m[34m[MAC]    dlDmrsSymbPos 244
[0m[34m[MAC]    BWPSize:  48, BWPStart:  29, SubcarrierSpacing: 1, CyclicPrefix: 0, StartSymbolIndex: 0, DurationSymbols: 1, CceRegMappingType: 1, RegBundleSize: 6, InterleaverSize: 2, CoreSetType: 0, ShiftIndex: 0, precoderGranularity: 0, numDlDci: 1
[0m[34m[MAC]    dlDmrsSymbPos 244
[0m[34m[MAC]    BWPSize:  48, BWPStart:  29, SubcarrierSpacing: 1, CyclicPrefix: 0, StartSymbolIndex: 0, DurationSymbols: 1, CceRegMappingType: 1, RegBundleSize: 6, InterleaverSize: 2, CoreSetType: 0, ShiftIndex: 0, precoderGranularity: 0, numDlDci: 1
[0m[34m[MAC]    dlDmrsSymbPos 244
[0m[34m[MAC]    BWPSize:  48, BWPStart:  29, SubcarrierSpacing: 1, CyclicPrefix: 0, StartSymbolIndex: 0, DurationSymbols: 1, CceRegMappingType: 1, RegBundleSize: 6, InterleaverSize: 2, CoreSetType: 0, ShiftIndex: 0, precoderGranularity: 0, numDlDci: 1
[0m[34m[MAC]    [gNB 0] Frame 352 : MIB->BCH  CC_id 0, Received 3 bytes
[0m[34m[MAC]    dlDmrsSymbPos 244
[0m[34m[MAC]    BWPSize:  48, BWPStart:  29, SubcarrierSpacing: 1, CyclicPrefix: 0, StartSymbolIndex: 0, DurationSymbols: 1, CceRegMappingType: 1, RegBundleSize: 6, InterleaverSize: 2, CoreSetType: 0, ShiftIndex: 0, precoderGranularity: 0, numDlDci: 1
[0m[34m[MAC]    dlDmrsSymbPos 244
[0m[34m[MAC]    BWPSize:  48, BWPStart:  29, SubcarrierSpacing: 1, CyclicPrefix: 0, StartSymbolIndex: 0, DurationSymbols: 1, CceRegMappingType: 1, RegBundleSize: 6, InterleaverSize: 2, CoreSetType: 0, ShiftIndex: 0, precoderGranularity: 0, numDlDci: 1
[0m[34m[MAC]    dlDmrsSymbPos 244
[0m[34m[MAC]    BWPSize:  48, BWPStart:  29, SubcarrierSpacing: 1, CyclicPrefix: 0, StartSymbolIndex: 0, DurationSymbols: 1, CceRegMappingType: 1, RegBundleSize: 6, InterleaverSize: 2, CoreSetType: 0, ShiftIndex: 0, precoderGranularity: 0, numDlDci: 1
[0m[34m[MAC]    dlDmrsSymbPos 244
[0m[34m[MAC]    BWPSize:  48, BWPStart:  29, SubcarrierSpacing: 1, CyclicPrefix: 0, StartSymbolIndex: 0, DurationSymbols: 1, CceRegMappingType: 1, RegBundleSize: 6, InterleaverSize: 2, CoreSetType: 0, ShiftIndex: 0, precoderGranularity: 0, numDlDci: 1
[0m[34m[MAC]    [gNB 0] Frame 360 : MIB->BCH  CC_id 0, Received 3 bytes
[0m[34m[MAC]    dlDmrsSymbPos 244
[0m[34m[MAC]    BWPSize:  48, BWPStart:  29, SubcarrierSpacing: 1, CyclicPrefix: 0, StartSymbolIndex: 0, DurationSymbols: 1, CceRegMappingType: 1, RegBundleSize: 6, InterleaverSize: 2, CoreSetType: 0, ShiftIndex: 0, precoderGranularity: 0, numDlDci: 1
[0m[34m[MAC]    dlDmrsSymbPos 244
[0m[34m[MAC]    BWPSize:  48, BWPStart:  29, SubcarrierSpacing: 1, CyclicPrefix: 0, StartSymbolIndex: 0, DurationSymbols: 1, CceRegMappingType: 1, RegBundleSize: 6, InterleaverSize: 2, CoreSetType: 0, ShiftIndex: 0, precoderGranularity: 0, numDlDci: 1
[0m[34m[MAC]    dlDmrsSymbPos 244
[0m[34m[MAC]    BWPSize:  48, BWPStart:  29, SubcarrierSpacing: 1, CyclicPrefix: 0, StartSymbolIndex: 0, DurationSymbols: 1, CceRegMappingType: 1, RegBundleSize: 6, InterleaverSize: 2, CoreSetType: 0, ShiftIndex: 0, precoderGranularity: 0, numDlDci: 1
[0m[34m[MAC]    dlDmrsSymbPos 244
[0m[34m[MAC]    BWPSize:  48, BWPStart:  29, SubcarrierSpacing: 1, CyclicPrefix: 0, StartSymbolIndex: 0, DurationSymbols: 1, CceRegMappingType: 1, RegBundleSize: 6, InterleaverSize: 2, CoreSetType: 0, ShiftIndex: 0, precoderGranularity: 0, numDlDci: 1
[0m[34m[MAC]    [gNB 0] Frame 368 : MIB->BCH  CC_id 0, Received 3 bytes
[0m[34m[MAC]    dlDmrsSymbPos 244
[0m[34m[MAC]    BWPSize:  48, BWPStart:  29, SubcarrierSpacing: 1, CyclicPrefix: 0, StartSymbolIndex: 0, DurationSymbols: 1, CceRegMappingType: 1, RegBundleSize: 6, InterleaverSize: 2, CoreSetType: 0, ShiftIndex: 0, precoderGranularity: 0, numDlDci: 1
[0m[34m[MAC]    dlDmrsSymbPos 244
[0m[34m[MAC]    BWPSize:  48, BWPStart:  29, SubcarrierSpacing: 1, CyclicPrefix: 0, StartSymbolIndex: 0, DurationSymbols: 1, CceRegMappingType: 1, RegBundleSize: 6, InterleaverSize: 2, CoreSetType: 0, ShiftIndex: 0, precoderGranularity: 0, numDlDci: 1
[0m[34m[MAC]    dlDmrsSymbPos 244
[0m[34m[MAC]    BWPSize:  48, BWPStart:  29, SubcarrierSpacing: 1, CyclicPrefix: 0, StartSymbolIndex: 0, DurationSymbols: 1, CceRegMappingType: 1, RegBundleSize: 6, InterleaverSize: 2, CoreSetType: 0, ShiftIndex: 0, precoderGranularity: 0, numDlDci: 1
[0m[34m[MAC]    dlDmrsSymbPos 244
[0m[34m[MAC]    BWPSize:  48, BWPStart:  29, SubcarrierSpacing: 1, CyclicPrefix: 0, StartSymbolIndex: 0, DurationSymbols: 1, CceRegMappingType: 1, RegBundleSize: 6, InterleaverSize: 2, CoreSetType: 0, ShiftIndex: 0, precoderGranularity: 0, numDlDci: 1
[0m[34m[MAC]    [gNB 0] Frame 376 : MIB->BCH  CC_id 0, Received 3 bytes
[0m[34m[MAC]    dlDmrsSymbPos 244
[0m[34m[MAC]    BWPSize:  48, BWPStart:  29, SubcarrierSpacing: 1, CyclicPrefix: 0, StartSymbolIndex: 0, DurationSymbols: 1, CceRegMappingType: 1, RegBundleSize: 6, InterleaverSize: 2, CoreSetType: 0, ShiftIndex: 0, precoderGranularity: 0, numDlDci: 1
[0m[34m[MAC]    dlDmrsSymbPos 244
[0m[34m[MAC]    BWPSize:  48, BWPStart:  29, SubcarrierSpacing: 1, CyclicPrefix: 0, StartSymbolIndex: 0, DurationSymbols: 1, CceRegMappingType: 1, RegBundleSize: 6, InterleaverSize: 2, CoreSetType: 0, ShiftIndex: 0, precoderGranularity: 0, numDlDci: 1
[0m[34m[MAC]    dlDmrsSymbPos 244
[0m[34m[MAC]    BWPSize:  48, BWPStart:  29, SubcarrierSpacing: 1, CyclicPrefix: 0, StartSymbolIndex: 0, DurationSymbols: 1, CceRegMappingType: 1, RegBundleSize: 6, InterleaverSize: 2, CoreSetType: 0, ShiftIndex: 0, precoderGranularity: 0, numDlDci: 1
[0m[34m[MAC]    dlDmrsSymbPos 244
[0m[34m[MAC]    BWPSize:  48, BWPStart:  29, SubcarrierSpacing: 1, CyclicPrefix: 0, StartSymbolIndex: 0, DurationSymbols: 1, CceRegMappingType: 1, RegBundleSize: 6, InterleaverSize: 2, CoreSetType: 0, ShiftIndex: 0, precoderGranularity: 0, numDlDci: 1
[0m[34m[MAC]    [gNB 0] Frame 384 : MIB->BCH  CC_id 0, Received 3 bytes
[0m[34m[MAC]    dlDmrsSymbPos 244
[0m[34m[MAC]    BWPSize:  48, BWPStart:  29, SubcarrierSpacing: 1, CyclicPrefix: 0, StartSymbolIndex: 0, DurationSymbols: 1, CceRegMappingType: 1, RegBundleSize: 6, InterleaverSize: 2, CoreSetType: 0, ShiftIndex: 0, precoderGranularity: 0, numDlDci: 1
[0m[HW]     [o-du 0][rx   31419 pps   10752 kbps  298932][tx   95659 pps   31872 kbps  786891][Total Msgs_Rcvd 31419]
[0m[HW]     [o_du0][pusch0   27606 prach0    3813]
[0m[34m[MAC]    dlDmrsSymbPos 244
[0m[34m[MAC]    BWPSize:  48, BWPStart:  29, SubcarrierSpacing: 1, CyclicPrefix: 0, StartSymbolIndex: 0, DurationSymbols: 1, CceRegMappingType: 1, RegBundleSize: 6, InterleaverSize: 2, CoreSetType: 0, ShiftIndex: 0, precoderGranularity: 0, numDlDci: 1
[0m[34m[MAC]    dlDmrsSymbPos 244
[0m[34m[MAC]    BWPSize:  48, BWPStart:  29, SubcarrierSpacing: 1, CyclicPrefix: 0, StartSymbolIndex: 0, DurationSymbols: 1, CceRegMappingType: 1, RegBundleSize: 6, InterleaverSize: 2, CoreSetType: 0, ShiftIndex: 0, precoderGranularity: 0, numDlDci: 1
[0m[34m[MAC]    dlDmrsSymbPos 244
[0m[34m[MAC]    BWPSize:  48, BWPStart:  29, SubcarrierSpacing: 1, CyclicPrefix: 0, StartSymbolIndex: 0, DurationSymbols: 1, CceRegMappingType: 1, RegBundleSize: 6, InterleaverSize: 2, CoreSetType: 0, ShiftIndex: 0, precoderGranularity: 0, numDlDci: 1
[0m[34m[MAC]    [gNB 0] Frame 392 : MIB->BCH  CC_id 0, Received 3 bytes
[0m[34m[MAC]    dlDmrsSymbPos 244
[0m[34m[MAC]    BWPSize:  48, BWPStart:  29, SubcarrierSpacing: 1, CyclicPrefix: 0, StartSymbolIndex: 0, DurationSymbols: 1, CceRegMappingType: 1, RegBundleSize: 6, InterleaverSize: 2, CoreSetType: 0, ShiftIndex: 0, precoderGranularity: 0, numDlDci: 1
[0m[34m[MAC]    dlDmrsSymbPos 244
[0m[34m[MAC]    BWPSize:  48, BWPStart:  29, SubcarrierSpacing: 1, CyclicPrefix: 0, StartSymbolIndex: 0, DurationSymbols: 1, CceRegMappingType: 1, RegBundleSize: 6, InterleaverSize: 2, CoreSetType: 0, ShiftIndex: 0, precoderGranularity: 0, numDlDci: 1
[0m[34m[MAC]    dlDmrsSymbPos 244
[0m[34m[MAC]    BWPSize:  48, BWPStart:  29, SubcarrierSpacing: 1, CyclicPrefix: 0, StartSymbolIndex: 0, DurationSymbols: 1, CceRegMappingType: 1, RegBundleSize: 6, InterleaverSize: 2, CoreSetType: 0, ShiftIndex: 0, precoderGranularity: 0, numDlDci: 1
[0m[34m[MAC]    dlDmrsSymbPos 244
[0m[34m[MAC]    BWPSize:  48, BWPStart:  29, SubcarrierSpacing: 1, CyclicPrefix: 0, StartSymbolIndex: 0, DurationSymbols: 1, CceRegMappingType: 1, RegBundleSize: 6, InterleaverSize: 2, CoreSetType: 0, ShiftIndex: 0, precoderGranularity: 0, numDlDci: 1
[0m[34m[MAC]    [gNB 0] Frame 400 : MIB->BCH  CC_id 0, Received 3 bytes
[0m[34m[MAC]    dlDmrsSymbPos 244
[0m[34m[MAC]    BWPSize:  48, BWPStart:  29, SubcarrierSpacing: 1, CyclicPrefix: 0, StartSymbolIndex: 0, DurationSymbols: 1, CceRegMappingType: 1, RegBundleSize: 6, InterleaverSize: 2, CoreSetType: 0, ShiftIndex: 0, precoderGranularity: 0, numDlDci: 1
[0m[34m[MAC]    dlDmrsSymbPos 244
[0m[34m[MAC]    BWPSize:  48, BWPStart:  29, SubcarrierSpacing: 1, CyclicPrefix: 0, StartSymbolIndex: 0, DurationSymbols: 1, CceRegMappingType: 1, RegBundleSize: 6, InterleaverSize: 2, CoreSetType: 0, ShiftIndex: 0, precoderGranularity: 0, numDlDci: 1
[0m[34m[MAC]    dlDmrsSymbPos 244
[0m[34m[MAC]    BWPSize:  48, BWPStart:  29, SubcarrierSpacing: 1, CyclicPrefix: 0, StartSymbolIndex: 0, DurationSymbols: 1, CceRegMappingType: 1, RegBundleSize: 6, InterleaverSize: 2, CoreSetType: 0, ShiftIndex: 0, precoderGranularity: 0, numDlDci: 1
[0m[34m[MAC]    dlDmrsSymbPos 244
[0m[34m[MAC]    BWPSize:  48, BWPStart:  29, SubcarrierSpacing: 1, CyclicPrefix: 0, StartSymbolIndex: 0, DurationSymbols: 1, CceRegMappingType: 1, RegBundleSize: 6, InterleaverSize: 2, CoreSetType: 0, ShiftIndex: 0, precoderGranularity: 0, numDlDci: 1
[0m[34m[MAC]    [gNB 0] Frame 408 : MIB->BCH  CC_id 0, Received 3 bytes
[0m[34m[MAC]    dlDmrsSymbPos 244
[0m[34m[MAC]    BWPSize:  48, BWPStart:  29, SubcarrierSpacing: 1, CyclicPrefix: 0, StartSymbolIndex: 0, DurationSymbols: 1, CceRegMappingType: 1, RegBundleSize: 6, InterleaverSize: 2, CoreSetType: 0, ShiftIndex: 0, precoderGranularity: 0, numDlDci: 1
[0m[34m[MAC]    dlDmrsSymbPos 244
[0m[34m[MAC]    BWPSize:  48, BWPStart:  29, SubcarrierSpacing: 1, CyclicPrefix: 0, StartSymbolIndex: 0, DurationSymbols: 1, CceRegMappingType: 1, RegBundleSize: 6, InterleaverSize: 2, CoreSetType: 0, ShiftIndex: 0, precoderGranularity: 0, numDlDci: 1
[0m[34m[MAC]    dlDmrsSymbPos 244
[0m[34m[MAC]    BWPSize:  48, BWPStart:  29, SubcarrierSpacing: 1, CyclicPrefix: 0, StartSymbolIndex: 0, DurationSymbols: 1, CceRegMappingType: 1, RegBundleSize: 6, InterleaverSize: 2, CoreSetType: 0, ShiftIndex: 0, precoderGranularity: 0, numDlDci: 1
[0m[34m[MAC]    dlDmrsSymbPos 244
[0m[34m[MAC]    BWPSize:  48, BWPStart:  29, SubcarrierSpacing: 1, CyclicPrefix: 0, StartSymbolIndex: 0, DurationSymbols: 1, CceRegMappingType: 1, RegBundleSize: 6, InterleaverSize: 2, CoreSetType: 0, ShiftIndex: 0, precoderGranularity: 0, numDlDci: 1
[0m[34m[MAC]    [gNB 0] Frame 416 : MIB->BCH  CC_id 0, Received 3 bytes
[0m[34m[MAC]    dlDmrsSymbPos 244
[0m[34m[MAC]    BWPSize:  48, BWPStart:  29, SubcarrierSpacing: 1, CyclicPrefix: 0, StartSymbolIndex: 0, DurationSymbols: 1, CceRegMappingType: 1, RegBundleSize: 6, InterleaverSize: 2, CoreSetType: 0, ShiftIndex: 0, precoderGranularity: 0, numDlDci: 1
[0m[34m[MAC]    dlDmrsSymbPos 244
[0m[34m[MAC]    BWPSize:  48, BWPStart:  29, SubcarrierSpacing: 1, CyclicPrefix: 0, StartSymbolIndex: 0, DurationSymbols: 1, CceRegMappingType: 1, RegBundleSize: 6, InterleaverSize: 2, CoreSetType: 0, ShiftIndex: 0, precoderGranularity: 0, numDlDci: 1
[0m[34m[MAC]    dlDmrsSymbPos 244
[0m[34m[MAC]    BWPSize:  48, BWPStart:  29, SubcarrierSpacing: 1, CyclicPrefix: 0, StartSymbolIndex: 0, DurationSymbols: 1, CceRegMappingType: 1, RegBundleSize: 6, InterleaverSize: 2, CoreSetType: 0, ShiftIndex: 0, precoderGranularity: 0, numDlDci: 1
[0m[34m[MAC]    dlDmrsSymbPos 244
[0m[34m[MAC]    BWPSize:  48, BWPStart:  29, SubcarrierSpacing: 1, CyclicPrefix: 0, StartSymbolIndex: 0, DurationSymbols: 1, CceRegMappingType: 1, RegBundleSize: 6, InterleaverSize: 2, CoreSetType: 0, ShiftIndex: 0, precoderGranularity: 0, numDlDci: 1
[0m[34m[MAC]    [gNB 0] Frame 424 : MIB->BCH  CC_id 0, Received 3 bytes
[0m[34m[MAC]    dlDmrsSymbPos 244
[0m[34m[MAC]    BWPSize:  48, BWPStart:  29, SubcarrierSpacing: 1, CyclicPrefix: 0, StartSymbolIndex: 0, DurationSymbols: 1, CceRegMappingType: 1, RegBundleSize: 6, InterleaverSize: 2, CoreSetType: 0, ShiftIndex: 0, precoderGranularity: 0, numDlDci: 1
[0m[34m[MAC]    dlDmrsSymbPos 244
[0m[34m[MAC]    BWPSize:  48, BWPStart:  29, SubcarrierSpacing: 1, CyclicPrefix: 0, StartSymbolIndex: 0, DurationSymbols: 1, CceRegMappingType: 1, RegBundleSize: 6, InterleaverSize: 2, CoreSetType: 0, ShiftIndex: 0, precoderGranularity: 0, numDlDci: 1
[0m[34m[MAC]    dlDmrsSymbPos 244
[0m[34m[MAC]    BWPSize:  48, BWPStart:  29, SubcarrierSpacing: 1, CyclicPrefix: 0, StartSymbolIndex: 0, DurationSymbols: 1, CceRegMappingType: 1, RegBundleSize: 6, InterleaverSize: 2, CoreSetType: 0, ShiftIndex: 0, precoderGranularity: 0, numDlDci: 1
[0m[34m[MAC]    dlDmrsSymbPos 244
[0m[34m[MAC]    BWPSize:  48, BWPStart:  29, SubcarrierSpacing: 1, CyclicPrefix: 0, StartSymbolIndex: 0, DurationSymbols: 1, CceRegMappingType: 1, RegBundleSize: 6, InterleaverSize: 2, CoreSetType: 0, ShiftIndex: 0, precoderGranularity: 0, numDlDci: 1
[0m[34m[MAC]    [gNB 0] Frame 432 : MIB->BCH  CC_id 0, Received 3 bytes
[0m[34m[MAC]    dlDmrsSymbPos 244
[0m[34m[MAC]    BWPSize:  48, BWPStart:  29, SubcarrierSpacing: 1, CyclicPrefix: 0, StartSymbolIndex: 0, DurationSymbols: 1, CceRegMappingType: 1, RegBundleSize: 6, InterleaverSize: 2, CoreSetType: 0, ShiftIndex: 0, precoderGranularity: 0, numDlDci: 1
[0m[34m[MAC]    dlDmrsSymbPos 244
[0m[34m[MAC]    BWPSize:  48, BWPStart:  29, SubcarrierSpacing: 1, CyclicPrefix: 0, StartSymbolIndex: 0, DurationSymbols: 1, CceRegMappingType: 1, RegBundleSize: 6, InterleaverSize: 2, CoreSetType: 0, ShiftIndex: 0, precoderGranularity: 0, numDlDci: 1
[0m[34m[MAC]    dlDmrsSymbPos 244
[0m[34m[MAC]    BWPSize:  48, BWPStart:  29, SubcarrierSpacing: 1, CyclicPrefix: 0, StartSymbolIndex: 0, DurationSymbols: 1, CceRegMappingType: 1, RegBundleSize: 6, InterleaverSize: 2, CoreSetType: 0, ShiftIndex: 0, precoderGranularity: 0, numDlDci: 1
[0m[34m[MAC]    dlDmrsSymbPos 244
[0m[34m[MAC]    BWPSize:  48, BWPStart:  29, SubcarrierSpacing: 1, CyclicPrefix: 0, StartSymbolIndex: 0, DurationSymbols: 1, CceRegMappingType: 1, RegBundleSize: 6, InterleaverSize: 2, CoreSetType: 0, ShiftIndex: 0, precoderGranularity: 0, numDlDci: 1
[0m[34m[MAC]    [gNB 0] Frame 440 : MIB->BCH  CC_id 0, Received 3 bytes
[0m[34m[MAC]    dlDmrsSymbPos 244
[0m[34m[MAC]    BWPSize:  48, BWPStart:  29, SubcarrierSpacing: 1, CyclicPrefix: 0, StartSymbolIndex: 0, DurationSymbols: 1, CceRegMappingType: 1, RegBundleSize: 6, InterleaverSize: 2, CoreSetType: 0, ShiftIndex: 0, precoderGranularity: 0, numDlDci: 1
[0m[34m[MAC]    dlDmrsSymbPos 244
[0m[34m[MAC]    BWPSize:  48, BWPStart:  29, SubcarrierSpacing: 1, CyclicPrefix: 0, StartSymbolIndex: 0, DurationSymbols: 1, CceRegMappingType: 1, RegBundleSize: 6, InterleaverSize: 2, CoreSetType: 0, ShiftIndex: 0, precoderGranularity: 0, numDlDci: 1
[0m[34m[MAC]    dlDmrsSymbPos 244
[0m[34m[MAC]    BWPSize:  48, BWPStart:  29, SubcarrierSpacing: 1, CyclicPrefix: 0, StartSymbolIndex: 0, DurationSymbols: 1, CceRegMappingType: 1, RegBundleSize: 6, InterleaverSize: 2, CoreSetType: 0, ShiftIndex: 0, precoderGranularity: 0, numDlDci: 1
[0m[34m[MAC]    dlDmrsSymbPos 244
[0m[34m[MAC]    BWPSize:  48, BWPStart:  29, SubcarrierSpacing: 1, CyclicPrefix: 0, StartSymbolIndex: 0, DurationSymbols: 1, CceRegMappingType: 1, RegBundleSize: 6, InterleaverSize: 2, CoreSetType: 0, ShiftIndex: 0, precoderGranularity: 0, numDlDci: 1
[0m[34m[MAC]    [gNB 0] Frame 448 : MIB->BCH  CC_id 0, Received 3 bytes
[0m[34m[MAC]    dlDmrsSymbPos 244
[0m[34m[MAC]    BWPSize:  48, BWPStart:  29, SubcarrierSpacing: 1, CyclicPrefix: 0, StartSymbolIndex: 0, DurationSymbols: 1, CceRegMappingType: 1, RegBundleSize: 6, InterleaverSize: 2, CoreSetType: 0, ShiftIndex: 0, precoderGranularity: 0, numDlDci: 1
[0m[34m[MAC]    dlDmrsSymbPos 244
[0m[34m[MAC]    BWPSize:  48, BWPStart:  29, SubcarrierSpacing: 1, CyclicPrefix: 0, StartSymbolIndex: 0, DurationSymbols: 1, CceRegMappingType: 1, RegBundleSize: 6, InterleaverSize: 2, CoreSetType: 0, ShiftIndex: 0, precoderGranularity: 0, numDlDci: 1
[0m[34m[MAC]    dlDmrsSymbPos 244
[0m[34m[MAC]    BWPSize:  48, BWPStart:  29, SubcarrierSpacing: 1, CyclicPrefix: 0, StartSymbolIndex: 0, DurationSymbols: 1, CceRegMappingType: 1, RegBundleSize: 6, InterleaverSize: 2, CoreSetType: 0, ShiftIndex: 0, precoderGranularity: 0, numDlDci: 1
[0m[34m[MAC]    dlDmrsSymbPos 244
[0m[34m[MAC]    BWPSize:  48, BWPStart:  29, SubcarrierSpacing: 1, CyclicPrefix: 0, StartSymbolIndex: 0, DurationSymbols: 1, CceRegMappingType: 1, RegBundleSize: 6, InterleaverSize: 2, CoreSetType: 0, ShiftIndex: 0, precoderGranularity: 0, numDlDci: 1
[0m[34m[MAC]    [gNB 0] Frame 456 : MIB->BCH  CC_id 0, Received 3 bytes
[0m[34m[MAC]    dlDmrsSymbPos 244
[0m[34m[MAC]    BWPSize:  48, BWPStart:  29, SubcarrierSpacing: 1, CyclicPrefix: 0, StartSymbolIndex: 0, DurationSymbols: 1, CceRegMappingType: 1, RegBundleSize: 6, InterleaverSize: 2, CoreSetType: 0, ShiftIndex: 0, precoderGranularity: 0, numDlDci: 1
[0m[34m[MAC]    dlDmrsSymbPos 244
[0m[34m[MAC]    BWPSize:  48, BWPStart:  29, SubcarrierSpacing: 1, CyclicPrefix: 0, StartSymbolIndex: 0, DurationSymbols: 1, CceRegMappingType: 1, RegBundleSize: 6, InterleaverSize: 2, CoreSetType: 0, ShiftIndex: 0, precoderGranularity: 0, numDlDci: 1
[0m[34m[MAC]    dlDmrsSymbPos 244
[0m[34m[MAC]    BWPSize:  48, BWPStart:  29, SubcarrierSpacing: 1, CyclicPrefix: 0, StartSymbolIndex: 0, DurationSymbols: 1, CceRegMappingType: 1, RegBundleSize: 6, InterleaverSize: 2, CoreSetType: 0, ShiftIndex: 0, precoderGranularity: 0, numDlDci: 1
[0m[34m[MAC]    dlDmrsSymbPos 244
[0m[34m[MAC]    BWPSize:  48, BWPStart:  29, SubcarrierSpacing: 1, CyclicPrefix: 0, StartSymbolIndex: 0, DurationSymbols: 1, CceRegMappingType: 1, RegBundleSize: 6, InterleaverSize: 2, CoreSetType: 0, ShiftIndex: 0, precoderGranularity: 0, numDlDci: 1
[0m[34m[MAC]    [gNB 0] Frame 464 : MIB->BCH  CC_id 0, Received 3 bytes
[0m[34m[MAC]    dlDmrsSymbPos 244
[0m[34m[MAC]    BWPSize:  48, BWPStart:  29, SubcarrierSpacing: 1, CyclicPrefix: 0, StartSymbolIndex: 0, DurationSymbols: 1, CceRegMappingType: 1, RegBundleSize: 6, InterleaverSize: 2, CoreSetType: 0, ShiftIndex: 0, precoderGranularity: 0, numDlDci: 1
[0m[34m[MAC]    dlDmrsSymbPos 244
[0m[34m[MAC]    BWPSize:  48, BWPStart:  29, SubcarrierSpacing: 1, CyclicPrefix: 0, StartSymbolIndex: 0, DurationSymbols: 1, CceRegMappingType: 1, RegBundleSize: 6, InterleaverSize: 2, CoreSetType: 0, ShiftIndex: 0, precoderGranularity: 0, numDlDci: 1
[0m[34m[MAC]    dlDmrsSymbPos 244
[0m[34m[MAC]    BWPSize:  48, BWPStart:  29, SubcarrierSpacing: 1, CyclicPrefix: 0, StartSymbolIndex: 0, DurationSymbols: 1, CceRegMappingType: 1, RegBundleSize: 6, InterleaverSize: 2, CoreSetType: 0, ShiftIndex: 0, precoderGranularity: 0, numDlDci: 1
[0m[34m[MAC]    dlDmrsSymbPos 244
[0m[34m[MAC]    BWPSize:  48, BWPStart:  29, SubcarrierSpacing: 1, CyclicPrefix: 0, StartSymbolIndex: 0, DurationSymbols: 1, CceRegMappingType: 1, RegBundleSize: 6, InterleaverSize: 2, CoreSetType: 0, ShiftIndex: 0, precoderGranularity: 0, numDlDci: 1
[0m[34m[MAC]    [gNB 0] Frame 472 : MIB->BCH  CC_id 0, Received 3 bytes
[0m[34m[MAC]    dlDmrsSymbPos 244
[0m[34m[MAC]    BWPSize:  48, BWPStart:  29, SubcarrierSpacing: 1, CyclicPrefix: 0, StartSymbolIndex: 0, DurationSymbols: 1, CceRegMappingType: 1, RegBundleSize: 6, InterleaverSize: 2, CoreSetType: 0, ShiftIndex: 0, precoderGranularity: 0, numDlDci: 1
[0m[34m[MAC]    dlDmrsSymbPos 244
[0m[34m[MAC]    BWPSize:  48, BWPStart:  29, SubcarrierSpacing: 1, CyclicPrefix: 0, StartSymbolIndex: 0, DurationSymbols: 1, CceRegMappingType: 1, RegBundleSize: 6, InterleaverSize: 2, CoreSetType: 0, ShiftIndex: 0, precoderGranularity: 0, numDlDci: 1
[0m[34m[MAC]    dlDmrsSymbPos 244
[0m[34m[MAC]    BWPSize:  48, BWPStart:  29, SubcarrierSpacing: 1, CyclicPrefix: 0, StartSymbolIndex: 0, DurationSymbols: 1, CceRegMappingType: 1, RegBundleSize: 6, InterleaverSize: 2, CoreSetType: 0, ShiftIndex: 0, precoderGranularity: 0, numDlDci: 1
[0m[34m[MAC]    dlDmrsSymbPos 244
[0m[34m[MAC]    BWPSize:  48, BWPStart:  29, SubcarrierSpacing: 1, CyclicPrefix: 0, StartSymbolIndex: 0, DurationSymbols: 1, CceRegMappingType: 1, RegBundleSize: 6, InterleaverSize: 2, CoreSetType: 0, ShiftIndex: 0, precoderGranularity: 0, numDlDci: 1
[0m[34m[MAC]    [gNB 0] Frame 480 : MIB->BCH  CC_id 0, Received 3 bytes
[0m[34m[MAC]    dlDmrsSymbPos 244
[0m[34m[MAC]    BWPSize:  48, BWPStart:  29, SubcarrierSpacing: 1, CyclicPrefix: 0, StartSymbolIndex: 0, DurationSymbols: 1, CceRegMappingType: 1, RegBundleSize: 6, InterleaverSize: 2, CoreSetType: 0, ShiftIndex: 0, precoderGranularity: 0, numDlDci: 1
[0m[34m[MAC]    dlDmrsSymbPos 244
[0m[34m[MAC]    BWPSize:  48, BWPStart:  29, SubcarrierSpacing: 1, CyclicPrefix: 0, StartSymbolIndex: 0, DurationSymbols: 1, CceRegMappingType: 1, RegBundleSize: 6, InterleaverSize: 2, CoreSetType: 0, ShiftIndex: 0, precoderGranularity: 0, numDlDci: 1
[0m[34m[MAC]    dlDmrsSymbPos 244
[0m[34m[MAC]    BWPSize:  48, BWPStart:  29, SubcarrierSpacing: 1, CyclicPrefix: 0, StartSymbolIndex: 0, DurationSymbols: 1, CceRegMappingType: 1, RegBundleSize: 6, InterleaverSize: 2, CoreSetType: 0, ShiftIndex: 0, precoderGranularity: 0, numDlDci: 1
[0m[34m[MAC]    dlDmrsSymbPos 244
[0m[34m[MAC]    BWPSize:  48, BWPStart:  29, SubcarrierSpacing: 1, CyclicPrefix: 0, StartSymbolIndex: 0, DurationSymbols: 1, CceRegMappingType: 1, RegBundleSize: 6, InterleaverSize: 2, CoreSetType: 0, ShiftIndex: 0, precoderGranularity: 0, numDlDci: 1
[0m[34m[MAC]    [gNB 0] Frame 488 : MIB->BCH  CC_id 0, Received 3 bytes
[0m[34m[MAC]    dlDmrsSymbPos 244
[0m[34m[MAC]    BWPSize:  48, BWPStart:  29, SubcarrierSpacing: 1, CyclicPrefix: 0, StartSymbolIndex: 0, DurationSymbols: 1, CceRegMappingType: 1, RegBundleSize: 6, InterleaverSize: 2, CoreSetType: 0, ShiftIndex: 0, precoderGranularity: 0, numDlDci: 1
[0m[34m[MAC]    dlDmrsSymbPos 244
[0m[34m[MAC]    BWPSize:  48, BWPStart:  29, SubcarrierSpacing: 1, CyclicPrefix: 0, StartSymbolIndex: 0, DurationSymbols: 1, CceRegMappingType: 1, RegBundleSize: 6, InterleaverSize: 2, CoreSetType: 0, ShiftIndex: 0, precoderGranularity: 0, numDlDci: 1
[0m[34m[MAC]    dlDmrsSymbPos 244
[0m[34m[MAC]    BWPSize:  48, BWPStart:  29, SubcarrierSpacing: 1, CyclicPrefix: 0, StartSymbolIndex: 0, DurationSymbols: 1, CceRegMappingType: 1, RegBundleSize: 6, InterleaverSize: 2, CoreSetType: 0, ShiftIndex: 0, precoderGranularity: 0, numDlDci: 1
[0m[34m[MAC]    dlDmrsSymbPos 244
[0m[34m[MAC]    BWPSize:  48, BWPStart:  29, SubcarrierSpacing: 1, CyclicPrefix: 0, StartSymbolIndex: 0, DurationSymbols: 1, CceRegMappingType: 1, RegBundleSize: 6, InterleaverSize: 2, CoreSetType: 0, ShiftIndex: 0, precoderGranularity: 0, numDlDci: 1
[0m[34m[MAC]    [gNB 0] Frame 496 : MIB->BCH  CC_id 0, Received 3 bytes
[0m[34m[MAC]    dlDmrsSymbPos 244
[0m[34m[MAC]    BWPSize:  48, BWPStart:  29, SubcarrierSpacing: 1, CyclicPrefix: 0, StartSymbolIndex: 0, DurationSymbols: 1, CceRegMappingType: 1, RegBundleSize: 6, InterleaverSize: 2, CoreSetType: 0, ShiftIndex: 0, precoderGranularity: 0, numDlDci: 1
[0m[34m[MAC]    dlDmrsSymbPos 244
[0m[34m[MAC]    BWPSize:  48, BWPStart:  29, SubcarrierSpacing: 1, CyclicPrefix: 0, StartSymbolIndex: 0, DurationSymbols: 1, CceRegMappingType: 1, RegBundleSize: 6, InterleaverSize: 2, CoreSetType: 0, ShiftIndex: 0, precoderGranularity: 0, numDlDci: 1
[0m[34m[MAC]    dlDmrsSymbPos 244
[0m[34m[MAC]    BWPSize:  48, BWPStart:  29, SubcarrierSpacing: 1, CyclicPrefix: 0, StartSymbolIndex: 0, DurationSymbols: 1, CceRegMappingType: 1, RegBundleSize: 6, InterleaverSize: 2, CoreSetType: 0, ShiftIndex: 0, precoderGranularity: 0, numDlDci: 1
[0m[34m[MAC]    dlDmrsSymbPos 244
[0m[34m[MAC]    BWPSize:  48, BWPStart:  29, SubcarrierSpacing: 1, CyclicPrefix: 0, StartSymbolIndex: 0, DurationSymbols: 1, CceRegMappingType: 1, RegBundleSize: 6, InterleaverSize: 2, CoreSetType: 0, ShiftIndex: 0, precoderGranularity: 0, numDlDci: 1
[0m[34m[MAC]    [gNB 0] Frame 504 : MIB->BCH  CC_id 0, Received 3 bytes
[0m[34m[MAC]    dlDmrsSymbPos 244
[0m[34m[MAC]    BWPSize:  48, BWPStart:  29, SubcarrierSpacing: 1, CyclicPrefix: 0, StartSymbolIndex: 0, DurationSymbols: 1, CceRegMappingType: 1, RegBundleSize: 6, InterleaverSize: 2, CoreSetType: 0, ShiftIndex: 0, precoderGranularity: 0, numDlDci: 1
[0m[34m[MAC]    dlDmrsSymbPos 244
[0m[34m[MAC]    BWPSize:  48, BWPStart:  29, SubcarrierSpacing: 1, CyclicPrefix: 0, StartSymbolIndex: 0, DurationSymbols: 1, CceRegMappingType: 1, RegBundleSize: 6, InterleaverSize: 2, CoreSetType: 0, ShiftIndex: 0, precoderGranularity: 0, numDlDci: 1
[0m[34m[MAC]    dlDmrsSymbPos 244
[0m[34m[MAC]    BWPSize:  48, BWPStart:  29, SubcarrierSpacing: 1, CyclicPrefix: 0, StartSymbolIndex: 0, DurationSymbols: 1, CceRegMappingType: 1, RegBundleSize: 6, InterleaverSize: 2, CoreSetType: 0, ShiftIndex: 0, precoderGranularity: 0, numDlDci: 1
[0m[34m[MAC]    dlDmrsSymbPos 244
[0m[34m[MAC]    BWPSize:  48, BWPStart:  29, SubcarrierSpacing: 1, CyclicPrefix: 0, StartSymbolIndex: 0, DurationSymbols: 1, CceRegMappingType: 1, RegBundleSize: 6, InterleaverSize: 2, CoreSetType: 0, ShiftIndex: 0, precoderGranularity: 0, numDlDci: 1
[0m[34m[MAC]    [gNB 0] Frame 512 : MIB->BCH  CC_id 0, Received 3 bytes
[0m[34m[MAC]    dlDmrsSymbPos 244
[0m[34m[MAC]    BWPSize:  48, BWPStart:  29, SubcarrierSpacing: 1, CyclicPrefix: 0, StartSymbolIndex: 0, DurationSymbols: 1, CceRegMappingType: 1, RegBundleSize: 6, InterleaverSize: 2, CoreSetType: 0, ShiftIndex: 0, precoderGranularity: 0, numDlDci: 1
[0m[HW]     [o-du 0][rx   42171 pps   10752 kbps  299481][tx  127531 pps   31872 kbps  786891][Total Msgs_Rcvd 42171]
[0m[HW]     [o_du0][pusch0   36822 prach0    5349]
[0m[34m[MAC]    dlDmrsSymbPos 244
[0m[34m[MAC]    BWPSize:  48, BWPStart:  29, SubcarrierSpacing: 1, CyclicPrefix: 0, StartSymbolIndex: 0, DurationSymbols: 1, CceRegMappingType: 1, RegBundleSize: 6, InterleaverSize: 2, CoreSetType: 0, ShiftIndex: 0, precoderGranularity: 0, numDlDci: 1
[0m[34m[MAC]    dlDmrsSymbPos 244
[0m[34m[MAC]    BWPSize:  48, BWPStart:  29, SubcarrierSpacing: 1, CyclicPrefix: 0, StartSymbolIndex: 0, DurationSymbols: 1, CceRegMappingType: 1, RegBundleSize: 6, InterleaverSize: 2, CoreSetType: 0, ShiftIndex: 0, precoderGranularity: 0, numDlDci: 1
[0m[34m[MAC]    dlDmrsSymbPos 244
[0m[34m[MAC]    BWPSize:  48, BWPStart:  29, SubcarrierSpacing: 1, CyclicPrefix: 0, StartSymbolIndex: 0, DurationSymbols: 1, CceRegMappingType: 1, RegBundleSize: 6, InterleaverSize: 2, CoreSetType: 0, ShiftIndex: 0, precoderGranularity: 0, numDlDci: 1
[0m[34m[MAC]    [gNB 0] Frame 520 : MIB->BCH  CC_id 0, Received 3 bytes
[0m[34m[MAC]    dlDmrsSymbPos 244
[0m[34m[MAC]    BWPSize:  48, BWPStart:  29, SubcarrierSpacing: 1, CyclicPrefix: 0, StartSymbolIndex: 0, DurationSymbols: 1, CceRegMappingType: 1, RegBundleSize: 6, InterleaverSize: 2, CoreSetType: 0, ShiftIndex: 0, precoderGranularity: 0, numDlDci: 1
[0m[34m[MAC]    dlDmrsSymbPos 244
[0m[34m[MAC]    BWPSize:  48, BWPStart:  29, SubcarrierSpacing: 1, CyclicPrefix: 0, StartSymbolIndex: 0, DurationSymbols: 1, CceRegMappingType: 1, RegBundleSize: 6, InterleaverSize: 2, CoreSetType: 0, ShiftIndex: 0, precoderGranularity: 0, numDlDci: 1
[0m[34m[MAC]    dlDmrsSymbPos 244
[0m[34m[MAC]    BWPSize:  48, BWPStart:  29, SubcarrierSpacing: 1, CyclicPrefix: 0, StartSymbolIndex: 0, DurationSymbols: 1, CceRegMappingType: 1, RegBundleSize: 6, InterleaverSize: 2, CoreSetType: 0, ShiftIndex: 0, precoderGranularity: 0, numDlDci: 1
[0m[34m[MAC]    dlDmrsSymbPos 244
[0m[34m[MAC]    BWPSize:  48, BWPStart:  29, SubcarrierSpacing: 1, CyclicPrefix: 0, StartSymbolIndex: 0, DurationSymbols: 1, CceRegMappingType: 1, RegBundleSize: 6, InterleaverSize: 2, CoreSetType: 0, ShiftIndex: 0, precoderGranularity: 0, numDlDci: 1
[0m[34m[MAC]    [gNB 0] Frame 528 : MIB->BCH  CC_id 0, Received 3 bytes
[0m[34m[MAC]    dlDmrsSymbPos 244
[0m[34m[MAC]    BWPSize:  48, BWPStart:  29, SubcarrierSpacing: 1, CyclicPrefix: 0, StartSymbolIndex: 0, DurationSymbols: 1, CceRegMappingType: 1, RegBundleSize: 6, InterleaverSize: 2, CoreSetType: 0, ShiftIndex: 0, precoderGranularity: 0, numDlDci: 1
[0m[34m[MAC]    dlDmrsSymbPos 244
[0m[34m[MAC]    BWPSize:  48, BWPStart:  29, SubcarrierSpacing: 1, CyclicPrefix: 0, StartSymbolIndex: 0, DurationSymbols: 1, CceRegMappingType: 1, RegBundleSize: 6, InterleaverSize: 2, CoreSetType: 0, ShiftIndex: 0, precoderGranularity: 0, numDlDci: 1
[0m[34m[MAC]    dlDmrsSymbPos 244
[0m[34m[MAC]    BWPSize:  48, BWPStart:  29, SubcarrierSpacing: 1, CyclicPrefix: 0, StartSymbolIndex: 0, DurationSymbols: 1, CceRegMappingType: 1, RegBundleSize: 6, InterleaverSize: 2, CoreSetType: 0, ShiftIndex: 0, precoderGranularity: 0, numDlDci: 1
[0m[34m[MAC]    dlDmrsSymbPos 244
[0m[34m[MAC]    BWPSize:  48, BWPStart:  29, SubcarrierSpacing: 1, CyclicPrefix: 0, StartSymbolIndex: 0, DurationSymbols: 1, CceRegMappingType: 1, RegBundleSize: 6, InterleaverSize: 2, CoreSetType: 0, ShiftIndex: 0, precoderGranularity: 0, numDlDci: 1
[0m[34m[MAC]    [gNB 0] Frame 536 : MIB->BCH  CC_id 0, Received 3 bytes
[0m[34m[MAC]    dlDmrsSymbPos 244
[0m[34m[MAC]    BWPSize:  48, BWPStart:  29, SubcarrierSpacing: 1, CyclicPrefix: 0, StartSymbolIndex: 0, DurationSymbols: 1, CceRegMappingType: 1, RegBundleSize: 6, InterleaverSize: 2, CoreSetType: 0, ShiftIndex: 0, precoderGranularity: 0, numDlDci: 1
[0m[34m[MAC]    dlDmrsSymbPos 244
[0m[34m[MAC]    BWPSize:  48, BWPStart:  29, SubcarrierSpacing: 1, CyclicPrefix: 0, StartSymbolIndex: 0, DurationSymbols: 1, CceRegMappingType: 1, RegBundleSize: 6, InterleaverSize: 2, CoreSetType: 0, ShiftIndex: 0, precoderGranularity: 0, numDlDci: 1
[0m[34m[MAC]    dlDmrsSymbPos 244
[0m[34m[MAC]    BWPSize:  48, BWPStart:  29, SubcarrierSpacing: 1, CyclicPrefix: 0, StartSymbolIndex: 0, DurationSymbols: 1, CceRegMappingType: 1, RegBundleSize: 6, InterleaverSize: 2, CoreSetType: 0, ShiftIndex: 0, precoderGranularity: 0, numDlDci: 1
[0m[34m[MAC]    dlDmrsSymbPos 244
[0m[34m[MAC]    BWPSize:  48, BWPStart:  29, SubcarrierSpacing: 1, CyclicPrefix: 0, StartSymbolIndex: 0, DurationSymbols: 1, CceRegMappingType: 1, RegBundleSize: 6, InterleaverSize: 2, CoreSetType: 0, ShiftIndex: 0, precoderGranularity: 0, numDlDci: 1
[0m[34m[MAC]    [gNB 0] Frame 544 : MIB->BCH  CC_id 0, Received 3 bytes
[0m[34m[MAC]    dlDmrsSymbPos 244
[0m[34m[MAC]    BWPSize:  48, BWPStart:  29, SubcarrierSpacing: 1, CyclicPrefix: 0, StartSymbolIndex: 0, DurationSymbols: 1, CceRegMappingType: 1, RegBundleSize: 6, InterleaverSize: 2, CoreSetType: 0, ShiftIndex: 0, precoderGranularity: 0, numDlDci: 1
[0m[34m[MAC]    dlDmrsSymbPos 244
[0m[34m[MAC]    BWPSize:  48, BWPStart:  29, SubcarrierSpacing: 1, CyclicPrefix: 0, StartSymbolIndex: 0, DurationSymbols: 1, CceRegMappingType: 1, RegBundleSize: 6, InterleaverSize: 2, CoreSetType: 0, ShiftIndex: 0, precoderGranularity: 0, numDlDci: 1
[0m[34m[MAC]    dlDmrsSymbPos 244
[0m[34m[MAC]    BWPSize:  48, BWPStart:  29, SubcarrierSpacing: 1, CyclicPrefix: 0, StartSymbolIndex: 0, DurationSymbols: 1, CceRegMappingType: 1, RegBundleSize: 6, InterleaverSize: 2, CoreSetType: 0, ShiftIndex: 0, precoderGranularity: 0, numDlDci: 1
[0m[34m[MAC]    dlDmrsSymbPos 244
[0m[34m[MAC]    BWPSize:  48, BWPStart:  29, SubcarrierSpacing: 1, CyclicPrefix: 0, StartSymbolIndex: 0, DurationSymbols: 1, CceRegMappingType: 1, RegBundleSize: 6, InterleaverSize: 2, CoreSetType: 0, ShiftIndex: 0, precoderGranularity: 0, numDlDci: 1
[0m[34m[MAC]    [gNB 0] Frame 552 : MIB->BCH  CC_id 0, Received 3 bytes
[0m[34m[MAC]    dlDmrsSymbPos 244
[0m[34m[MAC]    BWPSize:  48, BWPStart:  29, SubcarrierSpacing: 1, CyclicPrefix: 0, StartSymbolIndex: 0, DurationSymbols: 1, CceRegMappingType: 1, RegBundleSize: 6, InterleaverSize: 2, CoreSetType: 0, ShiftIndex: 0, precoderGranularity: 0, numDlDci: 1
[0m[34m[MAC]    dlDmrsSymbPos 244
[0m[34m[MAC]    BWPSize:  48, BWPStart:  29, SubcarrierSpacing: 1, CyclicPrefix: 0, StartSymbolIndex: 0, DurationSymbols: 1, CceRegMappingType: 1, RegBundleSize: 6, InterleaverSize: 2, CoreSetType: 0, ShiftIndex: 0, precoderGranularity: 0, numDlDci: 1
[0m[34m[MAC]    dlDmrsSymbPos 244
[0m[34m[MAC]    BWPSize:  48, BWPStart:  29, SubcarrierSpacing: 1, CyclicPrefix: 0, StartSymbolIndex: 0, DurationSymbols: 1, CceRegMappingType: 1, RegBundleSize: 6, InterleaverSize: 2, CoreSetType: 0, ShiftIndex: 0, precoderGranularity: 0, numDlDci: 1
[0m[34m[MAC]    dlDmrsSymbPos 244
[0m[34m[MAC]    BWPSize:  48, BWPStart:  29, SubcarrierSpacing: 1, CyclicPrefix: 0, StartSymbolIndex: 0, DurationSymbols: 1, CceRegMappingType: 1, RegBundleSize: 6, InterleaverSize: 2, CoreSetType: 0, ShiftIndex: 0, precoderGranularity: 0, numDlDci: 1
[0m[34m[MAC]    [gNB 0] Frame 560 : MIB->BCH  CC_id 0, Received 3 bytes
[0m[34m[MAC]    dlDmrsSymbPos 244
[0m[34m[MAC]    BWPSize:  48, BWPStart:  29, SubcarrierSpacing: 1, CyclicPrefix: 0, StartSymbolIndex: 0, DurationSymbols: 1, CceRegMappingType: 1, RegBundleSize: 6, InterleaverSize: 2, CoreSetType: 0, ShiftIndex: 0, precoderGranularity: 0, numDlDci: 1
[0m[34m[MAC]    dlDmrsSymbPos 244
[0m[34m[MAC]    BWPSize:  48, BWPStart:  29, SubcarrierSpacing: 1, CyclicPrefix: 0, StartSymbolIndex: 0, DurationSymbols: 1, CceRegMappingType: 1, RegBundleSize: 6, InterleaverSize: 2, CoreSetType: 0, ShiftIndex: 0, precoderGranularity: 0, numDlDci: 1
[0m[34m[MAC]    dlDmrsSymbPos 244
[0m[34m[MAC]    BWPSize:  48, BWPStart:  29, SubcarrierSpacing: 1, CyclicPrefix: 0, StartSymbolIndex: 0, DurationSymbols: 1, CceRegMappingType: 1, RegBundleSize: 6, InterleaverSize: 2, CoreSetType: 0, ShiftIndex: 0, precoderGranularity: 0, numDlDci: 1
[0m[34m[MAC]    dlDmrsSymbPos 244
[0m[34m[MAC]    BWPSize:  48, BWPStart:  29, SubcarrierSpacing: 1, CyclicPrefix: 0, StartSymbolIndex: 0, DurationSymbols: 1, CceRegMappingType: 1, RegBundleSize: 6, InterleaverSize: 2, CoreSetType: 0, ShiftIndex: 0, precoderGranularity: 0, numDlDci: 1
[0m[34m[MAC]    [gNB 0] Frame 568 : MIB->BCH  CC_id 0, Received 3 bytes
[0m[34m[MAC]    dlDmrsSymbPos 244
[0m[34m[MAC]    BWPSize:  48, BWPStart:  29, SubcarrierSpacing: 1, CyclicPrefix: 0, StartSymbolIndex: 0, DurationSymbols: 1, CceRegMappingType: 1, RegBundleSize: 6, InterleaverSize: 2, CoreSetType: 0, ShiftIndex: 0, precoderGranularity: 0, numDlDci: 1
[0m[34m[MAC]    dlDmrsSymbPos 244
[0m[34m[MAC]    BWPSize:  48, BWPStart:  29, SubcarrierSpacing: 1, CyclicPrefix: 0, StartSymbolIndex: 0, DurationSymbols: 1, CceRegMappingType: 1, RegBundleSize: 6, InterleaverSize: 2, CoreSetType: 0, ShiftIndex: 0, precoderGranularity: 0, numDlDci: 1
[0m[34m[MAC]    dlDmrsSymbPos 244
[0m[34m[MAC]    BWPSize:  48, BWPStart:  29, SubcarrierSpacing: 1, CyclicPrefix: 0, StartSymbolIndex: 0, DurationSymbols: 1, CceRegMappingType: 1, RegBundleSize: 6, InterleaverSize: 2, CoreSetType: 0, ShiftIndex: 0, precoderGranularity: 0, numDlDci: 1
[0m[34m[MAC]    dlDmrsSymbPos 244
[0m[34m[MAC]    BWPSize:  48, BWPStart:  29, SubcarrierSpacing: 1, CyclicPrefix: 0, StartSymbolIndex: 0, DurationSymbols: 1, CceRegMappingType: 1, RegBundleSize: 6, InterleaverSize: 2, CoreSetType: 0, ShiftIndex: 0, precoderGranularity: 0, numDlDci: 1
[0m[34m[MAC]    [gNB 0] Frame 576 : MIB->BCH  CC_id 0, Received 3 bytes
[0m[34m[MAC]    dlDmrsSymbPos 244
[0m[34m[MAC]    BWPSize:  48, BWPStart:  29, SubcarrierSpacing: 1, CyclicPrefix: 0, StartSymbolIndex: 0, DurationSymbols: 1, CceRegMappingType: 1, RegBundleSize: 6, InterleaverSize: 2, CoreSetType: 0, ShiftIndex: 0, precoderGranularity: 0, numDlDci: 1
[0m[34m[MAC]    dlDmrsSymbPos 244
[0m[34m[MAC]    BWPSize:  48, BWPStart:  29, SubcarrierSpacing: 1, CyclicPrefix: 0, StartSymbolIndex: 0, DurationSymbols: 1, CceRegMappingType: 1, RegBundleSize: 6, InterleaverSize: 2, CoreSetType: 0, ShiftIndex: 0, precoderGranularity: 0, numDlDci: 1
[0m[34m[MAC]    dlDmrsSymbPos 244
[0m[34m[MAC]    BWPSize:  48, BWPStart:  29, SubcarrierSpacing: 1, CyclicPrefix: 0, StartSymbolIndex: 0, DurationSymbols: 1, CceRegMappingType: 1, RegBundleSize: 6, InterleaverSize: 2, CoreSetType: 0, ShiftIndex: 0, precoderGranularity: 0, numDlDci: 1
[0m[34m[MAC]    dlDmrsSymbPos 244
[0m[34m[MAC]    BWPSize:  48, BWPStart:  29, SubcarrierSpacing: 1, CyclicPrefix: 0, StartSymbolIndex: 0, DurationSymbols: 1, CceRegMappingType: 1, RegBundleSize: 6, InterleaverSize: 2, CoreSetType: 0, ShiftIndex: 0, precoderGranularity: 0, numDlDci: 1
[0m[34m[MAC]    [gNB 0] Frame 584 : MIB->BCH  CC_id 0, Received 3 bytes
[0m[34m[MAC]    dlDmrsSymbPos 244
[0m[34m[MAC]    BWPSize:  48, BWPStart:  29, SubcarrierSpacing: 1, CyclicPrefix: 0, StartSymbolIndex: 0, DurationSymbols: 1, CceRegMappingType: 1, RegBundleSize: 6, InterleaverSize: 2, CoreSetType: 0, ShiftIndex: 0, precoderGranularity: 0, numDlDci: 1
[0m[34m[MAC]    dlDmrsSymbPos 244
[0m[34m[MAC]    BWPSize:  48, BWPStart:  29, SubcarrierSpacing: 1, CyclicPrefix: 0, StartSymbolIndex: 0, DurationSymbols: 1, CceRegMappingType: 1, RegBundleSize: 6, InterleaverSize: 2, CoreSetType: 0, ShiftIndex: 0, precoderGranularity: 0, numDlDci: 1
[0m[34m[MAC]    dlDmrsSymbPos 244
[0m[34m[MAC]    BWPSize:  48, BWPStart:  29, SubcarrierSpacing: 1, CyclicPrefix: 0, StartSymbolIndex: 0, DurationSymbols: 1, CceRegMappingType: 1, RegBundleSize: 6, InterleaverSize: 2, CoreSetType: 0, ShiftIndex: 0, precoderGranularity: 0, numDlDci: 1
[0m[34m[MAC]    dlDmrsSymbPos 244
[0m[34m[MAC]    BWPSize:  48, BWPStart:  29, SubcarrierSpacing: 1, CyclicPrefix: 0, StartSymbolIndex: 0, DurationSymbols: 1, CceRegMappingType: 1, RegBundleSize: 6, InterleaverSize: 2, CoreSetType: 0, ShiftIndex: 0, precoderGranularity: 0, numDlDci: 1
[0m[34m[MAC]    [gNB 0] Frame 592 : MIB->BCH  CC_id 0, Received 3 bytes
[0m[34m[MAC]    dlDmrsSymbPos 244
[0m[34m[MAC]    BWPSize:  48, BWPStart:  29, SubcarrierSpacing: 1, CyclicPrefix: 0, StartSymbolIndex: 0, DurationSymbols: 1, CceRegMappingType: 1, RegBundleSize: 6, InterleaverSize: 2, CoreSetType: 0, ShiftIndex: 0, precoderGranularity: 0, numDlDci: 1
[0m[34m[MAC]    dlDmrsSymbPos 244
[0m[34m[MAC]    BWPSize:  48, BWPStart:  29, SubcarrierSpacing: 1, CyclicPrefix: 0, StartSymbolIndex: 0, DurationSymbols: 1, CceRegMappingType: 1, RegBundleSize: 6, InterleaverSize: 2, CoreSetType: 0, ShiftIndex: 0, precoderGranularity: 0, numDlDci: 1
[0m[34m[MAC]    dlDmrsSymbPos 244
[0m[34m[MAC]    BWPSize:  48, BWPStart:  29, SubcarrierSpacing: 1, CyclicPrefix: 0, StartSymbolIndex: 0, DurationSymbols: 1, CceRegMappingType: 1, RegBundleSize: 6, InterleaverSize: 2, CoreSetType: 0, ShiftIndex: 0, precoderGranularity: 0, numDlDci: 1
[0m[34m[MAC]    dlDmrsSymbPos 244
[0m[34m[MAC]    BWPSize:  48, BWPStart:  29, SubcarrierSpacing: 1, CyclicPrefix: 0, StartSymbolIndex: 0, DurationSymbols: 1, CceRegMappingType: 1, RegBundleSize: 6, InterleaverSize: 2, CoreSetType: 0, ShiftIndex: 0, precoderGranularity: 0, numDlDci: 1
[0m[34m[MAC]    [gNB 0] Frame 600 : MIB->BCH  CC_id 0, Received 3 bytes
[0m[34m[MAC]    dlDmrsSymbPos 244
[0m[34m[MAC]    BWPSize:  48, BWPStart:  29, SubcarrierSpacing: 1, CyclicPrefix: 0, StartSymbolIndex: 0, DurationSymbols: 1, CceRegMappingType: 1, RegBundleSize: 6, InterleaverSize: 2, CoreSetType: 0, ShiftIndex: 0, precoderGranularity: 0, numDlDci: 1
[0m[34m[MAC]    dlDmrsSymbPos 244
[0m[34m[MAC]    BWPSize:  48, BWPStart:  29, SubcarrierSpacing: 1, CyclicPrefix: 0, StartSymbolIndex: 0, DurationSymbols: 1, CceRegMappingType: 1, RegBundleSize: 6, InterleaverSize: 2, CoreSetType: 0, ShiftIndex: 0, precoderGranularity: 0, numDlDci: 1
[0m[34m[MAC]    dlDmrsSymbPos 244
[0m[34m[MAC]    BWPSize:  48, BWPStart:  29, SubcarrierSpacing: 1, CyclicPrefix: 0, StartSymbolIndex: 0, DurationSymbols: 1, CceRegMappingType: 1, RegBundleSize: 6, InterleaverSize: 2, CoreSetType: 0, ShiftIndex: 0, precoderGranularity: 0, numDlDci: 1
[0m[34m[MAC]    dlDmrsSymbPos 244
[0m[34m[MAC]    BWPSize:  48, BWPStart:  29, SubcarrierSpacing: 1, CyclicPrefix: 0, StartSymbolIndex: 0, DurationSymbols: 1, CceRegMappingType: 1, RegBundleSize: 6, InterleaverSize: 2, CoreSetType: 0, ShiftIndex: 0, precoderGranularity: 0, numDlDci: 1
[0m[34m[MAC]    [gNB 0] Frame 608 : MIB->BCH  CC_id 0, Received 3 bytes
[0m[34m[MAC]    dlDmrsSymbPos 244
[0m[34m[MAC]    BWPSize:  48, BWPStart:  29, SubcarrierSpacing: 1, CyclicPrefix: 0, StartSymbolIndex: 0, DurationSymbols: 1, CceRegMappingType: 1, RegBundleSize: 6, InterleaverSize: 2, CoreSetType: 0, ShiftIndex: 0, precoderGranularity: 0, numDlDci: 1
[0m[34m[MAC]    dlDmrsSymbPos 244
[0m[34m[MAC]    BWPSize:  48, BWPStart:  29, SubcarrierSpacing: 1, CyclicPrefix: 0, StartSymbolIndex: 0, DurationSymbols: 1, CceRegMappingType: 1, RegBundleSize: 6, InterleaverSize: 2, CoreSetType: 0, ShiftIndex: 0, precoderGranularity: 0, numDlDci: 1
[0m[34m[MAC]    dlDmrsSymbPos 244
[0m[34m[MAC]    BWPSize:  48, BWPStart:  29, SubcarrierSpacing: 1, CyclicPrefix: 0, StartSymbolIndex: 0, DurationSymbols: 1, CceRegMappingType: 1, RegBundleSize: 6, InterleaverSize: 2, CoreSetType: 0, ShiftIndex: 0, precoderGranularity: 0, numDlDci: 1
[0m[34m[MAC]    dlDmrsSymbPos 244
[0m[34m[MAC]    BWPSize:  48, BWPStart:  29, SubcarrierSpacing: 1, CyclicPrefix: 0, StartSymbolIndex: 0, DurationSymbols: 1, CceRegMappingType: 1, RegBundleSize: 6, InterleaverSize: 2, CoreSetType: 0, ShiftIndex: 0, precoderGranularity: 0, numDlDci: 1
[0m[34m[MAC]    [gNB 0] Frame 616 : MIB->BCH  CC_id 0, Received 3 bytes
[0m[34m[MAC]    dlDmrsSymbPos 244
[0m[34m[MAC]    BWPSize:  48, BWPStart:  29, SubcarrierSpacing: 1, CyclicPrefix: 0, StartSymbolIndex: 0, DurationSymbols: 1, CceRegMappingType: 1, RegBundleSize: 6, InterleaverSize: 2, CoreSetType: 0, ShiftIndex: 0, precoderGranularity: 0, numDlDci: 1
[0m[34m[MAC]    dlDmrsSymbPos 244
[0m[34m[MAC]    BWPSize:  48, BWPStart:  29, SubcarrierSpacing: 1, CyclicPrefix: 0, StartSymbolIndex: 0, DurationSymbols: 1, CceRegMappingType: 1, RegBundleSize: 6, InterleaverSize: 2, CoreSetType: 0, ShiftIndex: 0, precoderGranularity: 0, numDlDci: 1
[0m[34m[MAC]    dlDmrsSymbPos 244
[0m[34m[MAC]    BWPSize:  48, BWPStart:  29, SubcarrierSpacing: 1, CyclicPrefix: 0, StartSymbolIndex: 0, DurationSymbols: 1, CceRegMappingType: 1, RegBundleSize: 6, InterleaverSize: 2, CoreSetType: 0, ShiftIndex: 0, precoderGranularity: 0, numDlDci: 1
[0m[34m[MAC]    dlDmrsSymbPos 244
[0m[34m[MAC]    BWPSize:  48, BWPStart:  29, SubcarrierSpacing: 1, CyclicPrefix: 0, StartSymbolIndex: 0, DurationSymbols: 1, CceRegMappingType: 1, RegBundleSize: 6, InterleaverSize: 2, CoreSetType: 0, ShiftIndex: 0, precoderGranularity: 0, numDlDci: 1
[0m[34m[MAC]    [gNB 0] Frame 624 : MIB->BCH  CC_id 0, Received 3 bytes
[0m[34m[MAC]    dlDmrsSymbPos 244
[0m[34m[MAC]    BWPSize:  48, BWPStart:  29, SubcarrierSpacing: 1, CyclicPrefix: 0, StartSymbolIndex: 0, DurationSymbols: 1, CceRegMappingType: 1, RegBundleSize: 6, InterleaverSize: 2, CoreSetType: 0, ShiftIndex: 0, precoderGranularity: 0, numDlDci: 1
[0m[34m[MAC]    dlDmrsSymbPos 244
[0m[34m[MAC]    BWPSize:  48, BWPStart:  29, SubcarrierSpacing: 1, CyclicPrefix: 0, StartSymbolIndex: 0, DurationSymbols: 1, CceRegMappingType: 1, RegBundleSize: 6, InterleaverSize: 2, CoreSetType: 0, ShiftIndex: 0, precoderGranularity: 0, numDlDci: 1
[0m[34m[MAC]    dlDmrsSymbPos 244
[0m[34m[MAC]    BWPSize:  48, BWPStart:  29, SubcarrierSpacing: 1, CyclicPrefix: 0, StartSymbolIndex: 0, DurationSymbols: 1, CceRegMappingType: 1, RegBundleSize: 6, InterleaverSize: 2, CoreSetType: 0, ShiftIndex: 0, precoderGranularity: 0, numDlDci: 1
[0m[34m[MAC]    dlDmrsSymbPos 244
[0m[34m[MAC]    BWPSize:  48, BWPStart:  29, SubcarrierSpacing: 1, CyclicPrefix: 0, StartSymbolIndex: 0, DurationSymbols: 1, CceRegMappingType: 1, RegBundleSize: 6, InterleaverSize: 2, CoreSetType: 0, ShiftIndex: 0, precoderGranularity: 0, numDlDci: 1
[0m[34m[MAC]    [gNB 0] Frame 632 : MIB->BCH  CC_id 0, Received 3 bytes
[0m[34m[MAC]    dlDmrsSymbPos 244
[0m[34m[MAC]    BWPSize:  48, BWPStart:  29, SubcarrierSpacing: 1, CyclicPrefix: 0, StartSymbolIndex: 0, DurationSymbols: 1, CceRegMappingType: 1, RegBundleSize: 6, InterleaverSize: 2, CoreSetType: 0, ShiftIndex: 0, precoderGranularity: 0, numDlDci: 1
[0m[34m[MAC]    dlDmrsSymbPos 244
[0m[34m[MAC]    BWPSize:  48, BWPStart:  29, SubcarrierSpacing: 1, CyclicPrefix: 0, StartSymbolIndex: 0, DurationSymbols: 1, CceRegMappingType: 1, RegBundleSize: 6, InterleaverSize: 2, CoreSetType: 0, ShiftIndex: 0, precoderGranularity: 0, numDlDci: 1
[0m[34m[MAC]    dlDmrsSymbPos 244
[0m[34m[MAC]    BWPSize:  48, BWPStart:  29, SubcarrierSpacing: 1, CyclicPrefix: 0, StartSymbolIndex: 0, DurationSymbols: 1, CceRegMappingType: 1, RegBundleSize: 6, InterleaverSize: 2, CoreSetType: 0, ShiftIndex: 0, precoderGranularity: 0, numDlDci: 1
[0m[34m[MAC]    dlDmrsSymbPos 244
[0m[34m[MAC]    BWPSize:  48, BWPStart:  29, SubcarrierSpacing: 1, CyclicPrefix: 0, StartSymbolIndex: 0, DurationSymbols: 1, CceRegMappingType: 1, RegBundleSize: 6, InterleaverSize: 2, CoreSetType: 0, ShiftIndex: 0, precoderGranularity: 0, numDlDci: 1
[0m[34m[MAC]    [gNB 0] Frame 640 : MIB->BCH  CC_id 0, Received 3 bytes
[0m[34m[MAC]    dlDmrsSymbPos 244
[0m[34m[MAC]    BWPSize:  48, BWPStart:  29, SubcarrierSpacing: 1, CyclicPrefix: 0, StartSymbolIndex: 0, DurationSymbols: 1, CceRegMappingType: 1, RegBundleSize: 6, InterleaverSize: 2, CoreSetType: 0, ShiftIndex: 0, precoderGranularity: 0, numDlDci: 1
[0m[HW]     [o-du 0][rx   52923 pps   10752 kbps  299481][tx  159403 pps   31872 kbps  786891][Total Msgs_Rcvd 52923]
[0m[HW]     [o_du0][pusch0   46038 prach0    6885]
[0m[34m[MAC]    dlDmrsSymbPos 244
[0m[34m[MAC]    BWPSize:  48, BWPStart:  29, SubcarrierSpacing: 1, CyclicPrefix: 0, StartSymbolIndex: 0, DurationSymbols: 1, CceRegMappingType: 1, RegBundleSize: 6, InterleaverSize: 2, CoreSetType: 0, ShiftIndex: 0, precoderGranularity: 0, numDlDci: 1
[0m[34m[MAC]    dlDmrsSymbPos 244
[0m[34m[MAC]    BWPSize:  48, BWPStart:  29, SubcarrierSpacing: 1, CyclicPrefix: 0, StartSymbolIndex: 0, DurationSymbols: 1, CceRegMappingType: 1, RegBundleSize: 6, InterleaverSize: 2, CoreSetType: 0, ShiftIndex: 0, precoderGranularity: 0, numDlDci: 1
[0m[34m[MAC]    dlDmrsSymbPos 244
[0m[34m[MAC]    BWPSize:  48, BWPStart:  29, SubcarrierSpacing: 1, CyclicPrefix: 0, StartSymbolIndex: 0, DurationSymbols: 1, CceRegMappingType: 1, RegBundleSize: 6, InterleaverSize: 2, CoreSetType: 0, ShiftIndex: 0, precoderGranularity: 0, numDlDci: 1
[0m[34m[MAC]    [gNB 0] Frame 648 : MIB->BCH  CC_id 0, Received 3 bytes
[0m[34m[MAC]    dlDmrsSymbPos 244
[0m[34m[MAC]    BWPSize:  48, BWPStart:  29, SubcarrierSpacing: 1, CyclicPrefix: 0, StartSymbolIndex: 0, DurationSymbols: 1, CceRegMappingType: 1, RegBundleSize: 6, InterleaverSize: 2, CoreSetType: 0, ShiftIndex: 0, precoderGranularity: 0, numDlDci: 1
[0m[34m[MAC]    dlDmrsSymbPos 244
[0m[34m[MAC]    BWPSize:  48, BWPStart:  29, SubcarrierSpacing: 1, CyclicPrefix: 0, StartSymbolIndex: 0, DurationSymbols: 1, CceRegMappingType: 1, RegBundleSize: 6, InterleaverSize: 2, CoreSetType: 0, ShiftIndex: 0, precoderGranularity: 0, numDlDci: 1
[0m[34m[MAC]    dlDmrsSymbPos 244
[0m[34m[MAC]    BWPSize:  48, BWPStart:  29, SubcarrierSpacing: 1, CyclicPrefix: 0, StartSymbolIndex: 0, DurationSymbols: 1, CceRegMappingType: 1, RegBundleSize: 6, InterleaverSize: 2, CoreSetType: 0, ShiftIndex: 0, precoderGranularity: 0, numDlDci: 1
[0m[34m[MAC]    dlDmrsSymbPos 244
[0m[34m[MAC]    BWPSize:  48, BWPStart:  29, SubcarrierSpacing: 1, CyclicPrefix: 0, StartSymbolIndex: 0, DurationSymbols: 1, CceRegMappingType: 1, RegBundleSize: 6, InterleaverSize: 2, CoreSetType: 0, ShiftIndex: 0, precoderGranularity: 0, numDlDci: 1
[0m[34m[MAC]    [gNB 0] Frame 656 : MIB->BCH  CC_id 0, Received 3 bytes
[0m[34m[MAC]    dlDmrsSymbPos 244
[0m[34m[MAC]    BWPSize:  48, BWPStart:  29, SubcarrierSpacing: 1, CyclicPrefix: 0, StartSymbolIndex: 0, DurationSymbols: 1, CceRegMappingType: 1, RegBundleSize: 6, InterleaverSize: 2, CoreSetType: 0, ShiftIndex: 0, precoderGranularity: 0, numDlDci: 1
[0m[34m[MAC]    dlDmrsSymbPos 244
[0m[34m[MAC]    BWPSize:  48, BWPStart:  29, SubcarrierSpacing: 1, CyclicPrefix: 0, StartSymbolIndex: 0, DurationSymbols: 1, CceRegMappingType: 1, RegBundleSize: 6, InterleaverSize: 2, CoreSetType: 0, ShiftIndex: 0, precoderGranularity: 0, numDlDci: 1
[0m[34m[MAC]    dlDmrsSymbPos 244
[0m[34m[MAC]    BWPSize:  48, BWPStart:  29, SubcarrierSpacing: 1, CyclicPrefix: 0, StartSymbolIndex: 0, DurationSymbols: 1, CceRegMappingType: 1, RegBundleSize: 6, InterleaverSize: 2, CoreSetType: 0, ShiftIndex: 0, precoderGranularity: 0, numDlDci: 1
[0m[34m[MAC]    dlDmrsSymbPos 244
[0m[34m[MAC]    BWPSize:  48, BWPStart:  29, SubcarrierSpacing: 1, CyclicPrefix: 0, StartSymbolIndex: 0, DurationSymbols: 1, CceRegMappingType: 1, RegBundleSize: 6, InterleaverSize: 2, CoreSetType: 0, ShiftIndex: 0, precoderGranularity: 0, numDlDci: 1
[0m[34m[MAC]    [gNB 0] Frame 664 : MIB->BCH  CC_id 0, Received 3 bytes
[0m[34m[MAC]    dlDmrsSymbPos 244
[0m[34m[MAC]    BWPSize:  48, BWPStart:  29, SubcarrierSpacing: 1, CyclicPrefix: 0, StartSymbolIndex: 0, DurationSymbols: 1, CceRegMappingType: 1, RegBundleSize: 6, InterleaverSize: 2, CoreSetType: 0, ShiftIndex: 0, precoderGranularity: 0, numDlDci: 1
[0m[34m[MAC]    dlDmrsSymbPos 244
[0m[34m[MAC]    BWPSize:  48, BWPStart:  29, SubcarrierSpacing: 1, CyclicPrefix: 0, StartSymbolIndex: 0, DurationSymbols: 1, CceRegMappingType: 1, RegBundleSize: 6, InterleaverSize: 2, CoreSetType: 0, ShiftIndex: 0, precoderGranularity: 0, numDlDci: 1
[0m[34m[MAC]    dlDmrsSymbPos 244
[0m[34m[MAC]    BWPSize:  48, BWPStart:  29, SubcarrierSpacing: 1, CyclicPrefix: 0, StartSymbolIndex: 0, DurationSymbols: 1, CceRegMappingType: 1, RegBundleSize: 6, InterleaverSize: 2, CoreSetType: 0, ShiftIndex: 0, precoderGranularity: 0, numDlDci: 1
[0m[34m[MAC]    dlDmrsSymbPos 244
[0m[34m[MAC]    BWPSize:  48, BWPStart:  29, SubcarrierSpacing: 1, CyclicPrefix: 0, StartSymbolIndex: 0, DurationSymbols: 1, CceRegMappingType: 1, RegBundleSize: 6, InterleaverSize: 2, CoreSetType: 0, ShiftIndex: 0, precoderGranularity: 0, numDlDci: 1
[0m[34m[MAC]    [gNB 0] Frame 672 : MIB->BCH  CC_id 0, Received 3 bytes
[0m[34m[MAC]    dlDmrsSymbPos 244
[0m[34m[MAC]    BWPSize:  48, BWPStart:  29, SubcarrierSpacing: 1, CyclicPrefix: 0, StartSymbolIndex: 0, DurationSymbols: 1, CceRegMappingType: 1, RegBundleSize: 6, InterleaverSize: 2, CoreSetType: 0, ShiftIndex: 0, precoderGranularity: 0, numDlDci: 1
[0m[34m[MAC]    dlDmrsSymbPos 244
[0m[34m[MAC]    BWPSize:  48, BWPStart:  29, SubcarrierSpacing: 1, CyclicPrefix: 0, StartSymbolIndex: 0, DurationSymbols: 1, CceRegMappingType: 1, RegBundleSize: 6, InterleaverSize: 2, CoreSetType: 0, ShiftIndex: 0, precoderGranularity: 0, numDlDci: 1
[0m[34m[MAC]    dlDmrsSymbPos 244
[0m[34m[MAC]    BWPSize:  48, BWPStart:  29, SubcarrierSpacing: 1, CyclicPrefix: 0, StartSymbolIndex: 0, DurationSymbols: 1, CceRegMappingType: 1, RegBundleSize: 6, InterleaverSize: 2, CoreSetType: 0, ShiftIndex: 0, precoderGranularity: 0, numDlDci: 1
[0m[34m[MAC]    dlDmrsSymbPos 244
[0m[34m[MAC]    BWPSize:  48, BWPStart:  29, SubcarrierSpacing: 1, CyclicPrefix: 0, StartSymbolIndex: 0, DurationSymbols: 1, CceRegMappingType: 1, RegBundleSize: 6, InterleaverSize: 2, CoreSetType: 0, ShiftIndex: 0, precoderGranularity: 0, numDlDci: 1
[0m[34m[MAC]    [gNB 0] Frame 680 : MIB->BCH  CC_id 0, Received 3 bytes
[0m[34m[MAC]    dlDmrsSymbPos 244
[0m[34m[MAC]    BWPSize:  48, BWPStart:  29, SubcarrierSpacing: 1, CyclicPrefix: 0, StartSymbolIndex: 0, DurationSymbols: 1, CceRegMappingType: 1, RegBundleSize: 6, InterleaverSize: 2, CoreSetType: 0, ShiftIndex: 0, precoderGranularity: 0, numDlDci: 1
[0m[34m[MAC]    dlDmrsSymbPos 244
[0m[34m[MAC]    BWPSize:  48, BWPStart:  29, SubcarrierSpacing: 1, CyclicPrefix: 0, StartSymbolIndex: 0, DurationSymbols: 1, CceRegMappingType: 1, RegBundleSize: 6, InterleaverSize: 2, CoreSetType: 0, ShiftIndex: 0, precoderGranularity: 0, numDlDci: 1
[0m[34m[MAC]    dlDmrsSymbPos 244
[0m[34m[MAC]    BWPSize:  48, BWPStart:  29, SubcarrierSpacing: 1, CyclicPrefix: 0, StartSymbolIndex: 0, DurationSymbols: 1, CceRegMappingType: 1, RegBundleSize: 6, InterleaverSize: 2, CoreSetType: 0, ShiftIndex: 0, precoderGranularity: 0, numDlDci: 1
[0m[34m[MAC]    dlDmrsSymbPos 244
[0m[34m[MAC]    BWPSize:  48, BWPStart:  29, SubcarrierSpacing: 1, CyclicPrefix: 0, StartSymbolIndex: 0, DurationSymbols: 1, CceRegMappingType: 1, RegBundleSize: 6, InterleaverSize: 2, CoreSetType: 0, ShiftIndex: 0, precoderGranularity: 0, numDlDci: 1
[0m[34m[MAC]    [gNB 0] Frame 688 : MIB->BCH  CC_id 0, Received 3 bytes
[0m[34m[MAC]    dlDmrsSymbPos 244
[0m[34m[MAC]    BWPSize:  48, BWPStart:  29, SubcarrierSpacing: 1, CyclicPrefix: 0, StartSymbolIndex: 0, DurationSymbols: 1, CceRegMappingType: 1, RegBundleSize: 6, InterleaverSize: 2, CoreSetType: 0, ShiftIndex: 0, precoderGranularity: 0, numDlDci: 1
[0m[34m[MAC]    dlDmrsSymbPos 244
[0m[34m[MAC]    BWPSize:  48, BWPStart:  29, SubcarrierSpacing: 1, CyclicPrefix: 0, StartSymbolIndex: 0, DurationSymbols: 1, CceRegMappingType: 1, RegBundleSize: 6, InterleaverSize: 2, CoreSetType: 0, ShiftIndex: 0, precoderGranularity: 0, numDlDci: 1
[0m[34m[MAC]    dlDmrsSymbPos 244
[0m[34m[MAC]    BWPSize:  48, BWPStart:  29, SubcarrierSpacing: 1, CyclicPrefix: 0, StartSymbolIndex: 0, DurationSymbols: 1, CceRegMappingType: 1, RegBundleSize: 6, InterleaverSize: 2, CoreSetType: 0, ShiftIndex: 0, precoderGranularity: 0, numDlDci: 1
[0m[34m[MAC]    dlDmrsSymbPos 244
[0m[34m[MAC]    BWPSize:  48, BWPStart:  29, SubcarrierSpacing: 1, CyclicPrefix: 0, StartSymbolIndex: 0, DurationSymbols: 1, CceRegMappingType: 1, RegBundleSize: 6, InterleaverSize: 2, CoreSetType: 0, ShiftIndex: 0, precoderGranularity: 0, numDlDci: 1
[0m[34m[MAC]    [gNB 0] Frame 696 : MIB->BCH  CC_id 0, Received 3 bytes
[0m[34m[MAC]    dlDmrsSymbPos 244
[0m[34m[MAC]    BWPSize:  48, BWPStart:  29, SubcarrierSpacing: 1, CyclicPrefix: 0, StartSymbolIndex: 0, DurationSymbols: 1, CceRegMappingType: 1, RegBundleSize: 6, InterleaverSize: 2, CoreSetType: 0, ShiftIndex: 0, precoderGranularity: 0, numDlDci: 1
[0m[34m[MAC]    dlDmrsSymbPos 244
[0m[34m[MAC]    BWPSize:  48, BWPStart:  29, SubcarrierSpacing: 1, CyclicPrefix: 0, StartSymbolIndex: 0, DurationSymbols: 1, CceRegMappingType: 1, RegBundleSize: 6, InterleaverSize: 2, CoreSetType: 0, ShiftIndex: 0, precoderGranularity: 0, numDlDci: 1
[0m[34m[MAC]    dlDmrsSymbPos 244
[0m[34m[MAC]    BWPSize:  48, BWPStart:  29, SubcarrierSpacing: 1, CyclicPrefix: 0, StartSymbolIndex: 0, DurationSymbols: 1, CceRegMappingType: 1, RegBundleSize: 6, InterleaverSize: 2, CoreSetType: 0, ShiftIndex: 0, precoderGranularity: 0, numDlDci: 1
[0m[34m[MAC]    dlDmrsSymbPos 244
[0m[34m[MAC]    BWPSize:  48, BWPStart:  29, SubcarrierSpacing: 1, CyclicPrefix: 0, StartSymbolIndex: 0, DurationSymbols: 1, CceRegMappingType: 1, RegBundleSize: 6, InterleaverSize: 2, CoreSetType: 0, ShiftIndex: 0, precoderGranularity: 0, numDlDci: 1
[0m[34m[MAC]    [gNB 0] Frame 704 : MIB->BCH  CC_id 0, Received 3 bytes
[0m[34m[MAC]    dlDmrsSymbPos 244
[0m[34m[MAC]    BWPSize:  48, BWPStart:  29, SubcarrierSpacing: 1, CyclicPrefix: 0, StartSymbolIndex: 0, DurationSymbols: 1, CceRegMappingType: 1, RegBundleSize: 6, InterleaverSize: 2, CoreSetType: 0, ShiftIndex: 0, precoderGranularity: 0, numDlDci: 1
[0m[34m[MAC]    dlDmrsSymbPos 244
[0m[34m[MAC]    BWPSize:  48, BWPStart:  29, SubcarrierSpacing: 1, CyclicPrefix: 0, StartSymbolIndex: 0, DurationSymbols: 1, CceRegMappingType: 1, RegBundleSize: 6, InterleaverSize: 2, CoreSetType: 0, ShiftIndex: 0, precoderGranularity: 0, numDlDci: 1
[0m[34m[MAC]    dlDmrsSymbPos 244
[0m[34m[MAC]    BWPSize:  48, BWPStart:  29, SubcarrierSpacing: 1, CyclicPrefix: 0, StartSymbolIndex: 0, DurationSymbols: 1, CceRegMappingType: 1, RegBundleSize: 6, InterleaverSize: 2, CoreSetType: 0, ShiftIndex: 0, precoderGranularity: 0, numDlDci: 1
[0m[34m[MAC]    dlDmrsSymbPos 244
[0m[34m[MAC]    BWPSize:  48, BWPStart:  29, SubcarrierSpacing: 1, CyclicPrefix: 0, StartSymbolIndex: 0, DurationSymbols: 1, CceRegMappingType: 1, RegBundleSize: 6, InterleaverSize: 2, CoreSetType: 0, ShiftIndex: 0, precoderGranularity: 0, numDlDci: 1
[0m[34m[MAC]    [gNB 0] Frame 712 : MIB->BCH  CC_id 0, Received 3 bytes
[0m[34m[MAC]    dlDmrsSymbPos 244
[0m[34m[MAC]    BWPSize:  48, BWPStart:  29, SubcarrierSpacing: 1, CyclicPrefix: 0, StartSymbolIndex: 0, DurationSymbols: 1, CceRegMappingType: 1, RegBundleSize: 6, InterleaverSize: 2, CoreSetType: 0, ShiftIndex: 0, precoderGranularity: 0, numDlDci: 1
[0m[34m[MAC]    dlDmrsSymbPos 244
[0m[34m[MAC]    BWPSize:  48, BWPStart:  29, SubcarrierSpacing: 1, CyclicPrefix: 0, StartSymbolIndex: 0, DurationSymbols: 1, CceRegMappingType: 1, RegBundleSize: 6, InterleaverSize: 2, CoreSetType: 0, ShiftIndex: 0, precoderGranularity: 0, numDlDci: 1
[0m[34m[MAC]    dlDmrsSymbPos 244
[0m[34m[MAC]    BWPSize:  48, BWPStart:  29, SubcarrierSpacing: 1, CyclicPrefix: 0, StartSymbolIndex: 0, DurationSymbols: 1, CceRegMappingType: 1, RegBundleSize: 6, InterleaverSize: 2, CoreSetType: 0, ShiftIndex: 0, precoderGranularity: 0, numDlDci: 1
[0m[34m[MAC]    dlDmrsSymbPos 244
[0m[34m[MAC]    BWPSize:  48, BWPStart:  29, SubcarrierSpacing: 1, CyclicPrefix: 0, StartSymbolIndex: 0, DurationSymbols: 1, CceRegMappingType: 1, RegBundleSize: 6, InterleaverSize: 2, CoreSetType: 0, ShiftIndex: 0, precoderGranularity: 0, numDlDci: 1
[0m[34m[MAC]    [gNB 0] Frame 720 : MIB->BCH  CC_id 0, Received 3 bytes
[0m[34m[MAC]    dlDmrsSymbPos 244
[0m[34m[MAC]    BWPSize:  48, BWPStart:  29, SubcarrierSpacing: 1, CyclicPrefix: 0, StartSymbolIndex: 0, DurationSymbols: 1, CceRegMappingType: 1, RegBundleSize: 6, InterleaverSize: 2, CoreSetType: 0, ShiftIndex: 0, precoderGranularity: 0, numDlDci: 1
[0m[34m[MAC]    dlDmrsSymbPos 244
[0m[34m[MAC]    BWPSize:  48, BWPStart:  29, SubcarrierSpacing: 1, CyclicPrefix: 0, StartSymbolIndex: 0, DurationSymbols: 1, CceRegMappingType: 1, RegBundleSize: 6, InterleaverSize: 2, CoreSetType: 0, ShiftIndex: 0, precoderGranularity: 0, numDlDci: 1
[0m[34m[MAC]    dlDmrsSymbPos 244
[0m[34m[MAC]    BWPSize:  48, BWPStart:  29, SubcarrierSpacing: 1, CyclicPrefix: 0, StartSymbolIndex: 0, DurationSymbols: 1, CceRegMappingType: 1, RegBundleSize: 6, InterleaverSize: 2, CoreSetType: 0, ShiftIndex: 0, precoderGranularity: 0, numDlDci: 1
[0m[34m[MAC]    dlDmrsSymbPos 244
[0m[34m[MAC]    BWPSize:  48, BWPStart:  29, SubcarrierSpacing: 1, CyclicPrefix: 0, StartSymbolIndex: 0, DurationSymbols: 1, CceRegMappingType: 1, RegBundleSize: 6, InterleaverSize: 2, CoreSetType: 0, ShiftIndex: 0, precoderGranularity: 0, numDlDci: 1
[0m[34m[MAC]    [gNB 0] Frame 728 : MIB->BCH  CC_id 0, Received 3 bytes
[0m[34m[MAC]    dlDmrsSymbPos 244
[0m[34m[MAC]    BWPSize:  48, BWPStart:  29, SubcarrierSpacing: 1, CyclicPrefix: 0, StartSymbolIndex: 0, DurationSymbols: 1, CceRegMappingType: 1, RegBundleSize: 6, InterleaverSize: 2, CoreSetType: 0, ShiftIndex: 0, precoderGranularity: 0, numDlDci: 1
[0m[34m[MAC]    dlDmrsSymbPos 244
[0m[34m[MAC]    BWPSize:  48, BWPStart:  29, SubcarrierSpacing: 1, CyclicPrefix: 0, StartSymbolIndex: 0, DurationSymbols: 1, CceRegMappingType: 1, RegBundleSize: 6, InterleaverSize: 2, CoreSetType: 0, ShiftIndex: 0, precoderGranularity: 0, numDlDci: 1
[0m[34m[MAC]    dlDmrsSymbPos 244
[0m[34m[MAC]    BWPSize:  48, BWPStart:  29, SubcarrierSpacing: 1, CyclicPrefix: 0, StartSymbolIndex: 0, DurationSymbols: 1, CceRegMappingType: 1, RegBundleSize: 6, InterleaverSize: 2, CoreSetType: 0, ShiftIndex: 0, precoderGranularity: 0, numDlDci: 1
[0m[34m[MAC]    dlDmrsSymbPos 244
[0m[34m[MAC]    BWPSize:  48, BWPStart:  29, SubcarrierSpacing: 1, CyclicPrefix: 0, StartSymbolIndex: 0, DurationSymbols: 1, CceRegMappingType: 1, RegBundleSize: 6, InterleaverSize: 2, CoreSetType: 0, ShiftIndex: 0, precoderGranularity: 0, numDlDci: 1
[0m[34m[MAC]    [gNB 0] Frame 736 : MIB->BCH  CC_id 0, Received 3 bytes
[0m[34m[MAC]    dlDmrsSymbPos 244
[0m[34m[MAC]    BWPSize:  48, BWPStart:  29, SubcarrierSpacing: 1, CyclicPrefix: 0, StartSymbolIndex: 0, DurationSymbols: 1, CceRegMappingType: 1, RegBundleSize: 6, InterleaverSize: 2, CoreSetType: 0, ShiftIndex: 0, precoderGranularity: 0, numDlDci: 1
[0m[34m[MAC]    dlDmrsSymbPos 244
[0m[34m[MAC]    BWPSize:  48, BWPStart:  29, SubcarrierSpacing: 1, CyclicPrefix: 0, StartSymbolIndex: 0, DurationSymbols: 1, CceRegMappingType: 1, RegBundleSize: 6, InterleaverSize: 2, CoreSetType: 0, ShiftIndex: 0, precoderGranularity: 0, numDlDci: 1
[0m[34m[MAC]    dlDmrsSymbPos 244
[0m[34m[MAC]    BWPSize:  48, BWPStart:  29, SubcarrierSpacing: 1, CyclicPrefix: 0, StartSymbolIndex: 0, DurationSymbols: 1, CceRegMappingType: 1, RegBundleSize: 6, InterleaverSize: 2, CoreSetType: 0, ShiftIndex: 0, precoderGranularity: 0, numDlDci: 1
[0m[34m[MAC]    dlDmrsSymbPos 244
[0m[34m[MAC]    BWPSize:  48, BWPStart:  29, SubcarrierSpacing: 1, CyclicPrefix: 0, StartSymbolIndex: 0, DurationSymbols: 1, CceRegMappingType: 1, RegBundleSize: 6, InterleaverSize: 2, CoreSetType: 0, ShiftIndex: 0, precoderGranularity: 0, numDlDci: 1
[0m[34m[MAC]    [gNB 0] Frame 744 : MIB->BCH  CC_id 0, Received 3 bytes
[0m[34m[MAC]    dlDmrsSymbPos 244
[0m[34m[MAC]    BWPSize:  48, BWPStart:  29, SubcarrierSpacing: 1, CyclicPrefix: 0, StartSymbolIndex: 0, DurationSymbols: 1, CceRegMappingType: 1, RegBundleSize: 6, InterleaverSize: 2, CoreSetType: 0, ShiftIndex: 0, precoderGranularity: 0, numDlDci: 1
[0m[34m[MAC]    dlDmrsSymbPos 244
[0m[34m[MAC]    BWPSize:  48, BWPStart:  29, SubcarrierSpacing: 1, CyclicPrefix: 0, StartSymbolIndex: 0, DurationSymbols: 1, CceRegMappingType: 1, RegBundleSize: 6, InterleaverSize: 2, CoreSetType: 0, ShiftIndex: 0, precoderGranularity: 0, numDlDci: 1
[0m[34m[MAC]    dlDmrsSymbPos 244
[0m[34m[MAC]    BWPSize:  48, BWPStart:  29, SubcarrierSpacing: 1, CyclicPrefix: 0, StartSymbolIndex: 0, DurationSymbols: 1, CceRegMappingType: 1, RegBundleSize: 6, InterleaverSize: 2, CoreSetType: 0, ShiftIndex: 0, precoderGranularity: 0, numDlDci: 1
[0m[34m[MAC]    dlDmrsSymbPos 244
[0m[34m[MAC]    BWPSize:  48, BWPStart:  29, SubcarrierSpacing: 1, CyclicPrefix: 0, StartSymbolIndex: 0, DurationSymbols: 1, CceRegMappingType: 1, RegBundleSize: 6, InterleaverSize: 2, CoreSetType: 0, ShiftIndex: 0, precoderGranularity: 0, numDlDci: 1
[0m[34m[MAC]    [gNB 0] Frame 752 : MIB->BCH  CC_id 0, Received 3 bytes
[0m[34m[MAC]    dlDmrsSymbPos 244
[0m[34m[MAC]    BWPSize:  48, BWPStart:  29, SubcarrierSpacing: 1, CyclicPrefix: 0, StartSymbolIndex: 0, DurationSymbols: 1, CceRegMappingType: 1, RegBundleSize: 6, InterleaverSize: 2, CoreSetType: 0, ShiftIndex: 0, precoderGranularity: 0, numDlDci: 1
[0m[34m[MAC]    dlDmrsSymbPos 244
[0m[34m[MAC]    BWPSize:  48, BWPStart:  29, SubcarrierSpacing: 1, CyclicPrefix: 0, StartSymbolIndex: 0, DurationSymbols: 1, CceRegMappingType: 1, RegBundleSize: 6, InterleaverSize: 2, CoreSetType: 0, ShiftIndex: 0, precoderGranularity: 0, numDlDci: 1
[0m[34m[MAC]    dlDmrsSymbPos 244
[0m[34m[MAC]    BWPSize:  48, BWPStart:  29, SubcarrierSpacing: 1, CyclicPrefix: 0, StartSymbolIndex: 0, DurationSymbols: 1, CceRegMappingType: 1, RegBundleSize: 6, InterleaverSize: 2, CoreSetType: 0, ShiftIndex: 0, precoderGranularity: 0, numDlDci: 1
[0m[34m[MAC]    dlDmrsSymbPos 244
[0m[34m[MAC]    BWPSize:  48, BWPStart:  29, SubcarrierSpacing: 1, CyclicPrefix: 0, StartSymbolIndex: 0, DurationSymbols: 1, CceRegMappingType: 1, RegBundleSize: 6, InterleaverSize: 2, CoreSetType: 0, ShiftIndex: 0, precoderGranularity: 0, numDlDci: 1
[0m[34m[MAC]    [gNB 0] Frame 760 : MIB->BCH  CC_id 0, Received 3 bytes
[0m[34m[MAC]    dlDmrsSymbPos 244
[0m[34m[MAC]    BWPSize:  48, BWPStart:  29, SubcarrierSpacing: 1, CyclicPrefix: 0, StartSymbolIndex: 0, DurationSymbols: 1, CceRegMappingType: 1, RegBundleSize: 6, InterleaverSize: 2, CoreSetType: 0, ShiftIndex: 0, precoderGranularity: 0, numDlDci: 1
[0m[34m[MAC]    dlDmrsSymbPos 244
[0m[34m[MAC]    BWPSize:  48, BWPStart:  29, SubcarrierSpacing: 1, CyclicPrefix: 0, StartSymbolIndex: 0, DurationSymbols: 1, CceRegMappingType: 1, RegBundleSize: 6, InterleaverSize: 2, CoreSetType: 0, ShiftIndex: 0, precoderGranularity: 0, numDlDci: 1
[0m[34m[MAC]    dlDmrsSymbPos 244
[0m[34m[MAC]    BWPSize:  48, BWPStart:  29, SubcarrierSpacing: 1, CyclicPrefix: 0, StartSymbolIndex: 0, DurationSymbols: 1, CceRegMappingType: 1, RegBundleSize: 6, InterleaverSize: 2, CoreSetType: 0, ShiftIndex: 0, precoderGranularity: 0, numDlDci: 1
[0m[34m[MAC]    dlDmrsSymbPos 244
[0m[34m[MAC]    BWPSize:  48, BWPStart:  29, SubcarrierSpacing: 1, CyclicPrefix: 0, StartSymbolIndex: 0, DurationSymbols: 1, CceRegMappingType: 1, RegBundleSize: 6, InterleaverSize: 2, CoreSetType: 0, ShiftIndex: 0, precoderGranularity: 0, numDlDci: 1
[0m[34m[MAC]    [gNB 0] Frame 768 : MIB->BCH  CC_id 0, Received 3 bytes
[0m[34m[MAC]    dlDmrsSymbPos 244
[0m[34m[MAC]    BWPSize:  48, BWPStart:  29, SubcarrierSpacing: 1, CyclicPrefix: 0, StartSymbolIndex: 0, DurationSymbols: 1, CceRegMappingType: 1, RegBundleSize: 6, InterleaverSize: 2, CoreSetType: 0, ShiftIndex: 0, precoderGranularity: 0, numDlDci: 1
[0m[HW]     [o-du 0][rx   63675 pps   10752 kbps  299481][tx  191275 pps   31872 kbps  786891][Total Msgs_Rcvd 63675]
[0m[HW]     [o_du0][pusch0   55254 prach0    8421]
[0m[34m[MAC]    dlDmrsSymbPos 244
[0m[34m[MAC]    BWPSize:  48, BWPStart:  29, SubcarrierSpacing: 1, CyclicPrefix: 0, StartSymbolIndex: 0, DurationSymbols: 1, CceRegMappingType: 1, RegBundleSize: 6, InterleaverSize: 2, CoreSetType: 0, ShiftIndex: 0, precoderGranularity: 0, numDlDci: 1
[0m[34m[MAC]    dlDmrsSymbPos 244
[0m[34m[MAC]    BWPSize:  48, BWPStart:  29, SubcarrierSpacing: 1, CyclicPrefix: 0, StartSymbolIndex: 0, DurationSymbols: 1, CceRegMappingType: 1, RegBundleSize: 6, InterleaverSize: 2, CoreSetType: 0, ShiftIndex: 0, precoderGranularity: 0, numDlDci: 1
[0m[34m[MAC]    dlDmrsSymbPos 244
[0m[34m[MAC]    BWPSize:  48, BWPStart:  29, SubcarrierSpacing: 1, CyclicPrefix: 0, StartSymbolIndex: 0, DurationSymbols: 1, CceRegMappingType: 1, RegBundleSize: 6, InterleaverSize: 2, CoreSetType: 0, ShiftIndex: 0, precoderGranularity: 0, numDlDci: 1
[0m[34m[MAC]    [gNB 0] Frame 776 : MIB->BCH  CC_id 0, Received 3 bytes
[0m[34m[MAC]    dlDmrsSymbPos 244
[0m[34m[MAC]    BWPSize:  48, BWPStart:  29, SubcarrierSpacing: 1, CyclicPrefix: 0, StartSymbolIndex: 0, DurationSymbols: 1, CceRegMappingType: 1, RegBundleSize: 6, InterleaverSize: 2, CoreSetType: 0, ShiftIndex: 0, precoderGranularity: 0, numDlDci: 1
[0m[34m[MAC]    dlDmrsSymbPos 244
[0m[34m[MAC]    BWPSize:  48, BWPStart:  29, SubcarrierSpacing: 1, CyclicPrefix: 0, StartSymbolIndex: 0, DurationSymbols: 1, CceRegMappingType: 1, RegBundleSize: 6, InterleaverSize: 2, CoreSetType: 0, ShiftIndex: 0, precoderGranularity: 0, numDlDci: 1
[0m[34m[MAC]    dlDmrsSymbPos 244
[0m[34m[MAC]    BWPSize:  48, BWPStart:  29, SubcarrierSpacing: 1, CyclicPrefix: 0, StartSymbolIndex: 0, DurationSymbols: 1, CceRegMappingType: 1, RegBundleSize: 6, InterleaverSize: 2, CoreSetType: 0, ShiftIndex: 0, precoderGranularity: 0, numDlDci: 1
[0m[34m[MAC]    dlDmrsSymbPos 244
[0m[34m[MAC]    BWPSize:  48, BWPStart:  29, SubcarrierSpacing: 1, CyclicPrefix: 0, StartSymbolIndex: 0, DurationSymbols: 1, CceRegMappingType: 1, RegBundleSize: 6, InterleaverSize: 2, CoreSetType: 0, ShiftIndex: 0, precoderGranularity: 0, numDlDci: 1
[0m[34m[MAC]    [gNB 0] Frame 784 : MIB->BCH  CC_id 0, Received 3 bytes
[0m[34m[MAC]    dlDmrsSymbPos 244
[0m[34m[MAC]    BWPSize:  48, BWPStart:  29, SubcarrierSpacing: 1, CyclicPrefix: 0, StartSymbolIndex: 0, DurationSymbols: 1, CceRegMappingType: 1, RegBundleSize: 6, InterleaverSize: 2, CoreSetType: 0, ShiftIndex: 0, precoderGranularity: 0, numDlDci: 1
[0m[34m[MAC]    dlDmrsSymbPos 244
[0m[34m[MAC]    BWPSize:  48, BWPStart:  29, SubcarrierSpacing: 1, CyclicPrefix: 0, StartSymbolIndex: 0, DurationSymbols: 1, CceRegMappingType: 1, RegBundleSize: 6, InterleaverSize: 2, CoreSetType: 0, ShiftIndex: 0, precoderGranularity: 0, numDlDci: 1
[0m[34m[MAC]    dlDmrsSymbPos 244
[0m[34m[MAC]    BWPSize:  48, BWPStart:  29, SubcarrierSpacing: 1, CyclicPrefix: 0, StartSymbolIndex: 0, DurationSymbols: 1, CceRegMappingType: 1, RegBundleSize: 6, InterleaverSize: 2, CoreSetType: 0, ShiftIndex: 0, precoderGranularity: 0, numDlDci: 1
[0m[34m[MAC]    dlDmrsSymbPos 244
[0m[34m[MAC]    BWPSize:  48, BWPStart:  29, SubcarrierSpacing: 1, CyclicPrefix: 0, StartSymbolIndex: 0, DurationSymbols: 1, CceRegMappingType: 1, RegBundleSize: 6, InterleaverSize: 2, CoreSetType: 0, ShiftIndex: 0, precoderGranularity: 0, numDlDci: 1
[0m[34m[MAC]    [gNB 0] Frame 792 : MIB->BCH  CC_id 0, Received 3 bytes
[0m[34m[MAC]    dlDmrsSymbPos 244
[0m[34m[MAC]    BWPSize:  48, BWPStart:  29, SubcarrierSpacing: 1, CyclicPrefix: 0, StartSymbolIndex: 0, DurationSymbols: 1, CceRegMappingType: 1, RegBundleSize: 6, InterleaverSize: 2, CoreSetType: 0, ShiftIndex: 0, precoderGranularity: 0, numDlDci: 1
[0m[34m[MAC]    dlDmrsSymbPos 244
[0m[34m[MAC]    BWPSize:  48, BWPStart:  29, SubcarrierSpacing: 1, CyclicPrefix: 0, StartSymbolIndex: 0, DurationSymbols: 1, CceRegMappingType: 1, RegBundleSize: 6, InterleaverSize: 2, CoreSetType: 0, ShiftIndex: 0, precoderGranularity: 0, numDlDci: 1
[0m[34m[MAC]    dlDmrsSymbPos 244
[0m[34m[MAC]    BWPSize:  48, BWPStart:  29, SubcarrierSpacing: 1, CyclicPrefix: 0, StartSymbolIndex: 0, DurationSymbols: 1, CceRegMappingType: 1, RegBundleSize: 6, InterleaverSize: 2, CoreSetType: 0, ShiftIndex: 0, precoderGranularity: 0, numDlDci: 1
[0m[34m[MAC]    dlDmrsSymbPos 244
[0m[34m[MAC]    BWPSize:  48, BWPStart:  29, SubcarrierSpacing: 1, CyclicPrefix: 0, StartSymbolIndex: 0, DurationSymbols: 1, CceRegMappingType: 1, RegBundleSize: 6, InterleaverSize: 2, CoreSetType: 0, ShiftIndex: 0, precoderGranularity: 0, numDlDci: 1
[0m[34m[MAC]    [gNB 0] Frame 800 : MIB->BCH  CC_id 0, Received 3 bytes
[0m[34m[MAC]    dlDmrsSymbPos 244
[0m[34m[MAC]    BWPSize:  48, BWPStart:  29, SubcarrierSpacing: 1, CyclicPrefix: 0, StartSymbolIndex: 0, DurationSymbols: 1, CceRegMappingType: 1, RegBundleSize: 6, InterleaverSize: 2, CoreSetType: 0, ShiftIndex: 0, precoderGranularity: 0, numDlDci: 1
[0m[34m[MAC]    dlDmrsSymbPos 244
[0m[34m[MAC]    BWPSize:  48, BWPStart:  29, SubcarrierSpacing: 1, CyclicPrefix: 0, StartSymbolIndex: 0, DurationSymbols: 1, CceRegMappingType: 1, RegBundleSize: 6, InterleaverSize: 2, CoreSetType: 0, ShiftIndex: 0, precoderGranularity: 0, numDlDci: 1
[0m[34m[MAC]    dlDmrsSymbPos 244
[0m[34m[MAC]    BWPSize:  48, BWPStart:  29, SubcarrierSpacing: 1, CyclicPrefix: 0, StartSymbolIndex: 0, DurationSymbols: 1, CceRegMappingType: 1, RegBundleSize: 6, InterleaverSize: 2, CoreSetType: 0, ShiftIndex: 0, precoderGranularity: 0, numDlDci: 1
[0m[34m[MAC]    dlDmrsSymbPos 244
[0m[34m[MAC]    BWPSize:  48, BWPStart:  29, SubcarrierSpacing: 1, CyclicPrefix: 0, StartSymbolIndex: 0, DurationSymbols: 1, CceRegMappingType: 1, RegBundleSize: 6, InterleaverSize: 2, CoreSetType: 0, ShiftIndex: 0, precoderGranularity: 0, numDlDci: 1
[0m[34m[MAC]    [gNB 0] Frame 808 : MIB->BCH  CC_id 0, Received 3 bytes
[0m[34m[MAC]    dlDmrsSymbPos 244
[0m[34m[MAC]    BWPSize:  48, BWPStart:  29, SubcarrierSpacing: 1, CyclicPrefix: 0, StartSymbolIndex: 0, DurationSymbols: 1, CceRegMappingType: 1, RegBundleSize: 6, InterleaverSize: 2, CoreSetType: 0, ShiftIndex: 0, precoderGranularity: 0, numDlDci: 1
[0m[34m[MAC]    dlDmrsSymbPos 244
[0m[34m[MAC]    BWPSize:  48, BWPStart:  29, SubcarrierSpacing: 1, CyclicPrefix: 0, StartSymbolIndex: 0, DurationSymbols: 1, CceRegMappingType: 1, RegBundleSize: 6, InterleaverSize: 2, CoreSetType: 0, ShiftIndex: 0, precoderGranularity: 0, numDlDci: 1
[0m[34m[MAC]    dlDmrsSymbPos 244
[0m[34m[MAC]    BWPSize:  48, BWPStart:  29, SubcarrierSpacing: 1, CyclicPrefix: 0, StartSymbolIndex: 0, DurationSymbols: 1, CceRegMappingType: 1, RegBundleSize: 6, InterleaverSize: 2, CoreSetType: 0, ShiftIndex: 0, precoderGranularity: 0, numDlDci: 1
[0m[34m[MAC]    dlDmrsSymbPos 244
[0m[34m[MAC]    BWPSize:  48, BWPStart:  29, SubcarrierSpacing: 1, CyclicPrefix: 0, StartSymbolIndex: 0, DurationSymbols: 1, CceRegMappingType: 1, RegBundleSize: 6, InterleaverSize: 2, CoreSetType: 0, ShiftIndex: 0, precoderGranularity: 0, numDlDci: 1
[0m[34m[MAC]    [gNB 0] Frame 816 : MIB->BCH  CC_id 0, Received 3 bytes
[0m[34m[MAC]    dlDmrsSymbPos 244
[0m[34m[MAC]    BWPSize:  48, BWPStart:  29, SubcarrierSpacing: 1, CyclicPrefix: 0, StartSymbolIndex: 0, DurationSymbols: 1, CceRegMappingType: 1, RegBundleSize: 6, InterleaverSize: 2, CoreSetType: 0, ShiftIndex: 0, precoderGranularity: 0, numDlDci: 1
[0m[34m[MAC]    dlDmrsSymbPos 244
[0m[34m[MAC]    BWPSize:  48, BWPStart:  29, SubcarrierSpacing: 1, CyclicPrefix: 0, StartSymbolIndex: 0, DurationSymbols: 1, CceRegMappingType: 1, RegBundleSize: 6, InterleaverSize: 2, CoreSetType: 0, ShiftIndex: 0, precoderGranularity: 0, numDlDci: 1
[0m[34m[MAC]    dlDmrsSymbPos 244
[0m[34m[MAC]    BWPSize:  48, BWPStart:  29, SubcarrierSpacing: 1, CyclicPrefix: 0, StartSymbolIndex: 0, DurationSymbols: 1, CceRegMappingType: 1, RegBundleSize: 6, InterleaverSize: 2, CoreSetType: 0, ShiftIndex: 0, precoderGranularity: 0, numDlDci: 1
[0m[34m[MAC]    dlDmrsSymbPos 244
[0m[34m[MAC]    BWPSize:  48, BWPStart:  29, SubcarrierSpacing: 1, CyclicPrefix: 0, StartSymbolIndex: 0, DurationSymbols: 1, CceRegMappingType: 1, RegBundleSize: 6, InterleaverSize: 2, CoreSetType: 0, ShiftIndex: 0, precoderGranularity: 0, numDlDci: 1
[0m[34m[MAC]    [gNB 0] Frame 824 : MIB->BCH  CC_id 0, Received 3 bytes
[0m[34m[MAC]    dlDmrsSymbPos 244
[0m[34m[MAC]    BWPSize:  48, BWPStart:  29, SubcarrierSpacing: 1, CyclicPrefix: 0, StartSymbolIndex: 0, DurationSymbols: 1, CceRegMappingType: 1, RegBundleSize: 6, InterleaverSize: 2, CoreSetType: 0, ShiftIndex: 0, precoderGranularity: 0, numDlDci: 1
[0m[34m[MAC]    dlDmrsSymbPos 244
[0m[34m[MAC]    BWPSize:  48, BWPStart:  29, SubcarrierSpacing: 1, CyclicPrefix: 0, StartSymbolIndex: 0, DurationSymbols: 1, CceRegMappingType: 1, RegBundleSize: 6, InterleaverSize: 2, CoreSetType: 0, ShiftIndex: 0, precoderGranularity: 0, numDlDci: 1
[0m[34m[MAC]    dlDmrsSymbPos 244
[0m[34m[MAC]    BWPSize:  48, BWPStart:  29, SubcarrierSpacing: 1, CyclicPrefix: 0, StartSymbolIndex: 0, DurationSymbols: 1, CceRegMappingType: 1, RegBundleSize: 6, InterleaverSize: 2, CoreSetType: 0, ShiftIndex: 0, precoderGranularity: 0, numDlDci: 1
[0m[34m[MAC]    dlDmrsSymbPos 244
[0m[34m[MAC]    BWPSize:  48, BWPStart:  29, SubcarrierSpacing: 1, CyclicPrefix: 0, StartSymbolIndex: 0, DurationSymbols: 1, CceRegMappingType: 1, RegBundleSize: 6, InterleaverSize: 2, CoreSetType: 0, ShiftIndex: 0, precoderGranularity: 0, numDlDci: 1
[0m[34m[MAC]    [gNB 0] Frame 832 : MIB->BCH  CC_id 0, Received 3 bytes
[0m[34m[MAC]    dlDmrsSymbPos 244
[0m[34m[MAC]    BWPSize:  48, BWPStart:  29, SubcarrierSpacing: 1, CyclicPrefix: 0, StartSymbolIndex: 0, DurationSymbols: 1, CceRegMappingType: 1, RegBundleSize: 6, InterleaverSize: 2, CoreSetType: 0, ShiftIndex: 0, precoderGranularity: 0, numDlDci: 1
[0m[34m[MAC]    dlDmrsSymbPos 244
[0m[34m[MAC]    BWPSize:  48, BWPStart:  29, SubcarrierSpacing: 1, CyclicPrefix: 0, StartSymbolIndex: 0, DurationSymbols: 1, CceRegMappingType: 1, RegBundleSize: 6, InterleaverSize: 2, CoreSetType: 0, ShiftIndex: 0, precoderGranularity: 0, numDlDci: 1
[0m[34m[MAC]    dlDmrsSymbPos 244
[0m[34m[MAC]    BWPSize:  48, BWPStart:  29, SubcarrierSpacing: 1, CyclicPrefix: 0, StartSymbolIndex: 0, DurationSymbols: 1, CceRegMappingType: 1, RegBundleSize: 6, InterleaverSize: 2, CoreSetType: 0, ShiftIndex: 0, precoderGranularity: 0, numDlDci: 1
[0m[34m[MAC]    dlDmrsSymbPos 244
[0m[34m[MAC]    BWPSize:  48, BWPStart:  29, SubcarrierSpacing: 1, CyclicPrefix: 0, StartSymbolIndex: 0, DurationSymbols: 1, CceRegMappingType: 1, RegBundleSize: 6, InterleaverSize: 2, CoreSetType: 0, ShiftIndex: 0, precoderGranularity: 0, numDlDci: 1
[0m[34m[MAC]    [gNB 0] Frame 840 : MIB->BCH  CC_id 0, Received 3 bytes
[0m[34m[MAC]    dlDmrsSymbPos 244
[0m[34m[MAC]    BWPSize:  48, BWPStart:  29, SubcarrierSpacing: 1, CyclicPrefix: 0, StartSymbolIndex: 0, DurationSymbols: 1, CceRegMappingType: 1, RegBundleSize: 6, InterleaverSize: 2, CoreSetType: 0, ShiftIndex: 0, precoderGranularity: 0, numDlDci: 1
[0m[34m[MAC]    dlDmrsSymbPos 244
[0m[34m[MAC]    BWPSize:  48, BWPStart:  29, SubcarrierSpacing: 1, CyclicPrefix: 0, StartSymbolIndex: 0, DurationSymbols: 1, CceRegMappingType: 1, RegBundleSize: 6, InterleaverSize: 2, CoreSetType: 0, ShiftIndex: 0, precoderGranularity: 0, numDlDci: 1
[0m[34m[MAC]    dlDmrsSymbPos 244
[0m[34m[MAC]    BWPSize:  48, BWPStart:  29, SubcarrierSpacing: 1, CyclicPrefix: 0, StartSymbolIndex: 0, DurationSymbols: 1, CceRegMappingType: 1, RegBundleSize: 6, InterleaverSize: 2, CoreSetType: 0, ShiftIndex: 0, precoderGranularity: 0, numDlDci: 1
[0m[34m[MAC]    dlDmrsSymbPos 244
[0m[34m[MAC]    BWPSize:  48, BWPStart:  29, SubcarrierSpacing: 1, CyclicPrefix: 0, StartSymbolIndex: 0, DurationSymbols: 1, CceRegMappingType: 1, RegBundleSize: 6, InterleaverSize: 2, CoreSetType: 0, ShiftIndex: 0, precoderGranularity: 0, numDlDci: 1
[0m[34m[MAC]    [gNB 0] Frame 848 : MIB->BCH  CC_id 0, Received 3 bytes
[0m[34m[MAC]    dlDmrsSymbPos 244
[0m[34m[MAC]    BWPSize:  48, BWPStart:  29, SubcarrierSpacing: 1, CyclicPrefix: 0, StartSymbolIndex: 0, DurationSymbols: 1, CceRegMappingType: 1, RegBundleSize: 6, InterleaverSize: 2, CoreSetType: 0, ShiftIndex: 0, precoderGranularity: 0, numDlDci: 1
[0m[34m[MAC]    dlDmrsSymbPos 244
[0m[34m[MAC]    BWPSize:  48, BWPStart:  29, SubcarrierSpacing: 1, CyclicPrefix: 0, StartSymbolIndex: 0, DurationSymbols: 1, CceRegMappingType: 1, RegBundleSize: 6, InterleaverSize: 2, CoreSetType: 0, ShiftIndex: 0, precoderGranularity: 0, numDlDci: 1
[0m[34m[MAC]    dlDmrsSymbPos 244
[0m[34m[MAC]    BWPSize:  48, BWPStart:  29, SubcarrierSpacing: 1, CyclicPrefix: 0, StartSymbolIndex: 0, DurationSymbols: 1, CceRegMappingType: 1, RegBundleSize: 6, InterleaverSize: 2, CoreSetType: 0, ShiftIndex: 0, precoderGranularity: 0, numDlDci: 1
[0m[34m[MAC]    dlDmrsSymbPos 244
[0m[34m[MAC]    BWPSize:  48, BWPStart:  29, SubcarrierSpacing: 1, CyclicPrefix: 0, StartSymbolIndex: 0, DurationSymbols: 1, CceRegMappingType: 1, RegBundleSize: 6, InterleaverSize: 2, CoreSetType: 0, ShiftIndex: 0, precoderGranularity: 0, numDlDci: 1
[0m[34m[MAC]    [gNB 0] Frame 856 : MIB->BCH  CC_id 0, Received 3 bytes
[0m[34m[MAC]    dlDmrsSymbPos 244
[0m[34m[MAC]    BWPSize:  48, BWPStart:  29, SubcarrierSpacing: 1, CyclicPrefix: 0, StartSymbolIndex: 0, DurationSymbols: 1, CceRegMappingType: 1, RegBundleSize: 6, InterleaverSize: 2, CoreSetType: 0, ShiftIndex: 0, precoderGranularity: 0, numDlDci: 1
[0m[34m[MAC]    dlDmrsSymbPos 244
[0m[34m[MAC]    BWPSize:  48, BWPStart:  29, SubcarrierSpacing: 1, CyclicPrefix: 0, StartSymbolIndex: 0, DurationSymbols: 1, CceRegMappingType: 1, RegBundleSize: 6, InterleaverSize: 2, CoreSetType: 0, ShiftIndex: 0, precoderGranularity: 0, numDlDci: 1
[0m[34m[MAC]    dlDmrsSymbPos 244
[0m[34m[MAC]    BWPSize:  48, BWPStart:  29, SubcarrierSpacing: 1, CyclicPrefix: 0, StartSymbolIndex: 0, DurationSymbols: 1, CceRegMappingType: 1, RegBundleSize: 6, InterleaverSize: 2, CoreSetType: 0, ShiftIndex: 0, precoderGranularity: 0, numDlDci: 1
[0m[34m[MAC]    dlDmrsSymbPos 244
[0m[34m[MAC]    BWPSize:  48, BWPStart:  29, SubcarrierSpacing: 1, CyclicPrefix: 0, StartSymbolIndex: 0, DurationSymbols: 1, CceRegMappingType: 1, RegBundleSize: 6, InterleaverSize: 2, CoreSetType: 0, ShiftIndex: 0, precoderGranularity: 0, numDlDci: 1
[0m[34m[MAC]    [gNB 0] Frame 864 : MIB->BCH  CC_id 0, Received 3 bytes
[0m[34m[MAC]    dlDmrsSymbPos 244
[0m[34m[MAC]    BWPSize:  48, BWPStart:  29, SubcarrierSpacing: 1, CyclicPrefix: 0, StartSymbolIndex: 0, DurationSymbols: 1, CceRegMappingType: 1, RegBundleSize: 6, InterleaverSize: 2, CoreSetType: 0, ShiftIndex: 0, precoderGranularity: 0, numDlDci: 1
[0m[34m[MAC]    dlDmrsSymbPos 244
[0m[34m[MAC]    BWPSize:  48, BWPStart:  29, SubcarrierSpacing: 1, CyclicPrefix: 0, StartSymbolIndex: 0, DurationSymbols: 1, CceRegMappingType: 1, RegBundleSize: 6, InterleaverSize: 2, CoreSetType: 0, ShiftIndex: 0, precoderGranularity: 0, numDlDci: 1
[0m[34m[MAC]    dlDmrsSymbPos 244
[0m[34m[MAC]    BWPSize:  48, BWPStart:  29, SubcarrierSpacing: 1, CyclicPrefix: 0, StartSymbolIndex: 0, DurationSymbols: 1, CceRegMappingType: 1, RegBundleSize: 6, InterleaverSize: 2, CoreSetType: 0, ShiftIndex: 0, precoderGranularity: 0, numDlDci: 1
[0m[34m[MAC]    dlDmrsSymbPos 244
[0m[34m[MAC]    BWPSize:  48, BWPStart:  29, SubcarrierSpacing: 1, CyclicPrefix: 0, StartSymbolIndex: 0, DurationSymbols: 1, CceRegMappingType: 1, RegBundleSize: 6, InterleaverSize: 2, CoreSetType: 0, ShiftIndex: 0, precoderGranularity: 0, numDlDci: 1
[0m[34m[MAC]    [gNB 0] Frame 872 : MIB->BCH  CC_id 0, Received 3 bytes
[0m[34m[MAC]    dlDmrsSymbPos 244
[0m[34m[MAC]    BWPSize:  48, BWPStart:  29, SubcarrierSpacing: 1, CyclicPrefix: 0, StartSymbolIndex: 0, DurationSymbols: 1, CceRegMappingType: 1, RegBundleSize: 6, InterleaverSize: 2, CoreSetType: 0, ShiftIndex: 0, precoderGranularity: 0, numDlDci: 1
[0m[34m[MAC]    dlDmrsSymbPos 244
[0m[34m[MAC]    BWPSize:  48, BWPStart:  29, SubcarrierSpacing: 1, CyclicPrefix: 0, StartSymbolIndex: 0, DurationSymbols: 1, CceRegMappingType: 1, RegBundleSize: 6, InterleaverSize: 2, CoreSetType: 0, ShiftIndex: 0, precoderGranularity: 0, numDlDci: 1
[0m[34m[MAC]    dlDmrsSymbPos 244
[0m[34m[MAC]    BWPSize:  48, BWPStart:  29, SubcarrierSpacing: 1, CyclicPrefix: 0, StartSymbolIndex: 0, DurationSymbols: 1, CceRegMappingType: 1, RegBundleSize: 6, InterleaverSize: 2, CoreSetType: 0, ShiftIndex: 0, precoderGranularity: 0, numDlDci: 1
[0m[34m[MAC]    dlDmrsSymbPos 244
[0m[34m[MAC]    BWPSize:  48, BWPStart:  29, SubcarrierSpacing: 1, CyclicPrefix: 0, StartSymbolIndex: 0, DurationSymbols: 1, CceRegMappingType: 1, RegBundleSize: 6, InterleaverSize: 2, CoreSetType: 0, ShiftIndex: 0, precoderGranularity: 0, numDlDci: 1
[0m[34m[MAC]    [gNB 0] Frame 880 : MIB->BCH  CC_id 0, Received 3 bytes
[0m[34m[MAC]    dlDmrsSymbPos 244
[0m[34m[MAC]    BWPSize:  48, BWPStart:  29, SubcarrierSpacing: 1, CyclicPrefix: 0, StartSymbolIndex: 0, DurationSymbols: 1, CceRegMappingType: 1, RegBundleSize: 6, InterleaverSize: 2, CoreSetType: 0, ShiftIndex: 0, precoderGranularity: 0, numDlDci: 1
[0m[34m[MAC]    dlDmrsSymbPos 244
[0m[34m[MAC]    BWPSize:  48, BWPStart:  29, SubcarrierSpacing: 1, CyclicPrefix: 0, StartSymbolIndex: 0, DurationSymbols: 1, CceRegMappingType: 1, RegBundleSize: 6, InterleaverSize: 2, CoreSetType: 0, ShiftIndex: 0, precoderGranularity: 0, numDlDci: 1
[0m[34m[MAC]    dlDmrsSymbPos 244
[0m[34m[MAC]    BWPSize:  48, BWPStart:  29, SubcarrierSpacing: 1, CyclicPrefix: 0, StartSymbolIndex: 0, DurationSymbols: 1, CceRegMappingType: 1, RegBundleSize: 6, InterleaverSize: 2, CoreSetType: 0, ShiftIndex: 0, precoderGranularity: 0, numDlDci: 1
[0m[34m[MAC]    dlDmrsSymbPos 244
[0m[34m[MAC]    BWPSize:  48, BWPStart:  29, SubcarrierSpacing: 1, CyclicPrefix: 0, StartSymbolIndex: 0, DurationSymbols: 1, CceRegMappingType: 1, RegBundleSize: 6, InterleaverSize: 2, CoreSetType: 0, ShiftIndex: 0, precoderGranularity: 0, numDlDci: 1
[0m[34m[MAC]    [gNB 0] Frame 888 : MIB->BCH  CC_id 0, Received 3 bytes
[0m[34m[MAC]    dlDmrsSymbPos 244
[0m[34m[MAC]    BWPSize:  48, BWPStart:  29, SubcarrierSpacing: 1, CyclicPrefix: 0, StartSymbolIndex: 0, DurationSymbols: 1, CceRegMappingType: 1, RegBundleSize: 6, InterleaverSize: 2, CoreSetType: 0, ShiftIndex: 0, precoderGranularity: 0, numDlDci: 1
[0m[34m[MAC]    dlDmrsSymbPos 244
[0m[34m[MAC]    BWPSize:  48, BWPStart:  29, SubcarrierSpacing: 1, CyclicPrefix: 0, StartSymbolIndex: 0, DurationSymbols: 1, CceRegMappingType: 1, RegBundleSize: 6, InterleaverSize: 2, CoreSetType: 0, ShiftIndex: 0, precoderGranularity: 0, numDlDci: 1
[0m[34m[MAC]    dlDmrsSymbPos 244
[0m[34m[MAC]    BWPSize:  48, BWPStart:  29, SubcarrierSpacing: 1, CyclicPrefix: 0, StartSymbolIndex: 0, DurationSymbols: 1, CceRegMappingType: 1, RegBundleSize: 6, InterleaverSize: 2, CoreSetType: 0, ShiftIndex: 0, precoderGranularity: 0, numDlDci: 1
[0m[34m[MAC]    dlDmrsSymbPos 244
[0m[34m[MAC]    BWPSize:  48, BWPStart:  29, SubcarrierSpacing: 1, CyclicPrefix: 0, StartSymbolIndex: 0, DurationSymbols: 1, CceRegMappingType: 1, RegBundleSize: 6, InterleaverSize: 2, CoreSetType: 0, ShiftIndex: 0, precoderGranularity: 0, numDlDci: 1
[0m[34m[MAC]    [gNB 0] Frame 896 : MIB->BCH  CC_id 0, Received 3 bytes
[0m[34m[MAC]    dlDmrsSymbPos 244
[0m[34m[MAC]    BWPSize:  48, BWPStart:  29, SubcarrierSpacing: 1, CyclicPrefix: 0, StartSymbolIndex: 0, DurationSymbols: 1, CceRegMappingType: 1, RegBundleSize: 6, InterleaverSize: 2, CoreSetType: 0, ShiftIndex: 0, precoderGranularity: 0, numDlDci: 1
[0m[HW]     [o-du 0][rx   74427 pps   10752 kbps  299481][tx  223147 pps   31872 kbps  786891][Total Msgs_Rcvd 74427]
[0m[HW]     [o_du0][pusch0   64470 prach0    9957]
[0m[34m[MAC]    dlDmrsSymbPos 244
[0m[34m[MAC]    BWPSize:  48, BWPStart:  29, SubcarrierSpacing: 1, CyclicPrefix: 0, StartSymbolIndex: 0, DurationSymbols: 1, CceRegMappingType: 1, RegBundleSize: 6, InterleaverSize: 2, CoreSetType: 0, ShiftIndex: 0, precoderGranularity: 0, numDlDci: 1
[0m[34m[MAC]    dlDmrsSymbPos 244
[0m[34m[MAC]    BWPSize:  48, BWPStart:  29, SubcarrierSpacing: 1, CyclicPrefix: 0, StartSymbolIndex: 0, DurationSymbols: 1, CceRegMappingType: 1, RegBundleSize: 6, InterleaverSize: 2, CoreSetType: 0, ShiftIndex: 0, precoderGranularity: 0, numDlDci: 1
[0m[34m[MAC]    dlDmrsSymbPos 244
[0m[34m[MAC]    BWPSize:  48, BWPStart:  29, SubcarrierSpacing: 1, CyclicPrefix: 0, StartSymbolIndex: 0, DurationSymbols: 1, CceRegMappingType: 1, RegBundleSize: 6, InterleaverSize: 2, CoreSetType: 0, ShiftIndex: 0, precoderGranularity: 0, numDlDci: 1
[0m[34m[MAC]    [gNB 0] Frame 904 : MIB->BCH  CC_id 0, Received 3 bytes
[0m[34m[MAC]    dlDmrsSymbPos 244
[0m[34m[MAC]    BWPSize:  48, BWPStart:  29, SubcarrierSpacing: 1, CyclicPrefix: 0, StartSymbolIndex: 0, DurationSymbols: 1, CceRegMappingType: 1, RegBundleSize: 6, InterleaverSize: 2, CoreSetType: 0, ShiftIndex: 0, precoderGranularity: 0, numDlDci: 1
[0m[34m[MAC]    dlDmrsSymbPos 244
[0m[34m[MAC]    BWPSize:  48, BWPStart:  29, SubcarrierSpacing: 1, CyclicPrefix: 0, StartSymbolIndex: 0, DurationSymbols: 1, CceRegMappingType: 1, RegBundleSize: 6, InterleaverSize: 2, CoreSetType: 0, ShiftIndex: 0, precoderGranularity: 0, numDlDci: 1
[0m[34m[MAC]    dlDmrsSymbPos 244
[0m[34m[MAC]    BWPSize:  48, BWPStart:  29, SubcarrierSpacing: 1, CyclicPrefix: 0, StartSymbolIndex: 0, DurationSymbols: 1, CceRegMappingType: 1, RegBundleSize: 6, InterleaverSize: 2, CoreSetType: 0, ShiftIndex: 0, precoderGranularity: 0, numDlDci: 1
[0m[34m[MAC]    dlDmrsSymbPos 244
[0m[34m[MAC]    BWPSize:  48, BWPStart:  29, SubcarrierSpacing: 1, CyclicPrefix: 0, StartSymbolIndex: 0, DurationSymbols: 1, CceRegMappingType: 1, RegBundleSize: 6, InterleaverSize: 2, CoreSetType: 0, ShiftIndex: 0, precoderGranularity: 0, numDlDci: 1
[0m[34m[MAC]    [gNB 0] Frame 912 : MIB->BCH  CC_id 0, Received 3 bytes
[0m[34m[MAC]    dlDmrsSymbPos 244
[0m[34m[MAC]    BWPSize:  48, BWPStart:  29, SubcarrierSpacing: 1, CyclicPrefix: 0, StartSymbolIndex: 0, DurationSymbols: 1, CceRegMappingType: 1, RegBundleSize: 6, InterleaverSize: 2, CoreSetType: 0, ShiftIndex: 0, precoderGranularity: 0, numDlDci: 1
[0m[34m[MAC]    dlDmrsSymbPos 244
[0m[34m[MAC]    BWPSize:  48, BWPStart:  29, SubcarrierSpacing: 1, CyclicPrefix: 0, StartSymbolIndex: 0, DurationSymbols: 1, CceRegMappingType: 1, RegBundleSize: 6, InterleaverSize: 2, CoreSetType: 0, ShiftIndex: 0, precoderGranularity: 0, numDlDci: 1
[0m[34m[MAC]    dlDmrsSymbPos 244
[0m[34m[MAC]    BWPSize:  48, BWPStart:  29, SubcarrierSpacing: 1, CyclicPrefix: 0, StartSymbolIndex: 0, DurationSymbols: 1, CceRegMappingType: 1, RegBundleSize: 6, InterleaverSize: 2, CoreSetType: 0, ShiftIndex: 0, precoderGranularity: 0, numDlDci: 1
[0m[34m[MAC]    dlDmrsSymbPos 244
[0m[34m[MAC]    BWPSize:  48, BWPStart:  29, SubcarrierSpacing: 1, CyclicPrefix: 0, StartSymbolIndex: 0, DurationSymbols: 1, CceRegMappingType: 1, RegBundleSize: 6, InterleaverSize: 2, CoreSetType: 0, ShiftIndex: 0, precoderGranularity: 0, numDlDci: 1
[0m[34m[MAC]    [gNB 0] Frame 920 : MIB->BCH  CC_id 0, Received 3 bytes
[0m[34m[MAC]    dlDmrsSymbPos 244
[0m[34m[MAC]    BWPSize:  48, BWPStart:  29, SubcarrierSpacing: 1, CyclicPrefix: 0, StartSymbolIndex: 0, DurationSymbols: 1, CceRegMappingType: 1, RegBundleSize: 6, InterleaverSize: 2, CoreSetType: 0, ShiftIndex: 0, precoderGranularity: 0, numDlDci: 1
[0m[34m[MAC]    dlDmrsSymbPos 244
[0m[34m[MAC]    BWPSize:  48, BWPStart:  29, SubcarrierSpacing: 1, CyclicPrefix: 0, StartSymbolIndex: 0, DurationSymbols: 1, CceRegMappingType: 1, RegBundleSize: 6, InterleaverSize: 2, CoreSetType: 0, ShiftIndex: 0, precoderGranularity: 0, numDlDci: 1
[0m[34m[MAC]    dlDmrsSymbPos 244
[0m[34m[MAC]    BWPSize:  48, BWPStart:  29, SubcarrierSpacing: 1, CyclicPrefix: 0, StartSymbolIndex: 0, DurationSymbols: 1, CceRegMappingType: 1, RegBundleSize: 6, InterleaverSize: 2, CoreSetType: 0, ShiftIndex: 0, precoderGranularity: 0, numDlDci: 1
[0m[34m[MAC]    dlDmrsSymbPos 244
[0m[34m[MAC]    BWPSize:  48, BWPStart:  29, SubcarrierSpacing: 1, CyclicPrefix: 0, StartSymbolIndex: 0, DurationSymbols: 1, CceRegMappingType: 1, RegBundleSize: 6, InterleaverSize: 2, CoreSetType: 0, ShiftIndex: 0, precoderGranularity: 0, numDlDci: 1
[0m[34m[MAC]    [gNB 0] Frame 928 : MIB->BCH  CC_id 0, Received 3 bytes
[0m[34m[MAC]    dlDmrsSymbPos 244
[0m[34m[MAC]    BWPSize:  48, BWPStart:  29, SubcarrierSpacing: 1, CyclicPrefix: 0, StartSymbolIndex: 0, DurationSymbols: 1, CceRegMappingType: 1, RegBundleSize: 6, InterleaverSize: 2, CoreSetType: 0, ShiftIndex: 0, precoderGranularity: 0, numDlDci: 1
[0m[34m[MAC]    dlDmrsSymbPos 244
[0m[34m[MAC]    BWPSize:  48, BWPStart:  29, SubcarrierSpacing: 1, CyclicPrefix: 0, StartSymbolIndex: 0, DurationSymbols: 1, CceRegMappingType: 1, RegBundleSize: 6, InterleaverSize: 2, CoreSetType: 0, ShiftIndex: 0, precoderGranularity: 0, numDlDci: 1
[0m[34m[MAC]    dlDmrsSymbPos 244
[0m[34m[MAC]    BWPSize:  48, BWPStart:  29, SubcarrierSpacing: 1, CyclicPrefix: 0, StartSymbolIndex: 0, DurationSymbols: 1, CceRegMappingType: 1, RegBundleSize: 6, InterleaverSize: 2, CoreSetType: 0, ShiftIndex: 0, precoderGranularity: 0, numDlDci: 1
[0m[34m[MAC]    dlDmrsSymbPos 244
[0m[34m[MAC]    BWPSize:  48, BWPStart:  29, SubcarrierSpacing: 1, CyclicPrefix: 0, StartSymbolIndex: 0, DurationSymbols: 1, CceRegMappingType: 1, RegBundleSize: 6, InterleaverSize: 2, CoreSetType: 0, ShiftIndex: 0, precoderGranularity: 0, numDlDci: 1
[0m[34m[MAC]    [gNB 0] Frame 936 : MIB->BCH  CC_id 0, Received 3 bytes
[0m[34m[MAC]    dlDmrsSymbPos 244
[0m[34m[MAC]    BWPSize:  48, BWPStart:  29, SubcarrierSpacing: 1, CyclicPrefix: 0, StartSymbolIndex: 0, DurationSymbols: 1, CceRegMappingType: 1, RegBundleSize: 6, InterleaverSize: 2, CoreSetType: 0, ShiftIndex: 0, precoderGranularity: 0, numDlDci: 1
[0m[34m[MAC]    dlDmrsSymbPos 244
[0m[34m[MAC]    BWPSize:  48, BWPStart:  29, SubcarrierSpacing: 1, CyclicPrefix: 0, StartSymbolIndex: 0, DurationSymbols: 1, CceRegMappingType: 1, RegBundleSize: 6, InterleaverSize: 2, CoreSetType: 0, ShiftIndex: 0, precoderGranularity: 0, numDlDci: 1
[0m[34m[MAC]    dlDmrsSymbPos 244
[0m[34m[MAC]    BWPSize:  48, BWPStart:  29, SubcarrierSpacing: 1, CyclicPrefix: 0, StartSymbolIndex: 0, DurationSymbols: 1, CceRegMappingType: 1, RegBundleSize: 6, InterleaverSize: 2, CoreSetType: 0, ShiftIndex: 0, precoderGranularity: 0, numDlDci: 1
[0m[34m[MAC]    dlDmrsSymbPos 244
[0m[34m[MAC]    BWPSize:  48, BWPStart:  29, SubcarrierSpacing: 1, CyclicPrefix: 0, StartSymbolIndex: 0, DurationSymbols: 1, CceRegMappingType: 1, RegBundleSize: 6, InterleaverSize: 2, CoreSetType: 0, ShiftIndex: 0, precoderGranularity: 0, numDlDci: 1
[0m[34m[MAC]    [gNB 0] Frame 944 : MIB->BCH  CC_id 0, Received 3 bytes
[0m[34m[MAC]    dlDmrsSymbPos 244
[0m[34m[MAC]    BWPSize:  48, BWPStart:  29, SubcarrierSpacing: 1, CyclicPrefix: 0, StartSymbolIndex: 0, DurationSymbols: 1, CceRegMappingType: 1, RegBundleSize: 6, InterleaverSize: 2, CoreSetType: 0, ShiftIndex: 0, precoderGranularity: 0, numDlDci: 1
[0m[34m[MAC]    dlDmrsSymbPos 244
[0m[34m[MAC]    BWPSize:  48, BWPStart:  29, SubcarrierSpacing: 1, CyclicPrefix: 0, StartSymbolIndex: 0, DurationSymbols: 1, CceRegMappingType: 1, RegBundleSize: 6, InterleaverSize: 2, CoreSetType: 0, ShiftIndex: 0, precoderGranularity: 0, numDlDci: 1
[0m[34m[MAC]    dlDmrsSymbPos 244
[0m[34m[MAC]    BWPSize:  48, BWPStart:  29, SubcarrierSpacing: 1, CyclicPrefix: 0, StartSymbolIndex: 0, DurationSymbols: 1, CceRegMappingType: 1, RegBundleSize: 6, InterleaverSize: 2, CoreSetType: 0, ShiftIndex: 0, precoderGranularity: 0, numDlDci: 1
[0m[34m[MAC]    dlDmrsSymbPos 244
[0m[34m[MAC]    BWPSize:  48, BWPStart:  29, SubcarrierSpacing: 1, CyclicPrefix: 0, StartSymbolIndex: 0, DurationSymbols: 1, CceRegMappingType: 1, RegBundleSize: 6, InterleaverSize: 2, CoreSetType: 0, ShiftIndex: 0, precoderGranularity: 0, numDlDci: 1
[0m[34m[MAC]    [gNB 0] Frame 952 : MIB->BCH  CC_id 0, Received 3 bytes
[0m[34m[MAC]    dlDmrsSymbPos 244
[0m[34m[MAC]    BWPSize:  48, BWPStart:  29, SubcarrierSpacing: 1, CyclicPrefix: 0, StartSymbolIndex: 0, DurationSymbols: 1, CceRegMappingType: 1, RegBundleSize: 6, InterleaverSize: 2, CoreSetType: 0, ShiftIndex: 0, precoderGranularity: 0, numDlDci: 1
[0m[34m[MAC]    dlDmrsSymbPos 244
[0m[34m[MAC]    BWPSize:  48, BWPStart:  29, SubcarrierSpacing: 1, CyclicPrefix: 0, StartSymbolIndex: 0, DurationSymbols: 1, CceRegMappingType: 1, RegBundleSize: 6, InterleaverSize: 2, CoreSetType: 0, ShiftIndex: 0, precoderGranularity: 0, numDlDci: 1
[0m[34m[MAC]    dlDmrsSymbPos 244
[0m[34m[MAC]    BWPSize:  48, BWPStart:  29, SubcarrierSpacing: 1, CyclicPrefix: 0, StartSymbolIndex: 0, DurationSymbols: 1, CceRegMappingType: 1, RegBundleSize: 6, InterleaverSize: 2, CoreSetType: 0, ShiftIndex: 0, precoderGranularity: 0, numDlDci: 1
[0m[34m[MAC]    dlDmrsSymbPos 244
[0m[34m[MAC]    BWPSize:  48, BWPStart:  29, SubcarrierSpacing: 1, CyclicPrefix: 0, StartSymbolIndex: 0, DurationSymbols: 1, CceRegMappingType: 1, RegBundleSize: 6, InterleaverSize: 2, CoreSetType: 0, ShiftIndex: 0, precoderGranularity: 0, numDlDci: 1
[0m[34m[MAC]    [gNB 0] Frame 960 : MIB->BCH  CC_id 0, Received 3 bytes
[0m[34m[MAC]    dlDmrsSymbPos 244
[0m[34m[MAC]    BWPSize:  48, BWPStart:  29, SubcarrierSpacing: 1, CyclicPrefix: 0, StartSymbolIndex: 0, DurationSymbols: 1, CceRegMappingType: 1, RegBundleSize: 6, InterleaverSize: 2, CoreSetType: 0, ShiftIndex: 0, precoderGranularity: 0, numDlDci: 1
[0m[34m[MAC]    dlDmrsSymbPos 244
[0m[34m[MAC]    BWPSize:  48, BWPStart:  29, SubcarrierSpacing: 1, CyclicPrefix: 0, StartSymbolIndex: 0, DurationSymbols: 1, CceRegMappingType: 1, RegBundleSize: 6, InterleaverSize: 2, CoreSetType: 0, ShiftIndex: 0, precoderGranularity: 0, numDlDci: 1
[0m[34m[MAC]    dlDmrsSymbPos 244
[0m[34m[MAC]    BWPSize:  48, BWPStart:  29, SubcarrierSpacing: 1, CyclicPrefix: 0, StartSymbolIndex: 0, DurationSymbols: 1, CceRegMappingType: 1, RegBundleSize: 6, InterleaverSize: 2, CoreSetType: 0, ShiftIndex: 0, precoderGranularity: 0, numDlDci: 1
[0m[34m[MAC]    dlDmrsSymbPos 244
[0m[34m[MAC]    BWPSize:  48, BWPStart:  29, SubcarrierSpacing: 1, CyclicPrefix: 0, StartSymbolIndex: 0, DurationSymbols: 1, CceRegMappingType: 1, RegBundleSize: 6, InterleaverSize: 2, CoreSetType: 0, ShiftIndex: 0, precoderGranularity: 0, numDlDci: 1
[0m[34m[MAC]    [gNB 0] Frame 968 : MIB->BCH  CC_id 0, Received 3 bytes
[0m[34m[MAC]    dlDmrsSymbPos 244
[0m[34m[MAC]    BWPSize:  48, BWPStart:  29, SubcarrierSpacing: 1, CyclicPrefix: 0, StartSymbolIndex: 0, DurationSymbols: 1, CceRegMappingType: 1, RegBundleSize: 6, InterleaverSize: 2, CoreSetType: 0, ShiftIndex: 0, precoderGranularity: 0, numDlDci: 1
[0m[34m[MAC]    dlDmrsSymbPos 244
[0m[34m[MAC]    BWPSize:  48, BWPStart:  29, SubcarrierSpacing: 1, CyclicPrefix: 0, StartSymbolIndex: 0, DurationSymbols: 1, CceRegMappingType: 1, RegBundleSize: 6, InterleaverSize: 2, CoreSetType: 0, ShiftIndex: 0, precoderGranularity: 0, numDlDci: 1
[0m[34m[MAC]    dlDmrsSymbPos 244
[0m[34m[MAC]    BWPSize:  48, BWPStart:  29, SubcarrierSpacing: 1, CyclicPrefix: 0, StartSymbolIndex: 0, DurationSymbols: 1, CceRegMappingType: 1, RegBundleSize: 6, InterleaverSize: 2, CoreSetType: 0, ShiftIndex: 0, precoderGranularity: 0, numDlDci: 1
[0m[34m[MAC]    dlDmrsSymbPos 244
[0m[34m[MAC]    BWPSize:  48, BWPStart:  29, SubcarrierSpacing: 1, CyclicPrefix: 0, StartSymbolIndex: 0, DurationSymbols: 1, CceRegMappingType: 1, RegBundleSize: 6, InterleaverSize: 2, CoreSetType: 0, ShiftIndex: 0, precoderGranularity: 0, numDlDci: 1
[0m[34m[MAC]    [gNB 0] Frame 976 : MIB->BCH  CC_id 0, Received 3 bytes
[0m[34m[MAC]    dlDmrsSymbPos 244
[0m[34m[MAC]    BWPSize:  48, BWPStart:  29, SubcarrierSpacing: 1, CyclicPrefix: 0, StartSymbolIndex: 0, DurationSymbols: 1, CceRegMappingType: 1, RegBundleSize: 6, InterleaverSize: 2, CoreSetType: 0, ShiftIndex: 0, precoderGranularity: 0, numDlDci: 1
[0m[34m[MAC]    dlDmrsSymbPos 244
[0m[34m[MAC]    BWPSize:  48, BWPStart:  29, SubcarrierSpacing: 1, CyclicPrefix: 0, StartSymbolIndex: 0, DurationSymbols: 1, CceRegMappingType: 1, RegBundleSize: 6, InterleaverSize: 2, CoreSetType: 0, ShiftIndex: 0, precoderGranularity: 0, numDlDci: 1
[0m[34m[MAC]    dlDmrsSymbPos 244
[0m[34m[MAC]    BWPSize:  48, BWPStart:  29, SubcarrierSpacing: 1, CyclicPrefix: 0, StartSymbolIndex: 0, DurationSymbols: 1, CceRegMappingType: 1, RegBundleSize: 6, InterleaverSize: 2, CoreSetType: 0, ShiftIndex: 0, precoderGranularity: 0, numDlDci: 1
[0m[34m[MAC]    dlDmrsSymbPos 244
[0m[34m[MAC]    BWPSize:  48, BWPStart:  29, SubcarrierSpacing: 1, CyclicPrefix: 0, StartSymbolIndex: 0, DurationSymbols: 1, CceRegMappingType: 1, RegBundleSize: 6, InterleaverSize: 2, CoreSetType: 0, ShiftIndex: 0, precoderGranularity: 0, numDlDci: 1
[0m[34m[MAC]    [gNB 0] Frame 984 : MIB->BCH  CC_id 0, Received 3 bytes
[0m[34m[MAC]    dlDmrsSymbPos 244
[0m[34m[MAC]    BWPSize:  48, BWPStart:  29, SubcarrierSpacing: 1, CyclicPrefix: 0, StartSymbolIndex: 0, DurationSymbols: 1, CceRegMappingType: 1, RegBundleSize: 6, InterleaverSize: 2, CoreSetType: 0, ShiftIndex: 0, precoderGranularity: 0, numDlDci: 1
[0m[34m[MAC]    dlDmrsSymbPos 244
[0m[34m[MAC]    BWPSize:  48, BWPStart:  29, SubcarrierSpacing: 1, CyclicPrefix: 0, StartSymbolIndex: 0, DurationSymbols: 1, CceRegMappingType: 1, RegBundleSize: 6, InterleaverSize: 2, CoreSetType: 0, ShiftIndex: 0, precoderGranularity: 0, numDlDci: 1
[0m[34m[MAC]    dlDmrsSymbPos 244
[0m[34m[MAC]    BWPSize:  48, BWPStart:  29, SubcarrierSpacing: 1, CyclicPrefix: 0, StartSymbolIndex: 0, DurationSymbols: 1, CceRegMappingType: 1, RegBundleSize: 6, InterleaverSize: 2, CoreSetType: 0, ShiftIndex: 0, precoderGranularity: 0, numDlDci: 1
[0m[34m[MAC]    dlDmrsSymbPos 244
[0m[34m[MAC]    BWPSize:  48, BWPStart:  29, SubcarrierSpacing: 1, CyclicPrefix: 0, StartSymbolIndex: 0, DurationSymbols: 1, CceRegMappingType: 1, RegBundleSize: 6, InterleaverSize: 2, CoreSetType: 0, ShiftIndex: 0, precoderGranularity: 0, numDlDci: 1
[0m[34m[MAC]    [gNB 0] Frame 992 : MIB->BCH  CC_id 0, Received 3 bytes
[0m[34m[MAC]    dlDmrsSymbPos 244
[0m[34m[MAC]    BWPSize:  48, BWPStart:  29, SubcarrierSpacing: 1, CyclicPrefix: 0, StartSymbolIndex: 0, DurationSymbols: 1, CceRegMappingType: 1, RegBundleSize: 6, InterleaverSize: 2, CoreSetType: 0, ShiftIndex: 0, precoderGranularity: 0, numDlDci: 1
[0m[34m[MAC]    dlDmrsSymbPos 244
[0m[34m[MAC]    BWPSize:  48, BWPStart:  29, SubcarrierSpacing: 1, CyclicPrefix: 0, StartSymbolIndex: 0, DurationSymbols: 1, CceRegMappingType: 1, RegBundleSize: 6, InterleaverSize: 2, CoreSetType: 0, ShiftIndex: 0, precoderGranularity: 0, numDlDci: 1
[0m[34m[MAC]    dlDmrsSymbPos 244
[0m[34m[MAC]    BWPSize:  48, BWPStart:  29, SubcarrierSpacing: 1, CyclicPrefix: 0, StartSymbolIndex: 0, DurationSymbols: 1, CceRegMappingType: 1, RegBundleSize: 6, InterleaverSize: 2, CoreSetType: 0, ShiftIndex: 0, precoderGranularity: 0, numDlDci: 1
[0m[34m[MAC]    dlDmrsSymbPos 244
[0m[34m[MAC]    BWPSize:  48, BWPStart:  29, SubcarrierSpacing: 1, CyclicPrefix: 0, StartSymbolIndex: 0, DurationSymbols: 1, CceRegMappingType: 1, RegBundleSize: 6, InterleaverSize: 2, CoreSetType: 0, ShiftIndex: 0, precoderGranularity: 0, numDlDci: 1
[0m[34m[MAC]    [gNB 0] Frame 1000 : MIB->BCH  CC_id 0, Received 3 bytes
[0m[34m[MAC]    dlDmrsSymbPos 244
[0m[34m[MAC]    BWPSize:  48, BWPStart:  29, SubcarrierSpacing: 1, CyclicPrefix: 0, StartSymbolIndex: 0, DurationSymbols: 1, CceRegMappingType: 1, RegBundleSize: 6, InterleaverSize: 2, CoreSetType: 0, ShiftIndex: 0, precoderGranularity: 0, numDlDci: 1
[0m[34m[MAC]    dlDmrsSymbPos 244
[0m[34m[MAC]    BWPSize:  48, BWPStart:  29, SubcarrierSpacing: 1, CyclicPrefix: 0, StartSymbolIndex: 0, DurationSymbols: 1, CceRegMappingType: 1, RegBundleSize: 6, InterleaverSize: 2, CoreSetType: 0, ShiftIndex: 0, precoderGranularity: 0, numDlDci: 1
[0m[34m[MAC]    dlDmrsSymbPos 244
[0m[34m[MAC]    BWPSize:  48, BWPStart:  29, SubcarrierSpacing: 1, CyclicPrefix: 0, StartSymbolIndex: 0, DurationSymbols: 1, CceRegMappingType: 1, RegBundleSize: 6, InterleaverSize: 2, CoreSetType: 0, ShiftIndex: 0, precoderGranularity: 0, numDlDci: 1
[0m[34m[MAC]    dlDmrsSymbPos 244
[0m[34m[MAC]    BWPSize:  48, BWPStart:  29, SubcarrierSpacing: 1, CyclicPrefix: 0, StartSymbolIndex: 0, DurationSymbols: 1, CceRegMappingType: 1, RegBundleSize: 6, InterleaverSize: 2, CoreSetType: 0, ShiftIndex: 0, precoderGranularity: 0, numDlDci: 1
[0m[34m[MAC]    [gNB 0] Frame 1008 : MIB->BCH  CC_id 0, Received 3 bytes
[0m[34m[MAC]    dlDmrsSymbPos 244
[0m[34m[MAC]    BWPSize:  48, BWPStart:  29, SubcarrierSpacing: 1, CyclicPrefix: 0, StartSymbolIndex: 0, DurationSymbols: 1, CceRegMappingType: 1, RegBundleSize: 6, InterleaverSize: 2, CoreSetType: 0, ShiftIndex: 0, precoderGranularity: 0, numDlDci: 1
[0m[34m[MAC]    dlDmrsSymbPos 244
[0m[34m[MAC]    BWPSize:  48, BWPStart:  29, SubcarrierSpacing: 1, CyclicPrefix: 0, StartSymbolIndex: 0, DurationSymbols: 1, CceRegMappingType: 1, RegBundleSize: 6, InterleaverSize: 2, CoreSetType: 0, ShiftIndex: 0, precoderGranularity: 0, numDlDci: 1
[0m[34m[MAC]    dlDmrsSymbPos 244
[0m[34m[MAC]    BWPSize:  48, BWPStart:  29, SubcarrierSpacing: 1, CyclicPrefix: 0, StartSymbolIndex: 0, DurationSymbols: 1, CceRegMappingType: 1, RegBundleSize: 6, InterleaverSize: 2, CoreSetType: 0, ShiftIndex: 0, precoderGranularity: 0, numDlDci: 1
[0m[34m[MAC]    dlDmrsSymbPos 244
[0m[34m[MAC]    BWPSize:  48, BWPStart:  29, SubcarrierSpacing: 1, CyclicPrefix: 0, StartSymbolIndex: 0, DurationSymbols: 1, CceRegMappingType: 1, RegBundleSize: 6, InterleaverSize: 2, CoreSetType: 0, ShiftIndex: 0, precoderGranularity: 0, numDlDci: 1
[0m[34m[MAC]    [gNB 0] Frame 1016 : MIB->BCH  CC_id 0, Received 3 bytes
[0m[34m[MAC]    dlDmrsSymbPos 244
[0m[34m[MAC]    BWPSize:  48, BWPStart:  29, SubcarrierSpacing: 1, CyclicPrefix: 0, StartSymbolIndex: 0, DurationSymbols: 1, CceRegMappingType: 1, RegBundleSize: 6, InterleaverSize: 2, CoreSetType: 0, ShiftIndex: 0, precoderGranularity: 0, numDlDci: 1
[0m[34m[MAC]    dlDmrsSymbPos 244
[0m[34m[MAC]    BWPSize:  48, BWPStart:  29, SubcarrierSpacing: 1, CyclicPrefix: 0, StartSymbolIndex: 0, DurationSymbols: 1, CceRegMappingType: 1, RegBundleSize: 6, InterleaverSize: 2, CoreSetType: 0, ShiftIndex: 0, precoderGranularity: 0, numDlDci: 1
[0m[34m[MAC]    dlDmrsSymbPos 244
[0m[34m[MAC]    BWPSize:  48, BWPStart:  29, SubcarrierSpacing: 1, CyclicPrefix: 0, StartSymbolIndex: 0, DurationSymbols: 1, CceRegMappingType: 1, RegBundleSize: 6, InterleaverSize: 2, CoreSetType: 0, ShiftIndex: 0, precoderGranularity: 0, numDlDci: 1
[0m[34m[MAC]    dlDmrsSymbPos 244
[0m[34m[MAC]    BWPSize:  48, BWPStart:  29, SubcarrierSpacing: 1, CyclicPrefix: 0, StartSymbolIndex: 0, DurationSymbols: 1, CceRegMappingType: 1, RegBundleSize: 6, InterleaverSize: 2, CoreSetType: 0, ShiftIndex: 0, precoderGranularity: 0, numDlDci: 1
[0m[34m[MAC]    [gNB 0] Frame 0 : MIB->BCH  CC_id 0, Received 3 bytes
[0m[34m[MAC]    dlDmrsSymbPos 244
[0m[34m[MAC]    BWPSize:  48, BWPStart:  29, SubcarrierSpacing: 1, CyclicPrefix: 0, StartSymbolIndex: 0, DurationSymbols: 1, CceRegMappingType: 1, RegBundleSize: 6, InterleaverSize: 2, CoreSetType: 0, ShiftIndex: 0, precoderGranularity: 0, numDlDci: 1
[0m[HW]     [o-du 0][rx   85179 pps   10752 kbps  299481][tx  255019 pps   31872 kbps  786891][Total Msgs_Rcvd 85179]
[0m[HW]     [o_du0][pusch0   73686 prach0   11493]
[0m[34m[MAC]    dlDmrsSymbPos 244
[0m[34m[MAC]    BWPSize:  48, BWPStart:  29, SubcarrierSpacing: 1, CyclicPrefix: 0, StartSymbolIndex: 0, DurationSymbols: 1, CceRegMappingType: 1, RegBundleSize: 6, InterleaverSize: 2, CoreSetType: 0, ShiftIndex: 0, precoderGranularity: 0, numDlDci: 1
[0m[34m[MAC]    dlDmrsSymbPos 244
[0m[34m[MAC]    BWPSize:  48, BWPStart:  29, SubcarrierSpacing: 1, CyclicPrefix: 0, StartSymbolIndex: 0, DurationSymbols: 1, CceRegMappingType: 1, RegBundleSize: 6, InterleaverSize: 2, CoreSetType: 0, ShiftIndex: 0, precoderGranularity: 0, numDlDci: 1
[0m[34m[MAC]    dlDmrsSymbPos 244
[0m[34m[MAC]    BWPSize:  48, BWPStart:  29, SubcarrierSpacing: 1, CyclicPrefix: 0, StartSymbolIndex: 0, DurationSymbols: 1, CceRegMappingType: 1, RegBundleSize: 6, InterleaverSize: 2, CoreSetType: 0, ShiftIndex: 0, precoderGranularity: 0, numDlDci: 1
[0m[34m[MAC]    [gNB 0] Frame 8 : MIB->BCH  CC_id 0, Received 3 bytes
[0m[34m[MAC]    dlDmrsSymbPos 244
[0m[34m[MAC]    BWPSize:  48, BWPStart:  29, SubcarrierSpacing: 1, CyclicPrefix: 0, StartSymbolIndex: 0, DurationSymbols: 1, CceRegMappingType: 1, RegBundleSize: 6, InterleaverSize: 2, CoreSetType: 0, ShiftIndex: 0, precoderGranularity: 0, numDlDci: 1
[0m[34m[MAC]    dlDmrsSymbPos 244
[0m[34m[MAC]    BWPSize:  48, BWPStart:  29, SubcarrierSpacing: 1, CyclicPrefix: 0, StartSymbolIndex: 0, DurationSymbols: 1, CceRegMappingType: 1, RegBundleSize: 6, InterleaverSize: 2, CoreSetType: 0, ShiftIndex: 0, precoderGranularity: 0, numDlDci: 1
[0m[34m[MAC]    dlDmrsSymbPos 244
[0m[34m[MAC]    BWPSize:  48, BWPStart:  29, SubcarrierSpacing: 1, CyclicPrefix: 0, StartSymbolIndex: 0, DurationSymbols: 1, CceRegMappingType: 1, RegBundleSize: 6, InterleaverSize: 2, CoreSetType: 0, ShiftIndex: 0, precoderGranularity: 0, numDlDci: 1
[0m[34m[MAC]    dlDmrsSymbPos 244
[0m[34m[MAC]    BWPSize:  48, BWPStart:  29, SubcarrierSpacing: 1, CyclicPrefix: 0, StartSymbolIndex: 0, DurationSymbols: 1, CceRegMappingType: 1, RegBundleSize: 6, InterleaverSize: 2, CoreSetType: 0, ShiftIndex: 0, precoderGranularity: 0, numDlDci: 1
[0m[34m[MAC]    [gNB 0] Frame 16 : MIB->BCH  CC_id 0, Received 3 bytes
[0m[34m[MAC]    dlDmrsSymbPos 244
[0m[34m[MAC]    BWPSize:  48, BWPStart:  29, SubcarrierSpacing: 1, CyclicPrefix: 0, StartSymbolIndex: 0, DurationSymbols: 1, CceRegMappingType: 1, RegBundleSize: 6, InterleaverSize: 2, CoreSetType: 0, ShiftIndex: 0, precoderGranularity: 0, numDlDci: 1
[0m[34m[MAC]    dlDmrsSymbPos 244
[0m[34m[MAC]    BWPSize:  48, BWPStart:  29, SubcarrierSpacing: 1, CyclicPrefix: 0, StartSymbolIndex: 0, DurationSymbols: 1, CceRegMappingType: 1, RegBundleSize: 6, InterleaverSize: 2, CoreSetType: 0, ShiftIndex: 0, precoderGranularity: 0, numDlDci: 1
[0m[34m[MAC]    dlDmrsSymbPos 244
[0m[34m[MAC]    BWPSize:  48, BWPStart:  29, SubcarrierSpacing: 1, CyclicPrefix: 0, StartSymbolIndex: 0, DurationSymbols: 1, CceRegMappingType: 1, RegBundleSize: 6, InterleaverSize: 2, CoreSetType: 0, ShiftIndex: 0, precoderGranularity: 0, numDlDci: 1
[0m[34m[MAC]    dlDmrsSymbPos 244
[0m[34m[MAC]    BWPSize:  48, BWPStart:  29, SubcarrierSpacing: 1, CyclicPrefix: 0, StartSymbolIndex: 0, DurationSymbols: 1, CceRegMappingType: 1, RegBundleSize: 6, InterleaverSize: 2, CoreSetType: 0, ShiftIndex: 0, precoderGranularity: 0, numDlDci: 1
[0m[34m[MAC]    [gNB 0] Frame 24 : MIB->BCH  CC_id 0, Received 3 bytes
[0m[34m[MAC]    dlDmrsSymbPos 244
[0m[34m[MAC]    BWPSize:  48, BWPStart:  29, SubcarrierSpacing: 1, CyclicPrefix: 0, StartSymbolIndex: 0, DurationSymbols: 1, CceRegMappingType: 1, RegBundleSize: 6, InterleaverSize: 2, CoreSetType: 0, ShiftIndex: 0, precoderGranularity: 0, numDlDci: 1
[0m[34m[MAC]    dlDmrsSymbPos 244
[0m[34m[MAC]    BWPSize:  48, BWPStart:  29, SubcarrierSpacing: 1, CyclicPrefix: 0, StartSymbolIndex: 0, DurationSymbols: 1, CceRegMappingType: 1, RegBundleSize: 6, InterleaverSize: 2, CoreSetType: 0, ShiftIndex: 0, precoderGranularity: 0, numDlDci: 1
[0m[34m[MAC]    dlDmrsSymbPos 244
[0m[34m[MAC]    BWPSize:  48, BWPStart:  29, SubcarrierSpacing: 1, CyclicPrefix: 0, StartSymbolIndex: 0, DurationSymbols: 1, CceRegMappingType: 1, RegBundleSize: 6, InterleaverSize: 2, CoreSetType: 0, ShiftIndex: 0, precoderGranularity: 0, numDlDci: 1
[0m[34m[MAC]    dlDmrsSymbPos 244
[0m[34m[MAC]    BWPSize:  48, BWPStart:  29, SubcarrierSpacing: 1, CyclicPrefix: 0, StartSymbolIndex: 0, DurationSymbols: 1, CceRegMappingType: 1, RegBundleSize: 6, InterleaverSize: 2, CoreSetType: 0, ShiftIndex: 0, precoderGranularity: 0, numDlDci: 1
[0m[34m[MAC]    [gNB 0] Frame 32 : MIB->BCH  CC_id 0, Received 3 bytes
[0m[34m[MAC]    dlDmrsSymbPos 244
[0m[34m[MAC]    BWPSize:  48, BWPStart:  29, SubcarrierSpacing: 1, CyclicPrefix: 0, StartSymbolIndex: 0, DurationSymbols: 1, CceRegMappingType: 1, RegBundleSize: 6, InterleaverSize: 2, CoreSetType: 0, ShiftIndex: 0, precoderGranularity: 0, numDlDci: 1
[0m[34m[MAC]    dlDmrsSymbPos 244
[0m[34m[MAC]    BWPSize:  48, BWPStart:  29, SubcarrierSpacing: 1, CyclicPrefix: 0, StartSymbolIndex: 0, DurationSymbols: 1, CceRegMappingType: 1, RegBundleSize: 6, InterleaverSize: 2, CoreSetType: 0, ShiftIndex: 0, precoderGranularity: 0, numDlDci: 1
[0m[34m[MAC]    dlDmrsSymbPos 244
[0m[34m[MAC]    BWPSize:  48, BWPStart:  29, SubcarrierSpacing: 1, CyclicPrefix: 0, StartSymbolIndex: 0, DurationSymbols: 1, CceRegMappingType: 1, RegBundleSize: 6, InterleaverSize: 2, CoreSetType: 0, ShiftIndex: 0, precoderGranularity: 0, numDlDci: 1
[0m[34m[MAC]    dlDmrsSymbPos 244
[0m[34m[MAC]    BWPSize:  48, BWPStart:  29, SubcarrierSpacing: 1, CyclicPrefix: 0, StartSymbolIndex: 0, DurationSymbols: 1, CceRegMappingType: 1, RegBundleSize: 6, InterleaverSize: 2, CoreSetType: 0, ShiftIndex: 0, precoderGranularity: 0, numDlDci: 1
[0m[34m[MAC]    [gNB 0] Frame 40 : MIB->BCH  CC_id 0, Received 3 bytes
[0m[34m[MAC]    dlDmrsSymbPos 244
[0m[34m[MAC]    BWPSize:  48, BWPStart:  29, SubcarrierSpacing: 1, CyclicPrefix: 0, StartSymbolIndex: 0, DurationSymbols: 1, CceRegMappingType: 1, RegBundleSize: 6, InterleaverSize: 2, CoreSetType: 0, ShiftIndex: 0, precoderGranularity: 0, numDlDci: 1
[0m[34m[MAC]    dlDmrsSymbPos 244
[0m[34m[MAC]    BWPSize:  48, BWPStart:  29, SubcarrierSpacing: 1, CyclicPrefix: 0, StartSymbolIndex: 0, DurationSymbols: 1, CceRegMappingType: 1, RegBundleSize: 6, InterleaverSize: 2, CoreSetType: 0, ShiftIndex: 0, precoderGranularity: 0, numDlDci: 1
[0m[34m[MAC]    dlDmrsSymbPos 244
[0m[34m[MAC]    BWPSize:  48, BWPStart:  29, SubcarrierSpacing: 1, CyclicPrefix: 0, StartSymbolIndex: 0, DurationSymbols: 1, CceRegMappingType: 1, RegBundleSize: 6, InterleaverSize: 2, CoreSetType: 0, ShiftIndex: 0, precoderGranularity: 0, numDlDci: 1
[0m[34m[MAC]    dlDmrsSymbPos 244
[0m[34m[MAC]    BWPSize:  48, BWPStart:  29, SubcarrierSpacing: 1, CyclicPrefix: 0, StartSymbolIndex: 0, DurationSymbols: 1, CceRegMappingType: 1, RegBundleSize: 6, InterleaverSize: 2, CoreSetType: 0, ShiftIndex: 0, precoderGranularity: 0, numDlDci: 1
[0m[34m[MAC]    [gNB 0] Frame 48 : MIB->BCH  CC_id 0, Received 3 bytes
[0m[34m[MAC]    dlDmrsSymbPos 244
[0m[34m[MAC]    BWPSize:  48, BWPStart:  29, SubcarrierSpacing: 1, CyclicPrefix: 0, StartSymbolIndex: 0, DurationSymbols: 1, CceRegMappingType: 1, RegBundleSize: 6, InterleaverSize: 2, CoreSetType: 0, ShiftIndex: 0, precoderGranularity: 0, numDlDci: 1
[0m[34m[MAC]    dlDmrsSymbPos 244
[0m[34m[MAC]    BWPSize:  48, BWPStart:  29, SubcarrierSpacing: 1, CyclicPrefix: 0, StartSymbolIndex: 0, DurationSymbols: 1, CceRegMappingType: 1, RegBundleSize: 6, InterleaverSize: 2, CoreSetType: 0, ShiftIndex: 0, precoderGranularity: 0, numDlDci: 1
[0m[34m[MAC]    dlDmrsSymbPos 244
[0m[34m[MAC]    BWPSize:  48, BWPStart:  29, SubcarrierSpacing: 1, CyclicPrefix: 0, StartSymbolIndex: 0, DurationSymbols: 1, CceRegMappingType: 1, RegBundleSize: 6, InterleaverSize: 2, CoreSetType: 0, ShiftIndex: 0, precoderGranularity: 0, numDlDci: 1
[0m[34m[MAC]    dlDmrsSymbPos 244
[0m[34m[MAC]    BWPSize:  48, BWPStart:  29, SubcarrierSpacing: 1, CyclicPrefix: 0, StartSymbolIndex: 0, DurationSymbols: 1, CceRegMappingType: 1, RegBundleSize: 6, InterleaverSize: 2, CoreSetType: 0, ShiftIndex: 0, precoderGranularity: 0, numDlDci: 1
[0m[34m[MAC]    [gNB 0] Frame 56 : MIB->BCH  CC_id 0, Received 3 bytes
[0m[34m[MAC]    dlDmrsSymbPos 244
[0m[34m[MAC]    BWPSize:  48, BWPStart:  29, SubcarrierSpacing: 1, CyclicPrefix: 0, StartSymbolIndex: 0, DurationSymbols: 1, CceRegMappingType: 1, RegBundleSize: 6, InterleaverSize: 2, CoreSetType: 0, ShiftIndex: 0, precoderGranularity: 0, numDlDci: 1
[0m[34m[MAC]    dlDmrsSymbPos 244
[0m[34m[MAC]    BWPSize:  48, BWPStart:  29, SubcarrierSpacing: 1, CyclicPrefix: 0, StartSymbolIndex: 0, DurationSymbols: 1, CceRegMappingType: 1, RegBundleSize: 6, InterleaverSize: 2, CoreSetType: 0, ShiftIndex: 0, precoderGranularity: 0, numDlDci: 1
[0m[34m[MAC]    dlDmrsSymbPos 244
[0m[34m[MAC]    BWPSize:  48, BWPStart:  29, SubcarrierSpacing: 1, CyclicPrefix: 0, StartSymbolIndex: 0, DurationSymbols: 1, CceRegMappingType: 1, RegBundleSize: 6, InterleaverSize: 2, CoreSetType: 0, ShiftIndex: 0, precoderGranularity: 0, numDlDci: 1
[0m[34m[MAC]    dlDmrsSymbPos 244
[0m[34m[MAC]    BWPSize:  48, BWPStart:  29, SubcarrierSpacing: 1, CyclicPrefix: 0, StartSymbolIndex: 0, DurationSymbols: 1, CceRegMappingType: 1, RegBundleSize: 6, InterleaverSize: 2, CoreSetType: 0, ShiftIndex: 0, precoderGranularity: 0, numDlDci: 1
[0m[34m[MAC]    [gNB 0] Frame 64 : MIB->BCH  CC_id 0, Received 3 bytes
[0m[34m[MAC]    dlDmrsSymbPos 244
[0m[34m[MAC]    BWPSize:  48, BWPStart:  29, SubcarrierSpacing: 1, CyclicPrefix: 0, StartSymbolIndex: 0, DurationSymbols: 1, CceRegMappingType: 1, RegBundleSize: 6, InterleaverSize: 2, CoreSetType: 0, ShiftIndex: 0, precoderGranularity: 0, numDlDci: 1
[0m[34m[MAC]    dlDmrsSymbPos 244
[0m[34m[MAC]    BWPSize:  48, BWPStart:  29, SubcarrierSpacing: 1, CyclicPrefix: 0, StartSymbolIndex: 0, DurationSymbols: 1, CceRegMappingType: 1, RegBundleSize: 6, InterleaverSize: 2, CoreSetType: 0, ShiftIndex: 0, precoderGranularity: 0, numDlDci: 1
[0m[34m[MAC]    dlDmrsSymbPos 244
[0m[34m[MAC]    BWPSize:  48, BWPStart:  29, SubcarrierSpacing: 1, CyclicPrefix: 0, StartSymbolIndex: 0, DurationSymbols: 1, CceRegMappingType: 1, RegBundleSize: 6, InterleaverSize: 2, CoreSetType: 0, ShiftIndex: 0, precoderGranularity: 0, numDlDci: 1
[0m[34m[MAC]    dlDmrsSymbPos 244
[0m[34m[MAC]    BWPSize:  48, BWPStart:  29, SubcarrierSpacing: 1, CyclicPrefix: 0, StartSymbolIndex: 0, DurationSymbols: 1, CceRegMappingType: 1, RegBundleSize: 6, InterleaverSize: 2, CoreSetType: 0, ShiftIndex: 0, precoderGranularity: 0, numDlDci: 1
[0m[34m[MAC]    [gNB 0] Frame 72 : MIB->BCH  CC_id 0, Received 3 bytes
[0m[34m[MAC]    dlDmrsSymbPos 244
[0m[34m[MAC]    BWPSize:  48, BWPStart:  29, SubcarrierSpacing: 1, CyclicPrefix: 0, StartSymbolIndex: 0, DurationSymbols: 1, CceRegMappingType: 1, RegBundleSize: 6, InterleaverSize: 2, CoreSetType: 0, ShiftIndex: 0, precoderGranularity: 0, numDlDci: 1
[0m[34m[MAC]    dlDmrsSymbPos 244
[0m[34m[MAC]    BWPSize:  48, BWPStart:  29, SubcarrierSpacing: 1, CyclicPrefix: 0, StartSymbolIndex: 0, DurationSymbols: 1, CceRegMappingType: 1, RegBundleSize: 6, InterleaverSize: 2, CoreSetType: 0, ShiftIndex: 0, precoderGranularity: 0, numDlDci: 1
[0m[34m[MAC]    dlDmrsSymbPos 244
[0m[34m[MAC]    BWPSize:  48, BWPStart:  29, SubcarrierSpacing: 1, CyclicPrefix: 0, StartSymbolIndex: 0, DurationSymbols: 1, CceRegMappingType: 1, RegBundleSize: 6, InterleaverSize: 2, CoreSetType: 0, ShiftIndex: 0, precoderGranularity: 0, numDlDci: 1
[0m[34m[MAC]    dlDmrsSymbPos 244
[0m[34m[MAC]    BWPSize:  48, BWPStart:  29, SubcarrierSpacing: 1, CyclicPrefix: 0, StartSymbolIndex: 0, DurationSymbols: 1, CceRegMappingType: 1, RegBundleSize: 6, InterleaverSize: 2, CoreSetType: 0, ShiftIndex: 0, precoderGranularity: 0, numDlDci: 1
[0m[34m[MAC]    [gNB 0] Frame 80 : MIB->BCH  CC_id 0, Received 3 bytes
[0m[34m[MAC]    dlDmrsSymbPos 244
[0m[34m[MAC]    BWPSize:  48, BWPStart:  29, SubcarrierSpacing: 1, CyclicPrefix: 0, StartSymbolIndex: 0, DurationSymbols: 1, CceRegMappingType: 1, RegBundleSize: 6, InterleaverSize: 2, CoreSetType: 0, ShiftIndex: 0, precoderGranularity: 0, numDlDci: 1
[0m[34m[MAC]    dlDmrsSymbPos 244
[0m[34m[MAC]    BWPSize:  48, BWPStart:  29, SubcarrierSpacing: 1, CyclicPrefix: 0, StartSymbolIndex: 0, DurationSymbols: 1, CceRegMappingType: 1, RegBundleSize: 6, InterleaverSize: 2, CoreSetType: 0, ShiftIndex: 0, precoderGranularity: 0, numDlDci: 1
[0m[34m[MAC]    dlDmrsSymbPos 244
[0m[34m[MAC]    BWPSize:  48, BWPStart:  29, SubcarrierSpacing: 1, CyclicPrefix: 0, StartSymbolIndex: 0, DurationSymbols: 1, CceRegMappingType: 1, RegBundleSize: 6, InterleaverSize: 2, CoreSetType: 0, ShiftIndex: 0, precoderGranularity: 0, numDlDci: 1
[0m[34m[MAC]    dlDmrsSymbPos 244
[0m[34m[MAC]    BWPSize:  48, BWPStart:  29, SubcarrierSpacing: 1, CyclicPrefix: 0, StartSymbolIndex: 0, DurationSymbols: 1, CceRegMappingType: 1, RegBundleSize: 6, InterleaverSize: 2, CoreSetType: 0, ShiftIndex: 0, precoderGranularity: 0, numDlDci: 1
[0m[34m[MAC]    [gNB 0] Frame 88 : MIB->BCH  CC_id 0, Received 3 bytes
[0m[34m[MAC]    dlDmrsSymbPos 244
[0m[34m[MAC]    BWPSize:  48, BWPStart:  29, SubcarrierSpacing: 1, CyclicPrefix: 0, StartSymbolIndex: 0, DurationSymbols: 1, CceRegMappingType: 1, RegBundleSize: 6, InterleaverSize: 2, CoreSetType: 0, ShiftIndex: 0, precoderGranularity: 0, numDlDci: 1
[0m[34m[MAC]    dlDmrsSymbPos 244
[0m[34m[MAC]    BWPSize:  48, BWPStart:  29, SubcarrierSpacing: 1, CyclicPrefix: 0, StartSymbolIndex: 0, DurationSymbols: 1, CceRegMappingType: 1, RegBundleSize: 6, InterleaverSize: 2, CoreSetType: 0, ShiftIndex: 0, precoderGranularity: 0, numDlDci: 1
[0m[34m[MAC]    dlDmrsSymbPos 244
[0m[34m[MAC]    BWPSize:  48, BWPStart:  29, SubcarrierSpacing: 1, CyclicPrefix: 0, StartSymbolIndex: 0, DurationSymbols: 1, CceRegMappingType: 1, RegBundleSize: 6, InterleaverSize: 2, CoreSetType: 0, ShiftIndex: 0, precoderGranularity: 0, numDlDci: 1
[0m[34m[MAC]    dlDmrsSymbPos 244
[0m[34m[MAC]    BWPSize:  48, BWPStart:  29, SubcarrierSpacing: 1, CyclicPrefix: 0, StartSymbolIndex: 0, DurationSymbols: 1, CceRegMappingType: 1, RegBundleSize: 6, InterleaverSize: 2, CoreSetType: 0, ShiftIndex: 0, precoderGranularity: 0, numDlDci: 1
[0m[34m[MAC]    [gNB 0] Frame 96 : MIB->BCH  CC_id 0, Received 3 bytes
[0m[34m[MAC]    dlDmrsSymbPos 244
[0m[34m[MAC]    BWPSize:  48, BWPStart:  29, SubcarrierSpacing: 1, CyclicPrefix: 0, StartSymbolIndex: 0, DurationSymbols: 1, CceRegMappingType: 1, RegBundleSize: 6, InterleaverSize: 2, CoreSetType: 0, ShiftIndex: 0, precoderGranularity: 0, numDlDci: 1
[0m[34m[MAC]    dlDmrsSymbPos 244
[0m[34m[MAC]    BWPSize:  48, BWPStart:  29, SubcarrierSpacing: 1, CyclicPrefix: 0, StartSymbolIndex: 0, DurationSymbols: 1, CceRegMappingType: 1, RegBundleSize: 6, InterleaverSize: 2, CoreSetType: 0, ShiftIndex: 0, precoderGranularity: 0, numDlDci: 1
[0m[34m[MAC]    dlDmrsSymbPos 244
[0m[34m[MAC]    BWPSize:  48, BWPStart:  29, SubcarrierSpacing: 1, CyclicPrefix: 0, StartSymbolIndex: 0, DurationSymbols: 1, CceRegMappingType: 1, RegBundleSize: 6, InterleaverSize: 2, CoreSetType: 0, ShiftIndex: 0, precoderGranularity: 0, numDlDci: 1
[0m[34m[MAC]    dlDmrsSymbPos 244
[0m[34m[MAC]    BWPSize:  48, BWPStart:  29, SubcarrierSpacing: 1, CyclicPrefix: 0, StartSymbolIndex: 0, DurationSymbols: 1, CceRegMappingType: 1, RegBundleSize: 6, InterleaverSize: 2, CoreSetType: 0, ShiftIndex: 0, precoderGranularity: 0, numDlDci: 1
[0m[34m[MAC]    [gNB 0] Frame 104 : MIB->BCH  CC_id 0, Received 3 bytes
[0m[34m[MAC]    dlDmrsSymbPos 244
[0m[34m[MAC]    BWPSize:  48, BWPStart:  29, SubcarrierSpacing: 1, CyclicPrefix: 0, StartSymbolIndex: 0, DurationSymbols: 1, CceRegMappingType: 1, RegBundleSize: 6, InterleaverSize: 2, CoreSetType: 0, ShiftIndex: 0, precoderGranularity: 0, numDlDci: 1
[0m[34m[MAC]    dlDmrsSymbPos 244
[0m[34m[MAC]    BWPSize:  48, BWPStart:  29, SubcarrierSpacing: 1, CyclicPrefix: 0, StartSymbolIndex: 0, DurationSymbols: 1, CceRegMappingType: 1, RegBundleSize: 6, InterleaverSize: 2, CoreSetType: 0, ShiftIndex: 0, precoderGranularity: 0, numDlDci: 1
[0m[34m[MAC]    dlDmrsSymbPos 244
[0m[34m[MAC]    BWPSize:  48, BWPStart:  29, SubcarrierSpacing: 1, CyclicPrefix: 0, StartSymbolIndex: 0, DurationSymbols: 1, CceRegMappingType: 1, RegBundleSize: 6, InterleaverSize: 2, CoreSetType: 0, ShiftIndex: 0, precoderGranularity: 0, numDlDci: 1
[0m[34m[MAC]    dlDmrsSymbPos 244
[0m[34m[MAC]    BWPSize:  48, BWPStart:  29, SubcarrierSpacing: 1, CyclicPrefix: 0, StartSymbolIndex: 0, DurationSymbols: 1, CceRegMappingType: 1, RegBundleSize: 6, InterleaverSize: 2, CoreSetType: 0, ShiftIndex: 0, precoderGranularity: 0, numDlDci: 1
[0m[34m[MAC]    [gNB 0] Frame 112 : MIB->BCH  CC_id 0, Received 3 bytes
[0m[34m[MAC]    dlDmrsSymbPos 244
[0m[34m[MAC]    BWPSize:  48, BWPStart:  29, SubcarrierSpacing: 1, CyclicPrefix: 0, StartSymbolIndex: 0, DurationSymbols: 1, CceRegMappingType: 1, RegBundleSize: 6, InterleaverSize: 2, CoreSetType: 0, ShiftIndex: 0, precoderGranularity: 0, numDlDci: 1
[0m[34m[MAC]    dlDmrsSymbPos 244
[0m[34m[MAC]    BWPSize:  48, BWPStart:  29, SubcarrierSpacing: 1, CyclicPrefix: 0, StartSymbolIndex: 0, DurationSymbols: 1, CceRegMappingType: 1, RegBundleSize: 6, InterleaverSize: 2, CoreSetType: 0, ShiftIndex: 0, precoderGranularity: 0, numDlDci: 1
[0m[34m[MAC]    dlDmrsSymbPos 244
[0m[34m[MAC]    BWPSize:  48, BWPStart:  29, SubcarrierSpacing: 1, CyclicPrefix: 0, StartSymbolIndex: 0, DurationSymbols: 1, CceRegMappingType: 1, RegBundleSize: 6, InterleaverSize: 2, CoreSetType: 0, ShiftIndex: 0, precoderGranularity: 0, numDlDci: 1
[0m[34m[MAC]    dlDmrsSymbPos 244
[0m[34m[MAC]    BWPSize:  48, BWPStart:  29, SubcarrierSpacing: 1, CyclicPrefix: 0, StartSymbolIndex: 0, DurationSymbols: 1, CceRegMappingType: 1, RegBundleSize: 6, InterleaverSize: 2, CoreSetType: 0, ShiftIndex: 0, precoderGranularity: 0, numDlDci: 1
[0m[34m[MAC]    [gNB 0] Frame 120 : MIB->BCH  CC_id 0, Received 3 bytes
[0m[34m[MAC]    dlDmrsSymbPos 244
[0m[34m[MAC]    BWPSize:  48, BWPStart:  29, SubcarrierSpacing: 1, CyclicPrefix: 0, StartSymbolIndex: 0, DurationSymbols: 1, CceRegMappingType: 1, RegBundleSize: 6, InterleaverSize: 2, CoreSetType: 0, ShiftIndex: 0, precoderGranularity: 0, numDlDci: 1
[0m[34m[MAC]    dlDmrsSymbPos 244
[0m[34m[MAC]    BWPSize:  48, BWPStart:  29, SubcarrierSpacing: 1, CyclicPrefix: 0, StartSymbolIndex: 0, DurationSymbols: 1, CceRegMappingType: 1, RegBundleSize: 6, InterleaverSize: 2, CoreSetType: 0, ShiftIndex: 0, precoderGranularity: 0, numDlDci: 1
[0m[34m[MAC]    dlDmrsSymbPos 244
[0m[34m[MAC]    BWPSize:  48, BWPStart:  29, SubcarrierSpacing: 1, CyclicPrefix: 0, StartSymbolIndex: 0, DurationSymbols: 1, CceRegMappingType: 1, RegBundleSize: 6, InterleaverSize: 2, CoreSetType: 0, ShiftIndex: 0, precoderGranularity: 0, numDlDci: 1
[0m[34m[MAC]    dlDmrsSymbPos 244
[0m[34m[MAC]    BWPSize:  48, BWPStart:  29, SubcarrierSpacing: 1, CyclicPrefix: 0, StartSymbolIndex: 0, DurationSymbols: 1, CceRegMappingType: 1, RegBundleSize: 6, InterleaverSize: 2, CoreSetType: 0, ShiftIndex: 0, precoderGranularity: 0, numDlDci: 1
[0m[34m[MAC]    [gNB 0] Frame 128 : MIB->BCH  CC_id 0, Received 3 bytes
[0m[34m[MAC]    dlDmrsSymbPos 244
[0m[34m[MAC]    BWPSize:  48, BWPStart:  29, SubcarrierSpacing: 1, CyclicPrefix: 0, StartSymbolIndex: 0, DurationSymbols: 1, CceRegMappingType: 1, RegBundleSize: 6, InterleaverSize: 2, CoreSetType: 0, ShiftIndex: 0, precoderGranularity: 0, numDlDci: 1
[0m[HW]     [o-du 0][rx   95931 pps   10752 kbps  299481][tx  286891 pps   31872 kbps  786891][Total Msgs_Rcvd 95931]
[0m[HW]     [o_du0][pusch0   82902 prach0   13029]
[0m[34m[MAC]    dlDmrsSymbPos 244
[0m[34m[MAC]    BWPSize:  48, BWPStart:  29, SubcarrierSpacing: 1, CyclicPrefix: 0, StartSymbolIndex: 0, DurationSymbols: 1, CceRegMappingType: 1, RegBundleSize: 6, InterleaverSize: 2, CoreSetType: 0, ShiftIndex: 0, precoderGranularity: 0, numDlDci: 1
[0m[34m[MAC]    dlDmrsSymbPos 244
[0m[34m[MAC]    BWPSize:  48, BWPStart:  29, SubcarrierSpacing: 1, CyclicPrefix: 0, StartSymbolIndex: 0, DurationSymbols: 1, CceRegMappingType: 1, RegBundleSize: 6, InterleaverSize: 2, CoreSetType: 0, ShiftIndex: 0, precoderGranularity: 0, numDlDci: 1
[0m[34m[MAC]    dlDmrsSymbPos 244
[0m[34m[MAC]    BWPSize:  48, BWPStart:  29, SubcarrierSpacing: 1, CyclicPrefix: 0, StartSymbolIndex: 0, DurationSymbols: 1, CceRegMappingType: 1, RegBundleSize: 6, InterleaverSize: 2, CoreSetType: 0, ShiftIndex: 0, precoderGranularity: 0, numDlDci: 1
[0m[34m[MAC]    [gNB 0] Frame 136 : MIB->BCH  CC_id 0, Received 3 bytes
[0m[34m[MAC]    dlDmrsSymbPos 244
[0m[34m[MAC]    BWPSize:  48, BWPStart:  29, SubcarrierSpacing: 1, CyclicPrefix: 0, StartSymbolIndex: 0, DurationSymbols: 1, CceRegMappingType: 1, RegBundleSize: 6, InterleaverSize: 2, CoreSetType: 0, ShiftIndex: 0, precoderGranularity: 0, numDlDci: 1
[0m[34m[MAC]    dlDmrsSymbPos 244
[0m[34m[MAC]    BWPSize:  48, BWPStart:  29, SubcarrierSpacing: 1, CyclicPrefix: 0, StartSymbolIndex: 0, DurationSymbols: 1, CceRegMappingType: 1, RegBundleSize: 6, InterleaverSize: 2, CoreSetType: 0, ShiftIndex: 0, precoderGranularity: 0, numDlDci: 1
[0m[34m[MAC]    dlDmrsSymbPos 244
[0m[34m[MAC]    BWPSize:  48, BWPStart:  29, SubcarrierSpacing: 1, CyclicPrefix: 0, StartSymbolIndex: 0, DurationSymbols: 1, CceRegMappingType: 1, RegBundleSize: 6, InterleaverSize: 2, CoreSetType: 0, ShiftIndex: 0, precoderGranularity: 0, numDlDci: 1
[0m[34m[MAC]    dlDmrsSymbPos 244
[0m[34m[MAC]    BWPSize:  48, BWPStart:  29, SubcarrierSpacing: 1, CyclicPrefix: 0, StartSymbolIndex: 0, DurationSymbols: 1, CceRegMappingType: 1, RegBundleSize: 6, InterleaverSize: 2, CoreSetType: 0, ShiftIndex: 0, precoderGranularity: 0, numDlDci: 1
[0m[34m[MAC]    [gNB 0] Frame 144 : MIB->BCH  CC_id 0, Received 3 bytes
[0m[34m[MAC]    dlDmrsSymbPos 244
[0m[34m[MAC]    BWPSize:  48, BWPStart:  29, SubcarrierSpacing: 1, CyclicPrefix: 0, StartSymbolIndex: 0, DurationSymbols: 1, CceRegMappingType: 1, RegBundleSize: 6, InterleaverSize: 2, CoreSetType: 0, ShiftIndex: 0, precoderGranularity: 0, numDlDci: 1
[0m[34m[MAC]    dlDmrsSymbPos 244
[0m[34m[MAC]    BWPSize:  48, BWPStart:  29, SubcarrierSpacing: 1, CyclicPrefix: 0, StartSymbolIndex: 0, DurationSymbols: 1, CceRegMappingType: 1, RegBundleSize: 6, InterleaverSize: 2, CoreSetType: 0, ShiftIndex: 0, precoderGranularity: 0, numDlDci: 1
[0m[34m[MAC]    dlDmrsSymbPos 244
[0m[34m[MAC]    BWPSize:  48, BWPStart:  29, SubcarrierSpacing: 1, CyclicPrefix: 0, StartSymbolIndex: 0, DurationSymbols: 1, CceRegMappingType: 1, RegBundleSize: 6, InterleaverSize: 2, CoreSetType: 0, ShiftIndex: 0, precoderGranularity: 0, numDlDci: 1
[0m[34m[MAC]    dlDmrsSymbPos 244
[0m[34m[MAC]    BWPSize:  48, BWPStart:  29, SubcarrierSpacing: 1, CyclicPrefix: 0, StartSymbolIndex: 0, DurationSymbols: 1, CceRegMappingType: 1, RegBundleSize: 6, InterleaverSize: 2, CoreSetType: 0, ShiftIndex: 0, precoderGranularity: 0, numDlDci: 1
[0m[34m[MAC]    [gNB 0] Frame 152 : MIB->BCH  CC_id 0, Received 3 bytes
[0m[34m[MAC]    dlDmrsSymbPos 244
[0m[34m[MAC]    BWPSize:  48, BWPStart:  29, SubcarrierSpacing: 1, CyclicPrefix: 0, StartSymbolIndex: 0, DurationSymbols: 1, CceRegMappingType: 1, RegBundleSize: 6, InterleaverSize: 2, CoreSetType: 0, ShiftIndex: 0, precoderGranularity: 0, numDlDci: 1
[0m[34m[MAC]    dlDmrsSymbPos 244
[0m[34m[MAC]    BWPSize:  48, BWPStart:  29, SubcarrierSpacing: 1, CyclicPrefix: 0, StartSymbolIndex: 0, DurationSymbols: 1, CceRegMappingType: 1, RegBundleSize: 6, InterleaverSize: 2, CoreSetType: 0, ShiftIndex: 0, precoderGranularity: 0, numDlDci: 1
[0m[34m[MAC]    dlDmrsSymbPos 244
[0m[34m[MAC]    BWPSize:  48, BWPStart:  29, SubcarrierSpacing: 1, CyclicPrefix: 0, StartSymbolIndex: 0, DurationSymbols: 1, CceRegMappingType: 1, RegBundleSize: 6, InterleaverSize: 2, CoreSetType: 0, ShiftIndex: 0, precoderGranularity: 0, numDlDci: 1
[0m[34m[MAC]    dlDmrsSymbPos 244
[0m[34m[MAC]    BWPSize:  48, BWPStart:  29, SubcarrierSpacing: 1, CyclicPrefix: 0, StartSymbolIndex: 0, DurationSymbols: 1, CceRegMappingType: 1, RegBundleSize: 6, InterleaverSize: 2, CoreSetType: 0, ShiftIndex: 0, precoderGranularity: 0, numDlDci: 1
[0m[34m[MAC]    [gNB 0] Frame 160 : MIB->BCH  CC_id 0, Received 3 bytes
[0m[34m[MAC]    dlDmrsSymbPos 244
[0m[34m[MAC]    BWPSize:  48, BWPStart:  29, SubcarrierSpacing: 1, CyclicPrefix: 0, StartSymbolIndex: 0, DurationSymbols: 1, CceRegMappingType: 1, RegBundleSize: 6, InterleaverSize: 2, CoreSetType: 0, ShiftIndex: 0, precoderGranularity: 0, numDlDci: 1
[0m[34m[MAC]    dlDmrsSymbPos 244
[0m[34m[MAC]    BWPSize:  48, BWPStart:  29, SubcarrierSpacing: 1, CyclicPrefix: 0, StartSymbolIndex: 0, DurationSymbols: 1, CceRegMappingType: 1, RegBundleSize: 6, InterleaverSize: 2, CoreSetType: 0, ShiftIndex: 0, precoderGranularity: 0, numDlDci: 1
[0m[34m[MAC]    dlDmrsSymbPos 244
[0m[34m[MAC]    BWPSize:  48, BWPStart:  29, SubcarrierSpacing: 1, CyclicPrefix: 0, StartSymbolIndex: 0, DurationSymbols: 1, CceRegMappingType: 1, RegBundleSize: 6, InterleaverSize: 2, CoreSetType: 0, ShiftIndex: 0, precoderGranularity: 0, numDlDci: 1
[0m[34m[MAC]    dlDmrsSymbPos 244
[0m[34m[MAC]    BWPSize:  48, BWPStart:  29, SubcarrierSpacing: 1, CyclicPrefix: 0, StartSymbolIndex: 0, DurationSymbols: 1, CceRegMappingType: 1, RegBundleSize: 6, InterleaverSize: 2, CoreSetType: 0, ShiftIndex: 0, precoderGranularity: 0, numDlDci: 1
[0m[34m[MAC]    [gNB 0] Frame 168 : MIB->BCH  CC_id 0, Received 3 bytes
[0m[34m[MAC]    dlDmrsSymbPos 244
[0m[34m[MAC]    BWPSize:  48, BWPStart:  29, SubcarrierSpacing: 1, CyclicPrefix: 0, StartSymbolIndex: 0, DurationSymbols: 1, CceRegMappingType: 1, RegBundleSize: 6, InterleaverSize: 2, CoreSetType: 0, ShiftIndex: 0, precoderGranularity: 0, numDlDci: 1
[0m[34m[MAC]    dlDmrsSymbPos 244
[0m[34m[MAC]    BWPSize:  48, BWPStart:  29, SubcarrierSpacing: 1, CyclicPrefix: 0, StartSymbolIndex: 0, DurationSymbols: 1, CceRegMappingType: 1, RegBundleSize: 6, InterleaverSize: 2, CoreSetType: 0, ShiftIndex: 0, precoderGranularity: 0, numDlDci: 1
[0m[34m[MAC]    dlDmrsSymbPos 244
[0m[34m[MAC]    BWPSize:  48, BWPStart:  29, SubcarrierSpacing: 1, CyclicPrefix: 0, StartSymbolIndex: 0, DurationSymbols: 1, CceRegMappingType: 1, RegBundleSize: 6, InterleaverSize: 2, CoreSetType: 0, ShiftIndex: 0, precoderGranularity: 0, numDlDci: 1
[0m[34m[MAC]    dlDmrsSymbPos 244
[0m[34m[MAC]    BWPSize:  48, BWPStart:  29, SubcarrierSpacing: 1, CyclicPrefix: 0, StartSymbolIndex: 0, DurationSymbols: 1, CceRegMappingType: 1, RegBundleSize: 6, InterleaverSize: 2, CoreSetType: 0, ShiftIndex: 0, precoderGranularity: 0, numDlDci: 1
[0m[34m[MAC]    [gNB 0] Frame 176 : MIB->BCH  CC_id 0, Received 3 bytes
[0m[34m[MAC]    dlDmrsSymbPos 244
[0m[34m[MAC]    BWPSize:  48, BWPStart:  29, SubcarrierSpacing: 1, CyclicPrefix: 0, StartSymbolIndex: 0, DurationSymbols: 1, CceRegMappingType: 1, RegBundleSize: 6, InterleaverSize: 2, CoreSetType: 0, ShiftIndex: 0, precoderGranularity: 0, numDlDci: 1
[0m[34m[MAC]    dlDmrsSymbPos 244
[0m[34m[MAC]    BWPSize:  48, BWPStart:  29, SubcarrierSpacing: 1, CyclicPrefix: 0, StartSymbolIndex: 0, DurationSymbols: 1, CceRegMappingType: 1, RegBundleSize: 6, InterleaverSize: 2, CoreSetType: 0, ShiftIndex: 0, precoderGranularity: 0, numDlDci: 1
[0m[34m[MAC]    dlDmrsSymbPos 244
[0m[34m[MAC]    BWPSize:  48, BWPStart:  29, SubcarrierSpacing: 1, CyclicPrefix: 0, StartSymbolIndex: 0, DurationSymbols: 1, CceRegMappingType: 1, RegBundleSize: 6, InterleaverSize: 2, CoreSetType: 0, ShiftIndex: 0, precoderGranularity: 0, numDlDci: 1
[0m[34m[MAC]    dlDmrsSymbPos 244
[0m[34m[MAC]    BWPSize:  48, BWPStart:  29, SubcarrierSpacing: 1, CyclicPrefix: 0, StartSymbolIndex: 0, DurationSymbols: 1, CceRegMappingType: 1, RegBundleSize: 6, InterleaverSize: 2, CoreSetType: 0, ShiftIndex: 0, precoderGranularity: 0, numDlDci: 1
[0m[34m[MAC]    [gNB 0] Frame 184 : MIB->BCH  CC_id 0, Received 3 bytes
[0m[34m[MAC]    dlDmrsSymbPos 244
[0m[34m[MAC]    BWPSize:  48, BWPStart:  29, SubcarrierSpacing: 1, CyclicPrefix: 0, StartSymbolIndex: 0, DurationSymbols: 1, CceRegMappingType: 1, RegBundleSize: 6, InterleaverSize: 2, CoreSetType: 0, ShiftIndex: 0, precoderGranularity: 0, numDlDci: 1
[0m[34m[MAC]    dlDmrsSymbPos 244
[0m[34m[MAC]    BWPSize:  48, BWPStart:  29, SubcarrierSpacing: 1, CyclicPrefix: 0, StartSymbolIndex: 0, DurationSymbols: 1, CceRegMappingType: 1, RegBundleSize: 6, InterleaverSize: 2, CoreSetType: 0, ShiftIndex: 0, precoderGranularity: 0, numDlDci: 1
[0m[34m[MAC]    dlDmrsSymbPos 244
[0m[34m[MAC]    BWPSize:  48, BWPStart:  29, SubcarrierSpacing: 1, CyclicPrefix: 0, StartSymbolIndex: 0, DurationSymbols: 1, CceRegMappingType: 1, RegBundleSize: 6, InterleaverSize: 2, CoreSetType: 0, ShiftIndex: 0, precoderGranularity: 0, numDlDci: 1
[0m[34m[MAC]    dlDmrsSymbPos 244
[0m[34m[MAC]    BWPSize:  48, BWPStart:  29, SubcarrierSpacing: 1, CyclicPrefix: 0, StartSymbolIndex: 0, DurationSymbols: 1, CceRegMappingType: 1, RegBundleSize: 6, InterleaverSize: 2, CoreSetType: 0, ShiftIndex: 0, precoderGranularity: 0, numDlDci: 1
[0m[34m[MAC]    [gNB 0] Frame 192 : MIB->BCH  CC_id 0, Received 3 bytes
[0m[34m[MAC]    dlDmrsSymbPos 244
[0m[34m[MAC]    BWPSize:  48, BWPStart:  29, SubcarrierSpacing: 1, CyclicPrefix: 0, StartSymbolIndex: 0, DurationSymbols: 1, CceRegMappingType: 1, RegBundleSize: 6, InterleaverSize: 2, CoreSetType: 0, ShiftIndex: 0, precoderGranularity: 0, numDlDci: 1
[0m[34m[MAC]    dlDmrsSymbPos 244
[0m[34m[MAC]    BWPSize:  48, BWPStart:  29, SubcarrierSpacing: 1, CyclicPrefix: 0, StartSymbolIndex: 0, DurationSymbols: 1, CceRegMappingType: 1, RegBundleSize: 6, InterleaverSize: 2, CoreSetType: 0, ShiftIndex: 0, precoderGranularity: 0, numDlDci: 1
[0m[34m[MAC]    dlDmrsSymbPos 244
[0m[34m[MAC]    BWPSize:  48, BWPStart:  29, SubcarrierSpacing: 1, CyclicPrefix: 0, StartSymbolIndex: 0, DurationSymbols: 1, CceRegMappingType: 1, RegBundleSize: 6, InterleaverSize: 2, CoreSetType: 0, ShiftIndex: 0, precoderGranularity: 0, numDlDci: 1
[0m[34m[MAC]    dlDmrsSymbPos 244
[0m[34m[MAC]    BWPSize:  48, BWPStart:  29, SubcarrierSpacing: 1, CyclicPrefix: 0, StartSymbolIndex: 0, DurationSymbols: 1, CceRegMappingType: 1, RegBundleSize: 6, InterleaverSize: 2, CoreSetType: 0, ShiftIndex: 0, precoderGranularity: 0, numDlDci: 1
[0m[34m[MAC]    [gNB 0] Frame 200 : MIB->BCH  CC_id 0, Received 3 bytes
[0m[34m[MAC]    dlDmrsSymbPos 244
[0m[34m[MAC]    BWPSize:  48, BWPStart:  29, SubcarrierSpacing: 1, CyclicPrefix: 0, StartSymbolIndex: 0, DurationSymbols: 1, CceRegMappingType: 1, RegBundleSize: 6, InterleaverSize: 2, CoreSetType: 0, ShiftIndex: 0, precoderGranularity: 0, numDlDci: 1
[0m[34m[MAC]    dlDmrsSymbPos 244
[0m[34m[MAC]    BWPSize:  48, BWPStart:  29, SubcarrierSpacing: 1, CyclicPrefix: 0, StartSymbolIndex: 0, DurationSymbols: 1, CceRegMappingType: 1, RegBundleSize: 6, InterleaverSize: 2, CoreSetType: 0, ShiftIndex: 0, precoderGranularity: 0, numDlDci: 1
[0m[34m[MAC]    dlDmrsSymbPos 244
[0m[34m[MAC]    BWPSize:  48, BWPStart:  29, SubcarrierSpacing: 1, CyclicPrefix: 0, StartSymbolIndex: 0, DurationSymbols: 1, CceRegMappingType: 1, RegBundleSize: 6, InterleaverSize: 2, CoreSetType: 0, ShiftIndex: 0, precoderGranularity: 0, numDlDci: 1
[0m[34m[MAC]    dlDmrsSymbPos 244
[0m[34m[MAC]    BWPSize:  48, BWPStart:  29, SubcarrierSpacing: 1, CyclicPrefix: 0, StartSymbolIndex: 0, DurationSymbols: 1, CceRegMappingType: 1, RegBundleSize: 6, InterleaverSize: 2, CoreSetType: 0, ShiftIndex: 0, precoderGranularity: 0, numDlDci: 1
[0m[34m[MAC]    [gNB 0] Frame 208 : MIB->BCH  CC_id 0, Received 3 bytes
[0m[34m[MAC]    dlDmrsSymbPos 244
[0m[34m[MAC]    BWPSize:  48, BWPStart:  29, SubcarrierSpacing: 1, CyclicPrefix: 0, StartSymbolIndex: 0, DurationSymbols: 1, CceRegMappingType: 1, RegBundleSize: 6, InterleaverSize: 2, CoreSetType: 0, ShiftIndex: 0, precoderGranularity: 0, numDlDci: 1
[0m[34m[MAC]    dlDmrsSymbPos 244
[0m[34m[MAC]    BWPSize:  48, BWPStart:  29, SubcarrierSpacing: 1, CyclicPrefix: 0, StartSymbolIndex: 0, DurationSymbols: 1, CceRegMappingType: 1, RegBundleSize: 6, InterleaverSize: 2, CoreSetType: 0, ShiftIndex: 0, precoderGranularity: 0, numDlDci: 1
[0m[34m[MAC]    dlDmrsSymbPos 244
[0m[34m[MAC]    BWPSize:  48, BWPStart:  29, SubcarrierSpacing: 1, CyclicPrefix: 0, StartSymbolIndex: 0, DurationSymbols: 1, CceRegMappingType: 1, RegBundleSize: 6, InterleaverSize: 2, CoreSetType: 0, ShiftIndex: 0, precoderGranularity: 0, numDlDci: 1
[0m[34m[MAC]    dlDmrsSymbPos 244
[0m[34m[MAC]    BWPSize:  48, BWPStart:  29, SubcarrierSpacing: 1, CyclicPrefix: 0, StartSymbolIndex: 0, DurationSymbols: 1, CceRegMappingType: 1, RegBundleSize: 6, InterleaverSize: 2, CoreSetType: 0, ShiftIndex: 0, precoderGranularity: 0, numDlDci: 1
[0m[34m[MAC]    [gNB 0] Frame 216 : MIB->BCH  CC_id 0, Received 3 bytes
[0m[34m[MAC]    dlDmrsSymbPos 244
[0m[34m[MAC]    BWPSize:  48, BWPStart:  29, SubcarrierSpacing: 1, CyclicPrefix: 0, StartSymbolIndex: 0, DurationSymbols: 1, CceRegMappingType: 1, RegBundleSize: 6, InterleaverSize: 2, CoreSetType: 0, ShiftIndex: 0, precoderGranularity: 0, numDlDci: 1
[0m[34m[MAC]    dlDmrsSymbPos 244
[0m[34m[MAC]    BWPSize:  48, BWPStart:  29, SubcarrierSpacing: 1, CyclicPrefix: 0, StartSymbolIndex: 0, DurationSymbols: 1, CceRegMappingType: 1, RegBundleSize: 6, InterleaverSize: 2, CoreSetType: 0, ShiftIndex: 0, precoderGranularity: 0, numDlDci: 1
[0m[34m[MAC]    dlDmrsSymbPos 244
[0m[34m[MAC]    BWPSize:  48, BWPStart:  29, SubcarrierSpacing: 1, CyclicPrefix: 0, StartSymbolIndex: 0, DurationSymbols: 1, CceRegMappingType: 1, RegBundleSize: 6, InterleaverSize: 2, CoreSetType: 0, ShiftIndex: 0, precoderGranularity: 0, numDlDci: 1
[0m[34m[MAC]    dlDmrsSymbPos 244
[0m[34m[MAC]    BWPSize:  48, BWPStart:  29, SubcarrierSpacing: 1, CyclicPrefix: 0, StartSymbolIndex: 0, DurationSymbols: 1, CceRegMappingType: 1, RegBundleSize: 6, InterleaverSize: 2, CoreSetType: 0, ShiftIndex: 0, precoderGranularity: 0, numDlDci: 1
[0m[34m[MAC]    [gNB 0] Frame 224 : MIB->BCH  CC_id 0, Received 3 bytes
[0m[34m[MAC]    dlDmrsSymbPos 244
[0m[34m[MAC]    BWPSize:  48, BWPStart:  29, SubcarrierSpacing: 1, CyclicPrefix: 0, StartSymbolIndex: 0, DurationSymbols: 1, CceRegMappingType: 1, RegBundleSize: 6, InterleaverSize: 2, CoreSetType: 0, ShiftIndex: 0, precoderGranularity: 0, numDlDci: 1
[0m[34m[MAC]    dlDmrsSymbPos 244
[0m[34m[MAC]    BWPSize:  48, BWPStart:  29, SubcarrierSpacing: 1, CyclicPrefix: 0, StartSymbolIndex: 0, DurationSymbols: 1, CceRegMappingType: 1, RegBundleSize: 6, InterleaverSize: 2, CoreSetType: 0, ShiftIndex: 0, precoderGranularity: 0, numDlDci: 1
[0m[34m[MAC]    dlDmrsSymbPos 244
[0m[34m[MAC]    BWPSize:  48, BWPStart:  29, SubcarrierSpacing: 1, CyclicPrefix: 0, StartSymbolIndex: 0, DurationSymbols: 1, CceRegMappingType: 1, RegBundleSize: 6, InterleaverSize: 2, CoreSetType: 0, ShiftIndex: 0, precoderGranularity: 0, numDlDci: 1
[0m[34m[MAC]    dlDmrsSymbPos 244
[0m[34m[MAC]    BWPSize:  48, BWPStart:  29, SubcarrierSpacing: 1, CyclicPrefix: 0, StartSymbolIndex: 0, DurationSymbols: 1, CceRegMappingType: 1, RegBundleSize: 6, InterleaverSize: 2, CoreSetType: 0, ShiftIndex: 0, precoderGranularity: 0, numDlDci: 1
[0m[34m[MAC]    [gNB 0] Frame 232 : MIB->BCH  CC_id 0, Received 3 bytes
[0m[34m[MAC]    dlDmrsSymbPos 244
[0m[34m[MAC]    BWPSize:  48, BWPStart:  29, SubcarrierSpacing: 1, CyclicPrefix: 0, StartSymbolIndex: 0, DurationSymbols: 1, CceRegMappingType: 1, RegBundleSize: 6, InterleaverSize: 2, CoreSetType: 0, ShiftIndex: 0, precoderGranularity: 0, numDlDci: 1
[0m[34m[MAC]    dlDmrsSymbPos 244
[0m[34m[MAC]    BWPSize:  48, BWPStart:  29, SubcarrierSpacing: 1, CyclicPrefix: 0, StartSymbolIndex: 0, DurationSymbols: 1, CceRegMappingType: 1, RegBundleSize: 6, InterleaverSize: 2, CoreSetType: 0, ShiftIndex: 0, precoderGranularity: 0, numDlDci: 1
[0m[34m[MAC]    dlDmrsSymbPos 244
[0m[34m[MAC]    BWPSize:  48, BWPStart:  29, SubcarrierSpacing: 1, CyclicPrefix: 0, StartSymbolIndex: 0, DurationSymbols: 1, CceRegMappingType: 1, RegBundleSize: 6, InterleaverSize: 2, CoreSetType: 0, ShiftIndex: 0, precoderGranularity: 0, numDlDci: 1
[0m[34m[MAC]    dlDmrsSymbPos 244
[0m[34m[MAC]    BWPSize:  48, BWPStart:  29, SubcarrierSpacing: 1, CyclicPrefix: 0, StartSymbolIndex: 0, DurationSymbols: 1, CceRegMappingType: 1, RegBundleSize: 6, InterleaverSize: 2, CoreSetType: 0, ShiftIndex: 0, precoderGranularity: 0, numDlDci: 1
[0m[34m[MAC]    [gNB 0] Frame 240 : MIB->BCH  CC_id 0, Received 3 bytes
[0m[34m[MAC]    dlDmrsSymbPos 244
[0m[34m[MAC]    BWPSize:  48, BWPStart:  29, SubcarrierSpacing: 1, CyclicPrefix: 0, StartSymbolIndex: 0, DurationSymbols: 1, CceRegMappingType: 1, RegBundleSize: 6, InterleaverSize: 2, CoreSetType: 0, ShiftIndex: 0, precoderGranularity: 0, numDlDci: 1
[0m[34m[MAC]    dlDmrsSymbPos 244
[0m[34m[MAC]    BWPSize:  48, BWPStart:  29, SubcarrierSpacing: 1, CyclicPrefix: 0, StartSymbolIndex: 0, DurationSymbols: 1, CceRegMappingType: 1, RegBundleSize: 6, InterleaverSize: 2, CoreSetType: 0, ShiftIndex: 0, precoderGranularity: 0, numDlDci: 1
[0m[34m[MAC]    dlDmrsSymbPos 244
[0m[34m[MAC]    BWPSize:  48, BWPStart:  29, SubcarrierSpacing: 1, CyclicPrefix: 0, StartSymbolIndex: 0, DurationSymbols: 1, CceRegMappingType: 1, RegBundleSize: 6, InterleaverSize: 2, CoreSetType: 0, ShiftIndex: 0, precoderGranularity: 0, numDlDci: 1
[0m[34m[MAC]    dlDmrsSymbPos 244
[0m[34m[MAC]    BWPSize:  48, BWPStart:  29, SubcarrierSpacing: 1, CyclicPrefix: 0, StartSymbolIndex: 0, DurationSymbols: 1, CceRegMappingType: 1, RegBundleSize: 6, InterleaverSize: 2, CoreSetType: 0, ShiftIndex: 0, precoderGranularity: 0, numDlDci: 1
[0m[34m[MAC]    [gNB 0] Frame 248 : MIB->BCH  CC_id 0, Received 3 bytes
[0m[34m[MAC]    dlDmrsSymbPos 244
[0m[34m[MAC]    BWPSize:  48, BWPStart:  29, SubcarrierSpacing: 1, CyclicPrefix: 0, StartSymbolIndex: 0, DurationSymbols: 1, CceRegMappingType: 1, RegBundleSize: 6, InterleaverSize: 2, CoreSetType: 0, ShiftIndex: 0, precoderGranularity: 0, numDlDci: 1
[0m[34m[MAC]    dlDmrsSymbPos 244
[0m[34m[MAC]    BWPSize:  48, BWPStart:  29, SubcarrierSpacing: 1, CyclicPrefix: 0, StartSymbolIndex: 0, DurationSymbols: 1, CceRegMappingType: 1, RegBundleSize: 6, InterleaverSize: 2, CoreSetType: 0, ShiftIndex: 0, precoderGranularity: 0, numDlDci: 1
[0m[34m[MAC]    dlDmrsSymbPos 244
[0m[34m[MAC]    BWPSize:  48, BWPStart:  29, SubcarrierSpacing: 1, CyclicPrefix: 0, StartSymbolIndex: 0, DurationSymbols: 1, CceRegMappingType: 1, RegBundleSize: 6, InterleaverSize: 2, CoreSetType: 0, ShiftIndex: 0, precoderGranularity: 0, numDlDci: 1
[0m[34m[MAC]    dlDmrsSymbPos 244
[0m[34m[MAC]    BWPSize:  48, BWPStart:  29, SubcarrierSpacing: 1, CyclicPrefix: 0, StartSymbolIndex: 0, DurationSymbols: 1, CceRegMappingType: 1, RegBundleSize: 6, InterleaverSize: 2, CoreSetType: 0, ShiftIndex: 0, precoderGranularity: 0, numDlDci: 1
[0m[34m[MAC]    [gNB 0] Frame 256 : MIB->BCH  CC_id 0, Received 3 bytes
[0m[34m[MAC]    dlDmrsSymbPos 244
[0m[34m[MAC]    BWPSize:  48, BWPStart:  29, SubcarrierSpacing: 1, CyclicPrefix: 0, StartSymbolIndex: 0, DurationSymbols: 1, CceRegMappingType: 1, RegBundleSize: 6, InterleaverSize: 2, CoreSetType: 0, ShiftIndex: 0, precoderGranularity: 0, numDlDci: 1
[0m[HW]     [o-du 0][rx  106684 pps   10753 kbps  299481][tx  318763 pps   31872 kbps  786891][Total Msgs_Rcvd 106684]
[0m[HW]     [o_du0][pusch0   92118 prach0   14565]
[0m[34m[MAC]    dlDmrsSymbPos 244
[0m[34m[MAC]    BWPSize:  48, BWPStart:  29, SubcarrierSpacing: 1, CyclicPrefix: 0, StartSymbolIndex: 0, DurationSymbols: 1, CceRegMappingType: 1, RegBundleSize: 6, InterleaverSize: 2, CoreSetType: 0, ShiftIndex: 0, precoderGranularity: 0, numDlDci: 1
[0m[34m[MAC]    dlDmrsSymbPos 244
[0m[34m[MAC]    BWPSize:  48, BWPStart:  29, SubcarrierSpacing: 1, CyclicPrefix: 0, StartSymbolIndex: 0, DurationSymbols: 1, CceRegMappingType: 1, RegBundleSize: 6, InterleaverSize: 2, CoreSetType: 0, ShiftIndex: 0, precoderGranularity: 0, numDlDci: 1
[0m[34m[MAC]    dlDmrsSymbPos 244
[0m[34m[MAC]    BWPSize:  48, BWPStart:  29, SubcarrierSpacing: 1, CyclicPrefix: 0, StartSymbolIndex: 0, DurationSymbols: 1, CceRegMappingType: 1, RegBundleSize: 6, InterleaverSize: 2, CoreSetType: 0, ShiftIndex: 0, precoderGranularity: 0, numDlDci: 1
[0m[34m[MAC]    [gNB 0] Frame 264 : MIB->BCH  CC_id 0, Received 3 bytes
[0m[34m[MAC]    dlDmrsSymbPos 244
[0m[34m[MAC]    BWPSize:  48, BWPStart:  29, SubcarrierSpacing: 1, CyclicPrefix: 0, StartSymbolIndex: 0, DurationSymbols: 1, CceRegMappingType: 1, RegBundleSize: 6, InterleaverSize: 2, CoreSetType: 0, ShiftIndex: 0, precoderGranularity: 0, numDlDci: 1
[0m[34m[MAC]    dlDmrsSymbPos 244
[0m[34m[MAC]    BWPSize:  48, BWPStart:  29, SubcarrierSpacing: 1, CyclicPrefix: 0, StartSymbolIndex: 0, DurationSymbols: 1, CceRegMappingType: 1, RegBundleSize: 6, InterleaverSize: 2, CoreSetType: 0, ShiftIndex: 0, precoderGranularity: 0, numDlDci: 1
[0m[34m[MAC]    dlDmrsSymbPos 244
[0m[34m[MAC]    BWPSize:  48, BWPStart:  29, SubcarrierSpacing: 1, CyclicPrefix: 0, StartSymbolIndex: 0, DurationSymbols: 1, CceRegMappingType: 1, RegBundleSize: 6, InterleaverSize: 2, CoreSetType: 0, ShiftIndex: 0, precoderGranularity: 0, numDlDci: 1
[0m[34m[MAC]    dlDmrsSymbPos 244
[0m[34m[MAC]    BWPSize:  48, BWPStart:  29, SubcarrierSpacing: 1, CyclicPrefix: 0, StartSymbolIndex: 0, DurationSymbols: 1, CceRegMappingType: 1, RegBundleSize: 6, InterleaverSize: 2, CoreSetType: 0, ShiftIndex: 0, precoderGranularity: 0, numDlDci: 1
[0m[34m[MAC]    [gNB 0] Frame 272 : MIB->BCH  CC_id 0, Received 3 bytes
[0m[34m[MAC]    dlDmrsSymbPos 244
[0m[34m[MAC]    BWPSize:  48, BWPStart:  29, SubcarrierSpacing: 1, CyclicPrefix: 0, StartSymbolIndex: 0, DurationSymbols: 1, CceRegMappingType: 1, RegBundleSize: 6, InterleaverSize: 2, CoreSetType: 0, ShiftIndex: 0, precoderGranularity: 0, numDlDci: 1
[0m[34m[MAC]    dlDmrsSymbPos 244
[0m[34m[MAC]    BWPSize:  48, BWPStart:  29, SubcarrierSpacing: 1, CyclicPrefix: 0, StartSymbolIndex: 0, DurationSymbols: 1, CceRegMappingType: 1, RegBundleSize: 6, InterleaverSize: 2, CoreSetType: 0, ShiftIndex: 0, precoderGranularity: 0, numDlDci: 1
[0m[34m[MAC]    dlDmrsSymbPos 244
[0m[34m[MAC]    BWPSize:  48, BWPStart:  29, SubcarrierSpacing: 1, CyclicPrefix: 0, StartSymbolIndex: 0, DurationSymbols: 1, CceRegMappingType: 1, RegBundleSize: 6, InterleaverSize: 2, CoreSetType: 0, ShiftIndex: 0, precoderGranularity: 0, numDlDci: 1
[0m[34m[MAC]    dlDmrsSymbPos 244
[0m[34m[MAC]    BWPSize:  48, BWPStart:  29, SubcarrierSpacing: 1, CyclicPrefix: 0, StartSymbolIndex: 0, DurationSymbols: 1, CceRegMappingType: 1, RegBundleSize: 6, InterleaverSize: 2, CoreSetType: 0, ShiftIndex: 0, precoderGranularity: 0, numDlDci: 1
[0m[34m[MAC]    [gNB 0] Frame 280 : MIB->BCH  CC_id 0, Received 3 bytes
[0m[34m[MAC]    dlDmrsSymbPos 244
[0m[34m[MAC]    BWPSize:  48, BWPStart:  29, SubcarrierSpacing: 1, CyclicPrefix: 0, StartSymbolIndex: 0, DurationSymbols: 1, CceRegMappingType: 1, RegBundleSize: 6, InterleaverSize: 2, CoreSetType: 0, ShiftIndex: 0, precoderGranularity: 0, numDlDci: 1
[0m[34m[MAC]    dlDmrsSymbPos 244
[0m[34m[MAC]    BWPSize:  48, BWPStart:  29, SubcarrierSpacing: 1, CyclicPrefix: 0, StartSymbolIndex: 0, DurationSymbols: 1, CceRegMappingType: 1, RegBundleSize: 6, InterleaverSize: 2, CoreSetType: 0, ShiftIndex: 0, precoderGranularity: 0, numDlDci: 1
[0m[34m[MAC]    dlDmrsSymbPos 244
[0m[34m[MAC]    BWPSize:  48, BWPStart:  29, SubcarrierSpacing: 1, CyclicPrefix: 0, StartSymbolIndex: 0, DurationSymbols: 1, CceRegMappingType: 1, RegBundleSize: 6, InterleaverSize: 2, CoreSetType: 0, ShiftIndex: 0, precoderGranularity: 0, numDlDci: 1
[0m[34m[MAC]    dlDmrsSymbPos 244
[0m[34m[MAC]    BWPSize:  48, BWPStart:  29, SubcarrierSpacing: 1, CyclicPrefix: 0, StartSymbolIndex: 0, DurationSymbols: 1, CceRegMappingType: 1, RegBundleSize: 6, InterleaverSize: 2, CoreSetType: 0, ShiftIndex: 0, precoderGranularity: 0, numDlDci: 1
[0m[34m[MAC]    [gNB 0] Frame 288 : MIB->BCH  CC_id 0, Received 3 bytes
[0m[34m[MAC]    dlDmrsSymbPos 244
[0m[34m[MAC]    BWPSize:  48, BWPStart:  29, SubcarrierSpacing: 1, CyclicPrefix: 0, StartSymbolIndex: 0, DurationSymbols: 1, CceRegMappingType: 1, RegBundleSize: 6, InterleaverSize: 2, CoreSetType: 0, ShiftIndex: 0, precoderGranularity: 0, numDlDci: 1
[0m[34m[MAC]    dlDmrsSymbPos 244
[0m[34m[MAC]    BWPSize:  48, BWPStart:  29, SubcarrierSpacing: 1, CyclicPrefix: 0, StartSymbolIndex: 0, DurationSymbols: 1, CceRegMappingType: 1, RegBundleSize: 6, InterleaverSize: 2, CoreSetType: 0, ShiftIndex: 0, precoderGranularity: 0, numDlDci: 1
[0m[34m[MAC]    dlDmrsSymbPos 244
[0m[34m[MAC]    BWPSize:  48, BWPStart:  29, SubcarrierSpacing: 1, CyclicPrefix: 0, StartSymbolIndex: 0, DurationSymbols: 1, CceRegMappingType: 1, RegBundleSize: 6, InterleaverSize: 2, CoreSetType: 0, ShiftIndex: 0, precoderGranularity: 0, numDlDci: 1
[0m[34m[MAC]    dlDmrsSymbPos 244
[0m[34m[MAC]    BWPSize:  48, BWPStart:  29, SubcarrierSpacing: 1, CyclicPrefix: 0, StartSymbolIndex: 0, DurationSymbols: 1, CceRegMappingType: 1, RegBundleSize: 6, InterleaverSize: 2, CoreSetType: 0, ShiftIndex: 0, precoderGranularity: 0, numDlDci: 1
[0m[34m[MAC]    [gNB 0] Frame 296 : MIB->BCH  CC_id 0, Received 3 bytes
[0m[34m[MAC]    dlDmrsSymbPos 244
[0m[34m[MAC]    BWPSize:  48, BWPStart:  29, SubcarrierSpacing: 1, CyclicPrefix: 0, StartSymbolIndex: 0, DurationSymbols: 1, CceRegMappingType: 1, RegBundleSize: 6, InterleaverSize: 2, CoreSetType: 0, ShiftIndex: 0, precoderGranularity: 0, numDlDci: 1
[0m[34m[MAC]    dlDmrsSymbPos 244
[0m[34m[MAC]    BWPSize:  48, BWPStart:  29, SubcarrierSpacing: 1, CyclicPrefix: 0, StartSymbolIndex: 0, DurationSymbols: 1, CceRegMappingType: 1, RegBundleSize: 6, InterleaverSize: 2, CoreSetType: 0, ShiftIndex: 0, precoderGranularity: 0, numDlDci: 1
[0m[34m[MAC]    dlDmrsSymbPos 244
[0m[34m[MAC]    BWPSize:  48, BWPStart:  29, SubcarrierSpacing: 1, CyclicPrefix: 0, StartSymbolIndex: 0, DurationSymbols: 1, CceRegMappingType: 1, RegBundleSize: 6, InterleaverSize: 2, CoreSetType: 0, ShiftIndex: 0, precoderGranularity: 0, numDlDci: 1
[0m[34m[MAC]    dlDmrsSymbPos 244
[0m[34m[MAC]    BWPSize:  48, BWPStart:  29, SubcarrierSpacing: 1, CyclicPrefix: 0, StartSymbolIndex: 0, DurationSymbols: 1, CceRegMappingType: 1, RegBundleSize: 6, InterleaverSize: 2, CoreSetType: 0, ShiftIndex: 0, precoderGranularity: 0, numDlDci: 1
[0m[34m[MAC]    [gNB 0] Frame 304 : MIB->BCH  CC_id 0, Received 3 bytes
[0m[34m[MAC]    dlDmrsSymbPos 244
[0m[34m[MAC]    BWPSize:  48, BWPStart:  29, SubcarrierSpacing: 1, CyclicPrefix: 0, StartSymbolIndex: 0, DurationSymbols: 1, CceRegMappingType: 1, RegBundleSize: 6, InterleaverSize: 2, CoreSetType: 0, ShiftIndex: 0, precoderGranularity: 0, numDlDci: 1
[0m[34m[MAC]    dlDmrsSymbPos 244
[0m[34m[MAC]    BWPSize:  48, BWPStart:  29, SubcarrierSpacing: 1, CyclicPrefix: 0, StartSymbolIndex: 0, DurationSymbols: 1, CceRegMappingType: 1, RegBundleSize: 6, InterleaverSize: 2, CoreSetType: 0, ShiftIndex: 0, precoderGranularity: 0, numDlDci: 1
[0m[34m[MAC]    dlDmrsSymbPos 244
[0m[34m[MAC]    BWPSize:  48, BWPStart:  29, SubcarrierSpacing: 1, CyclicPrefix: 0, StartSymbolIndex: 0, DurationSymbols: 1, CceRegMappingType: 1, RegBundleSize: 6, InterleaverSize: 2, CoreSetType: 0, ShiftIndex: 0, precoderGranularity: 0, numDlDci: 1
[0m[34m[MAC]    dlDmrsSymbPos 244
[0m[34m[MAC]    BWPSize:  48, BWPStart:  29, SubcarrierSpacing: 1, CyclicPrefix: 0, StartSymbolIndex: 0, DurationSymbols: 1, CceRegMappingType: 1, RegBundleSize: 6, InterleaverSize: 2, CoreSetType: 0, ShiftIndex: 0, precoderGranularity: 0, numDlDci: 1
[0m[34m[MAC]    [gNB 0] Frame 312 : MIB->BCH  CC_id 0, Received 3 bytes
[0m[34m[MAC]    dlDmrsSymbPos 244
[0m[34m[MAC]    BWPSize:  48, BWPStart:  29, SubcarrierSpacing: 1, CyclicPrefix: 0, StartSymbolIndex: 0, DurationSymbols: 1, CceRegMappingType: 1, RegBundleSize: 6, InterleaverSize: 2, CoreSetType: 0, ShiftIndex: 0, precoderGranularity: 0, numDlDci: 1
[0m[34m[MAC]    dlDmrsSymbPos 244
[0m[34m[MAC]    BWPSize:  48, BWPStart:  29, SubcarrierSpacing: 1, CyclicPrefix: 0, StartSymbolIndex: 0, DurationSymbols: 1, CceRegMappingType: 1, RegBundleSize: 6, InterleaverSize: 2, CoreSetType: 0, ShiftIndex: 0, precoderGranularity: 0, numDlDci: 1
[0m[34m[MAC]    dlDmrsSymbPos 244
[0m[34m[MAC]    BWPSize:  48, BWPStart:  29, SubcarrierSpacing: 1, CyclicPrefix: 0, StartSymbolIndex: 0, DurationSymbols: 1, CceRegMappingType: 1, RegBundleSize: 6, InterleaverSize: 2, CoreSetType: 0, ShiftIndex: 0, precoderGranularity: 0, numDlDci: 1
[0m[34m[MAC]    dlDmrsSymbPos 244
[0m[34m[MAC]    BWPSize:  48, BWPStart:  29, SubcarrierSpacing: 1, CyclicPrefix: 0, StartSymbolIndex: 0, DurationSymbols: 1, CceRegMappingType: 1, RegBundleSize: 6, InterleaverSize: 2, CoreSetType: 0, ShiftIndex: 0, precoderGranularity: 0, numDlDci: 1
[0m[34m[MAC]    [gNB 0] Frame 320 : MIB->BCH  CC_id 0, Received 3 bytes
[0m[34m[MAC]    dlDmrsSymbPos 244
[0m[34m[MAC]    BWPSize:  48, BWPStart:  29, SubcarrierSpacing: 1, CyclicPrefix: 0, StartSymbolIndex: 0, DurationSymbols: 1, CceRegMappingType: 1, RegBundleSize: 6, InterleaverSize: 2, CoreSetType: 0, ShiftIndex: 0, precoderGranularity: 0, numDlDci: 1
[0m[34m[MAC]    dlDmrsSymbPos 244
[0m[34m[MAC]    BWPSize:  48, BWPStart:  29, SubcarrierSpacing: 1, CyclicPrefix: 0, StartSymbolIndex: 0, DurationSymbols: 1, CceRegMappingType: 1, RegBundleSize: 6, InterleaverSize: 2, CoreSetType: 0, ShiftIndex: 0, precoderGranularity: 0, numDlDci: 1
[0m[34m[MAC]    dlDmrsSymbPos 244
[0m[34m[MAC]    BWPSize:  48, BWPStart:  29, SubcarrierSpacing: 1, CyclicPrefix: 0, StartSymbolIndex: 0, DurationSymbols: 1, CceRegMappingType: 1, RegBundleSize: 6, InterleaverSize: 2, CoreSetType: 0, ShiftIndex: 0, precoderGranularity: 0, numDlDci: 1
[0m[34m[MAC]    dlDmrsSymbPos 244
[0m[34m[MAC]    BWPSize:  48, BWPStart:  29, SubcarrierSpacing: 1, CyclicPrefix: 0, StartSymbolIndex: 0, DurationSymbols: 1, CceRegMappingType: 1, RegBundleSize: 6, InterleaverSize: 2, CoreSetType: 0, ShiftIndex: 0, precoderGranularity: 0, numDlDci: 1
[0m[34m[MAC]    [gNB 0] Frame 328 : MIB->BCH  CC_id 0, Received 3 bytes
[0m[34m[MAC]    dlDmrsSymbPos 244
[0m[34m[MAC]    BWPSize:  48, BWPStart:  29, SubcarrierSpacing: 1, CyclicPrefix: 0, StartSymbolIndex: 0, DurationSymbols: 1, CceRegMappingType: 1, RegBundleSize: 6, InterleaverSize: 2, CoreSetType: 0, ShiftIndex: 0, precoderGranularity: 0, numDlDci: 1
[0m[34m[MAC]    dlDmrsSymbPos 244
[0m[34m[MAC]    BWPSize:  48, BWPStart:  29, SubcarrierSpacing: 1, CyclicPrefix: 0, StartSymbolIndex: 0, DurationSymbols: 1, CceRegMappingType: 1, RegBundleSize: 6, InterleaverSize: 2, CoreSetType: 0, ShiftIndex: 0, precoderGranularity: 0, numDlDci: 1
[0m[34m[MAC]    dlDmrsSymbPos 244
[0m[34m[MAC]    BWPSize:  48, BWPStart:  29, SubcarrierSpacing: 1, CyclicPrefix: 0, StartSymbolIndex: 0, DurationSymbols: 1, CceRegMappingType: 1, RegBundleSize: 6, InterleaverSize: 2, CoreSetType: 0, ShiftIndex: 0, precoderGranularity: 0, numDlDci: 1
[0m[34m[MAC]    dlDmrsSymbPos 244
[0m[34m[MAC]    BWPSize:  48, BWPStart:  29, SubcarrierSpacing: 1, CyclicPrefix: 0, StartSymbolIndex: 0, DurationSymbols: 1, CceRegMappingType: 1, RegBundleSize: 6, InterleaverSize: 2, CoreSetType: 0, ShiftIndex: 0, precoderGranularity: 0, numDlDci: 1
[0m[34m[MAC]    [gNB 0] Frame 336 : MIB->BCH  CC_id 0, Received 3 bytes
[0m[34m[MAC]    dlDmrsSymbPos 244
[0m[34m[MAC]    BWPSize:  48, BWPStart:  29, SubcarrierSpacing: 1, CyclicPrefix: 0, StartSymbolIndex: 0, DurationSymbols: 1, CceRegMappingType: 1, RegBundleSize: 6, InterleaverSize: 2, CoreSetType: 0, ShiftIndex: 0, precoderGranularity: 0, numDlDci: 1
[0m[34m[MAC]    dlDmrsSymbPos 244
[0m[34m[MAC]    BWPSize:  48, BWPStart:  29, SubcarrierSpacing: 1, CyclicPrefix: 0, StartSymbolIndex: 0, DurationSymbols: 1, CceRegMappingType: 1, RegBundleSize: 6, InterleaverSize: 2, CoreSetType: 0, ShiftIndex: 0, precoderGranularity: 0, numDlDci: 1
[0m[34m[MAC]    dlDmrsSymbPos 244
[0m[34m[MAC]    BWPSize:  48, BWPStart:  29, SubcarrierSpacing: 1, CyclicPrefix: 0, StartSymbolIndex: 0, DurationSymbols: 1, CceRegMappingType: 1, RegBundleSize: 6, InterleaverSize: 2, CoreSetType: 0, ShiftIndex: 0, precoderGranularity: 0, numDlDci: 1
[0m[34m[MAC]    dlDmrsSymbPos 244
[0m[34m[MAC]    BWPSize:  48, BWPStart:  29, SubcarrierSpacing: 1, CyclicPrefix: 0, StartSymbolIndex: 0, DurationSymbols: 1, CceRegMappingType: 1, RegBundleSize: 6, InterleaverSize: 2, CoreSetType: 0, ShiftIndex: 0, precoderGranularity: 0, numDlDci: 1
[0m[34m[MAC]    [gNB 0] Frame 344 : MIB->BCH  CC_id 0, Received 3 bytes
[0m[34m[MAC]    dlDmrsSymbPos 244
[0m[34m[MAC]    BWPSize:  48, BWPStart:  29, SubcarrierSpacing: 1, CyclicPrefix: 0, StartSymbolIndex: 0, DurationSymbols: 1, CceRegMappingType: 1, RegBundleSize: 6, InterleaverSize: 2, CoreSetType: 0, ShiftIndex: 0, precoderGranularity: 0, numDlDci: 1
[0m[34m[MAC]    dlDmrsSymbPos 244
[0m[34m[MAC]    BWPSize:  48, BWPStart:  29, SubcarrierSpacing: 1, CyclicPrefix: 0, StartSymbolIndex: 0, DurationSymbols: 1, CceRegMappingType: 1, RegBundleSize: 6, InterleaverSize: 2, CoreSetType: 0, ShiftIndex: 0, precoderGranularity: 0, numDlDci: 1
[0m[34m[MAC]    dlDmrsSymbPos 244
[0m[34m[MAC]    BWPSize:  48, BWPStart:  29, SubcarrierSpacing: 1, CyclicPrefix: 0, StartSymbolIndex: 0, DurationSymbols: 1, CceRegMappingType: 1, RegBundleSize: 6, InterleaverSize: 2, CoreSetType: 0, ShiftIndex: 0, precoderGranularity: 0, numDlDci: 1
[0m[34m[MAC]    dlDmrsSymbPos 244
[0m[34m[MAC]    BWPSize:  48, BWPStart:  29, SubcarrierSpacing: 1, CyclicPrefix: 0, StartSymbolIndex: 0, DurationSymbols: 1, CceRegMappingType: 1, RegBundleSize: 6, InterleaverSize: 2, CoreSetType: 0, ShiftIndex: 0, precoderGranularity: 0, numDlDci: 1
[0m[34m[MAC]    [gNB 0] Frame 352 : MIB->BCH  CC_id 0, Received 3 bytes
[0m[34m[MAC]    dlDmrsSymbPos 244
[0m[34m[MAC]    BWPSize:  48, BWPStart:  29, SubcarrierSpacing: 1, CyclicPrefix: 0, StartSymbolIndex: 0, DurationSymbols: 1, CceRegMappingType: 1, RegBundleSize: 6, InterleaverSize: 2, CoreSetType: 0, ShiftIndex: 0, precoderGranularity: 0, numDlDci: 1
[0m[34m[MAC]    dlDmrsSymbPos 244
[0m[34m[MAC]    BWPSize:  48, BWPStart:  29, SubcarrierSpacing: 1, CyclicPrefix: 0, StartSymbolIndex: 0, DurationSymbols: 1, CceRegMappingType: 1, RegBundleSize: 6, InterleaverSize: 2, CoreSetType: 0, ShiftIndex: 0, precoderGranularity: 0, numDlDci: 1
[0m[34m[MAC]    dlDmrsSymbPos 244
[0m[34m[MAC]    BWPSize:  48, BWPStart:  29, SubcarrierSpacing: 1, CyclicPrefix: 0, StartSymbolIndex: 0, DurationSymbols: 1, CceRegMappingType: 1, RegBundleSize: 6, InterleaverSize: 2, CoreSetType: 0, ShiftIndex: 0, precoderGranularity: 0, numDlDci: 1
[0m[34m[MAC]    dlDmrsSymbPos 244
[0m[34m[MAC]    BWPSize:  48, BWPStart:  29, SubcarrierSpacing: 1, CyclicPrefix: 0, StartSymbolIndex: 0, DurationSymbols: 1, CceRegMappingType: 1, RegBundleSize: 6, InterleaverSize: 2, CoreSetType: 0, ShiftIndex: 0, precoderGranularity: 0, numDlDci: 1
[0m[34m[MAC]    [gNB 0] Frame 360 : MIB->BCH  CC_id 0, Received 3 bytes
[0m[34m[MAC]    dlDmrsSymbPos 244
[0m[34m[MAC]    BWPSize:  48, BWPStart:  29, SubcarrierSpacing: 1, CyclicPrefix: 0, StartSymbolIndex: 0, DurationSymbols: 1, CceRegMappingType: 1, RegBundleSize: 6, InterleaverSize: 2, CoreSetType: 0, ShiftIndex: 0, precoderGranularity: 0, numDlDci: 1
[0m[34m[MAC]    dlDmrsSymbPos 244
[0m[34m[MAC]    BWPSize:  48, BWPStart:  29, SubcarrierSpacing: 1, CyclicPrefix: 0, StartSymbolIndex: 0, DurationSymbols: 1, CceRegMappingType: 1, RegBundleSize: 6, InterleaverSize: 2, CoreSetType: 0, ShiftIndex: 0, precoderGranularity: 0, numDlDci: 1
[0m[34m[MAC]    dlDmrsSymbPos 244
[0m[34m[MAC]    BWPSize:  48, BWPStart:  29, SubcarrierSpacing: 1, CyclicPrefix: 0, StartSymbolIndex: 0, DurationSymbols: 1, CceRegMappingType: 1, RegBundleSize: 6, InterleaverSize: 2, CoreSetType: 0, ShiftIndex: 0, precoderGranularity: 0, numDlDci: 1
[0m[34m[MAC]    dlDmrsSymbPos 244
[0m[34m[MAC]    BWPSize:  48, BWPStart:  29, SubcarrierSpacing: 1, CyclicPrefix: 0, StartSymbolIndex: 0, DurationSymbols: 1, CceRegMappingType: 1, RegBundleSize: 6, InterleaverSize: 2, CoreSetType: 0, ShiftIndex: 0, precoderGranularity: 0, numDlDci: 1
[0m[34m[MAC]    [gNB 0] Frame 368 : MIB->BCH  CC_id 0, Received 3 bytes
[0m[34m[MAC]    dlDmrsSymbPos 244
[0m[34m[MAC]    BWPSize:  48, BWPStart:  29, SubcarrierSpacing: 1, CyclicPrefix: 0, StartSymbolIndex: 0, DurationSymbols: 1, CceRegMappingType: 1, RegBundleSize: 6, InterleaverSize: 2, CoreSetType: 0, ShiftIndex: 0, precoderGranularity: 0, numDlDci: 1
[0m[34m[MAC]    dlDmrsSymbPos 244
[0m[34m[MAC]    BWPSize:  48, BWPStart:  29, SubcarrierSpacing: 1, CyclicPrefix: 0, StartSymbolIndex: 0, DurationSymbols: 1, CceRegMappingType: 1, RegBundleSize: 6, InterleaverSize: 2, CoreSetType: 0, ShiftIndex: 0, precoderGranularity: 0, numDlDci: 1
[0m[34m[MAC]    dlDmrsSymbPos 244
[0m[34m[MAC]    BWPSize:  48, BWPStart:  29, SubcarrierSpacing: 1, CyclicPrefix: 0, StartSymbolIndex: 0, DurationSymbols: 1, CceRegMappingType: 1, RegBundleSize: 6, InterleaverSize: 2, CoreSetType: 0, ShiftIndex: 0, precoderGranularity: 0, numDlDci: 1
[0m[34m[MAC]    dlDmrsSymbPos 244
[0m[34m[MAC]    BWPSize:  48, BWPStart:  29, SubcarrierSpacing: 1, CyclicPrefix: 0, StartSymbolIndex: 0, DurationSymbols: 1, CceRegMappingType: 1, RegBundleSize: 6, InterleaverSize: 2, CoreSetType: 0, ShiftIndex: 0, precoderGranularity: 0, numDlDci: 1
[0m[34m[MAC]    [gNB 0] Frame 376 : MIB->BCH  CC_id 0, Received 3 bytes
[0m[34m[MAC]    dlDmrsSymbPos 244
[0m[34m[MAC]    BWPSize:  48, BWPStart:  29, SubcarrierSpacing: 1, CyclicPrefix: 0, StartSymbolIndex: 0, DurationSymbols: 1, CceRegMappingType: 1, RegBundleSize: 6, InterleaverSize: 2, CoreSetType: 0, ShiftIndex: 0, precoderGranularity: 0, numDlDci: 1
[0m[34m[MAC]    dlDmrsSymbPos 244
[0m[34m[MAC]    BWPSize:  48, BWPStart:  29, SubcarrierSpacing: 1, CyclicPrefix: 0, StartSymbolIndex: 0, DurationSymbols: 1, CceRegMappingType: 1, RegBundleSize: 6, InterleaverSize: 2, CoreSetType: 0, ShiftIndex: 0, precoderGranularity: 0, numDlDci: 1
[0m[34m[MAC]    dlDmrsSymbPos 244
[0m[34m[MAC]    BWPSize:  48, BWPStart:  29, SubcarrierSpacing: 1, CyclicPrefix: 0, StartSymbolIndex: 0, DurationSymbols: 1, CceRegMappingType: 1, RegBundleSize: 6, InterleaverSize: 2, CoreSetType: 0, ShiftIndex: 0, precoderGranularity: 0, numDlDci: 1
[0m[34m[MAC]    dlDmrsSymbPos 244
[0m[34m[MAC]    BWPSize:  48, BWPStart:  29, SubcarrierSpacing: 1, CyclicPrefix: 0, StartSymbolIndex: 0, DurationSymbols: 1, CceRegMappingType: 1, RegBundleSize: 6, InterleaverSize: 2, CoreSetType: 0, ShiftIndex: 0, precoderGranularity: 0, numDlDci: 1
[0m[34m[MAC]    [gNB 0] Frame 384 : MIB->BCH  CC_id 0, Received 3 bytes
[0m[34m[MAC]    dlDmrsSymbPos 244
[0m[34m[MAC]    BWPSize:  48, BWPStart:  29, SubcarrierSpacing: 1, CyclicPrefix: 0, StartSymbolIndex: 0, DurationSymbols: 1, CceRegMappingType: 1, RegBundleSize: 6, InterleaverSize: 2, CoreSetType: 0, ShiftIndex: 0, precoderGranularity: 0, numDlDci: 1
[0m[HW]     [o-du 0][rx  117436 pps   10752 kbps  299484][tx  350635 pps   31872 kbps  786891][Total Msgs_Rcvd 117436]
[0m[HW]     [o_du0][pusch0  101334 prach0   16101]
[0m[34m[MAC]    dlDmrsSymbPos 244
[0m[34m[MAC]    BWPSize:  48, BWPStart:  29, SubcarrierSpacing: 1, CyclicPrefix: 0, StartSymbolIndex: 0, DurationSymbols: 1, CceRegMappingType: 1, RegBundleSize: 6, InterleaverSize: 2, CoreSetType: 0, ShiftIndex: 0, precoderGranularity: 0, numDlDci: 1
[0m[34m[MAC]    dlDmrsSymbPos 244
[0m[34m[MAC]    BWPSize:  48, BWPStart:  29, SubcarrierSpacing: 1, CyclicPrefix: 0, StartSymbolIndex: 0, DurationSymbols: 1, CceRegMappingType: 1, RegBundleSize: 6, InterleaverSize: 2, CoreSetType: 0, ShiftIndex: 0, precoderGranularity: 0, numDlDci: 1
[0m[34m[MAC]    dlDmrsSymbPos 244
[0m[34m[MAC]    BWPSize:  48, BWPStart:  29, SubcarrierSpacing: 1, CyclicPrefix: 0, StartSymbolIndex: 0, DurationSymbols: 1, CceRegMappingType: 1, RegBundleSize: 6, InterleaverSize: 2, CoreSetType: 0, ShiftIndex: 0, precoderGranularity: 0, numDlDci: 1
[0m[34m[MAC]    [gNB 0] Frame 392 : MIB->BCH  CC_id 0, Received 3 bytes
[0m[34m[MAC]    dlDmrsSymbPos 244
[0m[34m[MAC]    BWPSize:  48, BWPStart:  29, SubcarrierSpacing: 1, CyclicPrefix: 0, StartSymbolIndex: 0, DurationSymbols: 1, CceRegMappingType: 1, RegBundleSize: 6, InterleaverSize: 2, CoreSetType: 0, ShiftIndex: 0, precoderGranularity: 0, numDlDci: 1
[0m[34m[MAC]    dlDmrsSymbPos 244
[0m[34m[MAC]    BWPSize:  48, BWPStart:  29, SubcarrierSpacing: 1, CyclicPrefix: 0, StartSymbolIndex: 0, DurationSymbols: 1, CceRegMappingType: 1, RegBundleSize: 6, InterleaverSize: 2, CoreSetType: 0, ShiftIndex: 0, precoderGranularity: 0, numDlDci: 1
[0m[34m[MAC]    dlDmrsSymbPos 244
[0m[34m[MAC]    BWPSize:  48, BWPStart:  29, SubcarrierSpacing: 1, CyclicPrefix: 0, StartSymbolIndex: 0, DurationSymbols: 1, CceRegMappingType: 1, RegBundleSize: 6, InterleaverSize: 2, CoreSetType: 0, ShiftIndex: 0, precoderGranularity: 0, numDlDci: 1
[0m[34m[MAC]    dlDmrsSymbPos 244
[0m[34m[MAC]    BWPSize:  48, BWPStart:  29, SubcarrierSpacing: 1, CyclicPrefix: 0, StartSymbolIndex: 0, DurationSymbols: 1, CceRegMappingType: 1, RegBundleSize: 6, InterleaverSize: 2, CoreSetType: 0, ShiftIndex: 0, precoderGranularity: 0, numDlDci: 1
[0m[34m[MAC]    [gNB 0] Frame 400 : MIB->BCH  CC_id 0, Received 3 bytes
[0m[34m[MAC]    dlDmrsSymbPos 244
[0m[34m[MAC]    BWPSize:  48, BWPStart:  29, SubcarrierSpacing: 1, CyclicPrefix: 0, StartSymbolIndex: 0, DurationSymbols: 1, CceRegMappingType: 1, RegBundleSize: 6, InterleaverSize: 2, CoreSetType: 0, ShiftIndex: 0, precoderGranularity: 0, numDlDci: 1
[0m[34m[MAC]    dlDmrsSymbPos 244
[0m[34m[MAC]    BWPSize:  48, BWPStart:  29, SubcarrierSpacing: 1, CyclicPrefix: 0, StartSymbolIndex: 0, DurationSymbols: 1, CceRegMappingType: 1, RegBundleSize: 6, InterleaverSize: 2, CoreSetType: 0, ShiftIndex: 0, precoderGranularity: 0, numDlDci: 1
[0m[34m[MAC]    dlDmrsSymbPos 244
[0m[34m[MAC]    BWPSize:  48, BWPStart:  29, SubcarrierSpacing: 1, CyclicPrefix: 0, StartSymbolIndex: 0, DurationSymbols: 1, CceRegMappingType: 1, RegBundleSize: 6, InterleaverSize: 2, CoreSetType: 0, ShiftIndex: 0, precoderGranularity: 0, numDlDci: 1
[0m[34m[MAC]    dlDmrsSymbPos 244
[0m[34m[MAC]    BWPSize:  48, BWPStart:  29, SubcarrierSpacing: 1, CyclicPrefix: 0, StartSymbolIndex: 0, DurationSymbols: 1, CceRegMappingType: 1, RegBundleSize: 6, InterleaverSize: 2, CoreSetType: 0, ShiftIndex: 0, precoderGranularity: 0, numDlDci: 1
[0m[34m[MAC]    [gNB 0] Frame 408 : MIB->BCH  CC_id 0, Received 3 bytes
[0m[34m[MAC]    dlDmrsSymbPos 244
[0m[34m[MAC]    BWPSize:  48, BWPStart:  29, SubcarrierSpacing: 1, CyclicPrefix: 0, StartSymbolIndex: 0, DurationSymbols: 1, CceRegMappingType: 1, RegBundleSize: 6, InterleaverSize: 2, CoreSetType: 0, ShiftIndex: 0, precoderGranularity: 0, numDlDci: 1
[0m[34m[MAC]    dlDmrsSymbPos 244
[0m[34m[MAC]    BWPSize:  48, BWPStart:  29, SubcarrierSpacing: 1, CyclicPrefix: 0, StartSymbolIndex: 0, DurationSymbols: 1, CceRegMappingType: 1, RegBundleSize: 6, InterleaverSize: 2, CoreSetType: 0, ShiftIndex: 0, precoderGranularity: 0, numDlDci: 1
[0m[34m[MAC]    dlDmrsSymbPos 244
[0m[34m[MAC]    BWPSize:  48, BWPStart:  29, SubcarrierSpacing: 1, CyclicPrefix: 0, StartSymbolIndex: 0, DurationSymbols: 1, CceRegMappingType: 1, RegBundleSize: 6, InterleaverSize: 2, CoreSetType: 0, ShiftIndex: 0, precoderGranularity: 0, numDlDci: 1
[0m[34m[MAC]    dlDmrsSymbPos 244
[0m[34m[MAC]    BWPSize:  48, BWPStart:  29, SubcarrierSpacing: 1, CyclicPrefix: 0, StartSymbolIndex: 0, DurationSymbols: 1, CceRegMappingType: 1, RegBundleSize: 6, InterleaverSize: 2, CoreSetType: 0, ShiftIndex: 0, precoderGranularity: 0, numDlDci: 1
[0m[34m[MAC]    [gNB 0] Frame 416 : MIB->BCH  CC_id 0, Received 3 bytes
[0m[34m[MAC]    dlDmrsSymbPos 244
[0m[34m[MAC]    BWPSize:  48, BWPStart:  29, SubcarrierSpacing: 1, CyclicPrefix: 0, StartSymbolIndex: 0, DurationSymbols: 1, CceRegMappingType: 1, RegBundleSize: 6, InterleaverSize: 2, CoreSetType: 0, ShiftIndex: 0, precoderGranularity: 0, numDlDci: 1
[0m[34m[MAC]    dlDmrsSymbPos 244
[0m[34m[MAC]    BWPSize:  48, BWPStart:  29, SubcarrierSpacing: 1, CyclicPrefix: 0, StartSymbolIndex: 0, DurationSymbols: 1, CceRegMappingType: 1, RegBundleSize: 6, InterleaverSize: 2, CoreSetType: 0, ShiftIndex: 0, precoderGranularity: 0, numDlDci: 1
[0m[34m[MAC]    dlDmrsSymbPos 244
[0m[34m[MAC]    BWPSize:  48, BWPStart:  29, SubcarrierSpacing: 1, CyclicPrefix: 0, StartSymbolIndex: 0, DurationSymbols: 1, CceRegMappingType: 1, RegBundleSize: 6, InterleaverSize: 2, CoreSetType: 0, ShiftIndex: 0, precoderGranularity: 0, numDlDci: 1
[0m[34m[MAC]    dlDmrsSymbPos 244
[0m[34m[MAC]    BWPSize:  48, BWPStart:  29, SubcarrierSpacing: 1, CyclicPrefix: 0, StartSymbolIndex: 0, DurationSymbols: 1, CceRegMappingType: 1, RegBundleSize: 6, InterleaverSize: 2, CoreSetType: 0, ShiftIndex: 0, precoderGranularity: 0, numDlDci: 1
[0m[34m[MAC]    [gNB 0] Frame 424 : MIB->BCH  CC_id 0, Received 3 bytes
[0m[34m[MAC]    dlDmrsSymbPos 244
[0m[34m[MAC]    BWPSize:  48, BWPStart:  29, SubcarrierSpacing: 1, CyclicPrefix: 0, StartSymbolIndex: 0, DurationSymbols: 1, CceRegMappingType: 1, RegBundleSize: 6, InterleaverSize: 2, CoreSetType: 0, ShiftIndex: 0, precoderGranularity: 0, numDlDci: 1
[0m[34m[MAC]    dlDmrsSymbPos 244
[0m[34m[MAC]    BWPSize:  48, BWPStart:  29, SubcarrierSpacing: 1, CyclicPrefix: 0, StartSymbolIndex: 0, DurationSymbols: 1, CceRegMappingType: 1, RegBundleSize: 6, InterleaverSize: 2, CoreSetType: 0, ShiftIndex: 0, precoderGranularity: 0, numDlDci: 1
[0m[34m[MAC]    dlDmrsSymbPos 244
[0m[34m[MAC]    BWPSize:  48, BWPStart:  29, SubcarrierSpacing: 1, CyclicPrefix: 0, StartSymbolIndex: 0, DurationSymbols: 1, CceRegMappingType: 1, RegBundleSize: 6, InterleaverSize: 2, CoreSetType: 0, ShiftIndex: 0, precoderGranularity: 0, numDlDci: 1
[0m[34m[MAC]    dlDmrsSymbPos 244
[0m[34m[MAC]    BWPSize:  48, BWPStart:  29, SubcarrierSpacing: 1, CyclicPrefix: 0, StartSymbolIndex: 0, DurationSymbols: 1, CceRegMappingType: 1, RegBundleSize: 6, InterleaverSize: 2, CoreSetType: 0, ShiftIndex: 0, precoderGranularity: 0, numDlDci: 1
[0m[34m[MAC]    [gNB 0] Frame 432 : MIB->BCH  CC_id 0, Received 3 bytes
[0m[34m[MAC]    dlDmrsSymbPos 244
[0m[34m[MAC]    BWPSize:  48, BWPStart:  29, SubcarrierSpacing: 1, CyclicPrefix: 0, StartSymbolIndex: 0, DurationSymbols: 1, CceRegMappingType: 1, RegBundleSize: 6, InterleaverSize: 2, CoreSetType: 0, ShiftIndex: 0, precoderGranularity: 0, numDlDci: 1
[0m[34m[MAC]    dlDmrsSymbPos 244
[0m[34m[MAC]    BWPSize:  48, BWPStart:  29, SubcarrierSpacing: 1, CyclicPrefix: 0, StartSymbolIndex: 0, DurationSymbols: 1, CceRegMappingType: 1, RegBundleSize: 6, InterleaverSize: 2, CoreSetType: 0, ShiftIndex: 0, precoderGranularity: 0, numDlDci: 1
[0m[34m[MAC]    dlDmrsSymbPos 244
[0m[34m[MAC]    BWPSize:  48, BWPStart:  29, SubcarrierSpacing: 1, CyclicPrefix: 0, StartSymbolIndex: 0, DurationSymbols: 1, CceRegMappingType: 1, RegBundleSize: 6, InterleaverSize: 2, CoreSetType: 0, ShiftIndex: 0, precoderGranularity: 0, numDlDci: 1
[0m[34m[MAC]    dlDmrsSymbPos 244
[0m[34m[MAC]    BWPSize:  48, BWPStart:  29, SubcarrierSpacing: 1, CyclicPrefix: 0, StartSymbolIndex: 0, DurationSymbols: 1, CceRegMappingType: 1, RegBundleSize: 6, InterleaverSize: 2, CoreSetType: 0, ShiftIndex: 0, precoderGranularity: 0, numDlDci: 1
[0m[34m[MAC]    [gNB 0] Frame 440 : MIB->BCH  CC_id 0, Received 3 bytes
[0m[34m[MAC]    dlDmrsSymbPos 244
[0m[34m[MAC]    BWPSize:  48, BWPStart:  29, SubcarrierSpacing: 1, CyclicPrefix: 0, StartSymbolIndex: 0, DurationSymbols: 1, CceRegMappingType: 1, RegBundleSize: 6, InterleaverSize: 2, CoreSetType: 0, ShiftIndex: 0, precoderGranularity: 0, numDlDci: 1
[0m[34m[MAC]    dlDmrsSymbPos 244
[0m[34m[MAC]    BWPSize:  48, BWPStart:  29, SubcarrierSpacing: 1, CyclicPrefix: 0, StartSymbolIndex: 0, DurationSymbols: 1, CceRegMappingType: 1, RegBundleSize: 6, InterleaverSize: 2, CoreSetType: 0, ShiftIndex: 0, precoderGranularity: 0, numDlDci: 1
[0m[34m[MAC]    dlDmrsSymbPos 244
[0m[34m[MAC]    BWPSize:  48, BWPStart:  29, SubcarrierSpacing: 1, CyclicPrefix: 0, StartSymbolIndex: 0, DurationSymbols: 1, CceRegMappingType: 1, RegBundleSize: 6, InterleaverSize: 2, CoreSetType: 0, ShiftIndex: 0, precoderGranularity: 0, numDlDci: 1
[0m[34m[MAC]    dlDmrsSymbPos 244
[0m[34m[MAC]    BWPSize:  48, BWPStart:  29, SubcarrierSpacing: 1, CyclicPrefix: 0, StartSymbolIndex: 0, DurationSymbols: 1, CceRegMappingType: 1, RegBundleSize: 6, InterleaverSize: 2, CoreSetType: 0, ShiftIndex: 0, precoderGranularity: 0, numDlDci: 1
[0m[34m[MAC]    [gNB 0] Frame 448 : MIB->BCH  CC_id 0, Received 3 bytes
[0m[34m[MAC]    dlDmrsSymbPos 244
[0m[34m[MAC]    BWPSize:  48, BWPStart:  29, SubcarrierSpacing: 1, CyclicPrefix: 0, StartSymbolIndex: 0, DurationSymbols: 1, CceRegMappingType: 1, RegBundleSize: 6, InterleaverSize: 2, CoreSetType: 0, ShiftIndex: 0, precoderGranularity: 0, numDlDci: 1
[0m[34m[MAC]    dlDmrsSymbPos 244
[0m[34m[MAC]    BWPSize:  48, BWPStart:  29, SubcarrierSpacing: 1, CyclicPrefix: 0, StartSymbolIndex: 0, DurationSymbols: 1, CceRegMappingType: 1, RegBundleSize: 6, InterleaverSize: 2, CoreSetType: 0, ShiftIndex: 0, precoderGranularity: 0, numDlDci: 1
[0m[34m[MAC]    dlDmrsSymbPos 244
[0m[34m[MAC]    BWPSize:  48, BWPStart:  29, SubcarrierSpacing: 1, CyclicPrefix: 0, StartSymbolIndex: 0, DurationSymbols: 1, CceRegMappingType: 1, RegBundleSize: 6, InterleaverSize: 2, CoreSetType: 0, ShiftIndex: 0, precoderGranularity: 0, numDlDci: 1
[0m[34m[MAC]    dlDmrsSymbPos 244
[0m[34m[MAC]    BWPSize:  48, BWPStart:  29, SubcarrierSpacing: 1, CyclicPrefix: 0, StartSymbolIndex: 0, DurationSymbols: 1, CceRegMappingType: 1, RegBundleSize: 6, InterleaverSize: 2, CoreSetType: 0, ShiftIndex: 0, precoderGranularity: 0, numDlDci: 1
[0m[34m[MAC]    [gNB 0] Frame 456 : MIB->BCH  CC_id 0, Received 3 bytes
[0m[34m[MAC]    dlDmrsSymbPos 244
[0m[34m[MAC]    BWPSize:  48, BWPStart:  29, SubcarrierSpacing: 1, CyclicPrefix: 0, StartSymbolIndex: 0, DurationSymbols: 1, CceRegMappingType: 1, RegBundleSize: 6, InterleaverSize: 2, CoreSetType: 0, ShiftIndex: 0, precoderGranularity: 0, numDlDci: 1
[0m[34m[MAC]    dlDmrsSymbPos 244
[0m[34m[MAC]    BWPSize:  48, BWPStart:  29, SubcarrierSpacing: 1, CyclicPrefix: 0, StartSymbolIndex: 0, DurationSymbols: 1, CceRegMappingType: 1, RegBundleSize: 6, InterleaverSize: 2, CoreSetType: 0, ShiftIndex: 0, precoderGranularity: 0, numDlDci: 1
[0m[34m[MAC]    dlDmrsSymbPos 244
[0m[34m[MAC]    BWPSize:  48, BWPStart:  29, SubcarrierSpacing: 1, CyclicPrefix: 0, StartSymbolIndex: 0, DurationSymbols: 1, CceRegMappingType: 1, RegBundleSize: 6, InterleaverSize: 2, CoreSetType: 0, ShiftIndex: 0, precoderGranularity: 0, numDlDci: 1
[0m[34m[MAC]    dlDmrsSymbPos 244
[0m[34m[MAC]    BWPSize:  48, BWPStart:  29, SubcarrierSpacing: 1, CyclicPrefix: 0, StartSymbolIndex: 0, DurationSymbols: 1, CceRegMappingType: 1, RegBundleSize: 6, InterleaverSize: 2, CoreSetType: 0, ShiftIndex: 0, precoderGranularity: 0, numDlDci: 1
[0m[34m[MAC]    [gNB 0] Frame 464 : MIB->BCH  CC_id 0, Received 3 bytes
[0m[34m[MAC]    dlDmrsSymbPos 244
[0m[34m[MAC]    BWPSize:  48, BWPStart:  29, SubcarrierSpacing: 1, CyclicPrefix: 0, StartSymbolIndex: 0, DurationSymbols: 1, CceRegMappingType: 1, RegBundleSize: 6, InterleaverSize: 2, CoreSetType: 0, ShiftIndex: 0, precoderGranularity: 0, numDlDci: 1
[0m[34m[MAC]    dlDmrsSymbPos 244
[0m[34m[MAC]    BWPSize:  48, BWPStart:  29, SubcarrierSpacing: 1, CyclicPrefix: 0, StartSymbolIndex: 0, DurationSymbols: 1, CceRegMappingType: 1, RegBundleSize: 6, InterleaverSize: 2, CoreSetType: 0, ShiftIndex: 0, precoderGranularity: 0, numDlDci: 1
[0m[34m[MAC]    dlDmrsSymbPos 244
[0m[34m[MAC]    BWPSize:  48, BWPStart:  29, SubcarrierSpacing: 1, CyclicPrefix: 0, StartSymbolIndex: 0, DurationSymbols: 1, CceRegMappingType: 1, RegBundleSize: 6, InterleaverSize: 2, CoreSetType: 0, ShiftIndex: 0, precoderGranularity: 0, numDlDci: 1
[0m[34m[MAC]    dlDmrsSymbPos 244
[0m[34m[MAC]    BWPSize:  48, BWPStart:  29, SubcarrierSpacing: 1, CyclicPrefix: 0, StartSymbolIndex: 0, DurationSymbols: 1, CceRegMappingType: 1, RegBundleSize: 6, InterleaverSize: 2, CoreSetType: 0, ShiftIndex: 0, precoderGranularity: 0, numDlDci: 1
[0m[34m[MAC]    [gNB 0] Frame 472 : MIB->BCH  CC_id 0, Received 3 bytes
[0m[34m[MAC]    dlDmrsSymbPos 244
[0m[34m[MAC]    BWPSize:  48, BWPStart:  29, SubcarrierSpacing: 1, CyclicPrefix: 0, StartSymbolIndex: 0, DurationSymbols: 1, CceRegMappingType: 1, RegBundleSize: 6, InterleaverSize: 2, CoreSetType: 0, ShiftIndex: 0, precoderGranularity: 0, numDlDci: 1
[0m[34m[MAC]    dlDmrsSymbPos 244
[0m[34m[MAC]    BWPSize:  48, BWPStart:  29, SubcarrierSpacing: 1, CyclicPrefix: 0, StartSymbolIndex: 0, DurationSymbols: 1, CceRegMappingType: 1, RegBundleSize: 6, InterleaverSize: 2, CoreSetType: 0, ShiftIndex: 0, precoderGranularity: 0, numDlDci: 1
[0m[34m[MAC]    dlDmrsSymbPos 244
[0m[34m[MAC]    BWPSize:  48, BWPStart:  29, SubcarrierSpacing: 1, CyclicPrefix: 0, StartSymbolIndex: 0, DurationSymbols: 1, CceRegMappingType: 1, RegBundleSize: 6, InterleaverSize: 2, CoreSetType: 0, ShiftIndex: 0, precoderGranularity: 0, numDlDci: 1
[0m[34m[MAC]    dlDmrsSymbPos 244
[0m[34m[MAC]    BWPSize:  48, BWPStart:  29, SubcarrierSpacing: 1, CyclicPrefix: 0, StartSymbolIndex: 0, DurationSymbols: 1, CceRegMappingType: 1, RegBundleSize: 6, InterleaverSize: 2, CoreSetType: 0, ShiftIndex: 0, precoderGranularity: 0, numDlDci: 1
[0m[34m[MAC]    [gNB 0] Frame 480 : MIB->BCH  CC_id 0, Received 3 bytes
[0m[34m[MAC]    dlDmrsSymbPos 244
[0m[34m[MAC]    BWPSize:  48, BWPStart:  29, SubcarrierSpacing: 1, CyclicPrefix: 0, StartSymbolIndex: 0, DurationSymbols: 1, CceRegMappingType: 1, RegBundleSize: 6, InterleaverSize: 2, CoreSetType: 0, ShiftIndex: 0, precoderGranularity: 0, numDlDci: 1
[0m[34m[MAC]    dlDmrsSymbPos 244
[0m[34m[MAC]    BWPSize:  48, BWPStart:  29, SubcarrierSpacing: 1, CyclicPrefix: 0, StartSymbolIndex: 0, DurationSymbols: 1, CceRegMappingType: 1, RegBundleSize: 6, InterleaverSize: 2, CoreSetType: 0, ShiftIndex: 0, precoderGranularity: 0, numDlDci: 1
[0m[34m[MAC]    dlDmrsSymbPos 244
[0m[34m[MAC]    BWPSize:  48, BWPStart:  29, SubcarrierSpacing: 1, CyclicPrefix: 0, StartSymbolIndex: 0, DurationSymbols: 1, CceRegMappingType: 1, RegBundleSize: 6, InterleaverSize: 2, CoreSetType: 0, ShiftIndex: 0, precoderGranularity: 0, numDlDci: 1
[0m[34m[MAC]    dlDmrsSymbPos 244
[0m[34m[MAC]    BWPSize:  48, BWPStart:  29, SubcarrierSpacing: 1, CyclicPrefix: 0, StartSymbolIndex: 0, DurationSymbols: 1, CceRegMappingType: 1, RegBundleSize: 6, InterleaverSize: 2, CoreSetType: 0, ShiftIndex: 0, precoderGranularity: 0, numDlDci: 1
[0m[34m[MAC]    [gNB 0] Frame 488 : MIB->BCH  CC_id 0, Received 3 bytes
[0m[34m[MAC]    dlDmrsSymbPos 244
[0m[34m[MAC]    BWPSize:  48, BWPStart:  29, SubcarrierSpacing: 1, CyclicPrefix: 0, StartSymbolIndex: 0, DurationSymbols: 1, CceRegMappingType: 1, RegBundleSize: 6, InterleaverSize: 2, CoreSetType: 0, ShiftIndex: 0, precoderGranularity: 0, numDlDci: 1
[0m[34m[MAC]    dlDmrsSymbPos 244
[0m[34m[MAC]    BWPSize:  48, BWPStart:  29, SubcarrierSpacing: 1, CyclicPrefix: 0, StartSymbolIndex: 0, DurationSymbols: 1, CceRegMappingType: 1, RegBundleSize: 6, InterleaverSize: 2, CoreSetType: 0, ShiftIndex: 0, precoderGranularity: 0, numDlDci: 1
[0m[34m[MAC]    dlDmrsSymbPos 244
[0m[34m[MAC]    BWPSize:  48, BWPStart:  29, SubcarrierSpacing: 1, CyclicPrefix: 0, StartSymbolIndex: 0, DurationSymbols: 1, CceRegMappingType: 1, RegBundleSize: 6, InterleaverSize: 2, CoreSetType: 0, ShiftIndex: 0, precoderGranularity: 0, numDlDci: 1
[0m[34m[MAC]    dlDmrsSymbPos 244
[0m[34m[MAC]    BWPSize:  48, BWPStart:  29, SubcarrierSpacing: 1, CyclicPrefix: 0, StartSymbolIndex: 0, DurationSymbols: 1, CceRegMappingType: 1, RegBundleSize: 6, InterleaverSize: 2, CoreSetType: 0, ShiftIndex: 0, precoderGranularity: 0, numDlDci: 1
[0m[34m[MAC]    [gNB 0] Frame 496 : MIB->BCH  CC_id 0, Received 3 bytes
[0m[34m[MAC]    dlDmrsSymbPos 244
[0m[34m[MAC]    BWPSize:  48, BWPStart:  29, SubcarrierSpacing: 1, CyclicPrefix: 0, StartSymbolIndex: 0, DurationSymbols: 1, CceRegMappingType: 1, RegBundleSize: 6, InterleaverSize: 2, CoreSetType: 0, ShiftIndex: 0, precoderGranularity: 0, numDlDci: 1
[0m[34m[MAC]    dlDmrsSymbPos 244
[0m[34m[MAC]    BWPSize:  48, BWPStart:  29, SubcarrierSpacing: 1, CyclicPrefix: 0, StartSymbolIndex: 0, DurationSymbols: 1, CceRegMappingType: 1, RegBundleSize: 6, InterleaverSize: 2, CoreSetType: 0, ShiftIndex: 0, precoderGranularity: 0, numDlDci: 1
[0m[34m[MAC]    dlDmrsSymbPos 244
[0m[34m[MAC]    BWPSize:  48, BWPStart:  29, SubcarrierSpacing: 1, CyclicPrefix: 0, StartSymbolIndex: 0, DurationSymbols: 1, CceRegMappingType: 1, RegBundleSize: 6, InterleaverSize: 2, CoreSetType: 0, ShiftIndex: 0, precoderGranularity: 0, numDlDci: 1
[0m[34m[MAC]    dlDmrsSymbPos 244
[0m[34m[MAC]    BWPSize:  48, BWPStart:  29, SubcarrierSpacing: 1, CyclicPrefix: 0, StartSymbolIndex: 0, DurationSymbols: 1, CceRegMappingType: 1, RegBundleSize: 6, InterleaverSize: 2, CoreSetType: 0, ShiftIndex: 0, precoderGranularity: 0, numDlDci: 1
[0m[34m[MAC]    [gNB 0] Frame 504 : MIB->BCH  CC_id 0, Received 3 bytes
[0m[34m[MAC]    dlDmrsSymbPos 244
[0m[34m[MAC]    BWPSize:  48, BWPStart:  29, SubcarrierSpacing: 1, CyclicPrefix: 0, StartSymbolIndex: 0, DurationSymbols: 1, CceRegMappingType: 1, RegBundleSize: 6, InterleaverSize: 2, CoreSetType: 0, ShiftIndex: 0, precoderGranularity: 0, numDlDci: 1
[0m[34m[MAC]    dlDmrsSymbPos 244
[0m[34m[MAC]    BWPSize:  48, BWPStart:  29, SubcarrierSpacing: 1, CyclicPrefix: 0, StartSymbolIndex: 0, DurationSymbols: 1, CceRegMappingType: 1, RegBundleSize: 6, InterleaverSize: 2, CoreSetType: 0, ShiftIndex: 0, precoderGranularity: 0, numDlDci: 1
[0m[34m[MAC]    dlDmrsSymbPos 244
[0m[34m[MAC]    BWPSize:  48, BWPStart:  29, SubcarrierSpacing: 1, CyclicPrefix: 0, StartSymbolIndex: 0, DurationSymbols: 1, CceRegMappingType: 1, RegBundleSize: 6, InterleaverSize: 2, CoreSetType: 0, ShiftIndex: 0, precoderGranularity: 0, numDlDci: 1
[0m[34m[MAC]    dlDmrsSymbPos 244
[0m[34m[MAC]    BWPSize:  48, BWPStart:  29, SubcarrierSpacing: 1, CyclicPrefix: 0, StartSymbolIndex: 0, DurationSymbols: 1, CceRegMappingType: 1, RegBundleSize: 6, InterleaverSize: 2, CoreSetType: 0, ShiftIndex: 0, precoderGranularity: 0, numDlDci: 1
[0m[34m[MAC]    [gNB 0] Frame 512 : MIB->BCH  CC_id 0, Received 3 bytes
[0m[34m[MAC]    dlDmrsSymbPos 244
[0m[34m[MAC]    BWPSize:  48, BWPStart:  29, SubcarrierSpacing: 1, CyclicPrefix: 0, StartSymbolIndex: 0, DurationSymbols: 1, CceRegMappingType: 1, RegBundleSize: 6, InterleaverSize: 2, CoreSetType: 0, ShiftIndex: 0, precoderGranularity: 0, numDlDci: 1
[0m[HW]     [o-du 0][rx  128189 pps   10753 kbps  299484][tx  382507 pps   31872 kbps  786891][Total Msgs_Rcvd 128189]
[0m[HW]     [o_du0][pusch0  110550 prach0   17637]
[0m[34m[MAC]    dlDmrsSymbPos 244
[0m[34m[MAC]    BWPSize:  48, BWPStart:  29, SubcarrierSpacing: 1, CyclicPrefix: 0, StartSymbolIndex: 0, DurationSymbols: 1, CceRegMappingType: 1, RegBundleSize: 6, InterleaverSize: 2, CoreSetType: 0, ShiftIndex: 0, precoderGranularity: 0, numDlDci: 1
[0m[34m[MAC]    dlDmrsSymbPos 244
[0m[34m[MAC]    BWPSize:  48, BWPStart:  29, SubcarrierSpacing: 1, CyclicPrefix: 0, StartSymbolIndex: 0, DurationSymbols: 1, CceRegMappingType: 1, RegBundleSize: 6, InterleaverSize: 2, CoreSetType: 0, ShiftIndex: 0, precoderGranularity: 0, numDlDci: 1
[0m[34m[MAC]    dlDmrsSymbPos 244
[0m[34m[MAC]    BWPSize:  48, BWPStart:  29, SubcarrierSpacing: 1, CyclicPrefix: 0, StartSymbolIndex: 0, DurationSymbols: 1, CceRegMappingType: 1, RegBundleSize: 6, InterleaverSize: 2, CoreSetType: 0, ShiftIndex: 0, precoderGranularity: 0, numDlDci: 1
[0m[34m[MAC]    [gNB 0] Frame 520 : MIB->BCH  CC_id 0, Received 3 bytes
[0m[34m[MAC]    dlDmrsSymbPos 244
[0m[34m[MAC]    BWPSize:  48, BWPStart:  29, SubcarrierSpacing: 1, CyclicPrefix: 0, StartSymbolIndex: 0, DurationSymbols: 1, CceRegMappingType: 1, RegBundleSize: 6, InterleaverSize: 2, CoreSetType: 0, ShiftIndex: 0, precoderGranularity: 0, numDlDci: 1
[0m[34m[MAC]    dlDmrsSymbPos 244
[0m[34m[MAC]    BWPSize:  48, BWPStart:  29, SubcarrierSpacing: 1, CyclicPrefix: 0, StartSymbolIndex: 0, DurationSymbols: 1, CceRegMappingType: 1, RegBundleSize: 6, InterleaverSize: 2, CoreSetType: 0, ShiftIndex: 0, precoderGranularity: 0, numDlDci: 1
[0m[34m[MAC]    dlDmrsSymbPos 244
[0m[34m[MAC]    BWPSize:  48, BWPStart:  29, SubcarrierSpacing: 1, CyclicPrefix: 0, StartSymbolIndex: 0, DurationSymbols: 1, CceRegMappingType: 1, RegBundleSize: 6, InterleaverSize: 2, CoreSetType: 0, ShiftIndex: 0, precoderGranularity: 0, numDlDci: 1
[0m[34m[MAC]    dlDmrsSymbPos 244
[0m[34m[MAC]    BWPSize:  48, BWPStart:  29, SubcarrierSpacing: 1, CyclicPrefix: 0, StartSymbolIndex: 0, DurationSymbols: 1, CceRegMappingType: 1, RegBundleSize: 6, InterleaverSize: 2, CoreSetType: 0, ShiftIndex: 0, precoderGranularity: 0, numDlDci: 1
[0m[34m[MAC]    [gNB 0] Frame 528 : MIB->BCH  CC_id 0, Received 3 bytes
[0m[34m[MAC]    dlDmrsSymbPos 244
[0m[34m[MAC]    BWPSize:  48, BWPStart:  29, SubcarrierSpacing: 1, CyclicPrefix: 0, StartSymbolIndex: 0, DurationSymbols: 1, CceRegMappingType: 1, RegBundleSize: 6, InterleaverSize: 2, CoreSetType: 0, ShiftIndex: 0, precoderGranularity: 0, numDlDci: 1
[0m[34m[MAC]    dlDmrsSymbPos 244
[0m[34m[MAC]    BWPSize:  48, BWPStart:  29, SubcarrierSpacing: 1, CyclicPrefix: 0, StartSymbolIndex: 0, DurationSymbols: 1, CceRegMappingType: 1, RegBundleSize: 6, InterleaverSize: 2, CoreSetType: 0, ShiftIndex: 0, precoderGranularity: 0, numDlDci: 1
[0m[34m[MAC]    dlDmrsSymbPos 244
[0m[34m[MAC]    BWPSize:  48, BWPStart:  29, SubcarrierSpacing: 1, CyclicPrefix: 0, StartSymbolIndex: 0, DurationSymbols: 1, CceRegMappingType: 1, RegBundleSize: 6, InterleaverSize: 2, CoreSetType: 0, ShiftIndex: 0, precoderGranularity: 0, numDlDci: 1
[0m[34m[MAC]    dlDmrsSymbPos 244
[0m[34m[MAC]    BWPSize:  48, BWPStart:  29, SubcarrierSpacing: 1, CyclicPrefix: 0, StartSymbolIndex: 0, DurationSymbols: 1, CceRegMappingType: 1, RegBundleSize: 6, InterleaverSize: 2, CoreSetType: 0, ShiftIndex: 0, precoderGranularity: 0, numDlDci: 1
[0m[34m[MAC]    [gNB 0] Frame 536 : MIB->BCH  CC_id 0, Received 3 bytes
[0m[34m[MAC]    dlDmrsSymbPos 244
[0m[34m[MAC]    BWPSize:  48, BWPStart:  29, SubcarrierSpacing: 1, CyclicPrefix: 0, StartSymbolIndex: 0, DurationSymbols: 1, CceRegMappingType: 1, RegBundleSize: 6, InterleaverSize: 2, CoreSetType: 0, ShiftIndex: 0, precoderGranularity: 0, numDlDci: 1
[0m[34m[MAC]    dlDmrsSymbPos 244
[0m[34m[MAC]    BWPSize:  48, BWPStart:  29, SubcarrierSpacing: 1, CyclicPrefix: 0, StartSymbolIndex: 0, DurationSymbols: 1, CceRegMappingType: 1, RegBundleSize: 6, InterleaverSize: 2, CoreSetType: 0, ShiftIndex: 0, precoderGranularity: 0, numDlDci: 1
[0m[34m[MAC]    dlDmrsSymbPos 244
[0m[34m[MAC]    BWPSize:  48, BWPStart:  29, SubcarrierSpacing: 1, CyclicPrefix: 0, StartSymbolIndex: 0, DurationSymbols: 1, CceRegMappingType: 1, RegBundleSize: 6, InterleaverSize: 2, CoreSetType: 0, ShiftIndex: 0, precoderGranularity: 0, numDlDci: 1
[0m[34m[MAC]    dlDmrsSymbPos 244
[0m[34m[MAC]    BWPSize:  48, BWPStart:  29, SubcarrierSpacing: 1, CyclicPrefix: 0, StartSymbolIndex: 0, DurationSymbols: 1, CceRegMappingType: 1, RegBundleSize: 6, InterleaverSize: 2, CoreSetType: 0, ShiftIndex: 0, precoderGranularity: 0, numDlDci: 1
[0m[34m[MAC]    [gNB 0] Frame 544 : MIB->BCH  CC_id 0, Received 3 bytes
[0m[34m[MAC]    dlDmrsSymbPos 244
[0m[34m[MAC]    BWPSize:  48, BWPStart:  29, SubcarrierSpacing: 1, CyclicPrefix: 0, StartSymbolIndex: 0, DurationSymbols: 1, CceRegMappingType: 1, RegBundleSize: 6, InterleaverSize: 2, CoreSetType: 0, ShiftIndex: 0, precoderGranularity: 0, numDlDci: 1
[0m[34m[MAC]    dlDmrsSymbPos 244
[0m[34m[MAC]    BWPSize:  48, BWPStart:  29, SubcarrierSpacing: 1, CyclicPrefix: 0, StartSymbolIndex: 0, DurationSymbols: 1, CceRegMappingType: 1, RegBundleSize: 6, InterleaverSize: 2, CoreSetType: 0, ShiftIndex: 0, precoderGranularity: 0, numDlDci: 1
[0m[34m[MAC]    dlDmrsSymbPos 244
[0m[34m[MAC]    BWPSize:  48, BWPStart:  29, SubcarrierSpacing: 1, CyclicPrefix: 0, StartSymbolIndex: 0, DurationSymbols: 1, CceRegMappingType: 1, RegBundleSize: 6, InterleaverSize: 2, CoreSetType: 0, ShiftIndex: 0, precoderGranularity: 0, numDlDci: 1
[0m[34m[MAC]    dlDmrsSymbPos 244
[0m[34m[MAC]    BWPSize:  48, BWPStart:  29, SubcarrierSpacing: 1, CyclicPrefix: 0, StartSymbolIndex: 0, DurationSymbols: 1, CceRegMappingType: 1, RegBundleSize: 6, InterleaverSize: 2, CoreSetType: 0, ShiftIndex: 0, precoderGranularity: 0, numDlDci: 1
[0m[34m[MAC]    [gNB 0] Frame 552 : MIB->BCH  CC_id 0, Received 3 bytes
[0m[34m[MAC]    dlDmrsSymbPos 244
[0m[34m[MAC]    BWPSize:  48, BWPStart:  29, SubcarrierSpacing: 1, CyclicPrefix: 0, StartSymbolIndex: 0, DurationSymbols: 1, CceRegMappingType: 1, RegBundleSize: 6, InterleaverSize: 2, CoreSetType: 0, ShiftIndex: 0, precoderGranularity: 0, numDlDci: 1
[0m[34m[MAC]    dlDmrsSymbPos 244
[0m[34m[MAC]    BWPSize:  48, BWPStart:  29, SubcarrierSpacing: 1, CyclicPrefix: 0, StartSymbolIndex: 0, DurationSymbols: 1, CceRegMappingType: 1, RegBundleSize: 6, InterleaverSize: 2, CoreSetType: 0, ShiftIndex: 0, precoderGranularity: 0, numDlDci: 1
[0m[34m[MAC]    dlDmrsSymbPos 244
[0m[34m[MAC]    BWPSize:  48, BWPStart:  29, SubcarrierSpacing: 1, CyclicPrefix: 0, StartSymbolIndex: 0, DurationSymbols: 1, CceRegMappingType: 1, RegBundleSize: 6, InterleaverSize: 2, CoreSetType: 0, ShiftIndex: 0, precoderGranularity: 0, numDlDci: 1
[0m[34m[MAC]    dlDmrsSymbPos 244
[0m[34m[MAC]    BWPSize:  48, BWPStart:  29, SubcarrierSpacing: 1, CyclicPrefix: 0, StartSymbolIndex: 0, DurationSymbols: 1, CceRegMappingType: 1, RegBundleSize: 6, InterleaverSize: 2, CoreSetType: 0, ShiftIndex: 0, precoderGranularity: 0, numDlDci: 1
[0m[34m[MAC]    [gNB 0] Frame 560 : MIB->BCH  CC_id 0, Received 3 bytes
[0m[34m[MAC]    dlDmrsSymbPos 244
[0m[34m[MAC]    BWPSize:  48, BWPStart:  29, SubcarrierSpacing: 1, CyclicPrefix: 0, StartSymbolIndex: 0, DurationSymbols: 1, CceRegMappingType: 1, RegBundleSize: 6, InterleaverSize: 2, CoreSetType: 0, ShiftIndex: 0, precoderGranularity: 0, numDlDci: 1
[0m[34m[MAC]    dlDmrsSymbPos 244
[0m[34m[MAC]    BWPSize:  48, BWPStart:  29, SubcarrierSpacing: 1, CyclicPrefix: 0, StartSymbolIndex: 0, DurationSymbols: 1, CceRegMappingType: 1, RegBundleSize: 6, InterleaverSize: 2, CoreSetType: 0, ShiftIndex: 0, precoderGranularity: 0, numDlDci: 1
[0m[34m[MAC]    dlDmrsSymbPos 244
[0m[34m[MAC]    BWPSize:  48, BWPStart:  29, SubcarrierSpacing: 1, CyclicPrefix: 0, StartSymbolIndex: 0, DurationSymbols: 1, CceRegMappingType: 1, RegBundleSize: 6, InterleaverSize: 2, CoreSetType: 0, ShiftIndex: 0, precoderGranularity: 0, numDlDci: 1
[0m[34m[MAC]    dlDmrsSymbPos 244
[0m[34m[MAC]    BWPSize:  48, BWPStart:  29, SubcarrierSpacing: 1, CyclicPrefix: 0, StartSymbolIndex: 0, DurationSymbols: 1, CceRegMappingType: 1, RegBundleSize: 6, InterleaverSize: 2, CoreSetType: 0, ShiftIndex: 0, precoderGranularity: 0, numDlDci: 1
[0m[34m[MAC]    [gNB 0] Frame 568 : MIB->BCH  CC_id 0, Received 3 bytes
[0m[34m[MAC]    dlDmrsSymbPos 244
[0m[34m[MAC]    BWPSize:  48, BWPStart:  29, SubcarrierSpacing: 1, CyclicPrefix: 0, StartSymbolIndex: 0, DurationSymbols: 1, CceRegMappingType: 1, RegBundleSize: 6, InterleaverSize: 2, CoreSetType: 0, ShiftIndex: 0, precoderGranularity: 0, numDlDci: 1
[0m[34m[MAC]    dlDmrsSymbPos 244
[0m[34m[MAC]    BWPSize:  48, BWPStart:  29, SubcarrierSpacing: 1, CyclicPrefix: 0, StartSymbolIndex: 0, DurationSymbols: 1, CceRegMappingType: 1, RegBundleSize: 6, InterleaverSize: 2, CoreSetType: 0, ShiftIndex: 0, precoderGranularity: 0, numDlDci: 1
[0m[34m[MAC]    dlDmrsSymbPos 244
[0m[34m[MAC]    BWPSize:  48, BWPStart:  29, SubcarrierSpacing: 1, CyclicPrefix: 0, StartSymbolIndex: 0, DurationSymbols: 1, CceRegMappingType: 1, RegBundleSize: 6, InterleaverSize: 2, CoreSetType: 0, ShiftIndex: 0, precoderGranularity: 0, numDlDci: 1
[0m[34m[MAC]    dlDmrsSymbPos 244
[0m[34m[MAC]    BWPSize:  48, BWPStart:  29, SubcarrierSpacing: 1, CyclicPrefix: 0, StartSymbolIndex: 0, DurationSymbols: 1, CceRegMappingType: 1, RegBundleSize: 6, InterleaverSize: 2, CoreSetType: 0, ShiftIndex: 0, precoderGranularity: 0, numDlDci: 1
[0m[34m[MAC]    [gNB 0] Frame 576 : MIB->BCH  CC_id 0, Received 3 bytes
[0m[34m[MAC]    dlDmrsSymbPos 244
[0m[34m[MAC]    BWPSize:  48, BWPStart:  29, SubcarrierSpacing: 1, CyclicPrefix: 0, StartSymbolIndex: 0, DurationSymbols: 1, CceRegMappingType: 1, RegBundleSize: 6, InterleaverSize: 2, CoreSetType: 0, ShiftIndex: 0, precoderGranularity: 0, numDlDci: 1
[0m[34m[MAC]    dlDmrsSymbPos 244
[0m[34m[MAC]    BWPSize:  48, BWPStart:  29, SubcarrierSpacing: 1, CyclicPrefix: 0, StartSymbolIndex: 0, DurationSymbols: 1, CceRegMappingType: 1, RegBundleSize: 6, InterleaverSize: 2, CoreSetType: 0, ShiftIndex: 0, precoderGranularity: 0, numDlDci: 1
[0m[34m[MAC]    dlDmrsSymbPos 244
[0m[34m[MAC]    BWPSize:  48, BWPStart:  29, SubcarrierSpacing: 1, CyclicPrefix: 0, StartSymbolIndex: 0, DurationSymbols: 1, CceRegMappingType: 1, RegBundleSize: 6, InterleaverSize: 2, CoreSetType: 0, ShiftIndex: 0, precoderGranularity: 0, numDlDci: 1
[0m[34m[MAC]    dlDmrsSymbPos 244
[0m[34m[MAC]    BWPSize:  48, BWPStart:  29, SubcarrierSpacing: 1, CyclicPrefix: 0, StartSymbolIndex: 0, DurationSymbols: 1, CceRegMappingType: 1, RegBundleSize: 6, InterleaverSize: 2, CoreSetType: 0, ShiftIndex: 0, precoderGranularity: 0, numDlDci: 1
[0m[34m[MAC]    [gNB 0] Frame 584 : MIB->BCH  CC_id 0, Received 3 bytes
[0m[34m[MAC]    dlDmrsSymbPos 244
[0m[34m[MAC]    BWPSize:  48, BWPStart:  29, SubcarrierSpacing: 1, CyclicPrefix: 0, StartSymbolIndex: 0, DurationSymbols: 1, CceRegMappingType: 1, RegBundleSize: 6, InterleaverSize: 2, CoreSetType: 0, ShiftIndex: 0, precoderGranularity: 0, numDlDci: 1
[0m[34m[MAC]    dlDmrsSymbPos 244
[0m[34m[MAC]    BWPSize:  48, BWPStart:  29, SubcarrierSpacing: 1, CyclicPrefix: 0, StartSymbolIndex: 0, DurationSymbols: 1, CceRegMappingType: 1, RegBundleSize: 6, InterleaverSize: 2, CoreSetType: 0, ShiftIndex: 0, precoderGranularity: 0, numDlDci: 1
[0m[34m[MAC]    dlDmrsSymbPos 244
[0m[34m[MAC]    BWPSize:  48, BWPStart:  29, SubcarrierSpacing: 1, CyclicPrefix: 0, StartSymbolIndex: 0, DurationSymbols: 1, CceRegMappingType: 1, RegBundleSize: 6, InterleaverSize: 2, CoreSetType: 0, ShiftIndex: 0, precoderGranularity: 0, numDlDci: 1
[0m[34m[MAC]    dlDmrsSymbPos 244
[0m[34m[MAC]    BWPSize:  48, BWPStart:  29, SubcarrierSpacing: 1, CyclicPrefix: 0, StartSymbolIndex: 0, DurationSymbols: 1, CceRegMappingType: 1, RegBundleSize: 6, InterleaverSize: 2, CoreSetType: 0, ShiftIndex: 0, precoderGranularity: 0, numDlDci: 1
[0m[34m[MAC]    [gNB 0] Frame 592 : MIB->BCH  CC_id 0, Received 3 bytes
[0m[34m[MAC]    dlDmrsSymbPos 244
[0m[34m[MAC]    BWPSize:  48, BWPStart:  29, SubcarrierSpacing: 1, CyclicPrefix: 0, StartSymbolIndex: 0, DurationSymbols: 1, CceRegMappingType: 1, RegBundleSize: 6, InterleaverSize: 2, CoreSetType: 0, ShiftIndex: 0, precoderGranularity: 0, numDlDci: 1
[0m[34m[MAC]    dlDmrsSymbPos 244
[0m[34m[MAC]    BWPSize:  48, BWPStart:  29, SubcarrierSpacing: 1, CyclicPrefix: 0, StartSymbolIndex: 0, DurationSymbols: 1, CceRegMappingType: 1, RegBundleSize: 6, InterleaverSize: 2, CoreSetType: 0, ShiftIndex: 0, precoderGranularity: 0, numDlDci: 1
[0m[34m[MAC]    dlDmrsSymbPos 244
[0m[34m[MAC]    BWPSize:  48, BWPStart:  29, SubcarrierSpacing: 1, CyclicPrefix: 0, StartSymbolIndex: 0, DurationSymbols: 1, CceRegMappingType: 1, RegBundleSize: 6, InterleaverSize: 2, CoreSetType: 0, ShiftIndex: 0, precoderGranularity: 0, numDlDci: 1
[0m[34m[MAC]    dlDmrsSymbPos 244
[0m[34m[MAC]    BWPSize:  48, BWPStart:  29, SubcarrierSpacing: 1, CyclicPrefix: 0, StartSymbolIndex: 0, DurationSymbols: 1, CceRegMappingType: 1, RegBundleSize: 6, InterleaverSize: 2, CoreSetType: 0, ShiftIndex: 0, precoderGranularity: 0, numDlDci: 1
[0m[34m[MAC]    [gNB 0] Frame 600 : MIB->BCH  CC_id 0, Received 3 bytes
[0m[34m[MAC]    dlDmrsSymbPos 244
[0m[34m[MAC]    BWPSize:  48, BWPStart:  29, SubcarrierSpacing: 1, CyclicPrefix: 0, StartSymbolIndex: 0, DurationSymbols: 1, CceRegMappingType: 1, RegBundleSize: 6, InterleaverSize: 2, CoreSetType: 0, ShiftIndex: 0, precoderGranularity: 0, numDlDci: 1
[0m[34m[MAC]    dlDmrsSymbPos 244
[0m[34m[MAC]    BWPSize:  48, BWPStart:  29, SubcarrierSpacing: 1, CyclicPrefix: 0, StartSymbolIndex: 0, DurationSymbols: 1, CceRegMappingType: 1, RegBundleSize: 6, InterleaverSize: 2, CoreSetType: 0, ShiftIndex: 0, precoderGranularity: 0, numDlDci: 1
[0m[34m[MAC]    dlDmrsSymbPos 244
[0m[34m[MAC]    BWPSize:  48, BWPStart:  29, SubcarrierSpacing: 1, CyclicPrefix: 0, StartSymbolIndex: 0, DurationSymbols: 1, CceRegMappingType: 1, RegBundleSize: 6, InterleaverSize: 2, CoreSetType: 0, ShiftIndex: 0, precoderGranularity: 0, numDlDci: 1
[0m[34m[MAC]    dlDmrsSymbPos 244
[0m[34m[MAC]    BWPSize:  48, BWPStart:  29, SubcarrierSpacing: 1, CyclicPrefix: 0, StartSymbolIndex: 0, DurationSymbols: 1, CceRegMappingType: 1, RegBundleSize: 6, InterleaverSize: 2, CoreSetType: 0, ShiftIndex: 0, precoderGranularity: 0, numDlDci: 1
[0m[34m[MAC]    [gNB 0] Frame 608 : MIB->BCH  CC_id 0, Received 3 bytes
[0m[34m[MAC]    dlDmrsSymbPos 244
[0m[34m[MAC]    BWPSize:  48, BWPStart:  29, SubcarrierSpacing: 1, CyclicPrefix: 0, StartSymbolIndex: 0, DurationSymbols: 1, CceRegMappingType: 1, RegBundleSize: 6, InterleaverSize: 2, CoreSetType: 0, ShiftIndex: 0, precoderGranularity: 0, numDlDci: 1
[0m[34m[MAC]    dlDmrsSymbPos 244
[0m[34m[MAC]    BWPSize:  48, BWPStart:  29, SubcarrierSpacing: 1, CyclicPrefix: 0, StartSymbolIndex: 0, DurationSymbols: 1, CceRegMappingType: 1, RegBundleSize: 6, InterleaverSize: 2, CoreSetType: 0, ShiftIndex: 0, precoderGranularity: 0, numDlDci: 1
[0m[34m[MAC]    dlDmrsSymbPos 244
[0m[34m[MAC]    BWPSize:  48, BWPStart:  29, SubcarrierSpacing: 1, CyclicPrefix: 0, StartSymbolIndex: 0, DurationSymbols: 1, CceRegMappingType: 1, RegBundleSize: 6, InterleaverSize: 2, CoreSetType: 0, ShiftIndex: 0, precoderGranularity: 0, numDlDci: 1
[0m[34m[MAC]    dlDmrsSymbPos 244
[0m[34m[MAC]    BWPSize:  48, BWPStart:  29, SubcarrierSpacing: 1, CyclicPrefix: 0, StartSymbolIndex: 0, DurationSymbols: 1, CceRegMappingType: 1, RegBundleSize: 6, InterleaverSize: 2, CoreSetType: 0, ShiftIndex: 0, precoderGranularity: 0, numDlDci: 1
[0m[34m[MAC]    [gNB 0] Frame 616 : MIB->BCH  CC_id 0, Received 3 bytes
[0m[34m[MAC]    dlDmrsSymbPos 244
[0m[34m[MAC]    BWPSize:  48, BWPStart:  29, SubcarrierSpacing: 1, CyclicPrefix: 0, StartSymbolIndex: 0, DurationSymbols: 1, CceRegMappingType: 1, RegBundleSize: 6, InterleaverSize: 2, CoreSetType: 0, ShiftIndex: 0, precoderGranularity: 0, numDlDci: 1
[0m[34m[MAC]    dlDmrsSymbPos 244
[0m[34m[MAC]    BWPSize:  48, BWPStart:  29, SubcarrierSpacing: 1, CyclicPrefix: 0, StartSymbolIndex: 0, DurationSymbols: 1, CceRegMappingType: 1, RegBundleSize: 6, InterleaverSize: 2, CoreSetType: 0, ShiftIndex: 0, precoderGranularity: 0, numDlDci: 1
[0m[34m[MAC]    dlDmrsSymbPos 244
[0m[34m[MAC]    BWPSize:  48, BWPStart:  29, SubcarrierSpacing: 1, CyclicPrefix: 0, StartSymbolIndex: 0, DurationSymbols: 1, CceRegMappingType: 1, RegBundleSize: 6, InterleaverSize: 2, CoreSetType: 0, ShiftIndex: 0, precoderGranularity: 0, numDlDci: 1
[0m[34m[MAC]    dlDmrsSymbPos 244
[0m[34m[MAC]    BWPSize:  48, BWPStart:  29, SubcarrierSpacing: 1, CyclicPrefix: 0, StartSymbolIndex: 0, DurationSymbols: 1, CceRegMappingType: 1, RegBundleSize: 6, InterleaverSize: 2, CoreSetType: 0, ShiftIndex: 0, precoderGranularity: 0, numDlDci: 1
[0m[34m[MAC]    [gNB 0] Frame 624 : MIB->BCH  CC_id 0, Received 3 bytes
[0m[34m[MAC]    dlDmrsSymbPos 244
[0m[34m[MAC]    BWPSize:  48, BWPStart:  29, SubcarrierSpacing: 1, CyclicPrefix: 0, StartSymbolIndex: 0, DurationSymbols: 1, CceRegMappingType: 1, RegBundleSize: 6, InterleaverSize: 2, CoreSetType: 0, ShiftIndex: 0, precoderGranularity: 0, numDlDci: 1
[0m[34m[MAC]    dlDmrsSymbPos 244
[0m[34m[MAC]    BWPSize:  48, BWPStart:  29, SubcarrierSpacing: 1, CyclicPrefix: 0, StartSymbolIndex: 0, DurationSymbols: 1, CceRegMappingType: 1, RegBundleSize: 6, InterleaverSize: 2, CoreSetType: 0, ShiftIndex: 0, precoderGranularity: 0, numDlDci: 1
[0m[34m[MAC]    dlDmrsSymbPos 244
[0m[34m[MAC]    BWPSize:  48, BWPStart:  29, SubcarrierSpacing: 1, CyclicPrefix: 0, StartSymbolIndex: 0, DurationSymbols: 1, CceRegMappingType: 1, RegBundleSize: 6, InterleaverSize: 2, CoreSetType: 0, ShiftIndex: 0, precoderGranularity: 0, numDlDci: 1
[0m[34m[MAC]    dlDmrsSymbPos 244
[0m[34m[MAC]    BWPSize:  48, BWPStart:  29, SubcarrierSpacing: 1, CyclicPrefix: 0, StartSymbolIndex: 0, DurationSymbols: 1, CceRegMappingType: 1, RegBundleSize: 6, InterleaverSize: 2, CoreSetType: 0, ShiftIndex: 0, precoderGranularity: 0, numDlDci: 1
[0m[34m[MAC]    [gNB 0] Frame 632 : MIB->BCH  CC_id 0, Received 3 bytes
[0m[34m[MAC]    dlDmrsSymbPos 244
[0m[34m[MAC]    BWPSize:  48, BWPStart:  29, SubcarrierSpacing: 1, CyclicPrefix: 0, StartSymbolIndex: 0, DurationSymbols: 1, CceRegMappingType: 1, RegBundleSize: 6, InterleaverSize: 2, CoreSetType: 0, ShiftIndex: 0, precoderGranularity: 0, numDlDci: 1
[0m[34m[MAC]    dlDmrsSymbPos 244
[0m[34m[MAC]    BWPSize:  48, BWPStart:  29, SubcarrierSpacing: 1, CyclicPrefix: 0, StartSymbolIndex: 0, DurationSymbols: 1, CceRegMappingType: 1, RegBundleSize: 6, InterleaverSize: 2, CoreSetType: 0, ShiftIndex: 0, precoderGranularity: 0, numDlDci: 1
[0m[34m[MAC]    dlDmrsSymbPos 244
[0m[34m[MAC]    BWPSize:  48, BWPStart:  29, SubcarrierSpacing: 1, CyclicPrefix: 0, StartSymbolIndex: 0, DurationSymbols: 1, CceRegMappingType: 1, RegBundleSize: 6, InterleaverSize: 2, CoreSetType: 0, ShiftIndex: 0, precoderGranularity: 0, numDlDci: 1
[0m[34m[MAC]    dlDmrsSymbPos 244
[0m[34m[MAC]    BWPSize:  48, BWPStart:  29, SubcarrierSpacing: 1, CyclicPrefix: 0, StartSymbolIndex: 0, DurationSymbols: 1, CceRegMappingType: 1, RegBundleSize: 6, InterleaverSize: 2, CoreSetType: 0, ShiftIndex: 0, precoderGranularity: 0, numDlDci: 1
[0m[34m[MAC]    [gNB 0] Frame 640 : MIB->BCH  CC_id 0, Received 3 bytes
[0m[34m[MAC]    dlDmrsSymbPos 244
[0m[34m[MAC]    BWPSize:  48, BWPStart:  29, SubcarrierSpacing: 1, CyclicPrefix: 0, StartSymbolIndex: 0, DurationSymbols: 1, CceRegMappingType: 1, RegBundleSize: 6, InterleaverSize: 2, CoreSetType: 0, ShiftIndex: 0, precoderGranularity: 0, numDlDci: 1
[0m[HW]     [o-du 0][rx  138941 pps   10752 kbps  299481][tx  414379 pps   31872 kbps  786891][Total Msgs_Rcvd 138941]
[0m[HW]     [o_du0][pusch0  119766 prach0   19173]
[0m[34m[MAC]    dlDmrsSymbPos 244
[0m[34m[MAC]    BWPSize:  48, BWPStart:  29, SubcarrierSpacing: 1, CyclicPrefix: 0, StartSymbolIndex: 0, DurationSymbols: 1, CceRegMappingType: 1, RegBundleSize: 6, InterleaverSize: 2, CoreSetType: 0, ShiftIndex: 0, precoderGranularity: 0, numDlDci: 1
[0m[34m[MAC]    dlDmrsSymbPos 244
[0m[34m[MAC]    BWPSize:  48, BWPStart:  29, SubcarrierSpacing: 1, CyclicPrefix: 0, StartSymbolIndex: 0, DurationSymbols: 1, CceRegMappingType: 1, RegBundleSize: 6, InterleaverSize: 2, CoreSetType: 0, ShiftIndex: 0, precoderGranularity: 0, numDlDci: 1
[0m[34m[MAC]    dlDmrsSymbPos 244
[0m[34m[MAC]    BWPSize:  48, BWPStart:  29, SubcarrierSpacing: 1, CyclicPrefix: 0, StartSymbolIndex: 0, DurationSymbols: 1, CceRegMappingType: 1, RegBundleSize: 6, InterleaverSize: 2, CoreSetType: 0, ShiftIndex: 0, precoderGranularity: 0, numDlDci: 1
[0m[34m[MAC]    [gNB 0] Frame 648 : MIB->BCH  CC_id 0, Received 3 bytes
[0m[34m[MAC]    dlDmrsSymbPos 244
[0m[34m[MAC]    BWPSize:  48, BWPStart:  29, SubcarrierSpacing: 1, CyclicPrefix: 0, StartSymbolIndex: 0, DurationSymbols: 1, CceRegMappingType: 1, RegBundleSize: 6, InterleaverSize: 2, CoreSetType: 0, ShiftIndex: 0, precoderGranularity: 0, numDlDci: 1
[0m[34m[MAC]    dlDmrsSymbPos 244
[0m[34m[MAC]    BWPSize:  48, BWPStart:  29, SubcarrierSpacing: 1, CyclicPrefix: 0, StartSymbolIndex: 0, DurationSymbols: 1, CceRegMappingType: 1, RegBundleSize: 6, InterleaverSize: 2, CoreSetType: 0, ShiftIndex: 0, precoderGranularity: 0, numDlDci: 1
[0m[34m[MAC]    dlDmrsSymbPos 244
[0m[34m[MAC]    BWPSize:  48, BWPStart:  29, SubcarrierSpacing: 1, CyclicPrefix: 0, StartSymbolIndex: 0, DurationSymbols: 1, CceRegMappingType: 1, RegBundleSize: 6, InterleaverSize: 2, CoreSetType: 0, ShiftIndex: 0, precoderGranularity: 0, numDlDci: 1
[0m[34m[MAC]    dlDmrsSymbPos 244
[0m[34m[MAC]    BWPSize:  48, BWPStart:  29, SubcarrierSpacing: 1, CyclicPrefix: 0, StartSymbolIndex: 0, DurationSymbols: 1, CceRegMappingType: 1, RegBundleSize: 6, InterleaverSize: 2, CoreSetType: 0, ShiftIndex: 0, precoderGranularity: 0, numDlDci: 1
[0m[34m[MAC]    [gNB 0] Frame 656 : MIB->BCH  CC_id 0, Received 3 bytes
[0m[34m[MAC]    dlDmrsSymbPos 244
[0m[34m[MAC]    BWPSize:  48, BWPStart:  29, SubcarrierSpacing: 1, CyclicPrefix: 0, StartSymbolIndex: 0, DurationSymbols: 1, CceRegMappingType: 1, RegBundleSize: 6, InterleaverSize: 2, CoreSetType: 0, ShiftIndex: 0, precoderGranularity: 0, numDlDci: 1
[0m[34m[MAC]    dlDmrsSymbPos 244
[0m[34m[MAC]    BWPSize:  48, BWPStart:  29, SubcarrierSpacing: 1, CyclicPrefix: 0, StartSymbolIndex: 0, DurationSymbols: 1, CceRegMappingType: 1, RegBundleSize: 6, InterleaverSize: 2, CoreSetType: 0, ShiftIndex: 0, precoderGranularity: 0, numDlDci: 1
[0m[34m[MAC]    dlDmrsSymbPos 244
[0m[34m[MAC]    BWPSize:  48, BWPStart:  29, SubcarrierSpacing: 1, CyclicPrefix: 0, StartSymbolIndex: 0, DurationSymbols: 1, CceRegMappingType: 1, RegBundleSize: 6, InterleaverSize: 2, CoreSetType: 0, ShiftIndex: 0, precoderGranularity: 0, numDlDci: 1
[0m[34m[MAC]    dlDmrsSymbPos 244
[0m[34m[MAC]    BWPSize:  48, BWPStart:  29, SubcarrierSpacing: 1, CyclicPrefix: 0, StartSymbolIndex: 0, DurationSymbols: 1, CceRegMappingType: 1, RegBundleSize: 6, InterleaverSize: 2, CoreSetType: 0, ShiftIndex: 0, precoderGranularity: 0, numDlDci: 1
[0m[34m[MAC]    [gNB 0] Frame 664 : MIB->BCH  CC_id 0, Received 3 bytes
[0m[34m[MAC]    dlDmrsSymbPos 244
[0m[34m[MAC]    BWPSize:  48, BWPStart:  29, SubcarrierSpacing: 1, CyclicPrefix: 0, StartSymbolIndex: 0, DurationSymbols: 1, CceRegMappingType: 1, RegBundleSize: 6, InterleaverSize: 2, CoreSetType: 0, ShiftIndex: 0, precoderGranularity: 0, numDlDci: 1
[0m[34m[MAC]    dlDmrsSymbPos 244
[0m[34m[MAC]    BWPSize:  48, BWPStart:  29, SubcarrierSpacing: 1, CyclicPrefix: 0, StartSymbolIndex: 0, DurationSymbols: 1, CceRegMappingType: 1, RegBundleSize: 6, InterleaverSize: 2, CoreSetType: 0, ShiftIndex: 0, precoderGranularity: 0, numDlDci: 1
[0m[34m[MAC]    dlDmrsSymbPos 244
[0m[34m[MAC]    BWPSize:  48, BWPStart:  29, SubcarrierSpacing: 1, CyclicPrefix: 0, StartSymbolIndex: 0, DurationSymbols: 1, CceRegMappingType: 1, RegBundleSize: 6, InterleaverSize: 2, CoreSetType: 0, ShiftIndex: 0, precoderGranularity: 0, numDlDci: 1
[0m[34m[MAC]    dlDmrsSymbPos 244
[0m[34m[MAC]    BWPSize:  48, BWPStart:  29, SubcarrierSpacing: 1, CyclicPrefix: 0, StartSymbolIndex: 0, DurationSymbols: 1, CceRegMappingType: 1, RegBundleSize: 6, InterleaverSize: 2, CoreSetType: 0, ShiftIndex: 0, precoderGranularity: 0, numDlDci: 1
[0m[34m[MAC]    [gNB 0] Frame 672 : MIB->BCH  CC_id 0, Received 3 bytes
[0m[34m[MAC]    dlDmrsSymbPos 244
[0m[34m[MAC]    BWPSize:  48, BWPStart:  29, SubcarrierSpacing: 1, CyclicPrefix: 0, StartSymbolIndex: 0, DurationSymbols: 1, CceRegMappingType: 1, RegBundleSize: 6, InterleaverSize: 2, CoreSetType: 0, ShiftIndex: 0, precoderGranularity: 0, numDlDci: 1
[0m[34m[MAC]    dlDmrsSymbPos 244
[0m[34m[MAC]    BWPSize:  48, BWPStart:  29, SubcarrierSpacing: 1, CyclicPrefix: 0, StartSymbolIndex: 0, DurationSymbols: 1, CceRegMappingType: 1, RegBundleSize: 6, InterleaverSize: 2, CoreSetType: 0, ShiftIndex: 0, precoderGranularity: 0, numDlDci: 1
[0m[34m[MAC]    dlDmrsSymbPos 244
[0m[34m[MAC]    BWPSize:  48, BWPStart:  29, SubcarrierSpacing: 1, CyclicPrefix: 0, StartSymbolIndex: 0, DurationSymbols: 1, CceRegMappingType: 1, RegBundleSize: 6, InterleaverSize: 2, CoreSetType: 0, ShiftIndex: 0, precoderGranularity: 0, numDlDci: 1
[0m[34m[MAC]    dlDmrsSymbPos 244
[0m[34m[MAC]    BWPSize:  48, BWPStart:  29, SubcarrierSpacing: 1, CyclicPrefix: 0, StartSymbolIndex: 0, DurationSymbols: 1, CceRegMappingType: 1, RegBundleSize: 6, InterleaverSize: 2, CoreSetType: 0, ShiftIndex: 0, precoderGranularity: 0, numDlDci: 1
[0m[34m[MAC]    [gNB 0] Frame 680 : MIB->BCH  CC_id 0, Received 3 bytes
[0m[34m[MAC]    dlDmrsSymbPos 244
[0m[34m[MAC]    BWPSize:  48, BWPStart:  29, SubcarrierSpacing: 1, CyclicPrefix: 0, StartSymbolIndex: 0, DurationSymbols: 1, CceRegMappingType: 1, RegBundleSize: 6, InterleaverSize: 2, CoreSetType: 0, ShiftIndex: 0, precoderGranularity: 0, numDlDci: 1
[0m[34m[MAC]    dlDmrsSymbPos 244
[0m[34m[MAC]    BWPSize:  48, BWPStart:  29, SubcarrierSpacing: 1, CyclicPrefix: 0, StartSymbolIndex: 0, DurationSymbols: 1, CceRegMappingType: 1, RegBundleSize: 6, InterleaverSize: 2, CoreSetType: 0, ShiftIndex: 0, precoderGranularity: 0, numDlDci: 1
[0m[34m[MAC]    dlDmrsSymbPos 244
[0m[34m[MAC]    BWPSize:  48, BWPStart:  29, SubcarrierSpacing: 1, CyclicPrefix: 0, StartSymbolIndex: 0, DurationSymbols: 1, CceRegMappingType: 1, RegBundleSize: 6, InterleaverSize: 2, CoreSetType: 0, ShiftIndex: 0, precoderGranularity: 0, numDlDci: 1
[0m[34m[MAC]    dlDmrsSymbPos 244
[0m[34m[MAC]    BWPSize:  48, BWPStart:  29, SubcarrierSpacing: 1, CyclicPrefix: 0, StartSymbolIndex: 0, DurationSymbols: 1, CceRegMappingType: 1, RegBundleSize: 6, InterleaverSize: 2, CoreSetType: 0, ShiftIndex: 0, precoderGranularity: 0, numDlDci: 1
[0m[34m[MAC]    [gNB 0] Frame 688 : MIB->BCH  CC_id 0, Received 3 bytes
[0m[34m[MAC]    dlDmrsSymbPos 244
[0m[34m[MAC]    BWPSize:  48, BWPStart:  29, SubcarrierSpacing: 1, CyclicPrefix: 0, StartSymbolIndex: 0, DurationSymbols: 1, CceRegMappingType: 1, RegBundleSize: 6, InterleaverSize: 2, CoreSetType: 0, ShiftIndex: 0, precoderGranularity: 0, numDlDci: 1
[0m[34m[MAC]    dlDmrsSymbPos 244
[0m[34m[MAC]    BWPSize:  48, BWPStart:  29, SubcarrierSpacing: 1, CyclicPrefix: 0, StartSymbolIndex: 0, DurationSymbols: 1, CceRegMappingType: 1, RegBundleSize: 6, InterleaverSize: 2, CoreSetType: 0, ShiftIndex: 0, precoderGranularity: 0, numDlDci: 1
[0m[34m[MAC]    dlDmrsSymbPos 244
[0m[34m[MAC]    BWPSize:  48, BWPStart:  29, SubcarrierSpacing: 1, CyclicPrefix: 0, StartSymbolIndex: 0, DurationSymbols: 1, CceRegMappingType: 1, RegBundleSize: 6, InterleaverSize: 2, CoreSetType: 0, ShiftIndex: 0, precoderGranularity: 0, numDlDci: 1
[0m[34m[MAC]    dlDmrsSymbPos 244
[0m[34m[MAC]    BWPSize:  48, BWPStart:  29, SubcarrierSpacing: 1, CyclicPrefix: 0, StartSymbolIndex: 0, DurationSymbols: 1, CceRegMappingType: 1, RegBundleSize: 6, InterleaverSize: 2, CoreSetType: 0, ShiftIndex: 0, precoderGranularity: 0, numDlDci: 1
[0m[34m[MAC]    [gNB 0] Frame 696 : MIB->BCH  CC_id 0, Received 3 bytes
[0m[34m[MAC]    dlDmrsSymbPos 244
[0m[34m[MAC]    BWPSize:  48, BWPStart:  29, SubcarrierSpacing: 1, CyclicPrefix: 0, StartSymbolIndex: 0, DurationSymbols: 1, CceRegMappingType: 1, RegBundleSize: 6, InterleaverSize: 2, CoreSetType: 0, ShiftIndex: 0, precoderGranularity: 0, numDlDci: 1
[0m[34m[MAC]    dlDmrsSymbPos 244
[0m[34m[MAC]    BWPSize:  48, BWPStart:  29, SubcarrierSpacing: 1, CyclicPrefix: 0, StartSymbolIndex: 0, DurationSymbols: 1, CceRegMappingType: 1, RegBundleSize: 6, InterleaverSize: 2, CoreSetType: 0, ShiftIndex: 0, precoderGranularity: 0, numDlDci: 1
[0m[34m[MAC]    dlDmrsSymbPos 244
[0m[34m[MAC]    BWPSize:  48, BWPStart:  29, SubcarrierSpacing: 1, CyclicPrefix: 0, StartSymbolIndex: 0, DurationSymbols: 1, CceRegMappingType: 1, RegBundleSize: 6, InterleaverSize: 2, CoreSetType: 0, ShiftIndex: 0, precoderGranularity: 0, numDlDci: 1
[0m[34m[MAC]    dlDmrsSymbPos 244
[0m[34m[MAC]    BWPSize:  48, BWPStart:  29, SubcarrierSpacing: 1, CyclicPrefix: 0, StartSymbolIndex: 0, DurationSymbols: 1, CceRegMappingType: 1, RegBundleSize: 6, InterleaverSize: 2, CoreSetType: 0, ShiftIndex: 0, precoderGranularity: 0, numDlDci: 1
[0m[34m[MAC]    [gNB 0] Frame 704 : MIB->BCH  CC_id 0, Received 3 bytes
[0m[34m[MAC]    dlDmrsSymbPos 244
[0m[34m[MAC]    BWPSize:  48, BWPStart:  29, SubcarrierSpacing: 1, CyclicPrefix: 0, StartSymbolIndex: 0, DurationSymbols: 1, CceRegMappingType: 1, RegBundleSize: 6, InterleaverSize: 2, CoreSetType: 0, ShiftIndex: 0, precoderGranularity: 0, numDlDci: 1
[0m[34m[MAC]    dlDmrsSymbPos 244
[0m[34m[MAC]    BWPSize:  48, BWPStart:  29, SubcarrierSpacing: 1, CyclicPrefix: 0, StartSymbolIndex: 0, DurationSymbols: 1, CceRegMappingType: 1, RegBundleSize: 6, InterleaverSize: 2, CoreSetType: 0, ShiftIndex: 0, precoderGranularity: 0, numDlDci: 1
[0m[34m[MAC]    dlDmrsSymbPos 244
[0m[34m[MAC]    BWPSize:  48, BWPStart:  29, SubcarrierSpacing: 1, CyclicPrefix: 0, StartSymbolIndex: 0, DurationSymbols: 1, CceRegMappingType: 1, RegBundleSize: 6, InterleaverSize: 2, CoreSetType: 0, ShiftIndex: 0, precoderGranularity: 0, numDlDci: 1
[0m[34m[MAC]    dlDmrsSymbPos 244
[0m[34m[MAC]    BWPSize:  48, BWPStart:  29, SubcarrierSpacing: 1, CyclicPrefix: 0, StartSymbolIndex: 0, DurationSymbols: 1, CceRegMappingType: 1, RegBundleSize: 6, InterleaverSize: 2, CoreSetType: 0, ShiftIndex: 0, precoderGranularity: 0, numDlDci: 1
[0m[34m[MAC]    [gNB 0] Frame 712 : MIB->BCH  CC_id 0, Received 3 bytes
[0m[34m[MAC]    dlDmrsSymbPos 244
[0m[34m[MAC]    BWPSize:  48, BWPStart:  29, SubcarrierSpacing: 1, CyclicPrefix: 0, StartSymbolIndex: 0, DurationSymbols: 1, CceRegMappingType: 1, RegBundleSize: 6, InterleaverSize: 2, CoreSetType: 0, ShiftIndex: 0, precoderGranularity: 0, numDlDci: 1
[0m[34m[MAC]    dlDmrsSymbPos 244
[0m[34m[MAC]    BWPSize:  48, BWPStart:  29, SubcarrierSpacing: 1, CyclicPrefix: 0, StartSymbolIndex: 0, DurationSymbols: 1, CceRegMappingType: 1, RegBundleSize: 6, InterleaverSize: 2, CoreSetType: 0, ShiftIndex: 0, precoderGranularity: 0, numDlDci: 1
[0m[34m[MAC]    dlDmrsSymbPos 244
[0m[34m[MAC]    BWPSize:  48, BWPStart:  29, SubcarrierSpacing: 1, CyclicPrefix: 0, StartSymbolIndex: 0, DurationSymbols: 1, CceRegMappingType: 1, RegBundleSize: 6, InterleaverSize: 2, CoreSetType: 0, ShiftIndex: 0, precoderGranularity: 0, numDlDci: 1
[0m[34m[MAC]    dlDmrsSymbPos 244
[0m[34m[MAC]    BWPSize:  48, BWPStart:  29, SubcarrierSpacing: 1, CyclicPrefix: 0, StartSymbolIndex: 0, DurationSymbols: 1, CceRegMappingType: 1, RegBundleSize: 6, InterleaverSize: 2, CoreSetType: 0, ShiftIndex: 0, precoderGranularity: 0, numDlDci: 1
[0m[34m[MAC]    [gNB 0] Frame 720 : MIB->BCH  CC_id 0, Received 3 bytes
[0m[34m[MAC]    dlDmrsSymbPos 244
[0m[34m[MAC]    BWPSize:  48, BWPStart:  29, SubcarrierSpacing: 1, CyclicPrefix: 0, StartSymbolIndex: 0, DurationSymbols: 1, CceRegMappingType: 1, RegBundleSize: 6, InterleaverSize: 2, CoreSetType: 0, ShiftIndex: 0, precoderGranularity: 0, numDlDci: 1
[0m[34m[MAC]    dlDmrsSymbPos 244
[0m[34m[MAC]    BWPSize:  48, BWPStart:  29, SubcarrierSpacing: 1, CyclicPrefix: 0, StartSymbolIndex: 0, DurationSymbols: 1, CceRegMappingType: 1, RegBundleSize: 6, InterleaverSize: 2, CoreSetType: 0, ShiftIndex: 0, precoderGranularity: 0, numDlDci: 1
[0m[34m[MAC]    dlDmrsSymbPos 244
[0m[34m[MAC]    BWPSize:  48, BWPStart:  29, SubcarrierSpacing: 1, CyclicPrefix: 0, StartSymbolIndex: 0, DurationSymbols: 1, CceRegMappingType: 1, RegBundleSize: 6, InterleaverSize: 2, CoreSetType: 0, ShiftIndex: 0, precoderGranularity: 0, numDlDci: 1
[0m[34m[MAC]    dlDmrsSymbPos 244
[0m[34m[MAC]    BWPSize:  48, BWPStart:  29, SubcarrierSpacing: 1, CyclicPrefix: 0, StartSymbolIndex: 0, DurationSymbols: 1, CceRegMappingType: 1, RegBundleSize: 6, InterleaverSize: 2, CoreSetType: 0, ShiftIndex: 0, precoderGranularity: 0, numDlDci: 1
[0m[34m[MAC]    [gNB 0] Frame 728 : MIB->BCH  CC_id 0, Received 3 bytes
[0m[34m[MAC]    dlDmrsSymbPos 244
[0m[34m[MAC]    BWPSize:  48, BWPStart:  29, SubcarrierSpacing: 1, CyclicPrefix: 0, StartSymbolIndex: 0, DurationSymbols: 1, CceRegMappingType: 1, RegBundleSize: 6, InterleaverSize: 2, CoreSetType: 0, ShiftIndex: 0, precoderGranularity: 0, numDlDci: 1
[0m[34m[MAC]    dlDmrsSymbPos 244
[0m[34m[MAC]    BWPSize:  48, BWPStart:  29, SubcarrierSpacing: 1, CyclicPrefix: 0, StartSymbolIndex: 0, DurationSymbols: 1, CceRegMappingType: 1, RegBundleSize: 6, InterleaverSize: 2, CoreSetType: 0, ShiftIndex: 0, precoderGranularity: 0, numDlDci: 1
[0m[34m[MAC]    dlDmrsSymbPos 244
[0m[34m[MAC]    BWPSize:  48, BWPStart:  29, SubcarrierSpacing: 1, CyclicPrefix: 0, StartSymbolIndex: 0, DurationSymbols: 1, CceRegMappingType: 1, RegBundleSize: 6, InterleaverSize: 2, CoreSetType: 0, ShiftIndex: 0, precoderGranularity: 0, numDlDci: 1
[0m[34m[MAC]    dlDmrsSymbPos 244
[0m[34m[MAC]    BWPSize:  48, BWPStart:  29, SubcarrierSpacing: 1, CyclicPrefix: 0, StartSymbolIndex: 0, DurationSymbols: 1, CceRegMappingType: 1, RegBundleSize: 6, InterleaverSize: 2, CoreSetType: 0, ShiftIndex: 0, precoderGranularity: 0, numDlDci: 1
[0m[34m[MAC]    [gNB 0] Frame 736 : MIB->BCH  CC_id 0, Received 3 bytes
[0m[34m[MAC]    dlDmrsSymbPos 244
[0m[34m[MAC]    BWPSize:  48, BWPStart:  29, SubcarrierSpacing: 1, CyclicPrefix: 0, StartSymbolIndex: 0, DurationSymbols: 1, CceRegMappingType: 1, RegBundleSize: 6, InterleaverSize: 2, CoreSetType: 0, ShiftIndex: 0, precoderGranularity: 0, numDlDci: 1
[0m[34m[MAC]    dlDmrsSymbPos 244
[0m[34m[MAC]    BWPSize:  48, BWPStart:  29, SubcarrierSpacing: 1, CyclicPrefix: 0, StartSymbolIndex: 0, DurationSymbols: 1, CceRegMappingType: 1, RegBundleSize: 6, InterleaverSize: 2, CoreSetType: 0, ShiftIndex: 0, precoderGranularity: 0, numDlDci: 1
[0m[34m[MAC]    dlDmrsSymbPos 244
[0m[34m[MAC]    BWPSize:  48, BWPStart:  29, SubcarrierSpacing: 1, CyclicPrefix: 0, StartSymbolIndex: 0, DurationSymbols: 1, CceRegMappingType: 1, RegBundleSize: 6, InterleaverSize: 2, CoreSetType: 0, ShiftIndex: 0, precoderGranularity: 0, numDlDci: 1
[0m[34m[MAC]    dlDmrsSymbPos 244
[0m[34m[MAC]    BWPSize:  48, BWPStart:  29, SubcarrierSpacing: 1, CyclicPrefix: 0, StartSymbolIndex: 0, DurationSymbols: 1, CceRegMappingType: 1, RegBundleSize: 6, InterleaverSize: 2, CoreSetType: 0, ShiftIndex: 0, precoderGranularity: 0, numDlDci: 1
[0m[34m[MAC]    [gNB 0] Frame 744 : MIB->BCH  CC_id 0, Received 3 bytes
[0m[34m[MAC]    dlDmrsSymbPos 244
[0m[34m[MAC]    BWPSize:  48, BWPStart:  29, SubcarrierSpacing: 1, CyclicPrefix: 0, StartSymbolIndex: 0, DurationSymbols: 1, CceRegMappingType: 1, RegBundleSize: 6, InterleaverSize: 2, CoreSetType: 0, ShiftIndex: 0, precoderGranularity: 0, numDlDci: 1
[0m[34m[MAC]    dlDmrsSymbPos 244
[0m[34m[MAC]    BWPSize:  48, BWPStart:  29, SubcarrierSpacing: 1, CyclicPrefix: 0, StartSymbolIndex: 0, DurationSymbols: 1, CceRegMappingType: 1, RegBundleSize: 6, InterleaverSize: 2, CoreSetType: 0, ShiftIndex: 0, precoderGranularity: 0, numDlDci: 1
[0m[34m[MAC]    dlDmrsSymbPos 244
[0m[34m[MAC]    BWPSize:  48, BWPStart:  29, SubcarrierSpacing: 1, CyclicPrefix: 0, StartSymbolIndex: 0, DurationSymbols: 1, CceRegMappingType: 1, RegBundleSize: 6, InterleaverSize: 2, CoreSetType: 0, ShiftIndex: 0, precoderGranularity: 0, numDlDci: 1
[0m[34m[MAC]    dlDmrsSymbPos 244
[0m[34m[MAC]    BWPSize:  48, BWPStart:  29, SubcarrierSpacing: 1, CyclicPrefix: 0, StartSymbolIndex: 0, DurationSymbols: 1, CceRegMappingType: 1, RegBundleSize: 6, InterleaverSize: 2, CoreSetType: 0, ShiftIndex: 0, precoderGranularity: 0, numDlDci: 1
[0m[34m[MAC]    [gNB 0] Frame 752 : MIB->BCH  CC_id 0, Received 3 bytes
[0m[34m[MAC]    dlDmrsSymbPos 244
[0m[34m[MAC]    BWPSize:  48, BWPStart:  29, SubcarrierSpacing: 1, CyclicPrefix: 0, StartSymbolIndex: 0, DurationSymbols: 1, CceRegMappingType: 1, RegBundleSize: 6, InterleaverSize: 2, CoreSetType: 0, ShiftIndex: 0, precoderGranularity: 0, numDlDci: 1
[0m[34m[MAC]    dlDmrsSymbPos 244
[0m[34m[MAC]    BWPSize:  48, BWPStart:  29, SubcarrierSpacing: 1, CyclicPrefix: 0, StartSymbolIndex: 0, DurationSymbols: 1, CceRegMappingType: 1, RegBundleSize: 6, InterleaverSize: 2, CoreSetType: 0, ShiftIndex: 0, precoderGranularity: 0, numDlDci: 1
[0m[34m[MAC]    dlDmrsSymbPos 244
[0m[34m[MAC]    BWPSize:  48, BWPStart:  29, SubcarrierSpacing: 1, CyclicPrefix: 0, StartSymbolIndex: 0, DurationSymbols: 1, CceRegMappingType: 1, RegBundleSize: 6, InterleaverSize: 2, CoreSetType: 0, ShiftIndex: 0, precoderGranularity: 0, numDlDci: 1
[0m[34m[MAC]    dlDmrsSymbPos 244
[0m[34m[MAC]    BWPSize:  48, BWPStart:  29, SubcarrierSpacing: 1, CyclicPrefix: 0, StartSymbolIndex: 0, DurationSymbols: 1, CceRegMappingType: 1, RegBundleSize: 6, InterleaverSize: 2, CoreSetType: 0, ShiftIndex: 0, precoderGranularity: 0, numDlDci: 1
[0m[34m[MAC]    [gNB 0] Frame 760 : MIB->BCH  CC_id 0, Received 3 bytes
[0m[34m[MAC]    dlDmrsSymbPos 244
[0m[34m[MAC]    BWPSize:  48, BWPStart:  29, SubcarrierSpacing: 1, CyclicPrefix: 0, StartSymbolIndex: 0, DurationSymbols: 1, CceRegMappingType: 1, RegBundleSize: 6, InterleaverSize: 2, CoreSetType: 0, ShiftIndex: 0, precoderGranularity: 0, numDlDci: 1
[0m[34m[MAC]    dlDmrsSymbPos 244
[0m[34m[MAC]    BWPSize:  48, BWPStart:  29, SubcarrierSpacing: 1, CyclicPrefix: 0, StartSymbolIndex: 0, DurationSymbols: 1, CceRegMappingType: 1, RegBundleSize: 6, InterleaverSize: 2, CoreSetType: 0, ShiftIndex: 0, precoderGranularity: 0, numDlDci: 1
[0m[34m[MAC]    dlDmrsSymbPos 244
[0m[34m[MAC]    BWPSize:  48, BWPStart:  29, SubcarrierSpacing: 1, CyclicPrefix: 0, StartSymbolIndex: 0, DurationSymbols: 1, CceRegMappingType: 1, RegBundleSize: 6, InterleaverSize: 2, CoreSetType: 0, ShiftIndex: 0, precoderGranularity: 0, numDlDci: 1
[0m[34m[MAC]    dlDmrsSymbPos 244
[0m[34m[MAC]    BWPSize:  48, BWPStart:  29, SubcarrierSpacing: 1, CyclicPrefix: 0, StartSymbolIndex: 0, DurationSymbols: 1, CceRegMappingType: 1, RegBundleSize: 6, InterleaverSize: 2, CoreSetType: 0, ShiftIndex: 0, precoderGranularity: 0, numDlDci: 1
[0m[34m[MAC]    [gNB 0] Frame 768 : MIB->BCH  CC_id 0, Received 3 bytes
[0m[34m[MAC]    dlDmrsSymbPos 244
[0m[34m[MAC]    BWPSize:  48, BWPStart:  29, SubcarrierSpacing: 1, CyclicPrefix: 0, StartSymbolIndex: 0, DurationSymbols: 1, CceRegMappingType: 1, RegBundleSize: 6, InterleaverSize: 2, CoreSetType: 0, ShiftIndex: 0, precoderGranularity: 0, numDlDci: 1
[0m[HW]     [o-du 0][rx  149693 pps   10752 kbps  299481][tx  446251 pps   31872 kbps  786891][Total Msgs_Rcvd 149693]
[0m[HW]     [o_du0][pusch0  128982 prach0   20709]
[0m[34m[MAC]    dlDmrsSymbPos 244
[0m[34m[MAC]    BWPSize:  48, BWPStart:  29, SubcarrierSpacing: 1, CyclicPrefix: 0, StartSymbolIndex: 0, DurationSymbols: 1, CceRegMappingType: 1, RegBundleSize: 6, InterleaverSize: 2, CoreSetType: 0, ShiftIndex: 0, precoderGranularity: 0, numDlDci: 1
[0m[34m[MAC]    dlDmrsSymbPos 244
[0m[34m[MAC]    BWPSize:  48, BWPStart:  29, SubcarrierSpacing: 1, CyclicPrefix: 0, StartSymbolIndex: 0, DurationSymbols: 1, CceRegMappingType: 1, RegBundleSize: 6, InterleaverSize: 2, CoreSetType: 0, ShiftIndex: 0, precoderGranularity: 0, numDlDci: 1
[0m[34m[MAC]    dlDmrsSymbPos 244
[0m[34m[MAC]    BWPSize:  48, BWPStart:  29, SubcarrierSpacing: 1, CyclicPrefix: 0, StartSymbolIndex: 0, DurationSymbols: 1, CceRegMappingType: 1, RegBundleSize: 6, InterleaverSize: 2, CoreSetType: 0, ShiftIndex: 0, precoderGranularity: 0, numDlDci: 1
[0m[34m[MAC]    [gNB 0] Frame 776 : MIB->BCH  CC_id 0, Received 3 bytes
[0m[34m[MAC]    dlDmrsSymbPos 244
[0m[34m[MAC]    BWPSize:  48, BWPStart:  29, SubcarrierSpacing: 1, CyclicPrefix: 0, StartSymbolIndex: 0, DurationSymbols: 1, CceRegMappingType: 1, RegBundleSize: 6, InterleaverSize: 2, CoreSetType: 0, ShiftIndex: 0, precoderGranularity: 0, numDlDci: 1
[0m[34m[MAC]    dlDmrsSymbPos 244
[0m[34m[MAC]    BWPSize:  48, BWPStart:  29, SubcarrierSpacing: 1, CyclicPrefix: 0, StartSymbolIndex: 0, DurationSymbols: 1, CceRegMappingType: 1, RegBundleSize: 6, InterleaverSize: 2, CoreSetType: 0, ShiftIndex: 0, precoderGranularity: 0, numDlDci: 1
[0m[34m[MAC]    dlDmrsSymbPos 244
[0m[34m[MAC]    BWPSize:  48, BWPStart:  29, SubcarrierSpacing: 1, CyclicPrefix: 0, StartSymbolIndex: 0, DurationSymbols: 1, CceRegMappingType: 1, RegBundleSize: 6, InterleaverSize: 2, CoreSetType: 0, ShiftIndex: 0, precoderGranularity: 0, numDlDci: 1
[0m[34m[MAC]    dlDmrsSymbPos 244
[0m[34m[MAC]    BWPSize:  48, BWPStart:  29, SubcarrierSpacing: 1, CyclicPrefix: 0, StartSymbolIndex: 0, DurationSymbols: 1, CceRegMappingType: 1, RegBundleSize: 6, InterleaverSize: 2, CoreSetType: 0, ShiftIndex: 0, precoderGranularity: 0, numDlDci: 1
[0m[34m[MAC]    [gNB 0] Frame 784 : MIB->BCH  CC_id 0, Received 3 bytes
[0m[34m[MAC]    dlDmrsSymbPos 244
[0m[34m[MAC]    BWPSize:  48, BWPStart:  29, SubcarrierSpacing: 1, CyclicPrefix: 0, StartSymbolIndex: 0, DurationSymbols: 1, CceRegMappingType: 1, RegBundleSize: 6, InterleaverSize: 2, CoreSetType: 0, ShiftIndex: 0, precoderGranularity: 0, numDlDci: 1
[0m[34m[MAC]    dlDmrsSymbPos 244
[0m[34m[MAC]    BWPSize:  48, BWPStart:  29, SubcarrierSpacing: 1, CyclicPrefix: 0, StartSymbolIndex: 0, DurationSymbols: 1, CceRegMappingType: 1, RegBundleSize: 6, InterleaverSize: 2, CoreSetType: 0, ShiftIndex: 0, precoderGranularity: 0, numDlDci: 1
[0m[34m[MAC]    dlDmrsSymbPos 244
[0m[34m[MAC]    BWPSize:  48, BWPStart:  29, SubcarrierSpacing: 1, CyclicPrefix: 0, StartSymbolIndex: 0, DurationSymbols: 1, CceRegMappingType: 1, RegBundleSize: 6, InterleaverSize: 2, CoreSetType: 0, ShiftIndex: 0, precoderGranularity: 0, numDlDci: 1
[0m[34m[MAC]    dlDmrsSymbPos 244
[0m[34m[MAC]    BWPSize:  48, BWPStart:  29, SubcarrierSpacing: 1, CyclicPrefix: 0, StartSymbolIndex: 0, DurationSymbols: 1, CceRegMappingType: 1, RegBundleSize: 6, InterleaverSize: 2, CoreSetType: 0, ShiftIndex: 0, precoderGranularity: 0, numDlDci: 1
[0m[34m[MAC]    [gNB 0] Frame 792 : MIB->BCH  CC_id 0, Received 3 bytes
[0m[34m[MAC]    dlDmrsSymbPos 244
[0m[34m[MAC]    BWPSize:  48, BWPStart:  29, SubcarrierSpacing: 1, CyclicPrefix: 0, StartSymbolIndex: 0, DurationSymbols: 1, CceRegMappingType: 1, RegBundleSize: 6, InterleaverSize: 2, CoreSetType: 0, ShiftIndex: 0, precoderGranularity: 0, numDlDci: 1
[0m[34m[MAC]    dlDmrsSymbPos 244
[0m[34m[MAC]    BWPSize:  48, BWPStart:  29, SubcarrierSpacing: 1, CyclicPrefix: 0, StartSymbolIndex: 0, DurationSymbols: 1, CceRegMappingType: 1, RegBundleSize: 6, InterleaverSize: 2, CoreSetType: 0, ShiftIndex: 0, precoderGranularity: 0, numDlDci: 1
[0m[34m[MAC]    dlDmrsSymbPos 244
[0m[34m[MAC]    BWPSize:  48, BWPStart:  29, SubcarrierSpacing: 1, CyclicPrefix: 0, StartSymbolIndex: 0, DurationSymbols: 1, CceRegMappingType: 1, RegBundleSize: 6, InterleaverSize: 2, CoreSetType: 0, ShiftIndex: 0, precoderGranularity: 0, numDlDci: 1
[0m[34m[MAC]    dlDmrsSymbPos 244
[0m[34m[MAC]    BWPSize:  48, BWPStart:  29, SubcarrierSpacing: 1, CyclicPrefix: 0, StartSymbolIndex: 0, DurationSymbols: 1, CceRegMappingType: 1, RegBundleSize: 6, InterleaverSize: 2, CoreSetType: 0, ShiftIndex: 0, precoderGranularity: 0, numDlDci: 1
[0m[34m[MAC]    [gNB 0] Frame 800 : MIB->BCH  CC_id 0, Received 3 bytes
[0m[34m[MAC]    dlDmrsSymbPos 244
[0m[34m[MAC]    BWPSize:  48, BWPStart:  29, SubcarrierSpacing: 1, CyclicPrefix: 0, StartSymbolIndex: 0, DurationSymbols: 1, CceRegMappingType: 1, RegBundleSize: 6, InterleaverSize: 2, CoreSetType: 0, ShiftIndex: 0, precoderGranularity: 0, numDlDci: 1
[0m[34m[MAC]    dlDmrsSymbPos 244
[0m[34m[MAC]    BWPSize:  48, BWPStart:  29, SubcarrierSpacing: 1, CyclicPrefix: 0, StartSymbolIndex: 0, DurationSymbols: 1, CceRegMappingType: 1, RegBundleSize: 6, InterleaverSize: 2, CoreSetType: 0, ShiftIndex: 0, precoderGranularity: 0, numDlDci: 1
[0m[34m[MAC]    dlDmrsSymbPos 244
[0m[34m[MAC]    BWPSize:  48, BWPStart:  29, SubcarrierSpacing: 1, CyclicPrefix: 0, StartSymbolIndex: 0, DurationSymbols: 1, CceRegMappingType: 1, RegBundleSize: 6, InterleaverSize: 2, CoreSetType: 0, ShiftIndex: 0, precoderGranularity: 0, numDlDci: 1
[0m[34m[MAC]    dlDmrsSymbPos 244
[0m[34m[MAC]    BWPSize:  48, BWPStart:  29, SubcarrierSpacing: 1, CyclicPrefix: 0, StartSymbolIndex: 0, DurationSymbols: 1, CceRegMappingType: 1, RegBundleSize: 6, InterleaverSize: 2, CoreSetType: 0, ShiftIndex: 0, precoderGranularity: 0, numDlDci: 1
[0m[34m[MAC]    [gNB 0] Frame 808 : MIB->BCH  CC_id 0, Received 3 bytes
[0m[34m[MAC]    dlDmrsSymbPos 244
[0m[34m[MAC]    BWPSize:  48, BWPStart:  29, SubcarrierSpacing: 1, CyclicPrefix: 0, StartSymbolIndex: 0, DurationSymbols: 1, CceRegMappingType: 1, RegBundleSize: 6, InterleaverSize: 2, CoreSetType: 0, ShiftIndex: 0, precoderGranularity: 0, numDlDci: 1
[0m[34m[MAC]    dlDmrsSymbPos 244
[0m[34m[MAC]    BWPSize:  48, BWPStart:  29, SubcarrierSpacing: 1, CyclicPrefix: 0, StartSymbolIndex: 0, DurationSymbols: 1, CceRegMappingType: 1, RegBundleSize: 6, InterleaverSize: 2, CoreSetType: 0, ShiftIndex: 0, precoderGranularity: 0, numDlDci: 1
[0m[34m[MAC]    dlDmrsSymbPos 244
[0m[34m[MAC]    BWPSize:  48, BWPStart:  29, SubcarrierSpacing: 1, CyclicPrefix: 0, StartSymbolIndex: 0, DurationSymbols: 1, CceRegMappingType: 1, RegBundleSize: 6, InterleaverSize: 2, CoreSetType: 0, ShiftIndex: 0, precoderGranularity: 0, numDlDci: 1
[0m[34m[MAC]    dlDmrsSymbPos 244
[0m[34m[MAC]    BWPSize:  48, BWPStart:  29, SubcarrierSpacing: 1, CyclicPrefix: 0, StartSymbolIndex: 0, DurationSymbols: 1, CceRegMappingType: 1, RegBundleSize: 6, InterleaverSize: 2, CoreSetType: 0, ShiftIndex: 0, precoderGranularity: 0, numDlDci: 1
[0m[34m[MAC]    [gNB 0] Frame 816 : MIB->BCH  CC_id 0, Received 3 bytes
[0m[34m[MAC]    dlDmrsSymbPos 244
[0m[34m[MAC]    BWPSize:  48, BWPStart:  29, SubcarrierSpacing: 1, CyclicPrefix: 0, StartSymbolIndex: 0, DurationSymbols: 1, CceRegMappingType: 1, RegBundleSize: 6, InterleaverSize: 2, CoreSetType: 0, ShiftIndex: 0, precoderGranularity: 0, numDlDci: 1
[0m[34m[MAC]    dlDmrsSymbPos 244
[0m[34m[MAC]    BWPSize:  48, BWPStart:  29, SubcarrierSpacing: 1, CyclicPrefix: 0, StartSymbolIndex: 0, DurationSymbols: 1, CceRegMappingType: 1, RegBundleSize: 6, InterleaverSize: 2, CoreSetType: 0, ShiftIndex: 0, precoderGranularity: 0, numDlDci: 1
[0m[34m[MAC]    dlDmrsSymbPos 244
[0m[34m[MAC]    BWPSize:  48, BWPStart:  29, SubcarrierSpacing: 1, CyclicPrefix: 0, StartSymbolIndex: 0, DurationSymbols: 1, CceRegMappingType: 1, RegBundleSize: 6, InterleaverSize: 2, CoreSetType: 0, ShiftIndex: 0, precoderGranularity: 0, numDlDci: 1
[0m[34m[MAC]    dlDmrsSymbPos 244
[0m[34m[MAC]    BWPSize:  48, BWPStart:  29, SubcarrierSpacing: 1, CyclicPrefix: 0, StartSymbolIndex: 0, DurationSymbols: 1, CceRegMappingType: 1, RegBundleSize: 6, InterleaverSize: 2, CoreSetType: 0, ShiftIndex: 0, precoderGranularity: 0, numDlDci: 1
[0m[34m[MAC]    [gNB 0] Frame 824 : MIB->BCH  CC_id 0, Received 3 bytes
[0m[34m[MAC]    dlDmrsSymbPos 244
[0m[34m[MAC]    BWPSize:  48, BWPStart:  29, SubcarrierSpacing: 1, CyclicPrefix: 0, StartSymbolIndex: 0, DurationSymbols: 1, CceRegMappingType: 1, RegBundleSize: 6, InterleaverSize: 2, CoreSetType: 0, ShiftIndex: 0, precoderGranularity: 0, numDlDci: 1
[0m[34m[MAC]    dlDmrsSymbPos 244
[0m[34m[MAC]    BWPSize:  48, BWPStart:  29, SubcarrierSpacing: 1, CyclicPrefix: 0, StartSymbolIndex: 0, DurationSymbols: 1, CceRegMappingType: 1, RegBundleSize: 6, InterleaverSize: 2, CoreSetType: 0, ShiftIndex: 0, precoderGranularity: 0, numDlDci: 1
[0m[34m[MAC]    dlDmrsSymbPos 244
[0m[34m[MAC]    BWPSize:  48, BWPStart:  29, SubcarrierSpacing: 1, CyclicPrefix: 0, StartSymbolIndex: 0, DurationSymbols: 1, CceRegMappingType: 1, RegBundleSize: 6, InterleaverSize: 2, CoreSetType: 0, ShiftIndex: 0, precoderGranularity: 0, numDlDci: 1
[0m[34m[MAC]    dlDmrsSymbPos 244
[0m[34m[MAC]    BWPSize:  48, BWPStart:  29, SubcarrierSpacing: 1, CyclicPrefix: 0, StartSymbolIndex: 0, DurationSymbols: 1, CceRegMappingType: 1, RegBundleSize: 6, InterleaverSize: 2, CoreSetType: 0, ShiftIndex: 0, precoderGranularity: 0, numDlDci: 1
[0m[34m[MAC]    [gNB 0] Frame 832 : MIB->BCH  CC_id 0, Received 3 bytes
[0m[34m[MAC]    dlDmrsSymbPos 244
[0m[34m[MAC]    BWPSize:  48, BWPStart:  29, SubcarrierSpacing: 1, CyclicPrefix: 0, StartSymbolIndex: 0, DurationSymbols: 1, CceRegMappingType: 1, RegBundleSize: 6, InterleaverSize: 2, CoreSetType: 0, ShiftIndex: 0, precoderGranularity: 0, numDlDci: 1
[0m[34m[MAC]    dlDmrsSymbPos 244
[0m[34m[MAC]    BWPSize:  48, BWPStart:  29, SubcarrierSpacing: 1, CyclicPrefix: 0, StartSymbolIndex: 0, DurationSymbols: 1, CceRegMappingType: 1, RegBundleSize: 6, InterleaverSize: 2, CoreSetType: 0, ShiftIndex: 0, precoderGranularity: 0, numDlDci: 1
[0m[34m[MAC]    dlDmrsSymbPos 244
[0m[34m[MAC]    BWPSize:  48, BWPStart:  29, SubcarrierSpacing: 1, CyclicPrefix: 0, StartSymbolIndex: 0, DurationSymbols: 1, CceRegMappingType: 1, RegBundleSize: 6, InterleaverSize: 2, CoreSetType: 0, ShiftIndex: 0, precoderGranularity: 0, numDlDci: 1
[0m[34m[MAC]    dlDmrsSymbPos 244
[0m[34m[MAC]    BWPSize:  48, BWPStart:  29, SubcarrierSpacing: 1, CyclicPrefix: 0, StartSymbolIndex: 0, DurationSymbols: 1, CceRegMappingType: 1, RegBundleSize: 6, InterleaverSize: 2, CoreSetType: 0, ShiftIndex: 0, precoderGranularity: 0, numDlDci: 1
[0m[34m[MAC]    [gNB 0] Frame 840 : MIB->BCH  CC_id 0, Received 3 bytes
[0m[34m[MAC]    dlDmrsSymbPos 244
[0m[34m[MAC]    BWPSize:  48, BWPStart:  29, SubcarrierSpacing: 1, CyclicPrefix: 0, StartSymbolIndex: 0, DurationSymbols: 1, CceRegMappingType: 1, RegBundleSize: 6, InterleaverSize: 2, CoreSetType: 0, ShiftIndex: 0, precoderGranularity: 0, numDlDci: 1
[0m[34m[MAC]    dlDmrsSymbPos 244
[0m[34m[MAC]    BWPSize:  48, BWPStart:  29, SubcarrierSpacing: 1, CyclicPrefix: 0, StartSymbolIndex: 0, DurationSymbols: 1, CceRegMappingType: 1, RegBundleSize: 6, InterleaverSize: 2, CoreSetType: 0, ShiftIndex: 0, precoderGranularity: 0, numDlDci: 1
[0m[34m[MAC]    dlDmrsSymbPos 244
[0m[34m[MAC]    BWPSize:  48, BWPStart:  29, SubcarrierSpacing: 1, CyclicPrefix: 0, StartSymbolIndex: 0, DurationSymbols: 1, CceRegMappingType: 1, RegBundleSize: 6, InterleaverSize: 2, CoreSetType: 0, ShiftIndex: 0, precoderGranularity: 0, numDlDci: 1
[0m[34m[MAC]    dlDmrsSymbPos 244
[0m[34m[MAC]    BWPSize:  48, BWPStart:  29, SubcarrierSpacing: 1, CyclicPrefix: 0, StartSymbolIndex: 0, DurationSymbols: 1, CceRegMappingType: 1, RegBundleSize: 6, InterleaverSize: 2, CoreSetType: 0, ShiftIndex: 0, precoderGranularity: 0, numDlDci: 1
[0m[34m[MAC]    [gNB 0] Frame 848 : MIB->BCH  CC_id 0, Received 3 bytes
[0m[34m[MAC]    dlDmrsSymbPos 244
[0m[34m[MAC]    BWPSize:  48, BWPStart:  29, SubcarrierSpacing: 1, CyclicPrefix: 0, StartSymbolIndex: 0, DurationSymbols: 1, CceRegMappingType: 1, RegBundleSize: 6, InterleaverSize: 2, CoreSetType: 0, ShiftIndex: 0, precoderGranularity: 0, numDlDci: 1
[0m[34m[MAC]    dlDmrsSymbPos 244
[0m[34m[MAC]    BWPSize:  48, BWPStart:  29, SubcarrierSpacing: 1, CyclicPrefix: 0, StartSymbolIndex: 0, DurationSymbols: 1, CceRegMappingType: 1, RegBundleSize: 6, InterleaverSize: 2, CoreSetType: 0, ShiftIndex: 0, precoderGranularity: 0, numDlDci: 1
[0m[34m[MAC]    dlDmrsSymbPos 244
[0m[34m[MAC]    BWPSize:  48, BWPStart:  29, SubcarrierSpacing: 1, CyclicPrefix: 0, StartSymbolIndex: 0, DurationSymbols: 1, CceRegMappingType: 1, RegBundleSize: 6, InterleaverSize: 2, CoreSetType: 0, ShiftIndex: 0, precoderGranularity: 0, numDlDci: 1
[0m[34m[MAC]    dlDmrsSymbPos 244
[0m[34m[MAC]    BWPSize:  48, BWPStart:  29, SubcarrierSpacing: 1, CyclicPrefix: 0, StartSymbolIndex: 0, DurationSymbols: 1, CceRegMappingType: 1, RegBundleSize: 6, InterleaverSize: 2, CoreSetType: 0, ShiftIndex: 0, precoderGranularity: 0, numDlDci: 1
[0m[34m[MAC]    [gNB 0] Frame 856 : MIB->BCH  CC_id 0, Received 3 bytes
[0m[34m[MAC]    dlDmrsSymbPos 244
[0m[34m[MAC]    BWPSize:  48, BWPStart:  29, SubcarrierSpacing: 1, CyclicPrefix: 0, StartSymbolIndex: 0, DurationSymbols: 1, CceRegMappingType: 1, RegBundleSize: 6, InterleaverSize: 2, CoreSetType: 0, ShiftIndex: 0, precoderGranularity: 0, numDlDci: 1
[0m[34m[MAC]    dlDmrsSymbPos 244
[0m[34m[MAC]    BWPSize:  48, BWPStart:  29, SubcarrierSpacing: 1, CyclicPrefix: 0, StartSymbolIndex: 0, DurationSymbols: 1, CceRegMappingType: 1, RegBundleSize: 6, InterleaverSize: 2, CoreSetType: 0, ShiftIndex: 0, precoderGranularity: 0, numDlDci: 1
[0m[34m[MAC]    dlDmrsSymbPos 244
[0m[34m[MAC]    BWPSize:  48, BWPStart:  29, SubcarrierSpacing: 1, CyclicPrefix: 0, StartSymbolIndex: 0, DurationSymbols: 1, CceRegMappingType: 1, RegBundleSize: 6, InterleaverSize: 2, CoreSetType: 0, ShiftIndex: 0, precoderGranularity: 0, numDlDci: 1
[0m[34m[MAC]    dlDmrsSymbPos 244
[0m[34m[MAC]    BWPSize:  48, BWPStart:  29, SubcarrierSpacing: 1, CyclicPrefix: 0, StartSymbolIndex: 0, DurationSymbols: 1, CceRegMappingType: 1, RegBundleSize: 6, InterleaverSize: 2, CoreSetType: 0, ShiftIndex: 0, precoderGranularity: 0, numDlDci: 1
[0m[34m[MAC]    [gNB 0] Frame 864 : MIB->BCH  CC_id 0, Received 3 bytes
[0m[34m[MAC]    dlDmrsSymbPos 244
[0m[34m[MAC]    BWPSize:  48, BWPStart:  29, SubcarrierSpacing: 1, CyclicPrefix: 0, StartSymbolIndex: 0, DurationSymbols: 1, CceRegMappingType: 1, RegBundleSize: 6, InterleaverSize: 2, CoreSetType: 0, ShiftIndex: 0, precoderGranularity: 0, numDlDci: 1
[0m[34m[MAC]    dlDmrsSymbPos 244
[0m[34m[MAC]    BWPSize:  48, BWPStart:  29, SubcarrierSpacing: 1, CyclicPrefix: 0, StartSymbolIndex: 0, DurationSymbols: 1, CceRegMappingType: 1, RegBundleSize: 6, InterleaverSize: 2, CoreSetType: 0, ShiftIndex: 0, precoderGranularity: 0, numDlDci: 1
[0m[34m[MAC]    dlDmrsSymbPos 244
[0m[34m[MAC]    BWPSize:  48, BWPStart:  29, SubcarrierSpacing: 1, CyclicPrefix: 0, StartSymbolIndex: 0, DurationSymbols: 1, CceRegMappingType: 1, RegBundleSize: 6, InterleaverSize: 2, CoreSetType: 0, ShiftIndex: 0, precoderGranularity: 0, numDlDci: 1
[0m[34m[MAC]    dlDmrsSymbPos 244
[0m[34m[MAC]    BWPSize:  48, BWPStart:  29, SubcarrierSpacing: 1, CyclicPrefix: 0, StartSymbolIndex: 0, DurationSymbols: 1, CceRegMappingType: 1, RegBundleSize: 6, InterleaverSize: 2, CoreSetType: 0, ShiftIndex: 0, precoderGranularity: 0, numDlDci: 1
[0m[34m[MAC]    [gNB 0] Frame 872 : MIB->BCH  CC_id 0, Received 3 bytes
[0m[34m[MAC]    dlDmrsSymbPos 244
[0m[34m[MAC]    BWPSize:  48, BWPStart:  29, SubcarrierSpacing: 1, CyclicPrefix: 0, StartSymbolIndex: 0, DurationSymbols: 1, CceRegMappingType: 1, RegBundleSize: 6, InterleaverSize: 2, CoreSetType: 0, ShiftIndex: 0, precoderGranularity: 0, numDlDci: 1
[0m[34m[MAC]    dlDmrsSymbPos 244
[0m[34m[MAC]    BWPSize:  48, BWPStart:  29, SubcarrierSpacing: 1, CyclicPrefix: 0, StartSymbolIndex: 0, DurationSymbols: 1, CceRegMappingType: 1, RegBundleSize: 6, InterleaverSize: 2, CoreSetType: 0, ShiftIndex: 0, precoderGranularity: 0, numDlDci: 1
[0m[34m[MAC]    dlDmrsSymbPos 244
[0m[34m[MAC]    BWPSize:  48, BWPStart:  29, SubcarrierSpacing: 1, CyclicPrefix: 0, StartSymbolIndex: 0, DurationSymbols: 1, CceRegMappingType: 1, RegBundleSize: 6, InterleaverSize: 2, CoreSetType: 0, ShiftIndex: 0, precoderGranularity: 0, numDlDci: 1
[0m[34m[MAC]    dlDmrsSymbPos 244
[0m[34m[MAC]    BWPSize:  48, BWPStart:  29, SubcarrierSpacing: 1, CyclicPrefix: 0, StartSymbolIndex: 0, DurationSymbols: 1, CceRegMappingType: 1, RegBundleSize: 6, InterleaverSize: 2, CoreSetType: 0, ShiftIndex: 0, precoderGranularity: 0, numDlDci: 1
[0m[34m[MAC]    [gNB 0] Frame 880 : MIB->BCH  CC_id 0, Received 3 bytes
[0m[34m[MAC]    dlDmrsSymbPos 244
[0m[34m[MAC]    BWPSize:  48, BWPStart:  29, SubcarrierSpacing: 1, CyclicPrefix: 0, StartSymbolIndex: 0, DurationSymbols: 1, CceRegMappingType: 1, RegBundleSize: 6, InterleaverSize: 2, CoreSetType: 0, ShiftIndex: 0, precoderGranularity: 0, numDlDci: 1
[0m[34m[MAC]    dlDmrsSymbPos 244
[0m[34m[MAC]    BWPSize:  48, BWPStart:  29, SubcarrierSpacing: 1, CyclicPrefix: 0, StartSymbolIndex: 0, DurationSymbols: 1, CceRegMappingType: 1, RegBundleSize: 6, InterleaverSize: 2, CoreSetType: 0, ShiftIndex: 0, precoderGranularity: 0, numDlDci: 1
[0m[34m[MAC]    dlDmrsSymbPos 244
[0m[34m[MAC]    BWPSize:  48, BWPStart:  29, SubcarrierSpacing: 1, CyclicPrefix: 0, StartSymbolIndex: 0, DurationSymbols: 1, CceRegMappingType: 1, RegBundleSize: 6, InterleaverSize: 2, CoreSetType: 0, ShiftIndex: 0, precoderGranularity: 0, numDlDci: 1
[0m[34m[MAC]    dlDmrsSymbPos 244
[0m[34m[MAC]    BWPSize:  48, BWPStart:  29, SubcarrierSpacing: 1, CyclicPrefix: 0, StartSymbolIndex: 0, DurationSymbols: 1, CceRegMappingType: 1, RegBundleSize: 6, InterleaverSize: 2, CoreSetType: 0, ShiftIndex: 0, precoderGranularity: 0, numDlDci: 1
[0m[34m[MAC]    [gNB 0] Frame 888 : MIB->BCH  CC_id 0, Received 3 bytes
[0m[34m[MAC]    dlDmrsSymbPos 244
[0m[34m[MAC]    BWPSize:  48, BWPStart:  29, SubcarrierSpacing: 1, CyclicPrefix: 0, StartSymbolIndex: 0, DurationSymbols: 1, CceRegMappingType: 1, RegBundleSize: 6, InterleaverSize: 2, CoreSetType: 0, ShiftIndex: 0, precoderGranularity: 0, numDlDci: 1
[0m[34m[MAC]    dlDmrsSymbPos 244
[0m[34m[MAC]    BWPSize:  48, BWPStart:  29, SubcarrierSpacing: 1, CyclicPrefix: 0, StartSymbolIndex: 0, DurationSymbols: 1, CceRegMappingType: 1, RegBundleSize: 6, InterleaverSize: 2, CoreSetType: 0, ShiftIndex: 0, precoderGranularity: 0, numDlDci: 1
[0m[34m[MAC]    dlDmrsSymbPos 244
[0m[34m[MAC]    BWPSize:  48, BWPStart:  29, SubcarrierSpacing: 1, CyclicPrefix: 0, StartSymbolIndex: 0, DurationSymbols: 1, CceRegMappingType: 1, RegBundleSize: 6, InterleaverSize: 2, CoreSetType: 0, ShiftIndex: 0, precoderGranularity: 0, numDlDci: 1
[0m[34m[MAC]    dlDmrsSymbPos 244
[0m[34m[MAC]    BWPSize:  48, BWPStart:  29, SubcarrierSpacing: 1, CyclicPrefix: 0, StartSymbolIndex: 0, DurationSymbols: 1, CceRegMappingType: 1, RegBundleSize: 6, InterleaverSize: 2, CoreSetType: 0, ShiftIndex: 0, precoderGranularity: 0, numDlDci: 1
[0m[34m[MAC]    [gNB 0] Frame 896 : MIB->BCH  CC_id 0, Received 3 bytes
[0m[34m[MAC]    dlDmrsSymbPos 244
[0m[34m[MAC]    BWPSize:  48, BWPStart:  29, SubcarrierSpacing: 1, CyclicPrefix: 0, StartSymbolIndex: 0, DurationSymbols: 1, CceRegMappingType: 1, RegBundleSize: 6, InterleaverSize: 2, CoreSetType: 0, ShiftIndex: 0, precoderGranularity: 0, numDlDci: 1
[0m[HW]     [o-du 0][rx  160445 pps   10752 kbps  299481][tx  478123 pps   31872 kbps  786891][Total Msgs_Rcvd 160445]
[0m[HW]     [o_du0][pusch0  138198 prach0   22245]
[0m[34m[MAC]    dlDmrsSymbPos 244
[0m[34m[MAC]    BWPSize:  48, BWPStart:  29, SubcarrierSpacing: 1, CyclicPrefix: 0, StartSymbolIndex: 0, DurationSymbols: 1, CceRegMappingType: 1, RegBundleSize: 6, InterleaverSize: 2, CoreSetType: 0, ShiftIndex: 0, precoderGranularity: 0, numDlDci: 1
[0m[34m[MAC]    dlDmrsSymbPos 244
[0m[34m[MAC]    BWPSize:  48, BWPStart:  29, SubcarrierSpacing: 1, CyclicPrefix: 0, StartSymbolIndex: 0, DurationSymbols: 1, CceRegMappingType: 1, RegBundleSize: 6, InterleaverSize: 2, CoreSetType: 0, ShiftIndex: 0, precoderGranularity: 0, numDlDci: 1
[0m[34m[MAC]    dlDmrsSymbPos 244
[0m[34m[MAC]    BWPSize:  48, BWPStart:  29, SubcarrierSpacing: 1, CyclicPrefix: 0, StartSymbolIndex: 0, DurationSymbols: 1, CceRegMappingType: 1, RegBundleSize: 6, InterleaverSize: 2, CoreSetType: 0, ShiftIndex: 0, precoderGranularity: 0, numDlDci: 1
[0m[34m[MAC]    [gNB 0] Frame 904 : MIB->BCH  CC_id 0, Received 3 bytes
[0m[34m[MAC]    dlDmrsSymbPos 244
[0m[34m[MAC]    BWPSize:  48, BWPStart:  29, SubcarrierSpacing: 1, CyclicPrefix: 0, StartSymbolIndex: 0, DurationSymbols: 1, CceRegMappingType: 1, RegBundleSize: 6, InterleaverSize: 2, CoreSetType: 0, ShiftIndex: 0, precoderGranularity: 0, numDlDci: 1
[0m[34m[MAC]    dlDmrsSymbPos 244
[0m[34m[MAC]    BWPSize:  48, BWPStart:  29, SubcarrierSpacing: 1, CyclicPrefix: 0, StartSymbolIndex: 0, DurationSymbols: 1, CceRegMappingType: 1, RegBundleSize: 6, InterleaverSize: 2, CoreSetType: 0, ShiftIndex: 0, precoderGranularity: 0, numDlDci: 1
[0m[34m[MAC]    dlDmrsSymbPos 244
[0m[34m[MAC]    BWPSize:  48, BWPStart:  29, SubcarrierSpacing: 1, CyclicPrefix: 0, StartSymbolIndex: 0, DurationSymbols: 1, CceRegMappingType: 1, RegBundleSize: 6, InterleaverSize: 2, CoreSetType: 0, ShiftIndex: 0, precoderGranularity: 0, numDlDci: 1
[0m[34m[MAC]    dlDmrsSymbPos 244
[0m[34m[MAC]    BWPSize:  48, BWPStart:  29, SubcarrierSpacing: 1, CyclicPrefix: 0, StartSymbolIndex: 0, DurationSymbols: 1, CceRegMappingType: 1, RegBundleSize: 6, InterleaverSize: 2, CoreSetType: 0, ShiftIndex: 0, precoderGranularity: 0, numDlDci: 1
[0m[34m[MAC]    [gNB 0] Frame 912 : MIB->BCH  CC_id 0, Received 3 bytes
[0m[34m[MAC]    dlDmrsSymbPos 244
[0m[34m[MAC]    BWPSize:  48, BWPStart:  29, SubcarrierSpacing: 1, CyclicPrefix: 0, StartSymbolIndex: 0, DurationSymbols: 1, CceRegMappingType: 1, RegBundleSize: 6, InterleaverSize: 2, CoreSetType: 0, ShiftIndex: 0, precoderGranularity: 0, numDlDci: 1
[0m[34m[MAC]    dlDmrsSymbPos 244
[0m[34m[MAC]    BWPSize:  48, BWPStart:  29, SubcarrierSpacing: 1, CyclicPrefix: 0, StartSymbolIndex: 0, DurationSymbols: 1, CceRegMappingType: 1, RegBundleSize: 6, InterleaverSize: 2, CoreSetType: 0, ShiftIndex: 0, precoderGranularity: 0, numDlDci: 1
[0m[34m[MAC]    dlDmrsSymbPos 244
[0m[34m[MAC]    BWPSize:  48, BWPStart:  29, SubcarrierSpacing: 1, CyclicPrefix: 0, StartSymbolIndex: 0, DurationSymbols: 1, CceRegMappingType: 1, RegBundleSize: 6, InterleaverSize: 2, CoreSetType: 0, ShiftIndex: 0, precoderGranularity: 0, numDlDci: 1
[0m[34m[MAC]    dlDmrsSymbPos 244
[0m[34m[MAC]    BWPSize:  48, BWPStart:  29, SubcarrierSpacing: 1, CyclicPrefix: 0, StartSymbolIndex: 0, DurationSymbols: 1, CceRegMappingType: 1, RegBundleSize: 6, InterleaverSize: 2, CoreSetType: 0, ShiftIndex: 0, precoderGranularity: 0, numDlDci: 1
[0m[34m[MAC]    [gNB 0] Frame 920 : MIB->BCH  CC_id 0, Received 3 bytes
[0m[34m[MAC]    dlDmrsSymbPos 244
[0m[34m[MAC]    BWPSize:  48, BWPStart:  29, SubcarrierSpacing: 1, CyclicPrefix: 0, StartSymbolIndex: 0, DurationSymbols: 1, CceRegMappingType: 1, RegBundleSize: 6, InterleaverSize: 2, CoreSetType: 0, ShiftIndex: 0, precoderGranularity: 0, numDlDci: 1
[0m[34m[MAC]    dlDmrsSymbPos 244
[0m[34m[MAC]    BWPSize:  48, BWPStart:  29, SubcarrierSpacing: 1, CyclicPrefix: 0, StartSymbolIndex: 0, DurationSymbols: 1, CceRegMappingType: 1, RegBundleSize: 6, InterleaverSize: 2, CoreSetType: 0, ShiftIndex: 0, precoderGranularity: 0, numDlDci: 1
[0m[34m[MAC]    dlDmrsSymbPos 244
[0m[34m[MAC]    BWPSize:  48, BWPStart:  29, SubcarrierSpacing: 1, CyclicPrefix: 0, StartSymbolIndex: 0, DurationSymbols: 1, CceRegMappingType: 1, RegBundleSize: 6, InterleaverSize: 2, CoreSetType: 0, ShiftIndex: 0, precoderGranularity: 0, numDlDci: 1
[0m[34m[MAC]    dlDmrsSymbPos 244
[0m[34m[MAC]    BWPSize:  48, BWPStart:  29, SubcarrierSpacing: 1, CyclicPrefix: 0, StartSymbolIndex: 0, DurationSymbols: 1, CceRegMappingType: 1, RegBundleSize: 6, InterleaverSize: 2, CoreSetType: 0, ShiftIndex: 0, precoderGranularity: 0, numDlDci: 1
[0m[34m[MAC]    [gNB 0] Frame 928 : MIB->BCH  CC_id 0, Received 3 bytes
[0m[34m[MAC]    dlDmrsSymbPos 244
[0m[34m[MAC]    BWPSize:  48, BWPStart:  29, SubcarrierSpacing: 1, CyclicPrefix: 0, StartSymbolIndex: 0, DurationSymbols: 1, CceRegMappingType: 1, RegBundleSize: 6, InterleaverSize: 2, CoreSetType: 0, ShiftIndex: 0, precoderGranularity: 0, numDlDci: 1
[0m[34m[MAC]    dlDmrsSymbPos 244
[0m[34m[MAC]    BWPSize:  48, BWPStart:  29, SubcarrierSpacing: 1, CyclicPrefix: 0, StartSymbolIndex: 0, DurationSymbols: 1, CceRegMappingType: 1, RegBundleSize: 6, InterleaverSize: 2, CoreSetType: 0, ShiftIndex: 0, precoderGranularity: 0, numDlDci: 1
[0m[34m[MAC]    dlDmrsSymbPos 244
[0m[34m[MAC]    BWPSize:  48, BWPStart:  29, SubcarrierSpacing: 1, CyclicPrefix: 0, StartSymbolIndex: 0, DurationSymbols: 1, CceRegMappingType: 1, RegBundleSize: 6, InterleaverSize: 2, CoreSetType: 0, ShiftIndex: 0, precoderGranularity: 0, numDlDci: 1
[0m[34m[MAC]    dlDmrsSymbPos 244
[0m[34m[MAC]    BWPSize:  48, BWPStart:  29, SubcarrierSpacing: 1, CyclicPrefix: 0, StartSymbolIndex: 0, DurationSymbols: 1, CceRegMappingType: 1, RegBundleSize: 6, InterleaverSize: 2, CoreSetType: 0, ShiftIndex: 0, precoderGranularity: 0, numDlDci: 1
[0m[34m[MAC]    [gNB 0] Frame 936 : MIB->BCH  CC_id 0, Received 3 bytes
[0m[34m[MAC]    dlDmrsSymbPos 244
[0m[34m[MAC]    BWPSize:  48, BWPStart:  29, SubcarrierSpacing: 1, CyclicPrefix: 0, StartSymbolIndex: 0, DurationSymbols: 1, CceRegMappingType: 1, RegBundleSize: 6, InterleaverSize: 2, CoreSetType: 0, ShiftIndex: 0, precoderGranularity: 0, numDlDci: 1
[0m[34m[MAC]    dlDmrsSymbPos 244
[0m[34m[MAC]    BWPSize:  48, BWPStart:  29, SubcarrierSpacing: 1, CyclicPrefix: 0, StartSymbolIndex: 0, DurationSymbols: 1, CceRegMappingType: 1, RegBundleSize: 6, InterleaverSize: 2, CoreSetType: 0, ShiftIndex: 0, precoderGranularity: 0, numDlDci: 1
[0m[34m[MAC]    dlDmrsSymbPos 244
[0m[34m[MAC]    BWPSize:  48, BWPStart:  29, SubcarrierSpacing: 1, CyclicPrefix: 0, StartSymbolIndex: 0, DurationSymbols: 1, CceRegMappingType: 1, RegBundleSize: 6, InterleaverSize: 2, CoreSetType: 0, ShiftIndex: 0, precoderGranularity: 0, numDlDci: 1
[0m[34m[MAC]    dlDmrsSymbPos 244
[0m[34m[MAC]    BWPSize:  48, BWPStart:  29, SubcarrierSpacing: 1, CyclicPrefix: 0, StartSymbolIndex: 0, DurationSymbols: 1, CceRegMappingType: 1, RegBundleSize: 6, InterleaverSize: 2, CoreSetType: 0, ShiftIndex: 0, precoderGranularity: 0, numDlDci: 1
[0m[34m[MAC]    [gNB 0] Frame 944 : MIB->BCH  CC_id 0, Received 3 bytes
[0m[34m[MAC]    dlDmrsSymbPos 244
[0m[34m[MAC]    BWPSize:  48, BWPStart:  29, SubcarrierSpacing: 1, CyclicPrefix: 0, StartSymbolIndex: 0, DurationSymbols: 1, CceRegMappingType: 1, RegBundleSize: 6, InterleaverSize: 2, CoreSetType: 0, ShiftIndex: 0, precoderGranularity: 0, numDlDci: 1
[0m[34m[MAC]    dlDmrsSymbPos 244
[0m[34m[MAC]    BWPSize:  48, BWPStart:  29, SubcarrierSpacing: 1, CyclicPrefix: 0, StartSymbolIndex: 0, DurationSymbols: 1, CceRegMappingType: 1, RegBundleSize: 6, InterleaverSize: 2, CoreSetType: 0, ShiftIndex: 0, precoderGranularity: 0, numDlDci: 1
[0m[34m[MAC]    dlDmrsSymbPos 244
[0m[34m[MAC]    BWPSize:  48, BWPStart:  29, SubcarrierSpacing: 1, CyclicPrefix: 0, StartSymbolIndex: 0, DurationSymbols: 1, CceRegMappingType: 1, RegBundleSize: 6, InterleaverSize: 2, CoreSetType: 0, ShiftIndex: 0, precoderGranularity: 0, numDlDci: 1
[0m[34m[MAC]    dlDmrsSymbPos 244
[0m[34m[MAC]    BWPSize:  48, BWPStart:  29, SubcarrierSpacing: 1, CyclicPrefix: 0, StartSymbolIndex: 0, DurationSymbols: 1, CceRegMappingType: 1, RegBundleSize: 6, InterleaverSize: 2, CoreSetType: 0, ShiftIndex: 0, precoderGranularity: 0, numDlDci: 1
[0m[34m[MAC]    [gNB 0] Frame 952 : MIB->BCH  CC_id 0, Received 3 bytes
[0m[34m[MAC]    dlDmrsSymbPos 244
[0m[34m[MAC]    BWPSize:  48, BWPStart:  29, SubcarrierSpacing: 1, CyclicPrefix: 0, StartSymbolIndex: 0, DurationSymbols: 1, CceRegMappingType: 1, RegBundleSize: 6, InterleaverSize: 2, CoreSetType: 0, ShiftIndex: 0, precoderGranularity: 0, numDlDci: 1
[0m[34m[MAC]    dlDmrsSymbPos 244
[0m[34m[MAC]    BWPSize:  48, BWPStart:  29, SubcarrierSpacing: 1, CyclicPrefix: 0, StartSymbolIndex: 0, DurationSymbols: 1, CceRegMappingType: 1, RegBundleSize: 6, InterleaverSize: 2, CoreSetType: 0, ShiftIndex: 0, precoderGranularity: 0, numDlDci: 1
[0m[34m[MAC]    dlDmrsSymbPos 244
[0m[34m[MAC]    BWPSize:  48, BWPStart:  29, SubcarrierSpacing: 1, CyclicPrefix: 0, StartSymbolIndex: 0, DurationSymbols: 1, CceRegMappingType: 1, RegBundleSize: 6, InterleaverSize: 2, CoreSetType: 0, ShiftIndex: 0, precoderGranularity: 0, numDlDci: 1
[0m[34m[MAC]    dlDmrsSymbPos 244
[0m[34m[MAC]    BWPSize:  48, BWPStart:  29, SubcarrierSpacing: 1, CyclicPrefix: 0, StartSymbolIndex: 0, DurationSymbols: 1, CceRegMappingType: 1, RegBundleSize: 6, InterleaverSize: 2, CoreSetType: 0, ShiftIndex: 0, precoderGranularity: 0, numDlDci: 1
[0m[34m[MAC]    [gNB 0] Frame 960 : MIB->BCH  CC_id 0, Received 3 bytes
[0m[34m[MAC]    dlDmrsSymbPos 244
[0m[34m[MAC]    BWPSize:  48, BWPStart:  29, SubcarrierSpacing: 1, CyclicPrefix: 0, StartSymbolIndex: 0, DurationSymbols: 1, CceRegMappingType: 1, RegBundleSize: 6, InterleaverSize: 2, CoreSetType: 0, ShiftIndex: 0, precoderGranularity: 0, numDlDci: 1
[0m[34m[MAC]    dlDmrsSymbPos 244
[0m[34m[MAC]    BWPSize:  48, BWPStart:  29, SubcarrierSpacing: 1, CyclicPrefix: 0, StartSymbolIndex: 0, DurationSymbols: 1, CceRegMappingType: 1, RegBundleSize: 6, InterleaverSize: 2, CoreSetType: 0, ShiftIndex: 0, precoderGranularity: 0, numDlDci: 1
[0m[34m[MAC]    dlDmrsSymbPos 244
[0m[34m[MAC]    BWPSize:  48, BWPStart:  29, SubcarrierSpacing: 1, CyclicPrefix: 0, StartSymbolIndex: 0, DurationSymbols: 1, CceRegMappingType: 1, RegBundleSize: 6, InterleaverSize: 2, CoreSetType: 0, ShiftIndex: 0, precoderGranularity: 0, numDlDci: 1
[0m[34m[MAC]    dlDmrsSymbPos 244
[0m[34m[MAC]    BWPSize:  48, BWPStart:  29, SubcarrierSpacing: 1, CyclicPrefix: 0, StartSymbolIndex: 0, DurationSymbols: 1, CceRegMappingType: 1, RegBundleSize: 6, InterleaverSize: 2, CoreSetType: 0, ShiftIndex: 0, precoderGranularity: 0, numDlDci: 1
[0m[34m[MAC]    [gNB 0] Frame 968 : MIB->BCH  CC_id 0, Received 3 bytes
[0m[34m[MAC]    dlDmrsSymbPos 244
[0m[34m[MAC]    BWPSize:  48, BWPStart:  29, SubcarrierSpacing: 1, CyclicPrefix: 0, StartSymbolIndex: 0, DurationSymbols: 1, CceRegMappingType: 1, RegBundleSize: 6, InterleaverSize: 2, CoreSetType: 0, ShiftIndex: 0, precoderGranularity: 0, numDlDci: 1
[0m[34m[MAC]    dlDmrsSymbPos 244
[0m[34m[MAC]    BWPSize:  48, BWPStart:  29, SubcarrierSpacing: 1, CyclicPrefix: 0, StartSymbolIndex: 0, DurationSymbols: 1, CceRegMappingType: 1, RegBundleSize: 6, InterleaverSize: 2, CoreSetType: 0, ShiftIndex: 0, precoderGranularity: 0, numDlDci: 1
[0m[34m[MAC]    dlDmrsSymbPos 244
[0m[34m[MAC]    BWPSize:  48, BWPStart:  29, SubcarrierSpacing: 1, CyclicPrefix: 0, StartSymbolIndex: 0, DurationSymbols: 1, CceRegMappingType: 1, RegBundleSize: 6, InterleaverSize: 2, CoreSetType: 0, ShiftIndex: 0, precoderGranularity: 0, numDlDci: 1
[0m[34m[MAC]    dlDmrsSymbPos 244
[0m[34m[MAC]    BWPSize:  48, BWPStart:  29, SubcarrierSpacing: 1, CyclicPrefix: 0, StartSymbolIndex: 0, DurationSymbols: 1, CceRegMappingType: 1, RegBundleSize: 6, InterleaverSize: 2, CoreSetType: 0, ShiftIndex: 0, precoderGranularity: 0, numDlDci: 1
[0m[34m[MAC]    [gNB 0] Frame 976 : MIB->BCH  CC_id 0, Received 3 bytes
[0m[34m[MAC]    dlDmrsSymbPos 244
[0m[34m[MAC]    BWPSize:  48, BWPStart:  29, SubcarrierSpacing: 1, CyclicPrefix: 0, StartSymbolIndex: 0, DurationSymbols: 1, CceRegMappingType: 1, RegBundleSize: 6, InterleaverSize: 2, CoreSetType: 0, ShiftIndex: 0, precoderGranularity: 0, numDlDci: 1
[0m[34m[MAC]    dlDmrsSymbPos 244
[0m[34m[MAC]    BWPSize:  48, BWPStart:  29, SubcarrierSpacing: 1, CyclicPrefix: 0, StartSymbolIndex: 0, DurationSymbols: 1, CceRegMappingType: 1, RegBundleSize: 6, InterleaverSize: 2, CoreSetType: 0, ShiftIndex: 0, precoderGranularity: 0, numDlDci: 1
[0m[34m[MAC]    dlDmrsSymbPos 244
[0m[34m[MAC]    BWPSize:  48, BWPStart:  29, SubcarrierSpacing: 1, CyclicPrefix: 0, StartSymbolIndex: 0, DurationSymbols: 1, CceRegMappingType: 1, RegBundleSize: 6, InterleaverSize: 2, CoreSetType: 0, ShiftIndex: 0, precoderGranularity: 0, numDlDci: 1
[0m[34m[MAC]    dlDmrsSymbPos 244
[0m[34m[MAC]    BWPSize:  48, BWPStart:  29, SubcarrierSpacing: 1, CyclicPrefix: 0, StartSymbolIndex: 0, DurationSymbols: 1, CceRegMappingType: 1, RegBundleSize: 6, InterleaverSize: 2, CoreSetType: 0, ShiftIndex: 0, precoderGranularity: 0, numDlDci: 1
[0m[34m[MAC]    [gNB 0] Frame 984 : MIB->BCH  CC_id 0, Received 3 bytes
[0m[34m[MAC]    dlDmrsSymbPos 244
[0m[34m[MAC]    BWPSize:  48, BWPStart:  29, SubcarrierSpacing: 1, CyclicPrefix: 0, StartSymbolIndex: 0, DurationSymbols: 1, CceRegMappingType: 1, RegBundleSize: 6, InterleaverSize: 2, CoreSetType: 0, ShiftIndex: 0, precoderGranularity: 0, numDlDci: 1
[0m[34m[MAC]    dlDmrsSymbPos 244
[0m[34m[MAC]    BWPSize:  48, BWPStart:  29, SubcarrierSpacing: 1, CyclicPrefix: 0, StartSymbolIndex: 0, DurationSymbols: 1, CceRegMappingType: 1, RegBundleSize: 6, InterleaverSize: 2, CoreSetType: 0, ShiftIndex: 0, precoderGranularity: 0, numDlDci: 1
[0m[34m[MAC]    dlDmrsSymbPos 244
[0m[34m[MAC]    BWPSize:  48, BWPStart:  29, SubcarrierSpacing: 1, CyclicPrefix: 0, StartSymbolIndex: 0, DurationSymbols: 1, CceRegMappingType: 1, RegBundleSize: 6, InterleaverSize: 2, CoreSetType: 0, ShiftIndex: 0, precoderGranularity: 0, numDlDci: 1
[0m[34m[MAC]    dlDmrsSymbPos 244
[0m[34m[MAC]    BWPSize:  48, BWPStart:  29, SubcarrierSpacing: 1, CyclicPrefix: 0, StartSymbolIndex: 0, DurationSymbols: 1, CceRegMappingType: 1, RegBundleSize: 6, InterleaverSize: 2, CoreSetType: 0, ShiftIndex: 0, precoderGranularity: 0, numDlDci: 1
[0m[34m[MAC]    [gNB 0] Frame 992 : MIB->BCH  CC_id 0, Received 3 bytes
[0m[34m[MAC]    dlDmrsSymbPos 244
[0m[34m[MAC]    BWPSize:  48, BWPStart:  29, SubcarrierSpacing: 1, CyclicPrefix: 0, StartSymbolIndex: 0, DurationSymbols: 1, CceRegMappingType: 1, RegBundleSize: 6, InterleaverSize: 2, CoreSetType: 0, ShiftIndex: 0, precoderGranularity: 0, numDlDci: 1
[0m[34m[MAC]    dlDmrsSymbPos 244
[0m[34m[MAC]    BWPSize:  48, BWPStart:  29, SubcarrierSpacing: 1, CyclicPrefix: 0, StartSymbolIndex: 0, DurationSymbols: 1, CceRegMappingType: 1, RegBundleSize: 6, InterleaverSize: 2, CoreSetType: 0, ShiftIndex: 0, precoderGranularity: 0, numDlDci: 1
[0m[34m[MAC]    dlDmrsSymbPos 244
[0m[34m[MAC]    BWPSize:  48, BWPStart:  29, SubcarrierSpacing: 1, CyclicPrefix: 0, StartSymbolIndex: 0, DurationSymbols: 1, CceRegMappingType: 1, RegBundleSize: 6, InterleaverSize: 2, CoreSetType: 0, ShiftIndex: 0, precoderGranularity: 0, numDlDci: 1
[0m[34m[MAC]    dlDmrsSymbPos 244
[0m[34m[MAC]    BWPSize:  48, BWPStart:  29, SubcarrierSpacing: 1, CyclicPrefix: 0, StartSymbolIndex: 0, DurationSymbols: 1, CceRegMappingType: 1, RegBundleSize: 6, InterleaverSize: 2, CoreSetType: 0, ShiftIndex: 0, precoderGranularity: 0, numDlDci: 1
[0m[34m[MAC]    [gNB 0] Frame 1000 : MIB->BCH  CC_id 0, Received 3 bytes
[0m[34m[MAC]    dlDmrsSymbPos 244
[0m[34m[MAC]    BWPSize:  48, BWPStart:  29, SubcarrierSpacing: 1, CyclicPrefix: 0, StartSymbolIndex: 0, DurationSymbols: 1, CceRegMappingType: 1, RegBundleSize: 6, InterleaverSize: 2, CoreSetType: 0, ShiftIndex: 0, precoderGranularity: 0, numDlDci: 1
[0m[34m[MAC]    dlDmrsSymbPos 244
[0m[34m[MAC]    BWPSize:  48, BWPStart:  29, SubcarrierSpacing: 1, CyclicPrefix: 0, StartSymbolIndex: 0, DurationSymbols: 1, CceRegMappingType: 1, RegBundleSize: 6, InterleaverSize: 2, CoreSetType: 0, ShiftIndex: 0, precoderGranularity: 0, numDlDci: 1
[0m[34m[MAC]    dlDmrsSymbPos 244
[0m[34m[MAC]    BWPSize:  48, BWPStart:  29, SubcarrierSpacing: 1, CyclicPrefix: 0, StartSymbolIndex: 0, DurationSymbols: 1, CceRegMappingType: 1, RegBundleSize: 6, InterleaverSize: 2, CoreSetType: 0, ShiftIndex: 0, precoderGranularity: 0, numDlDci: 1
[0m[34m[MAC]    dlDmrsSymbPos 244
[0m[34m[MAC]    BWPSize:  48, BWPStart:  29, SubcarrierSpacing: 1, CyclicPrefix: 0, StartSymbolIndex: 0, DurationSymbols: 1, CceRegMappingType: 1, RegBundleSize: 6, InterleaverSize: 2, CoreSetType: 0, ShiftIndex: 0, precoderGranularity: 0, numDlDci: 1
[0m[34m[MAC]    [gNB 0] Frame 1008 : MIB->BCH  CC_id 0, Received 3 bytes
[0m[34m[MAC]    dlDmrsSymbPos 244
[0m[34m[MAC]    BWPSize:  48, BWPStart:  29, SubcarrierSpacing: 1, CyclicPrefix: 0, StartSymbolIndex: 0, DurationSymbols: 1, CceRegMappingType: 1, RegBundleSize: 6, InterleaverSize: 2, CoreSetType: 0, ShiftIndex: 0, precoderGranularity: 0, numDlDci: 1
[0m[34m[MAC]    dlDmrsSymbPos 244
[0m[34m[MAC]    BWPSize:  48, BWPStart:  29, SubcarrierSpacing: 1, CyclicPrefix: 0, StartSymbolIndex: 0, DurationSymbols: 1, CceRegMappingType: 1, RegBundleSize: 6, InterleaverSize: 2, CoreSetType: 0, ShiftIndex: 0, precoderGranularity: 0, numDlDci: 1
[0m[34m[MAC]    dlDmrsSymbPos 244
[0m[34m[MAC]    BWPSize:  48, BWPStart:  29, SubcarrierSpacing: 1, CyclicPrefix: 0, StartSymbolIndex: 0, DurationSymbols: 1, CceRegMappingType: 1, RegBundleSize: 6, InterleaverSize: 2, CoreSetType: 0, ShiftIndex: 0, precoderGranularity: 0, numDlDci: 1
[0m[34m[MAC]    dlDmrsSymbPos 244
[0m[34m[MAC]    BWPSize:  48, BWPStart:  29, SubcarrierSpacing: 1, CyclicPrefix: 0, StartSymbolIndex: 0, DurationSymbols: 1, CceRegMappingType: 1, RegBundleSize: 6, InterleaverSize: 2, CoreSetType: 0, ShiftIndex: 0, precoderGranularity: 0, numDlDci: 1
[0m[34m[MAC]    [gNB 0] Frame 1016 : MIB->BCH  CC_id 0, Received 3 bytes
[0m[34m[MAC]    dlDmrsSymbPos 244
[0m[34m[MAC]    BWPSize:  48, BWPStart:  29, SubcarrierSpacing: 1, CyclicPrefix: 0, StartSymbolIndex: 0, DurationSymbols: 1, CceRegMappingType: 1, RegBundleSize: 6, InterleaverSize: 2, CoreSetType: 0, ShiftIndex: 0, precoderGranularity: 0, numDlDci: 1
[0m[34m[MAC]    dlDmrsSymbPos 244
[0m[34m[MAC]    BWPSize:  48, BWPStart:  29, SubcarrierSpacing: 1, CyclicPrefix: 0, StartSymbolIndex: 0, DurationSymbols: 1, CceRegMappingType: 1, RegBundleSize: 6, InterleaverSize: 2, CoreSetType: 0, ShiftIndex: 0, precoderGranularity: 0, numDlDci: 1
[0m[34m[MAC]    dlDmrsSymbPos 244
[0m[34m[MAC]    BWPSize:  48, BWPStart:  29, SubcarrierSpacing: 1, CyclicPrefix: 0, StartSymbolIndex: 0, DurationSymbols: 1, CceRegMappingType: 1, RegBundleSize: 6, InterleaverSize: 2, CoreSetType: 0, ShiftIndex: 0, precoderGranularity: 0, numDlDci: 1
[0m[34m[MAC]    dlDmrsSymbPos 244
[0m[34m[MAC]    BWPSize:  48, BWPStart:  29, SubcarrierSpacing: 1, CyclicPrefix: 0, StartSymbolIndex: 0, DurationSymbols: 1, CceRegMappingType: 1, RegBundleSize: 6, InterleaverSize: 2, CoreSetType: 0, ShiftIndex: 0, precoderGranularity: 0, numDlDci: 1
[0m[34m[MAC]    [gNB 0] Frame 0 : MIB->BCH  CC_id 0, Received 3 bytes
[0m[34m[MAC]    dlDmrsSymbPos 244
[0m[34m[MAC]    BWPSize:  48, BWPStart:  29, SubcarrierSpacing: 1, CyclicPrefix: 0, StartSymbolIndex: 0, DurationSymbols: 1, CceRegMappingType: 1, RegBundleSize: 6, InterleaverSize: 2, CoreSetType: 0, ShiftIndex: 0, precoderGranularity: 0, numDlDci: 1
[0m[HW]     [o-du 0][rx  171198 pps   10753 kbps  299484][tx  509995 pps   31872 kbps  786891][Total Msgs_Rcvd 171198]
[0m[HW]     [o_du0][pusch0  147414 prach0   23781]
[0m[34m[MAC]    dlDmrsSymbPos 244
[0m[34m[MAC]    BWPSize:  48, BWPStart:  29, SubcarrierSpacing: 1, CyclicPrefix: 0, StartSymbolIndex: 0, DurationSymbols: 1, CceRegMappingType: 1, RegBundleSize: 6, InterleaverSize: 2, CoreSetType: 0, ShiftIndex: 0, precoderGranularity: 0, numDlDci: 1
[0m[34m[MAC]    dlDmrsSymbPos 244
[0m[34m[MAC]    BWPSize:  48, BWPStart:  29, SubcarrierSpacing: 1, CyclicPrefix: 0, StartSymbolIndex: 0, DurationSymbols: 1, CceRegMappingType: 1, RegBundleSize: 6, InterleaverSize: 2, CoreSetType: 0, ShiftIndex: 0, precoderGranularity: 0, numDlDci: 1
[0m[34m[MAC]    dlDmrsSymbPos 244
[0m[34m[MAC]    BWPSize:  48, BWPStart:  29, SubcarrierSpacing: 1, CyclicPrefix: 0, StartSymbolIndex: 0, DurationSymbols: 1, CceRegMappingType: 1, RegBundleSize: 6, InterleaverSize: 2, CoreSetType: 0, ShiftIndex: 0, precoderGranularity: 0, numDlDci: 1
[0m[34m[MAC]    [gNB 0] Frame 8 : MIB->BCH  CC_id 0, Received 3 bytes
[0m[34m[MAC]    dlDmrsSymbPos 244
[0m[34m[MAC]    BWPSize:  48, BWPStart:  29, SubcarrierSpacing: 1, CyclicPrefix: 0, StartSymbolIndex: 0, DurationSymbols: 1, CceRegMappingType: 1, RegBundleSize: 6, InterleaverSize: 2, CoreSetType: 0, ShiftIndex: 0, precoderGranularity: 0, numDlDci: 1
[0m[34m[MAC]    dlDmrsSymbPos 244
[0m[34m[MAC]    BWPSize:  48, BWPStart:  29, SubcarrierSpacing: 1, CyclicPrefix: 0, StartSymbolIndex: 0, DurationSymbols: 1, CceRegMappingType: 1, RegBundleSize: 6, InterleaverSize: 2, CoreSetType: 0, ShiftIndex: 0, precoderGranularity: 0, numDlDci: 1
[0m[34m[MAC]    dlDmrsSymbPos 244
[0m[34m[MAC]    BWPSize:  48, BWPStart:  29, SubcarrierSpacing: 1, CyclicPrefix: 0, StartSymbolIndex: 0, DurationSymbols: 1, CceRegMappingType: 1, RegBundleSize: 6, InterleaverSize: 2, CoreSetType: 0, ShiftIndex: 0, precoderGranularity: 0, numDlDci: 1
[0m[34m[MAC]    dlDmrsSymbPos 244
[0m[34m[MAC]    BWPSize:  48, BWPStart:  29, SubcarrierSpacing: 1, CyclicPrefix: 0, StartSymbolIndex: 0, DurationSymbols: 1, CceRegMappingType: 1, RegBundleSize: 6, InterleaverSize: 2, CoreSetType: 0, ShiftIndex: 0, precoderGranularity: 0, numDlDci: 1
[0m[34m[MAC]    [gNB 0] Frame 16 : MIB->BCH  CC_id 0, Received 3 bytes
[0m[34m[MAC]    dlDmrsSymbPos 244
[0m[34m[MAC]    BWPSize:  48, BWPStart:  29, SubcarrierSpacing: 1, CyclicPrefix: 0, StartSymbolIndex: 0, DurationSymbols: 1, CceRegMappingType: 1, RegBundleSize: 6, InterleaverSize: 2, CoreSetType: 0, ShiftIndex: 0, precoderGranularity: 0, numDlDci: 1
[0m[34m[MAC]    dlDmrsSymbPos 244
[0m[34m[MAC]    BWPSize:  48, BWPStart:  29, SubcarrierSpacing: 1, CyclicPrefix: 0, StartSymbolIndex: 0, DurationSymbols: 1, CceRegMappingType: 1, RegBundleSize: 6, InterleaverSize: 2, CoreSetType: 0, ShiftIndex: 0, precoderGranularity: 0, numDlDci: 1
[0m[34m[MAC]    dlDmrsSymbPos 244
[0m[34m[MAC]    BWPSize:  48, BWPStart:  29, SubcarrierSpacing: 1, CyclicPrefix: 0, StartSymbolIndex: 0, DurationSymbols: 1, CceRegMappingType: 1, RegBundleSize: 6, InterleaverSize: 2, CoreSetType: 0, ShiftIndex: 0, precoderGranularity: 0, numDlDci: 1
[0m[34m[MAC]    dlDmrsSymbPos 244
[0m[34m[MAC]    BWPSize:  48, BWPStart:  29, SubcarrierSpacing: 1, CyclicPrefix: 0, StartSymbolIndex: 0, DurationSymbols: 1, CceRegMappingType: 1, RegBundleSize: 6, InterleaverSize: 2, CoreSetType: 0, ShiftIndex: 0, precoderGranularity: 0, numDlDci: 1
[0m[34m[MAC]    [gNB 0] Frame 24 : MIB->BCH  CC_id 0, Received 3 bytes
[0m[34m[MAC]    dlDmrsSymbPos 244
[0m[34m[MAC]    BWPSize:  48, BWPStart:  29, SubcarrierSpacing: 1, CyclicPrefix: 0, StartSymbolIndex: 0, DurationSymbols: 1, CceRegMappingType: 1, RegBundleSize: 6, InterleaverSize: 2, CoreSetType: 0, ShiftIndex: 0, precoderGranularity: 0, numDlDci: 1
[0m[34m[MAC]    dlDmrsSymbPos 244
[0m[34m[MAC]    BWPSize:  48, BWPStart:  29, SubcarrierSpacing: 1, CyclicPrefix: 0, StartSymbolIndex: 0, DurationSymbols: 1, CceRegMappingType: 1, RegBundleSize: 6, InterleaverSize: 2, CoreSetType: 0, ShiftIndex: 0, precoderGranularity: 0, numDlDci: 1
[0m[34m[MAC]    dlDmrsSymbPos 244
[0m[34m[MAC]    BWPSize:  48, BWPStart:  29, SubcarrierSpacing: 1, CyclicPrefix: 0, StartSymbolIndex: 0, DurationSymbols: 1, CceRegMappingType: 1, RegBundleSize: 6, InterleaverSize: 2, CoreSetType: 0, ShiftIndex: 0, precoderGranularity: 0, numDlDci: 1
[0m[34m[MAC]    dlDmrsSymbPos 244
[0m[34m[MAC]    BWPSize:  48, BWPStart:  29, SubcarrierSpacing: 1, CyclicPrefix: 0, StartSymbolIndex: 0, DurationSymbols: 1, CceRegMappingType: 1, RegBundleSize: 6, InterleaverSize: 2, CoreSetType: 0, ShiftIndex: 0, precoderGranularity: 0, numDlDci: 1
[0m[34m[MAC]    [gNB 0] Frame 32 : MIB->BCH  CC_id 0, Received 3 bytes
[0m[34m[MAC]    dlDmrsSymbPos 244
[0m[34m[MAC]    BWPSize:  48, BWPStart:  29, SubcarrierSpacing: 1, CyclicPrefix: 0, StartSymbolIndex: 0, DurationSymbols: 1, CceRegMappingType: 1, RegBundleSize: 6, InterleaverSize: 2, CoreSetType: 0, ShiftIndex: 0, precoderGranularity: 0, numDlDci: 1
[0m[34m[MAC]    dlDmrsSymbPos 244
[0m[34m[MAC]    BWPSize:  48, BWPStart:  29, SubcarrierSpacing: 1, CyclicPrefix: 0, StartSymbolIndex: 0, DurationSymbols: 1, CceRegMappingType: 1, RegBundleSize: 6, InterleaverSize: 2, CoreSetType: 0, ShiftIndex: 0, precoderGranularity: 0, numDlDci: 1
[0m[34m[MAC]    dlDmrsSymbPos 244
[0m[34m[MAC]    BWPSize:  48, BWPStart:  29, SubcarrierSpacing: 1, CyclicPrefix: 0, StartSymbolIndex: 0, DurationSymbols: 1, CceRegMappingType: 1, RegBundleSize: 6, InterleaverSize: 2, CoreSetType: 0, ShiftIndex: 0, precoderGranularity: 0, numDlDci: 1
[0m[34m[MAC]    dlDmrsSymbPos 244
[0m[34m[MAC]    BWPSize:  48, BWPStart:  29, SubcarrierSpacing: 1, CyclicPrefix: 0, StartSymbolIndex: 0, DurationSymbols: 1, CceRegMappingType: 1, RegBundleSize: 6, InterleaverSize: 2, CoreSetType: 0, ShiftIndex: 0, precoderGranularity: 0, numDlDci: 1
[0m[34m[MAC]    [gNB 0] Frame 40 : MIB->BCH  CC_id 0, Received 3 bytes
[0m[34m[MAC]    dlDmrsSymbPos 244
[0m[34m[MAC]    BWPSize:  48, BWPStart:  29, SubcarrierSpacing: 1, CyclicPrefix: 0, StartSymbolIndex: 0, DurationSymbols: 1, CceRegMappingType: 1, RegBundleSize: 6, InterleaverSize: 2, CoreSetType: 0, ShiftIndex: 0, precoderGranularity: 0, numDlDci: 1
[0m[34m[MAC]    dlDmrsSymbPos 244
[0m[34m[MAC]    BWPSize:  48, BWPStart:  29, SubcarrierSpacing: 1, CyclicPrefix: 0, StartSymbolIndex: 0, DurationSymbols: 1, CceRegMappingType: 1, RegBundleSize: 6, InterleaverSize: 2, CoreSetType: 0, ShiftIndex: 0, precoderGranularity: 0, numDlDci: 1
[0m[34m[MAC]    dlDmrsSymbPos 244
[0m[34m[MAC]    BWPSize:  48, BWPStart:  29, SubcarrierSpacing: 1, CyclicPrefix: 0, StartSymbolIndex: 0, DurationSymbols: 1, CceRegMappingType: 1, RegBundleSize: 6, InterleaverSize: 2, CoreSetType: 0, ShiftIndex: 0, precoderGranularity: 0, numDlDci: 1
[0m[34m[MAC]    dlDmrsSymbPos 244
[0m[34m[MAC]    BWPSize:  48, BWPStart:  29, SubcarrierSpacing: 1, CyclicPrefix: 0, StartSymbolIndex: 0, DurationSymbols: 1, CceRegMappingType: 1, RegBundleSize: 6, InterleaverSize: 2, CoreSetType: 0, ShiftIndex: 0, precoderGranularity: 0, numDlDci: 1
[0m[34m[MAC]    [gNB 0] Frame 48 : MIB->BCH  CC_id 0, Received 3 bytes
[0m[34m[MAC]    dlDmrsSymbPos 244
[0m[34m[MAC]    BWPSize:  48, BWPStart:  29, SubcarrierSpacing: 1, CyclicPrefix: 0, StartSymbolIndex: 0, DurationSymbols: 1, CceRegMappingType: 1, RegBundleSize: 6, InterleaverSize: 2, CoreSetType: 0, ShiftIndex: 0, precoderGranularity: 0, numDlDci: 1
[0m[34m[MAC]    dlDmrsSymbPos 244
[0m[34m[MAC]    BWPSize:  48, BWPStart:  29, SubcarrierSpacing: 1, CyclicPrefix: 0, StartSymbolIndex: 0, DurationSymbols: 1, CceRegMappingType: 1, RegBundleSize: 6, InterleaverSize: 2, CoreSetType: 0, ShiftIndex: 0, precoderGranularity: 0, numDlDci: 1
[0m[34m[MAC]    dlDmrsSymbPos 244
[0m[34m[MAC]    BWPSize:  48, BWPStart:  29, SubcarrierSpacing: 1, CyclicPrefix: 0, StartSymbolIndex: 0, DurationSymbols: 1, CceRegMappingType: 1, RegBundleSize: 6, InterleaverSize: 2, CoreSetType: 0, ShiftIndex: 0, precoderGranularity: 0, numDlDci: 1
[0m[34m[MAC]    dlDmrsSymbPos 244
[0m[34m[MAC]    BWPSize:  48, BWPStart:  29, SubcarrierSpacing: 1, CyclicPrefix: 0, StartSymbolIndex: 0, DurationSymbols: 1, CceRegMappingType: 1, RegBundleSize: 6, InterleaverSize: 2, CoreSetType: 0, ShiftIndex: 0, precoderGranularity: 0, numDlDci: 1
[0m[34m[MAC]    [gNB 0] Frame 56 : MIB->BCH  CC_id 0, Received 3 bytes
[0m[34m[MAC]    dlDmrsSymbPos 244
[0m[34m[MAC]    BWPSize:  48, BWPStart:  29, SubcarrierSpacing: 1, CyclicPrefix: 0, StartSymbolIndex: 0, DurationSymbols: 1, CceRegMappingType: 1, RegBundleSize: 6, InterleaverSize: 2, CoreSetType: 0, ShiftIndex: 0, precoderGranularity: 0, numDlDci: 1
[0m[34m[MAC]    dlDmrsSymbPos 244
[0m[34m[MAC]    BWPSize:  48, BWPStart:  29, SubcarrierSpacing: 1, CyclicPrefix: 0, StartSymbolIndex: 0, DurationSymbols: 1, CceRegMappingType: 1, RegBundleSize: 6, InterleaverSize: 2, CoreSetType: 0, ShiftIndex: 0, precoderGranularity: 0, numDlDci: 1
[0m[34m[MAC]    dlDmrsSymbPos 244
[0m[34m[MAC]    BWPSize:  48, BWPStart:  29, SubcarrierSpacing: 1, CyclicPrefix: 0, StartSymbolIndex: 0, DurationSymbols: 1, CceRegMappingType: 1, RegBundleSize: 6, InterleaverSize: 2, CoreSetType: 0, ShiftIndex: 0, precoderGranularity: 0, numDlDci: 1
[0m[34m[MAC]    dlDmrsSymbPos 244
[0m[34m[MAC]    BWPSize:  48, BWPStart:  29, SubcarrierSpacing: 1, CyclicPrefix: 0, StartSymbolIndex: 0, DurationSymbols: 1, CceRegMappingType: 1, RegBundleSize: 6, InterleaverSize: 2, CoreSetType: 0, ShiftIndex: 0, precoderGranularity: 0, numDlDci: 1
[0m[34m[MAC]    [gNB 0] Frame 64 : MIB->BCH  CC_id 0, Received 3 bytes
[0m[34m[MAC]    dlDmrsSymbPos 244
[0m[34m[MAC]    BWPSize:  48, BWPStart:  29, SubcarrierSpacing: 1, CyclicPrefix: 0, StartSymbolIndex: 0, DurationSymbols: 1, CceRegMappingType: 1, RegBundleSize: 6, InterleaverSize: 2, CoreSetType: 0, ShiftIndex: 0, precoderGranularity: 0, numDlDci: 1
[0m[34m[MAC]    dlDmrsSymbPos 244
[0m[34m[MAC]    BWPSize:  48, BWPStart:  29, SubcarrierSpacing: 1, CyclicPrefix: 0, StartSymbolIndex: 0, DurationSymbols: 1, CceRegMappingType: 1, RegBundleSize: 6, InterleaverSize: 2, CoreSetType: 0, ShiftIndex: 0, precoderGranularity: 0, numDlDci: 1
[0m[34m[MAC]    dlDmrsSymbPos 244
[0m[34m[MAC]    BWPSize:  48, BWPStart:  29, SubcarrierSpacing: 1, CyclicPrefix: 0, StartSymbolIndex: 0, DurationSymbols: 1, CceRegMappingType: 1, RegBundleSize: 6, InterleaverSize: 2, CoreSetType: 0, ShiftIndex: 0, precoderGranularity: 0, numDlDci: 1
[0m[34m[MAC]    dlDmrsSymbPos 244
[0m[34m[MAC]    BWPSize:  48, BWPStart:  29, SubcarrierSpacing: 1, CyclicPrefix: 0, StartSymbolIndex: 0, DurationSymbols: 1, CceRegMappingType: 1, RegBundleSize: 6, InterleaverSize: 2, CoreSetType: 0, ShiftIndex: 0, precoderGranularity: 0, numDlDci: 1
[0m[34m[MAC]    [gNB 0] Frame 72 : MIB->BCH  CC_id 0, Received 3 bytes
[0m[34m[MAC]    dlDmrsSymbPos 244
[0m[34m[MAC]    BWPSize:  48, BWPStart:  29, SubcarrierSpacing: 1, CyclicPrefix: 0, StartSymbolIndex: 0, DurationSymbols: 1, CceRegMappingType: 1, RegBundleSize: 6, InterleaverSize: 2, CoreSetType: 0, ShiftIndex: 0, precoderGranularity: 0, numDlDci: 1
[0m[34m[MAC]    dlDmrsSymbPos 244
[0m[34m[MAC]    BWPSize:  48, BWPStart:  29, SubcarrierSpacing: 1, CyclicPrefix: 0, StartSymbolIndex: 0, DurationSymbols: 1, CceRegMappingType: 1, RegBundleSize: 6, InterleaverSize: 2, CoreSetType: 0, ShiftIndex: 0, precoderGranularity: 0, numDlDci: 1
[0m[34m[MAC]    dlDmrsSymbPos 244
[0m[34m[MAC]    BWPSize:  48, BWPStart:  29, SubcarrierSpacing: 1, CyclicPrefix: 0, StartSymbolIndex: 0, DurationSymbols: 1, CceRegMappingType: 1, RegBundleSize: 6, InterleaverSize: 2, CoreSetType: 0, ShiftIndex: 0, precoderGranularity: 0, numDlDci: 1
[0m[34m[MAC]    dlDmrsSymbPos 244
[0m[34m[MAC]    BWPSize:  48, BWPStart:  29, SubcarrierSpacing: 1, CyclicPrefix: 0, StartSymbolIndex: 0, DurationSymbols: 1, CceRegMappingType: 1, RegBundleSize: 6, InterleaverSize: 2, CoreSetType: 0, ShiftIndex: 0, precoderGranularity: 0, numDlDci: 1
[0m[34m[MAC]    [gNB 0] Frame 80 : MIB->BCH  CC_id 0, Received 3 bytes
[0m[34m[MAC]    dlDmrsSymbPos 244
[0m[34m[MAC]    BWPSize:  48, BWPStart:  29, SubcarrierSpacing: 1, CyclicPrefix: 0, StartSymbolIndex: 0, DurationSymbols: 1, CceRegMappingType: 1, RegBundleSize: 6, InterleaverSize: 2, CoreSetType: 0, ShiftIndex: 0, precoderGranularity: 0, numDlDci: 1
[0m[34m[MAC]    dlDmrsSymbPos 244
[0m[34m[MAC]    BWPSize:  48, BWPStart:  29, SubcarrierSpacing: 1, CyclicPrefix: 0, StartSymbolIndex: 0, DurationSymbols: 1, CceRegMappingType: 1, RegBundleSize: 6, InterleaverSize: 2, CoreSetType: 0, ShiftIndex: 0, precoderGranularity: 0, numDlDci: 1
[0m[34m[MAC]    dlDmrsSymbPos 244
[0m[34m[MAC]    BWPSize:  48, BWPStart:  29, SubcarrierSpacing: 1, CyclicPrefix: 0, StartSymbolIndex: 0, DurationSymbols: 1, CceRegMappingType: 1, RegBundleSize: 6, InterleaverSize: 2, CoreSetType: 0, ShiftIndex: 0, precoderGranularity: 0, numDlDci: 1
[0m[34m[MAC]    dlDmrsSymbPos 244
[0m[34m[MAC]    BWPSize:  48, BWPStart:  29, SubcarrierSpacing: 1, CyclicPrefix: 0, StartSymbolIndex: 0, DurationSymbols: 1, CceRegMappingType: 1, RegBundleSize: 6, InterleaverSize: 2, CoreSetType: 0, ShiftIndex: 0, precoderGranularity: 0, numDlDci: 1
[0m[34m[MAC]    [gNB 0] Frame 88 : MIB->BCH  CC_id 0, Received 3 bytes
[0m[34m[MAC]    dlDmrsSymbPos 244
[0m[34m[MAC]    BWPSize:  48, BWPStart:  29, SubcarrierSpacing: 1, CyclicPrefix: 0, StartSymbolIndex: 0, DurationSymbols: 1, CceRegMappingType: 1, RegBundleSize: 6, InterleaverSize: 2, CoreSetType: 0, ShiftIndex: 0, precoderGranularity: 0, numDlDci: 1
[0m[34m[MAC]    dlDmrsSymbPos 244
[0m[34m[MAC]    BWPSize:  48, BWPStart:  29, SubcarrierSpacing: 1, CyclicPrefix: 0, StartSymbolIndex: 0, DurationSymbols: 1, CceRegMappingType: 1, RegBundleSize: 6, InterleaverSize: 2, CoreSetType: 0, ShiftIndex: 0, precoderGranularity: 0, numDlDci: 1
[0m[34m[MAC]    dlDmrsSymbPos 244
[0m[34m[MAC]    BWPSize:  48, BWPStart:  29, SubcarrierSpacing: 1, CyclicPrefix: 0, StartSymbolIndex: 0, DurationSymbols: 1, CceRegMappingType: 1, RegBundleSize: 6, InterleaverSize: 2, CoreSetType: 0, ShiftIndex: 0, precoderGranularity: 0, numDlDci: 1
[0m[34m[MAC]    dlDmrsSymbPos 244
[0m[34m[MAC]    BWPSize:  48, BWPStart:  29, SubcarrierSpacing: 1, CyclicPrefix: 0, StartSymbolIndex: 0, DurationSymbols: 1, CceRegMappingType: 1, RegBundleSize: 6, InterleaverSize: 2, CoreSetType: 0, ShiftIndex: 0, precoderGranularity: 0, numDlDci: 1
[0m[34m[MAC]    [gNB 0] Frame 96 : MIB->BCH  CC_id 0, Received 3 bytes
[0m[34m[MAC]    dlDmrsSymbPos 244
[0m[34m[MAC]    BWPSize:  48, BWPStart:  29, SubcarrierSpacing: 1, CyclicPrefix: 0, StartSymbolIndex: 0, DurationSymbols: 1, CceRegMappingType: 1, RegBundleSize: 6, InterleaverSize: 2, CoreSetType: 0, ShiftIndex: 0, precoderGranularity: 0, numDlDci: 1
[0m[34m[MAC]    dlDmrsSymbPos 244
[0m[34m[MAC]    BWPSize:  48, BWPStart:  29, SubcarrierSpacing: 1, CyclicPrefix: 0, StartSymbolIndex: 0, DurationSymbols: 1, CceRegMappingType: 1, RegBundleSize: 6, InterleaverSize: 2, CoreSetType: 0, ShiftIndex: 0, precoderGranularity: 0, numDlDci: 1
[0m[34m[MAC]    dlDmrsSymbPos 244
[0m[34m[MAC]    BWPSize:  48, BWPStart:  29, SubcarrierSpacing: 1, CyclicPrefix: 0, StartSymbolIndex: 0, DurationSymbols: 1, CceRegMappingType: 1, RegBundleSize: 6, InterleaverSize: 2, CoreSetType: 0, ShiftIndex: 0, precoderGranularity: 0, numDlDci: 1
[0m[34m[MAC]    dlDmrsSymbPos 244
[0m[34m[MAC]    BWPSize:  48, BWPStart:  29, SubcarrierSpacing: 1, CyclicPrefix: 0, StartSymbolIndex: 0, DurationSymbols: 1, CceRegMappingType: 1, RegBundleSize: 6, InterleaverSize: 2, CoreSetType: 0, ShiftIndex: 0, precoderGranularity: 0, numDlDci: 1
[0m[34m[MAC]    [gNB 0] Frame 104 : MIB->BCH  CC_id 0, Received 3 bytes
[0m[34m[MAC]    dlDmrsSymbPos 244
[0m[34m[MAC]    BWPSize:  48, BWPStart:  29, SubcarrierSpacing: 1, CyclicPrefix: 0, StartSymbolIndex: 0, DurationSymbols: 1, CceRegMappingType: 1, RegBundleSize: 6, InterleaverSize: 2, CoreSetType: 0, ShiftIndex: 0, precoderGranularity: 0, numDlDci: 1
[0m[34m[MAC]    dlDmrsSymbPos 244
[0m[34m[MAC]    BWPSize:  48, BWPStart:  29, SubcarrierSpacing: 1, CyclicPrefix: 0, StartSymbolIndex: 0, DurationSymbols: 1, CceRegMappingType: 1, RegBundleSize: 6, InterleaverSize: 2, CoreSetType: 0, ShiftIndex: 0, precoderGranularity: 0, numDlDci: 1
[0m[34m[MAC]    dlDmrsSymbPos 244
[0m[34m[MAC]    BWPSize:  48, BWPStart:  29, SubcarrierSpacing: 1, CyclicPrefix: 0, StartSymbolIndex: 0, DurationSymbols: 1, CceRegMappingType: 1, RegBundleSize: 6, InterleaverSize: 2, CoreSetType: 0, ShiftIndex: 0, precoderGranularity: 0, numDlDci: 1
[0m[34m[MAC]    dlDmrsSymbPos 244
[0m[34m[MAC]    BWPSize:  48, BWPStart:  29, SubcarrierSpacing: 1, CyclicPrefix: 0, StartSymbolIndex: 0, DurationSymbols: 1, CceRegMappingType: 1, RegBundleSize: 6, InterleaverSize: 2, CoreSetType: 0, ShiftIndex: 0, precoderGranularity: 0, numDlDci: 1
[0m[34m[MAC]    [gNB 0] Frame 112 : MIB->BCH  CC_id 0, Received 3 bytes
[0m[34m[MAC]    dlDmrsSymbPos 244
[0m[34m[MAC]    BWPSize:  48, BWPStart:  29, SubcarrierSpacing: 1, CyclicPrefix: 0, StartSymbolIndex: 0, DurationSymbols: 1, CceRegMappingType: 1, RegBundleSize: 6, InterleaverSize: 2, CoreSetType: 0, ShiftIndex: 0, precoderGranularity: 0, numDlDci: 1
[0m[34m[MAC]    dlDmrsSymbPos 244
[0m[34m[MAC]    BWPSize:  48, BWPStart:  29, SubcarrierSpacing: 1, CyclicPrefix: 0, StartSymbolIndex: 0, DurationSymbols: 1, CceRegMappingType: 1, RegBundleSize: 6, InterleaverSize: 2, CoreSetType: 0, ShiftIndex: 0, precoderGranularity: 0, numDlDci: 1
[0m[34m[MAC]    dlDmrsSymbPos 244
[0m[34m[MAC]    BWPSize:  48, BWPStart:  29, SubcarrierSpacing: 1, CyclicPrefix: 0, StartSymbolIndex: 0, DurationSymbols: 1, CceRegMappingType: 1, RegBundleSize: 6, InterleaverSize: 2, CoreSetType: 0, ShiftIndex: 0, precoderGranularity: 0, numDlDci: 1
[0m[34m[MAC]    dlDmrsSymbPos 244
[0m[34m[MAC]    BWPSize:  48, BWPStart:  29, SubcarrierSpacing: 1, CyclicPrefix: 0, StartSymbolIndex: 0, DurationSymbols: 1, CceRegMappingType: 1, RegBundleSize: 6, InterleaverSize: 2, CoreSetType: 0, ShiftIndex: 0, precoderGranularity: 0, numDlDci: 1
[0m[34m[MAC]    [gNB 0] Frame 120 : MIB->BCH  CC_id 0, Received 3 bytes
[0m[34m[MAC]    dlDmrsSymbPos 244
[0m[34m[MAC]    BWPSize:  48, BWPStart:  29, SubcarrierSpacing: 1, CyclicPrefix: 0, StartSymbolIndex: 0, DurationSymbols: 1, CceRegMappingType: 1, RegBundleSize: 6, InterleaverSize: 2, CoreSetType: 0, ShiftIndex: 0, precoderGranularity: 0, numDlDci: 1
[0m[34m[MAC]    dlDmrsSymbPos 244
[0m[34m[MAC]    BWPSize:  48, BWPStart:  29, SubcarrierSpacing: 1, CyclicPrefix: 0, StartSymbolIndex: 0, DurationSymbols: 1, CceRegMappingType: 1, RegBundleSize: 6, InterleaverSize: 2, CoreSetType: 0, ShiftIndex: 0, precoderGranularity: 0, numDlDci: 1
[0m[34m[MAC]    dlDmrsSymbPos 244
[0m[34m[MAC]    BWPSize:  48, BWPStart:  29, SubcarrierSpacing: 1, CyclicPrefix: 0, StartSymbolIndex: 0, DurationSymbols: 1, CceRegMappingType: 1, RegBundleSize: 6, InterleaverSize: 2, CoreSetType: 0, ShiftIndex: 0, precoderGranularity: 0, numDlDci: 1
[0m[34m[MAC]    dlDmrsSymbPos 244
[0m[34m[MAC]    BWPSize:  48, BWPStart:  29, SubcarrierSpacing: 1, CyclicPrefix: 0, StartSymbolIndex: 0, DurationSymbols: 1, CceRegMappingType: 1, RegBundleSize: 6, InterleaverSize: 2, CoreSetType: 0, ShiftIndex: 0, precoderGranularity: 0, numDlDci: 1
[0m[34m[MAC]    [gNB 0] Frame 128 : MIB->BCH  CC_id 0, Received 3 bytes
[0m[34m[MAC]    dlDmrsSymbPos 244
[0m[34m[MAC]    BWPSize:  48, BWPStart:  29, SubcarrierSpacing: 1, CyclicPrefix: 0, StartSymbolIndex: 0, DurationSymbols: 1, CceRegMappingType: 1, RegBundleSize: 6, InterleaverSize: 2, CoreSetType: 0, ShiftIndex: 0, precoderGranularity: 0, numDlDci: 1
[0m[HW]     [o-du 0][rx  181950 pps   10752 kbps  299481][tx  541867 pps   31872 kbps  786891][Total Msgs_Rcvd 181950]
[0m[HW]     [o_du0][pusch0  156630 prach0   25317]
[0m[34m[MAC]    dlDmrsSymbPos 244
[0m[34m[MAC]    BWPSize:  48, BWPStart:  29, SubcarrierSpacing: 1, CyclicPrefix: 0, StartSymbolIndex: 0, DurationSymbols: 1, CceRegMappingType: 1, RegBundleSize: 6, InterleaverSize: 2, CoreSetType: 0, ShiftIndex: 0, precoderGranularity: 0, numDlDci: 1
[0m[34m[MAC]    dlDmrsSymbPos 244
[0m[34m[MAC]    BWPSize:  48, BWPStart:  29, SubcarrierSpacing: 1, CyclicPrefix: 0, StartSymbolIndex: 0, DurationSymbols: 1, CceRegMappingType: 1, RegBundleSize: 6, InterleaverSize: 2, CoreSetType: 0, ShiftIndex: 0, precoderGranularity: 0, numDlDci: 1
[0m[34m[MAC]    dlDmrsSymbPos 244
[0m[34m[MAC]    BWPSize:  48, BWPStart:  29, SubcarrierSpacing: 1, CyclicPrefix: 0, StartSymbolIndex: 0, DurationSymbols: 1, CceRegMappingType: 1, RegBundleSize: 6, InterleaverSize: 2, CoreSetType: 0, ShiftIndex: 0, precoderGranularity: 0, numDlDci: 1
[0m[34m[MAC]    [gNB 0] Frame 136 : MIB->BCH  CC_id 0, Received 3 bytes
[0m[34m[MAC]    dlDmrsSymbPos 244
[0m[34m[MAC]    BWPSize:  48, BWPStart:  29, SubcarrierSpacing: 1, CyclicPrefix: 0, StartSymbolIndex: 0, DurationSymbols: 1, CceRegMappingType: 1, RegBundleSize: 6, InterleaverSize: 2, CoreSetType: 0, ShiftIndex: 0, precoderGranularity: 0, numDlDci: 1
[0m[34m[MAC]    dlDmrsSymbPos 244
[0m[34m[MAC]    BWPSize:  48, BWPStart:  29, SubcarrierSpacing: 1, CyclicPrefix: 0, StartSymbolIndex: 0, DurationSymbols: 1, CceRegMappingType: 1, RegBundleSize: 6, InterleaverSize: 2, CoreSetType: 0, ShiftIndex: 0, precoderGranularity: 0, numDlDci: 1
[0m[34m[MAC]    dlDmrsSymbPos 244
[0m[34m[MAC]    BWPSize:  48, BWPStart:  29, SubcarrierSpacing: 1, CyclicPrefix: 0, StartSymbolIndex: 0, DurationSymbols: 1, CceRegMappingType: 1, RegBundleSize: 6, InterleaverSize: 2, CoreSetType: 0, ShiftIndex: 0, precoderGranularity: 0, numDlDci: 1
[0m[34m[MAC]    dlDmrsSymbPos 244
[0m[34m[MAC]    BWPSize:  48, BWPStart:  29, SubcarrierSpacing: 1, CyclicPrefix: 0, StartSymbolIndex: 0, DurationSymbols: 1, CceRegMappingType: 1, RegBundleSize: 6, InterleaverSize: 2, CoreSetType: 0, ShiftIndex: 0, precoderGranularity: 0, numDlDci: 1
[0m[34m[MAC]    [gNB 0] Frame 144 : MIB->BCH  CC_id 0, Received 3 bytes
[0m[34m[MAC]    dlDmrsSymbPos 244
[0m[34m[MAC]    BWPSize:  48, BWPStart:  29, SubcarrierSpacing: 1, CyclicPrefix: 0, StartSymbolIndex: 0, DurationSymbols: 1, CceRegMappingType: 1, RegBundleSize: 6, InterleaverSize: 2, CoreSetType: 0, ShiftIndex: 0, precoderGranularity: 0, numDlDci: 1
[0m[34m[MAC]    dlDmrsSymbPos 244
[0m[34m[MAC]    BWPSize:  48, BWPStart:  29, SubcarrierSpacing: 1, CyclicPrefix: 0, StartSymbolIndex: 0, DurationSymbols: 1, CceRegMappingType: 1, RegBundleSize: 6, InterleaverSize: 2, CoreSetType: 0, ShiftIndex: 0, precoderGranularity: 0, numDlDci: 1
[0m[34m[MAC]    dlDmrsSymbPos 244
[0m[34m[MAC]    BWPSize:  48, BWPStart:  29, SubcarrierSpacing: 1, CyclicPrefix: 0, StartSymbolIndex: 0, DurationSymbols: 1, CceRegMappingType: 1, RegBundleSize: 6, InterleaverSize: 2, CoreSetType: 0, ShiftIndex: 0, precoderGranularity: 0, numDlDci: 1
[0m[34m[MAC]    dlDmrsSymbPos 244
[0m[34m[MAC]    BWPSize:  48, BWPStart:  29, SubcarrierSpacing: 1, CyclicPrefix: 0, StartSymbolIndex: 0, DurationSymbols: 1, CceRegMappingType: 1, RegBundleSize: 6, InterleaverSize: 2, CoreSetType: 0, ShiftIndex: 0, precoderGranularity: 0, numDlDci: 1
[0m[34m[MAC]    [gNB 0] Frame 152 : MIB->BCH  CC_id 0, Received 3 bytes
[0m[34m[MAC]    dlDmrsSymbPos 244
[0m[34m[MAC]    BWPSize:  48, BWPStart:  29, SubcarrierSpacing: 1, CyclicPrefix: 0, StartSymbolIndex: 0, DurationSymbols: 1, CceRegMappingType: 1, RegBundleSize: 6, InterleaverSize: 2, CoreSetType: 0, ShiftIndex: 0, precoderGranularity: 0, numDlDci: 1
[0m[34m[MAC]    dlDmrsSymbPos 244
[0m[34m[MAC]    BWPSize:  48, BWPStart:  29, SubcarrierSpacing: 1, CyclicPrefix: 0, StartSymbolIndex: 0, DurationSymbols: 1, CceRegMappingType: 1, RegBundleSize: 6, InterleaverSize: 2, CoreSetType: 0, ShiftIndex: 0, precoderGranularity: 0, numDlDci: 1
[0m[34m[MAC]    dlDmrsSymbPos 244
[0m[34m[MAC]    BWPSize:  48, BWPStart:  29, SubcarrierSpacing: 1, CyclicPrefix: 0, StartSymbolIndex: 0, DurationSymbols: 1, CceRegMappingType: 1, RegBundleSize: 6, InterleaverSize: 2, CoreSetType: 0, ShiftIndex: 0, precoderGranularity: 0, numDlDci: 1
[0m[34m[MAC]    dlDmrsSymbPos 244
[0m[34m[MAC]    BWPSize:  48, BWPStart:  29, SubcarrierSpacing: 1, CyclicPrefix: 0, StartSymbolIndex: 0, DurationSymbols: 1, CceRegMappingType: 1, RegBundleSize: 6, InterleaverSize: 2, CoreSetType: 0, ShiftIndex: 0, precoderGranularity: 0, numDlDci: 1
[0m[34m[MAC]    [gNB 0] Frame 160 : MIB->BCH  CC_id 0, Received 3 bytes
[0m[34m[MAC]    dlDmrsSymbPos 244
[0m[34m[MAC]    BWPSize:  48, BWPStart:  29, SubcarrierSpacing: 1, CyclicPrefix: 0, StartSymbolIndex: 0, DurationSymbols: 1, CceRegMappingType: 1, RegBundleSize: 6, InterleaverSize: 2, CoreSetType: 0, ShiftIndex: 0, precoderGranularity: 0, numDlDci: 1
[0m[34m[MAC]    dlDmrsSymbPos 244
[0m[34m[MAC]    BWPSize:  48, BWPStart:  29, SubcarrierSpacing: 1, CyclicPrefix: 0, StartSymbolIndex: 0, DurationSymbols: 1, CceRegMappingType: 1, RegBundleSize: 6, InterleaverSize: 2, CoreSetType: 0, ShiftIndex: 0, precoderGranularity: 0, numDlDci: 1
[0m[34m[MAC]    dlDmrsSymbPos 244
[0m[34m[MAC]    BWPSize:  48, BWPStart:  29, SubcarrierSpacing: 1, CyclicPrefix: 0, StartSymbolIndex: 0, DurationSymbols: 1, CceRegMappingType: 1, RegBundleSize: 6, InterleaverSize: 2, CoreSetType: 0, ShiftIndex: 0, precoderGranularity: 0, numDlDci: 1
[0m[34m[MAC]    dlDmrsSymbPos 244
[0m[34m[MAC]    BWPSize:  48, BWPStart:  29, SubcarrierSpacing: 1, CyclicPrefix: 0, StartSymbolIndex: 0, DurationSymbols: 1, CceRegMappingType: 1, RegBundleSize: 6, InterleaverSize: 2, CoreSetType: 0, ShiftIndex: 0, precoderGranularity: 0, numDlDci: 1
[0m[34m[MAC]    [gNB 0] Frame 168 : MIB->BCH  CC_id 0, Received 3 bytes
[0m[34m[MAC]    dlDmrsSymbPos 244
[0m[34m[MAC]    BWPSize:  48, BWPStart:  29, SubcarrierSpacing: 1, CyclicPrefix: 0, StartSymbolIndex: 0, DurationSymbols: 1, CceRegMappingType: 1, RegBundleSize: 6, InterleaverSize: 2, CoreSetType: 0, ShiftIndex: 0, precoderGranularity: 0, numDlDci: 1
[0m[34m[MAC]    dlDmrsSymbPos 244
[0m[34m[MAC]    BWPSize:  48, BWPStart:  29, SubcarrierSpacing: 1, CyclicPrefix: 0, StartSymbolIndex: 0, DurationSymbols: 1, CceRegMappingType: 1, RegBundleSize: 6, InterleaverSize: 2, CoreSetType: 0, ShiftIndex: 0, precoderGranularity: 0, numDlDci: 1
[0m[34m[MAC]    dlDmrsSymbPos 244
[0m[34m[MAC]    BWPSize:  48, BWPStart:  29, SubcarrierSpacing: 1, CyclicPrefix: 0, StartSymbolIndex: 0, DurationSymbols: 1, CceRegMappingType: 1, RegBundleSize: 6, InterleaverSize: 2, CoreSetType: 0, ShiftIndex: 0, precoderGranularity: 0, numDlDci: 1
[0m[34m[MAC]    dlDmrsSymbPos 244
[0m[34m[MAC]    BWPSize:  48, BWPStart:  29, SubcarrierSpacing: 1, CyclicPrefix: 0, StartSymbolIndex: 0, DurationSymbols: 1, CceRegMappingType: 1, RegBundleSize: 6, InterleaverSize: 2, CoreSetType: 0, ShiftIndex: 0, precoderGranularity: 0, numDlDci: 1
[0m[34m[MAC]    [gNB 0] Frame 176 : MIB->BCH  CC_id 0, Received 3 bytes
[0m[34m[MAC]    dlDmrsSymbPos 244
[0m[34m[MAC]    BWPSize:  48, BWPStart:  29, SubcarrierSpacing: 1, CyclicPrefix: 0, StartSymbolIndex: 0, DurationSymbols: 1, CceRegMappingType: 1, RegBundleSize: 6, InterleaverSize: 2, CoreSetType: 0, ShiftIndex: 0, precoderGranularity: 0, numDlDci: 1
[0m[34m[MAC]    dlDmrsSymbPos 244
[0m[34m[MAC]    BWPSize:  48, BWPStart:  29, SubcarrierSpacing: 1, CyclicPrefix: 0, StartSymbolIndex: 0, DurationSymbols: 1, CceRegMappingType: 1, RegBundleSize: 6, InterleaverSize: 2, CoreSetType: 0, ShiftIndex: 0, precoderGranularity: 0, numDlDci: 1
[0m[34m[MAC]    dlDmrsSymbPos 244
[0m[34m[MAC]    BWPSize:  48, BWPStart:  29, SubcarrierSpacing: 1, CyclicPrefix: 0, StartSymbolIndex: 0, DurationSymbols: 1, CceRegMappingType: 1, RegBundleSize: 6, InterleaverSize: 2, CoreSetType: 0, ShiftIndex: 0, precoderGranularity: 0, numDlDci: 1
[0m[34m[MAC]    dlDmrsSymbPos 244
[0m[34m[MAC]    BWPSize:  48, BWPStart:  29, SubcarrierSpacing: 1, CyclicPrefix: 0, StartSymbolIndex: 0, DurationSymbols: 1, CceRegMappingType: 1, RegBundleSize: 6, InterleaverSize: 2, CoreSetType: 0, ShiftIndex: 0, precoderGranularity: 0, numDlDci: 1
[0m[34m[MAC]    [gNB 0] Frame 184 : MIB->BCH  CC_id 0, Received 3 bytes
[0m[34m[MAC]    dlDmrsSymbPos 244
[0m[34m[MAC]    BWPSize:  48, BWPStart:  29, SubcarrierSpacing: 1, CyclicPrefix: 0, StartSymbolIndex: 0, DurationSymbols: 1, CceRegMappingType: 1, RegBundleSize: 6, InterleaverSize: 2, CoreSetType: 0, ShiftIndex: 0, precoderGranularity: 0, numDlDci: 1
[0m[34m[MAC]    dlDmrsSymbPos 244
[0m[34m[MAC]    BWPSize:  48, BWPStart:  29, SubcarrierSpacing: 1, CyclicPrefix: 0, StartSymbolIndex: 0, DurationSymbols: 1, CceRegMappingType: 1, RegBundleSize: 6, InterleaverSize: 2, CoreSetType: 0, ShiftIndex: 0, precoderGranularity: 0, numDlDci: 1
[0m[34m[MAC]    dlDmrsSymbPos 244
[0m[34m[MAC]    BWPSize:  48, BWPStart:  29, SubcarrierSpacing: 1, CyclicPrefix: 0, StartSymbolIndex: 0, DurationSymbols: 1, CceRegMappingType: 1, RegBundleSize: 6, InterleaverSize: 2, CoreSetType: 0, ShiftIndex: 0, precoderGranularity: 0, numDlDci: 1
[0m[34m[MAC]    dlDmrsSymbPos 244
[0m[34m[MAC]    BWPSize:  48, BWPStart:  29, SubcarrierSpacing: 1, CyclicPrefix: 0, StartSymbolIndex: 0, DurationSymbols: 1, CceRegMappingType: 1, RegBundleSize: 6, InterleaverSize: 2, CoreSetType: 0, ShiftIndex: 0, precoderGranularity: 0, numDlDci: 1
[0m[34m[MAC]    [gNB 0] Frame 192 : MIB->BCH  CC_id 0, Received 3 bytes
[0m[34m[MAC]    dlDmrsSymbPos 244
[0m[34m[MAC]    BWPSize:  48, BWPStart:  29, SubcarrierSpacing: 1, CyclicPrefix: 0, StartSymbolIndex: 0, DurationSymbols: 1, CceRegMappingType: 1, RegBundleSize: 6, InterleaverSize: 2, CoreSetType: 0, ShiftIndex: 0, precoderGranularity: 0, numDlDci: 1
[0m[34m[MAC]    dlDmrsSymbPos 244
[0m[34m[MAC]    BWPSize:  48, BWPStart:  29, SubcarrierSpacing: 1, CyclicPrefix: 0, StartSymbolIndex: 0, DurationSymbols: 1, CceRegMappingType: 1, RegBundleSize: 6, InterleaverSize: 2, CoreSetType: 0, ShiftIndex: 0, precoderGranularity: 0, numDlDci: 1
[0m[34m[MAC]    dlDmrsSymbPos 244
[0m[34m[MAC]    BWPSize:  48, BWPStart:  29, SubcarrierSpacing: 1, CyclicPrefix: 0, StartSymbolIndex: 0, DurationSymbols: 1, CceRegMappingType: 1, RegBundleSize: 6, InterleaverSize: 2, CoreSetType: 0, ShiftIndex: 0, precoderGranularity: 0, numDlDci: 1
[0m[34m[MAC]    dlDmrsSymbPos 244
[0m[34m[MAC]    BWPSize:  48, BWPStart:  29, SubcarrierSpacing: 1, CyclicPrefix: 0, StartSymbolIndex: 0, DurationSymbols: 1, CceRegMappingType: 1, RegBundleSize: 6, InterleaverSize: 2, CoreSetType: 0, ShiftIndex: 0, precoderGranularity: 0, numDlDci: 1
[0m[34m[MAC]    [gNB 0] Frame 200 : MIB->BCH  CC_id 0, Received 3 bytes
[0m[34m[MAC]    dlDmrsSymbPos 244
[0m[34m[MAC]    BWPSize:  48, BWPStart:  29, SubcarrierSpacing: 1, CyclicPrefix: 0, StartSymbolIndex: 0, DurationSymbols: 1, CceRegMappingType: 1, RegBundleSize: 6, InterleaverSize: 2, CoreSetType: 0, ShiftIndex: 0, precoderGranularity: 0, numDlDci: 1
[0m[34m[MAC]    dlDmrsSymbPos 244
[0m[34m[MAC]    BWPSize:  48, BWPStart:  29, SubcarrierSpacing: 1, CyclicPrefix: 0, StartSymbolIndex: 0, DurationSymbols: 1, CceRegMappingType: 1, RegBundleSize: 6, InterleaverSize: 2, CoreSetType: 0, ShiftIndex: 0, precoderGranularity: 0, numDlDci: 1
[0m[34m[MAC]    dlDmrsSymbPos 244
[0m[34m[MAC]    BWPSize:  48, BWPStart:  29, SubcarrierSpacing: 1, CyclicPrefix: 0, StartSymbolIndex: 0, DurationSymbols: 1, CceRegMappingType: 1, RegBundleSize: 6, InterleaverSize: 2, CoreSetType: 0, ShiftIndex: 0, precoderGranularity: 0, numDlDci: 1
[0m[34m[MAC]    dlDmrsSymbPos 244
[0m[34m[MAC]    BWPSize:  48, BWPStart:  29, SubcarrierSpacing: 1, CyclicPrefix: 0, StartSymbolIndex: 0, DurationSymbols: 1, CceRegMappingType: 1, RegBundleSize: 6, InterleaverSize: 2, CoreSetType: 0, ShiftIndex: 0, precoderGranularity: 0, numDlDci: 1
[0m[34m[MAC]    [gNB 0] Frame 208 : MIB->BCH  CC_id 0, Received 3 bytes
[0m[34m[MAC]    dlDmrsSymbPos 244
[0m[34m[MAC]    BWPSize:  48, BWPStart:  29, SubcarrierSpacing: 1, CyclicPrefix: 0, StartSymbolIndex: 0, DurationSymbols: 1, CceRegMappingType: 1, RegBundleSize: 6, InterleaverSize: 2, CoreSetType: 0, ShiftIndex: 0, precoderGranularity: 0, numDlDci: 1
[0m[34m[MAC]    dlDmrsSymbPos 244
[0m[34m[MAC]    BWPSize:  48, BWPStart:  29, SubcarrierSpacing: 1, CyclicPrefix: 0, StartSymbolIndex: 0, DurationSymbols: 1, CceRegMappingType: 1, RegBundleSize: 6, InterleaverSize: 2, CoreSetType: 0, ShiftIndex: 0, precoderGranularity: 0, numDlDci: 1
[0m[34m[MAC]    dlDmrsSymbPos 244
[0m[34m[MAC]    BWPSize:  48, BWPStart:  29, SubcarrierSpacing: 1, CyclicPrefix: 0, StartSymbolIndex: 0, DurationSymbols: 1, CceRegMappingType: 1, RegBundleSize: 6, InterleaverSize: 2, CoreSetType: 0, ShiftIndex: 0, precoderGranularity: 0, numDlDci: 1
[0m[34m[MAC]    dlDmrsSymbPos 244
[0m[34m[MAC]    BWPSize:  48, BWPStart:  29, SubcarrierSpacing: 1, CyclicPrefix: 0, StartSymbolIndex: 0, DurationSymbols: 1, CceRegMappingType: 1, RegBundleSize: 6, InterleaverSize: 2, CoreSetType: 0, ShiftIndex: 0, precoderGranularity: 0, numDlDci: 1
[0m[34m[MAC]    [gNB 0] Frame 216 : MIB->BCH  CC_id 0, Received 3 bytes
[0m[34m[MAC]    dlDmrsSymbPos 244
[0m[34m[MAC]    BWPSize:  48, BWPStart:  29, SubcarrierSpacing: 1, CyclicPrefix: 0, StartSymbolIndex: 0, DurationSymbols: 1, CceRegMappingType: 1, RegBundleSize: 6, InterleaverSize: 2, CoreSetType: 0, ShiftIndex: 0, precoderGranularity: 0, numDlDci: 1
[0m[34m[MAC]    dlDmrsSymbPos 244
[0m[34m[MAC]    BWPSize:  48, BWPStart:  29, SubcarrierSpacing: 1, CyclicPrefix: 0, StartSymbolIndex: 0, DurationSymbols: 1, CceRegMappingType: 1, RegBundleSize: 6, InterleaverSize: 2, CoreSetType: 0, ShiftIndex: 0, precoderGranularity: 0, numDlDci: 1
[0m[34m[MAC]    dlDmrsSymbPos 244
[0m[34m[MAC]    BWPSize:  48, BWPStart:  29, SubcarrierSpacing: 1, CyclicPrefix: 0, StartSymbolIndex: 0, DurationSymbols: 1, CceRegMappingType: 1, RegBundleSize: 6, InterleaverSize: 2, CoreSetType: 0, ShiftIndex: 0, precoderGranularity: 0, numDlDci: 1
[0m[34m[MAC]    dlDmrsSymbPos 244
[0m[34m[MAC]    BWPSize:  48, BWPStart:  29, SubcarrierSpacing: 1, CyclicPrefix: 0, StartSymbolIndex: 0, DurationSymbols: 1, CceRegMappingType: 1, RegBundleSize: 6, InterleaverSize: 2, CoreSetType: 0, ShiftIndex: 0, precoderGranularity: 0, numDlDci: 1
[0m[34m[MAC]    [gNB 0] Frame 224 : MIB->BCH  CC_id 0, Received 3 bytes
[0m[34m[MAC]    dlDmrsSymbPos 244
[0m[34m[MAC]    BWPSize:  48, BWPStart:  29, SubcarrierSpacing: 1, CyclicPrefix: 0, StartSymbolIndex: 0, DurationSymbols: 1, CceRegMappingType: 1, RegBundleSize: 6, InterleaverSize: 2, CoreSetType: 0, ShiftIndex: 0, precoderGranularity: 0, numDlDci: 1
[0m[34m[MAC]    dlDmrsSymbPos 244
[0m[34m[MAC]    BWPSize:  48, BWPStart:  29, SubcarrierSpacing: 1, CyclicPrefix: 0, StartSymbolIndex: 0, DurationSymbols: 1, CceRegMappingType: 1, RegBundleSize: 6, InterleaverSize: 2, CoreSetType: 0, ShiftIndex: 0, precoderGranularity: 0, numDlDci: 1
[0m[34m[MAC]    dlDmrsSymbPos 244
[0m[34m[MAC]    BWPSize:  48, BWPStart:  29, SubcarrierSpacing: 1, CyclicPrefix: 0, StartSymbolIndex: 0, DurationSymbols: 1, CceRegMappingType: 1, RegBundleSize: 6, InterleaverSize: 2, CoreSetType: 0, ShiftIndex: 0, precoderGranularity: 0, numDlDci: 1
[0m[34m[MAC]    dlDmrsSymbPos 244
[0m[34m[MAC]    BWPSize:  48, BWPStart:  29, SubcarrierSpacing: 1, CyclicPrefix: 0, StartSymbolIndex: 0, DurationSymbols: 1, CceRegMappingType: 1, RegBundleSize: 6, InterleaverSize: 2, CoreSetType: 0, ShiftIndex: 0, precoderGranularity: 0, numDlDci: 1
[0m[34m[MAC]    [gNB 0] Frame 232 : MIB->BCH  CC_id 0, Received 3 bytes
[0m[34m[MAC]    dlDmrsSymbPos 244
[0m[34m[MAC]    BWPSize:  48, BWPStart:  29, SubcarrierSpacing: 1, CyclicPrefix: 0, StartSymbolIndex: 0, DurationSymbols: 1, CceRegMappingType: 1, RegBundleSize: 6, InterleaverSize: 2, CoreSetType: 0, ShiftIndex: 0, precoderGranularity: 0, numDlDci: 1
[0m[34m[MAC]    dlDmrsSymbPos 244
[0m[34m[MAC]    BWPSize:  48, BWPStart:  29, SubcarrierSpacing: 1, CyclicPrefix: 0, StartSymbolIndex: 0, DurationSymbols: 1, CceRegMappingType: 1, RegBundleSize: 6, InterleaverSize: 2, CoreSetType: 0, ShiftIndex: 0, precoderGranularity: 0, numDlDci: 1
[0m[34m[MAC]    dlDmrsSymbPos 244
[0m[34m[MAC]    BWPSize:  48, BWPStart:  29, SubcarrierSpacing: 1, CyclicPrefix: 0, StartSymbolIndex: 0, DurationSymbols: 1, CceRegMappingType: 1, RegBundleSize: 6, InterleaverSize: 2, CoreSetType: 0, ShiftIndex: 0, precoderGranularity: 0, numDlDci: 1
[0m[34m[MAC]    dlDmrsSymbPos 244
[0m[34m[MAC]    BWPSize:  48, BWPStart:  29, SubcarrierSpacing: 1, CyclicPrefix: 0, StartSymbolIndex: 0, DurationSymbols: 1, CceRegMappingType: 1, RegBundleSize: 6, InterleaverSize: 2, CoreSetType: 0, ShiftIndex: 0, precoderGranularity: 0, numDlDci: 1
[0m[34m[MAC]    [gNB 0] Frame 240 : MIB->BCH  CC_id 0, Received 3 bytes
[0m[34m[MAC]    dlDmrsSymbPos 244
[0m[34m[MAC]    BWPSize:  48, BWPStart:  29, SubcarrierSpacing: 1, CyclicPrefix: 0, StartSymbolIndex: 0, DurationSymbols: 1, CceRegMappingType: 1, RegBundleSize: 6, InterleaverSize: 2, CoreSetType: 0, ShiftIndex: 0, precoderGranularity: 0, numDlDci: 1
[0m[34m[MAC]    dlDmrsSymbPos 244
[0m[34m[MAC]    BWPSize:  48, BWPStart:  29, SubcarrierSpacing: 1, CyclicPrefix: 0, StartSymbolIndex: 0, DurationSymbols: 1, CceRegMappingType: 1, RegBundleSize: 6, InterleaverSize: 2, CoreSetType: 0, ShiftIndex: 0, precoderGranularity: 0, numDlDci: 1
[0m[34m[MAC]    dlDmrsSymbPos 244
[0m[34m[MAC]    BWPSize:  48, BWPStart:  29, SubcarrierSpacing: 1, CyclicPrefix: 0, StartSymbolIndex: 0, DurationSymbols: 1, CceRegMappingType: 1, RegBundleSize: 6, InterleaverSize: 2, CoreSetType: 0, ShiftIndex: 0, precoderGranularity: 0, numDlDci: 1
[0m[34m[MAC]    dlDmrsSymbPos 244
[0m[34m[MAC]    BWPSize:  48, BWPStart:  29, SubcarrierSpacing: 1, CyclicPrefix: 0, StartSymbolIndex: 0, DurationSymbols: 1, CceRegMappingType: 1, RegBundleSize: 6, InterleaverSize: 2, CoreSetType: 0, ShiftIndex: 0, precoderGranularity: 0, numDlDci: 1
[0m[34m[MAC]    [gNB 0] Frame 248 : MIB->BCH  CC_id 0, Received 3 bytes
[0m[34m[MAC]    dlDmrsSymbPos 244
[0m[34m[MAC]    BWPSize:  48, BWPStart:  29, SubcarrierSpacing: 1, CyclicPrefix: 0, StartSymbolIndex: 0, DurationSymbols: 1, CceRegMappingType: 1, RegBundleSize: 6, InterleaverSize: 2, CoreSetType: 0, ShiftIndex: 0, precoderGranularity: 0, numDlDci: 1
[0m[34m[MAC]    dlDmrsSymbPos 244
[0m[34m[MAC]    BWPSize:  48, BWPStart:  29, SubcarrierSpacing: 1, CyclicPrefix: 0, StartSymbolIndex: 0, DurationSymbols: 1, CceRegMappingType: 1, RegBundleSize: 6, InterleaverSize: 2, CoreSetType: 0, ShiftIndex: 0, precoderGranularity: 0, numDlDci: 1
[0m[34m[MAC]    dlDmrsSymbPos 244
[0m[34m[MAC]    BWPSize:  48, BWPStart:  29, SubcarrierSpacing: 1, CyclicPrefix: 0, StartSymbolIndex: 0, DurationSymbols: 1, CceRegMappingType: 1, RegBundleSize: 6, InterleaverSize: 2, CoreSetType: 0, ShiftIndex: 0, precoderGranularity: 0, numDlDci: 1
[0m[34m[MAC]    dlDmrsSymbPos 244
[0m[34m[MAC]    BWPSize:  48, BWPStart:  29, SubcarrierSpacing: 1, CyclicPrefix: 0, StartSymbolIndex: 0, DurationSymbols: 1, CceRegMappingType: 1, RegBundleSize: 6, InterleaverSize: 2, CoreSetType: 0, ShiftIndex: 0, precoderGranularity: 0, numDlDci: 1
[0m[34m[MAC]    [gNB 0] Frame 256 : MIB->BCH  CC_id 0, Received 3 bytes
[0m[34m[MAC]    dlDmrsSymbPos 244
[0m[34m[MAC]    BWPSize:  48, BWPStart:  29, SubcarrierSpacing: 1, CyclicPrefix: 0, StartSymbolIndex: 0, DurationSymbols: 1, CceRegMappingType: 1, RegBundleSize: 6, InterleaverSize: 2, CoreSetType: 0, ShiftIndex: 0, precoderGranularity: 0, numDlDci: 1
[0m[HW]     [o-du 0][rx  192702 pps   10752 kbps  299481][tx  573739 pps   31872 kbps  786891][Total Msgs_Rcvd 192702]
[0m[HW]     [o_du0][pusch0  165846 prach0   26853]
[0m[34m[MAC]    dlDmrsSymbPos 244
[0m[34m[MAC]    BWPSize:  48, BWPStart:  29, SubcarrierSpacing: 1, CyclicPrefix: 0, StartSymbolIndex: 0, DurationSymbols: 1, CceRegMappingType: 1, RegBundleSize: 6, InterleaverSize: 2, CoreSetType: 0, ShiftIndex: 0, precoderGranularity: 0, numDlDci: 1
[0m[34m[MAC]    dlDmrsSymbPos 244
[0m[34m[MAC]    BWPSize:  48, BWPStart:  29, SubcarrierSpacing: 1, CyclicPrefix: 0, StartSymbolIndex: 0, DurationSymbols: 1, CceRegMappingType: 1, RegBundleSize: 6, InterleaverSize: 2, CoreSetType: 0, ShiftIndex: 0, precoderGranularity: 0, numDlDci: 1
[0m[34m[MAC]    dlDmrsSymbPos 244
[0m[34m[MAC]    BWPSize:  48, BWPStart:  29, SubcarrierSpacing: 1, CyclicPrefix: 0, StartSymbolIndex: 0, DurationSymbols: 1, CceRegMappingType: 1, RegBundleSize: 6, InterleaverSize: 2, CoreSetType: 0, ShiftIndex: 0, precoderGranularity: 0, numDlDci: 1
[0m[34m[MAC]    [gNB 0] Frame 264 : MIB->BCH  CC_id 0, Received 3 bytes
[0m[34m[MAC]    dlDmrsSymbPos 244
[0m[34m[MAC]    BWPSize:  48, BWPStart:  29, SubcarrierSpacing: 1, CyclicPrefix: 0, StartSymbolIndex: 0, DurationSymbols: 1, CceRegMappingType: 1, RegBundleSize: 6, InterleaverSize: 2, CoreSetType: 0, ShiftIndex: 0, precoderGranularity: 0, numDlDci: 1
[0m[34m[MAC]    dlDmrsSymbPos 244
[0m[34m[MAC]    BWPSize:  48, BWPStart:  29, SubcarrierSpacing: 1, CyclicPrefix: 0, StartSymbolIndex: 0, DurationSymbols: 1, CceRegMappingType: 1, RegBundleSize: 6, InterleaverSize: 2, CoreSetType: 0, ShiftIndex: 0, precoderGranularity: 0, numDlDci: 1
[0m[34m[MAC]    dlDmrsSymbPos 244
[0m[34m[MAC]    BWPSize:  48, BWPStart:  29, SubcarrierSpacing: 1, CyclicPrefix: 0, StartSymbolIndex: 0, DurationSymbols: 1, CceRegMappingType: 1, RegBundleSize: 6, InterleaverSize: 2, CoreSetType: 0, ShiftIndex: 0, precoderGranularity: 0, numDlDci: 1
[0m[34m[MAC]    dlDmrsSymbPos 244
[0m[34m[MAC]    BWPSize:  48, BWPStart:  29, SubcarrierSpacing: 1, CyclicPrefix: 0, StartSymbolIndex: 0, DurationSymbols: 1, CceRegMappingType: 1, RegBundleSize: 6, InterleaverSize: 2, CoreSetType: 0, ShiftIndex: 0, precoderGranularity: 0, numDlDci: 1
[0m[34m[MAC]    [gNB 0] Frame 272 : MIB->BCH  CC_id 0, Received 3 bytes
[0m[34m[MAC]    dlDmrsSymbPos 244
[0m[34m[MAC]    BWPSize:  48, BWPStart:  29, SubcarrierSpacing: 1, CyclicPrefix: 0, StartSymbolIndex: 0, DurationSymbols: 1, CceRegMappingType: 1, RegBundleSize: 6, InterleaverSize: 2, CoreSetType: 0, ShiftIndex: 0, precoderGranularity: 0, numDlDci: 1
[0m[34m[MAC]    dlDmrsSymbPos 244
[0m[34m[MAC]    BWPSize:  48, BWPStart:  29, SubcarrierSpacing: 1, CyclicPrefix: 0, StartSymbolIndex: 0, DurationSymbols: 1, CceRegMappingType: 1, RegBundleSize: 6, InterleaverSize: 2, CoreSetType: 0, ShiftIndex: 0, precoderGranularity: 0, numDlDci: 1
[0m[34m[MAC]    dlDmrsSymbPos 244
[0m[34m[MAC]    BWPSize:  48, BWPStart:  29, SubcarrierSpacing: 1, CyclicPrefix: 0, StartSymbolIndex: 0, DurationSymbols: 1, CceRegMappingType: 1, RegBundleSize: 6, InterleaverSize: 2, CoreSetType: 0, ShiftIndex: 0, precoderGranularity: 0, numDlDci: 1
[0m[34m[MAC]    dlDmrsSymbPos 244
[0m[34m[MAC]    BWPSize:  48, BWPStart:  29, SubcarrierSpacing: 1, CyclicPrefix: 0, StartSymbolIndex: 0, DurationSymbols: 1, CceRegMappingType: 1, RegBundleSize: 6, InterleaverSize: 2, CoreSetType: 0, ShiftIndex: 0, precoderGranularity: 0, numDlDci: 1
[0m[34m[MAC]    [gNB 0] Frame 280 : MIB->BCH  CC_id 0, Received 3 bytes
[0m[34m[MAC]    dlDmrsSymbPos 244
[0m[34m[MAC]    BWPSize:  48, BWPStart:  29, SubcarrierSpacing: 1, CyclicPrefix: 0, StartSymbolIndex: 0, DurationSymbols: 1, CceRegMappingType: 1, RegBundleSize: 6, InterleaverSize: 2, CoreSetType: 0, ShiftIndex: 0, precoderGranularity: 0, numDlDci: 1
[0m[34m[MAC]    dlDmrsSymbPos 244
[0m[34m[MAC]    BWPSize:  48, BWPStart:  29, SubcarrierSpacing: 1, CyclicPrefix: 0, StartSymbolIndex: 0, DurationSymbols: 1, CceRegMappingType: 1, RegBundleSize: 6, InterleaverSize: 2, CoreSetType: 0, ShiftIndex: 0, precoderGranularity: 0, numDlDci: 1
[0m[34m[MAC]    dlDmrsSymbPos 244
[0m[34m[MAC]    BWPSize:  48, BWPStart:  29, SubcarrierSpacing: 1, CyclicPrefix: 0, StartSymbolIndex: 0, DurationSymbols: 1, CceRegMappingType: 1, RegBundleSize: 6, InterleaverSize: 2, CoreSetType: 0, ShiftIndex: 0, precoderGranularity: 0, numDlDci: 1
[0m[34m[MAC]    dlDmrsSymbPos 244
[0m[34m[MAC]    BWPSize:  48, BWPStart:  29, SubcarrierSpacing: 1, CyclicPrefix: 0, StartSymbolIndex: 0, DurationSymbols: 1, CceRegMappingType: 1, RegBundleSize: 6, InterleaverSize: 2, CoreSetType: 0, ShiftIndex: 0, precoderGranularity: 0, numDlDci: 1
[0m[34m[MAC]    [gNB 0] Frame 288 : MIB->BCH  CC_id 0, Received 3 bytes
[0m[34m[MAC]    dlDmrsSymbPos 244
[0m[34m[MAC]    BWPSize:  48, BWPStart:  29, SubcarrierSpacing: 1, CyclicPrefix: 0, StartSymbolIndex: 0, DurationSymbols: 1, CceRegMappingType: 1, RegBundleSize: 6, InterleaverSize: 2, CoreSetType: 0, ShiftIndex: 0, precoderGranularity: 0, numDlDci: 1
[0m[34m[MAC]    dlDmrsSymbPos 244
[0m[34m[MAC]    BWPSize:  48, BWPStart:  29, SubcarrierSpacing: 1, CyclicPrefix: 0, StartSymbolIndex: 0, DurationSymbols: 1, CceRegMappingType: 1, RegBundleSize: 6, InterleaverSize: 2, CoreSetType: 0, ShiftIndex: 0, precoderGranularity: 0, numDlDci: 1
[0m[34m[MAC]    dlDmrsSymbPos 244
[0m[34m[MAC]    BWPSize:  48, BWPStart:  29, SubcarrierSpacing: 1, CyclicPrefix: 0, StartSymbolIndex: 0, DurationSymbols: 1, CceRegMappingType: 1, RegBundleSize: 6, InterleaverSize: 2, CoreSetType: 0, ShiftIndex: 0, precoderGranularity: 0, numDlDci: 1
[0m[34m[MAC]    dlDmrsSymbPos 244
[0m[34m[MAC]    BWPSize:  48, BWPStart:  29, SubcarrierSpacing: 1, CyclicPrefix: 0, StartSymbolIndex: 0, DurationSymbols: 1, CceRegMappingType: 1, RegBundleSize: 6, InterleaverSize: 2, CoreSetType: 0, ShiftIndex: 0, precoderGranularity: 0, numDlDci: 1
[0m[34m[MAC]    [gNB 0] Frame 296 : MIB->BCH  CC_id 0, Received 3 bytes
[0m[34m[MAC]    dlDmrsSymbPos 244
[0m[34m[MAC]    BWPSize:  48, BWPStart:  29, SubcarrierSpacing: 1, CyclicPrefix: 0, StartSymbolIndex: 0, DurationSymbols: 1, CceRegMappingType: 1, RegBundleSize: 6, InterleaverSize: 2, CoreSetType: 0, ShiftIndex: 0, precoderGranularity: 0, numDlDci: 1
[0m[34m[MAC]    dlDmrsSymbPos 244
[0m[34m[MAC]    BWPSize:  48, BWPStart:  29, SubcarrierSpacing: 1, CyclicPrefix: 0, StartSymbolIndex: 0, DurationSymbols: 1, CceRegMappingType: 1, RegBundleSize: 6, InterleaverSize: 2, CoreSetType: 0, ShiftIndex: 0, precoderGranularity: 0, numDlDci: 1
[0m[34m[MAC]    dlDmrsSymbPos 244
[0m[34m[MAC]    BWPSize:  48, BWPStart:  29, SubcarrierSpacing: 1, CyclicPrefix: 0, StartSymbolIndex: 0, DurationSymbols: 1, CceRegMappingType: 1, RegBundleSize: 6, InterleaverSize: 2, CoreSetType: 0, ShiftIndex: 0, precoderGranularity: 0, numDlDci: 1
[0m[34m[MAC]    dlDmrsSymbPos 244
[0m[34m[MAC]    BWPSize:  48, BWPStart:  29, SubcarrierSpacing: 1, CyclicPrefix: 0, StartSymbolIndex: 0, DurationSymbols: 1, CceRegMappingType: 1, RegBundleSize: 6, InterleaverSize: 2, CoreSetType: 0, ShiftIndex: 0, precoderGranularity: 0, numDlDci: 1
[0m[34m[MAC]    [gNB 0] Frame 304 : MIB->BCH  CC_id 0, Received 3 bytes
[0m[34m[MAC]    dlDmrsSymbPos 244
[0m[34m[MAC]    BWPSize:  48, BWPStart:  29, SubcarrierSpacing: 1, CyclicPrefix: 0, StartSymbolIndex: 0, DurationSymbols: 1, CceRegMappingType: 1, RegBundleSize: 6, InterleaverSize: 2, CoreSetType: 0, ShiftIndex: 0, precoderGranularity: 0, numDlDci: 1
[0m[34m[MAC]    dlDmrsSymbPos 244
[0m[34m[MAC]    BWPSize:  48, BWPStart:  29, SubcarrierSpacing: 1, CyclicPrefix: 0, StartSymbolIndex: 0, DurationSymbols: 1, CceRegMappingType: 1, RegBundleSize: 6, InterleaverSize: 2, CoreSetType: 0, ShiftIndex: 0, precoderGranularity: 0, numDlDci: 1
[0m[34m[MAC]    dlDmrsSymbPos 244
[0m[34m[MAC]    BWPSize:  48, BWPStart:  29, SubcarrierSpacing: 1, CyclicPrefix: 0, StartSymbolIndex: 0, DurationSymbols: 1, CceRegMappingType: 1, RegBundleSize: 6, InterleaverSize: 2, CoreSetType: 0, ShiftIndex: 0, precoderGranularity: 0, numDlDci: 1
[0m[34m[MAC]    dlDmrsSymbPos 244
[0m[34m[MAC]    BWPSize:  48, BWPStart:  29, SubcarrierSpacing: 1, CyclicPrefix: 0, StartSymbolIndex: 0, DurationSymbols: 1, CceRegMappingType: 1, RegBundleSize: 6, InterleaverSize: 2, CoreSetType: 0, ShiftIndex: 0, precoderGranularity: 0, numDlDci: 1
[0m[34m[MAC]    [gNB 0] Frame 312 : MIB->BCH  CC_id 0, Received 3 bytes
[0m[34m[MAC]    dlDmrsSymbPos 244
[0m[34m[MAC]    BWPSize:  48, BWPStart:  29, SubcarrierSpacing: 1, CyclicPrefix: 0, StartSymbolIndex: 0, DurationSymbols: 1, CceRegMappingType: 1, RegBundleSize: 6, InterleaverSize: 2, CoreSetType: 0, ShiftIndex: 0, precoderGranularity: 0, numDlDci: 1
[0m[34m[MAC]    dlDmrsSymbPos 244
[0m[34m[MAC]    BWPSize:  48, BWPStart:  29, SubcarrierSpacing: 1, CyclicPrefix: 0, StartSymbolIndex: 0, DurationSymbols: 1, CceRegMappingType: 1, RegBundleSize: 6, InterleaverSize: 2, CoreSetType: 0, ShiftIndex: 0, precoderGranularity: 0, numDlDci: 1
[0m[34m[MAC]    dlDmrsSymbPos 244
[0m[34m[MAC]    BWPSize:  48, BWPStart:  29, SubcarrierSpacing: 1, CyclicPrefix: 0, StartSymbolIndex: 0, DurationSymbols: 1, CceRegMappingType: 1, RegBundleSize: 6, InterleaverSize: 2, CoreSetType: 0, ShiftIndex: 0, precoderGranularity: 0, numDlDci: 1
[0m[34m[MAC]    dlDmrsSymbPos 244
[0m[34m[MAC]    BWPSize:  48, BWPStart:  29, SubcarrierSpacing: 1, CyclicPrefix: 0, StartSymbolIndex: 0, DurationSymbols: 1, CceRegMappingType: 1, RegBundleSize: 6, InterleaverSize: 2, CoreSetType: 0, ShiftIndex: 0, precoderGranularity: 0, numDlDci: 1
[0m[34m[MAC]    [gNB 0] Frame 320 : MIB->BCH  CC_id 0, Received 3 bytes
[0m[34m[MAC]    dlDmrsSymbPos 244
[0m[34m[MAC]    BWPSize:  48, BWPStart:  29, SubcarrierSpacing: 1, CyclicPrefix: 0, StartSymbolIndex: 0, DurationSymbols: 1, CceRegMappingType: 1, RegBundleSize: 6, InterleaverSize: 2, CoreSetType: 0, ShiftIndex: 0, precoderGranularity: 0, numDlDci: 1
[0m[34m[MAC]    dlDmrsSymbPos 244
[0m[34m[MAC]    BWPSize:  48, BWPStart:  29, SubcarrierSpacing: 1, CyclicPrefix: 0, StartSymbolIndex: 0, DurationSymbols: 1, CceRegMappingType: 1, RegBundleSize: 6, InterleaverSize: 2, CoreSetType: 0, ShiftIndex: 0, precoderGranularity: 0, numDlDci: 1
[0m[34m[MAC]    dlDmrsSymbPos 244
[0m[34m[MAC]    BWPSize:  48, BWPStart:  29, SubcarrierSpacing: 1, CyclicPrefix: 0, StartSymbolIndex: 0, DurationSymbols: 1, CceRegMappingType: 1, RegBundleSize: 6, InterleaverSize: 2, CoreSetType: 0, ShiftIndex: 0, precoderGranularity: 0, numDlDci: 1
[0m[34m[MAC]    dlDmrsSymbPos 244
[0m[34m[MAC]    BWPSize:  48, BWPStart:  29, SubcarrierSpacing: 1, CyclicPrefix: 0, StartSymbolIndex: 0, DurationSymbols: 1, CceRegMappingType: 1, RegBundleSize: 6, InterleaverSize: 2, CoreSetType: 0, ShiftIndex: 0, precoderGranularity: 0, numDlDci: 1
[0m[34m[MAC]    [gNB 0] Frame 328 : MIB->BCH  CC_id 0, Received 3 bytes
[0m[34m[MAC]    dlDmrsSymbPos 244
[0m[34m[MAC]    BWPSize:  48, BWPStart:  29, SubcarrierSpacing: 1, CyclicPrefix: 0, StartSymbolIndex: 0, DurationSymbols: 1, CceRegMappingType: 1, RegBundleSize: 6, InterleaverSize: 2, CoreSetType: 0, ShiftIndex: 0, precoderGranularity: 0, numDlDci: 1
[0m[34m[MAC]    dlDmrsSymbPos 244
[0m[34m[MAC]    BWPSize:  48, BWPStart:  29, SubcarrierSpacing: 1, CyclicPrefix: 0, StartSymbolIndex: 0, DurationSymbols: 1, CceRegMappingType: 1, RegBundleSize: 6, InterleaverSize: 2, CoreSetType: 0, ShiftIndex: 0, precoderGranularity: 0, numDlDci: 1
[0m[34m[MAC]    dlDmrsSymbPos 244
[0m[34m[MAC]    BWPSize:  48, BWPStart:  29, SubcarrierSpacing: 1, CyclicPrefix: 0, StartSymbolIndex: 0, DurationSymbols: 1, CceRegMappingType: 1, RegBundleSize: 6, InterleaverSize: 2, CoreSetType: 0, ShiftIndex: 0, precoderGranularity: 0, numDlDci: 1
[0m[34m[MAC]    dlDmrsSymbPos 244
[0m[34m[MAC]    BWPSize:  48, BWPStart:  29, SubcarrierSpacing: 1, CyclicPrefix: 0, StartSymbolIndex: 0, DurationSymbols: 1, CceRegMappingType: 1, RegBundleSize: 6, InterleaverSize: 2, CoreSetType: 0, ShiftIndex: 0, precoderGranularity: 0, numDlDci: 1
[0m[34m[MAC]    [gNB 0] Frame 336 : MIB->BCH  CC_id 0, Received 3 bytes
[0m[34m[MAC]    dlDmrsSymbPos 244
[0m[34m[MAC]    BWPSize:  48, BWPStart:  29, SubcarrierSpacing: 1, CyclicPrefix: 0, StartSymbolIndex: 0, DurationSymbols: 1, CceRegMappingType: 1, RegBundleSize: 6, InterleaverSize: 2, CoreSetType: 0, ShiftIndex: 0, precoderGranularity: 0, numDlDci: 1
[0m[34m[MAC]    dlDmrsSymbPos 244
[0m[34m[MAC]    BWPSize:  48, BWPStart:  29, SubcarrierSpacing: 1, CyclicPrefix: 0, StartSymbolIndex: 0, DurationSymbols: 1, CceRegMappingType: 1, RegBundleSize: 6, InterleaverSize: 2, CoreSetType: 0, ShiftIndex: 0, precoderGranularity: 0, numDlDci: 1
[0m[34m[MAC]    dlDmrsSymbPos 244
[0m[34m[MAC]    BWPSize:  48, BWPStart:  29, SubcarrierSpacing: 1, CyclicPrefix: 0, StartSymbolIndex: 0, DurationSymbols: 1, CceRegMappingType: 1, RegBundleSize: 6, InterleaverSize: 2, CoreSetType: 0, ShiftIndex: 0, precoderGranularity: 0, numDlDci: 1
[0m[34m[MAC]    dlDmrsSymbPos 244
[0m[34m[MAC]    BWPSize:  48, BWPStart:  29, SubcarrierSpacing: 1, CyclicPrefix: 0, StartSymbolIndex: 0, DurationSymbols: 1, CceRegMappingType: 1, RegBundleSize: 6, InterleaverSize: 2, CoreSetType: 0, ShiftIndex: 0, precoderGranularity: 0, numDlDci: 1
[0m[34m[MAC]    [gNB 0] Frame 344 : MIB->BCH  CC_id 0, Received 3 bytes
[0m[34m[MAC]    dlDmrsSymbPos 244
[0m[34m[MAC]    BWPSize:  48, BWPStart:  29, SubcarrierSpacing: 1, CyclicPrefix: 0, StartSymbolIndex: 0, DurationSymbols: 1, CceRegMappingType: 1, RegBundleSize: 6, InterleaverSize: 2, CoreSetType: 0, ShiftIndex: 0, precoderGranularity: 0, numDlDci: 1
[0m[34m[MAC]    dlDmrsSymbPos 244
[0m[34m[MAC]    BWPSize:  48, BWPStart:  29, SubcarrierSpacing: 1, CyclicPrefix: 0, StartSymbolIndex: 0, DurationSymbols: 1, CceRegMappingType: 1, RegBundleSize: 6, InterleaverSize: 2, CoreSetType: 0, ShiftIndex: 0, precoderGranularity: 0, numDlDci: 1
[0m[34m[MAC]    dlDmrsSymbPos 244
[0m[34m[MAC]    BWPSize:  48, BWPStart:  29, SubcarrierSpacing: 1, CyclicPrefix: 0, StartSymbolIndex: 0, DurationSymbols: 1, CceRegMappingType: 1, RegBundleSize: 6, InterleaverSize: 2, CoreSetType: 0, ShiftIndex: 0, precoderGranularity: 0, numDlDci: 1
[0m[34m[MAC]    dlDmrsSymbPos 244
[0m[34m[MAC]    BWPSize:  48, BWPStart:  29, SubcarrierSpacing: 1, CyclicPrefix: 0, StartSymbolIndex: 0, DurationSymbols: 1, CceRegMappingType: 1, RegBundleSize: 6, InterleaverSize: 2, CoreSetType: 0, ShiftIndex: 0, precoderGranularity: 0, numDlDci: 1
[0m[34m[MAC]    [gNB 0] Frame 352 : MIB->BCH  CC_id 0, Received 3 bytes
[0m[34m[MAC]    dlDmrsSymbPos 244
[0m[34m[MAC]    BWPSize:  48, BWPStart:  29, SubcarrierSpacing: 1, CyclicPrefix: 0, StartSymbolIndex: 0, DurationSymbols: 1, CceRegMappingType: 1, RegBundleSize: 6, InterleaverSize: 2, CoreSetType: 0, ShiftIndex: 0, precoderGranularity: 0, numDlDci: 1
[0m[34m[MAC]    dlDmrsSymbPos 244
[0m[34m[MAC]    BWPSize:  48, BWPStart:  29, SubcarrierSpacing: 1, CyclicPrefix: 0, StartSymbolIndex: 0, DurationSymbols: 1, CceRegMappingType: 1, RegBundleSize: 6, InterleaverSize: 2, CoreSetType: 0, ShiftIndex: 0, precoderGranularity: 0, numDlDci: 1
[0m[34m[MAC]    dlDmrsSymbPos 244
[0m[34m[MAC]    BWPSize:  48, BWPStart:  29, SubcarrierSpacing: 1, CyclicPrefix: 0, StartSymbolIndex: 0, DurationSymbols: 1, CceRegMappingType: 1, RegBundleSize: 6, InterleaverSize: 2, CoreSetType: 0, ShiftIndex: 0, precoderGranularity: 0, numDlDci: 1
[0m[34m[MAC]    dlDmrsSymbPos 244
[0m[34m[MAC]    BWPSize:  48, BWPStart:  29, SubcarrierSpacing: 1, CyclicPrefix: 0, StartSymbolIndex: 0, DurationSymbols: 1, CceRegMappingType: 1, RegBundleSize: 6, InterleaverSize: 2, CoreSetType: 0, ShiftIndex: 0, precoderGranularity: 0, numDlDci: 1
[0m[34m[MAC]    [gNB 0] Frame 360 : MIB->BCH  CC_id 0, Received 3 bytes
[0m[34m[MAC]    dlDmrsSymbPos 244
[0m[34m[MAC]    BWPSize:  48, BWPStart:  29, SubcarrierSpacing: 1, CyclicPrefix: 0, StartSymbolIndex: 0, DurationSymbols: 1, CceRegMappingType: 1, RegBundleSize: 6, InterleaverSize: 2, CoreSetType: 0, ShiftIndex: 0, precoderGranularity: 0, numDlDci: 1
[0m[34m[MAC]    dlDmrsSymbPos 244
[0m[34m[MAC]    BWPSize:  48, BWPStart:  29, SubcarrierSpacing: 1, CyclicPrefix: 0, StartSymbolIndex: 0, DurationSymbols: 1, CceRegMappingType: 1, RegBundleSize: 6, InterleaverSize: 2, CoreSetType: 0, ShiftIndex: 0, precoderGranularity: 0, numDlDci: 1
[0m[34m[MAC]    dlDmrsSymbPos 244
[0m[34m[MAC]    BWPSize:  48, BWPStart:  29, SubcarrierSpacing: 1, CyclicPrefix: 0, StartSymbolIndex: 0, DurationSymbols: 1, CceRegMappingType: 1, RegBundleSize: 6, InterleaverSize: 2, CoreSetType: 0, ShiftIndex: 0, precoderGranularity: 0, numDlDci: 1
[0m[34m[MAC]    dlDmrsSymbPos 244
[0m[34m[MAC]    BWPSize:  48, BWPStart:  29, SubcarrierSpacing: 1, CyclicPrefix: 0, StartSymbolIndex: 0, DurationSymbols: 1, CceRegMappingType: 1, RegBundleSize: 6, InterleaverSize: 2, CoreSetType: 0, ShiftIndex: 0, precoderGranularity: 0, numDlDci: 1
[0m[34m[MAC]    [gNB 0] Frame 368 : MIB->BCH  CC_id 0, Received 3 bytes
[0m[34m[MAC]    dlDmrsSymbPos 244
[0m[34m[MAC]    BWPSize:  48, BWPStart:  29, SubcarrierSpacing: 1, CyclicPrefix: 0, StartSymbolIndex: 0, DurationSymbols: 1, CceRegMappingType: 1, RegBundleSize: 6, InterleaverSize: 2, CoreSetType: 0, ShiftIndex: 0, precoderGranularity: 0, numDlDci: 1
[0m[34m[MAC]    dlDmrsSymbPos 244
[0m[34m[MAC]    BWPSize:  48, BWPStart:  29, SubcarrierSpacing: 1, CyclicPrefix: 0, StartSymbolIndex: 0, DurationSymbols: 1, CceRegMappingType: 1, RegBundleSize: 6, InterleaverSize: 2, CoreSetType: 0, ShiftIndex: 0, precoderGranularity: 0, numDlDci: 1
[0m[34m[MAC]    dlDmrsSymbPos 244
[0m[34m[MAC]    BWPSize:  48, BWPStart:  29, SubcarrierSpacing: 1, CyclicPrefix: 0, StartSymbolIndex: 0, DurationSymbols: 1, CceRegMappingType: 1, RegBundleSize: 6, InterleaverSize: 2, CoreSetType: 0, ShiftIndex: 0, precoderGranularity: 0, numDlDci: 1
[0m[34m[MAC]    dlDmrsSymbPos 244
[0m[34m[MAC]    BWPSize:  48, BWPStart:  29, SubcarrierSpacing: 1, CyclicPrefix: 0, StartSymbolIndex: 0, DurationSymbols: 1, CceRegMappingType: 1, RegBundleSize: 6, InterleaverSize: 2, CoreSetType: 0, ShiftIndex: 0, precoderGranularity: 0, numDlDci: 1
[0m[34m[MAC]    [gNB 0] Frame 376 : MIB->BCH  CC_id 0, Received 3 bytes
[0m[34m[MAC]    dlDmrsSymbPos 244
[0m[34m[MAC]    BWPSize:  48, BWPStart:  29, SubcarrierSpacing: 1, CyclicPrefix: 0, StartSymbolIndex: 0, DurationSymbols: 1, CceRegMappingType: 1, RegBundleSize: 6, InterleaverSize: 2, CoreSetType: 0, ShiftIndex: 0, precoderGranularity: 0, numDlDci: 1
[0m[34m[MAC]    dlDmrsSymbPos 244
[0m[34m[MAC]    BWPSize:  48, BWPStart:  29, SubcarrierSpacing: 1, CyclicPrefix: 0, StartSymbolIndex: 0, DurationSymbols: 1, CceRegMappingType: 1, RegBundleSize: 6, InterleaverSize: 2, CoreSetType: 0, ShiftIndex: 0, precoderGranularity: 0, numDlDci: 1
[0m[34m[MAC]    dlDmrsSymbPos 244
[0m[34m[MAC]    BWPSize:  48, BWPStart:  29, SubcarrierSpacing: 1, CyclicPrefix: 0, StartSymbolIndex: 0, DurationSymbols: 1, CceRegMappingType: 1, RegBundleSize: 6, InterleaverSize: 2, CoreSetType: 0, ShiftIndex: 0, precoderGranularity: 0, numDlDci: 1
[0m[34m[MAC]    dlDmrsSymbPos 244
[0m[34m[MAC]    BWPSize:  48, BWPStart:  29, SubcarrierSpacing: 1, CyclicPrefix: 0, StartSymbolIndex: 0, DurationSymbols: 1, CceRegMappingType: 1, RegBundleSize: 6, InterleaverSize: 2, CoreSetType: 0, ShiftIndex: 0, precoderGranularity: 0, numDlDci: 1
[0m[34m[MAC]    [gNB 0] Frame 384 : MIB->BCH  CC_id 0, Received 3 bytes
[0m[34m[MAC]    dlDmrsSymbPos 244
[0m[34m[MAC]    BWPSize:  48, BWPStart:  29, SubcarrierSpacing: 1, CyclicPrefix: 0, StartSymbolIndex: 0, DurationSymbols: 1, CceRegMappingType: 1, RegBundleSize: 6, InterleaverSize: 2, CoreSetType: 0, ShiftIndex: 0, precoderGranularity: 0, numDlDci: 1
[0m[HW]     [o-du 0][rx  203454 pps   10752 kbps  299481][tx  605611 pps   31872 kbps  786891][Total Msgs_Rcvd 203454]
[0m[HW]     [o_du0][pusch0  175062 prach0   28389]
[0m[34m[MAC]    dlDmrsSymbPos 244
[0m[34m[MAC]    BWPSize:  48, BWPStart:  29, SubcarrierSpacing: 1, CyclicPrefix: 0, StartSymbolIndex: 0, DurationSymbols: 1, CceRegMappingType: 1, RegBundleSize: 6, InterleaverSize: 2, CoreSetType: 0, ShiftIndex: 0, precoderGranularity: 0, numDlDci: 1
[0m[34m[MAC]    dlDmrsSymbPos 244
[0m[34m[MAC]    BWPSize:  48, BWPStart:  29, SubcarrierSpacing: 1, CyclicPrefix: 0, StartSymbolIndex: 0, DurationSymbols: 1, CceRegMappingType: 1, RegBundleSize: 6, InterleaverSize: 2, CoreSetType: 0, ShiftIndex: 0, precoderGranularity: 0, numDlDci: 1
[0m[34m[MAC]    dlDmrsSymbPos 244
[0m[34m[MAC]    BWPSize:  48, BWPStart:  29, SubcarrierSpacing: 1, CyclicPrefix: 0, StartSymbolIndex: 0, DurationSymbols: 1, CceRegMappingType: 1, RegBundleSize: 6, InterleaverSize: 2, CoreSetType: 0, ShiftIndex: 0, precoderGranularity: 0, numDlDci: 1
[0m[34m[MAC]    [gNB 0] Frame 392 : MIB->BCH  CC_id 0, Received 3 bytes
[0m[34m[MAC]    dlDmrsSymbPos 244
[0m[34m[MAC]    BWPSize:  48, BWPStart:  29, SubcarrierSpacing: 1, CyclicPrefix: 0, StartSymbolIndex: 0, DurationSymbols: 1, CceRegMappingType: 1, RegBundleSize: 6, InterleaverSize: 2, CoreSetType: 0, ShiftIndex: 0, precoderGranularity: 0, numDlDci: 1
[0m[34m[MAC]    dlDmrsSymbPos 244
[0m[34m[MAC]    BWPSize:  48, BWPStart:  29, SubcarrierSpacing: 1, CyclicPrefix: 0, StartSymbolIndex: 0, DurationSymbols: 1, CceRegMappingType: 1, RegBundleSize: 6, InterleaverSize: 2, CoreSetType: 0, ShiftIndex: 0, precoderGranularity: 0, numDlDci: 1
[0m[34m[MAC]    dlDmrsSymbPos 244
[0m[34m[MAC]    BWPSize:  48, BWPStart:  29, SubcarrierSpacing: 1, CyclicPrefix: 0, StartSymbolIndex: 0, DurationSymbols: 1, CceRegMappingType: 1, RegBundleSize: 6, InterleaverSize: 2, CoreSetType: 0, ShiftIndex: 0, precoderGranularity: 0, numDlDci: 1
[0m[34m[MAC]    dlDmrsSymbPos 244
[0m[34m[MAC]    BWPSize:  48, BWPStart:  29, SubcarrierSpacing: 1, CyclicPrefix: 0, StartSymbolIndex: 0, DurationSymbols: 1, CceRegMappingType: 1, RegBundleSize: 6, InterleaverSize: 2, CoreSetType: 0, ShiftIndex: 0, precoderGranularity: 0, numDlDci: 1
[0m[34m[MAC]    [gNB 0] Frame 400 : MIB->BCH  CC_id 0, Received 3 bytes
[0m[34m[MAC]    dlDmrsSymbPos 244
[0m[34m[MAC]    BWPSize:  48, BWPStart:  29, SubcarrierSpacing: 1, CyclicPrefix: 0, StartSymbolIndex: 0, DurationSymbols: 1, CceRegMappingType: 1, RegBundleSize: 6, InterleaverSize: 2, CoreSetType: 0, ShiftIndex: 0, precoderGranularity: 0, numDlDci: 1
[0m[34m[MAC]    dlDmrsSymbPos 244
[0m[34m[MAC]    BWPSize:  48, BWPStart:  29, SubcarrierSpacing: 1, CyclicPrefix: 0, StartSymbolIndex: 0, DurationSymbols: 1, CceRegMappingType: 1, RegBundleSize: 6, InterleaverSize: 2, CoreSetType: 0, ShiftIndex: 0, precoderGranularity: 0, numDlDci: 1
[0m[34m[MAC]    dlDmrsSymbPos 244
[0m[34m[MAC]    BWPSize:  48, BWPStart:  29, SubcarrierSpacing: 1, CyclicPrefix: 0, StartSymbolIndex: 0, DurationSymbols: 1, CceRegMappingType: 1, RegBundleSize: 6, InterleaverSize: 2, CoreSetType: 0, ShiftIndex: 0, precoderGranularity: 0, numDlDci: 1
[0m[34m[MAC]    dlDmrsSymbPos 244
[0m[34m[MAC]    BWPSize:  48, BWPStart:  29, SubcarrierSpacing: 1, CyclicPrefix: 0, StartSymbolIndex: 0, DurationSymbols: 1, CceRegMappingType: 1, RegBundleSize: 6, InterleaverSize: 2, CoreSetType: 0, ShiftIndex: 0, precoderGranularity: 0, numDlDci: 1
[0m[34m[MAC]    [gNB 0] Frame 408 : MIB->BCH  CC_id 0, Received 3 bytes
[0m[34m[MAC]    dlDmrsSymbPos 244
[0m[34m[MAC]    BWPSize:  48, BWPStart:  29, SubcarrierSpacing: 1, CyclicPrefix: 0, StartSymbolIndex: 0, DurationSymbols: 1, CceRegMappingType: 1, RegBundleSize: 6, InterleaverSize: 2, CoreSetType: 0, ShiftIndex: 0, precoderGranularity: 0, numDlDci: 1
[0m[34m[MAC]    dlDmrsSymbPos 244
[0m[34m[MAC]    BWPSize:  48, BWPStart:  29, SubcarrierSpacing: 1, CyclicPrefix: 0, StartSymbolIndex: 0, DurationSymbols: 1, CceRegMappingType: 1, RegBundleSize: 6, InterleaverSize: 2, CoreSetType: 0, ShiftIndex: 0, precoderGranularity: 0, numDlDci: 1
[0m[34m[MAC]    dlDmrsSymbPos 244
[0m[34m[MAC]    BWPSize:  48, BWPStart:  29, SubcarrierSpacing: 1, CyclicPrefix: 0, StartSymbolIndex: 0, DurationSymbols: 1, CceRegMappingType: 1, RegBundleSize: 6, InterleaverSize: 2, CoreSetType: 0, ShiftIndex: 0, precoderGranularity: 0, numDlDci: 1
[0m[34m[MAC]    dlDmrsSymbPos 244
[0m[34m[MAC]    BWPSize:  48, BWPStart:  29, SubcarrierSpacing: 1, CyclicPrefix: 0, StartSymbolIndex: 0, DurationSymbols: 1, CceRegMappingType: 1, RegBundleSize: 6, InterleaverSize: 2, CoreSetType: 0, ShiftIndex: 0, precoderGranularity: 0, numDlDci: 1
[0m[34m[MAC]    [gNB 0] Frame 416 : MIB->BCH  CC_id 0, Received 3 bytes
[0m[34m[MAC]    dlDmrsSymbPos 244
[0m[34m[MAC]    BWPSize:  48, BWPStart:  29, SubcarrierSpacing: 1, CyclicPrefix: 0, StartSymbolIndex: 0, DurationSymbols: 1, CceRegMappingType: 1, RegBundleSize: 6, InterleaverSize: 2, CoreSetType: 0, ShiftIndex: 0, precoderGranularity: 0, numDlDci: 1
[0m[34m[MAC]    dlDmrsSymbPos 244
[0m[34m[MAC]    BWPSize:  48, BWPStart:  29, SubcarrierSpacing: 1, CyclicPrefix: 0, StartSymbolIndex: 0, DurationSymbols: 1, CceRegMappingType: 1, RegBundleSize: 6, InterleaverSize: 2, CoreSetType: 0, ShiftIndex: 0, precoderGranularity: 0, numDlDci: 1
[0m[34m[MAC]    dlDmrsSymbPos 244
[0m[34m[MAC]    BWPSize:  48, BWPStart:  29, SubcarrierSpacing: 1, CyclicPrefix: 0, StartSymbolIndex: 0, DurationSymbols: 1, CceRegMappingType: 1, RegBundleSize: 6, InterleaverSize: 2, CoreSetType: 0, ShiftIndex: 0, precoderGranularity: 0, numDlDci: 1
[0m[34m[MAC]    dlDmrsSymbPos 244
[0m[34m[MAC]    BWPSize:  48, BWPStart:  29, SubcarrierSpacing: 1, CyclicPrefix: 0, StartSymbolIndex: 0, DurationSymbols: 1, CceRegMappingType: 1, RegBundleSize: 6, InterleaverSize: 2, CoreSetType: 0, ShiftIndex: 0, precoderGranularity: 0, numDlDci: 1
[0m[34m[MAC]    [gNB 0] Frame 424 : MIB->BCH  CC_id 0, Received 3 bytes
[0m[34m[MAC]    dlDmrsSymbPos 244
[0m[34m[MAC]    BWPSize:  48, BWPStart:  29, SubcarrierSpacing: 1, CyclicPrefix: 0, StartSymbolIndex: 0, DurationSymbols: 1, CceRegMappingType: 1, RegBundleSize: 6, InterleaverSize: 2, CoreSetType: 0, ShiftIndex: 0, precoderGranularity: 0, numDlDci: 1
[0m[34m[MAC]    dlDmrsSymbPos 244
[0m[34m[MAC]    BWPSize:  48, BWPStart:  29, SubcarrierSpacing: 1, CyclicPrefix: 0, StartSymbolIndex: 0, DurationSymbols: 1, CceRegMappingType: 1, RegBundleSize: 6, InterleaverSize: 2, CoreSetType: 0, ShiftIndex: 0, precoderGranularity: 0, numDlDci: 1
[0m[34m[MAC]    dlDmrsSymbPos 244
[0m[34m[MAC]    BWPSize:  48, BWPStart:  29, SubcarrierSpacing: 1, CyclicPrefix: 0, StartSymbolIndex: 0, DurationSymbols: 1, CceRegMappingType: 1, RegBundleSize: 6, InterleaverSize: 2, CoreSetType: 0, ShiftIndex: 0, precoderGranularity: 0, numDlDci: 1
[0m[34m[MAC]    dlDmrsSymbPos 244
[0m[34m[MAC]    BWPSize:  48, BWPStart:  29, SubcarrierSpacing: 1, CyclicPrefix: 0, StartSymbolIndex: 0, DurationSymbols: 1, CceRegMappingType: 1, RegBundleSize: 6, InterleaverSize: 2, CoreSetType: 0, ShiftIndex: 0, precoderGranularity: 0, numDlDci: 1
[0m[34m[MAC]    [gNB 0] Frame 432 : MIB->BCH  CC_id 0, Received 3 bytes
[0m[34m[MAC]    dlDmrsSymbPos 244
[0m[34m[MAC]    BWPSize:  48, BWPStart:  29, SubcarrierSpacing: 1, CyclicPrefix: 0, StartSymbolIndex: 0, DurationSymbols: 1, CceRegMappingType: 1, RegBundleSize: 6, InterleaverSize: 2, CoreSetType: 0, ShiftIndex: 0, precoderGranularity: 0, numDlDci: 1
[0m[34m[MAC]    dlDmrsSymbPos 244
[0m[34m[MAC]    BWPSize:  48, BWPStart:  29, SubcarrierSpacing: 1, CyclicPrefix: 0, StartSymbolIndex: 0, DurationSymbols: 1, CceRegMappingType: 1, RegBundleSize: 6, InterleaverSize: 2, CoreSetType: 0, ShiftIndex: 0, precoderGranularity: 0, numDlDci: 1
[0m[34m[MAC]    dlDmrsSymbPos 244
[0m[34m[MAC]    BWPSize:  48, BWPStart:  29, SubcarrierSpacing: 1, CyclicPrefix: 0, StartSymbolIndex: 0, DurationSymbols: 1, CceRegMappingType: 1, RegBundleSize: 6, InterleaverSize: 2, CoreSetType: 0, ShiftIndex: 0, precoderGranularity: 0, numDlDci: 1
[0m[34m[MAC]    dlDmrsSymbPos 244
[0m[34m[MAC]    BWPSize:  48, BWPStart:  29, SubcarrierSpacing: 1, CyclicPrefix: 0, StartSymbolIndex: 0, DurationSymbols: 1, CceRegMappingType: 1, RegBundleSize: 6, InterleaverSize: 2, CoreSetType: 0, ShiftIndex: 0, precoderGranularity: 0, numDlDci: 1
[0m[34m[MAC]    [gNB 0] Frame 440 : MIB->BCH  CC_id 0, Received 3 bytes
[0m[34m[MAC]    dlDmrsSymbPos 244
[0m[34m[MAC]    BWPSize:  48, BWPStart:  29, SubcarrierSpacing: 1, CyclicPrefix: 0, StartSymbolIndex: 0, DurationSymbols: 1, CceRegMappingType: 1, RegBundleSize: 6, InterleaverSize: 2, CoreSetType: 0, ShiftIndex: 0, precoderGranularity: 0, numDlDci: 1
[0m[34m[MAC]    dlDmrsSymbPos 244
[0m[34m[MAC]    BWPSize:  48, BWPStart:  29, SubcarrierSpacing: 1, CyclicPrefix: 0, StartSymbolIndex: 0, DurationSymbols: 1, CceRegMappingType: 1, RegBundleSize: 6, InterleaverSize: 2, CoreSetType: 0, ShiftIndex: 0, precoderGranularity: 0, numDlDci: 1
[0m[34m[MAC]    dlDmrsSymbPos 244
[0m[34m[MAC]    BWPSize:  48, BWPStart:  29, SubcarrierSpacing: 1, CyclicPrefix: 0, StartSymbolIndex: 0, DurationSymbols: 1, CceRegMappingType: 1, RegBundleSize: 6, InterleaverSize: 2, CoreSetType: 0, ShiftIndex: 0, precoderGranularity: 0, numDlDci: 1
[0m[34m[MAC]    dlDmrsSymbPos 244
[0m[34m[MAC]    BWPSize:  48, BWPStart:  29, SubcarrierSpacing: 1, CyclicPrefix: 0, StartSymbolIndex: 0, DurationSymbols: 1, CceRegMappingType: 1, RegBundleSize: 6, InterleaverSize: 2, CoreSetType: 0, ShiftIndex: 0, precoderGranularity: 0, numDlDci: 1
[0m[34m[MAC]    [gNB 0] Frame 448 : MIB->BCH  CC_id 0, Received 3 bytes
[0m[34m[MAC]    dlDmrsSymbPos 244
[0m[34m[MAC]    BWPSize:  48, BWPStart:  29, SubcarrierSpacing: 1, CyclicPrefix: 0, StartSymbolIndex: 0, DurationSymbols: 1, CceRegMappingType: 1, RegBundleSize: 6, InterleaverSize: 2, CoreSetType: 0, ShiftIndex: 0, precoderGranularity: 0, numDlDci: 1
[0m[34m[MAC]    dlDmrsSymbPos 244
[0m[34m[MAC]    BWPSize:  48, BWPStart:  29, SubcarrierSpacing: 1, CyclicPrefix: 0, StartSymbolIndex: 0, DurationSymbols: 1, CceRegMappingType: 1, RegBundleSize: 6, InterleaverSize: 2, CoreSetType: 0, ShiftIndex: 0, precoderGranularity: 0, numDlDci: 1
[0m[34m[MAC]    dlDmrsSymbPos 244
[0m[34m[MAC]    BWPSize:  48, BWPStart:  29, SubcarrierSpacing: 1, CyclicPrefix: 0, StartSymbolIndex: 0, DurationSymbols: 1, CceRegMappingType: 1, RegBundleSize: 6, InterleaverSize: 2, CoreSetType: 0, ShiftIndex: 0, precoderGranularity: 0, numDlDci: 1
[0m[34m[MAC]    dlDmrsSymbPos 244
[0m[34m[MAC]    BWPSize:  48, BWPStart:  29, SubcarrierSpacing: 1, CyclicPrefix: 0, StartSymbolIndex: 0, DurationSymbols: 1, CceRegMappingType: 1, RegBundleSize: 6, InterleaverSize: 2, CoreSetType: 0, ShiftIndex: 0, precoderGranularity: 0, numDlDci: 1
[0m[34m[MAC]    [gNB 0] Frame 456 : MIB->BCH  CC_id 0, Received 3 bytes
[0m[34m[MAC]    dlDmrsSymbPos 244
[0m[34m[MAC]    BWPSize:  48, BWPStart:  29, SubcarrierSpacing: 1, CyclicPrefix: 0, StartSymbolIndex: 0, DurationSymbols: 1, CceRegMappingType: 1, RegBundleSize: 6, InterleaverSize: 2, CoreSetType: 0, ShiftIndex: 0, precoderGranularity: 0, numDlDci: 1
[0m[34m[MAC]    dlDmrsSymbPos 244
[0m[34m[MAC]    BWPSize:  48, BWPStart:  29, SubcarrierSpacing: 1, CyclicPrefix: 0, StartSymbolIndex: 0, DurationSymbols: 1, CceRegMappingType: 1, RegBundleSize: 6, InterleaverSize: 2, CoreSetType: 0, ShiftIndex: 0, precoderGranularity: 0, numDlDci: 1
[0m[34m[MAC]    dlDmrsSymbPos 244
[0m[34m[MAC]    BWPSize:  48, BWPStart:  29, SubcarrierSpacing: 1, CyclicPrefix: 0, StartSymbolIndex: 0, DurationSymbols: 1, CceRegMappingType: 1, RegBundleSize: 6, InterleaverSize: 2, CoreSetType: 0, ShiftIndex: 0, precoderGranularity: 0, numDlDci: 1
[0m[34m[MAC]    dlDmrsSymbPos 244
[0m[34m[MAC]    BWPSize:  48, BWPStart:  29, SubcarrierSpacing: 1, CyclicPrefix: 0, StartSymbolIndex: 0, DurationSymbols: 1, CceRegMappingType: 1, RegBundleSize: 6, InterleaverSize: 2, CoreSetType: 0, ShiftIndex: 0, precoderGranularity: 0, numDlDci: 1
[0m[34m[MAC]    [gNB 0] Frame 464 : MIB->BCH  CC_id 0, Received 3 bytes
[0m[34m[MAC]    dlDmrsSymbPos 244
[0m[34m[MAC]    BWPSize:  48, BWPStart:  29, SubcarrierSpacing: 1, CyclicPrefix: 0, StartSymbolIndex: 0, DurationSymbols: 1, CceRegMappingType: 1, RegBundleSize: 6, InterleaverSize: 2, CoreSetType: 0, ShiftIndex: 0, precoderGranularity: 0, numDlDci: 1
[0m[34m[MAC]    dlDmrsSymbPos 244
[0m[34m[MAC]    BWPSize:  48, BWPStart:  29, SubcarrierSpacing: 1, CyclicPrefix: 0, StartSymbolIndex: 0, DurationSymbols: 1, CceRegMappingType: 1, RegBundleSize: 6, InterleaverSize: 2, CoreSetType: 0, ShiftIndex: 0, precoderGranularity: 0, numDlDci: 1
[0m[34m[MAC]    dlDmrsSymbPos 244
[0m[34m[MAC]    BWPSize:  48, BWPStart:  29, SubcarrierSpacing: 1, CyclicPrefix: 0, StartSymbolIndex: 0, DurationSymbols: 1, CceRegMappingType: 1, RegBundleSize: 6, InterleaverSize: 2, CoreSetType: 0, ShiftIndex: 0, precoderGranularity: 0, numDlDci: 1
[0m[34m[MAC]    dlDmrsSymbPos 244
[0m[34m[MAC]    BWPSize:  48, BWPStart:  29, SubcarrierSpacing: 1, CyclicPrefix: 0, StartSymbolIndex: 0, DurationSymbols: 1, CceRegMappingType: 1, RegBundleSize: 6, InterleaverSize: 2, CoreSetType: 0, ShiftIndex: 0, precoderGranularity: 0, numDlDci: 1
[0m[34m[MAC]    [gNB 0] Frame 472 : MIB->BCH  CC_id 0, Received 3 bytes
[0m[34m[MAC]    dlDmrsSymbPos 244
[0m[34m[MAC]    BWPSize:  48, BWPStart:  29, SubcarrierSpacing: 1, CyclicPrefix: 0, StartSymbolIndex: 0, DurationSymbols: 1, CceRegMappingType: 1, RegBundleSize: 6, InterleaverSize: 2, CoreSetType: 0, ShiftIndex: 0, precoderGranularity: 0, numDlDci: 1
[0m[34m[MAC]    dlDmrsSymbPos 244
[0m[34m[MAC]    BWPSize:  48, BWPStart:  29, SubcarrierSpacing: 1, CyclicPrefix: 0, StartSymbolIndex: 0, DurationSymbols: 1, CceRegMappingType: 1, RegBundleSize: 6, InterleaverSize: 2, CoreSetType: 0, ShiftIndex: 0, precoderGranularity: 0, numDlDci: 1
[0m[34m[MAC]    dlDmrsSymbPos 244
[0m[34m[MAC]    BWPSize:  48, BWPStart:  29, SubcarrierSpacing: 1, CyclicPrefix: 0, StartSymbolIndex: 0, DurationSymbols: 1, CceRegMappingType: 1, RegBundleSize: 6, InterleaverSize: 2, CoreSetType: 0, ShiftIndex: 0, precoderGranularity: 0, numDlDci: 1
[0m[34m[MAC]    dlDmrsSymbPos 244
[0m[34m[MAC]    BWPSize:  48, BWPStart:  29, SubcarrierSpacing: 1, CyclicPrefix: 0, StartSymbolIndex: 0, DurationSymbols: 1, CceRegMappingType: 1, RegBundleSize: 6, InterleaverSize: 2, CoreSetType: 0, ShiftIndex: 0, precoderGranularity: 0, numDlDci: 1
[0m[34m[MAC]    [gNB 0] Frame 480 : MIB->BCH  CC_id 0, Received 3 bytes
[0m[34m[MAC]    dlDmrsSymbPos 244
[0m[34m[MAC]    BWPSize:  48, BWPStart:  29, SubcarrierSpacing: 1, CyclicPrefix: 0, StartSymbolIndex: 0, DurationSymbols: 1, CceRegMappingType: 1, RegBundleSize: 6, InterleaverSize: 2, CoreSetType: 0, ShiftIndex: 0, precoderGranularity: 0, numDlDci: 1
[0m[34m[MAC]    dlDmrsSymbPos 244
[0m[34m[MAC]    BWPSize:  48, BWPStart:  29, SubcarrierSpacing: 1, CyclicPrefix: 0, StartSymbolIndex: 0, DurationSymbols: 1, CceRegMappingType: 1, RegBundleSize: 6, InterleaverSize: 2, CoreSetType: 0, ShiftIndex: 0, precoderGranularity: 0, numDlDci: 1
[0m[34m[MAC]    dlDmrsSymbPos 244
[0m[34m[MAC]    BWPSize:  48, BWPStart:  29, SubcarrierSpacing: 1, CyclicPrefix: 0, StartSymbolIndex: 0, DurationSymbols: 1, CceRegMappingType: 1, RegBundleSize: 6, InterleaverSize: 2, CoreSetType: 0, ShiftIndex: 0, precoderGranularity: 0, numDlDci: 1
[0m[34m[MAC]    dlDmrsSymbPos 244
[0m[34m[MAC]    BWPSize:  48, BWPStart:  29, SubcarrierSpacing: 1, CyclicPrefix: 0, StartSymbolIndex: 0, DurationSymbols: 1, CceRegMappingType: 1, RegBundleSize: 6, InterleaverSize: 2, CoreSetType: 0, ShiftIndex: 0, precoderGranularity: 0, numDlDci: 1
[0m[34m[MAC]    [gNB 0] Frame 488 : MIB->BCH  CC_id 0, Received 3 bytes
[0m[34m[MAC]    dlDmrsSymbPos 244
[0m[34m[MAC]    BWPSize:  48, BWPStart:  29, SubcarrierSpacing: 1, CyclicPrefix: 0, StartSymbolIndex: 0, DurationSymbols: 1, CceRegMappingType: 1, RegBundleSize: 6, InterleaverSize: 2, CoreSetType: 0, ShiftIndex: 0, precoderGranularity: 0, numDlDci: 1
[0m[34m[MAC]    dlDmrsSymbPos 244
[0m[34m[MAC]    BWPSize:  48, BWPStart:  29, SubcarrierSpacing: 1, CyclicPrefix: 0, StartSymbolIndex: 0, DurationSymbols: 1, CceRegMappingType: 1, RegBundleSize: 6, InterleaverSize: 2, CoreSetType: 0, ShiftIndex: 0, precoderGranularity: 0, numDlDci: 1
[0m[34m[MAC]    dlDmrsSymbPos 244
[0m[34m[MAC]    BWPSize:  48, BWPStart:  29, SubcarrierSpacing: 1, CyclicPrefix: 0, StartSymbolIndex: 0, DurationSymbols: 1, CceRegMappingType: 1, RegBundleSize: 6, InterleaverSize: 2, CoreSetType: 0, ShiftIndex: 0, precoderGranularity: 0, numDlDci: 1
[0m[34m[MAC]    dlDmrsSymbPos 244
[0m[34m[MAC]    BWPSize:  48, BWPStart:  29, SubcarrierSpacing: 1, CyclicPrefix: 0, StartSymbolIndex: 0, DurationSymbols: 1, CceRegMappingType: 1, RegBundleSize: 6, InterleaverSize: 2, CoreSetType: 0, ShiftIndex: 0, precoderGranularity: 0, numDlDci: 1
[0m[34m[MAC]    [gNB 0] Frame 496 : MIB->BCH  CC_id 0, Received 3 bytes
[0m[34m[MAC]    dlDmrsSymbPos 244
[0m[34m[MAC]    BWPSize:  48, BWPStart:  29, SubcarrierSpacing: 1, CyclicPrefix: 0, StartSymbolIndex: 0, DurationSymbols: 1, CceRegMappingType: 1, RegBundleSize: 6, InterleaverSize: 2, CoreSetType: 0, ShiftIndex: 0, precoderGranularity: 0, numDlDci: 1
[0m[34m[MAC]    dlDmrsSymbPos 244
[0m[34m[MAC]    BWPSize:  48, BWPStart:  29, SubcarrierSpacing: 1, CyclicPrefix: 0, StartSymbolIndex: 0, DurationSymbols: 1, CceRegMappingType: 1, RegBundleSize: 6, InterleaverSize: 2, CoreSetType: 0, ShiftIndex: 0, precoderGranularity: 0, numDlDci: 1
[0m[34m[MAC]    dlDmrsSymbPos 244
[0m[34m[MAC]    BWPSize:  48, BWPStart:  29, SubcarrierSpacing: 1, CyclicPrefix: 0, StartSymbolIndex: 0, DurationSymbols: 1, CceRegMappingType: 1, RegBundleSize: 6, InterleaverSize: 2, CoreSetType: 0, ShiftIndex: 0, precoderGranularity: 0, numDlDci: 1
[0m[34m[MAC]    dlDmrsSymbPos 244
[0m[34m[MAC]    BWPSize:  48, BWPStart:  29, SubcarrierSpacing: 1, CyclicPrefix: 0, StartSymbolIndex: 0, DurationSymbols: 1, CceRegMappingType: 1, RegBundleSize: 6, InterleaverSize: 2, CoreSetType: 0, ShiftIndex: 0, precoderGranularity: 0, numDlDci: 1
[0m[34m[MAC]    [gNB 0] Frame 504 : MIB->BCH  CC_id 0, Received 3 bytes
[0m[34m[MAC]    dlDmrsSymbPos 244
[0m[34m[MAC]    BWPSize:  48, BWPStart:  29, SubcarrierSpacing: 1, CyclicPrefix: 0, StartSymbolIndex: 0, DurationSymbols: 1, CceRegMappingType: 1, RegBundleSize: 6, InterleaverSize: 2, CoreSetType: 0, ShiftIndex: 0, precoderGranularity: 0, numDlDci: 1
[0m[34m[MAC]    dlDmrsSymbPos 244
[0m[34m[MAC]    BWPSize:  48, BWPStart:  29, SubcarrierSpacing: 1, CyclicPrefix: 0, StartSymbolIndex: 0, DurationSymbols: 1, CceRegMappingType: 1, RegBundleSize: 6, InterleaverSize: 2, CoreSetType: 0, ShiftIndex: 0, precoderGranularity: 0, numDlDci: 1
[0m[34m[MAC]    dlDmrsSymbPos 244
[0m[34m[MAC]    BWPSize:  48, BWPStart:  29, SubcarrierSpacing: 1, CyclicPrefix: 0, StartSymbolIndex: 0, DurationSymbols: 1, CceRegMappingType: 1, RegBundleSize: 6, InterleaverSize: 2, CoreSetType: 0, ShiftIndex: 0, precoderGranularity: 0, numDlDci: 1
[0m[34m[MAC]    dlDmrsSymbPos 244
[0m[34m[MAC]    BWPSize:  48, BWPStart:  29, SubcarrierSpacing: 1, CyclicPrefix: 0, StartSymbolIndex: 0, DurationSymbols: 1, CceRegMappingType: 1, RegBundleSize: 6, InterleaverSize: 2, CoreSetType: 0, ShiftIndex: 0, precoderGranularity: 0, numDlDci: 1
[0m[34m[MAC]    [gNB 0] Frame 512 : MIB->BCH  CC_id 0, Received 3 bytes
[0m[34m[MAC]    dlDmrsSymbPos 244
[0m[34m[MAC]    BWPSize:  48, BWPStart:  29, SubcarrierSpacing: 1, CyclicPrefix: 0, StartSymbolIndex: 0, DurationSymbols: 1, CceRegMappingType: 1, RegBundleSize: 6, InterleaverSize: 2, CoreSetType: 0, ShiftIndex: 0, precoderGranularity: 0, numDlDci: 1
[0m[HW]     [o-du 0][rx  214206 pps   10752 kbps  299481][tx  637483 pps   31872 kbps  786891][Total Msgs_Rcvd 214206]
[0m[HW]     [o_du0][pusch0  184278 prach0   29925]
[0m[34m[MAC]    dlDmrsSymbPos 244
[0m[34m[MAC]    BWPSize:  48, BWPStart:  29, SubcarrierSpacing: 1, CyclicPrefix: 0, StartSymbolIndex: 0, DurationSymbols: 1, CceRegMappingType: 1, RegBundleSize: 6, InterleaverSize: 2, CoreSetType: 0, ShiftIndex: 0, precoderGranularity: 0, numDlDci: 1
[0m[34m[MAC]    dlDmrsSymbPos 244
[0m[34m[MAC]    BWPSize:  48, BWPStart:  29, SubcarrierSpacing: 1, CyclicPrefix: 0, StartSymbolIndex: 0, DurationSymbols: 1, CceRegMappingType: 1, RegBundleSize: 6, InterleaverSize: 2, CoreSetType: 0, ShiftIndex: 0, precoderGranularity: 0, numDlDci: 1
[0m[34m[MAC]    dlDmrsSymbPos 244
[0m[34m[MAC]    BWPSize:  48, BWPStart:  29, SubcarrierSpacing: 1, CyclicPrefix: 0, StartSymbolIndex: 0, DurationSymbols: 1, CceRegMappingType: 1, RegBundleSize: 6, InterleaverSize: 2, CoreSetType: 0, ShiftIndex: 0, precoderGranularity: 0, numDlDci: 1
[0m[34m[MAC]    [gNB 0] Frame 520 : MIB->BCH  CC_id 0, Received 3 bytes
[0m[34m[MAC]    dlDmrsSymbPos 244
[0m[34m[MAC]    BWPSize:  48, BWPStart:  29, SubcarrierSpacing: 1, CyclicPrefix: 0, StartSymbolIndex: 0, DurationSymbols: 1, CceRegMappingType: 1, RegBundleSize: 6, InterleaverSize: 2, CoreSetType: 0, ShiftIndex: 0, precoderGranularity: 0, numDlDci: 1
[0m[34m[MAC]    dlDmrsSymbPos 244
[0m[34m[MAC]    BWPSize:  48, BWPStart:  29, SubcarrierSpacing: 1, CyclicPrefix: 0, StartSymbolIndex: 0, DurationSymbols: 1, CceRegMappingType: 1, RegBundleSize: 6, InterleaverSize: 2, CoreSetType: 0, ShiftIndex: 0, precoderGranularity: 0, numDlDci: 1
[0m[34m[MAC]    dlDmrsSymbPos 244
[0m[34m[MAC]    BWPSize:  48, BWPStart:  29, SubcarrierSpacing: 1, CyclicPrefix: 0, StartSymbolIndex: 0, DurationSymbols: 1, CceRegMappingType: 1, RegBundleSize: 6, InterleaverSize: 2, CoreSetType: 0, ShiftIndex: 0, precoderGranularity: 0, numDlDci: 1
[0m[34m[MAC]    dlDmrsSymbPos 244
[0m[34m[MAC]    BWPSize:  48, BWPStart:  29, SubcarrierSpacing: 1, CyclicPrefix: 0, StartSymbolIndex: 0, DurationSymbols: 1, CceRegMappingType: 1, RegBundleSize: 6, InterleaverSize: 2, CoreSetType: 0, ShiftIndex: 0, precoderGranularity: 0, numDlDci: 1
[0m[34m[MAC]    [gNB 0] Frame 528 : MIB->BCH  CC_id 0, Received 3 bytes
[0m[34m[MAC]    dlDmrsSymbPos 244
[0m[34m[MAC]    BWPSize:  48, BWPStart:  29, SubcarrierSpacing: 1, CyclicPrefix: 0, StartSymbolIndex: 0, DurationSymbols: 1, CceRegMappingType: 1, RegBundleSize: 6, InterleaverSize: 2, CoreSetType: 0, ShiftIndex: 0, precoderGranularity: 0, numDlDci: 1
[0m[34m[MAC]    dlDmrsSymbPos 244
[0m[34m[MAC]    BWPSize:  48, BWPStart:  29, SubcarrierSpacing: 1, CyclicPrefix: 0, StartSymbolIndex: 0, DurationSymbols: 1, CceRegMappingType: 1, RegBundleSize: 6, InterleaverSize: 2, CoreSetType: 0, ShiftIndex: 0, precoderGranularity: 0, numDlDci: 1
[0m[34m[MAC]    dlDmrsSymbPos 244
[0m[34m[MAC]    BWPSize:  48, BWPStart:  29, SubcarrierSpacing: 1, CyclicPrefix: 0, StartSymbolIndex: 0, DurationSymbols: 1, CceRegMappingType: 1, RegBundleSize: 6, InterleaverSize: 2, CoreSetType: 0, ShiftIndex: 0, precoderGranularity: 0, numDlDci: 1
[0m[34m[MAC]    dlDmrsSymbPos 244
[0m[34m[MAC]    BWPSize:  48, BWPStart:  29, SubcarrierSpacing: 1, CyclicPrefix: 0, StartSymbolIndex: 0, DurationSymbols: 1, CceRegMappingType: 1, RegBundleSize: 6, InterleaverSize: 2, CoreSetType: 0, ShiftIndex: 0, precoderGranularity: 0, numDlDci: 1
[0m[34m[MAC]    [gNB 0] Frame 536 : MIB->BCH  CC_id 0, Received 3 bytes
[0m[34m[MAC]    dlDmrsSymbPos 244
[0m[34m[MAC]    BWPSize:  48, BWPStart:  29, SubcarrierSpacing: 1, CyclicPrefix: 0, StartSymbolIndex: 0, DurationSymbols: 1, CceRegMappingType: 1, RegBundleSize: 6, InterleaverSize: 2, CoreSetType: 0, ShiftIndex: 0, precoderGranularity: 0, numDlDci: 1
[0m[34m[MAC]    dlDmrsSymbPos 244
[0m[34m[MAC]    BWPSize:  48, BWPStart:  29, SubcarrierSpacing: 1, CyclicPrefix: 0, StartSymbolIndex: 0, DurationSymbols: 1, CceRegMappingType: 1, RegBundleSize: 6, InterleaverSize: 2, CoreSetType: 0, ShiftIndex: 0, precoderGranularity: 0, numDlDci: 1
[0m[34m[MAC]    dlDmrsSymbPos 244
[0m[34m[MAC]    BWPSize:  48, BWPStart:  29, SubcarrierSpacing: 1, CyclicPrefix: 0, StartSymbolIndex: 0, DurationSymbols: 1, CceRegMappingType: 1, RegBundleSize: 6, InterleaverSize: 2, CoreSetType: 0, ShiftIndex: 0, precoderGranularity: 0, numDlDci: 1
[0m[34m[MAC]    dlDmrsSymbPos 244
[0m[34m[MAC]    BWPSize:  48, BWPStart:  29, SubcarrierSpacing: 1, CyclicPrefix: 0, StartSymbolIndex: 0, DurationSymbols: 1, CceRegMappingType: 1, RegBundleSize: 6, InterleaverSize: 2, CoreSetType: 0, ShiftIndex: 0, precoderGranularity: 0, numDlDci: 1
[0m[34m[MAC]    [gNB 0] Frame 544 : MIB->BCH  CC_id 0, Received 3 bytes
[0m[34m[MAC]    dlDmrsSymbPos 244
[0m[34m[MAC]    BWPSize:  48, BWPStart:  29, SubcarrierSpacing: 1, CyclicPrefix: 0, StartSymbolIndex: 0, DurationSymbols: 1, CceRegMappingType: 1, RegBundleSize: 6, InterleaverSize: 2, CoreSetType: 0, ShiftIndex: 0, precoderGranularity: 0, numDlDci: 1
[0m[34m[MAC]    dlDmrsSymbPos 244
[0m[34m[MAC]    BWPSize:  48, BWPStart:  29, SubcarrierSpacing: 1, CyclicPrefix: 0, StartSymbolIndex: 0, DurationSymbols: 1, CceRegMappingType: 1, RegBundleSize: 6, InterleaverSize: 2, CoreSetType: 0, ShiftIndex: 0, precoderGranularity: 0, numDlDci: 1
[0m[34m[MAC]    dlDmrsSymbPos 244
[0m[34m[MAC]    BWPSize:  48, BWPStart:  29, SubcarrierSpacing: 1, CyclicPrefix: 0, StartSymbolIndex: 0, DurationSymbols: 1, CceRegMappingType: 1, RegBundleSize: 6, InterleaverSize: 2, CoreSetType: 0, ShiftIndex: 0, precoderGranularity: 0, numDlDci: 1
[0m[34m[MAC]    dlDmrsSymbPos 244
[0m[34m[MAC]    BWPSize:  48, BWPStart:  29, SubcarrierSpacing: 1, CyclicPrefix: 0, StartSymbolIndex: 0, DurationSymbols: 1, CceRegMappingType: 1, RegBundleSize: 6, InterleaverSize: 2, CoreSetType: 0, ShiftIndex: 0, precoderGranularity: 0, numDlDci: 1
[0m[34m[MAC]    [gNB 0] Frame 552 : MIB->BCH  CC_id 0, Received 3 bytes
[0m[34m[MAC]    dlDmrsSymbPos 244
[0m[34m[MAC]    BWPSize:  48, BWPStart:  29, SubcarrierSpacing: 1, CyclicPrefix: 0, StartSymbolIndex: 0, DurationSymbols: 1, CceRegMappingType: 1, RegBundleSize: 6, InterleaverSize: 2, CoreSetType: 0, ShiftIndex: 0, precoderGranularity: 0, numDlDci: 1
[0m[34m[MAC]    dlDmrsSymbPos 244
[0m[34m[MAC]    BWPSize:  48, BWPStart:  29, SubcarrierSpacing: 1, CyclicPrefix: 0, StartSymbolIndex: 0, DurationSymbols: 1, CceRegMappingType: 1, RegBundleSize: 6, InterleaverSize: 2, CoreSetType: 0, ShiftIndex: 0, precoderGranularity: 0, numDlDci: 1
[0m[34m[MAC]    dlDmrsSymbPos 244
[0m[34m[MAC]    BWPSize:  48, BWPStart:  29, SubcarrierSpacing: 1, CyclicPrefix: 0, StartSymbolIndex: 0, DurationSymbols: 1, CceRegMappingType: 1, RegBundleSize: 6, InterleaverSize: 2, CoreSetType: 0, ShiftIndex: 0, precoderGranularity: 0, numDlDci: 1
[0m[34m[MAC]    dlDmrsSymbPos 244
[0m[34m[MAC]    BWPSize:  48, BWPStart:  29, SubcarrierSpacing: 1, CyclicPrefix: 0, StartSymbolIndex: 0, DurationSymbols: 1, CceRegMappingType: 1, RegBundleSize: 6, InterleaverSize: 2, CoreSetType: 0, ShiftIndex: 0, precoderGranularity: 0, numDlDci: 1
[0m[34m[MAC]    [gNB 0] Frame 560 : MIB->BCH  CC_id 0, Received 3 bytes
[0m[34m[MAC]    dlDmrsSymbPos 244
[0m[34m[MAC]    BWPSize:  48, BWPStart:  29, SubcarrierSpacing: 1, CyclicPrefix: 0, StartSymbolIndex: 0, DurationSymbols: 1, CceRegMappingType: 1, RegBundleSize: 6, InterleaverSize: 2, CoreSetType: 0, ShiftIndex: 0, precoderGranularity: 0, numDlDci: 1
[0m[34m[MAC]    dlDmrsSymbPos 244
[0m[34m[MAC]    BWPSize:  48, BWPStart:  29, SubcarrierSpacing: 1, CyclicPrefix: 0, StartSymbolIndex: 0, DurationSymbols: 1, CceRegMappingType: 1, RegBundleSize: 6, InterleaverSize: 2, CoreSetType: 0, ShiftIndex: 0, precoderGranularity: 0, numDlDci: 1
[0m[34m[MAC]    dlDmrsSymbPos 244
[0m[34m[MAC]    BWPSize:  48, BWPStart:  29, SubcarrierSpacing: 1, CyclicPrefix: 0, StartSymbolIndex: 0, DurationSymbols: 1, CceRegMappingType: 1, RegBundleSize: 6, InterleaverSize: 2, CoreSetType: 0, ShiftIndex: 0, precoderGranularity: 0, numDlDci: 1
[0m[34m[MAC]    dlDmrsSymbPos 244
[0m[34m[MAC]    BWPSize:  48, BWPStart:  29, SubcarrierSpacing: 1, CyclicPrefix: 0, StartSymbolIndex: 0, DurationSymbols: 1, CceRegMappingType: 1, RegBundleSize: 6, InterleaverSize: 2, CoreSetType: 0, ShiftIndex: 0, precoderGranularity: 0, numDlDci: 1
[0m[34m[MAC]    [gNB 0] Frame 568 : MIB->BCH  CC_id 0, Received 3 bytes
[0m[34m[MAC]    dlDmrsSymbPos 244
[0m[34m[MAC]    BWPSize:  48, BWPStart:  29, SubcarrierSpacing: 1, CyclicPrefix: 0, StartSymbolIndex: 0, DurationSymbols: 1, CceRegMappingType: 1, RegBundleSize: 6, InterleaverSize: 2, CoreSetType: 0, ShiftIndex: 0, precoderGranularity: 0, numDlDci: 1
[0m[34m[MAC]    dlDmrsSymbPos 244
[0m[34m[MAC]    BWPSize:  48, BWPStart:  29, SubcarrierSpacing: 1, CyclicPrefix: 0, StartSymbolIndex: 0, DurationSymbols: 1, CceRegMappingType: 1, RegBundleSize: 6, InterleaverSize: 2, CoreSetType: 0, ShiftIndex: 0, precoderGranularity: 0, numDlDci: 1
[0m[34m[MAC]    dlDmrsSymbPos 244
[0m[34m[MAC]    BWPSize:  48, BWPStart:  29, SubcarrierSpacing: 1, CyclicPrefix: 0, StartSymbolIndex: 0, DurationSymbols: 1, CceRegMappingType: 1, RegBundleSize: 6, InterleaverSize: 2, CoreSetType: 0, ShiftIndex: 0, precoderGranularity: 0, numDlDci: 1
[0m[34m[MAC]    dlDmrsSymbPos 244
[0m[34m[MAC]    BWPSize:  48, BWPStart:  29, SubcarrierSpacing: 1, CyclicPrefix: 0, StartSymbolIndex: 0, DurationSymbols: 1, CceRegMappingType: 1, RegBundleSize: 6, InterleaverSize: 2, CoreSetType: 0, ShiftIndex: 0, precoderGranularity: 0, numDlDci: 1
[0m[34m[MAC]    [gNB 0] Frame 576 : MIB->BCH  CC_id 0, Received 3 bytes
[0m[34m[MAC]    dlDmrsSymbPos 244
[0m[34m[MAC]    BWPSize:  48, BWPStart:  29, SubcarrierSpacing: 1, CyclicPrefix: 0, StartSymbolIndex: 0, DurationSymbols: 1, CceRegMappingType: 1, RegBundleSize: 6, InterleaverSize: 2, CoreSetType: 0, ShiftIndex: 0, precoderGranularity: 0, numDlDci: 1
[0m[34m[MAC]    dlDmrsSymbPos 244
[0m[34m[MAC]    BWPSize:  48, BWPStart:  29, SubcarrierSpacing: 1, CyclicPrefix: 0, StartSymbolIndex: 0, DurationSymbols: 1, CceRegMappingType: 1, RegBundleSize: 6, InterleaverSize: 2, CoreSetType: 0, ShiftIndex: 0, precoderGranularity: 0, numDlDci: 1
[0m[34m[MAC]    dlDmrsSymbPos 244
[0m[34m[MAC]    BWPSize:  48, BWPStart:  29, SubcarrierSpacing: 1, CyclicPrefix: 0, StartSymbolIndex: 0, DurationSymbols: 1, CceRegMappingType: 1, RegBundleSize: 6, InterleaverSize: 2, CoreSetType: 0, ShiftIndex: 0, precoderGranularity: 0, numDlDci: 1
[0m[34m[MAC]    dlDmrsSymbPos 244
[0m[34m[MAC]    BWPSize:  48, BWPStart:  29, SubcarrierSpacing: 1, CyclicPrefix: 0, StartSymbolIndex: 0, DurationSymbols: 1, CceRegMappingType: 1, RegBundleSize: 6, InterleaverSize: 2, CoreSetType: 0, ShiftIndex: 0, precoderGranularity: 0, numDlDci: 1
[0m[34m[MAC]    [gNB 0] Frame 584 : MIB->BCH  CC_id 0, Received 3 bytes
[0m[34m[MAC]    dlDmrsSymbPos 244
[0m[34m[MAC]    BWPSize:  48, BWPStart:  29, SubcarrierSpacing: 1, CyclicPrefix: 0, StartSymbolIndex: 0, DurationSymbols: 1, CceRegMappingType: 1, RegBundleSize: 6, InterleaverSize: 2, CoreSetType: 0, ShiftIndex: 0, precoderGranularity: 0, numDlDci: 1
[0m[34m[MAC]    dlDmrsSymbPos 244
[0m[34m[MAC]    BWPSize:  48, BWPStart:  29, SubcarrierSpacing: 1, CyclicPrefix: 0, StartSymbolIndex: 0, DurationSymbols: 1, CceRegMappingType: 1, RegBundleSize: 6, InterleaverSize: 2, CoreSetType: 0, ShiftIndex: 0, precoderGranularity: 0, numDlDci: 1
[0m[34m[MAC]    dlDmrsSymbPos 244
[0m[34m[MAC]    BWPSize:  48, BWPStart:  29, SubcarrierSpacing: 1, CyclicPrefix: 0, StartSymbolIndex: 0, DurationSymbols: 1, CceRegMappingType: 1, RegBundleSize: 6, InterleaverSize: 2, CoreSetType: 0, ShiftIndex: 0, precoderGranularity: 0, numDlDci: 1
[0m[34m[MAC]    dlDmrsSymbPos 244
[0m[34m[MAC]    BWPSize:  48, BWPStart:  29, SubcarrierSpacing: 1, CyclicPrefix: 0, StartSymbolIndex: 0, DurationSymbols: 1, CceRegMappingType: 1, RegBundleSize: 6, InterleaverSize: 2, CoreSetType: 0, ShiftIndex: 0, precoderGranularity: 0, numDlDci: 1
[0m[34m[MAC]    [gNB 0] Frame 592 : MIB->BCH  CC_id 0, Received 3 bytes
[0m[34m[MAC]    dlDmrsSymbPos 244
[0m[34m[MAC]    BWPSize:  48, BWPStart:  29, SubcarrierSpacing: 1, CyclicPrefix: 0, StartSymbolIndex: 0, DurationSymbols: 1, CceRegMappingType: 1, RegBundleSize: 6, InterleaverSize: 2, CoreSetType: 0, ShiftIndex: 0, precoderGranularity: 0, numDlDci: 1
[0m[34m[MAC]    dlDmrsSymbPos 244
[0m[34m[MAC]    BWPSize:  48, BWPStart:  29, SubcarrierSpacing: 1, CyclicPrefix: 0, StartSymbolIndex: 0, DurationSymbols: 1, CceRegMappingType: 1, RegBundleSize: 6, InterleaverSize: 2, CoreSetType: 0, ShiftIndex: 0, precoderGranularity: 0, numDlDci: 1
[0m[34m[MAC]    dlDmrsSymbPos 244
[0m[34m[MAC]    BWPSize:  48, BWPStart:  29, SubcarrierSpacing: 1, CyclicPrefix: 0, StartSymbolIndex: 0, DurationSymbols: 1, CceRegMappingType: 1, RegBundleSize: 6, InterleaverSize: 2, CoreSetType: 0, ShiftIndex: 0, precoderGranularity: 0, numDlDci: 1
[0m[34m[MAC]    dlDmrsSymbPos 244
[0m[34m[MAC]    BWPSize:  48, BWPStart:  29, SubcarrierSpacing: 1, CyclicPrefix: 0, StartSymbolIndex: 0, DurationSymbols: 1, CceRegMappingType: 1, RegBundleSize: 6, InterleaverSize: 2, CoreSetType: 0, ShiftIndex: 0, precoderGranularity: 0, numDlDci: 1
[0m[34m[MAC]    [gNB 0] Frame 600 : MIB->BCH  CC_id 0, Received 3 bytes
[0m[34m[MAC]    dlDmrsSymbPos 244
[0m[34m[MAC]    BWPSize:  48, BWPStart:  29, SubcarrierSpacing: 1, CyclicPrefix: 0, StartSymbolIndex: 0, DurationSymbols: 1, CceRegMappingType: 1, RegBundleSize: 6, InterleaverSize: 2, CoreSetType: 0, ShiftIndex: 0, precoderGranularity: 0, numDlDci: 1
[0m[34m[MAC]    dlDmrsSymbPos 244
[0m[34m[MAC]    BWPSize:  48, BWPStart:  29, SubcarrierSpacing: 1, CyclicPrefix: 0, StartSymbolIndex: 0, DurationSymbols: 1, CceRegMappingType: 1, RegBundleSize: 6, InterleaverSize: 2, CoreSetType: 0, ShiftIndex: 0, precoderGranularity: 0, numDlDci: 1
[0m[34m[MAC]    dlDmrsSymbPos 244
[0m[34m[MAC]    BWPSize:  48, BWPStart:  29, SubcarrierSpacing: 1, CyclicPrefix: 0, StartSymbolIndex: 0, DurationSymbols: 1, CceRegMappingType: 1, RegBundleSize: 6, InterleaverSize: 2, CoreSetType: 0, ShiftIndex: 0, precoderGranularity: 0, numDlDci: 1
[0m[34m[MAC]    dlDmrsSymbPos 244
[0m[34m[MAC]    BWPSize:  48, BWPStart:  29, SubcarrierSpacing: 1, CyclicPrefix: 0, StartSymbolIndex: 0, DurationSymbols: 1, CceRegMappingType: 1, RegBundleSize: 6, InterleaverSize: 2, CoreSetType: 0, ShiftIndex: 0, precoderGranularity: 0, numDlDci: 1
[0m[34m[MAC]    [gNB 0] Frame 608 : MIB->BCH  CC_id 0, Received 3 bytes
[0m[34m[MAC]    dlDmrsSymbPos 244
[0m[34m[MAC]    BWPSize:  48, BWPStart:  29, SubcarrierSpacing: 1, CyclicPrefix: 0, StartSymbolIndex: 0, DurationSymbols: 1, CceRegMappingType: 1, RegBundleSize: 6, InterleaverSize: 2, CoreSetType: 0, ShiftIndex: 0, precoderGranularity: 0, numDlDci: 1
[0m[34m[MAC]    dlDmrsSymbPos 244
[0m[34m[MAC]    BWPSize:  48, BWPStart:  29, SubcarrierSpacing: 1, CyclicPrefix: 0, StartSymbolIndex: 0, DurationSymbols: 1, CceRegMappingType: 1, RegBundleSize: 6, InterleaverSize: 2, CoreSetType: 0, ShiftIndex: 0, precoderGranularity: 0, numDlDci: 1
[0m[34m[MAC]    dlDmrsSymbPos 244
[0m[34m[MAC]    BWPSize:  48, BWPStart:  29, SubcarrierSpacing: 1, CyclicPrefix: 0, StartSymbolIndex: 0, DurationSymbols: 1, CceRegMappingType: 1, RegBundleSize: 6, InterleaverSize: 2, CoreSetType: 0, ShiftIndex: 0, precoderGranularity: 0, numDlDci: 1
[0m[34m[MAC]    dlDmrsSymbPos 244
[0m[34m[MAC]    BWPSize:  48, BWPStart:  29, SubcarrierSpacing: 1, CyclicPrefix: 0, StartSymbolIndex: 0, DurationSymbols: 1, CceRegMappingType: 1, RegBundleSize: 6, InterleaverSize: 2, CoreSetType: 0, ShiftIndex: 0, precoderGranularity: 0, numDlDci: 1
[0m[34m[MAC]    [gNB 0] Frame 616 : MIB->BCH  CC_id 0, Received 3 bytes
[0m[34m[MAC]    dlDmrsSymbPos 244
[0m[34m[MAC]    BWPSize:  48, BWPStart:  29, SubcarrierSpacing: 1, CyclicPrefix: 0, StartSymbolIndex: 0, DurationSymbols: 1, CceRegMappingType: 1, RegBundleSize: 6, InterleaverSize: 2, CoreSetType: 0, ShiftIndex: 0, precoderGranularity: 0, numDlDci: 1
[0m[34m[MAC]    dlDmrsSymbPos 244
[0m[34m[MAC]    BWPSize:  48, BWPStart:  29, SubcarrierSpacing: 1, CyclicPrefix: 0, StartSymbolIndex: 0, DurationSymbols: 1, CceRegMappingType: 1, RegBundleSize: 6, InterleaverSize: 2, CoreSetType: 0, ShiftIndex: 0, precoderGranularity: 0, numDlDci: 1
[0m[34m[MAC]    dlDmrsSymbPos 244
[0m[34m[MAC]    BWPSize:  48, BWPStart:  29, SubcarrierSpacing: 1, CyclicPrefix: 0, StartSymbolIndex: 0, DurationSymbols: 1, CceRegMappingType: 1, RegBundleSize: 6, InterleaverSize: 2, CoreSetType: 0, ShiftIndex: 0, precoderGranularity: 0, numDlDci: 1
[0m[34m[MAC]    dlDmrsSymbPos 244
[0m[34m[MAC]    BWPSize:  48, BWPStart:  29, SubcarrierSpacing: 1, CyclicPrefix: 0, StartSymbolIndex: 0, DurationSymbols: 1, CceRegMappingType: 1, RegBundleSize: 6, InterleaverSize: 2, CoreSetType: 0, ShiftIndex: 0, precoderGranularity: 0, numDlDci: 1
[0m[34m[MAC]    [gNB 0] Frame 624 : MIB->BCH  CC_id 0, Received 3 bytes
[0m[34m[MAC]    dlDmrsSymbPos 244
[0m[34m[MAC]    BWPSize:  48, BWPStart:  29, SubcarrierSpacing: 1, CyclicPrefix: 0, StartSymbolIndex: 0, DurationSymbols: 1, CceRegMappingType: 1, RegBundleSize: 6, InterleaverSize: 2, CoreSetType: 0, ShiftIndex: 0, precoderGranularity: 0, numDlDci: 1
[0m[34m[MAC]    dlDmrsSymbPos 244
[0m[34m[MAC]    BWPSize:  48, BWPStart:  29, SubcarrierSpacing: 1, CyclicPrefix: 0, StartSymbolIndex: 0, DurationSymbols: 1, CceRegMappingType: 1, RegBundleSize: 6, InterleaverSize: 2, CoreSetType: 0, ShiftIndex: 0, precoderGranularity: 0, numDlDci: 1
[0m[34m[MAC]    dlDmrsSymbPos 244
[0m[34m[MAC]    BWPSize:  48, BWPStart:  29, SubcarrierSpacing: 1, CyclicPrefix: 0, StartSymbolIndex: 0, DurationSymbols: 1, CceRegMappingType: 1, RegBundleSize: 6, InterleaverSize: 2, CoreSetType: 0, ShiftIndex: 0, precoderGranularity: 0, numDlDci: 1
[0m[34m[MAC]    dlDmrsSymbPos 244
[0m[34m[MAC]    BWPSize:  48, BWPStart:  29, SubcarrierSpacing: 1, CyclicPrefix: 0, StartSymbolIndex: 0, DurationSymbols: 1, CceRegMappingType: 1, RegBundleSize: 6, InterleaverSize: 2, CoreSetType: 0, ShiftIndex: 0, precoderGranularity: 0, numDlDci: 1
[0m[34m[MAC]    [gNB 0] Frame 632 : MIB->BCH  CC_id 0, Received 3 bytes
[0m[34m[MAC]    dlDmrsSymbPos 244
[0m[34m[MAC]    BWPSize:  48, BWPStart:  29, SubcarrierSpacing: 1, CyclicPrefix: 0, StartSymbolIndex: 0, DurationSymbols: 1, CceRegMappingType: 1, RegBundleSize: 6, InterleaverSize: 2, CoreSetType: 0, ShiftIndex: 0, precoderGranularity: 0, numDlDci: 1
[0m[34m[MAC]    dlDmrsSymbPos 244
[0m[34m[MAC]    BWPSize:  48, BWPStart:  29, SubcarrierSpacing: 1, CyclicPrefix: 0, StartSymbolIndex: 0, DurationSymbols: 1, CceRegMappingType: 1, RegBundleSize: 6, InterleaverSize: 2, CoreSetType: 0, ShiftIndex: 0, precoderGranularity: 0, numDlDci: 1
[0m[34m[MAC]    dlDmrsSymbPos 244
[0m[34m[MAC]    BWPSize:  48, BWPStart:  29, SubcarrierSpacing: 1, CyclicPrefix: 0, StartSymbolIndex: 0, DurationSymbols: 1, CceRegMappingType: 1, RegBundleSize: 6, InterleaverSize: 2, CoreSetType: 0, ShiftIndex: 0, precoderGranularity: 0, numDlDci: 1
[0m[34m[MAC]    dlDmrsSymbPos 244
[0m[34m[MAC]    BWPSize:  48, BWPStart:  29, SubcarrierSpacing: 1, CyclicPrefix: 0, StartSymbolIndex: 0, DurationSymbols: 1, CceRegMappingType: 1, RegBundleSize: 6, InterleaverSize: 2, CoreSetType: 0, ShiftIndex: 0, precoderGranularity: 0, numDlDci: 1
[0m[34m[MAC]    [gNB 0] Frame 640 : MIB->BCH  CC_id 0, Received 3 bytes
[0m[34m[MAC]    dlDmrsSymbPos 244
[0m[34m[MAC]    BWPSize:  48, BWPStart:  29, SubcarrierSpacing: 1, CyclicPrefix: 0, StartSymbolIndex: 0, DurationSymbols: 1, CceRegMappingType: 1, RegBundleSize: 6, InterleaverSize: 2, CoreSetType: 0, ShiftIndex: 0, precoderGranularity: 0, numDlDci: 1
[0m[HW]     [o-du 0][rx  224958 pps   10752 kbps  299481][tx  669355 pps   31872 kbps  786891][Total Msgs_Rcvd 224958]
[0m[HW]     [o_du0][pusch0  193494 prach0   31461]
[0m[34m[MAC]    dlDmrsSymbPos 244
[0m[34m[MAC]    BWPSize:  48, BWPStart:  29, SubcarrierSpacing: 1, CyclicPrefix: 0, StartSymbolIndex: 0, DurationSymbols: 1, CceRegMappingType: 1, RegBundleSize: 6, InterleaverSize: 2, CoreSetType: 0, ShiftIndex: 0, precoderGranularity: 0, numDlDci: 1
[0m[34m[MAC]    dlDmrsSymbPos 244
[0m[34m[MAC]    BWPSize:  48, BWPStart:  29, SubcarrierSpacing: 1, CyclicPrefix: 0, StartSymbolIndex: 0, DurationSymbols: 1, CceRegMappingType: 1, RegBundleSize: 6, InterleaverSize: 2, CoreSetType: 0, ShiftIndex: 0, precoderGranularity: 0, numDlDci: 1
[0m[34m[MAC]    dlDmrsSymbPos 244
[0m[34m[MAC]    BWPSize:  48, BWPStart:  29, SubcarrierSpacing: 1, CyclicPrefix: 0, StartSymbolIndex: 0, DurationSymbols: 1, CceRegMappingType: 1, RegBundleSize: 6, InterleaverSize: 2, CoreSetType: 0, ShiftIndex: 0, precoderGranularity: 0, numDlDci: 1
[0m[34m[MAC]    [gNB 0] Frame 648 : MIB->BCH  CC_id 0, Received 3 bytes
[0m[34m[MAC]    dlDmrsSymbPos 244
[0m[34m[MAC]    BWPSize:  48, BWPStart:  29, SubcarrierSpacing: 1, CyclicPrefix: 0, StartSymbolIndex: 0, DurationSymbols: 1, CceRegMappingType: 1, RegBundleSize: 6, InterleaverSize: 2, CoreSetType: 0, ShiftIndex: 0, precoderGranularity: 0, numDlDci: 1
[0m[34m[MAC]    dlDmrsSymbPos 244
[0m[34m[MAC]    BWPSize:  48, BWPStart:  29, SubcarrierSpacing: 1, CyclicPrefix: 0, StartSymbolIndex: 0, DurationSymbols: 1, CceRegMappingType: 1, RegBundleSize: 6, InterleaverSize: 2, CoreSetType: 0, ShiftIndex: 0, precoderGranularity: 0, numDlDci: 1
[0m[34m[MAC]    dlDmrsSymbPos 244
[0m[34m[MAC]    BWPSize:  48, BWPStart:  29, SubcarrierSpacing: 1, CyclicPrefix: 0, StartSymbolIndex: 0, DurationSymbols: 1, CceRegMappingType: 1, RegBundleSize: 6, InterleaverSize: 2, CoreSetType: 0, ShiftIndex: 0, precoderGranularity: 0, numDlDci: 1
[0m[34m[MAC]    dlDmrsSymbPos 244
[0m[34m[MAC]    BWPSize:  48, BWPStart:  29, SubcarrierSpacing: 1, CyclicPrefix: 0, StartSymbolIndex: 0, DurationSymbols: 1, CceRegMappingType: 1, RegBundleSize: 6, InterleaverSize: 2, CoreSetType: 0, ShiftIndex: 0, precoderGranularity: 0, numDlDci: 1
[0m[34m[MAC]    [gNB 0] Frame 656 : MIB->BCH  CC_id 0, Received 3 bytes
[0m[34m[MAC]    dlDmrsSymbPos 244
[0m[34m[MAC]    BWPSize:  48, BWPStart:  29, SubcarrierSpacing: 1, CyclicPrefix: 0, StartSymbolIndex: 0, DurationSymbols: 1, CceRegMappingType: 1, RegBundleSize: 6, InterleaverSize: 2, CoreSetType: 0, ShiftIndex: 0, precoderGranularity: 0, numDlDci: 1
[0m[34m[MAC]    dlDmrsSymbPos 244
[0m[34m[MAC]    BWPSize:  48, BWPStart:  29, SubcarrierSpacing: 1, CyclicPrefix: 0, StartSymbolIndex: 0, DurationSymbols: 1, CceRegMappingType: 1, RegBundleSize: 6, InterleaverSize: 2, CoreSetType: 0, ShiftIndex: 0, precoderGranularity: 0, numDlDci: 1
[0m[34m[MAC]    dlDmrsSymbPos 244
[0m[34m[MAC]    BWPSize:  48, BWPStart:  29, SubcarrierSpacing: 1, CyclicPrefix: 0, StartSymbolIndex: 0, DurationSymbols: 1, CceRegMappingType: 1, RegBundleSize: 6, InterleaverSize: 2, CoreSetType: 0, ShiftIndex: 0, precoderGranularity: 0, numDlDci: 1
[0m[34m[MAC]    dlDmrsSymbPos 244
[0m[34m[MAC]    BWPSize:  48, BWPStart:  29, SubcarrierSpacing: 1, CyclicPrefix: 0, StartSymbolIndex: 0, DurationSymbols: 1, CceRegMappingType: 1, RegBundleSize: 6, InterleaverSize: 2, CoreSetType: 0, ShiftIndex: 0, precoderGranularity: 0, numDlDci: 1
[0m[34m[MAC]    [gNB 0] Frame 664 : MIB->BCH  CC_id 0, Received 3 bytes
[0m[34m[MAC]    dlDmrsSymbPos 244
[0m[34m[MAC]    BWPSize:  48, BWPStart:  29, SubcarrierSpacing: 1, CyclicPrefix: 0, StartSymbolIndex: 0, DurationSymbols: 1, CceRegMappingType: 1, RegBundleSize: 6, InterleaverSize: 2, CoreSetType: 0, ShiftIndex: 0, precoderGranularity: 0, numDlDci: 1
[0m[34m[MAC]    dlDmrsSymbPos 244
[0m[34m[MAC]    BWPSize:  48, BWPStart:  29, SubcarrierSpacing: 1, CyclicPrefix: 0, StartSymbolIndex: 0, DurationSymbols: 1, CceRegMappingType: 1, RegBundleSize: 6, InterleaverSize: 2, CoreSetType: 0, ShiftIndex: 0, precoderGranularity: 0, numDlDci: 1
[0m[34m[MAC]    dlDmrsSymbPos 244
[0m[34m[MAC]    BWPSize:  48, BWPStart:  29, SubcarrierSpacing: 1, CyclicPrefix: 0, StartSymbolIndex: 0, DurationSymbols: 1, CceRegMappingType: 1, RegBundleSize: 6, InterleaverSize: 2, CoreSetType: 0, ShiftIndex: 0, precoderGranularity: 0, numDlDci: 1
[0m[34m[MAC]    dlDmrsSymbPos 244
[0m[34m[MAC]    BWPSize:  48, BWPStart:  29, SubcarrierSpacing: 1, CyclicPrefix: 0, StartSymbolIndex: 0, DurationSymbols: 1, CceRegMappingType: 1, RegBundleSize: 6, InterleaverSize: 2, CoreSetType: 0, ShiftIndex: 0, precoderGranularity: 0, numDlDci: 1
[0m[34m[MAC]    [gNB 0] Frame 672 : MIB->BCH  CC_id 0, Received 3 bytes
[0m[34m[MAC]    dlDmrsSymbPos 244
[0m[34m[MAC]    BWPSize:  48, BWPStart:  29, SubcarrierSpacing: 1, CyclicPrefix: 0, StartSymbolIndex: 0, DurationSymbols: 1, CceRegMappingType: 1, RegBundleSize: 6, InterleaverSize: 2, CoreSetType: 0, ShiftIndex: 0, precoderGranularity: 0, numDlDci: 1
[0m[34m[MAC]    dlDmrsSymbPos 244
[0m[34m[MAC]    BWPSize:  48, BWPStart:  29, SubcarrierSpacing: 1, CyclicPrefix: 0, StartSymbolIndex: 0, DurationSymbols: 1, CceRegMappingType: 1, RegBundleSize: 6, InterleaverSize: 2, CoreSetType: 0, ShiftIndex: 0, precoderGranularity: 0, numDlDci: 1
[0m[34m[MAC]    dlDmrsSymbPos 244
[0m[34m[MAC]    BWPSize:  48, BWPStart:  29, SubcarrierSpacing: 1, CyclicPrefix: 0, StartSymbolIndex: 0, DurationSymbols: 1, CceRegMappingType: 1, RegBundleSize: 6, InterleaverSize: 2, CoreSetType: 0, ShiftIndex: 0, precoderGranularity: 0, numDlDci: 1
[0m[34m[MAC]    dlDmrsSymbPos 244
[0m[34m[MAC]    BWPSize:  48, BWPStart:  29, SubcarrierSpacing: 1, CyclicPrefix: 0, StartSymbolIndex: 0, DurationSymbols: 1, CceRegMappingType: 1, RegBundleSize: 6, InterleaverSize: 2, CoreSetType: 0, ShiftIndex: 0, precoderGranularity: 0, numDlDci: 1
[0m[34m[MAC]    [gNB 0] Frame 680 : MIB->BCH  CC_id 0, Received 3 bytes
[0m[34m[MAC]    dlDmrsSymbPos 244
[0m[34m[MAC]    BWPSize:  48, BWPStart:  29, SubcarrierSpacing: 1, CyclicPrefix: 0, StartSymbolIndex: 0, DurationSymbols: 1, CceRegMappingType: 1, RegBundleSize: 6, InterleaverSize: 2, CoreSetType: 0, ShiftIndex: 0, precoderGranularity: 0, numDlDci: 1
[0m[34m[MAC]    dlDmrsSymbPos 244
[0m[34m[MAC]    BWPSize:  48, BWPStart:  29, SubcarrierSpacing: 1, CyclicPrefix: 0, StartSymbolIndex: 0, DurationSymbols: 1, CceRegMappingType: 1, RegBundleSize: 6, InterleaverSize: 2, CoreSetType: 0, ShiftIndex: 0, precoderGranularity: 0, numDlDci: 1
[0m[34m[MAC]    dlDmrsSymbPos 244
[0m[34m[MAC]    BWPSize:  48, BWPStart:  29, SubcarrierSpacing: 1, CyclicPrefix: 0, StartSymbolIndex: 0, DurationSymbols: 1, CceRegMappingType: 1, RegBundleSize: 6, InterleaverSize: 2, CoreSetType: 0, ShiftIndex: 0, precoderGranularity: 0, numDlDci: 1
[0m[34m[MAC]    dlDmrsSymbPos 244
[0m[34m[MAC]    BWPSize:  48, BWPStart:  29, SubcarrierSpacing: 1, CyclicPrefix: 0, StartSymbolIndex: 0, DurationSymbols: 1, CceRegMappingType: 1, RegBundleSize: 6, InterleaverSize: 2, CoreSetType: 0, ShiftIndex: 0, precoderGranularity: 0, numDlDci: 1
[0m[34m[MAC]    [gNB 0] Frame 688 : MIB->BCH  CC_id 0, Received 3 bytes
[0m[34m[MAC]    dlDmrsSymbPos 244
[0m[34m[MAC]    BWPSize:  48, BWPStart:  29, SubcarrierSpacing: 1, CyclicPrefix: 0, StartSymbolIndex: 0, DurationSymbols: 1, CceRegMappingType: 1, RegBundleSize: 6, InterleaverSize: 2, CoreSetType: 0, ShiftIndex: 0, precoderGranularity: 0, numDlDci: 1
[0m[34m[MAC]    dlDmrsSymbPos 244
[0m[34m[MAC]    BWPSize:  48, BWPStart:  29, SubcarrierSpacing: 1, CyclicPrefix: 0, StartSymbolIndex: 0, DurationSymbols: 1, CceRegMappingType: 1, RegBundleSize: 6, InterleaverSize: 2, CoreSetType: 0, ShiftIndex: 0, precoderGranularity: 0, numDlDci: 1
[0m[34m[MAC]    dlDmrsSymbPos 244
[0m[34m[MAC]    BWPSize:  48, BWPStart:  29, SubcarrierSpacing: 1, CyclicPrefix: 0, StartSymbolIndex: 0, DurationSymbols: 1, CceRegMappingType: 1, RegBundleSize: 6, InterleaverSize: 2, CoreSetType: 0, ShiftIndex: 0, precoderGranularity: 0, numDlDci: 1
[0m[34m[MAC]    dlDmrsSymbPos 244
[0m[34m[MAC]    BWPSize:  48, BWPStart:  29, SubcarrierSpacing: 1, CyclicPrefix: 0, StartSymbolIndex: 0, DurationSymbols: 1, CceRegMappingType: 1, RegBundleSize: 6, InterleaverSize: 2, CoreSetType: 0, ShiftIndex: 0, precoderGranularity: 0, numDlDci: 1
[0m[34m[MAC]    [gNB 0] Frame 696 : MIB->BCH  CC_id 0, Received 3 bytes
[0m[34m[MAC]    dlDmrsSymbPos 244
[0m[34m[MAC]    BWPSize:  48, BWPStart:  29, SubcarrierSpacing: 1, CyclicPrefix: 0, StartSymbolIndex: 0, DurationSymbols: 1, CceRegMappingType: 1, RegBundleSize: 6, InterleaverSize: 2, CoreSetType: 0, ShiftIndex: 0, precoderGranularity: 0, numDlDci: 1
[0m[34m[MAC]    dlDmrsSymbPos 244
[0m[34m[MAC]    BWPSize:  48, BWPStart:  29, SubcarrierSpacing: 1, CyclicPrefix: 0, StartSymbolIndex: 0, DurationSymbols: 1, CceRegMappingType: 1, RegBundleSize: 6, InterleaverSize: 2, CoreSetType: 0, ShiftIndex: 0, precoderGranularity: 0, numDlDci: 1
[0m[34m[MAC]    dlDmrsSymbPos 244
[0m[34m[MAC]    BWPSize:  48, BWPStart:  29, SubcarrierSpacing: 1, CyclicPrefix: 0, StartSymbolIndex: 0, DurationSymbols: 1, CceRegMappingType: 1, RegBundleSize: 6, InterleaverSize: 2, CoreSetType: 0, ShiftIndex: 0, precoderGranularity: 0, numDlDci: 1
[0m[34m[MAC]    dlDmrsSymbPos 244
[0m[34m[MAC]    BWPSize:  48, BWPStart:  29, SubcarrierSpacing: 1, CyclicPrefix: 0, StartSymbolIndex: 0, DurationSymbols: 1, CceRegMappingType: 1, RegBundleSize: 6, InterleaverSize: 2, CoreSetType: 0, ShiftIndex: 0, precoderGranularity: 0, numDlDci: 1
[0m[34m[MAC]    [gNB 0] Frame 704 : MIB->BCH  CC_id 0, Received 3 bytes
[0m[34m[MAC]    dlDmrsSymbPos 244
[0m[34m[MAC]    BWPSize:  48, BWPStart:  29, SubcarrierSpacing: 1, CyclicPrefix: 0, StartSymbolIndex: 0, DurationSymbols: 1, CceRegMappingType: 1, RegBundleSize: 6, InterleaverSize: 2, CoreSetType: 0, ShiftIndex: 0, precoderGranularity: 0, numDlDci: 1
[0m[34m[MAC]    dlDmrsSymbPos 244
[0m[34m[MAC]    BWPSize:  48, BWPStart:  29, SubcarrierSpacing: 1, CyclicPrefix: 0, StartSymbolIndex: 0, DurationSymbols: 1, CceRegMappingType: 1, RegBundleSize: 6, InterleaverSize: 2, CoreSetType: 0, ShiftIndex: 0, precoderGranularity: 0, numDlDci: 1
[0m[34m[MAC]    dlDmrsSymbPos 244
[0m[34m[MAC]    BWPSize:  48, BWPStart:  29, SubcarrierSpacing: 1, CyclicPrefix: 0, StartSymbolIndex: 0, DurationSymbols: 1, CceRegMappingType: 1, RegBundleSize: 6, InterleaverSize: 2, CoreSetType: 0, ShiftIndex: 0, precoderGranularity: 0, numDlDci: 1
[0m[34m[MAC]    dlDmrsSymbPos 244
[0m[34m[MAC]    BWPSize:  48, BWPStart:  29, SubcarrierSpacing: 1, CyclicPrefix: 0, StartSymbolIndex: 0, DurationSymbols: 1, CceRegMappingType: 1, RegBundleSize: 6, InterleaverSize: 2, CoreSetType: 0, ShiftIndex: 0, precoderGranularity: 0, numDlDci: 1
[0m[34m[MAC]    [gNB 0] Frame 712 : MIB->BCH  CC_id 0, Received 3 bytes
[0m[34m[MAC]    dlDmrsSymbPos 244
[0m[34m[MAC]    BWPSize:  48, BWPStart:  29, SubcarrierSpacing: 1, CyclicPrefix: 0, StartSymbolIndex: 0, DurationSymbols: 1, CceRegMappingType: 1, RegBundleSize: 6, InterleaverSize: 2, CoreSetType: 0, ShiftIndex: 0, precoderGranularity: 0, numDlDci: 1
[0m[34m[MAC]    dlDmrsSymbPos 244
[0m[34m[MAC]    BWPSize:  48, BWPStart:  29, SubcarrierSpacing: 1, CyclicPrefix: 0, StartSymbolIndex: 0, DurationSymbols: 1, CceRegMappingType: 1, RegBundleSize: 6, InterleaverSize: 2, CoreSetType: 0, ShiftIndex: 0, precoderGranularity: 0, numDlDci: 1
[0m[34m[MAC]    dlDmrsSymbPos 244
[0m[34m[MAC]    BWPSize:  48, BWPStart:  29, SubcarrierSpacing: 1, CyclicPrefix: 0, StartSymbolIndex: 0, DurationSymbols: 1, CceRegMappingType: 1, RegBundleSize: 6, InterleaverSize: 2, CoreSetType: 0, ShiftIndex: 0, precoderGranularity: 0, numDlDci: 1
[0m[34m[MAC]    dlDmrsSymbPos 244
[0m[34m[MAC]    BWPSize:  48, BWPStart:  29, SubcarrierSpacing: 1, CyclicPrefix: 0, StartSymbolIndex: 0, DurationSymbols: 1, CceRegMappingType: 1, RegBundleSize: 6, InterleaverSize: 2, CoreSetType: 0, ShiftIndex: 0, precoderGranularity: 0, numDlDci: 1
[0m[34m[MAC]    [gNB 0] Frame 720 : MIB->BCH  CC_id 0, Received 3 bytes
[0m[34m[MAC]    dlDmrsSymbPos 244
[0m[34m[MAC]    BWPSize:  48, BWPStart:  29, SubcarrierSpacing: 1, CyclicPrefix: 0, StartSymbolIndex: 0, DurationSymbols: 1, CceRegMappingType: 1, RegBundleSize: 6, InterleaverSize: 2, CoreSetType: 0, ShiftIndex: 0, precoderGranularity: 0, numDlDci: 1
[0m[34m[MAC]    dlDmrsSymbPos 244
[0m[34m[MAC]    BWPSize:  48, BWPStart:  29, SubcarrierSpacing: 1, CyclicPrefix: 0, StartSymbolIndex: 0, DurationSymbols: 1, CceRegMappingType: 1, RegBundleSize: 6, InterleaverSize: 2, CoreSetType: 0, ShiftIndex: 0, precoderGranularity: 0, numDlDci: 1
[0m[34m[MAC]    dlDmrsSymbPos 244
[0m[34m[MAC]    BWPSize:  48, BWPStart:  29, SubcarrierSpacing: 1, CyclicPrefix: 0, StartSymbolIndex: 0, DurationSymbols: 1, CceRegMappingType: 1, RegBundleSize: 6, InterleaverSize: 2, CoreSetType: 0, ShiftIndex: 0, precoderGranularity: 0, numDlDci: 1
[0m[34m[MAC]    dlDmrsSymbPos 244
[0m[34m[MAC]    BWPSize:  48, BWPStart:  29, SubcarrierSpacing: 1, CyclicPrefix: 0, StartSymbolIndex: 0, DurationSymbols: 1, CceRegMappingType: 1, RegBundleSize: 6, InterleaverSize: 2, CoreSetType: 0, ShiftIndex: 0, precoderGranularity: 0, numDlDci: 1
[0m[34m[MAC]    [gNB 0] Frame 728 : MIB->BCH  CC_id 0, Received 3 bytes
[0m[34m[MAC]    dlDmrsSymbPos 244
[0m[34m[MAC]    BWPSize:  48, BWPStart:  29, SubcarrierSpacing: 1, CyclicPrefix: 0, StartSymbolIndex: 0, DurationSymbols: 1, CceRegMappingType: 1, RegBundleSize: 6, InterleaverSize: 2, CoreSetType: 0, ShiftIndex: 0, precoderGranularity: 0, numDlDci: 1
[0m[34m[MAC]    dlDmrsSymbPos 244
[0m[34m[MAC]    BWPSize:  48, BWPStart:  29, SubcarrierSpacing: 1, CyclicPrefix: 0, StartSymbolIndex: 0, DurationSymbols: 1, CceRegMappingType: 1, RegBundleSize: 6, InterleaverSize: 2, CoreSetType: 0, ShiftIndex: 0, precoderGranularity: 0, numDlDci: 1
[0m[34m[MAC]    dlDmrsSymbPos 244
[0m[34m[MAC]    BWPSize:  48, BWPStart:  29, SubcarrierSpacing: 1, CyclicPrefix: 0, StartSymbolIndex: 0, DurationSymbols: 1, CceRegMappingType: 1, RegBundleSize: 6, InterleaverSize: 2, CoreSetType: 0, ShiftIndex: 0, precoderGranularity: 0, numDlDci: 1
[0m[34m[MAC]    dlDmrsSymbPos 244
[0m[34m[MAC]    BWPSize:  48, BWPStart:  29, SubcarrierSpacing: 1, CyclicPrefix: 0, StartSymbolIndex: 0, DurationSymbols: 1, CceRegMappingType: 1, RegBundleSize: 6, InterleaverSize: 2, CoreSetType: 0, ShiftIndex: 0, precoderGranularity: 0, numDlDci: 1
[0m[34m[MAC]    [gNB 0] Frame 736 : MIB->BCH  CC_id 0, Received 3 bytes
[0m[34m[MAC]    dlDmrsSymbPos 244
[0m[34m[MAC]    BWPSize:  48, BWPStart:  29, SubcarrierSpacing: 1, CyclicPrefix: 0, StartSymbolIndex: 0, DurationSymbols: 1, CceRegMappingType: 1, RegBundleSize: 6, InterleaverSize: 2, CoreSetType: 0, ShiftIndex: 0, precoderGranularity: 0, numDlDci: 1
[0m[34m[MAC]    dlDmrsSymbPos 244
[0m[34m[MAC]    BWPSize:  48, BWPStart:  29, SubcarrierSpacing: 1, CyclicPrefix: 0, StartSymbolIndex: 0, DurationSymbols: 1, CceRegMappingType: 1, RegBundleSize: 6, InterleaverSize: 2, CoreSetType: 0, ShiftIndex: 0, precoderGranularity: 0, numDlDci: 1
[0m[34m[MAC]    dlDmrsSymbPos 244
[0m[34m[MAC]    BWPSize:  48, BWPStart:  29, SubcarrierSpacing: 1, CyclicPrefix: 0, StartSymbolIndex: 0, DurationSymbols: 1, CceRegMappingType: 1, RegBundleSize: 6, InterleaverSize: 2, CoreSetType: 0, ShiftIndex: 0, precoderGranularity: 0, numDlDci: 1
[0m[34m[MAC]    dlDmrsSymbPos 244
[0m[34m[MAC]    BWPSize:  48, BWPStart:  29, SubcarrierSpacing: 1, CyclicPrefix: 0, StartSymbolIndex: 0, DurationSymbols: 1, CceRegMappingType: 1, RegBundleSize: 6, InterleaverSize: 2, CoreSetType: 0, ShiftIndex: 0, precoderGranularity: 0, numDlDci: 1
[0m[34m[MAC]    [gNB 0] Frame 744 : MIB->BCH  CC_id 0, Received 3 bytes
[0m[34m[MAC]    dlDmrsSymbPos 244
[0m[34m[MAC]    BWPSize:  48, BWPStart:  29, SubcarrierSpacing: 1, CyclicPrefix: 0, StartSymbolIndex: 0, DurationSymbols: 1, CceRegMappingType: 1, RegBundleSize: 6, InterleaverSize: 2, CoreSetType: 0, ShiftIndex: 0, precoderGranularity: 0, numDlDci: 1
[0m[34m[MAC]    dlDmrsSymbPos 244
[0m[34m[MAC]    BWPSize:  48, BWPStart:  29, SubcarrierSpacing: 1, CyclicPrefix: 0, StartSymbolIndex: 0, DurationSymbols: 1, CceRegMappingType: 1, RegBundleSize: 6, InterleaverSize: 2, CoreSetType: 0, ShiftIndex: 0, precoderGranularity: 0, numDlDci: 1
[0m[34m[MAC]    dlDmrsSymbPos 244
[0m[34m[MAC]    BWPSize:  48, BWPStart:  29, SubcarrierSpacing: 1, CyclicPrefix: 0, StartSymbolIndex: 0, DurationSymbols: 1, CceRegMappingType: 1, RegBundleSize: 6, InterleaverSize: 2, CoreSetType: 0, ShiftIndex: 0, precoderGranularity: 0, numDlDci: 1
[0m[34m[MAC]    dlDmrsSymbPos 244
[0m[34m[MAC]    BWPSize:  48, BWPStart:  29, SubcarrierSpacing: 1, CyclicPrefix: 0, StartSymbolIndex: 0, DurationSymbols: 1, CceRegMappingType: 1, RegBundleSize: 6, InterleaverSize: 2, CoreSetType: 0, ShiftIndex: 0, precoderGranularity: 0, numDlDci: 1
[0m[34m[MAC]    [gNB 0] Frame 752 : MIB->BCH  CC_id 0, Received 3 bytes
[0m[34m[MAC]    dlDmrsSymbPos 244
[0m[34m[MAC]    BWPSize:  48, BWPStart:  29, SubcarrierSpacing: 1, CyclicPrefix: 0, StartSymbolIndex: 0, DurationSymbols: 1, CceRegMappingType: 1, RegBundleSize: 6, InterleaverSize: 2, CoreSetType: 0, ShiftIndex: 0, precoderGranularity: 0, numDlDci: 1
[0m[34m[MAC]    dlDmrsSymbPos 244
[0m[34m[MAC]    BWPSize:  48, BWPStart:  29, SubcarrierSpacing: 1, CyclicPrefix: 0, StartSymbolIndex: 0, DurationSymbols: 1, CceRegMappingType: 1, RegBundleSize: 6, InterleaverSize: 2, CoreSetType: 0, ShiftIndex: 0, precoderGranularity: 0, numDlDci: 1
[0m[34m[MAC]    dlDmrsSymbPos 244
[0m[34m[MAC]    BWPSize:  48, BWPStart:  29, SubcarrierSpacing: 1, CyclicPrefix: 0, StartSymbolIndex: 0, DurationSymbols: 1, CceRegMappingType: 1, RegBundleSize: 6, InterleaverSize: 2, CoreSetType: 0, ShiftIndex: 0, precoderGranularity: 0, numDlDci: 1
[0m[34m[MAC]    dlDmrsSymbPos 244
[0m[34m[MAC]    BWPSize:  48, BWPStart:  29, SubcarrierSpacing: 1, CyclicPrefix: 0, StartSymbolIndex: 0, DurationSymbols: 1, CceRegMappingType: 1, RegBundleSize: 6, InterleaverSize: 2, CoreSetType: 0, ShiftIndex: 0, precoderGranularity: 0, numDlDci: 1
[0m[34m[MAC]    [gNB 0] Frame 760 : MIB->BCH  CC_id 0, Received 3 bytes
[0m[34m[MAC]    dlDmrsSymbPos 244
[0m[34m[MAC]    BWPSize:  48, BWPStart:  29, SubcarrierSpacing: 1, CyclicPrefix: 0, StartSymbolIndex: 0, DurationSymbols: 1, CceRegMappingType: 1, RegBundleSize: 6, InterleaverSize: 2, CoreSetType: 0, ShiftIndex: 0, precoderGranularity: 0, numDlDci: 1
[0m[34m[MAC]    dlDmrsSymbPos 244
[0m[34m[MAC]    BWPSize:  48, BWPStart:  29, SubcarrierSpacing: 1, CyclicPrefix: 0, StartSymbolIndex: 0, DurationSymbols: 1, CceRegMappingType: 1, RegBundleSize: 6, InterleaverSize: 2, CoreSetType: 0, ShiftIndex: 0, precoderGranularity: 0, numDlDci: 1
[0m[34m[MAC]    dlDmrsSymbPos 244
[0m[34m[MAC]    BWPSize:  48, BWPStart:  29, SubcarrierSpacing: 1, CyclicPrefix: 0, StartSymbolIndex: 0, DurationSymbols: 1, CceRegMappingType: 1, RegBundleSize: 6, InterleaverSize: 2, CoreSetType: 0, ShiftIndex: 0, precoderGranularity: 0, numDlDci: 1
[0m[34m[MAC]    dlDmrsSymbPos 244
[0m[34m[MAC]    BWPSize:  48, BWPStart:  29, SubcarrierSpacing: 1, CyclicPrefix: 0, StartSymbolIndex: 0, DurationSymbols: 1, CceRegMappingType: 1, RegBundleSize: 6, InterleaverSize: 2, CoreSetType: 0, ShiftIndex: 0, precoderGranularity: 0, numDlDci: 1
[0m[34m[MAC]    [gNB 0] Frame 768 : MIB->BCH  CC_id 0, Received 3 bytes
[0m[34m[MAC]    dlDmrsSymbPos 244
[0m[34m[MAC]    BWPSize:  48, BWPStart:  29, SubcarrierSpacing: 1, CyclicPrefix: 0, StartSymbolIndex: 0, DurationSymbols: 1, CceRegMappingType: 1, RegBundleSize: 6, InterleaverSize: 2, CoreSetType: 0, ShiftIndex: 0, precoderGranularity: 0, numDlDci: 1
[0m[HW]     [o-du 0][rx  235711 pps   10753 kbps  299484][tx  701227 pps   31872 kbps  786891][Total Msgs_Rcvd 235711]
[0m[HW]     [o_du0][pusch0  202710 prach0   32997]
[0m[34m[MAC]    dlDmrsSymbPos 244
[0m[34m[MAC]    BWPSize:  48, BWPStart:  29, SubcarrierSpacing: 1, CyclicPrefix: 0, StartSymbolIndex: 0, DurationSymbols: 1, CceRegMappingType: 1, RegBundleSize: 6, InterleaverSize: 2, CoreSetType: 0, ShiftIndex: 0, precoderGranularity: 0, numDlDci: 1
[0m[34m[MAC]    dlDmrsSymbPos 244
[0m[34m[MAC]    BWPSize:  48, BWPStart:  29, SubcarrierSpacing: 1, CyclicPrefix: 0, StartSymbolIndex: 0, DurationSymbols: 1, CceRegMappingType: 1, RegBundleSize: 6, InterleaverSize: 2, CoreSetType: 0, ShiftIndex: 0, precoderGranularity: 0, numDlDci: 1
[0m[34m[MAC]    dlDmrsSymbPos 244
[0m[34m[MAC]    BWPSize:  48, BWPStart:  29, SubcarrierSpacing: 1, CyclicPrefix: 0, StartSymbolIndex: 0, DurationSymbols: 1, CceRegMappingType: 1, RegBundleSize: 6, InterleaverSize: 2, CoreSetType: 0, ShiftIndex: 0, precoderGranularity: 0, numDlDci: 1
[0m[34m[MAC]    [gNB 0] Frame 776 : MIB->BCH  CC_id 0, Received 3 bytes
[0m[34m[MAC]    dlDmrsSymbPos 244
[0m[34m[MAC]    BWPSize:  48, BWPStart:  29, SubcarrierSpacing: 1, CyclicPrefix: 0, StartSymbolIndex: 0, DurationSymbols: 1, CceRegMappingType: 1, RegBundleSize: 6, InterleaverSize: 2, CoreSetType: 0, ShiftIndex: 0, precoderGranularity: 0, numDlDci: 1
[0m[34m[MAC]    dlDmrsSymbPos 244
[0m[34m[MAC]    BWPSize:  48, BWPStart:  29, SubcarrierSpacing: 1, CyclicPrefix: 0, StartSymbolIndex: 0, DurationSymbols: 1, CceRegMappingType: 1, RegBundleSize: 6, InterleaverSize: 2, CoreSetType: 0, ShiftIndex: 0, precoderGranularity: 0, numDlDci: 1
[0m[34m[MAC]    dlDmrsSymbPos 244
[0m[34m[MAC]    BWPSize:  48, BWPStart:  29, SubcarrierSpacing: 1, CyclicPrefix: 0, StartSymbolIndex: 0, DurationSymbols: 1, CceRegMappingType: 1, RegBundleSize: 6, InterleaverSize: 2, CoreSetType: 0, ShiftIndex: 0, precoderGranularity: 0, numDlDci: 1
[0m[34m[MAC]    dlDmrsSymbPos 244
[0m[34m[MAC]    BWPSize:  48, BWPStart:  29, SubcarrierSpacing: 1, CyclicPrefix: 0, StartSymbolIndex: 0, DurationSymbols: 1, CceRegMappingType: 1, RegBundleSize: 6, InterleaverSize: 2, CoreSetType: 0, ShiftIndex: 0, precoderGranularity: 0, numDlDci: 1
[0m[34m[MAC]    [gNB 0] Frame 784 : MIB->BCH  CC_id 0, Received 3 bytes
[0m[34m[MAC]    dlDmrsSymbPos 244
[0m[34m[MAC]    BWPSize:  48, BWPStart:  29, SubcarrierSpacing: 1, CyclicPrefix: 0, StartSymbolIndex: 0, DurationSymbols: 1, CceRegMappingType: 1, RegBundleSize: 6, InterleaverSize: 2, CoreSetType: 0, ShiftIndex: 0, precoderGranularity: 0, numDlDci: 1
[0m[34m[MAC]    dlDmrsSymbPos 244
[0m[34m[MAC]    BWPSize:  48, BWPStart:  29, SubcarrierSpacing: 1, CyclicPrefix: 0, StartSymbolIndex: 0, DurationSymbols: 1, CceRegMappingType: 1, RegBundleSize: 6, InterleaverSize: 2, CoreSetType: 0, ShiftIndex: 0, precoderGranularity: 0, numDlDci: 1
[0m[34m[MAC]    dlDmrsSymbPos 244
[0m[34m[MAC]    BWPSize:  48, BWPStart:  29, SubcarrierSpacing: 1, CyclicPrefix: 0, StartSymbolIndex: 0, DurationSymbols: 1, CceRegMappingType: 1, RegBundleSize: 6, InterleaverSize: 2, CoreSetType: 0, ShiftIndex: 0, precoderGranularity: 0, numDlDci: 1
[0m[34m[MAC]    dlDmrsSymbPos 244
[0m[34m[MAC]    BWPSize:  48, BWPStart:  29, SubcarrierSpacing: 1, CyclicPrefix: 0, StartSymbolIndex: 0, DurationSymbols: 1, CceRegMappingType: 1, RegBundleSize: 6, InterleaverSize: 2, CoreSetType: 0, ShiftIndex: 0, precoderGranularity: 0, numDlDci: 1
[0m[34m[MAC]    [gNB 0] Frame 792 : MIB->BCH  CC_id 0, Received 3 bytes
[0m[34m[MAC]    dlDmrsSymbPos 244
[0m[34m[MAC]    BWPSize:  48, BWPStart:  29, SubcarrierSpacing: 1, CyclicPrefix: 0, StartSymbolIndex: 0, DurationSymbols: 1, CceRegMappingType: 1, RegBundleSize: 6, InterleaverSize: 2, CoreSetType: 0, ShiftIndex: 0, precoderGranularity: 0, numDlDci: 1
[0m[34m[MAC]    dlDmrsSymbPos 244
[0m[34m[MAC]    BWPSize:  48, BWPStart:  29, SubcarrierSpacing: 1, CyclicPrefix: 0, StartSymbolIndex: 0, DurationSymbols: 1, CceRegMappingType: 1, RegBundleSize: 6, InterleaverSize: 2, CoreSetType: 0, ShiftIndex: 0, precoderGranularity: 0, numDlDci: 1
[0m[34m[MAC]    dlDmrsSymbPos 244
[0m[34m[MAC]    BWPSize:  48, BWPStart:  29, SubcarrierSpacing: 1, CyclicPrefix: 0, StartSymbolIndex: 0, DurationSymbols: 1, CceRegMappingType: 1, RegBundleSize: 6, InterleaverSize: 2, CoreSetType: 0, ShiftIndex: 0, precoderGranularity: 0, numDlDci: 1
[0m[34m[MAC]    dlDmrsSymbPos 244
[0m[34m[MAC]    BWPSize:  48, BWPStart:  29, SubcarrierSpacing: 1, CyclicPrefix: 0, StartSymbolIndex: 0, DurationSymbols: 1, CceRegMappingType: 1, RegBundleSize: 6, InterleaverSize: 2, CoreSetType: 0, ShiftIndex: 0, precoderGranularity: 0, numDlDci: 1
[0m[34m[MAC]    [gNB 0] Frame 800 : MIB->BCH  CC_id 0, Received 3 bytes
[0m[34m[MAC]    dlDmrsSymbPos 244
[0m[34m[MAC]    BWPSize:  48, BWPStart:  29, SubcarrierSpacing: 1, CyclicPrefix: 0, StartSymbolIndex: 0, DurationSymbols: 1, CceRegMappingType: 1, RegBundleSize: 6, InterleaverSize: 2, CoreSetType: 0, ShiftIndex: 0, precoderGranularity: 0, numDlDci: 1
[0m[34m[MAC]    dlDmrsSymbPos 244
[0m[34m[MAC]    BWPSize:  48, BWPStart:  29, SubcarrierSpacing: 1, CyclicPrefix: 0, StartSymbolIndex: 0, DurationSymbols: 1, CceRegMappingType: 1, RegBundleSize: 6, InterleaverSize: 2, CoreSetType: 0, ShiftIndex: 0, precoderGranularity: 0, numDlDci: 1
[0m[34m[MAC]    dlDmrsSymbPos 244
[0m[34m[MAC]    BWPSize:  48, BWPStart:  29, SubcarrierSpacing: 1, CyclicPrefix: 0, StartSymbolIndex: 0, DurationSymbols: 1, CceRegMappingType: 1, RegBundleSize: 6, InterleaverSize: 2, CoreSetType: 0, ShiftIndex: 0, precoderGranularity: 0, numDlDci: 1
[0m[34m[MAC]    dlDmrsSymbPos 244
[0m[34m[MAC]    BWPSize:  48, BWPStart:  29, SubcarrierSpacing: 1, CyclicPrefix: 0, StartSymbolIndex: 0, DurationSymbols: 1, CceRegMappingType: 1, RegBundleSize: 6, InterleaverSize: 2, CoreSetType: 0, ShiftIndex: 0, precoderGranularity: 0, numDlDci: 1
[0m[34m[MAC]    [gNB 0] Frame 808 : MIB->BCH  CC_id 0, Received 3 bytes
[0m[34m[MAC]    dlDmrsSymbPos 244
[0m[34m[MAC]    BWPSize:  48, BWPStart:  29, SubcarrierSpacing: 1, CyclicPrefix: 0, StartSymbolIndex: 0, DurationSymbols: 1, CceRegMappingType: 1, RegBundleSize: 6, InterleaverSize: 2, CoreSetType: 0, ShiftIndex: 0, precoderGranularity: 0, numDlDci: 1
[0m[34m[MAC]    dlDmrsSymbPos 244
[0m[34m[MAC]    BWPSize:  48, BWPStart:  29, SubcarrierSpacing: 1, CyclicPrefix: 0, StartSymbolIndex: 0, DurationSymbols: 1, CceRegMappingType: 1, RegBundleSize: 6, InterleaverSize: 2, CoreSetType: 0, ShiftIndex: 0, precoderGranularity: 0, numDlDci: 1
[0m[34m[MAC]    dlDmrsSymbPos 244
[0m[34m[MAC]    BWPSize:  48, BWPStart:  29, SubcarrierSpacing: 1, CyclicPrefix: 0, StartSymbolIndex: 0, DurationSymbols: 1, CceRegMappingType: 1, RegBundleSize: 6, InterleaverSize: 2, CoreSetType: 0, ShiftIndex: 0, precoderGranularity: 0, numDlDci: 1
[0m[34m[MAC]    dlDmrsSymbPos 244
[0m[34m[MAC]    BWPSize:  48, BWPStart:  29, SubcarrierSpacing: 1, CyclicPrefix: 0, StartSymbolIndex: 0, DurationSymbols: 1, CceRegMappingType: 1, RegBundleSize: 6, InterleaverSize: 2, CoreSetType: 0, ShiftIndex: 0, precoderGranularity: 0, numDlDci: 1
[0m[34m[MAC]    [gNB 0] Frame 816 : MIB->BCH  CC_id 0, Received 3 bytes
[0m[34m[MAC]    dlDmrsSymbPos 244
[0m[34m[MAC]    BWPSize:  48, BWPStart:  29, SubcarrierSpacing: 1, CyclicPrefix: 0, StartSymbolIndex: 0, DurationSymbols: 1, CceRegMappingType: 1, RegBundleSize: 6, InterleaverSize: 2, CoreSetType: 0, ShiftIndex: 0, precoderGranularity: 0, numDlDci: 1
[0m[34m[MAC]    dlDmrsSymbPos 244
[0m[34m[MAC]    BWPSize:  48, BWPStart:  29, SubcarrierSpacing: 1, CyclicPrefix: 0, StartSymbolIndex: 0, DurationSymbols: 1, CceRegMappingType: 1, RegBundleSize: 6, InterleaverSize: 2, CoreSetType: 0, ShiftIndex: 0, precoderGranularity: 0, numDlDci: 1
[0m[34m[MAC]    dlDmrsSymbPos 244
[0m[34m[MAC]    BWPSize:  48, BWPStart:  29, SubcarrierSpacing: 1, CyclicPrefix: 0, StartSymbolIndex: 0, DurationSymbols: 1, CceRegMappingType: 1, RegBundleSize: 6, InterleaverSize: 2, CoreSetType: 0, ShiftIndex: 0, precoderGranularity: 0, numDlDci: 1
[0m[34m[MAC]    dlDmrsSymbPos 244
[0m[34m[MAC]    BWPSize:  48, BWPStart:  29, SubcarrierSpacing: 1, CyclicPrefix: 0, StartSymbolIndex: 0, DurationSymbols: 1, CceRegMappingType: 1, RegBundleSize: 6, InterleaverSize: 2, CoreSetType: 0, ShiftIndex: 0, precoderGranularity: 0, numDlDci: 1
[0m[34m[MAC]    [gNB 0] Frame 824 : MIB->BCH  CC_id 0, Received 3 bytes
[0m[34m[MAC]    dlDmrsSymbPos 244
[0m[34m[MAC]    BWPSize:  48, BWPStart:  29, SubcarrierSpacing: 1, CyclicPrefix: 0, StartSymbolIndex: 0, DurationSymbols: 1, CceRegMappingType: 1, RegBundleSize: 6, InterleaverSize: 2, CoreSetType: 0, ShiftIndex: 0, precoderGranularity: 0, numDlDci: 1
[0m[34m[MAC]    dlDmrsSymbPos 244
[0m[34m[MAC]    BWPSize:  48, BWPStart:  29, SubcarrierSpacing: 1, CyclicPrefix: 0, StartSymbolIndex: 0, DurationSymbols: 1, CceRegMappingType: 1, RegBundleSize: 6, InterleaverSize: 2, CoreSetType: 0, ShiftIndex: 0, precoderGranularity: 0, numDlDci: 1
[0m[34m[MAC]    dlDmrsSymbPos 244
[0m[34m[MAC]    BWPSize:  48, BWPStart:  29, SubcarrierSpacing: 1, CyclicPrefix: 0, StartSymbolIndex: 0, DurationSymbols: 1, CceRegMappingType: 1, RegBundleSize: 6, InterleaverSize: 2, CoreSetType: 0, ShiftIndex: 0, precoderGranularity: 0, numDlDci: 1
[0m[34m[MAC]    dlDmrsSymbPos 244
[0m[34m[MAC]    BWPSize:  48, BWPStart:  29, SubcarrierSpacing: 1, CyclicPrefix: 0, StartSymbolIndex: 0, DurationSymbols: 1, CceRegMappingType: 1, RegBundleSize: 6, InterleaverSize: 2, CoreSetType: 0, ShiftIndex: 0, precoderGranularity: 0, numDlDci: 1
[0m[34m[MAC]    [gNB 0] Frame 832 : MIB->BCH  CC_id 0, Received 3 bytes
[0m[34m[MAC]    dlDmrsSymbPos 244
[0m[34m[MAC]    BWPSize:  48, BWPStart:  29, SubcarrierSpacing: 1, CyclicPrefix: 0, StartSymbolIndex: 0, DurationSymbols: 1, CceRegMappingType: 1, RegBundleSize: 6, InterleaverSize: 2, CoreSetType: 0, ShiftIndex: 0, precoderGranularity: 0, numDlDci: 1
[0m[34m[MAC]    dlDmrsSymbPos 244
[0m[34m[MAC]    BWPSize:  48, BWPStart:  29, SubcarrierSpacing: 1, CyclicPrefix: 0, StartSymbolIndex: 0, DurationSymbols: 1, CceRegMappingType: 1, RegBundleSize: 6, InterleaverSize: 2, CoreSetType: 0, ShiftIndex: 0, precoderGranularity: 0, numDlDci: 1
[0m[34m[MAC]    dlDmrsSymbPos 244
[0m[34m[MAC]    BWPSize:  48, BWPStart:  29, SubcarrierSpacing: 1, CyclicPrefix: 0, StartSymbolIndex: 0, DurationSymbols: 1, CceRegMappingType: 1, RegBundleSize: 6, InterleaverSize: 2, CoreSetType: 0, ShiftIndex: 0, precoderGranularity: 0, numDlDci: 1
[0m[34m[MAC]    dlDmrsSymbPos 244
[0m[34m[MAC]    BWPSize:  48, BWPStart:  29, SubcarrierSpacing: 1, CyclicPrefix: 0, StartSymbolIndex: 0, DurationSymbols: 1, CceRegMappingType: 1, RegBundleSize: 6, InterleaverSize: 2, CoreSetType: 0, ShiftIndex: 0, precoderGranularity: 0, numDlDci: 1
[0m[34m[MAC]    [gNB 0] Frame 840 : MIB->BCH  CC_id 0, Received 3 bytes
[0m[34m[MAC]    dlDmrsSymbPos 244
[0m[34m[MAC]    BWPSize:  48, BWPStart:  29, SubcarrierSpacing: 1, CyclicPrefix: 0, StartSymbolIndex: 0, DurationSymbols: 1, CceRegMappingType: 1, RegBundleSize: 6, InterleaverSize: 2, CoreSetType: 0, ShiftIndex: 0, precoderGranularity: 0, numDlDci: 1
[0m[34m[MAC]    dlDmrsSymbPos 244
[0m[34m[MAC]    BWPSize:  48, BWPStart:  29, SubcarrierSpacing: 1, CyclicPrefix: 0, StartSymbolIndex: 0, DurationSymbols: 1, CceRegMappingType: 1, RegBundleSize: 6, InterleaverSize: 2, CoreSetType: 0, ShiftIndex: 0, precoderGranularity: 0, numDlDci: 1
[0m[34m[MAC]    dlDmrsSymbPos 244
[0m[34m[MAC]    BWPSize:  48, BWPStart:  29, SubcarrierSpacing: 1, CyclicPrefix: 0, StartSymbolIndex: 0, DurationSymbols: 1, CceRegMappingType: 1, RegBundleSize: 6, InterleaverSize: 2, CoreSetType: 0, ShiftIndex: 0, precoderGranularity: 0, numDlDci: 1
[0m[34m[MAC]    dlDmrsSymbPos 244
[0m[34m[MAC]    BWPSize:  48, BWPStart:  29, SubcarrierSpacing: 1, CyclicPrefix: 0, StartSymbolIndex: 0, DurationSymbols: 1, CceRegMappingType: 1, RegBundleSize: 6, InterleaverSize: 2, CoreSetType: 0, ShiftIndex: 0, precoderGranularity: 0, numDlDci: 1
[0m[34m[MAC]    [gNB 0] Frame 848 : MIB->BCH  CC_id 0, Received 3 bytes
[0m[34m[MAC]    dlDmrsSymbPos 244
[0m[34m[MAC]    BWPSize:  48, BWPStart:  29, SubcarrierSpacing: 1, CyclicPrefix: 0, StartSymbolIndex: 0, DurationSymbols: 1, CceRegMappingType: 1, RegBundleSize: 6, InterleaverSize: 2, CoreSetType: 0, ShiftIndex: 0, precoderGranularity: 0, numDlDci: 1
[0m[34m[MAC]    dlDmrsSymbPos 244
[0m[34m[MAC]    BWPSize:  48, BWPStart:  29, SubcarrierSpacing: 1, CyclicPrefix: 0, StartSymbolIndex: 0, DurationSymbols: 1, CceRegMappingType: 1, RegBundleSize: 6, InterleaverSize: 2, CoreSetType: 0, ShiftIndex: 0, precoderGranularity: 0, numDlDci: 1
[0m[34m[MAC]    dlDmrsSymbPos 244
[0m[34m[MAC]    BWPSize:  48, BWPStart:  29, SubcarrierSpacing: 1, CyclicPrefix: 0, StartSymbolIndex: 0, DurationSymbols: 1, CceRegMappingType: 1, RegBundleSize: 6, InterleaverSize: 2, CoreSetType: 0, ShiftIndex: 0, precoderGranularity: 0, numDlDci: 1
[0m[34m[MAC]    dlDmrsSymbPos 244
[0m[34m[MAC]    BWPSize:  48, BWPStart:  29, SubcarrierSpacing: 1, CyclicPrefix: 0, StartSymbolIndex: 0, DurationSymbols: 1, CceRegMappingType: 1, RegBundleSize: 6, InterleaverSize: 2, CoreSetType: 0, ShiftIndex: 0, precoderGranularity: 0, numDlDci: 1
[0m[34m[MAC]    [gNB 0] Frame 856 : MIB->BCH  CC_id 0, Received 3 bytes
[0m[34m[MAC]    dlDmrsSymbPos 244
[0m[34m[MAC]    BWPSize:  48, BWPStart:  29, SubcarrierSpacing: 1, CyclicPrefix: 0, StartSymbolIndex: 0, DurationSymbols: 1, CceRegMappingType: 1, RegBundleSize: 6, InterleaverSize: 2, CoreSetType: 0, ShiftIndex: 0, precoderGranularity: 0, numDlDci: 1
[0m[34m[MAC]    dlDmrsSymbPos 244
[0m[34m[MAC]    BWPSize:  48, BWPStart:  29, SubcarrierSpacing: 1, CyclicPrefix: 0, StartSymbolIndex: 0, DurationSymbols: 1, CceRegMappingType: 1, RegBundleSize: 6, InterleaverSize: 2, CoreSetType: 0, ShiftIndex: 0, precoderGranularity: 0, numDlDci: 1
[0m[34m[MAC]    dlDmrsSymbPos 244
[0m[34m[MAC]    BWPSize:  48, BWPStart:  29, SubcarrierSpacing: 1, CyclicPrefix: 0, StartSymbolIndex: 0, DurationSymbols: 1, CceRegMappingType: 1, RegBundleSize: 6, InterleaverSize: 2, CoreSetType: 0, ShiftIndex: 0, precoderGranularity: 0, numDlDci: 1
[0m[34m[MAC]    dlDmrsSymbPos 244
[0m[34m[MAC]    BWPSize:  48, BWPStart:  29, SubcarrierSpacing: 1, CyclicPrefix: 0, StartSymbolIndex: 0, DurationSymbols: 1, CceRegMappingType: 1, RegBundleSize: 6, InterleaverSize: 2, CoreSetType: 0, ShiftIndex: 0, precoderGranularity: 0, numDlDci: 1
[0m[34m[MAC]    [gNB 0] Frame 864 : MIB->BCH  CC_id 0, Received 3 bytes
[0m[34m[MAC]    dlDmrsSymbPos 244
[0m[34m[MAC]    BWPSize:  48, BWPStart:  29, SubcarrierSpacing: 1, CyclicPrefix: 0, StartSymbolIndex: 0, DurationSymbols: 1, CceRegMappingType: 1, RegBundleSize: 6, InterleaverSize: 2, CoreSetType: 0, ShiftIndex: 0, precoderGranularity: 0, numDlDci: 1
[0m[34m[MAC]    dlDmrsSymbPos 244
[0m[34m[MAC]    BWPSize:  48, BWPStart:  29, SubcarrierSpacing: 1, CyclicPrefix: 0, StartSymbolIndex: 0, DurationSymbols: 1, CceRegMappingType: 1, RegBundleSize: 6, InterleaverSize: 2, CoreSetType: 0, ShiftIndex: 0, precoderGranularity: 0, numDlDci: 1
[0m[34m[MAC]    dlDmrsSymbPos 244
[0m[34m[MAC]    BWPSize:  48, BWPStart:  29, SubcarrierSpacing: 1, CyclicPrefix: 0, StartSymbolIndex: 0, DurationSymbols: 1, CceRegMappingType: 1, RegBundleSize: 6, InterleaverSize: 2, CoreSetType: 0, ShiftIndex: 0, precoderGranularity: 0, numDlDci: 1
[0m[34m[MAC]    dlDmrsSymbPos 244
[0m[34m[MAC]    BWPSize:  48, BWPStart:  29, SubcarrierSpacing: 1, CyclicPrefix: 0, StartSymbolIndex: 0, DurationSymbols: 1, CceRegMappingType: 1, RegBundleSize: 6, InterleaverSize: 2, CoreSetType: 0, ShiftIndex: 0, precoderGranularity: 0, numDlDci: 1
[0m[34m[MAC]    [gNB 0] Frame 872 : MIB->BCH  CC_id 0, Received 3 bytes
[0m[34m[MAC]    dlDmrsSymbPos 244
[0m[34m[MAC]    BWPSize:  48, BWPStart:  29, SubcarrierSpacing: 1, CyclicPrefix: 0, StartSymbolIndex: 0, DurationSymbols: 1, CceRegMappingType: 1, RegBundleSize: 6, InterleaverSize: 2, CoreSetType: 0, ShiftIndex: 0, precoderGranularity: 0, numDlDci: 1
[0m[34m[MAC]    dlDmrsSymbPos 244
[0m[34m[MAC]    BWPSize:  48, BWPStart:  29, SubcarrierSpacing: 1, CyclicPrefix: 0, StartSymbolIndex: 0, DurationSymbols: 1, CceRegMappingType: 1, RegBundleSize: 6, InterleaverSize: 2, CoreSetType: 0, ShiftIndex: 0, precoderGranularity: 0, numDlDci: 1
[0m[34m[MAC]    dlDmrsSymbPos 244
[0m[34m[MAC]    BWPSize:  48, BWPStart:  29, SubcarrierSpacing: 1, CyclicPrefix: 0, StartSymbolIndex: 0, DurationSymbols: 1, CceRegMappingType: 1, RegBundleSize: 6, InterleaverSize: 2, CoreSetType: 0, ShiftIndex: 0, precoderGranularity: 0, numDlDci: 1
[0m[34m[MAC]    dlDmrsSymbPos 244
[0m[34m[MAC]    BWPSize:  48, BWPStart:  29, SubcarrierSpacing: 1, CyclicPrefix: 0, StartSymbolIndex: 0, DurationSymbols: 1, CceRegMappingType: 1, RegBundleSize: 6, InterleaverSize: 2, CoreSetType: 0, ShiftIndex: 0, precoderGranularity: 0, numDlDci: 1
[0m[34m[MAC]    [gNB 0] Frame 880 : MIB->BCH  CC_id 0, Received 3 bytes
[0m[34m[MAC]    dlDmrsSymbPos 244
[0m[34m[MAC]    BWPSize:  48, BWPStart:  29, SubcarrierSpacing: 1, CyclicPrefix: 0, StartSymbolIndex: 0, DurationSymbols: 1, CceRegMappingType: 1, RegBundleSize: 6, InterleaverSize: 2, CoreSetType: 0, ShiftIndex: 0, precoderGranularity: 0, numDlDci: 1
[0m[34m[MAC]    dlDmrsSymbPos 244
[0m[34m[MAC]    BWPSize:  48, BWPStart:  29, SubcarrierSpacing: 1, CyclicPrefix: 0, StartSymbolIndex: 0, DurationSymbols: 1, CceRegMappingType: 1, RegBundleSize: 6, InterleaverSize: 2, CoreSetType: 0, ShiftIndex: 0, precoderGranularity: 0, numDlDci: 1
[0m[34m[MAC]    dlDmrsSymbPos 244
[0m[34m[MAC]    BWPSize:  48, BWPStart:  29, SubcarrierSpacing: 1, CyclicPrefix: 0, StartSymbolIndex: 0, DurationSymbols: 1, CceRegMappingType: 1, RegBundleSize: 6, InterleaverSize: 2, CoreSetType: 0, ShiftIndex: 0, precoderGranularity: 0, numDlDci: 1
[0m[34m[MAC]    dlDmrsSymbPos 244
[0m[34m[MAC]    BWPSize:  48, BWPStart:  29, SubcarrierSpacing: 1, CyclicPrefix: 0, StartSymbolIndex: 0, DurationSymbols: 1, CceRegMappingType: 1, RegBundleSize: 6, InterleaverSize: 2, CoreSetType: 0, ShiftIndex: 0, precoderGranularity: 0, numDlDci: 1
[0m[34m[MAC]    [gNB 0] Frame 888 : MIB->BCH  CC_id 0, Received 3 bytes
[0m[34m[MAC]    dlDmrsSymbPos 244
[0m[34m[MAC]    BWPSize:  48, BWPStart:  29, SubcarrierSpacing: 1, CyclicPrefix: 0, StartSymbolIndex: 0, DurationSymbols: 1, CceRegMappingType: 1, RegBundleSize: 6, InterleaverSize: 2, CoreSetType: 0, ShiftIndex: 0, precoderGranularity: 0, numDlDci: 1
[0m[34m[MAC]    dlDmrsSymbPos 244
[0m[34m[MAC]    BWPSize:  48, BWPStart:  29, SubcarrierSpacing: 1, CyclicPrefix: 0, StartSymbolIndex: 0, DurationSymbols: 1, CceRegMappingType: 1, RegBundleSize: 6, InterleaverSize: 2, CoreSetType: 0, ShiftIndex: 0, precoderGranularity: 0, numDlDci: 1
[0m[34m[MAC]    dlDmrsSymbPos 244
[0m[34m[MAC]    BWPSize:  48, BWPStart:  29, SubcarrierSpacing: 1, CyclicPrefix: 0, StartSymbolIndex: 0, DurationSymbols: 1, CceRegMappingType: 1, RegBundleSize: 6, InterleaverSize: 2, CoreSetType: 0, ShiftIndex: 0, precoderGranularity: 0, numDlDci: 1
[0m[34m[MAC]    dlDmrsSymbPos 244
[0m[34m[MAC]    BWPSize:  48, BWPStart:  29, SubcarrierSpacing: 1, CyclicPrefix: 0, StartSymbolIndex: 0, DurationSymbols: 1, CceRegMappingType: 1, RegBundleSize: 6, InterleaverSize: 2, CoreSetType: 0, ShiftIndex: 0, precoderGranularity: 0, numDlDci: 1
[0m[34m[MAC]    [gNB 0] Frame 896 : MIB->BCH  CC_id 0, Received 3 bytes
[0m[34m[MAC]    dlDmrsSymbPos 244
[0m[34m[MAC]    BWPSize:  48, BWPStart:  29, SubcarrierSpacing: 1, CyclicPrefix: 0, StartSymbolIndex: 0, DurationSymbols: 1, CceRegMappingType: 1, RegBundleSize: 6, InterleaverSize: 2, CoreSetType: 0, ShiftIndex: 0, precoderGranularity: 0, numDlDci: 1
[0m[HW]     [o-du 0][rx  246463 pps   10752 kbps  299481][tx  733099 pps   31872 kbps  786891][Total Msgs_Rcvd 246463]
[0m[HW]     [o_du0][pusch0  211926 prach0   34533]
[0m[34m[MAC]    dlDmrsSymbPos 244
[0m[34m[MAC]    BWPSize:  48, BWPStart:  29, SubcarrierSpacing: 1, CyclicPrefix: 0, StartSymbolIndex: 0, DurationSymbols: 1, CceRegMappingType: 1, RegBundleSize: 6, InterleaverSize: 2, CoreSetType: 0, ShiftIndex: 0, precoderGranularity: 0, numDlDci: 1
[0m[34m[MAC]    dlDmrsSymbPos 244
[0m[34m[MAC]    BWPSize:  48, BWPStart:  29, SubcarrierSpacing: 1, CyclicPrefix: 0, StartSymbolIndex: 0, DurationSymbols: 1, CceRegMappingType: 1, RegBundleSize: 6, InterleaverSize: 2, CoreSetType: 0, ShiftIndex: 0, precoderGranularity: 0, numDlDci: 1
[0m[34m[MAC]    dlDmrsSymbPos 244
[0m[34m[MAC]    BWPSize:  48, BWPStart:  29, SubcarrierSpacing: 1, CyclicPrefix: 0, StartSymbolIndex: 0, DurationSymbols: 1, CceRegMappingType: 1, RegBundleSize: 6, InterleaverSize: 2, CoreSetType: 0, ShiftIndex: 0, precoderGranularity: 0, numDlDci: 1
[0m[34m[MAC]    [gNB 0] Frame 904 : MIB->BCH  CC_id 0, Received 3 bytes
[0m[34m[MAC]    dlDmrsSymbPos 244
[0m[34m[MAC]    BWPSize:  48, BWPStart:  29, SubcarrierSpacing: 1, CyclicPrefix: 0, StartSymbolIndex: 0, DurationSymbols: 1, CceRegMappingType: 1, RegBundleSize: 6, InterleaverSize: 2, CoreSetType: 0, ShiftIndex: 0, precoderGranularity: 0, numDlDci: 1
[0m[34m[MAC]    dlDmrsSymbPos 244
[0m[34m[MAC]    BWPSize:  48, BWPStart:  29, SubcarrierSpacing: 1, CyclicPrefix: 0, StartSymbolIndex: 0, DurationSymbols: 1, CceRegMappingType: 1, RegBundleSize: 6, InterleaverSize: 2, CoreSetType: 0, ShiftIndex: 0, precoderGranularity: 0, numDlDci: 1
[0m[34m[MAC]    dlDmrsSymbPos 244
[0m[34m[MAC]    BWPSize:  48, BWPStart:  29, SubcarrierSpacing: 1, CyclicPrefix: 0, StartSymbolIndex: 0, DurationSymbols: 1, CceRegMappingType: 1, RegBundleSize: 6, InterleaverSize: 2, CoreSetType: 0, ShiftIndex: 0, precoderGranularity: 0, numDlDci: 1
[0m[34m[MAC]    dlDmrsSymbPos 244
[0m[34m[MAC]    BWPSize:  48, BWPStart:  29, SubcarrierSpacing: 1, CyclicPrefix: 0, StartSymbolIndex: 0, DurationSymbols: 1, CceRegMappingType: 1, RegBundleSize: 6, InterleaverSize: 2, CoreSetType: 0, ShiftIndex: 0, precoderGranularity: 0, numDlDci: 1
[0m[34m[MAC]    [gNB 0] Frame 912 : MIB->BCH  CC_id 0, Received 3 bytes
[0m[34m[MAC]    dlDmrsSymbPos 244
[0m[34m[MAC]    BWPSize:  48, BWPStart:  29, SubcarrierSpacing: 1, CyclicPrefix: 0, StartSymbolIndex: 0, DurationSymbols: 1, CceRegMappingType: 1, RegBundleSize: 6, InterleaverSize: 2, CoreSetType: 0, ShiftIndex: 0, precoderGranularity: 0, numDlDci: 1
[0m[34m[MAC]    dlDmrsSymbPos 244
[0m[34m[MAC]    BWPSize:  48, BWPStart:  29, SubcarrierSpacing: 1, CyclicPrefix: 0, StartSymbolIndex: 0, DurationSymbols: 1, CceRegMappingType: 1, RegBundleSize: 6, InterleaverSize: 2, CoreSetType: 0, ShiftIndex: 0, precoderGranularity: 0, numDlDci: 1
[0m[34m[MAC]    dlDmrsSymbPos 244
[0m[34m[MAC]    BWPSize:  48, BWPStart:  29, SubcarrierSpacing: 1, CyclicPrefix: 0, StartSymbolIndex: 0, DurationSymbols: 1, CceRegMappingType: 1, RegBundleSize: 6, InterleaverSize: 2, CoreSetType: 0, ShiftIndex: 0, precoderGranularity: 0, numDlDci: 1
[0m[34m[MAC]    dlDmrsSymbPos 244
[0m[34m[MAC]    BWPSize:  48, BWPStart:  29, SubcarrierSpacing: 1, CyclicPrefix: 0, StartSymbolIndex: 0, DurationSymbols: 1, CceRegMappingType: 1, RegBundleSize: 6, InterleaverSize: 2, CoreSetType: 0, ShiftIndex: 0, precoderGranularity: 0, numDlDci: 1
[0m[34m[MAC]    [gNB 0] Frame 920 : MIB->BCH  CC_id 0, Received 3 bytes
[0m[34m[MAC]    dlDmrsSymbPos 244
[0m[34m[MAC]    BWPSize:  48, BWPStart:  29, SubcarrierSpacing: 1, CyclicPrefix: 0, StartSymbolIndex: 0, DurationSymbols: 1, CceRegMappingType: 1, RegBundleSize: 6, InterleaverSize: 2, CoreSetType: 0, ShiftIndex: 0, precoderGranularity: 0, numDlDci: 1
[0m[34m[MAC]    dlDmrsSymbPos 244
[0m[34m[MAC]    BWPSize:  48, BWPStart:  29, SubcarrierSpacing: 1, CyclicPrefix: 0, StartSymbolIndex: 0, DurationSymbols: 1, CceRegMappingType: 1, RegBundleSize: 6, InterleaverSize: 2, CoreSetType: 0, ShiftIndex: 0, precoderGranularity: 0, numDlDci: 1
[0m[34m[MAC]    dlDmrsSymbPos 244
[0m[34m[MAC]    BWPSize:  48, BWPStart:  29, SubcarrierSpacing: 1, CyclicPrefix: 0, StartSymbolIndex: 0, DurationSymbols: 1, CceRegMappingType: 1, RegBundleSize: 6, InterleaverSize: 2, CoreSetType: 0, ShiftIndex: 0, precoderGranularity: 0, numDlDci: 1
[0m[34m[MAC]    dlDmrsSymbPos 244
[0m[34m[MAC]    BWPSize:  48, BWPStart:  29, SubcarrierSpacing: 1, CyclicPrefix: 0, StartSymbolIndex: 0, DurationSymbols: 1, CceRegMappingType: 1, RegBundleSize: 6, InterleaverSize: 2, CoreSetType: 0, ShiftIndex: 0, precoderGranularity: 0, numDlDci: 1
[0m[34m[MAC]    [gNB 0] Frame 928 : MIB->BCH  CC_id 0, Received 3 bytes
[0m[34m[MAC]    dlDmrsSymbPos 244
[0m[34m[MAC]    BWPSize:  48, BWPStart:  29, SubcarrierSpacing: 1, CyclicPrefix: 0, StartSymbolIndex: 0, DurationSymbols: 1, CceRegMappingType: 1, RegBundleSize: 6, InterleaverSize: 2, CoreSetType: 0, ShiftIndex: 0, precoderGranularity: 0, numDlDci: 1
[0m[34m[MAC]    dlDmrsSymbPos 244
[0m[34m[MAC]    BWPSize:  48, BWPStart:  29, SubcarrierSpacing: 1, CyclicPrefix: 0, StartSymbolIndex: 0, DurationSymbols: 1, CceRegMappingType: 1, RegBundleSize: 6, InterleaverSize: 2, CoreSetType: 0, ShiftIndex: 0, precoderGranularity: 0, numDlDci: 1
[0m[34m[MAC]    dlDmrsSymbPos 244
[0m[34m[MAC]    BWPSize:  48, BWPStart:  29, SubcarrierSpacing: 1, CyclicPrefix: 0, StartSymbolIndex: 0, DurationSymbols: 1, CceRegMappingType: 1, RegBundleSize: 6, InterleaverSize: 2, CoreSetType: 0, ShiftIndex: 0, precoderGranularity: 0, numDlDci: 1
[0m[34m[MAC]    dlDmrsSymbPos 244
[0m[34m[MAC]    BWPSize:  48, BWPStart:  29, SubcarrierSpacing: 1, CyclicPrefix: 0, StartSymbolIndex: 0, DurationSymbols: 1, CceRegMappingType: 1, RegBundleSize: 6, InterleaverSize: 2, CoreSetType: 0, ShiftIndex: 0, precoderGranularity: 0, numDlDci: 1
[0m[34m[MAC]    [gNB 0] Frame 936 : MIB->BCH  CC_id 0, Received 3 bytes
[0m[34m[MAC]    dlDmrsSymbPos 244
[0m[34m[MAC]    BWPSize:  48, BWPStart:  29, SubcarrierSpacing: 1, CyclicPrefix: 0, StartSymbolIndex: 0, DurationSymbols: 1, CceRegMappingType: 1, RegBundleSize: 6, InterleaverSize: 2, CoreSetType: 0, ShiftIndex: 0, precoderGranularity: 0, numDlDci: 1
[0m[34m[MAC]    dlDmrsSymbPos 244
[0m[34m[MAC]    BWPSize:  48, BWPStart:  29, SubcarrierSpacing: 1, CyclicPrefix: 0, StartSymbolIndex: 0, DurationSymbols: 1, CceRegMappingType: 1, RegBundleSize: 6, InterleaverSize: 2, CoreSetType: 0, ShiftIndex: 0, precoderGranularity: 0, numDlDci: 1
[0m[34m[MAC]    dlDmrsSymbPos 244
[0m[34m[MAC]    BWPSize:  48, BWPStart:  29, SubcarrierSpacing: 1, CyclicPrefix: 0, StartSymbolIndex: 0, DurationSymbols: 1, CceRegMappingType: 1, RegBundleSize: 6, InterleaverSize: 2, CoreSetType: 0, ShiftIndex: 0, precoderGranularity: 0, numDlDci: 1
[0m[34m[MAC]    dlDmrsSymbPos 244
[0m[34m[MAC]    BWPSize:  48, BWPStart:  29, SubcarrierSpacing: 1, CyclicPrefix: 0, StartSymbolIndex: 0, DurationSymbols: 1, CceRegMappingType: 1, RegBundleSize: 6, InterleaverSize: 2, CoreSetType: 0, ShiftIndex: 0, precoderGranularity: 0, numDlDci: 1
[0m[34m[MAC]    [gNB 0] Frame 944 : MIB->BCH  CC_id 0, Received 3 bytes
[0m[34m[MAC]    dlDmrsSymbPos 244
[0m[34m[MAC]    BWPSize:  48, BWPStart:  29, SubcarrierSpacing: 1, CyclicPrefix: 0, StartSymbolIndex: 0, DurationSymbols: 1, CceRegMappingType: 1, RegBundleSize: 6, InterleaverSize: 2, CoreSetType: 0, ShiftIndex: 0, precoderGranularity: 0, numDlDci: 1
[0m[34m[MAC]    dlDmrsSymbPos 244
[0m[34m[MAC]    BWPSize:  48, BWPStart:  29, SubcarrierSpacing: 1, CyclicPrefix: 0, StartSymbolIndex: 0, DurationSymbols: 1, CceRegMappingType: 1, RegBundleSize: 6, InterleaverSize: 2, CoreSetType: 0, ShiftIndex: 0, precoderGranularity: 0, numDlDci: 1
[0m[34m[MAC]    dlDmrsSymbPos 244
[0m[34m[MAC]    BWPSize:  48, BWPStart:  29, SubcarrierSpacing: 1, CyclicPrefix: 0, StartSymbolIndex: 0, DurationSymbols: 1, CceRegMappingType: 1, RegBundleSize: 6, InterleaverSize: 2, CoreSetType: 0, ShiftIndex: 0, precoderGranularity: 0, numDlDci: 1
[0m[34m[MAC]    dlDmrsSymbPos 244
[0m[34m[MAC]    BWPSize:  48, BWPStart:  29, SubcarrierSpacing: 1, CyclicPrefix: 0, StartSymbolIndex: 0, DurationSymbols: 1, CceRegMappingType: 1, RegBundleSize: 6, InterleaverSize: 2, CoreSetType: 0, ShiftIndex: 0, precoderGranularity: 0, numDlDci: 1
[0m[34m[MAC]    [gNB 0] Frame 952 : MIB->BCH  CC_id 0, Received 3 bytes
[0m[34m[MAC]    dlDmrsSymbPos 244
[0m[34m[MAC]    BWPSize:  48, BWPStart:  29, SubcarrierSpacing: 1, CyclicPrefix: 0, StartSymbolIndex: 0, DurationSymbols: 1, CceRegMappingType: 1, RegBundleSize: 6, InterleaverSize: 2, CoreSetType: 0, ShiftIndex: 0, precoderGranularity: 0, numDlDci: 1
[0m[34m[MAC]    dlDmrsSymbPos 244
[0m[34m[MAC]    BWPSize:  48, BWPStart:  29, SubcarrierSpacing: 1, CyclicPrefix: 0, StartSymbolIndex: 0, DurationSymbols: 1, CceRegMappingType: 1, RegBundleSize: 6, InterleaverSize: 2, CoreSetType: 0, ShiftIndex: 0, precoderGranularity: 0, numDlDci: 1
[0m[34m[MAC]    dlDmrsSymbPos 244
[0m[34m[MAC]    BWPSize:  48, BWPStart:  29, SubcarrierSpacing: 1, CyclicPrefix: 0, StartSymbolIndex: 0, DurationSymbols: 1, CceRegMappingType: 1, RegBundleSize: 6, InterleaverSize: 2, CoreSetType: 0, ShiftIndex: 0, precoderGranularity: 0, numDlDci: 1
[0m[34m[MAC]    dlDmrsSymbPos 244
[0m[34m[MAC]    BWPSize:  48, BWPStart:  29, SubcarrierSpacing: 1, CyclicPrefix: 0, StartSymbolIndex: 0, DurationSymbols: 1, CceRegMappingType: 1, RegBundleSize: 6, InterleaverSize: 2, CoreSetType: 0, ShiftIndex: 0, precoderGranularity: 0, numDlDci: 1
[0m[34m[MAC]    [gNB 0] Frame 960 : MIB->BCH  CC_id 0, Received 3 bytes
[0m[34m[MAC]    dlDmrsSymbPos 244
[0m[34m[MAC]    BWPSize:  48, BWPStart:  29, SubcarrierSpacing: 1, CyclicPrefix: 0, StartSymbolIndex: 0, DurationSymbols: 1, CceRegMappingType: 1, RegBundleSize: 6, InterleaverSize: 2, CoreSetType: 0, ShiftIndex: 0, precoderGranularity: 0, numDlDci: 1
[0m[34m[MAC]    dlDmrsSymbPos 244
[0m[34m[MAC]    BWPSize:  48, BWPStart:  29, SubcarrierSpacing: 1, CyclicPrefix: 0, StartSymbolIndex: 0, DurationSymbols: 1, CceRegMappingType: 1, RegBundleSize: 6, InterleaverSize: 2, CoreSetType: 0, ShiftIndex: 0, precoderGranularity: 0, numDlDci: 1
[0m[34m[MAC]    dlDmrsSymbPos 244
[0m[34m[MAC]    BWPSize:  48, BWPStart:  29, SubcarrierSpacing: 1, CyclicPrefix: 0, StartSymbolIndex: 0, DurationSymbols: 1, CceRegMappingType: 1, RegBundleSize: 6, InterleaverSize: 2, CoreSetType: 0, ShiftIndex: 0, precoderGranularity: 0, numDlDci: 1
[0m[34m[MAC]    dlDmrsSymbPos 244
[0m[34m[MAC]    BWPSize:  48, BWPStart:  29, SubcarrierSpacing: 1, CyclicPrefix: 0, StartSymbolIndex: 0, DurationSymbols: 1, CceRegMappingType: 1, RegBundleSize: 6, InterleaverSize: 2, CoreSetType: 0, ShiftIndex: 0, precoderGranularity: 0, numDlDci: 1
[0m[34m[MAC]    [gNB 0] Frame 968 : MIB->BCH  CC_id 0, Received 3 bytes
[0m[34m[MAC]    dlDmrsSymbPos 244
[0m[34m[MAC]    BWPSize:  48, BWPStart:  29, SubcarrierSpacing: 1, CyclicPrefix: 0, StartSymbolIndex: 0, DurationSymbols: 1, CceRegMappingType: 1, RegBundleSize: 6, InterleaverSize: 2, CoreSetType: 0, ShiftIndex: 0, precoderGranularity: 0, numDlDci: 1
[0m[34m[MAC]    dlDmrsSymbPos 244
[0m[34m[MAC]    BWPSize:  48, BWPStart:  29, SubcarrierSpacing: 1, CyclicPrefix: 0, StartSymbolIndex: 0, DurationSymbols: 1, CceRegMappingType: 1, RegBundleSize: 6, InterleaverSize: 2, CoreSetType: 0, ShiftIndex: 0, precoderGranularity: 0, numDlDci: 1
[0m[34m[MAC]    dlDmrsSymbPos 244
[0m[34m[MAC]    BWPSize:  48, BWPStart:  29, SubcarrierSpacing: 1, CyclicPrefix: 0, StartSymbolIndex: 0, DurationSymbols: 1, CceRegMappingType: 1, RegBundleSize: 6, InterleaverSize: 2, CoreSetType: 0, ShiftIndex: 0, precoderGranularity: 0, numDlDci: 1
[0m[34m[MAC]    dlDmrsSymbPos 244
[0m[34m[MAC]    BWPSize:  48, BWPStart:  29, SubcarrierSpacing: 1, CyclicPrefix: 0, StartSymbolIndex: 0, DurationSymbols: 1, CceRegMappingType: 1, RegBundleSize: 6, InterleaverSize: 2, CoreSetType: 0, ShiftIndex: 0, precoderGranularity: 0, numDlDci: 1
[0m[34m[MAC]    [gNB 0] Frame 976 : MIB->BCH  CC_id 0, Received 3 bytes
[0m[34m[MAC]    dlDmrsSymbPos 244
[0m[34m[MAC]    BWPSize:  48, BWPStart:  29, SubcarrierSpacing: 1, CyclicPrefix: 0, StartSymbolIndex: 0, DurationSymbols: 1, CceRegMappingType: 1, RegBundleSize: 6, InterleaverSize: 2, CoreSetType: 0, ShiftIndex: 0, precoderGranularity: 0, numDlDci: 1
[0m[34m[MAC]    dlDmrsSymbPos 244
[0m[34m[MAC]    BWPSize:  48, BWPStart:  29, SubcarrierSpacing: 1, CyclicPrefix: 0, StartSymbolIndex: 0, DurationSymbols: 1, CceRegMappingType: 1, RegBundleSize: 6, InterleaverSize: 2, CoreSetType: 0, ShiftIndex: 0, precoderGranularity: 0, numDlDci: 1
[0m[34m[MAC]    dlDmrsSymbPos 244
[0m[34m[MAC]    BWPSize:  48, BWPStart:  29, SubcarrierSpacing: 1, CyclicPrefix: 0, StartSymbolIndex: 0, DurationSymbols: 1, CceRegMappingType: 1, RegBundleSize: 6, InterleaverSize: 2, CoreSetType: 0, ShiftIndex: 0, precoderGranularity: 0, numDlDci: 1
[0m[34m[MAC]    dlDmrsSymbPos 244
[0m[34m[MAC]    BWPSize:  48, BWPStart:  29, SubcarrierSpacing: 1, CyclicPrefix: 0, StartSymbolIndex: 0, DurationSymbols: 1, CceRegMappingType: 1, RegBundleSize: 6, InterleaverSize: 2, CoreSetType: 0, ShiftIndex: 0, precoderGranularity: 0, numDlDci: 1
[0m[34m[MAC]    [gNB 0] Frame 984 : MIB->BCH  CC_id 0, Received 3 bytes
[0m[34m[MAC]    dlDmrsSymbPos 244
[0m[34m[MAC]    BWPSize:  48, BWPStart:  29, SubcarrierSpacing: 1, CyclicPrefix: 0, StartSymbolIndex: 0, DurationSymbols: 1, CceRegMappingType: 1, RegBundleSize: 6, InterleaverSize: 2, CoreSetType: 0, ShiftIndex: 0, precoderGranularity: 0, numDlDci: 1
[0m[34m[MAC]    dlDmrsSymbPos 244
[0m[34m[MAC]    BWPSize:  48, BWPStart:  29, SubcarrierSpacing: 1, CyclicPrefix: 0, StartSymbolIndex: 0, DurationSymbols: 1, CceRegMappingType: 1, RegBundleSize: 6, InterleaverSize: 2, CoreSetType: 0, ShiftIndex: 0, precoderGranularity: 0, numDlDci: 1
[0m[34m[MAC]    dlDmrsSymbPos 244
[0m[34m[MAC]    BWPSize:  48, BWPStart:  29, SubcarrierSpacing: 1, CyclicPrefix: 0, StartSymbolIndex: 0, DurationSymbols: 1, CceRegMappingType: 1, RegBundleSize: 6, InterleaverSize: 2, CoreSetType: 0, ShiftIndex: 0, precoderGranularity: 0, numDlDci: 1
[0m[34m[MAC]    dlDmrsSymbPos 244
[0m[34m[MAC]    BWPSize:  48, BWPStart:  29, SubcarrierSpacing: 1, CyclicPrefix: 0, StartSymbolIndex: 0, DurationSymbols: 1, CceRegMappingType: 1, RegBundleSize: 6, InterleaverSize: 2, CoreSetType: 0, ShiftIndex: 0, precoderGranularity: 0, numDlDci: 1
[0m[34m[MAC]    [gNB 0] Frame 992 : MIB->BCH  CC_id 0, Received 3 bytes
[0m[34m[MAC]    dlDmrsSymbPos 244
[0m[34m[MAC]    BWPSize:  48, BWPStart:  29, SubcarrierSpacing: 1, CyclicPrefix: 0, StartSymbolIndex: 0, DurationSymbols: 1, CceRegMappingType: 1, RegBundleSize: 6, InterleaverSize: 2, CoreSetType: 0, ShiftIndex: 0, precoderGranularity: 0, numDlDci: 1
[0m[34m[MAC]    dlDmrsSymbPos 244
[0m[34m[MAC]    BWPSize:  48, BWPStart:  29, SubcarrierSpacing: 1, CyclicPrefix: 0, StartSymbolIndex: 0, DurationSymbols: 1, CceRegMappingType: 1, RegBundleSize: 6, InterleaverSize: 2, CoreSetType: 0, ShiftIndex: 0, precoderGranularity: 0, numDlDci: 1
[0m[34m[MAC]    dlDmrsSymbPos 244
[0m[34m[MAC]    BWPSize:  48, BWPStart:  29, SubcarrierSpacing: 1, CyclicPrefix: 0, StartSymbolIndex: 0, DurationSymbols: 1, CceRegMappingType: 1, RegBundleSize: 6, InterleaverSize: 2, CoreSetType: 0, ShiftIndex: 0, precoderGranularity: 0, numDlDci: 1
[0m[34m[MAC]    dlDmrsSymbPos 244
[0m[34m[MAC]    BWPSize:  48, BWPStart:  29, SubcarrierSpacing: 1, CyclicPrefix: 0, StartSymbolIndex: 0, DurationSymbols: 1, CceRegMappingType: 1, RegBundleSize: 6, InterleaverSize: 2, CoreSetType: 0, ShiftIndex: 0, precoderGranularity: 0, numDlDci: 1
[0m[34m[MAC]    [gNB 0] Frame 1000 : MIB->BCH  CC_id 0, Received 3 bytes
[0m[34m[MAC]    dlDmrsSymbPos 244
[0m[34m[MAC]    BWPSize:  48, BWPStart:  29, SubcarrierSpacing: 1, CyclicPrefix: 0, StartSymbolIndex: 0, DurationSymbols: 1, CceRegMappingType: 1, RegBundleSize: 6, InterleaverSize: 2, CoreSetType: 0, ShiftIndex: 0, precoderGranularity: 0, numDlDci: 1
[0m[34m[MAC]    dlDmrsSymbPos 244
[0m[34m[MAC]    BWPSize:  48, BWPStart:  29, SubcarrierSpacing: 1, CyclicPrefix: 0, StartSymbolIndex: 0, DurationSymbols: 1, CceRegMappingType: 1, RegBundleSize: 6, InterleaverSize: 2, CoreSetType: 0, ShiftIndex: 0, precoderGranularity: 0, numDlDci: 1
[0m[34m[MAC]    dlDmrsSymbPos 244
[0m[34m[MAC]    BWPSize:  48, BWPStart:  29, SubcarrierSpacing: 1, CyclicPrefix: 0, StartSymbolIndex: 0, DurationSymbols: 1, CceRegMappingType: 1, RegBundleSize: 6, InterleaverSize: 2, CoreSetType: 0, ShiftIndex: 0, precoderGranularity: 0, numDlDci: 1
[0m[34m[MAC]    dlDmrsSymbPos 244
[0m[34m[MAC]    BWPSize:  48, BWPStart:  29, SubcarrierSpacing: 1, CyclicPrefix: 0, StartSymbolIndex: 0, DurationSymbols: 1, CceRegMappingType: 1, RegBundleSize: 6, InterleaverSize: 2, CoreSetType: 0, ShiftIndex: 0, precoderGranularity: 0, numDlDci: 1
[0m[34m[MAC]    [gNB 0] Frame 1008 : MIB->BCH  CC_id 0, Received 3 bytes
[0m[34m[MAC]    dlDmrsSymbPos 244
[0m[34m[MAC]    BWPSize:  48, BWPStart:  29, SubcarrierSpacing: 1, CyclicPrefix: 0, StartSymbolIndex: 0, DurationSymbols: 1, CceRegMappingType: 1, RegBundleSize: 6, InterleaverSize: 2, CoreSetType: 0, ShiftIndex: 0, precoderGranularity: 0, numDlDci: 1
[0m[34m[MAC]    dlDmrsSymbPos 244
[0m[34m[MAC]    BWPSize:  48, BWPStart:  29, SubcarrierSpacing: 1, CyclicPrefix: 0, StartSymbolIndex: 0, DurationSymbols: 1, CceRegMappingType: 1, RegBundleSize: 6, InterleaverSize: 2, CoreSetType: 0, ShiftIndex: 0, precoderGranularity: 0, numDlDci: 1
[0m[34m[MAC]    dlDmrsSymbPos 244
[0m[34m[MAC]    BWPSize:  48, BWPStart:  29, SubcarrierSpacing: 1, CyclicPrefix: 0, StartSymbolIndex: 0, DurationSymbols: 1, CceRegMappingType: 1, RegBundleSize: 6, InterleaverSize: 2, CoreSetType: 0, ShiftIndex: 0, precoderGranularity: 0, numDlDci: 1
[0m[34m[MAC]    dlDmrsSymbPos 244
[0m[34m[MAC]    BWPSize:  48, BWPStart:  29, SubcarrierSpacing: 1, CyclicPrefix: 0, StartSymbolIndex: 0, DurationSymbols: 1, CceRegMappingType: 1, RegBundleSize: 6, InterleaverSize: 2, CoreSetType: 0, ShiftIndex: 0, precoderGranularity: 0, numDlDci: 1
[0m[34m[MAC]    [gNB 0] Frame 1016 : MIB->BCH  CC_id 0, Received 3 bytes
[0m[34m[MAC]    dlDmrsSymbPos 244
[0m[34m[MAC]    BWPSize:  48, BWPStart:  29, SubcarrierSpacing: 1, CyclicPrefix: 0, StartSymbolIndex: 0, DurationSymbols: 1, CceRegMappingType: 1, RegBundleSize: 6, InterleaverSize: 2, CoreSetType: 0, ShiftIndex: 0, precoderGranularity: 0, numDlDci: 1
[0m[34m[MAC]    dlDmrsSymbPos 244
[0m[34m[MAC]    BWPSize:  48, BWPStart:  29, SubcarrierSpacing: 1, CyclicPrefix: 0, StartSymbolIndex: 0, DurationSymbols: 1, CceRegMappingType: 1, RegBundleSize: 6, InterleaverSize: 2, CoreSetType: 0, ShiftIndex: 0, precoderGranularity: 0, numDlDci: 1
[0m[34m[MAC]    dlDmrsSymbPos 244
[0m[34m[MAC]    BWPSize:  48, BWPStart:  29, SubcarrierSpacing: 1, CyclicPrefix: 0, StartSymbolIndex: 0, DurationSymbols: 1, CceRegMappingType: 1, RegBundleSize: 6, InterleaverSize: 2, CoreSetType: 0, ShiftIndex: 0, precoderGranularity: 0, numDlDci: 1
[0m[34m[MAC]    dlDmrsSymbPos 244
[0m[34m[MAC]    BWPSize:  48, BWPStart:  29, SubcarrierSpacing: 1, CyclicPrefix: 0, StartSymbolIndex: 0, DurationSymbols: 1, CceRegMappingType: 1, RegBundleSize: 6, InterleaverSize: 2, CoreSetType: 0, ShiftIndex: 0, precoderGranularity: 0, numDlDci: 1
[0m[34m[MAC]    [gNB 0] Frame 0 : MIB->BCH  CC_id 0, Received 3 bytes
[0m[34m[MAC]    dlDmrsSymbPos 244
[0m[34m[MAC]    BWPSize:  48, BWPStart:  29, SubcarrierSpacing: 1, CyclicPrefix: 0, StartSymbolIndex: 0, DurationSymbols: 1, CceRegMappingType: 1, RegBundleSize: 6, InterleaverSize: 2, CoreSetType: 0, ShiftIndex: 0, precoderGranularity: 0, numDlDci: 1
[0m[HW]     [o-du 0][rx  257215 pps   10752 kbps  299481][tx  764971 pps   31872 kbps  786891][Total Msgs_Rcvd 257215]
[0m[HW]     [o_du0][pusch0  221142 prach0   36069]
[0m[34m[MAC]    dlDmrsSymbPos 244
[0m[34m[MAC]    BWPSize:  48, BWPStart:  29, SubcarrierSpacing: 1, CyclicPrefix: 0, StartSymbolIndex: 0, DurationSymbols: 1, CceRegMappingType: 1, RegBundleSize: 6, InterleaverSize: 2, CoreSetType: 0, ShiftIndex: 0, precoderGranularity: 0, numDlDci: 1
[0m[34m[MAC]    dlDmrsSymbPos 244
[0m[34m[MAC]    BWPSize:  48, BWPStart:  29, SubcarrierSpacing: 1, CyclicPrefix: 0, StartSymbolIndex: 0, DurationSymbols: 1, CceRegMappingType: 1, RegBundleSize: 6, InterleaverSize: 2, CoreSetType: 0, ShiftIndex: 0, precoderGranularity: 0, numDlDci: 1
[0m[34m[MAC]    dlDmrsSymbPos 244
[0m[34m[MAC]    BWPSize:  48, BWPStart:  29, SubcarrierSpacing: 1, CyclicPrefix: 0, StartSymbolIndex: 0, DurationSymbols: 1, CceRegMappingType: 1, RegBundleSize: 6, InterleaverSize: 2, CoreSetType: 0, ShiftIndex: 0, precoderGranularity: 0, numDlDci: 1
[0m[34m[MAC]    [gNB 0] Frame 8 : MIB->BCH  CC_id 0, Received 3 bytes
[0m[34m[MAC]    dlDmrsSymbPos 244
[0m[34m[MAC]    BWPSize:  48, BWPStart:  29, SubcarrierSpacing: 1, CyclicPrefix: 0, StartSymbolIndex: 0, DurationSymbols: 1, CceRegMappingType: 1, RegBundleSize: 6, InterleaverSize: 2, CoreSetType: 0, ShiftIndex: 0, precoderGranularity: 0, numDlDci: 1
[0m[34m[MAC]    dlDmrsSymbPos 244
[0m[34m[MAC]    BWPSize:  48, BWPStart:  29, SubcarrierSpacing: 1, CyclicPrefix: 0, StartSymbolIndex: 0, DurationSymbols: 1, CceRegMappingType: 1, RegBundleSize: 6, InterleaverSize: 2, CoreSetType: 0, ShiftIndex: 0, precoderGranularity: 0, numDlDci: 1
[0m[34m[MAC]    dlDmrsSymbPos 244
[0m[34m[MAC]    BWPSize:  48, BWPStart:  29, SubcarrierSpacing: 1, CyclicPrefix: 0, StartSymbolIndex: 0, DurationSymbols: 1, CceRegMappingType: 1, RegBundleSize: 6, InterleaverSize: 2, CoreSetType: 0, ShiftIndex: 0, precoderGranularity: 0, numDlDci: 1
[0m[34m[MAC]    dlDmrsSymbPos 244
[0m[34m[MAC]    BWPSize:  48, BWPStart:  29, SubcarrierSpacing: 1, CyclicPrefix: 0, StartSymbolIndex: 0, DurationSymbols: 1, CceRegMappingType: 1, RegBundleSize: 6, InterleaverSize: 2, CoreSetType: 0, ShiftIndex: 0, precoderGranularity: 0, numDlDci: 1
[0m[34m[MAC]    [gNB 0] Frame 16 : MIB->BCH  CC_id 0, Received 3 bytes
[0m[34m[MAC]    dlDmrsSymbPos 244
[0m[34m[MAC]    BWPSize:  48, BWPStart:  29, SubcarrierSpacing: 1, CyclicPrefix: 0, StartSymbolIndex: 0, DurationSymbols: 1, CceRegMappingType: 1, RegBundleSize: 6, InterleaverSize: 2, CoreSetType: 0, ShiftIndex: 0, precoderGranularity: 0, numDlDci: 1
[0m[34m[MAC]    dlDmrsSymbPos 244
[0m[34m[MAC]    BWPSize:  48, BWPStart:  29, SubcarrierSpacing: 1, CyclicPrefix: 0, StartSymbolIndex: 0, DurationSymbols: 1, CceRegMappingType: 1, RegBundleSize: 6, InterleaverSize: 2, CoreSetType: 0, ShiftIndex: 0, precoderGranularity: 0, numDlDci: 1
[0m[34m[MAC]    dlDmrsSymbPos 244
[0m[34m[MAC]    BWPSize:  48, BWPStart:  29, SubcarrierSpacing: 1, CyclicPrefix: 0, StartSymbolIndex: 0, DurationSymbols: 1, CceRegMappingType: 1, RegBundleSize: 6, InterleaverSize: 2, CoreSetType: 0, ShiftIndex: 0, precoderGranularity: 0, numDlDci: 1
[0m[34m[MAC]    dlDmrsSymbPos 244
[0m[34m[MAC]    BWPSize:  48, BWPStart:  29, SubcarrierSpacing: 1, CyclicPrefix: 0, StartSymbolIndex: 0, DurationSymbols: 1, CceRegMappingType: 1, RegBundleSize: 6, InterleaverSize: 2, CoreSetType: 0, ShiftIndex: 0, precoderGranularity: 0, numDlDci: 1
[0m[34m[MAC]    [gNB 0] Frame 24 : MIB->BCH  CC_id 0, Received 3 bytes
[0m[34m[MAC]    dlDmrsSymbPos 244
[0m[34m[MAC]    BWPSize:  48, BWPStart:  29, SubcarrierSpacing: 1, CyclicPrefix: 0, StartSymbolIndex: 0, DurationSymbols: 1, CceRegMappingType: 1, RegBundleSize: 6, InterleaverSize: 2, CoreSetType: 0, ShiftIndex: 0, precoderGranularity: 0, numDlDci: 1
[0m[34m[MAC]    dlDmrsSymbPos 244
[0m[34m[MAC]    BWPSize:  48, BWPStart:  29, SubcarrierSpacing: 1, CyclicPrefix: 0, StartSymbolIndex: 0, DurationSymbols: 1, CceRegMappingType: 1, RegBundleSize: 6, InterleaverSize: 2, CoreSetType: 0, ShiftIndex: 0, precoderGranularity: 0, numDlDci: 1
[0m[34m[MAC]    dlDmrsSymbPos 244
[0m[34m[MAC]    BWPSize:  48, BWPStart:  29, SubcarrierSpacing: 1, CyclicPrefix: 0, StartSymbolIndex: 0, DurationSymbols: 1, CceRegMappingType: 1, RegBundleSize: 6, InterleaverSize: 2, CoreSetType: 0, ShiftIndex: 0, precoderGranularity: 0, numDlDci: 1
[0m[34m[MAC]    dlDmrsSymbPos 244
[0m[34m[MAC]    BWPSize:  48, BWPStart:  29, SubcarrierSpacing: 1, CyclicPrefix: 0, StartSymbolIndex: 0, DurationSymbols: 1, CceRegMappingType: 1, RegBundleSize: 6, InterleaverSize: 2, CoreSetType: 0, ShiftIndex: 0, precoderGranularity: 0, numDlDci: 1
[0m[34m[MAC]    [gNB 0] Frame 32 : MIB->BCH  CC_id 0, Received 3 bytes
[0m[34m[MAC]    dlDmrsSymbPos 244
[0m[34m[MAC]    BWPSize:  48, BWPStart:  29, SubcarrierSpacing: 1, CyclicPrefix: 0, StartSymbolIndex: 0, DurationSymbols: 1, CceRegMappingType: 1, RegBundleSize: 6, InterleaverSize: 2, CoreSetType: 0, ShiftIndex: 0, precoderGranularity: 0, numDlDci: 1
[0m[34m[MAC]    dlDmrsSymbPos 244
[0m[34m[MAC]    BWPSize:  48, BWPStart:  29, SubcarrierSpacing: 1, CyclicPrefix: 0, StartSymbolIndex: 0, DurationSymbols: 1, CceRegMappingType: 1, RegBundleSize: 6, InterleaverSize: 2, CoreSetType: 0, ShiftIndex: 0, precoderGranularity: 0, numDlDci: 1
[0m[34m[MAC]    dlDmrsSymbPos 244
[0m[34m[MAC]    BWPSize:  48, BWPStart:  29, SubcarrierSpacing: 1, CyclicPrefix: 0, StartSymbolIndex: 0, DurationSymbols: 1, CceRegMappingType: 1, RegBundleSize: 6, InterleaverSize: 2, CoreSetType: 0, ShiftIndex: 0, precoderGranularity: 0, numDlDci: 1
[0m[34m[MAC]    dlDmrsSymbPos 244
[0m[34m[MAC]    BWPSize:  48, BWPStart:  29, SubcarrierSpacing: 1, CyclicPrefix: 0, StartSymbolIndex: 0, DurationSymbols: 1, CceRegMappingType: 1, RegBundleSize: 6, InterleaverSize: 2, CoreSetType: 0, ShiftIndex: 0, precoderGranularity: 0, numDlDci: 1
[0m[34m[MAC]    [gNB 0] Frame 40 : MIB->BCH  CC_id 0, Received 3 bytes
[0m[34m[MAC]    dlDmrsSymbPos 244
[0m[34m[MAC]    BWPSize:  48, BWPStart:  29, SubcarrierSpacing: 1, CyclicPrefix: 0, StartSymbolIndex: 0, DurationSymbols: 1, CceRegMappingType: 1, RegBundleSize: 6, InterleaverSize: 2, CoreSetType: 0, ShiftIndex: 0, precoderGranularity: 0, numDlDci: 1
[0m[34m[MAC]    dlDmrsSymbPos 244
[0m[34m[MAC]    BWPSize:  48, BWPStart:  29, SubcarrierSpacing: 1, CyclicPrefix: 0, StartSymbolIndex: 0, DurationSymbols: 1, CceRegMappingType: 1, RegBundleSize: 6, InterleaverSize: 2, CoreSetType: 0, ShiftIndex: 0, precoderGranularity: 0, numDlDci: 1
[0m[34m[MAC]    dlDmrsSymbPos 244
[0m[34m[MAC]    BWPSize:  48, BWPStart:  29, SubcarrierSpacing: 1, CyclicPrefix: 0, StartSymbolIndex: 0, DurationSymbols: 1, CceRegMappingType: 1, RegBundleSize: 6, InterleaverSize: 2, CoreSetType: 0, ShiftIndex: 0, precoderGranularity: 0, numDlDci: 1
[0m[34m[MAC]    dlDmrsSymbPos 244
[0m[34m[MAC]    BWPSize:  48, BWPStart:  29, SubcarrierSpacing: 1, CyclicPrefix: 0, StartSymbolIndex: 0, DurationSymbols: 1, CceRegMappingType: 1, RegBundleSize: 6, InterleaverSize: 2, CoreSetType: 0, ShiftIndex: 0, precoderGranularity: 0, numDlDci: 1
[0m[34m[MAC]    [gNB 0] Frame 48 : MIB->BCH  CC_id 0, Received 3 bytes
[0m[34m[MAC]    dlDmrsSymbPos 244
[0m[34m[MAC]    BWPSize:  48, BWPStart:  29, SubcarrierSpacing: 1, CyclicPrefix: 0, StartSymbolIndex: 0, DurationSymbols: 1, CceRegMappingType: 1, RegBundleSize: 6, InterleaverSize: 2, CoreSetType: 0, ShiftIndex: 0, precoderGranularity: 0, numDlDci: 1
[0m[34m[MAC]    dlDmrsSymbPos 244
[0m[34m[MAC]    BWPSize:  48, BWPStart:  29, SubcarrierSpacing: 1, CyclicPrefix: 0, StartSymbolIndex: 0, DurationSymbols: 1, CceRegMappingType: 1, RegBundleSize: 6, InterleaverSize: 2, CoreSetType: 0, ShiftIndex: 0, precoderGranularity: 0, numDlDci: 1
[0m[34m[MAC]    dlDmrsSymbPos 244
[0m[34m[MAC]    BWPSize:  48, BWPStart:  29, SubcarrierSpacing: 1, CyclicPrefix: 0, StartSymbolIndex: 0, DurationSymbols: 1, CceRegMappingType: 1, RegBundleSize: 6, InterleaverSize: 2, CoreSetType: 0, ShiftIndex: 0, precoderGranularity: 0, numDlDci: 1
[0m[34m[MAC]    dlDmrsSymbPos 244
[0m[34m[MAC]    BWPSize:  48, BWPStart:  29, SubcarrierSpacing: 1, CyclicPrefix: 0, StartSymbolIndex: 0, DurationSymbols: 1, CceRegMappingType: 1, RegBundleSize: 6, InterleaverSize: 2, CoreSetType: 0, ShiftIndex: 0, precoderGranularity: 0, numDlDci: 1
[0m[34m[MAC]    [gNB 0] Frame 56 : MIB->BCH  CC_id 0, Received 3 bytes
[0m[34m[MAC]    dlDmrsSymbPos 244
[0m[34m[MAC]    BWPSize:  48, BWPStart:  29, SubcarrierSpacing: 1, CyclicPrefix: 0, StartSymbolIndex: 0, DurationSymbols: 1, CceRegMappingType: 1, RegBundleSize: 6, InterleaverSize: 2, CoreSetType: 0, ShiftIndex: 0, precoderGranularity: 0, numDlDci: 1
[0m[34m[MAC]    dlDmrsSymbPos 244
[0m[34m[MAC]    BWPSize:  48, BWPStart:  29, SubcarrierSpacing: 1, CyclicPrefix: 0, StartSymbolIndex: 0, DurationSymbols: 1, CceRegMappingType: 1, RegBundleSize: 6, InterleaverSize: 2, CoreSetType: 0, ShiftIndex: 0, precoderGranularity: 0, numDlDci: 1
[0m[34m[MAC]    dlDmrsSymbPos 244
[0m[34m[MAC]    BWPSize:  48, BWPStart:  29, SubcarrierSpacing: 1, CyclicPrefix: 0, StartSymbolIndex: 0, DurationSymbols: 1, CceRegMappingType: 1, RegBundleSize: 6, InterleaverSize: 2, CoreSetType: 0, ShiftIndex: 0, precoderGranularity: 0, numDlDci: 1
[0m[34m[MAC]    dlDmrsSymbPos 244
[0m[34m[MAC]    BWPSize:  48, BWPStart:  29, SubcarrierSpacing: 1, CyclicPrefix: 0, StartSymbolIndex: 0, DurationSymbols: 1, CceRegMappingType: 1, RegBundleSize: 6, InterleaverSize: 2, CoreSetType: 0, ShiftIndex: 0, precoderGranularity: 0, numDlDci: 1
[0m[34m[MAC]    [gNB 0] Frame 64 : MIB->BCH  CC_id 0, Received 3 bytes
[0m[34m[MAC]    dlDmrsSymbPos 244
[0m[34m[MAC]    BWPSize:  48, BWPStart:  29, SubcarrierSpacing: 1, CyclicPrefix: 0, StartSymbolIndex: 0, DurationSymbols: 1, CceRegMappingType: 1, RegBundleSize: 6, InterleaverSize: 2, CoreSetType: 0, ShiftIndex: 0, precoderGranularity: 0, numDlDci: 1
[0m[34m[MAC]    dlDmrsSymbPos 244
[0m[34m[MAC]    BWPSize:  48, BWPStart:  29, SubcarrierSpacing: 1, CyclicPrefix: 0, StartSymbolIndex: 0, DurationSymbols: 1, CceRegMappingType: 1, RegBundleSize: 6, InterleaverSize: 2, CoreSetType: 0, ShiftIndex: 0, precoderGranularity: 0, numDlDci: 1
[0m[34m[MAC]    dlDmrsSymbPos 244
[0m[34m[MAC]    BWPSize:  48, BWPStart:  29, SubcarrierSpacing: 1, CyclicPrefix: 0, StartSymbolIndex: 0, DurationSymbols: 1, CceRegMappingType: 1, RegBundleSize: 6, InterleaverSize: 2, CoreSetType: 0, ShiftIndex: 0, precoderGranularity: 0, numDlDci: 1
[0m[34m[MAC]    dlDmrsSymbPos 244
[0m[34m[MAC]    BWPSize:  48, BWPStart:  29, SubcarrierSpacing: 1, CyclicPrefix: 0, StartSymbolIndex: 0, DurationSymbols: 1, CceRegMappingType: 1, RegBundleSize: 6, InterleaverSize: 2, CoreSetType: 0, ShiftIndex: 0, precoderGranularity: 0, numDlDci: 1
[0m[34m[MAC]    [gNB 0] Frame 72 : MIB->BCH  CC_id 0, Received 3 bytes
[0m[34m[MAC]    dlDmrsSymbPos 244
[0m[34m[MAC]    BWPSize:  48, BWPStart:  29, SubcarrierSpacing: 1, CyclicPrefix: 0, StartSymbolIndex: 0, DurationSymbols: 1, CceRegMappingType: 1, RegBundleSize: 6, InterleaverSize: 2, CoreSetType: 0, ShiftIndex: 0, precoderGranularity: 0, numDlDci: 1
[0m[34m[MAC]    dlDmrsSymbPos 244
[0m[34m[MAC]    BWPSize:  48, BWPStart:  29, SubcarrierSpacing: 1, CyclicPrefix: 0, StartSymbolIndex: 0, DurationSymbols: 1, CceRegMappingType: 1, RegBundleSize: 6, InterleaverSize: 2, CoreSetType: 0, ShiftIndex: 0, precoderGranularity: 0, numDlDci: 1
[0m[34m[MAC]    dlDmrsSymbPos 244
[0m[34m[MAC]    BWPSize:  48, BWPStart:  29, SubcarrierSpacing: 1, CyclicPrefix: 0, StartSymbolIndex: 0, DurationSymbols: 1, CceRegMappingType: 1, RegBundleSize: 6, InterleaverSize: 2, CoreSetType: 0, ShiftIndex: 0, precoderGranularity: 0, numDlDci: 1
[0m[34m[MAC]    dlDmrsSymbPos 244
[0m[34m[MAC]    BWPSize:  48, BWPStart:  29, SubcarrierSpacing: 1, CyclicPrefix: 0, StartSymbolIndex: 0, DurationSymbols: 1, CceRegMappingType: 1, RegBundleSize: 6, InterleaverSize: 2, CoreSetType: 0, ShiftIndex: 0, precoderGranularity: 0, numDlDci: 1
[0m[34m[MAC]    [gNB 0] Frame 80 : MIB->BCH  CC_id 0, Received 3 bytes
[0m[34m[MAC]    dlDmrsSymbPos 244
[0m[34m[MAC]    BWPSize:  48, BWPStart:  29, SubcarrierSpacing: 1, CyclicPrefix: 0, StartSymbolIndex: 0, DurationSymbols: 1, CceRegMappingType: 1, RegBundleSize: 6, InterleaverSize: 2, CoreSetType: 0, ShiftIndex: 0, precoderGranularity: 0, numDlDci: 1
[0m[34m[MAC]    dlDmrsSymbPos 244
[0m[34m[MAC]    BWPSize:  48, BWPStart:  29, SubcarrierSpacing: 1, CyclicPrefix: 0, StartSymbolIndex: 0, DurationSymbols: 1, CceRegMappingType: 1, RegBundleSize: 6, InterleaverSize: 2, CoreSetType: 0, ShiftIndex: 0, precoderGranularity: 0, numDlDci: 1
[0m[34m[MAC]    dlDmrsSymbPos 244
[0m[34m[MAC]    BWPSize:  48, BWPStart:  29, SubcarrierSpacing: 1, CyclicPrefix: 0, StartSymbolIndex: 0, DurationSymbols: 1, CceRegMappingType: 1, RegBundleSize: 6, InterleaverSize: 2, CoreSetType: 0, ShiftIndex: 0, precoderGranularity: 0, numDlDci: 1
[0m[34m[MAC]    dlDmrsSymbPos 244
[0m[34m[MAC]    BWPSize:  48, BWPStart:  29, SubcarrierSpacing: 1, CyclicPrefix: 0, StartSymbolIndex: 0, DurationSymbols: 1, CceRegMappingType: 1, RegBundleSize: 6, InterleaverSize: 2, CoreSetType: 0, ShiftIndex: 0, precoderGranularity: 0, numDlDci: 1
[0m[34m[MAC]    [gNB 0] Frame 88 : MIB->BCH  CC_id 0, Received 3 bytes
[0m[34m[MAC]    dlDmrsSymbPos 244
[0m[34m[MAC]    BWPSize:  48, BWPStart:  29, SubcarrierSpacing: 1, CyclicPrefix: 0, StartSymbolIndex: 0, DurationSymbols: 1, CceRegMappingType: 1, RegBundleSize: 6, InterleaverSize: 2, CoreSetType: 0, ShiftIndex: 0, precoderGranularity: 0, numDlDci: 1
[0m[34m[MAC]    dlDmrsSymbPos 244
[0m[34m[MAC]    BWPSize:  48, BWPStart:  29, SubcarrierSpacing: 1, CyclicPrefix: 0, StartSymbolIndex: 0, DurationSymbols: 1, CceRegMappingType: 1, RegBundleSize: 6, InterleaverSize: 2, CoreSetType: 0, ShiftIndex: 0, precoderGranularity: 0, numDlDci: 1
[0m[34m[MAC]    dlDmrsSymbPos 244
[0m[34m[MAC]    BWPSize:  48, BWPStart:  29, SubcarrierSpacing: 1, CyclicPrefix: 0, StartSymbolIndex: 0, DurationSymbols: 1, CceRegMappingType: 1, RegBundleSize: 6, InterleaverSize: 2, CoreSetType: 0, ShiftIndex: 0, precoderGranularity: 0, numDlDci: 1
[0m[34m[MAC]    dlDmrsSymbPos 244
[0m[34m[MAC]    BWPSize:  48, BWPStart:  29, SubcarrierSpacing: 1, CyclicPrefix: 0, StartSymbolIndex: 0, DurationSymbols: 1, CceRegMappingType: 1, RegBundleSize: 6, InterleaverSize: 2, CoreSetType: 0, ShiftIndex: 0, precoderGranularity: 0, numDlDci: 1
[0m[34m[MAC]    [gNB 0] Frame 96 : MIB->BCH  CC_id 0, Received 3 bytes
[0m[34m[MAC]    dlDmrsSymbPos 244
[0m[34m[MAC]    BWPSize:  48, BWPStart:  29, SubcarrierSpacing: 1, CyclicPrefix: 0, StartSymbolIndex: 0, DurationSymbols: 1, CceRegMappingType: 1, RegBundleSize: 6, InterleaverSize: 2, CoreSetType: 0, ShiftIndex: 0, precoderGranularity: 0, numDlDci: 1
[0m[34m[MAC]    dlDmrsSymbPos 244
[0m[34m[MAC]    BWPSize:  48, BWPStart:  29, SubcarrierSpacing: 1, CyclicPrefix: 0, StartSymbolIndex: 0, DurationSymbols: 1, CceRegMappingType: 1, RegBundleSize: 6, InterleaverSize: 2, CoreSetType: 0, ShiftIndex: 0, precoderGranularity: 0, numDlDci: 1
[0m[34m[MAC]    dlDmrsSymbPos 244
[0m[34m[MAC]    BWPSize:  48, BWPStart:  29, SubcarrierSpacing: 1, CyclicPrefix: 0, StartSymbolIndex: 0, DurationSymbols: 1, CceRegMappingType: 1, RegBundleSize: 6, InterleaverSize: 2, CoreSetType: 0, ShiftIndex: 0, precoderGranularity: 0, numDlDci: 1
[0m[34m[MAC]    dlDmrsSymbPos 244
[0m[34m[MAC]    BWPSize:  48, BWPStart:  29, SubcarrierSpacing: 1, CyclicPrefix: 0, StartSymbolIndex: 0, DurationSymbols: 1, CceRegMappingType: 1, RegBundleSize: 6, InterleaverSize: 2, CoreSetType: 0, ShiftIndex: 0, precoderGranularity: 0, numDlDci: 1
[0m[34m[MAC]    [gNB 0] Frame 104 : MIB->BCH  CC_id 0, Received 3 bytes
[0m[34m[MAC]    dlDmrsSymbPos 244
[0m[34m[MAC]    BWPSize:  48, BWPStart:  29, SubcarrierSpacing: 1, CyclicPrefix: 0, StartSymbolIndex: 0, DurationSymbols: 1, CceRegMappingType: 1, RegBundleSize: 6, InterleaverSize: 2, CoreSetType: 0, ShiftIndex: 0, precoderGranularity: 0, numDlDci: 1
[0m[34m[MAC]    dlDmrsSymbPos 244
[0m[34m[MAC]    BWPSize:  48, BWPStart:  29, SubcarrierSpacing: 1, CyclicPrefix: 0, StartSymbolIndex: 0, DurationSymbols: 1, CceRegMappingType: 1, RegBundleSize: 6, InterleaverSize: 2, CoreSetType: 0, ShiftIndex: 0, precoderGranularity: 0, numDlDci: 1
[0m[34m[MAC]    dlDmrsSymbPos 244
[0m[34m[MAC]    BWPSize:  48, BWPStart:  29, SubcarrierSpacing: 1, CyclicPrefix: 0, StartSymbolIndex: 0, DurationSymbols: 1, CceRegMappingType: 1, RegBundleSize: 6, InterleaverSize: 2, CoreSetType: 0, ShiftIndex: 0, precoderGranularity: 0, numDlDci: 1
[0m[34m[MAC]    dlDmrsSymbPos 244
[0m[34m[MAC]    BWPSize:  48, BWPStart:  29, SubcarrierSpacing: 1, CyclicPrefix: 0, StartSymbolIndex: 0, DurationSymbols: 1, CceRegMappingType: 1, RegBundleSize: 6, InterleaverSize: 2, CoreSetType: 0, ShiftIndex: 0, precoderGranularity: 0, numDlDci: 1
[0m[34m[MAC]    [gNB 0] Frame 112 : MIB->BCH  CC_id 0, Received 3 bytes
[0m[34m[MAC]    dlDmrsSymbPos 244
[0m[34m[MAC]    BWPSize:  48, BWPStart:  29, SubcarrierSpacing: 1, CyclicPrefix: 0, StartSymbolIndex: 0, DurationSymbols: 1, CceRegMappingType: 1, RegBundleSize: 6, InterleaverSize: 2, CoreSetType: 0, ShiftIndex: 0, precoderGranularity: 0, numDlDci: 1
[0m[34m[MAC]    dlDmrsSymbPos 244
[0m[34m[MAC]    BWPSize:  48, BWPStart:  29, SubcarrierSpacing: 1, CyclicPrefix: 0, StartSymbolIndex: 0, DurationSymbols: 1, CceRegMappingType: 1, RegBundleSize: 6, InterleaverSize: 2, CoreSetType: 0, ShiftIndex: 0, precoderGranularity: 0, numDlDci: 1
[0m[34m[MAC]    dlDmrsSymbPos 244
[0m[34m[MAC]    BWPSize:  48, BWPStart:  29, SubcarrierSpacing: 1, CyclicPrefix: 0, StartSymbolIndex: 0, DurationSymbols: 1, CceRegMappingType: 1, RegBundleSize: 6, InterleaverSize: 2, CoreSetType: 0, ShiftIndex: 0, precoderGranularity: 0, numDlDci: 1
[0m[34m[MAC]    dlDmrsSymbPos 244
[0m[34m[MAC]    BWPSize:  48, BWPStart:  29, SubcarrierSpacing: 1, CyclicPrefix: 0, StartSymbolIndex: 0, DurationSymbols: 1, CceRegMappingType: 1, RegBundleSize: 6, InterleaverSize: 2, CoreSetType: 0, ShiftIndex: 0, precoderGranularity: 0, numDlDci: 1
[0m[34m[MAC]    [gNB 0] Frame 120 : MIB->BCH  CC_id 0, Received 3 bytes
[0m[34m[MAC]    dlDmrsSymbPos 244
[0m[34m[MAC]    BWPSize:  48, BWPStart:  29, SubcarrierSpacing: 1, CyclicPrefix: 0, StartSymbolIndex: 0, DurationSymbols: 1, CceRegMappingType: 1, RegBundleSize: 6, InterleaverSize: 2, CoreSetType: 0, ShiftIndex: 0, precoderGranularity: 0, numDlDci: 1
[0m[34m[MAC]    dlDmrsSymbPos 244
[0m[34m[MAC]    BWPSize:  48, BWPStart:  29, SubcarrierSpacing: 1, CyclicPrefix: 0, StartSymbolIndex: 0, DurationSymbols: 1, CceRegMappingType: 1, RegBundleSize: 6, InterleaverSize: 2, CoreSetType: 0, ShiftIndex: 0, precoderGranularity: 0, numDlDci: 1
[0m[34m[MAC]    dlDmrsSymbPos 244
[0m[34m[MAC]    BWPSize:  48, BWPStart:  29, SubcarrierSpacing: 1, CyclicPrefix: 0, StartSymbolIndex: 0, DurationSymbols: 1, CceRegMappingType: 1, RegBundleSize: 6, InterleaverSize: 2, CoreSetType: 0, ShiftIndex: 0, precoderGranularity: 0, numDlDci: 1
[0m[34m[MAC]    dlDmrsSymbPos 244
[0m[34m[MAC]    BWPSize:  48, BWPStart:  29, SubcarrierSpacing: 1, CyclicPrefix: 0, StartSymbolIndex: 0, DurationSymbols: 1, CceRegMappingType: 1, RegBundleSize: 6, InterleaverSize: 2, CoreSetType: 0, ShiftIndex: 0, precoderGranularity: 0, numDlDci: 1
[0m[34m[MAC]    [gNB 0] Frame 128 : MIB->BCH  CC_id 0, Received 3 bytes
[0m[34m[MAC]    dlDmrsSymbPos 244
[0m[34m[MAC]    BWPSize:  48, BWPStart:  29, SubcarrierSpacing: 1, CyclicPrefix: 0, StartSymbolIndex: 0, DurationSymbols: 1, CceRegMappingType: 1, RegBundleSize: 6, InterleaverSize: 2, CoreSetType: 0, ShiftIndex: 0, precoderGranularity: 0, numDlDci: 1
[0m[HW]     [o-du 0][rx  267967 pps   10752 kbps  299481][tx  796843 pps   31872 kbps  786891][Total Msgs_Rcvd 267967]
[0m[HW]     [o_du0][pusch0  230358 prach0   37605]
[0m[34m[MAC]    dlDmrsSymbPos 244
[0m[34m[MAC]    BWPSize:  48, BWPStart:  29, SubcarrierSpacing: 1, CyclicPrefix: 0, StartSymbolIndex: 0, DurationSymbols: 1, CceRegMappingType: 1, RegBundleSize: 6, InterleaverSize: 2, CoreSetType: 0, ShiftIndex: 0, precoderGranularity: 0, numDlDci: 1
[0m[34m[MAC]    dlDmrsSymbPos 244
[0m[34m[MAC]    BWPSize:  48, BWPStart:  29, SubcarrierSpacing: 1, CyclicPrefix: 0, StartSymbolIndex: 0, DurationSymbols: 1, CceRegMappingType: 1, RegBundleSize: 6, InterleaverSize: 2, CoreSetType: 0, ShiftIndex: 0, precoderGranularity: 0, numDlDci: 1
[0m[34m[MAC]    dlDmrsSymbPos 244
[0m[34m[MAC]    BWPSize:  48, BWPStart:  29, SubcarrierSpacing: 1, CyclicPrefix: 0, StartSymbolIndex: 0, DurationSymbols: 1, CceRegMappingType: 1, RegBundleSize: 6, InterleaverSize: 2, CoreSetType: 0, ShiftIndex: 0, precoderGranularity: 0, numDlDci: 1
[0m[34m[MAC]    [gNB 0] Frame 136 : MIB->BCH  CC_id 0, Received 3 bytes
[0m[34m[MAC]    dlDmrsSymbPos 244
[0m[34m[MAC]    BWPSize:  48, BWPStart:  29, SubcarrierSpacing: 1, CyclicPrefix: 0, StartSymbolIndex: 0, DurationSymbols: 1, CceRegMappingType: 1, RegBundleSize: 6, InterleaverSize: 2, CoreSetType: 0, ShiftIndex: 0, precoderGranularity: 0, numDlDci: 1
[0m[34m[MAC]    dlDmrsSymbPos 244
[0m[34m[MAC]    BWPSize:  48, BWPStart:  29, SubcarrierSpacing: 1, CyclicPrefix: 0, StartSymbolIndex: 0, DurationSymbols: 1, CceRegMappingType: 1, RegBundleSize: 6, InterleaverSize: 2, CoreSetType: 0, ShiftIndex: 0, precoderGranularity: 0, numDlDci: 1
[0m[34m[MAC]    dlDmrsSymbPos 244
[0m[34m[MAC]    BWPSize:  48, BWPStart:  29, SubcarrierSpacing: 1, CyclicPrefix: 0, StartSymbolIndex: 0, DurationSymbols: 1, CceRegMappingType: 1, RegBundleSize: 6, InterleaverSize: 2, CoreSetType: 0, ShiftIndex: 0, precoderGranularity: 0, numDlDci: 1
[0m[34m[MAC]    dlDmrsSymbPos 244
[0m[34m[MAC]    BWPSize:  48, BWPStart:  29, SubcarrierSpacing: 1, CyclicPrefix: 0, StartSymbolIndex: 0, DurationSymbols: 1, CceRegMappingType: 1, RegBundleSize: 6, InterleaverSize: 2, CoreSetType: 0, ShiftIndex: 0, precoderGranularity: 0, numDlDci: 1
[0m[34m[MAC]    [gNB 0] Frame 144 : MIB->BCH  CC_id 0, Received 3 bytes
[0m[34m[MAC]    dlDmrsSymbPos 244
[0m[34m[MAC]    BWPSize:  48, BWPStart:  29, SubcarrierSpacing: 1, CyclicPrefix: 0, StartSymbolIndex: 0, DurationSymbols: 1, CceRegMappingType: 1, RegBundleSize: 6, InterleaverSize: 2, CoreSetType: 0, ShiftIndex: 0, precoderGranularity: 0, numDlDci: 1
[0m[34m[MAC]    dlDmrsSymbPos 244
[0m[34m[MAC]    BWPSize:  48, BWPStart:  29, SubcarrierSpacing: 1, CyclicPrefix: 0, StartSymbolIndex: 0, DurationSymbols: 1, CceRegMappingType: 1, RegBundleSize: 6, InterleaverSize: 2, CoreSetType: 0, ShiftIndex: 0, precoderGranularity: 0, numDlDci: 1
[0m[34m[MAC]    dlDmrsSymbPos 244
[0m[34m[MAC]    BWPSize:  48, BWPStart:  29, SubcarrierSpacing: 1, CyclicPrefix: 0, StartSymbolIndex: 0, DurationSymbols: 1, CceRegMappingType: 1, RegBundleSize: 6, InterleaverSize: 2, CoreSetType: 0, ShiftIndex: 0, precoderGranularity: 0, numDlDci: 1
[0m[34m[MAC]    dlDmrsSymbPos 244
[0m[34m[MAC]    BWPSize:  48, BWPStart:  29, SubcarrierSpacing: 1, CyclicPrefix: 0, StartSymbolIndex: 0, DurationSymbols: 1, CceRegMappingType: 1, RegBundleSize: 6, InterleaverSize: 2, CoreSetType: 0, ShiftIndex: 0, precoderGranularity: 0, numDlDci: 1
[0m[34m[MAC]    [gNB 0] Frame 152 : MIB->BCH  CC_id 0, Received 3 bytes
[0m[34m[MAC]    dlDmrsSymbPos 244
[0m[34m[MAC]    BWPSize:  48, BWPStart:  29, SubcarrierSpacing: 1, CyclicPrefix: 0, StartSymbolIndex: 0, DurationSymbols: 1, CceRegMappingType: 1, RegBundleSize: 6, InterleaverSize: 2, CoreSetType: 0, ShiftIndex: 0, precoderGranularity: 0, numDlDci: 1
[0m[34m[MAC]    dlDmrsSymbPos 244
[0m[34m[MAC]    BWPSize:  48, BWPStart:  29, SubcarrierSpacing: 1, CyclicPrefix: 0, StartSymbolIndex: 0, DurationSymbols: 1, CceRegMappingType: 1, RegBundleSize: 6, InterleaverSize: 2, CoreSetType: 0, ShiftIndex: 0, precoderGranularity: 0, numDlDci: 1
[0m[34m[MAC]    dlDmrsSymbPos 244
[0m[34m[MAC]    BWPSize:  48, BWPStart:  29, SubcarrierSpacing: 1, CyclicPrefix: 0, StartSymbolIndex: 0, DurationSymbols: 1, CceRegMappingType: 1, RegBundleSize: 6, InterleaverSize: 2, CoreSetType: 0, ShiftIndex: 0, precoderGranularity: 0, numDlDci: 1
[0m[34m[MAC]    dlDmrsSymbPos 244
[0m[34m[MAC]    BWPSize:  48, BWPStart:  29, SubcarrierSpacing: 1, CyclicPrefix: 0, StartSymbolIndex: 0, DurationSymbols: 1, CceRegMappingType: 1, RegBundleSize: 6, InterleaverSize: 2, CoreSetType: 0, ShiftIndex: 0, precoderGranularity: 0, numDlDci: 1
[0m[34m[MAC]    [gNB 0] Frame 160 : MIB->BCH  CC_id 0, Received 3 bytes
[0m[34m[MAC]    dlDmrsSymbPos 244
[0m[34m[MAC]    BWPSize:  48, BWPStart:  29, SubcarrierSpacing: 1, CyclicPrefix: 0, StartSymbolIndex: 0, DurationSymbols: 1, CceRegMappingType: 1, RegBundleSize: 6, InterleaverSize: 2, CoreSetType: 0, ShiftIndex: 0, precoderGranularity: 0, numDlDci: 1
[0m[34m[MAC]    dlDmrsSymbPos 244
[0m[34m[MAC]    BWPSize:  48, BWPStart:  29, SubcarrierSpacing: 1, CyclicPrefix: 0, StartSymbolIndex: 0, DurationSymbols: 1, CceRegMappingType: 1, RegBundleSize: 6, InterleaverSize: 2, CoreSetType: 0, ShiftIndex: 0, precoderGranularity: 0, numDlDci: 1
[0m[34m[MAC]    dlDmrsSymbPos 244
[0m[34m[MAC]    BWPSize:  48, BWPStart:  29, SubcarrierSpacing: 1, CyclicPrefix: 0, StartSymbolIndex: 0, DurationSymbols: 1, CceRegMappingType: 1, RegBundleSize: 6, InterleaverSize: 2, CoreSetType: 0, ShiftIndex: 0, precoderGranularity: 0, numDlDci: 1
[0m[34m[MAC]    dlDmrsSymbPos 244
[0m[34m[MAC]    BWPSize:  48, BWPStart:  29, SubcarrierSpacing: 1, CyclicPrefix: 0, StartSymbolIndex: 0, DurationSymbols: 1, CceRegMappingType: 1, RegBundleSize: 6, InterleaverSize: 2, CoreSetType: 0, ShiftIndex: 0, precoderGranularity: 0, numDlDci: 1
[0m[34m[MAC]    [gNB 0] Frame 168 : MIB->BCH  CC_id 0, Received 3 bytes
[0m[34m[MAC]    dlDmrsSymbPos 244
[0m[34m[MAC]    BWPSize:  48, BWPStart:  29, SubcarrierSpacing: 1, CyclicPrefix: 0, StartSymbolIndex: 0, DurationSymbols: 1, CceRegMappingType: 1, RegBundleSize: 6, InterleaverSize: 2, CoreSetType: 0, ShiftIndex: 0, precoderGranularity: 0, numDlDci: 1
[0m[34m[MAC]    dlDmrsSymbPos 244
[0m[34m[MAC]    BWPSize:  48, BWPStart:  29, SubcarrierSpacing: 1, CyclicPrefix: 0, StartSymbolIndex: 0, DurationSymbols: 1, CceRegMappingType: 1, RegBundleSize: 6, InterleaverSize: 2, CoreSetType: 0, ShiftIndex: 0, precoderGranularity: 0, numDlDci: 1
[0m[34m[MAC]    dlDmrsSymbPos 244
[0m[34m[MAC]    BWPSize:  48, BWPStart:  29, SubcarrierSpacing: 1, CyclicPrefix: 0, StartSymbolIndex: 0, DurationSymbols: 1, CceRegMappingType: 1, RegBundleSize: 6, InterleaverSize: 2, CoreSetType: 0, ShiftIndex: 0, precoderGranularity: 0, numDlDci: 1
[0m[34m[MAC]    dlDmrsSymbPos 244
[0m[34m[MAC]    BWPSize:  48, BWPStart:  29, SubcarrierSpacing: 1, CyclicPrefix: 0, StartSymbolIndex: 0, DurationSymbols: 1, CceRegMappingType: 1, RegBundleSize: 6, InterleaverSize: 2, CoreSetType: 0, ShiftIndex: 0, precoderGranularity: 0, numDlDci: 1
[0m[34m[MAC]    [gNB 0] Frame 176 : MIB->BCH  CC_id 0, Received 3 bytes
[0m[34m[MAC]    dlDmrsSymbPos 244
[0m[34m[MAC]    BWPSize:  48, BWPStart:  29, SubcarrierSpacing: 1, CyclicPrefix: 0, StartSymbolIndex: 0, DurationSymbols: 1, CceRegMappingType: 1, RegBundleSize: 6, InterleaverSize: 2, CoreSetType: 0, ShiftIndex: 0, precoderGranularity: 0, numDlDci: 1
[0m[34m[MAC]    dlDmrsSymbPos 244
[0m[34m[MAC]    BWPSize:  48, BWPStart:  29, SubcarrierSpacing: 1, CyclicPrefix: 0, StartSymbolIndex: 0, DurationSymbols: 1, CceRegMappingType: 1, RegBundleSize: 6, InterleaverSize: 2, CoreSetType: 0, ShiftIndex: 0, precoderGranularity: 0, numDlDci: 1
[0m[34m[MAC]    dlDmrsSymbPos 244
[0m[34m[MAC]    BWPSize:  48, BWPStart:  29, SubcarrierSpacing: 1, CyclicPrefix: 0, StartSymbolIndex: 0, DurationSymbols: 1, CceRegMappingType: 1, RegBundleSize: 6, InterleaverSize: 2, CoreSetType: 0, ShiftIndex: 0, precoderGranularity: 0, numDlDci: 1
[0m[34m[MAC]    dlDmrsSymbPos 244
[0m[34m[MAC]    BWPSize:  48, BWPStart:  29, SubcarrierSpacing: 1, CyclicPrefix: 0, StartSymbolIndex: 0, DurationSymbols: 1, CceRegMappingType: 1, RegBundleSize: 6, InterleaverSize: 2, CoreSetType: 0, ShiftIndex: 0, precoderGranularity: 0, numDlDci: 1
[0m[34m[MAC]    [gNB 0] Frame 184 : MIB->BCH  CC_id 0, Received 3 bytes
[0m[34m[MAC]    dlDmrsSymbPos 244
[0m[34m[MAC]    BWPSize:  48, BWPStart:  29, SubcarrierSpacing: 1, CyclicPrefix: 0, StartSymbolIndex: 0, DurationSymbols: 1, CceRegMappingType: 1, RegBundleSize: 6, InterleaverSize: 2, CoreSetType: 0, ShiftIndex: 0, precoderGranularity: 0, numDlDci: 1
[0m[34m[MAC]    dlDmrsSymbPos 244
[0m[34m[MAC]    BWPSize:  48, BWPStart:  29, SubcarrierSpacing: 1, CyclicPrefix: 0, StartSymbolIndex: 0, DurationSymbols: 1, CceRegMappingType: 1, RegBundleSize: 6, InterleaverSize: 2, CoreSetType: 0, ShiftIndex: 0, precoderGranularity: 0, numDlDci: 1
[0m[34m[MAC]    dlDmrsSymbPos 244
[0m[34m[MAC]    BWPSize:  48, BWPStart:  29, SubcarrierSpacing: 1, CyclicPrefix: 0, StartSymbolIndex: 0, DurationSymbols: 1, CceRegMappingType: 1, RegBundleSize: 6, InterleaverSize: 2, CoreSetType: 0, ShiftIndex: 0, precoderGranularity: 0, numDlDci: 1
[0m[34m[MAC]    dlDmrsSymbPos 244
[0m[34m[MAC]    BWPSize:  48, BWPStart:  29, SubcarrierSpacing: 1, CyclicPrefix: 0, StartSymbolIndex: 0, DurationSymbols: 1, CceRegMappingType: 1, RegBundleSize: 6, InterleaverSize: 2, CoreSetType: 0, ShiftIndex: 0, precoderGranularity: 0, numDlDci: 1
[0m[34m[MAC]    [gNB 0] Frame 192 : MIB->BCH  CC_id 0, Received 3 bytes
[0m[34m[MAC]    dlDmrsSymbPos 244
[0m[34m[MAC]    BWPSize:  48, BWPStart:  29, SubcarrierSpacing: 1, CyclicPrefix: 0, StartSymbolIndex: 0, DurationSymbols: 1, CceRegMappingType: 1, RegBundleSize: 6, InterleaverSize: 2, CoreSetType: 0, ShiftIndex: 0, precoderGranularity: 0, numDlDci: 1
[0m[34m[MAC]    dlDmrsSymbPos 244
[0m[34m[MAC]    BWPSize:  48, BWPStart:  29, SubcarrierSpacing: 1, CyclicPrefix: 0, StartSymbolIndex: 0, DurationSymbols: 1, CceRegMappingType: 1, RegBundleSize: 6, InterleaverSize: 2, CoreSetType: 0, ShiftIndex: 0, precoderGranularity: 0, numDlDci: 1
[0m[34m[MAC]    dlDmrsSymbPos 244
[0m[34m[MAC]    BWPSize:  48, BWPStart:  29, SubcarrierSpacing: 1, CyclicPrefix: 0, StartSymbolIndex: 0, DurationSymbols: 1, CceRegMappingType: 1, RegBundleSize: 6, InterleaverSize: 2, CoreSetType: 0, ShiftIndex: 0, precoderGranularity: 0, numDlDci: 1
[0m[34m[MAC]    dlDmrsSymbPos 244
[0m[34m[MAC]    BWPSize:  48, BWPStart:  29, SubcarrierSpacing: 1, CyclicPrefix: 0, StartSymbolIndex: 0, DurationSymbols: 1, CceRegMappingType: 1, RegBundleSize: 6, InterleaverSize: 2, CoreSetType: 0, ShiftIndex: 0, precoderGranularity: 0, numDlDci: 1
[0m[34m[MAC]    [gNB 0] Frame 200 : MIB->BCH  CC_id 0, Received 3 bytes
[0m[34m[MAC]    dlDmrsSymbPos 244
[0m[34m[MAC]    BWPSize:  48, BWPStart:  29, SubcarrierSpacing: 1, CyclicPrefix: 0, StartSymbolIndex: 0, DurationSymbols: 1, CceRegMappingType: 1, RegBundleSize: 6, InterleaverSize: 2, CoreSetType: 0, ShiftIndex: 0, precoderGranularity: 0, numDlDci: 1
[0m[34m[MAC]    dlDmrsSymbPos 244
[0m[34m[MAC]    BWPSize:  48, BWPStart:  29, SubcarrierSpacing: 1, CyclicPrefix: 0, StartSymbolIndex: 0, DurationSymbols: 1, CceRegMappingType: 1, RegBundleSize: 6, InterleaverSize: 2, CoreSetType: 0, ShiftIndex: 0, precoderGranularity: 0, numDlDci: 1
[0m[34m[MAC]    dlDmrsSymbPos 244
[0m[34m[MAC]    BWPSize:  48, BWPStart:  29, SubcarrierSpacing: 1, CyclicPrefix: 0, StartSymbolIndex: 0, DurationSymbols: 1, CceRegMappingType: 1, RegBundleSize: 6, InterleaverSize: 2, CoreSetType: 0, ShiftIndex: 0, precoderGranularity: 0, numDlDci: 1
[0m[34m[MAC]    dlDmrsSymbPos 244
[0m[34m[MAC]    BWPSize:  48, BWPStart:  29, SubcarrierSpacing: 1, CyclicPrefix: 0, StartSymbolIndex: 0, DurationSymbols: 1, CceRegMappingType: 1, RegBundleSize: 6, InterleaverSize: 2, CoreSetType: 0, ShiftIndex: 0, precoderGranularity: 0, numDlDci: 1
[0m[34m[MAC]    [gNB 0] Frame 208 : MIB->BCH  CC_id 0, Received 3 bytes
[0m[34m[MAC]    dlDmrsSymbPos 244
[0m[34m[MAC]    BWPSize:  48, BWPStart:  29, SubcarrierSpacing: 1, CyclicPrefix: 0, StartSymbolIndex: 0, DurationSymbols: 1, CceRegMappingType: 1, RegBundleSize: 6, InterleaverSize: 2, CoreSetType: 0, ShiftIndex: 0, precoderGranularity: 0, numDlDci: 1
[0m[34m[MAC]    dlDmrsSymbPos 244
[0m[34m[MAC]    BWPSize:  48, BWPStart:  29, SubcarrierSpacing: 1, CyclicPrefix: 0, StartSymbolIndex: 0, DurationSymbols: 1, CceRegMappingType: 1, RegBundleSize: 6, InterleaverSize: 2, CoreSetType: 0, ShiftIndex: 0, precoderGranularity: 0, numDlDci: 1
[0m[34m[MAC]    dlDmrsSymbPos 244
[0m[34m[MAC]    BWPSize:  48, BWPStart:  29, SubcarrierSpacing: 1, CyclicPrefix: 0, StartSymbolIndex: 0, DurationSymbols: 1, CceRegMappingType: 1, RegBundleSize: 6, InterleaverSize: 2, CoreSetType: 0, ShiftIndex: 0, precoderGranularity: 0, numDlDci: 1
[0m[34m[MAC]    dlDmrsSymbPos 244
[0m[34m[MAC]    BWPSize:  48, BWPStart:  29, SubcarrierSpacing: 1, CyclicPrefix: 0, StartSymbolIndex: 0, DurationSymbols: 1, CceRegMappingType: 1, RegBundleSize: 6, InterleaverSize: 2, CoreSetType: 0, ShiftIndex: 0, precoderGranularity: 0, numDlDci: 1
[0m[34m[MAC]    [gNB 0] Frame 216 : MIB->BCH  CC_id 0, Received 3 bytes
[0m[34m[MAC]    dlDmrsSymbPos 244
[0m[34m[MAC]    BWPSize:  48, BWPStart:  29, SubcarrierSpacing: 1, CyclicPrefix: 0, StartSymbolIndex: 0, DurationSymbols: 1, CceRegMappingType: 1, RegBundleSize: 6, InterleaverSize: 2, CoreSetType: 0, ShiftIndex: 0, precoderGranularity: 0, numDlDci: 1
[0m[34m[MAC]    dlDmrsSymbPos 244
[0m[34m[MAC]    BWPSize:  48, BWPStart:  29, SubcarrierSpacing: 1, CyclicPrefix: 0, StartSymbolIndex: 0, DurationSymbols: 1, CceRegMappingType: 1, RegBundleSize: 6, InterleaverSize: 2, CoreSetType: 0, ShiftIndex: 0, precoderGranularity: 0, numDlDci: 1
[0m[34m[MAC]    dlDmrsSymbPos 244
[0m[34m[MAC]    BWPSize:  48, BWPStart:  29, SubcarrierSpacing: 1, CyclicPrefix: 0, StartSymbolIndex: 0, DurationSymbols: 1, CceRegMappingType: 1, RegBundleSize: 6, InterleaverSize: 2, CoreSetType: 0, ShiftIndex: 0, precoderGranularity: 0, numDlDci: 1
[0m[34m[MAC]    dlDmrsSymbPos 244
[0m[34m[MAC]    BWPSize:  48, BWPStart:  29, SubcarrierSpacing: 1, CyclicPrefix: 0, StartSymbolIndex: 0, DurationSymbols: 1, CceRegMappingType: 1, RegBundleSize: 6, InterleaverSize: 2, CoreSetType: 0, ShiftIndex: 0, precoderGranularity: 0, numDlDci: 1
[0m[34m[MAC]    [gNB 0] Frame 224 : MIB->BCH  CC_id 0, Received 3 bytes
[0m[34m[MAC]    dlDmrsSymbPos 244
[0m[34m[MAC]    BWPSize:  48, BWPStart:  29, SubcarrierSpacing: 1, CyclicPrefix: 0, StartSymbolIndex: 0, DurationSymbols: 1, CceRegMappingType: 1, RegBundleSize: 6, InterleaverSize: 2, CoreSetType: 0, ShiftIndex: 0, precoderGranularity: 0, numDlDci: 1
[0m[34m[MAC]    dlDmrsSymbPos 244
[0m[34m[MAC]    BWPSize:  48, BWPStart:  29, SubcarrierSpacing: 1, CyclicPrefix: 0, StartSymbolIndex: 0, DurationSymbols: 1, CceRegMappingType: 1, RegBundleSize: 6, InterleaverSize: 2, CoreSetType: 0, ShiftIndex: 0, precoderGranularity: 0, numDlDci: 1
[0m[34m[MAC]    dlDmrsSymbPos 244
[0m[34m[MAC]    BWPSize:  48, BWPStart:  29, SubcarrierSpacing: 1, CyclicPrefix: 0, StartSymbolIndex: 0, DurationSymbols: 1, CceRegMappingType: 1, RegBundleSize: 6, InterleaverSize: 2, CoreSetType: 0, ShiftIndex: 0, precoderGranularity: 0, numDlDci: 1
[0m[34m[MAC]    dlDmrsSymbPos 244
[0m[34m[MAC]    BWPSize:  48, BWPStart:  29, SubcarrierSpacing: 1, CyclicPrefix: 0, StartSymbolIndex: 0, DurationSymbols: 1, CceRegMappingType: 1, RegBundleSize: 6, InterleaverSize: 2, CoreSetType: 0, ShiftIndex: 0, precoderGranularity: 0, numDlDci: 1
[0m[34m[MAC]    [gNB 0] Frame 232 : MIB->BCH  CC_id 0, Received 3 bytes
[0m[34m[MAC]    dlDmrsSymbPos 244
[0m[34m[MAC]    BWPSize:  48, BWPStart:  29, SubcarrierSpacing: 1, CyclicPrefix: 0, StartSymbolIndex: 0, DurationSymbols: 1, CceRegMappingType: 1, RegBundleSize: 6, InterleaverSize: 2, CoreSetType: 0, ShiftIndex: 0, precoderGranularity: 0, numDlDci: 1
[0m[34m[MAC]    dlDmrsSymbPos 244
[0m[34m[MAC]    BWPSize:  48, BWPStart:  29, SubcarrierSpacing: 1, CyclicPrefix: 0, StartSymbolIndex: 0, DurationSymbols: 1, CceRegMappingType: 1, RegBundleSize: 6, InterleaverSize: 2, CoreSetType: 0, ShiftIndex: 0, precoderGranularity: 0, numDlDci: 1
[0m[34m[MAC]    dlDmrsSymbPos 244
[0m[34m[MAC]    BWPSize:  48, BWPStart:  29, SubcarrierSpacing: 1, CyclicPrefix: 0, StartSymbolIndex: 0, DurationSymbols: 1, CceRegMappingType: 1, RegBundleSize: 6, InterleaverSize: 2, CoreSetType: 0, ShiftIndex: 0, precoderGranularity: 0, numDlDci: 1
[0m[34m[MAC]    dlDmrsSymbPos 244
[0m[34m[MAC]    BWPSize:  48, BWPStart:  29, SubcarrierSpacing: 1, CyclicPrefix: 0, StartSymbolIndex: 0, DurationSymbols: 1, CceRegMappingType: 1, RegBundleSize: 6, InterleaverSize: 2, CoreSetType: 0, ShiftIndex: 0, precoderGranularity: 0, numDlDci: 1
[0m[34m[MAC]    [gNB 0] Frame 240 : MIB->BCH  CC_id 0, Received 3 bytes
[0m[34m[MAC]    dlDmrsSymbPos 244
[0m[34m[MAC]    BWPSize:  48, BWPStart:  29, SubcarrierSpacing: 1, CyclicPrefix: 0, StartSymbolIndex: 0, DurationSymbols: 1, CceRegMappingType: 1, RegBundleSize: 6, InterleaverSize: 2, CoreSetType: 0, ShiftIndex: 0, precoderGranularity: 0, numDlDci: 1
[0m[34m[MAC]    dlDmrsSymbPos 244
[0m[34m[MAC]    BWPSize:  48, BWPStart:  29, SubcarrierSpacing: 1, CyclicPrefix: 0, StartSymbolIndex: 0, DurationSymbols: 1, CceRegMappingType: 1, RegBundleSize: 6, InterleaverSize: 2, CoreSetType: 0, ShiftIndex: 0, precoderGranularity: 0, numDlDci: 1
[0m[34m[MAC]    dlDmrsSymbPos 244
[0m[34m[MAC]    BWPSize:  48, BWPStart:  29, SubcarrierSpacing: 1, CyclicPrefix: 0, StartSymbolIndex: 0, DurationSymbols: 1, CceRegMappingType: 1, RegBundleSize: 6, InterleaverSize: 2, CoreSetType: 0, ShiftIndex: 0, precoderGranularity: 0, numDlDci: 1
[0m[34m[MAC]    dlDmrsSymbPos 244
[0m[34m[MAC]    BWPSize:  48, BWPStart:  29, SubcarrierSpacing: 1, CyclicPrefix: 0, StartSymbolIndex: 0, DurationSymbols: 1, CceRegMappingType: 1, RegBundleSize: 6, InterleaverSize: 2, CoreSetType: 0, ShiftIndex: 0, precoderGranularity: 0, numDlDci: 1
[0m[34m[MAC]    [gNB 0] Frame 248 : MIB->BCH  CC_id 0, Received 3 bytes
[0m[34m[MAC]    dlDmrsSymbPos 244
[0m[34m[MAC]    BWPSize:  48, BWPStart:  29, SubcarrierSpacing: 1, CyclicPrefix: 0, StartSymbolIndex: 0, DurationSymbols: 1, CceRegMappingType: 1, RegBundleSize: 6, InterleaverSize: 2, CoreSetType: 0, ShiftIndex: 0, precoderGranularity: 0, numDlDci: 1
[0m[34m[MAC]    dlDmrsSymbPos 244
[0m[34m[MAC]    BWPSize:  48, BWPStart:  29, SubcarrierSpacing: 1, CyclicPrefix: 0, StartSymbolIndex: 0, DurationSymbols: 1, CceRegMappingType: 1, RegBundleSize: 6, InterleaverSize: 2, CoreSetType: 0, ShiftIndex: 0, precoderGranularity: 0, numDlDci: 1
[0m[34m[MAC]    dlDmrsSymbPos 244
[0m[34m[MAC]    BWPSize:  48, BWPStart:  29, SubcarrierSpacing: 1, CyclicPrefix: 0, StartSymbolIndex: 0, DurationSymbols: 1, CceRegMappingType: 1, RegBundleSize: 6, InterleaverSize: 2, CoreSetType: 0, ShiftIndex: 0, precoderGranularity: 0, numDlDci: 1
[0m[34m[MAC]    dlDmrsSymbPos 244
[0m[34m[MAC]    BWPSize:  48, BWPStart:  29, SubcarrierSpacing: 1, CyclicPrefix: 0, StartSymbolIndex: 0, DurationSymbols: 1, CceRegMappingType: 1, RegBundleSize: 6, InterleaverSize: 2, CoreSetType: 0, ShiftIndex: 0, precoderGranularity: 0, numDlDci: 1
[0m[34m[MAC]    [gNB 0] Frame 256 : MIB->BCH  CC_id 0, Received 3 bytes
[0m[34m[MAC]    dlDmrsSymbPos 244
[0m[34m[MAC]    BWPSize:  48, BWPStart:  29, SubcarrierSpacing: 1, CyclicPrefix: 0, StartSymbolIndex: 0, DurationSymbols: 1, CceRegMappingType: 1, RegBundleSize: 6, InterleaverSize: 2, CoreSetType: 0, ShiftIndex: 0, precoderGranularity: 0, numDlDci: 1
[0m[HW]     [o-du 0][rx  278719 pps   10752 kbps  299481][tx  828715 pps   31872 kbps  786891][Total Msgs_Rcvd 278719]
[0m[HW]     [o_du0][pusch0  239574 prach0   39141]
[0m[34m[MAC]    dlDmrsSymbPos 244
[0m[34m[MAC]    BWPSize:  48, BWPStart:  29, SubcarrierSpacing: 1, CyclicPrefix: 0, StartSymbolIndex: 0, DurationSymbols: 1, CceRegMappingType: 1, RegBundleSize: 6, InterleaverSize: 2, CoreSetType: 0, ShiftIndex: 0, precoderGranularity: 0, numDlDci: 1
[0m[34m[MAC]    dlDmrsSymbPos 244
[0m[34m[MAC]    BWPSize:  48, BWPStart:  29, SubcarrierSpacing: 1, CyclicPrefix: 0, StartSymbolIndex: 0, DurationSymbols: 1, CceRegMappingType: 1, RegBundleSize: 6, InterleaverSize: 2, CoreSetType: 0, ShiftIndex: 0, precoderGranularity: 0, numDlDci: 1
[0m[34m[MAC]    dlDmrsSymbPos 244
[0m[34m[MAC]    BWPSize:  48, BWPStart:  29, SubcarrierSpacing: 1, CyclicPrefix: 0, StartSymbolIndex: 0, DurationSymbols: 1, CceRegMappingType: 1, RegBundleSize: 6, InterleaverSize: 2, CoreSetType: 0, ShiftIndex: 0, precoderGranularity: 0, numDlDci: 1
[0m[34m[MAC]    [gNB 0] Frame 264 : MIB->BCH  CC_id 0, Received 3 bytes
[0m[34m[MAC]    dlDmrsSymbPos 244
[0m[34m[MAC]    BWPSize:  48, BWPStart:  29, SubcarrierSpacing: 1, CyclicPrefix: 0, StartSymbolIndex: 0, DurationSymbols: 1, CceRegMappingType: 1, RegBundleSize: 6, InterleaverSize: 2, CoreSetType: 0, ShiftIndex: 0, precoderGranularity: 0, numDlDci: 1
[0m[34m[MAC]    dlDmrsSymbPos 244
[0m[34m[MAC]    BWPSize:  48, BWPStart:  29, SubcarrierSpacing: 1, CyclicPrefix: 0, StartSymbolIndex: 0, DurationSymbols: 1, CceRegMappingType: 1, RegBundleSize: 6, InterleaverSize: 2, CoreSetType: 0, ShiftIndex: 0, precoderGranularity: 0, numDlDci: 1
[0m[34m[MAC]    dlDmrsSymbPos 244
[0m[34m[MAC]    BWPSize:  48, BWPStart:  29, SubcarrierSpacing: 1, CyclicPrefix: 0, StartSymbolIndex: 0, DurationSymbols: 1, CceRegMappingType: 1, RegBundleSize: 6, InterleaverSize: 2, CoreSetType: 0, ShiftIndex: 0, precoderGranularity: 0, numDlDci: 1
[0m[34m[MAC]    dlDmrsSymbPos 244
[0m[34m[MAC]    BWPSize:  48, BWPStart:  29, SubcarrierSpacing: 1, CyclicPrefix: 0, StartSymbolIndex: 0, DurationSymbols: 1, CceRegMappingType: 1, RegBundleSize: 6, InterleaverSize: 2, CoreSetType: 0, ShiftIndex: 0, precoderGranularity: 0, numDlDci: 1
[0m[34m[MAC]    [gNB 0] Frame 272 : MIB->BCH  CC_id 0, Received 3 bytes
[0m[34m[MAC]    dlDmrsSymbPos 244
[0m[34m[MAC]    BWPSize:  48, BWPStart:  29, SubcarrierSpacing: 1, CyclicPrefix: 0, StartSymbolIndex: 0, DurationSymbols: 1, CceRegMappingType: 1, RegBundleSize: 6, InterleaverSize: 2, CoreSetType: 0, ShiftIndex: 0, precoderGranularity: 0, numDlDci: 1
[0m[34m[MAC]    dlDmrsSymbPos 244
[0m[34m[MAC]    BWPSize:  48, BWPStart:  29, SubcarrierSpacing: 1, CyclicPrefix: 0, StartSymbolIndex: 0, DurationSymbols: 1, CceRegMappingType: 1, RegBundleSize: 6, InterleaverSize: 2, CoreSetType: 0, ShiftIndex: 0, precoderGranularity: 0, numDlDci: 1
[0m[34m[MAC]    dlDmrsSymbPos 244
[0m[34m[MAC]    BWPSize:  48, BWPStart:  29, SubcarrierSpacing: 1, CyclicPrefix: 0, StartSymbolIndex: 0, DurationSymbols: 1, CceRegMappingType: 1, RegBundleSize: 6, InterleaverSize: 2, CoreSetType: 0, ShiftIndex: 0, precoderGranularity: 0, numDlDci: 1
[0m[34m[MAC]    dlDmrsSymbPos 244
[0m[34m[MAC]    BWPSize:  48, BWPStart:  29, SubcarrierSpacing: 1, CyclicPrefix: 0, StartSymbolIndex: 0, DurationSymbols: 1, CceRegMappingType: 1, RegBundleSize: 6, InterleaverSize: 2, CoreSetType: 0, ShiftIndex: 0, precoderGranularity: 0, numDlDci: 1
[0m[34m[MAC]    [gNB 0] Frame 280 : MIB->BCH  CC_id 0, Received 3 bytes
[0m[34m[MAC]    dlDmrsSymbPos 244
[0m[34m[MAC]    BWPSize:  48, BWPStart:  29, SubcarrierSpacing: 1, CyclicPrefix: 0, StartSymbolIndex: 0, DurationSymbols: 1, CceRegMappingType: 1, RegBundleSize: 6, InterleaverSize: 2, CoreSetType: 0, ShiftIndex: 0, precoderGranularity: 0, numDlDci: 1
[0m[34m[MAC]    dlDmrsSymbPos 244
[0m[34m[MAC]    BWPSize:  48, BWPStart:  29, SubcarrierSpacing: 1, CyclicPrefix: 0, StartSymbolIndex: 0, DurationSymbols: 1, CceRegMappingType: 1, RegBundleSize: 6, InterleaverSize: 2, CoreSetType: 0, ShiftIndex: 0, precoderGranularity: 0, numDlDci: 1
[0m[34m[MAC]    dlDmrsSymbPos 244
[0m[34m[MAC]    BWPSize:  48, BWPStart:  29, SubcarrierSpacing: 1, CyclicPrefix: 0, StartSymbolIndex: 0, DurationSymbols: 1, CceRegMappingType: 1, RegBundleSize: 6, InterleaverSize: 2, CoreSetType: 0, ShiftIndex: 0, precoderGranularity: 0, numDlDci: 1
[0m[34m[MAC]    dlDmrsSymbPos 244
[0m[34m[MAC]    BWPSize:  48, BWPStart:  29, SubcarrierSpacing: 1, CyclicPrefix: 0, StartSymbolIndex: 0, DurationSymbols: 1, CceRegMappingType: 1, RegBundleSize: 6, InterleaverSize: 2, CoreSetType: 0, ShiftIndex: 0, precoderGranularity: 0, numDlDci: 1
[0m[34m[MAC]    [gNB 0] Frame 288 : MIB->BCH  CC_id 0, Received 3 bytes
[0m[34m[MAC]    dlDmrsSymbPos 244
[0m[34m[MAC]    BWPSize:  48, BWPStart:  29, SubcarrierSpacing: 1, CyclicPrefix: 0, StartSymbolIndex: 0, DurationSymbols: 1, CceRegMappingType: 1, RegBundleSize: 6, InterleaverSize: 2, CoreSetType: 0, ShiftIndex: 0, precoderGranularity: 0, numDlDci: 1
[0m[34m[MAC]    dlDmrsSymbPos 244
[0m[34m[MAC]    BWPSize:  48, BWPStart:  29, SubcarrierSpacing: 1, CyclicPrefix: 0, StartSymbolIndex: 0, DurationSymbols: 1, CceRegMappingType: 1, RegBundleSize: 6, InterleaverSize: 2, CoreSetType: 0, ShiftIndex: 0, precoderGranularity: 0, numDlDci: 1
[0m[34m[MAC]    dlDmrsSymbPos 244
[0m[34m[MAC]    BWPSize:  48, BWPStart:  29, SubcarrierSpacing: 1, CyclicPrefix: 0, StartSymbolIndex: 0, DurationSymbols: 1, CceRegMappingType: 1, RegBundleSize: 6, InterleaverSize: 2, CoreSetType: 0, ShiftIndex: 0, precoderGranularity: 0, numDlDci: 1
[0m[34m[MAC]    dlDmrsSymbPos 244
[0m[34m[MAC]    BWPSize:  48, BWPStart:  29, SubcarrierSpacing: 1, CyclicPrefix: 0, StartSymbolIndex: 0, DurationSymbols: 1, CceRegMappingType: 1, RegBundleSize: 6, InterleaverSize: 2, CoreSetType: 0, ShiftIndex: 0, precoderGranularity: 0, numDlDci: 1
[0m[34m[MAC]    [gNB 0] Frame 296 : MIB->BCH  CC_id 0, Received 3 bytes
[0m[34m[MAC]    dlDmrsSymbPos 244
[0m[34m[MAC]    BWPSize:  48, BWPStart:  29, SubcarrierSpacing: 1, CyclicPrefix: 0, StartSymbolIndex: 0, DurationSymbols: 1, CceRegMappingType: 1, RegBundleSize: 6, InterleaverSize: 2, CoreSetType: 0, ShiftIndex: 0, precoderGranularity: 0, numDlDci: 1
[0m[34m[MAC]    dlDmrsSymbPos 244
[0m[34m[MAC]    BWPSize:  48, BWPStart:  29, SubcarrierSpacing: 1, CyclicPrefix: 0, StartSymbolIndex: 0, DurationSymbols: 1, CceRegMappingType: 1, RegBundleSize: 6, InterleaverSize: 2, CoreSetType: 0, ShiftIndex: 0, precoderGranularity: 0, numDlDci: 1
[0m[34m[MAC]    dlDmrsSymbPos 244
[0m[34m[MAC]    BWPSize:  48, BWPStart:  29, SubcarrierSpacing: 1, CyclicPrefix: 0, StartSymbolIndex: 0, DurationSymbols: 1, CceRegMappingType: 1, RegBundleSize: 6, InterleaverSize: 2, CoreSetType: 0, ShiftIndex: 0, precoderGranularity: 0, numDlDci: 1
[0m[34m[MAC]    dlDmrsSymbPos 244
[0m[34m[MAC]    BWPSize:  48, BWPStart:  29, SubcarrierSpacing: 1, CyclicPrefix: 0, StartSymbolIndex: 0, DurationSymbols: 1, CceRegMappingType: 1, RegBundleSize: 6, InterleaverSize: 2, CoreSetType: 0, ShiftIndex: 0, precoderGranularity: 0, numDlDci: 1
[0m[34m[MAC]    [gNB 0] Frame 304 : MIB->BCH  CC_id 0, Received 3 bytes
[0m[34m[MAC]    dlDmrsSymbPos 244
[0m[34m[MAC]    BWPSize:  48, BWPStart:  29, SubcarrierSpacing: 1, CyclicPrefix: 0, StartSymbolIndex: 0, DurationSymbols: 1, CceRegMappingType: 1, RegBundleSize: 6, InterleaverSize: 2, CoreSetType: 0, ShiftIndex: 0, precoderGranularity: 0, numDlDci: 1
[0m[34m[MAC]    dlDmrsSymbPos 244
[0m[34m[MAC]    BWPSize:  48, BWPStart:  29, SubcarrierSpacing: 1, CyclicPrefix: 0, StartSymbolIndex: 0, DurationSymbols: 1, CceRegMappingType: 1, RegBundleSize: 6, InterleaverSize: 2, CoreSetType: 0, ShiftIndex: 0, precoderGranularity: 0, numDlDci: 1
[0m[34m[MAC]    dlDmrsSymbPos 244
[0m[34m[MAC]    BWPSize:  48, BWPStart:  29, SubcarrierSpacing: 1, CyclicPrefix: 0, StartSymbolIndex: 0, DurationSymbols: 1, CceRegMappingType: 1, RegBundleSize: 6, InterleaverSize: 2, CoreSetType: 0, ShiftIndex: 0, precoderGranularity: 0, numDlDci: 1
[0m[34m[MAC]    dlDmrsSymbPos 244
[0m[34m[MAC]    BWPSize:  48, BWPStart:  29, SubcarrierSpacing: 1, CyclicPrefix: 0, StartSymbolIndex: 0, DurationSymbols: 1, CceRegMappingType: 1, RegBundleSize: 6, InterleaverSize: 2, CoreSetType: 0, ShiftIndex: 0, precoderGranularity: 0, numDlDci: 1
[0m[34m[MAC]    [gNB 0] Frame 312 : MIB->BCH  CC_id 0, Received 3 bytes
[0m[34m[MAC]    dlDmrsSymbPos 244
[0m[34m[MAC]    BWPSize:  48, BWPStart:  29, SubcarrierSpacing: 1, CyclicPrefix: 0, StartSymbolIndex: 0, DurationSymbols: 1, CceRegMappingType: 1, RegBundleSize: 6, InterleaverSize: 2, CoreSetType: 0, ShiftIndex: 0, precoderGranularity: 0, numDlDci: 1
[0m[34m[MAC]    dlDmrsSymbPos 244
[0m[34m[MAC]    BWPSize:  48, BWPStart:  29, SubcarrierSpacing: 1, CyclicPrefix: 0, StartSymbolIndex: 0, DurationSymbols: 1, CceRegMappingType: 1, RegBundleSize: 6, InterleaverSize: 2, CoreSetType: 0, ShiftIndex: 0, precoderGranularity: 0, numDlDci: 1
[0m[34m[MAC]    dlDmrsSymbPos 244
[0m[34m[MAC]    BWPSize:  48, BWPStart:  29, SubcarrierSpacing: 1, CyclicPrefix: 0, StartSymbolIndex: 0, DurationSymbols: 1, CceRegMappingType: 1, RegBundleSize: 6, InterleaverSize: 2, CoreSetType: 0, ShiftIndex: 0, precoderGranularity: 0, numDlDci: 1
[0m[34m[MAC]    dlDmrsSymbPos 244
[0m[34m[MAC]    BWPSize:  48, BWPStart:  29, SubcarrierSpacing: 1, CyclicPrefix: 0, StartSymbolIndex: 0, DurationSymbols: 1, CceRegMappingType: 1, RegBundleSize: 6, InterleaverSize: 2, CoreSetType: 0, ShiftIndex: 0, precoderGranularity: 0, numDlDci: 1
[0m[34m[MAC]    [gNB 0] Frame 320 : MIB->BCH  CC_id 0, Received 3 bytes
[0m[34m[MAC]    dlDmrsSymbPos 244
[0m[34m[MAC]    BWPSize:  48, BWPStart:  29, SubcarrierSpacing: 1, CyclicPrefix: 0, StartSymbolIndex: 0, DurationSymbols: 1, CceRegMappingType: 1, RegBundleSize: 6, InterleaverSize: 2, CoreSetType: 0, ShiftIndex: 0, precoderGranularity: 0, numDlDci: 1
[0m[34m[MAC]    dlDmrsSymbPos 244
[0m[34m[MAC]    BWPSize:  48, BWPStart:  29, SubcarrierSpacing: 1, CyclicPrefix: 0, StartSymbolIndex: 0, DurationSymbols: 1, CceRegMappingType: 1, RegBundleSize: 6, InterleaverSize: 2, CoreSetType: 0, ShiftIndex: 0, precoderGranularity: 0, numDlDci: 1
[0m[34m[MAC]    dlDmrsSymbPos 244
[0m[34m[MAC]    BWPSize:  48, BWPStart:  29, SubcarrierSpacing: 1, CyclicPrefix: 0, StartSymbolIndex: 0, DurationSymbols: 1, CceRegMappingType: 1, RegBundleSize: 6, InterleaverSize: 2, CoreSetType: 0, ShiftIndex: 0, precoderGranularity: 0, numDlDci: 1
[0m[34m[MAC]    dlDmrsSymbPos 244
[0m[34m[MAC]    BWPSize:  48, BWPStart:  29, SubcarrierSpacing: 1, CyclicPrefix: 0, StartSymbolIndex: 0, DurationSymbols: 1, CceRegMappingType: 1, RegBundleSize: 6, InterleaverSize: 2, CoreSetType: 0, ShiftIndex: 0, precoderGranularity: 0, numDlDci: 1
[0m[34m[MAC]    [gNB 0] Frame 328 : MIB->BCH  CC_id 0, Received 3 bytes
[0m[34m[MAC]    dlDmrsSymbPos 244
[0m[34m[MAC]    BWPSize:  48, BWPStart:  29, SubcarrierSpacing: 1, CyclicPrefix: 0, StartSymbolIndex: 0, DurationSymbols: 1, CceRegMappingType: 1, RegBundleSize: 6, InterleaverSize: 2, CoreSetType: 0, ShiftIndex: 0, precoderGranularity: 0, numDlDci: 1
[0m[34m[MAC]    dlDmrsSymbPos 244
[0m[34m[MAC]    BWPSize:  48, BWPStart:  29, SubcarrierSpacing: 1, CyclicPrefix: 0, StartSymbolIndex: 0, DurationSymbols: 1, CceRegMappingType: 1, RegBundleSize: 6, InterleaverSize: 2, CoreSetType: 0, ShiftIndex: 0, precoderGranularity: 0, numDlDci: 1
[0m[34m[MAC]    dlDmrsSymbPos 244
[0m[34m[MAC]    BWPSize:  48, BWPStart:  29, SubcarrierSpacing: 1, CyclicPrefix: 0, StartSymbolIndex: 0, DurationSymbols: 1, CceRegMappingType: 1, RegBundleSize: 6, InterleaverSize: 2, CoreSetType: 0, ShiftIndex: 0, precoderGranularity: 0, numDlDci: 1
[0m[34m[MAC]    dlDmrsSymbPos 244
[0m[34m[MAC]    BWPSize:  48, BWPStart:  29, SubcarrierSpacing: 1, CyclicPrefix: 0, StartSymbolIndex: 0, DurationSymbols: 1, CceRegMappingType: 1, RegBundleSize: 6, InterleaverSize: 2, CoreSetType: 0, ShiftIndex: 0, precoderGranularity: 0, numDlDci: 1
[0m[34m[MAC]    [gNB 0] Frame 336 : MIB->BCH  CC_id 0, Received 3 bytes
[0m[34m[MAC]    dlDmrsSymbPos 244
[0m[34m[MAC]    BWPSize:  48, BWPStart:  29, SubcarrierSpacing: 1, CyclicPrefix: 0, StartSymbolIndex: 0, DurationSymbols: 1, CceRegMappingType: 1, RegBundleSize: 6, InterleaverSize: 2, CoreSetType: 0, ShiftIndex: 0, precoderGranularity: 0, numDlDci: 1
[0m[34m[MAC]    dlDmrsSymbPos 244
[0m[34m[MAC]    BWPSize:  48, BWPStart:  29, SubcarrierSpacing: 1, CyclicPrefix: 0, StartSymbolIndex: 0, DurationSymbols: 1, CceRegMappingType: 1, RegBundleSize: 6, InterleaverSize: 2, CoreSetType: 0, ShiftIndex: 0, precoderGranularity: 0, numDlDci: 1
[0m[34m[MAC]    dlDmrsSymbPos 244
[0m[34m[MAC]    BWPSize:  48, BWPStart:  29, SubcarrierSpacing: 1, CyclicPrefix: 0, StartSymbolIndex: 0, DurationSymbols: 1, CceRegMappingType: 1, RegBundleSize: 6, InterleaverSize: 2, CoreSetType: 0, ShiftIndex: 0, precoderGranularity: 0, numDlDci: 1
[0m[34m[MAC]    dlDmrsSymbPos 244
[0m[34m[MAC]    BWPSize:  48, BWPStart:  29, SubcarrierSpacing: 1, CyclicPrefix: 0, StartSymbolIndex: 0, DurationSymbols: 1, CceRegMappingType: 1, RegBundleSize: 6, InterleaverSize: 2, CoreSetType: 0, ShiftIndex: 0, precoderGranularity: 0, numDlDci: 1
[0m[34m[MAC]    [gNB 0] Frame 344 : MIB->BCH  CC_id 0, Received 3 bytes
[0m[34m[MAC]    dlDmrsSymbPos 244
[0m[34m[MAC]    BWPSize:  48, BWPStart:  29, SubcarrierSpacing: 1, CyclicPrefix: 0, StartSymbolIndex: 0, DurationSymbols: 1, CceRegMappingType: 1, RegBundleSize: 6, InterleaverSize: 2, CoreSetType: 0, ShiftIndex: 0, precoderGranularity: 0, numDlDci: 1
[0m[34m[MAC]    dlDmrsSymbPos 244
[0m[34m[MAC]    BWPSize:  48, BWPStart:  29, SubcarrierSpacing: 1, CyclicPrefix: 0, StartSymbolIndex: 0, DurationSymbols: 1, CceRegMappingType: 1, RegBundleSize: 6, InterleaverSize: 2, CoreSetType: 0, ShiftIndex: 0, precoderGranularity: 0, numDlDci: 1
[0m[34m[MAC]    dlDmrsSymbPos 244
[0m[34m[MAC]    BWPSize:  48, BWPStart:  29, SubcarrierSpacing: 1, CyclicPrefix: 0, StartSymbolIndex: 0, DurationSymbols: 1, CceRegMappingType: 1, RegBundleSize: 6, InterleaverSize: 2, CoreSetType: 0, ShiftIndex: 0, precoderGranularity: 0, numDlDci: 1
[0m[34m[MAC]    dlDmrsSymbPos 244
[0m[34m[MAC]    BWPSize:  48, BWPStart:  29, SubcarrierSpacing: 1, CyclicPrefix: 0, StartSymbolIndex: 0, DurationSymbols: 1, CceRegMappingType: 1, RegBundleSize: 6, InterleaverSize: 2, CoreSetType: 0, ShiftIndex: 0, precoderGranularity: 0, numDlDci: 1
[0m[34m[MAC]    [gNB 0] Frame 352 : MIB->BCH  CC_id 0, Received 3 bytes
[0m[34m[MAC]    dlDmrsSymbPos 244
[0m[34m[MAC]    BWPSize:  48, BWPStart:  29, SubcarrierSpacing: 1, CyclicPrefix: 0, StartSymbolIndex: 0, DurationSymbols: 1, CceRegMappingType: 1, RegBundleSize: 6, InterleaverSize: 2, CoreSetType: 0, ShiftIndex: 0, precoderGranularity: 0, numDlDci: 1
[0m[34m[MAC]    dlDmrsSymbPos 244
[0m[34m[MAC]    BWPSize:  48, BWPStart:  29, SubcarrierSpacing: 1, CyclicPrefix: 0, StartSymbolIndex: 0, DurationSymbols: 1, CceRegMappingType: 1, RegBundleSize: 6, InterleaverSize: 2, CoreSetType: 0, ShiftIndex: 0, precoderGranularity: 0, numDlDci: 1
[0m[34m[MAC]    dlDmrsSymbPos 244
[0m[34m[MAC]    BWPSize:  48, BWPStart:  29, SubcarrierSpacing: 1, CyclicPrefix: 0, StartSymbolIndex: 0, DurationSymbols: 1, CceRegMappingType: 1, RegBundleSize: 6, InterleaverSize: 2, CoreSetType: 0, ShiftIndex: 0, precoderGranularity: 0, numDlDci: 1
[0m[34m[MAC]    dlDmrsSymbPos 244
[0m[34m[MAC]    BWPSize:  48, BWPStart:  29, SubcarrierSpacing: 1, CyclicPrefix: 0, StartSymbolIndex: 0, DurationSymbols: 1, CceRegMappingType: 1, RegBundleSize: 6, InterleaverSize: 2, CoreSetType: 0, ShiftIndex: 0, precoderGranularity: 0, numDlDci: 1
[0m[34m[MAC]    [gNB 0] Frame 360 : MIB->BCH  CC_id 0, Received 3 bytes
[0m[34m[MAC]    dlDmrsSymbPos 244
[0m[34m[MAC]    BWPSize:  48, BWPStart:  29, SubcarrierSpacing: 1, CyclicPrefix: 0, StartSymbolIndex: 0, DurationSymbols: 1, CceRegMappingType: 1, RegBundleSize: 6, InterleaverSize: 2, CoreSetType: 0, ShiftIndex: 0, precoderGranularity: 0, numDlDci: 1
[0m[34m[MAC]    dlDmrsSymbPos 244
[0m[34m[MAC]    BWPSize:  48, BWPStart:  29, SubcarrierSpacing: 1, CyclicPrefix: 0, StartSymbolIndex: 0, DurationSymbols: 1, CceRegMappingType: 1, RegBundleSize: 6, InterleaverSize: 2, CoreSetType: 0, ShiftIndex: 0, precoderGranularity: 0, numDlDci: 1
[0m[34m[MAC]    dlDmrsSymbPos 244
[0m[34m[MAC]    BWPSize:  48, BWPStart:  29, SubcarrierSpacing: 1, CyclicPrefix: 0, StartSymbolIndex: 0, DurationSymbols: 1, CceRegMappingType: 1, RegBundleSize: 6, InterleaverSize: 2, CoreSetType: 0, ShiftIndex: 0, precoderGranularity: 0, numDlDci: 1
[0m[34m[MAC]    dlDmrsSymbPos 244
[0m[34m[MAC]    BWPSize:  48, BWPStart:  29, SubcarrierSpacing: 1, CyclicPrefix: 0, StartSymbolIndex: 0, DurationSymbols: 1, CceRegMappingType: 1, RegBundleSize: 6, InterleaverSize: 2, CoreSetType: 0, ShiftIndex: 0, precoderGranularity: 0, numDlDci: 1
[0m[34m[MAC]    [gNB 0] Frame 368 : MIB->BCH  CC_id 0, Received 3 bytes
[0m[34m[MAC]    dlDmrsSymbPos 244
[0m[34m[MAC]    BWPSize:  48, BWPStart:  29, SubcarrierSpacing: 1, CyclicPrefix: 0, StartSymbolIndex: 0, DurationSymbols: 1, CceRegMappingType: 1, RegBundleSize: 6, InterleaverSize: 2, CoreSetType: 0, ShiftIndex: 0, precoderGranularity: 0, numDlDci: 1
[0m[34m[MAC]    dlDmrsSymbPos 244
[0m[34m[MAC]    BWPSize:  48, BWPStart:  29, SubcarrierSpacing: 1, CyclicPrefix: 0, StartSymbolIndex: 0, DurationSymbols: 1, CceRegMappingType: 1, RegBundleSize: 6, InterleaverSize: 2, CoreSetType: 0, ShiftIndex: 0, precoderGranularity: 0, numDlDci: 1
[0m[34m[MAC]    dlDmrsSymbPos 244
[0m[34m[MAC]    BWPSize:  48, BWPStart:  29, SubcarrierSpacing: 1, CyclicPrefix: 0, StartSymbolIndex: 0, DurationSymbols: 1, CceRegMappingType: 1, RegBundleSize: 6, InterleaverSize: 2, CoreSetType: 0, ShiftIndex: 0, precoderGranularity: 0, numDlDci: 1
[0m[34m[MAC]    dlDmrsSymbPos 244
[0m[34m[MAC]    BWPSize:  48, BWPStart:  29, SubcarrierSpacing: 1, CyclicPrefix: 0, StartSymbolIndex: 0, DurationSymbols: 1, CceRegMappingType: 1, RegBundleSize: 6, InterleaverSize: 2, CoreSetType: 0, ShiftIndex: 0, precoderGranularity: 0, numDlDci: 1
[0m[34m[MAC]    [gNB 0] Frame 376 : MIB->BCH  CC_id 0, Received 3 bytes
[0m[34m[MAC]    dlDmrsSymbPos 244
[0m[34m[MAC]    BWPSize:  48, BWPStart:  29, SubcarrierSpacing: 1, CyclicPrefix: 0, StartSymbolIndex: 0, DurationSymbols: 1, CceRegMappingType: 1, RegBundleSize: 6, InterleaverSize: 2, CoreSetType: 0, ShiftIndex: 0, precoderGranularity: 0, numDlDci: 1
[0m[34m[MAC]    dlDmrsSymbPos 244
[0m[34m[MAC]    BWPSize:  48, BWPStart:  29, SubcarrierSpacing: 1, CyclicPrefix: 0, StartSymbolIndex: 0, DurationSymbols: 1, CceRegMappingType: 1, RegBundleSize: 6, InterleaverSize: 2, CoreSetType: 0, ShiftIndex: 0, precoderGranularity: 0, numDlDci: 1
[0m[34m[MAC]    dlDmrsSymbPos 244
[0m[34m[MAC]    BWPSize:  48, BWPStart:  29, SubcarrierSpacing: 1, CyclicPrefix: 0, StartSymbolIndex: 0, DurationSymbols: 1, CceRegMappingType: 1, RegBundleSize: 6, InterleaverSize: 2, CoreSetType: 0, ShiftIndex: 0, precoderGranularity: 0, numDlDci: 1
[0m[34m[MAC]    dlDmrsSymbPos 244
[0m[34m[MAC]    BWPSize:  48, BWPStart:  29, SubcarrierSpacing: 1, CyclicPrefix: 0, StartSymbolIndex: 0, DurationSymbols: 1, CceRegMappingType: 1, RegBundleSize: 6, InterleaverSize: 2, CoreSetType: 0, ShiftIndex: 0, precoderGranularity: 0, numDlDci: 1
[0m[34m[MAC]    [gNB 0] Frame 384 : MIB->BCH  CC_id 0, Received 3 bytes
[0m[34m[MAC]    dlDmrsSymbPos 244
[0m[34m[MAC]    BWPSize:  48, BWPStart:  29, SubcarrierSpacing: 1, CyclicPrefix: 0, StartSymbolIndex: 0, DurationSymbols: 1, CceRegMappingType: 1, RegBundleSize: 6, InterleaverSize: 2, CoreSetType: 0, ShiftIndex: 0, precoderGranularity: 0, numDlDci: 1
[0m[HW]     [o-du 0][rx  289471 pps   10752 kbps  299481][tx  860587 pps   31872 kbps  786891][Total Msgs_Rcvd 289471]
[0m[HW]     [o_du0][pusch0  248790 prach0   40677]
[0m[34m[MAC]    dlDmrsSymbPos 244
[0m[34m[MAC]    BWPSize:  48, BWPStart:  29, SubcarrierSpacing: 1, CyclicPrefix: 0, StartSymbolIndex: 0, DurationSymbols: 1, CceRegMappingType: 1, RegBundleSize: 6, InterleaverSize: 2, CoreSetType: 0, ShiftIndex: 0, precoderGranularity: 0, numDlDci: 1
[0m[34m[MAC]    dlDmrsSymbPos 244
[0m[34m[MAC]    BWPSize:  48, BWPStart:  29, SubcarrierSpacing: 1, CyclicPrefix: 0, StartSymbolIndex: 0, DurationSymbols: 1, CceRegMappingType: 1, RegBundleSize: 6, InterleaverSize: 2, CoreSetType: 0, ShiftIndex: 0, precoderGranularity: 0, numDlDci: 1
[0m[34m[MAC]    dlDmrsSymbPos 244
[0m[34m[MAC]    BWPSize:  48, BWPStart:  29, SubcarrierSpacing: 1, CyclicPrefix: 0, StartSymbolIndex: 0, DurationSymbols: 1, CceRegMappingType: 1, RegBundleSize: 6, InterleaverSize: 2, CoreSetType: 0, ShiftIndex: 0, precoderGranularity: 0, numDlDci: 1
[0m[34m[MAC]    [gNB 0] Frame 392 : MIB->BCH  CC_id 0, Received 3 bytes
[0m[34m[MAC]    dlDmrsSymbPos 244
[0m[34m[MAC]    BWPSize:  48, BWPStart:  29, SubcarrierSpacing: 1, CyclicPrefix: 0, StartSymbolIndex: 0, DurationSymbols: 1, CceRegMappingType: 1, RegBundleSize: 6, InterleaverSize: 2, CoreSetType: 0, ShiftIndex: 0, precoderGranularity: 0, numDlDci: 1
[0m[34m[MAC]    dlDmrsSymbPos 244
[0m[34m[MAC]    BWPSize:  48, BWPStart:  29, SubcarrierSpacing: 1, CyclicPrefix: 0, StartSymbolIndex: 0, DurationSymbols: 1, CceRegMappingType: 1, RegBundleSize: 6, InterleaverSize: 2, CoreSetType: 0, ShiftIndex: 0, precoderGranularity: 0, numDlDci: 1
[0m[34m[MAC]    dlDmrsSymbPos 244
[0m[34m[MAC]    BWPSize:  48, BWPStart:  29, SubcarrierSpacing: 1, CyclicPrefix: 0, StartSymbolIndex: 0, DurationSymbols: 1, CceRegMappingType: 1, RegBundleSize: 6, InterleaverSize: 2, CoreSetType: 0, ShiftIndex: 0, precoderGranularity: 0, numDlDci: 1
[0m[34m[MAC]    dlDmrsSymbPos 244
[0m[34m[MAC]    BWPSize:  48, BWPStart:  29, SubcarrierSpacing: 1, CyclicPrefix: 0, StartSymbolIndex: 0, DurationSymbols: 1, CceRegMappingType: 1, RegBundleSize: 6, InterleaverSize: 2, CoreSetType: 0, ShiftIndex: 0, precoderGranularity: 0, numDlDci: 1
[0m[34m[MAC]    [gNB 0] Frame 400 : MIB->BCH  CC_id 0, Received 3 bytes
[0m[34m[MAC]    dlDmrsSymbPos 244
[0m[34m[MAC]    BWPSize:  48, BWPStart:  29, SubcarrierSpacing: 1, CyclicPrefix: 0, StartSymbolIndex: 0, DurationSymbols: 1, CceRegMappingType: 1, RegBundleSize: 6, InterleaverSize: 2, CoreSetType: 0, ShiftIndex: 0, precoderGranularity: 0, numDlDci: 1
[0m[34m[MAC]    dlDmrsSymbPos 244
[0m[34m[MAC]    BWPSize:  48, BWPStart:  29, SubcarrierSpacing: 1, CyclicPrefix: 0, StartSymbolIndex: 0, DurationSymbols: 1, CceRegMappingType: 1, RegBundleSize: 6, InterleaverSize: 2, CoreSetType: 0, ShiftIndex: 0, precoderGranularity: 0, numDlDci: 1
[0m[34m[MAC]    dlDmrsSymbPos 244
[0m[34m[MAC]    BWPSize:  48, BWPStart:  29, SubcarrierSpacing: 1, CyclicPrefix: 0, StartSymbolIndex: 0, DurationSymbols: 1, CceRegMappingType: 1, RegBundleSize: 6, InterleaverSize: 2, CoreSetType: 0, ShiftIndex: 0, precoderGranularity: 0, numDlDci: 1
[0m[34m[MAC]    dlDmrsSymbPos 244
[0m[34m[MAC]    BWPSize:  48, BWPStart:  29, SubcarrierSpacing: 1, CyclicPrefix: 0, StartSymbolIndex: 0, DurationSymbols: 1, CceRegMappingType: 1, RegBundleSize: 6, InterleaverSize: 2, CoreSetType: 0, ShiftIndex: 0, precoderGranularity: 0, numDlDci: 1
[0m[34m[MAC]    [gNB 0] Frame 408 : MIB->BCH  CC_id 0, Received 3 bytes
[0m[34m[MAC]    dlDmrsSymbPos 244
[0m[34m[MAC]    BWPSize:  48, BWPStart:  29, SubcarrierSpacing: 1, CyclicPrefix: 0, StartSymbolIndex: 0, DurationSymbols: 1, CceRegMappingType: 1, RegBundleSize: 6, InterleaverSize: 2, CoreSetType: 0, ShiftIndex: 0, precoderGranularity: 0, numDlDci: 1
[0m[34m[MAC]    dlDmrsSymbPos 244
[0m[34m[MAC]    BWPSize:  48, BWPStart:  29, SubcarrierSpacing: 1, CyclicPrefix: 0, StartSymbolIndex: 0, DurationSymbols: 1, CceRegMappingType: 1, RegBundleSize: 6, InterleaverSize: 2, CoreSetType: 0, ShiftIndex: 0, precoderGranularity: 0, numDlDci: 1
[0m[34m[MAC]    dlDmrsSymbPos 244
[0m[34m[MAC]    BWPSize:  48, BWPStart:  29, SubcarrierSpacing: 1, CyclicPrefix: 0, StartSymbolIndex: 0, DurationSymbols: 1, CceRegMappingType: 1, RegBundleSize: 6, InterleaverSize: 2, CoreSetType: 0, ShiftIndex: 0, precoderGranularity: 0, numDlDci: 1
[0m[34m[MAC]    dlDmrsSymbPos 244
[0m[34m[MAC]    BWPSize:  48, BWPStart:  29, SubcarrierSpacing: 1, CyclicPrefix: 0, StartSymbolIndex: 0, DurationSymbols: 1, CceRegMappingType: 1, RegBundleSize: 6, InterleaverSize: 2, CoreSetType: 0, ShiftIndex: 0, precoderGranularity: 0, numDlDci: 1
[0m[34m[MAC]    [gNB 0] Frame 416 : MIB->BCH  CC_id 0, Received 3 bytes
[0m[34m[MAC]    dlDmrsSymbPos 244
[0m[34m[MAC]    BWPSize:  48, BWPStart:  29, SubcarrierSpacing: 1, CyclicPrefix: 0, StartSymbolIndex: 0, DurationSymbols: 1, CceRegMappingType: 1, RegBundleSize: 6, InterleaverSize: 2, CoreSetType: 0, ShiftIndex: 0, precoderGranularity: 0, numDlDci: 1
[0m[34m[MAC]    dlDmrsSymbPos 244
[0m[34m[MAC]    BWPSize:  48, BWPStart:  29, SubcarrierSpacing: 1, CyclicPrefix: 0, StartSymbolIndex: 0, DurationSymbols: 1, CceRegMappingType: 1, RegBundleSize: 6, InterleaverSize: 2, CoreSetType: 0, ShiftIndex: 0, precoderGranularity: 0, numDlDci: 1
[0m[34m[MAC]    dlDmrsSymbPos 244
[0m[34m[MAC]    BWPSize:  48, BWPStart:  29, SubcarrierSpacing: 1, CyclicPrefix: 0, StartSymbolIndex: 0, DurationSymbols: 1, CceRegMappingType: 1, RegBundleSize: 6, InterleaverSize: 2, CoreSetType: 0, ShiftIndex: 0, precoderGranularity: 0, numDlDci: 1
[0m[34m[MAC]    dlDmrsSymbPos 244
[0m[34m[MAC]    BWPSize:  48, BWPStart:  29, SubcarrierSpacing: 1, CyclicPrefix: 0, StartSymbolIndex: 0, DurationSymbols: 1, CceRegMappingType: 1, RegBundleSize: 6, InterleaverSize: 2, CoreSetType: 0, ShiftIndex: 0, precoderGranularity: 0, numDlDci: 1
[0m[34m[MAC]    [gNB 0] Frame 424 : MIB->BCH  CC_id 0, Received 3 bytes
[0m[34m[MAC]    dlDmrsSymbPos 244
[0m[34m[MAC]    BWPSize:  48, BWPStart:  29, SubcarrierSpacing: 1, CyclicPrefix: 0, StartSymbolIndex: 0, DurationSymbols: 1, CceRegMappingType: 1, RegBundleSize: 6, InterleaverSize: 2, CoreSetType: 0, ShiftIndex: 0, precoderGranularity: 0, numDlDci: 1
[0m[34m[MAC]    dlDmrsSymbPos 244
[0m[34m[MAC]    BWPSize:  48, BWPStart:  29, SubcarrierSpacing: 1, CyclicPrefix: 0, StartSymbolIndex: 0, DurationSymbols: 1, CceRegMappingType: 1, RegBundleSize: 6, InterleaverSize: 2, CoreSetType: 0, ShiftIndex: 0, precoderGranularity: 0, numDlDci: 1
[0m[34m[MAC]    dlDmrsSymbPos 244
[0m[34m[MAC]    BWPSize:  48, BWPStart:  29, SubcarrierSpacing: 1, CyclicPrefix: 0, StartSymbolIndex: 0, DurationSymbols: 1, CceRegMappingType: 1, RegBundleSize: 6, InterleaverSize: 2, CoreSetType: 0, ShiftIndex: 0, precoderGranularity: 0, numDlDci: 1
[0m[34m[MAC]    dlDmrsSymbPos 244
[0m[34m[MAC]    BWPSize:  48, BWPStart:  29, SubcarrierSpacing: 1, CyclicPrefix: 0, StartSymbolIndex: 0, DurationSymbols: 1, CceRegMappingType: 1, RegBundleSize: 6, InterleaverSize: 2, CoreSetType: 0, ShiftIndex: 0, precoderGranularity: 0, numDlDci: 1
[0m[34m[MAC]    [gNB 0] Frame 432 : MIB->BCH  CC_id 0, Received 3 bytes
[0m[34m[MAC]    dlDmrsSymbPos 244
[0m[34m[MAC]    BWPSize:  48, BWPStart:  29, SubcarrierSpacing: 1, CyclicPrefix: 0, StartSymbolIndex: 0, DurationSymbols: 1, CceRegMappingType: 1, RegBundleSize: 6, InterleaverSize: 2, CoreSetType: 0, ShiftIndex: 0, precoderGranularity: 0, numDlDci: 1
[0m[34m[MAC]    dlDmrsSymbPos 244
[0m[34m[MAC]    BWPSize:  48, BWPStart:  29, SubcarrierSpacing: 1, CyclicPrefix: 0, StartSymbolIndex: 0, DurationSymbols: 1, CceRegMappingType: 1, RegBundleSize: 6, InterleaverSize: 2, CoreSetType: 0, ShiftIndex: 0, precoderGranularity: 0, numDlDci: 1
[0m[34m[MAC]    dlDmrsSymbPos 244
[0m[34m[MAC]    BWPSize:  48, BWPStart:  29, SubcarrierSpacing: 1, CyclicPrefix: 0, StartSymbolIndex: 0, DurationSymbols: 1, CceRegMappingType: 1, RegBundleSize: 6, InterleaverSize: 2, CoreSetType: 0, ShiftIndex: 0, precoderGranularity: 0, numDlDci: 1
[0m[34m[MAC]    dlDmrsSymbPos 244
[0m[34m[MAC]    BWPSize:  48, BWPStart:  29, SubcarrierSpacing: 1, CyclicPrefix: 0, StartSymbolIndex: 0, DurationSymbols: 1, CceRegMappingType: 1, RegBundleSize: 6, InterleaverSize: 2, CoreSetType: 0, ShiftIndex: 0, precoderGranularity: 0, numDlDci: 1
[0m[34m[MAC]    [gNB 0] Frame 440 : MIB->BCH  CC_id 0, Received 3 bytes
[0m[34m[MAC]    dlDmrsSymbPos 244
[0m[34m[MAC]    BWPSize:  48, BWPStart:  29, SubcarrierSpacing: 1, CyclicPrefix: 0, StartSymbolIndex: 0, DurationSymbols: 1, CceRegMappingType: 1, RegBundleSize: 6, InterleaverSize: 2, CoreSetType: 0, ShiftIndex: 0, precoderGranularity: 0, numDlDci: 1
[0m[34m[MAC]    dlDmrsSymbPos 244
[0m[34m[MAC]    BWPSize:  48, BWPStart:  29, SubcarrierSpacing: 1, CyclicPrefix: 0, StartSymbolIndex: 0, DurationSymbols: 1, CceRegMappingType: 1, RegBundleSize: 6, InterleaverSize: 2, CoreSetType: 0, ShiftIndex: 0, precoderGranularity: 0, numDlDci: 1
[0m[34m[MAC]    dlDmrsSymbPos 244
[0m[34m[MAC]    BWPSize:  48, BWPStart:  29, SubcarrierSpacing: 1, CyclicPrefix: 0, StartSymbolIndex: 0, DurationSymbols: 1, CceRegMappingType: 1, RegBundleSize: 6, InterleaverSize: 2, CoreSetType: 0, ShiftIndex: 0, precoderGranularity: 0, numDlDci: 1
[0m[34m[MAC]    dlDmrsSymbPos 244
[0m[34m[MAC]    BWPSize:  48, BWPStart:  29, SubcarrierSpacing: 1, CyclicPrefix: 0, StartSymbolIndex: 0, DurationSymbols: 1, CceRegMappingType: 1, RegBundleSize: 6, InterleaverSize: 2, CoreSetType: 0, ShiftIndex: 0, precoderGranularity: 0, numDlDci: 1
[0m[34m[MAC]    [gNB 0] Frame 448 : MIB->BCH  CC_id 0, Received 3 bytes
[0m[34m[MAC]    dlDmrsSymbPos 244
[0m[34m[MAC]    BWPSize:  48, BWPStart:  29, SubcarrierSpacing: 1, CyclicPrefix: 0, StartSymbolIndex: 0, DurationSymbols: 1, CceRegMappingType: 1, RegBundleSize: 6, InterleaverSize: 2, CoreSetType: 0, ShiftIndex: 0, precoderGranularity: 0, numDlDci: 1
[0m[34m[MAC]    dlDmrsSymbPos 244
[0m[34m[MAC]    BWPSize:  48, BWPStart:  29, SubcarrierSpacing: 1, CyclicPrefix: 0, StartSymbolIndex: 0, DurationSymbols: 1, CceRegMappingType: 1, RegBundleSize: 6, InterleaverSize: 2, CoreSetType: 0, ShiftIndex: 0, precoderGranularity: 0, numDlDci: 1
[0m[34m[MAC]    dlDmrsSymbPos 244
[0m[34m[MAC]    BWPSize:  48, BWPStart:  29, SubcarrierSpacing: 1, CyclicPrefix: 0, StartSymbolIndex: 0, DurationSymbols: 1, CceRegMappingType: 1, RegBundleSize: 6, InterleaverSize: 2, CoreSetType: 0, ShiftIndex: 0, precoderGranularity: 0, numDlDci: 1
[0m[34m[MAC]    dlDmrsSymbPos 244
[0m[34m[MAC]    BWPSize:  48, BWPStart:  29, SubcarrierSpacing: 1, CyclicPrefix: 0, StartSymbolIndex: 0, DurationSymbols: 1, CceRegMappingType: 1, RegBundleSize: 6, InterleaverSize: 2, CoreSetType: 0, ShiftIndex: 0, precoderGranularity: 0, numDlDci: 1
[0m[34m[MAC]    [gNB 0] Frame 456 : MIB->BCH  CC_id 0, Received 3 bytes
[0m[34m[MAC]    dlDmrsSymbPos 244
[0m[34m[MAC]    BWPSize:  48, BWPStart:  29, SubcarrierSpacing: 1, CyclicPrefix: 0, StartSymbolIndex: 0, DurationSymbols: 1, CceRegMappingType: 1, RegBundleSize: 6, InterleaverSize: 2, CoreSetType: 0, ShiftIndex: 0, precoderGranularity: 0, numDlDci: 1
[0m[34m[MAC]    dlDmrsSymbPos 244
[0m[34m[MAC]    BWPSize:  48, BWPStart:  29, SubcarrierSpacing: 1, CyclicPrefix: 0, StartSymbolIndex: 0, DurationSymbols: 1, CceRegMappingType: 1, RegBundleSize: 6, InterleaverSize: 2, CoreSetType: 0, ShiftIndex: 0, precoderGranularity: 0, numDlDci: 1
[0m[34m[MAC]    dlDmrsSymbPos 244
[0m[34m[MAC]    BWPSize:  48, BWPStart:  29, SubcarrierSpacing: 1, CyclicPrefix: 0, StartSymbolIndex: 0, DurationSymbols: 1, CceRegMappingType: 1, RegBundleSize: 6, InterleaverSize: 2, CoreSetType: 0, ShiftIndex: 0, precoderGranularity: 0, numDlDci: 1
[0m[34m[MAC]    dlDmrsSymbPos 244
[0m[34m[MAC]    BWPSize:  48, BWPStart:  29, SubcarrierSpacing: 1, CyclicPrefix: 0, StartSymbolIndex: 0, DurationSymbols: 1, CceRegMappingType: 1, RegBundleSize: 6, InterleaverSize: 2, CoreSetType: 0, ShiftIndex: 0, precoderGranularity: 0, numDlDci: 1
[0m[34m[MAC]    [gNB 0] Frame 464 : MIB->BCH  CC_id 0, Received 3 bytes
[0m[34m[MAC]    dlDmrsSymbPos 244
[0m[34m[MAC]    BWPSize:  48, BWPStart:  29, SubcarrierSpacing: 1, CyclicPrefix: 0, StartSymbolIndex: 0, DurationSymbols: 1, CceRegMappingType: 1, RegBundleSize: 6, InterleaverSize: 2, CoreSetType: 0, ShiftIndex: 0, precoderGranularity: 0, numDlDci: 1
[0m[34m[MAC]    dlDmrsSymbPos 244
[0m[34m[MAC]    BWPSize:  48, BWPStart:  29, SubcarrierSpacing: 1, CyclicPrefix: 0, StartSymbolIndex: 0, DurationSymbols: 1, CceRegMappingType: 1, RegBundleSize: 6, InterleaverSize: 2, CoreSetType: 0, ShiftIndex: 0, precoderGranularity: 0, numDlDci: 1
[0m[34m[MAC]    dlDmrsSymbPos 244
[0m[34m[MAC]    BWPSize:  48, BWPStart:  29, SubcarrierSpacing: 1, CyclicPrefix: 0, StartSymbolIndex: 0, DurationSymbols: 1, CceRegMappingType: 1, RegBundleSize: 6, InterleaverSize: 2, CoreSetType: 0, ShiftIndex: 0, precoderGranularity: 0, numDlDci: 1
[0m[34m[MAC]    dlDmrsSymbPos 244
[0m[34m[MAC]    BWPSize:  48, BWPStart:  29, SubcarrierSpacing: 1, CyclicPrefix: 0, StartSymbolIndex: 0, DurationSymbols: 1, CceRegMappingType: 1, RegBundleSize: 6, InterleaverSize: 2, CoreSetType: 0, ShiftIndex: 0, precoderGranularity: 0, numDlDci: 1
[0m[34m[MAC]    [gNB 0] Frame 472 : MIB->BCH  CC_id 0, Received 3 bytes
[0m[34m[MAC]    dlDmrsSymbPos 244
[0m[34m[MAC]    BWPSize:  48, BWPStart:  29, SubcarrierSpacing: 1, CyclicPrefix: 0, StartSymbolIndex: 0, DurationSymbols: 1, CceRegMappingType: 1, RegBundleSize: 6, InterleaverSize: 2, CoreSetType: 0, ShiftIndex: 0, precoderGranularity: 0, numDlDci: 1
[0m[34m[MAC]    dlDmrsSymbPos 244
[0m[34m[MAC]    BWPSize:  48, BWPStart:  29, SubcarrierSpacing: 1, CyclicPrefix: 0, StartSymbolIndex: 0, DurationSymbols: 1, CceRegMappingType: 1, RegBundleSize: 6, InterleaverSize: 2, CoreSetType: 0, ShiftIndex: 0, precoderGranularity: 0, numDlDci: 1
[0m[34m[MAC]    dlDmrsSymbPos 244
[0m[34m[MAC]    BWPSize:  48, BWPStart:  29, SubcarrierSpacing: 1, CyclicPrefix: 0, StartSymbolIndex: 0, DurationSymbols: 1, CceRegMappingType: 1, RegBundleSize: 6, InterleaverSize: 2, CoreSetType: 0, ShiftIndex: 0, precoderGranularity: 0, numDlDci: 1
[0m[34m[MAC]    dlDmrsSymbPos 244
[0m[34m[MAC]    BWPSize:  48, BWPStart:  29, SubcarrierSpacing: 1, CyclicPrefix: 0, StartSymbolIndex: 0, DurationSymbols: 1, CceRegMappingType: 1, RegBundleSize: 6, InterleaverSize: 2, CoreSetType: 0, ShiftIndex: 0, precoderGranularity: 0, numDlDci: 1
[0m[34m[MAC]    [gNB 0] Frame 480 : MIB->BCH  CC_id 0, Received 3 bytes
[0m[34m[MAC]    dlDmrsSymbPos 244
[0m[34m[MAC]    BWPSize:  48, BWPStart:  29, SubcarrierSpacing: 1, CyclicPrefix: 0, StartSymbolIndex: 0, DurationSymbols: 1, CceRegMappingType: 1, RegBundleSize: 6, InterleaverSize: 2, CoreSetType: 0, ShiftIndex: 0, precoderGranularity: 0, numDlDci: 1
[0m[34m[MAC]    dlDmrsSymbPos 244
[0m[34m[MAC]    BWPSize:  48, BWPStart:  29, SubcarrierSpacing: 1, CyclicPrefix: 0, StartSymbolIndex: 0, DurationSymbols: 1, CceRegMappingType: 1, RegBundleSize: 6, InterleaverSize: 2, CoreSetType: 0, ShiftIndex: 0, precoderGranularity: 0, numDlDci: 1
[0m[34m[MAC]    dlDmrsSymbPos 244
[0m[34m[MAC]    BWPSize:  48, BWPStart:  29, SubcarrierSpacing: 1, CyclicPrefix: 0, StartSymbolIndex: 0, DurationSymbols: 1, CceRegMappingType: 1, RegBundleSize: 6, InterleaverSize: 2, CoreSetType: 0, ShiftIndex: 0, precoderGranularity: 0, numDlDci: 1
[0m[34m[MAC]    dlDmrsSymbPos 244
[0m[34m[MAC]    BWPSize:  48, BWPStart:  29, SubcarrierSpacing: 1, CyclicPrefix: 0, StartSymbolIndex: 0, DurationSymbols: 1, CceRegMappingType: 1, RegBundleSize: 6, InterleaverSize: 2, CoreSetType: 0, ShiftIndex: 0, precoderGranularity: 0, numDlDci: 1
[0m[34m[MAC]    [gNB 0] Frame 488 : MIB->BCH  CC_id 0, Received 3 bytes
[0m[34m[MAC]    dlDmrsSymbPos 244
[0m[34m[MAC]    BWPSize:  48, BWPStart:  29, SubcarrierSpacing: 1, CyclicPrefix: 0, StartSymbolIndex: 0, DurationSymbols: 1, CceRegMappingType: 1, RegBundleSize: 6, InterleaverSize: 2, CoreSetType: 0, ShiftIndex: 0, precoderGranularity: 0, numDlDci: 1
[0m[34m[MAC]    dlDmrsSymbPos 244
[0m[34m[MAC]    BWPSize:  48, BWPStart:  29, SubcarrierSpacing: 1, CyclicPrefix: 0, StartSymbolIndex: 0, DurationSymbols: 1, CceRegMappingType: 1, RegBundleSize: 6, InterleaverSize: 2, CoreSetType: 0, ShiftIndex: 0, precoderGranularity: 0, numDlDci: 1
[0m[34m[MAC]    dlDmrsSymbPos 244
[0m[34m[MAC]    BWPSize:  48, BWPStart:  29, SubcarrierSpacing: 1, CyclicPrefix: 0, StartSymbolIndex: 0, DurationSymbols: 1, CceRegMappingType: 1, RegBundleSize: 6, InterleaverSize: 2, CoreSetType: 0, ShiftIndex: 0, precoderGranularity: 0, numDlDci: 1
[0m[34m[MAC]    dlDmrsSymbPos 244
[0m[34m[MAC]    BWPSize:  48, BWPStart:  29, SubcarrierSpacing: 1, CyclicPrefix: 0, StartSymbolIndex: 0, DurationSymbols: 1, CceRegMappingType: 1, RegBundleSize: 6, InterleaverSize: 2, CoreSetType: 0, ShiftIndex: 0, precoderGranularity: 0, numDlDci: 1
[0m[34m[MAC]    [gNB 0] Frame 496 : MIB->BCH  CC_id 0, Received 3 bytes
[0m[34m[MAC]    dlDmrsSymbPos 244
[0m[34m[MAC]    BWPSize:  48, BWPStart:  29, SubcarrierSpacing: 1, CyclicPrefix: 0, StartSymbolIndex: 0, DurationSymbols: 1, CceRegMappingType: 1, RegBundleSize: 6, InterleaverSize: 2, CoreSetType: 0, ShiftIndex: 0, precoderGranularity: 0, numDlDci: 1
[0m[34m[MAC]    dlDmrsSymbPos 244
[0m[34m[MAC]    BWPSize:  48, BWPStart:  29, SubcarrierSpacing: 1, CyclicPrefix: 0, StartSymbolIndex: 0, DurationSymbols: 1, CceRegMappingType: 1, RegBundleSize: 6, InterleaverSize: 2, CoreSetType: 0, ShiftIndex: 0, precoderGranularity: 0, numDlDci: 1
[0m[34m[MAC]    dlDmrsSymbPos 244
[0m[34m[MAC]    BWPSize:  48, BWPStart:  29, SubcarrierSpacing: 1, CyclicPrefix: 0, StartSymbolIndex: 0, DurationSymbols: 1, CceRegMappingType: 1, RegBundleSize: 6, InterleaverSize: 2, CoreSetType: 0, ShiftIndex: 0, precoderGranularity: 0, numDlDci: 1
[0m[34m[MAC]    dlDmrsSymbPos 244
[0m[34m[MAC]    BWPSize:  48, BWPStart:  29, SubcarrierSpacing: 1, CyclicPrefix: 0, StartSymbolIndex: 0, DurationSymbols: 1, CceRegMappingType: 1, RegBundleSize: 6, InterleaverSize: 2, CoreSetType: 0, ShiftIndex: 0, precoderGranularity: 0, numDlDci: 1
[0m[34m[MAC]    [gNB 0] Frame 504 : MIB->BCH  CC_id 0, Received 3 bytes
[0m[34m[MAC]    dlDmrsSymbPos 244
[0m[34m[MAC]    BWPSize:  48, BWPStart:  29, SubcarrierSpacing: 1, CyclicPrefix: 0, StartSymbolIndex: 0, DurationSymbols: 1, CceRegMappingType: 1, RegBundleSize: 6, InterleaverSize: 2, CoreSetType: 0, ShiftIndex: 0, precoderGranularity: 0, numDlDci: 1
[0m[34m[MAC]    dlDmrsSymbPos 244
[0m[34m[MAC]    BWPSize:  48, BWPStart:  29, SubcarrierSpacing: 1, CyclicPrefix: 0, StartSymbolIndex: 0, DurationSymbols: 1, CceRegMappingType: 1, RegBundleSize: 6, InterleaverSize: 2, CoreSetType: 0, ShiftIndex: 0, precoderGranularity: 0, numDlDci: 1
[0m[34m[MAC]    dlDmrsSymbPos 244
[0m[34m[MAC]    BWPSize:  48, BWPStart:  29, SubcarrierSpacing: 1, CyclicPrefix: 0, StartSymbolIndex: 0, DurationSymbols: 1, CceRegMappingType: 1, RegBundleSize: 6, InterleaverSize: 2, CoreSetType: 0, ShiftIndex: 0, precoderGranularity: 0, numDlDci: 1
[0m[34m[MAC]    dlDmrsSymbPos 244
[0m[34m[MAC]    BWPSize:  48, BWPStart:  29, SubcarrierSpacing: 1, CyclicPrefix: 0, StartSymbolIndex: 0, DurationSymbols: 1, CceRegMappingType: 1, RegBundleSize: 6, InterleaverSize: 2, CoreSetType: 0, ShiftIndex: 0, precoderGranularity: 0, numDlDci: 1
[0m[34m[MAC]    [gNB 0] Frame 512 : MIB->BCH  CC_id 0, Received 3 bytes
[0m[34m[MAC]    dlDmrsSymbPos 244
[0m[34m[MAC]    BWPSize:  48, BWPStart:  29, SubcarrierSpacing: 1, CyclicPrefix: 0, StartSymbolIndex: 0, DurationSymbols: 1, CceRegMappingType: 1, RegBundleSize: 6, InterleaverSize: 2, CoreSetType: 0, ShiftIndex: 0, precoderGranularity: 0, numDlDci: 1
[0m[HW]     [o-du 0][rx  300223 pps   10752 kbps  299481][tx  892459 pps   31872 kbps  786891][Total Msgs_Rcvd 300223]
[0m[HW]     [o_du0][pusch0  258006 prach0   42213]
[0m[34m[MAC]    dlDmrsSymbPos 244
[0m[34m[MAC]    BWPSize:  48, BWPStart:  29, SubcarrierSpacing: 1, CyclicPrefix: 0, StartSymbolIndex: 0, DurationSymbols: 1, CceRegMappingType: 1, RegBundleSize: 6, InterleaverSize: 2, CoreSetType: 0, ShiftIndex: 0, precoderGranularity: 0, numDlDci: 1
[0m[34m[MAC]    dlDmrsSymbPos 244
[0m[34m[MAC]    BWPSize:  48, BWPStart:  29, SubcarrierSpacing: 1, CyclicPrefix: 0, StartSymbolIndex: 0, DurationSymbols: 1, CceRegMappingType: 1, RegBundleSize: 6, InterleaverSize: 2, CoreSetType: 0, ShiftIndex: 0, precoderGranularity: 0, numDlDci: 1
[0m[34m[MAC]    dlDmrsSymbPos 244
[0m[34m[MAC]    BWPSize:  48, BWPStart:  29, SubcarrierSpacing: 1, CyclicPrefix: 0, StartSymbolIndex: 0, DurationSymbols: 1, CceRegMappingType: 1, RegBundleSize: 6, InterleaverSize: 2, CoreSetType: 0, ShiftIndex: 0, precoderGranularity: 0, numDlDci: 1
[0m[34m[MAC]    [gNB 0] Frame 520 : MIB->BCH  CC_id 0, Received 3 bytes
[0m[34m[MAC]    dlDmrsSymbPos 244
[0m[34m[MAC]    BWPSize:  48, BWPStart:  29, SubcarrierSpacing: 1, CyclicPrefix: 0, StartSymbolIndex: 0, DurationSymbols: 1, CceRegMappingType: 1, RegBundleSize: 6, InterleaverSize: 2, CoreSetType: 0, ShiftIndex: 0, precoderGranularity: 0, numDlDci: 1
[0m[34m[MAC]    dlDmrsSymbPos 244
[0m[34m[MAC]    BWPSize:  48, BWPStart:  29, SubcarrierSpacing: 1, CyclicPrefix: 0, StartSymbolIndex: 0, DurationSymbols: 1, CceRegMappingType: 1, RegBundleSize: 6, InterleaverSize: 2, CoreSetType: 0, ShiftIndex: 0, precoderGranularity: 0, numDlDci: 1
[0m[34m[MAC]    dlDmrsSymbPos 244
[0m[34m[MAC]    BWPSize:  48, BWPStart:  29, SubcarrierSpacing: 1, CyclicPrefix: 0, StartSymbolIndex: 0, DurationSymbols: 1, CceRegMappingType: 1, RegBundleSize: 6, InterleaverSize: 2, CoreSetType: 0, ShiftIndex: 0, precoderGranularity: 0, numDlDci: 1
[0m[34m[MAC]    dlDmrsSymbPos 244
[0m[34m[MAC]    BWPSize:  48, BWPStart:  29, SubcarrierSpacing: 1, CyclicPrefix: 0, StartSymbolIndex: 0, DurationSymbols: 1, CceRegMappingType: 1, RegBundleSize: 6, InterleaverSize: 2, CoreSetType: 0, ShiftIndex: 0, precoderGranularity: 0, numDlDci: 1
[0m[34m[MAC]    [gNB 0] Frame 528 : MIB->BCH  CC_id 0, Received 3 bytes
[0m[34m[MAC]    dlDmrsSymbPos 244
[0m[34m[MAC]    BWPSize:  48, BWPStart:  29, SubcarrierSpacing: 1, CyclicPrefix: 0, StartSymbolIndex: 0, DurationSymbols: 1, CceRegMappingType: 1, RegBundleSize: 6, InterleaverSize: 2, CoreSetType: 0, ShiftIndex: 0, precoderGranularity: 0, numDlDci: 1
[0m[34m[MAC]    dlDmrsSymbPos 244
[0m[34m[MAC]    BWPSize:  48, BWPStart:  29, SubcarrierSpacing: 1, CyclicPrefix: 0, StartSymbolIndex: 0, DurationSymbols: 1, CceRegMappingType: 1, RegBundleSize: 6, InterleaverSize: 2, CoreSetType: 0, ShiftIndex: 0, precoderGranularity: 0, numDlDci: 1
[0m[34m[MAC]    dlDmrsSymbPos 244
[0m[34m[MAC]    BWPSize:  48, BWPStart:  29, SubcarrierSpacing: 1, CyclicPrefix: 0, StartSymbolIndex: 0, DurationSymbols: 1, CceRegMappingType: 1, RegBundleSize: 6, InterleaverSize: 2, CoreSetType: 0, ShiftIndex: 0, precoderGranularity: 0, numDlDci: 1
[0m[34m[MAC]    dlDmrsSymbPos 244
[0m[34m[MAC]    BWPSize:  48, BWPStart:  29, SubcarrierSpacing: 1, CyclicPrefix: 0, StartSymbolIndex: 0, DurationSymbols: 1, CceRegMappingType: 1, RegBundleSize: 6, InterleaverSize: 2, CoreSetType: 0, ShiftIndex: 0, precoderGranularity: 0, numDlDci: 1
[0m[34m[MAC]    [gNB 0] Frame 536 : MIB->BCH  CC_id 0, Received 3 bytes
[0m[34m[MAC]    dlDmrsSymbPos 244
[0m[34m[MAC]    BWPSize:  48, BWPStart:  29, SubcarrierSpacing: 1, CyclicPrefix: 0, StartSymbolIndex: 0, DurationSymbols: 1, CceRegMappingType: 1, RegBundleSize: 6, InterleaverSize: 2, CoreSetType: 0, ShiftIndex: 0, precoderGranularity: 0, numDlDci: 1
[0m[34m[MAC]    dlDmrsSymbPos 244
[0m[34m[MAC]    BWPSize:  48, BWPStart:  29, SubcarrierSpacing: 1, CyclicPrefix: 0, StartSymbolIndex: 0, DurationSymbols: 1, CceRegMappingType: 1, RegBundleSize: 6, InterleaverSize: 2, CoreSetType: 0, ShiftIndex: 0, precoderGranularity: 0, numDlDci: 1
[0m[34m[MAC]    dlDmrsSymbPos 244
[0m[34m[MAC]    BWPSize:  48, BWPStart:  29, SubcarrierSpacing: 1, CyclicPrefix: 0, StartSymbolIndex: 0, DurationSymbols: 1, CceRegMappingType: 1, RegBundleSize: 6, InterleaverSize: 2, CoreSetType: 0, ShiftIndex: 0, precoderGranularity: 0, numDlDci: 1
[0m[34m[MAC]    dlDmrsSymbPos 244
[0m[34m[MAC]    BWPSize:  48, BWPStart:  29, SubcarrierSpacing: 1, CyclicPrefix: 0, StartSymbolIndex: 0, DurationSymbols: 1, CceRegMappingType: 1, RegBundleSize: 6, InterleaverSize: 2, CoreSetType: 0, ShiftIndex: 0, precoderGranularity: 0, numDlDci: 1
[0m[34m[MAC]    [gNB 0] Frame 544 : MIB->BCH  CC_id 0, Received 3 bytes
[0m[34m[MAC]    dlDmrsSymbPos 244
[0m[34m[MAC]    BWPSize:  48, BWPStart:  29, SubcarrierSpacing: 1, CyclicPrefix: 0, StartSymbolIndex: 0, DurationSymbols: 1, CceRegMappingType: 1, RegBundleSize: 6, InterleaverSize: 2, CoreSetType: 0, ShiftIndex: 0, precoderGranularity: 0, numDlDci: 1
[0m[34m[MAC]    dlDmrsSymbPos 244
[0m[34m[MAC]    BWPSize:  48, BWPStart:  29, SubcarrierSpacing: 1, CyclicPrefix: 0, StartSymbolIndex: 0, DurationSymbols: 1, CceRegMappingType: 1, RegBundleSize: 6, InterleaverSize: 2, CoreSetType: 0, ShiftIndex: 0, precoderGranularity: 0, numDlDci: 1
[0m[34m[MAC]    dlDmrsSymbPos 244
[0m[34m[MAC]    BWPSize:  48, BWPStart:  29, SubcarrierSpacing: 1, CyclicPrefix: 0, StartSymbolIndex: 0, DurationSymbols: 1, CceRegMappingType: 1, RegBundleSize: 6, InterleaverSize: 2, CoreSetType: 0, ShiftIndex: 0, precoderGranularity: 0, numDlDci: 1
[0m[34m[MAC]    dlDmrsSymbPos 244
[0m[34m[MAC]    BWPSize:  48, BWPStart:  29, SubcarrierSpacing: 1, CyclicPrefix: 0, StartSymbolIndex: 0, DurationSymbols: 1, CceRegMappingType: 1, RegBundleSize: 6, InterleaverSize: 2, CoreSetType: 0, ShiftIndex: 0, precoderGranularity: 0, numDlDci: 1
[0m[34m[MAC]    [gNB 0] Frame 552 : MIB->BCH  CC_id 0, Received 3 bytes
[0m[34m[MAC]    dlDmrsSymbPos 244
[0m[34m[MAC]    BWPSize:  48, BWPStart:  29, SubcarrierSpacing: 1, CyclicPrefix: 0, StartSymbolIndex: 0, DurationSymbols: 1, CceRegMappingType: 1, RegBundleSize: 6, InterleaverSize: 2, CoreSetType: 0, ShiftIndex: 0, precoderGranularity: 0, numDlDci: 1
[0m[34m[MAC]    dlDmrsSymbPos 244
[0m[34m[MAC]    BWPSize:  48, BWPStart:  29, SubcarrierSpacing: 1, CyclicPrefix: 0, StartSymbolIndex: 0, DurationSymbols: 1, CceRegMappingType: 1, RegBundleSize: 6, InterleaverSize: 2, CoreSetType: 0, ShiftIndex: 0, precoderGranularity: 0, numDlDci: 1
[0m[34m[MAC]    dlDmrsSymbPos 244
[0m[34m[MAC]    BWPSize:  48, BWPStart:  29, SubcarrierSpacing: 1, CyclicPrefix: 0, StartSymbolIndex: 0, DurationSymbols: 1, CceRegMappingType: 1, RegBundleSize: 6, InterleaverSize: 2, CoreSetType: 0, ShiftIndex: 0, precoderGranularity: 0, numDlDci: 1
[0m[34m[MAC]    dlDmrsSymbPos 244
[0m[34m[MAC]    BWPSize:  48, BWPStart:  29, SubcarrierSpacing: 1, CyclicPrefix: 0, StartSymbolIndex: 0, DurationSymbols: 1, CceRegMappingType: 1, RegBundleSize: 6, InterleaverSize: 2, CoreSetType: 0, ShiftIndex: 0, precoderGranularity: 0, numDlDci: 1
[0m[34m[MAC]    [gNB 0] Frame 560 : MIB->BCH  CC_id 0, Received 3 bytes
[0m[34m[MAC]    dlDmrsSymbPos 244
[0m[34m[MAC]    BWPSize:  48, BWPStart:  29, SubcarrierSpacing: 1, CyclicPrefix: 0, StartSymbolIndex: 0, DurationSymbols: 1, CceRegMappingType: 1, RegBundleSize: 6, InterleaverSize: 2, CoreSetType: 0, ShiftIndex: 0, precoderGranularity: 0, numDlDci: 1
[0m[34m[MAC]    dlDmrsSymbPos 244
[0m[34m[MAC]    BWPSize:  48, BWPStart:  29, SubcarrierSpacing: 1, CyclicPrefix: 0, StartSymbolIndex: 0, DurationSymbols: 1, CceRegMappingType: 1, RegBundleSize: 6, InterleaverSize: 2, CoreSetType: 0, ShiftIndex: 0, precoderGranularity: 0, numDlDci: 1
[0m[34m[MAC]    dlDmrsSymbPos 244
[0m[34m[MAC]    BWPSize:  48, BWPStart:  29, SubcarrierSpacing: 1, CyclicPrefix: 0, StartSymbolIndex: 0, DurationSymbols: 1, CceRegMappingType: 1, RegBundleSize: 6, InterleaverSize: 2, CoreSetType: 0, ShiftIndex: 0, precoderGranularity: 0, numDlDci: 1
[0m[34m[MAC]    dlDmrsSymbPos 244
[0m[34m[MAC]    BWPSize:  48, BWPStart:  29, SubcarrierSpacing: 1, CyclicPrefix: 0, StartSymbolIndex: 0, DurationSymbols: 1, CceRegMappingType: 1, RegBundleSize: 6, InterleaverSize: 2, CoreSetType: 0, ShiftIndex: 0, precoderGranularity: 0, numDlDci: 1
[0m[34m[MAC]    [gNB 0] Frame 568 : MIB->BCH  CC_id 0, Received 3 bytes
[0m[34m[MAC]    dlDmrsSymbPos 244
[0m[34m[MAC]    BWPSize:  48, BWPStart:  29, SubcarrierSpacing: 1, CyclicPrefix: 0, StartSymbolIndex: 0, DurationSymbols: 1, CceRegMappingType: 1, RegBundleSize: 6, InterleaverSize: 2, CoreSetType: 0, ShiftIndex: 0, precoderGranularity: 0, numDlDci: 1
[0m[34m[MAC]    dlDmrsSymbPos 244
[0m[34m[MAC]    BWPSize:  48, BWPStart:  29, SubcarrierSpacing: 1, CyclicPrefix: 0, StartSymbolIndex: 0, DurationSymbols: 1, CceRegMappingType: 1, RegBundleSize: 6, InterleaverSize: 2, CoreSetType: 0, ShiftIndex: 0, precoderGranularity: 0, numDlDci: 1
[0m[34m[MAC]    dlDmrsSymbPos 244
[0m[34m[MAC]    BWPSize:  48, BWPStart:  29, SubcarrierSpacing: 1, CyclicPrefix: 0, StartSymbolIndex: 0, DurationSymbols: 1, CceRegMappingType: 1, RegBundleSize: 6, InterleaverSize: 2, CoreSetType: 0, ShiftIndex: 0, precoderGranularity: 0, numDlDci: 1
[0m[34m[MAC]    dlDmrsSymbPos 244
[0m[34m[MAC]    BWPSize:  48, BWPStart:  29, SubcarrierSpacing: 1, CyclicPrefix: 0, StartSymbolIndex: 0, DurationSymbols: 1, CceRegMappingType: 1, RegBundleSize: 6, InterleaverSize: 2, CoreSetType: 0, ShiftIndex: 0, precoderGranularity: 0, numDlDci: 1
[0m[34m[MAC]    [gNB 0] Frame 576 : MIB->BCH  CC_id 0, Received 3 bytes
[0m[34m[MAC]    dlDmrsSymbPos 244
[0m[34m[MAC]    BWPSize:  48, BWPStart:  29, SubcarrierSpacing: 1, CyclicPrefix: 0, StartSymbolIndex: 0, DurationSymbols: 1, CceRegMappingType: 1, RegBundleSize: 6, InterleaverSize: 2, CoreSetType: 0, ShiftIndex: 0, precoderGranularity: 0, numDlDci: 1
[0m[34m[MAC]    dlDmrsSymbPos 244
[0m[34m[MAC]    BWPSize:  48, BWPStart:  29, SubcarrierSpacing: 1, CyclicPrefix: 0, StartSymbolIndex: 0, DurationSymbols: 1, CceRegMappingType: 1, RegBundleSize: 6, InterleaverSize: 2, CoreSetType: 0, ShiftIndex: 0, precoderGranularity: 0, numDlDci: 1
[0m[34m[MAC]    dlDmrsSymbPos 244
[0m[34m[MAC]    BWPSize:  48, BWPStart:  29, SubcarrierSpacing: 1, CyclicPrefix: 0, StartSymbolIndex: 0, DurationSymbols: 1, CceRegMappingType: 1, RegBundleSize: 6, InterleaverSize: 2, CoreSetType: 0, ShiftIndex: 0, precoderGranularity: 0, numDlDci: 1
[0m[34m[MAC]    dlDmrsSymbPos 244
[0m[34m[MAC]    BWPSize:  48, BWPStart:  29, SubcarrierSpacing: 1, CyclicPrefix: 0, StartSymbolIndex: 0, DurationSymbols: 1, CceRegMappingType: 1, RegBundleSize: 6, InterleaverSize: 2, CoreSetType: 0, ShiftIndex: 0, precoderGranularity: 0, numDlDci: 1
[0m[34m[MAC]    [gNB 0] Frame 584 : MIB->BCH  CC_id 0, Received 3 bytes
[0m[34m[MAC]    dlDmrsSymbPos 244
[0m[34m[MAC]    BWPSize:  48, BWPStart:  29, SubcarrierSpacing: 1, CyclicPrefix: 0, StartSymbolIndex: 0, DurationSymbols: 1, CceRegMappingType: 1, RegBundleSize: 6, InterleaverSize: 2, CoreSetType: 0, ShiftIndex: 0, precoderGranularity: 0, numDlDci: 1
[0m[34m[MAC]    dlDmrsSymbPos 244
[0m[34m[MAC]    BWPSize:  48, BWPStart:  29, SubcarrierSpacing: 1, CyclicPrefix: 0, StartSymbolIndex: 0, DurationSymbols: 1, CceRegMappingType: 1, RegBundleSize: 6, InterleaverSize: 2, CoreSetType: 0, ShiftIndex: 0, precoderGranularity: 0, numDlDci: 1
[0m[34m[MAC]    dlDmrsSymbPos 244
[0m[34m[MAC]    BWPSize:  48, BWPStart:  29, SubcarrierSpacing: 1, CyclicPrefix: 0, StartSymbolIndex: 0, DurationSymbols: 1, CceRegMappingType: 1, RegBundleSize: 6, InterleaverSize: 2, CoreSetType: 0, ShiftIndex: 0, precoderGranularity: 0, numDlDci: 1
[0m[34m[MAC]    dlDmrsSymbPos 244
[0m[34m[MAC]    BWPSize:  48, BWPStart:  29, SubcarrierSpacing: 1, CyclicPrefix: 0, StartSymbolIndex: 0, DurationSymbols: 1, CceRegMappingType: 1, RegBundleSize: 6, InterleaverSize: 2, CoreSetType: 0, ShiftIndex: 0, precoderGranularity: 0, numDlDci: 1
[0m[34m[MAC]    [gNB 0] Frame 592 : MIB->BCH  CC_id 0, Received 3 bytes
[0m[34m[MAC]    dlDmrsSymbPos 244
[0m[34m[MAC]    BWPSize:  48, BWPStart:  29, SubcarrierSpacing: 1, CyclicPrefix: 0, StartSymbolIndex: 0, DurationSymbols: 1, CceRegMappingType: 1, RegBundleSize: 6, InterleaverSize: 2, CoreSetType: 0, ShiftIndex: 0, precoderGranularity: 0, numDlDci: 1
[0m[34m[MAC]    dlDmrsSymbPos 244
[0m[34m[MAC]    BWPSize:  48, BWPStart:  29, SubcarrierSpacing: 1, CyclicPrefix: 0, StartSymbolIndex: 0, DurationSymbols: 1, CceRegMappingType: 1, RegBundleSize: 6, InterleaverSize: 2, CoreSetType: 0, ShiftIndex: 0, precoderGranularity: 0, numDlDci: 1
[0m[34m[MAC]    dlDmrsSymbPos 244
[0m[34m[MAC]    BWPSize:  48, BWPStart:  29, SubcarrierSpacing: 1, CyclicPrefix: 0, StartSymbolIndex: 0, DurationSymbols: 1, CceRegMappingType: 1, RegBundleSize: 6, InterleaverSize: 2, CoreSetType: 0, ShiftIndex: 0, precoderGranularity: 0, numDlDci: 1
[0m[34m[MAC]    dlDmrsSymbPos 244
[0m[34m[MAC]    BWPSize:  48, BWPStart:  29, SubcarrierSpacing: 1, CyclicPrefix: 0, StartSymbolIndex: 0, DurationSymbols: 1, CceRegMappingType: 1, RegBundleSize: 6, InterleaverSize: 2, CoreSetType: 0, ShiftIndex: 0, precoderGranularity: 0, numDlDci: 1
[0m[34m[MAC]    [gNB 0] Frame 600 : MIB->BCH  CC_id 0, Received 3 bytes
[0m[34m[MAC]    dlDmrsSymbPos 244
[0m[34m[MAC]    BWPSize:  48, BWPStart:  29, SubcarrierSpacing: 1, CyclicPrefix: 0, StartSymbolIndex: 0, DurationSymbols: 1, CceRegMappingType: 1, RegBundleSize: 6, InterleaverSize: 2, CoreSetType: 0, ShiftIndex: 0, precoderGranularity: 0, numDlDci: 1
[0m[34m[MAC]    dlDmrsSymbPos 244
[0m[34m[MAC]    BWPSize:  48, BWPStart:  29, SubcarrierSpacing: 1, CyclicPrefix: 0, StartSymbolIndex: 0, DurationSymbols: 1, CceRegMappingType: 1, RegBundleSize: 6, InterleaverSize: 2, CoreSetType: 0, ShiftIndex: 0, precoderGranularity: 0, numDlDci: 1
[0m[34m[MAC]    dlDmrsSymbPos 244
[0m[34m[MAC]    BWPSize:  48, BWPStart:  29, SubcarrierSpacing: 1, CyclicPrefix: 0, StartSymbolIndex: 0, DurationSymbols: 1, CceRegMappingType: 1, RegBundleSize: 6, InterleaverSize: 2, CoreSetType: 0, ShiftIndex: 0, precoderGranularity: 0, numDlDci: 1
[0m[34m[MAC]    dlDmrsSymbPos 244
[0m[34m[MAC]    BWPSize:  48, BWPStart:  29, SubcarrierSpacing: 1, CyclicPrefix: 0, StartSymbolIndex: 0, DurationSymbols: 1, CceRegMappingType: 1, RegBundleSize: 6, InterleaverSize: 2, CoreSetType: 0, ShiftIndex: 0, precoderGranularity: 0, numDlDci: 1
[0m[34m[MAC]    [gNB 0] Frame 608 : MIB->BCH  CC_id 0, Received 3 bytes
[0m[34m[MAC]    dlDmrsSymbPos 244
[0m[34m[MAC]    BWPSize:  48, BWPStart:  29, SubcarrierSpacing: 1, CyclicPrefix: 0, StartSymbolIndex: 0, DurationSymbols: 1, CceRegMappingType: 1, RegBundleSize: 6, InterleaverSize: 2, CoreSetType: 0, ShiftIndex: 0, precoderGranularity: 0, numDlDci: 1
[0m[34m[MAC]    dlDmrsSymbPos 244
[0m[34m[MAC]    BWPSize:  48, BWPStart:  29, SubcarrierSpacing: 1, CyclicPrefix: 0, StartSymbolIndex: 0, DurationSymbols: 1, CceRegMappingType: 1, RegBundleSize: 6, InterleaverSize: 2, CoreSetType: 0, ShiftIndex: 0, precoderGranularity: 0, numDlDci: 1
[0m[34m[MAC]    dlDmrsSymbPos 244
[0m[34m[MAC]    BWPSize:  48, BWPStart:  29, SubcarrierSpacing: 1, CyclicPrefix: 0, StartSymbolIndex: 0, DurationSymbols: 1, CceRegMappingType: 1, RegBundleSize: 6, InterleaverSize: 2, CoreSetType: 0, ShiftIndex: 0, precoderGranularity: 0, numDlDci: 1
[0m[34m[MAC]    dlDmrsSymbPos 244
[0m[34m[MAC]    BWPSize:  48, BWPStart:  29, SubcarrierSpacing: 1, CyclicPrefix: 0, StartSymbolIndex: 0, DurationSymbols: 1, CceRegMappingType: 1, RegBundleSize: 6, InterleaverSize: 2, CoreSetType: 0, ShiftIndex: 0, precoderGranularity: 0, numDlDci: 1
[0m[34m[MAC]    [gNB 0] Frame 616 : MIB->BCH  CC_id 0, Received 3 bytes
[0m[34m[MAC]    dlDmrsSymbPos 244
[0m[34m[MAC]    BWPSize:  48, BWPStart:  29, SubcarrierSpacing: 1, CyclicPrefix: 0, StartSymbolIndex: 0, DurationSymbols: 1, CceRegMappingType: 1, RegBundleSize: 6, InterleaverSize: 2, CoreSetType: 0, ShiftIndex: 0, precoderGranularity: 0, numDlDci: 1
[0m[34m[MAC]    dlDmrsSymbPos 244
[0m[34m[MAC]    BWPSize:  48, BWPStart:  29, SubcarrierSpacing: 1, CyclicPrefix: 0, StartSymbolIndex: 0, DurationSymbols: 1, CceRegMappingType: 1, RegBundleSize: 6, InterleaverSize: 2, CoreSetType: 0, ShiftIndex: 0, precoderGranularity: 0, numDlDci: 1
[0m[34m[MAC]    dlDmrsSymbPos 244
[0m[34m[MAC]    BWPSize:  48, BWPStart:  29, SubcarrierSpacing: 1, CyclicPrefix: 0, StartSymbolIndex: 0, DurationSymbols: 1, CceRegMappingType: 1, RegBundleSize: 6, InterleaverSize: 2, CoreSetType: 0, ShiftIndex: 0, precoderGranularity: 0, numDlDci: 1
[0m[34m[MAC]    dlDmrsSymbPos 244
[0m[34m[MAC]    BWPSize:  48, BWPStart:  29, SubcarrierSpacing: 1, CyclicPrefix: 0, StartSymbolIndex: 0, DurationSymbols: 1, CceRegMappingType: 1, RegBundleSize: 6, InterleaverSize: 2, CoreSetType: 0, ShiftIndex: 0, precoderGranularity: 0, numDlDci: 1
[0m[34m[MAC]    [gNB 0] Frame 624 : MIB->BCH  CC_id 0, Received 3 bytes
[0m[34m[MAC]    dlDmrsSymbPos 244
[0m[34m[MAC]    BWPSize:  48, BWPStart:  29, SubcarrierSpacing: 1, CyclicPrefix: 0, StartSymbolIndex: 0, DurationSymbols: 1, CceRegMappingType: 1, RegBundleSize: 6, InterleaverSize: 2, CoreSetType: 0, ShiftIndex: 0, precoderGranularity: 0, numDlDci: 1
[0m[34m[MAC]    dlDmrsSymbPos 244
[0m[34m[MAC]    BWPSize:  48, BWPStart:  29, SubcarrierSpacing: 1, CyclicPrefix: 0, StartSymbolIndex: 0, DurationSymbols: 1, CceRegMappingType: 1, RegBundleSize: 6, InterleaverSize: 2, CoreSetType: 0, ShiftIndex: 0, precoderGranularity: 0, numDlDci: 1
[0m[34m[MAC]    dlDmrsSymbPos 244
[0m[34m[MAC]    BWPSize:  48, BWPStart:  29, SubcarrierSpacing: 1, CyclicPrefix: 0, StartSymbolIndex: 0, DurationSymbols: 1, CceRegMappingType: 1, RegBundleSize: 6, InterleaverSize: 2, CoreSetType: 0, ShiftIndex: 0, precoderGranularity: 0, numDlDci: 1
[0m[34m[MAC]    dlDmrsSymbPos 244
[0m[34m[MAC]    BWPSize:  48, BWPStart:  29, SubcarrierSpacing: 1, CyclicPrefix: 0, StartSymbolIndex: 0, DurationSymbols: 1, CceRegMappingType: 1, RegBundleSize: 6, InterleaverSize: 2, CoreSetType: 0, ShiftIndex: 0, precoderGranularity: 0, numDlDci: 1
[0m[34m[MAC]    [gNB 0] Frame 632 : MIB->BCH  CC_id 0, Received 3 bytes
[0m[34m[MAC]    dlDmrsSymbPos 244
[0m[34m[MAC]    BWPSize:  48, BWPStart:  29, SubcarrierSpacing: 1, CyclicPrefix: 0, StartSymbolIndex: 0, DurationSymbols: 1, CceRegMappingType: 1, RegBundleSize: 6, InterleaverSize: 2, CoreSetType: 0, ShiftIndex: 0, precoderGranularity: 0, numDlDci: 1
[0m[34m[MAC]    dlDmrsSymbPos 244
[0m[34m[MAC]    BWPSize:  48, BWPStart:  29, SubcarrierSpacing: 1, CyclicPrefix: 0, StartSymbolIndex: 0, DurationSymbols: 1, CceRegMappingType: 1, RegBundleSize: 6, InterleaverSize: 2, CoreSetType: 0, ShiftIndex: 0, precoderGranularity: 0, numDlDci: 1
[0m[34m[MAC]    dlDmrsSymbPos 244
[0m[34m[MAC]    BWPSize:  48, BWPStart:  29, SubcarrierSpacing: 1, CyclicPrefix: 0, StartSymbolIndex: 0, DurationSymbols: 1, CceRegMappingType: 1, RegBundleSize: 6, InterleaverSize: 2, CoreSetType: 0, ShiftIndex: 0, precoderGranularity: 0, numDlDci: 1
[0m[34m[MAC]    dlDmrsSymbPos 244
[0m[34m[MAC]    BWPSize:  48, BWPStart:  29, SubcarrierSpacing: 1, CyclicPrefix: 0, StartSymbolIndex: 0, DurationSymbols: 1, CceRegMappingType: 1, RegBundleSize: 6, InterleaverSize: 2, CoreSetType: 0, ShiftIndex: 0, precoderGranularity: 0, numDlDci: 1
[0m[34m[MAC]    [gNB 0] Frame 640 : MIB->BCH  CC_id 0, Received 3 bytes
[0m[34m[MAC]    dlDmrsSymbPos 244
[0m[34m[MAC]    BWPSize:  48, BWPStart:  29, SubcarrierSpacing: 1, CyclicPrefix: 0, StartSymbolIndex: 0, DurationSymbols: 1, CceRegMappingType: 1, RegBundleSize: 6, InterleaverSize: 2, CoreSetType: 0, ShiftIndex: 0, precoderGranularity: 0, numDlDci: 1
[0m[HW]     [o-du 0][rx  310975 pps   10752 kbps  299481][tx  924331 pps   31872 kbps  786891][Total Msgs_Rcvd 310975]
[0m[HW]     [o_du0][pusch0  267222 prach0   43749]
[0m[34m[MAC]    dlDmrsSymbPos 244
[0m[34m[MAC]    BWPSize:  48, BWPStart:  29, SubcarrierSpacing: 1, CyclicPrefix: 0, StartSymbolIndex: 0, DurationSymbols: 1, CceRegMappingType: 1, RegBundleSize: 6, InterleaverSize: 2, CoreSetType: 0, ShiftIndex: 0, precoderGranularity: 0, numDlDci: 1
[0m[34m[MAC]    dlDmrsSymbPos 244
[0m[34m[MAC]    BWPSize:  48, BWPStart:  29, SubcarrierSpacing: 1, CyclicPrefix: 0, StartSymbolIndex: 0, DurationSymbols: 1, CceRegMappingType: 1, RegBundleSize: 6, InterleaverSize: 2, CoreSetType: 0, ShiftIndex: 0, precoderGranularity: 0, numDlDci: 1
[0m[34m[MAC]    dlDmrsSymbPos 244
[0m[34m[MAC]    BWPSize:  48, BWPStart:  29, SubcarrierSpacing: 1, CyclicPrefix: 0, StartSymbolIndex: 0, DurationSymbols: 1, CceRegMappingType: 1, RegBundleSize: 6, InterleaverSize: 2, CoreSetType: 0, ShiftIndex: 0, precoderGranularity: 0, numDlDci: 1
[0m[34m[MAC]    [gNB 0] Frame 648 : MIB->BCH  CC_id 0, Received 3 bytes
[0m[34m[MAC]    dlDmrsSymbPos 244
[0m[34m[MAC]    BWPSize:  48, BWPStart:  29, SubcarrierSpacing: 1, CyclicPrefix: 0, StartSymbolIndex: 0, DurationSymbols: 1, CceRegMappingType: 1, RegBundleSize: 6, InterleaverSize: 2, CoreSetType: 0, ShiftIndex: 0, precoderGranularity: 0, numDlDci: 1
[0m[34m[MAC]    dlDmrsSymbPos 244
[0m[34m[MAC]    BWPSize:  48, BWPStart:  29, SubcarrierSpacing: 1, CyclicPrefix: 0, StartSymbolIndex: 0, DurationSymbols: 1, CceRegMappingType: 1, RegBundleSize: 6, InterleaverSize: 2, CoreSetType: 0, ShiftIndex: 0, precoderGranularity: 0, numDlDci: 1
[0m[34m[MAC]    dlDmrsSymbPos 244
[0m[34m[MAC]    BWPSize:  48, BWPStart:  29, SubcarrierSpacing: 1, CyclicPrefix: 0, StartSymbolIndex: 0, DurationSymbols: 1, CceRegMappingType: 1, RegBundleSize: 6, InterleaverSize: 2, CoreSetType: 0, ShiftIndex: 0, precoderGranularity: 0, numDlDci: 1
[0m[34m[MAC]    dlDmrsSymbPos 244
[0m[34m[MAC]    BWPSize:  48, BWPStart:  29, SubcarrierSpacing: 1, CyclicPrefix: 0, StartSymbolIndex: 0, DurationSymbols: 1, CceRegMappingType: 1, RegBundleSize: 6, InterleaverSize: 2, CoreSetType: 0, ShiftIndex: 0, precoderGranularity: 0, numDlDci: 1
[0m[34m[MAC]    [gNB 0] Frame 656 : MIB->BCH  CC_id 0, Received 3 bytes
[0m[34m[MAC]    dlDmrsSymbPos 244
[0m[34m[MAC]    BWPSize:  48, BWPStart:  29, SubcarrierSpacing: 1, CyclicPrefix: 0, StartSymbolIndex: 0, DurationSymbols: 1, CceRegMappingType: 1, RegBundleSize: 6, InterleaverSize: 2, CoreSetType: 0, ShiftIndex: 0, precoderGranularity: 0, numDlDci: 1
[0m[34m[MAC]    dlDmrsSymbPos 244
[0m[34m[MAC]    BWPSize:  48, BWPStart:  29, SubcarrierSpacing: 1, CyclicPrefix: 0, StartSymbolIndex: 0, DurationSymbols: 1, CceRegMappingType: 1, RegBundleSize: 6, InterleaverSize: 2, CoreSetType: 0, ShiftIndex: 0, precoderGranularity: 0, numDlDci: 1
[0m[34m[MAC]    dlDmrsSymbPos 244
[0m[34m[MAC]    BWPSize:  48, BWPStart:  29, SubcarrierSpacing: 1, CyclicPrefix: 0, StartSymbolIndex: 0, DurationSymbols: 1, CceRegMappingType: 1, RegBundleSize: 6, InterleaverSize: 2, CoreSetType: 0, ShiftIndex: 0, precoderGranularity: 0, numDlDci: 1
[0m[34m[MAC]    dlDmrsSymbPos 244
[0m[34m[MAC]    BWPSize:  48, BWPStart:  29, SubcarrierSpacing: 1, CyclicPrefix: 0, StartSymbolIndex: 0, DurationSymbols: 1, CceRegMappingType: 1, RegBundleSize: 6, InterleaverSize: 2, CoreSetType: 0, ShiftIndex: 0, precoderGranularity: 0, numDlDci: 1
[0m[34m[MAC]    [gNB 0] Frame 664 : MIB->BCH  CC_id 0, Received 3 bytes
[0m[34m[MAC]    dlDmrsSymbPos 244
[0m[34m[MAC]    BWPSize:  48, BWPStart:  29, SubcarrierSpacing: 1, CyclicPrefix: 0, StartSymbolIndex: 0, DurationSymbols: 1, CceRegMappingType: 1, RegBundleSize: 6, InterleaverSize: 2, CoreSetType: 0, ShiftIndex: 0, precoderGranularity: 0, numDlDci: 1
[0m[34m[MAC]    dlDmrsSymbPos 244
[0m[34m[MAC]    BWPSize:  48, BWPStart:  29, SubcarrierSpacing: 1, CyclicPrefix: 0, StartSymbolIndex: 0, DurationSymbols: 1, CceRegMappingType: 1, RegBundleSize: 6, InterleaverSize: 2, CoreSetType: 0, ShiftIndex: 0, precoderGranularity: 0, numDlDci: 1
[0m[34m[MAC]    dlDmrsSymbPos 244
[0m[34m[MAC]    BWPSize:  48, BWPStart:  29, SubcarrierSpacing: 1, CyclicPrefix: 0, StartSymbolIndex: 0, DurationSymbols: 1, CceRegMappingType: 1, RegBundleSize: 6, InterleaverSize: 2, CoreSetType: 0, ShiftIndex: 0, precoderGranularity: 0, numDlDci: 1
[0m[34m[MAC]    dlDmrsSymbPos 244
[0m[34m[MAC]    BWPSize:  48, BWPStart:  29, SubcarrierSpacing: 1, CyclicPrefix: 0, StartSymbolIndex: 0, DurationSymbols: 1, CceRegMappingType: 1, RegBundleSize: 6, InterleaverSize: 2, CoreSetType: 0, ShiftIndex: 0, precoderGranularity: 0, numDlDci: 1
[0m[34m[MAC]    [gNB 0] Frame 672 : MIB->BCH  CC_id 0, Received 3 bytes
[0m[34m[MAC]    dlDmrsSymbPos 244
[0m[34m[MAC]    BWPSize:  48, BWPStart:  29, SubcarrierSpacing: 1, CyclicPrefix: 0, StartSymbolIndex: 0, DurationSymbols: 1, CceRegMappingType: 1, RegBundleSize: 6, InterleaverSize: 2, CoreSetType: 0, ShiftIndex: 0, precoderGranularity: 0, numDlDci: 1
[0m[34m[MAC]    dlDmrsSymbPos 244
[0m[34m[MAC]    BWPSize:  48, BWPStart:  29, SubcarrierSpacing: 1, CyclicPrefix: 0, StartSymbolIndex: 0, DurationSymbols: 1, CceRegMappingType: 1, RegBundleSize: 6, InterleaverSize: 2, CoreSetType: 0, ShiftIndex: 0, precoderGranularity: 0, numDlDci: 1
[0m[34m[MAC]    dlDmrsSymbPos 244
[0m[34m[MAC]    BWPSize:  48, BWPStart:  29, SubcarrierSpacing: 1, CyclicPrefix: 0, StartSymbolIndex: 0, DurationSymbols: 1, CceRegMappingType: 1, RegBundleSize: 6, InterleaverSize: 2, CoreSetType: 0, ShiftIndex: 0, precoderGranularity: 0, numDlDci: 1
[0m[34m[MAC]    dlDmrsSymbPos 244
[0m[34m[MAC]    BWPSize:  48, BWPStart:  29, SubcarrierSpacing: 1, CyclicPrefix: 0, StartSymbolIndex: 0, DurationSymbols: 1, CceRegMappingType: 1, RegBundleSize: 6, InterleaverSize: 2, CoreSetType: 0, ShiftIndex: 0, precoderGranularity: 0, numDlDci: 1
[0m[34m[MAC]    [gNB 0] Frame 680 : MIB->BCH  CC_id 0, Received 3 bytes
[0m[34m[MAC]    dlDmrsSymbPos 244
[0m[34m[MAC]    BWPSize:  48, BWPStart:  29, SubcarrierSpacing: 1, CyclicPrefix: 0, StartSymbolIndex: 0, DurationSymbols: 1, CceRegMappingType: 1, RegBundleSize: 6, InterleaverSize: 2, CoreSetType: 0, ShiftIndex: 0, precoderGranularity: 0, numDlDci: 1
[0m[34m[MAC]    dlDmrsSymbPos 244
[0m[34m[MAC]    BWPSize:  48, BWPStart:  29, SubcarrierSpacing: 1, CyclicPrefix: 0, StartSymbolIndex: 0, DurationSymbols: 1, CceRegMappingType: 1, RegBundleSize: 6, InterleaverSize: 2, CoreSetType: 0, ShiftIndex: 0, precoderGranularity: 0, numDlDci: 1
[0m[34m[MAC]    dlDmrsSymbPos 244
[0m[34m[MAC]    BWPSize:  48, BWPStart:  29, SubcarrierSpacing: 1, CyclicPrefix: 0, StartSymbolIndex: 0, DurationSymbols: 1, CceRegMappingType: 1, RegBundleSize: 6, InterleaverSize: 2, CoreSetType: 0, ShiftIndex: 0, precoderGranularity: 0, numDlDci: 1
[0m[34m[MAC]    dlDmrsSymbPos 244
[0m[34m[MAC]    BWPSize:  48, BWPStart:  29, SubcarrierSpacing: 1, CyclicPrefix: 0, StartSymbolIndex: 0, DurationSymbols: 1, CceRegMappingType: 1, RegBundleSize: 6, InterleaverSize: 2, CoreSetType: 0, ShiftIndex: 0, precoderGranularity: 0, numDlDci: 1
[0m[34m[MAC]    [gNB 0] Frame 688 : MIB->BCH  CC_id 0, Received 3 bytes
[0m[34m[MAC]    dlDmrsSymbPos 244
[0m[34m[MAC]    BWPSize:  48, BWPStart:  29, SubcarrierSpacing: 1, CyclicPrefix: 0, StartSymbolIndex: 0, DurationSymbols: 1, CceRegMappingType: 1, RegBundleSize: 6, InterleaverSize: 2, CoreSetType: 0, ShiftIndex: 0, precoderGranularity: 0, numDlDci: 1
[0m[34m[MAC]    dlDmrsSymbPos 244
[0m[34m[MAC]    BWPSize:  48, BWPStart:  29, SubcarrierSpacing: 1, CyclicPrefix: 0, StartSymbolIndex: 0, DurationSymbols: 1, CceRegMappingType: 1, RegBundleSize: 6, InterleaverSize: 2, CoreSetType: 0, ShiftIndex: 0, precoderGranularity: 0, numDlDci: 1
[0m[34m[MAC]    dlDmrsSymbPos 244
[0m[34m[MAC]    BWPSize:  48, BWPStart:  29, SubcarrierSpacing: 1, CyclicPrefix: 0, StartSymbolIndex: 0, DurationSymbols: 1, CceRegMappingType: 1, RegBundleSize: 6, InterleaverSize: 2, CoreSetType: 0, ShiftIndex: 0, precoderGranularity: 0, numDlDci: 1
[0m[34m[MAC]    dlDmrsSymbPos 244
[0m[34m[MAC]    BWPSize:  48, BWPStart:  29, SubcarrierSpacing: 1, CyclicPrefix: 0, StartSymbolIndex: 0, DurationSymbols: 1, CceRegMappingType: 1, RegBundleSize: 6, InterleaverSize: 2, CoreSetType: 0, ShiftIndex: 0, precoderGranularity: 0, numDlDci: 1
[0m[34m[MAC]    [gNB 0] Frame 696 : MIB->BCH  CC_id 0, Received 3 bytes
[0m[34m[MAC]    dlDmrsSymbPos 244
[0m[34m[MAC]    BWPSize:  48, BWPStart:  29, SubcarrierSpacing: 1, CyclicPrefix: 0, StartSymbolIndex: 0, DurationSymbols: 1, CceRegMappingType: 1, RegBundleSize: 6, InterleaverSize: 2, CoreSetType: 0, ShiftIndex: 0, precoderGranularity: 0, numDlDci: 1
[0m[34m[MAC]    dlDmrsSymbPos 244
[0m[34m[MAC]    BWPSize:  48, BWPStart:  29, SubcarrierSpacing: 1, CyclicPrefix: 0, StartSymbolIndex: 0, DurationSymbols: 1, CceRegMappingType: 1, RegBundleSize: 6, InterleaverSize: 2, CoreSetType: 0, ShiftIndex: 0, precoderGranularity: 0, numDlDci: 1
[0m[34m[MAC]    dlDmrsSymbPos 244
[0m[34m[MAC]    BWPSize:  48, BWPStart:  29, SubcarrierSpacing: 1, CyclicPrefix: 0, StartSymbolIndex: 0, DurationSymbols: 1, CceRegMappingType: 1, RegBundleSize: 6, InterleaverSize: 2, CoreSetType: 0, ShiftIndex: 0, precoderGranularity: 0, numDlDci: 1
[0m[34m[MAC]    dlDmrsSymbPos 244
[0m[34m[MAC]    BWPSize:  48, BWPStart:  29, SubcarrierSpacing: 1, CyclicPrefix: 0, StartSymbolIndex: 0, DurationSymbols: 1, CceRegMappingType: 1, RegBundleSize: 6, InterleaverSize: 2, CoreSetType: 0, ShiftIndex: 0, precoderGranularity: 0, numDlDci: 1
[0m[34m[MAC]    [gNB 0] Frame 704 : MIB->BCH  CC_id 0, Received 3 bytes
[0m[34m[MAC]    dlDmrsSymbPos 244
[0m[34m[MAC]    BWPSize:  48, BWPStart:  29, SubcarrierSpacing: 1, CyclicPrefix: 0, StartSymbolIndex: 0, DurationSymbols: 1, CceRegMappingType: 1, RegBundleSize: 6, InterleaverSize: 2, CoreSetType: 0, ShiftIndex: 0, precoderGranularity: 0, numDlDci: 1
[0m[34m[MAC]    dlDmrsSymbPos 244
[0m[34m[MAC]    BWPSize:  48, BWPStart:  29, SubcarrierSpacing: 1, CyclicPrefix: 0, StartSymbolIndex: 0, DurationSymbols: 1, CceRegMappingType: 1, RegBundleSize: 6, InterleaverSize: 2, CoreSetType: 0, ShiftIndex: 0, precoderGranularity: 0, numDlDci: 1
[0m[34m[MAC]    dlDmrsSymbPos 244
[0m[34m[MAC]    BWPSize:  48, BWPStart:  29, SubcarrierSpacing: 1, CyclicPrefix: 0, StartSymbolIndex: 0, DurationSymbols: 1, CceRegMappingType: 1, RegBundleSize: 6, InterleaverSize: 2, CoreSetType: 0, ShiftIndex: 0, precoderGranularity: 0, numDlDci: 1
[0m[34m[MAC]    dlDmrsSymbPos 244
[0m[34m[MAC]    BWPSize:  48, BWPStart:  29, SubcarrierSpacing: 1, CyclicPrefix: 0, StartSymbolIndex: 0, DurationSymbols: 1, CceRegMappingType: 1, RegBundleSize: 6, InterleaverSize: 2, CoreSetType: 0, ShiftIndex: 0, precoderGranularity: 0, numDlDci: 1
[0m[34m[MAC]    [gNB 0] Frame 712 : MIB->BCH  CC_id 0, Received 3 bytes
[0m[34m[MAC]    dlDmrsSymbPos 244
[0m[34m[MAC]    BWPSize:  48, BWPStart:  29, SubcarrierSpacing: 1, CyclicPrefix: 0, StartSymbolIndex: 0, DurationSymbols: 1, CceRegMappingType: 1, RegBundleSize: 6, InterleaverSize: 2, CoreSetType: 0, ShiftIndex: 0, precoderGranularity: 0, numDlDci: 1
[0m[34m[MAC]    dlDmrsSymbPos 244
[0m[34m[MAC]    BWPSize:  48, BWPStart:  29, SubcarrierSpacing: 1, CyclicPrefix: 0, StartSymbolIndex: 0, DurationSymbols: 1, CceRegMappingType: 1, RegBundleSize: 6, InterleaverSize: 2, CoreSetType: 0, ShiftIndex: 0, precoderGranularity: 0, numDlDci: 1
[0m[34m[MAC]    dlDmrsSymbPos 244
[0m[34m[MAC]    BWPSize:  48, BWPStart:  29, SubcarrierSpacing: 1, CyclicPrefix: 0, StartSymbolIndex: 0, DurationSymbols: 1, CceRegMappingType: 1, RegBundleSize: 6, InterleaverSize: 2, CoreSetType: 0, ShiftIndex: 0, precoderGranularity: 0, numDlDci: 1
[0m[34m[MAC]    dlDmrsSymbPos 244
[0m[34m[MAC]    BWPSize:  48, BWPStart:  29, SubcarrierSpacing: 1, CyclicPrefix: 0, StartSymbolIndex: 0, DurationSymbols: 1, CceRegMappingType: 1, RegBundleSize: 6, InterleaverSize: 2, CoreSetType: 0, ShiftIndex: 0, precoderGranularity: 0, numDlDci: 1
[0m[34m[MAC]    [gNB 0] Frame 720 : MIB->BCH  CC_id 0, Received 3 bytes
[0m[34m[MAC]    dlDmrsSymbPos 244
[0m[34m[MAC]    BWPSize:  48, BWPStart:  29, SubcarrierSpacing: 1, CyclicPrefix: 0, StartSymbolIndex: 0, DurationSymbols: 1, CceRegMappingType: 1, RegBundleSize: 6, InterleaverSize: 2, CoreSetType: 0, ShiftIndex: 0, precoderGranularity: 0, numDlDci: 1
[0m[34m[MAC]    dlDmrsSymbPos 244
[0m[34m[MAC]    BWPSize:  48, BWPStart:  29, SubcarrierSpacing: 1, CyclicPrefix: 0, StartSymbolIndex: 0, DurationSymbols: 1, CceRegMappingType: 1, RegBundleSize: 6, InterleaverSize: 2, CoreSetType: 0, ShiftIndex: 0, precoderGranularity: 0, numDlDci: 1
[0m[34m[MAC]    dlDmrsSymbPos 244
[0m[34m[MAC]    BWPSize:  48, BWPStart:  29, SubcarrierSpacing: 1, CyclicPrefix: 0, StartSymbolIndex: 0, DurationSymbols: 1, CceRegMappingType: 1, RegBundleSize: 6, InterleaverSize: 2, CoreSetType: 0, ShiftIndex: 0, precoderGranularity: 0, numDlDci: 1
[0m[34m[MAC]    dlDmrsSymbPos 244
[0m[34m[MAC]    BWPSize:  48, BWPStart:  29, SubcarrierSpacing: 1, CyclicPrefix: 0, StartSymbolIndex: 0, DurationSymbols: 1, CceRegMappingType: 1, RegBundleSize: 6, InterleaverSize: 2, CoreSetType: 0, ShiftIndex: 0, precoderGranularity: 0, numDlDci: 1
[0m[34m[MAC]    [gNB 0] Frame 728 : MIB->BCH  CC_id 0, Received 3 bytes
[0m[34m[MAC]    dlDmrsSymbPos 244
[0m[34m[MAC]    BWPSize:  48, BWPStart:  29, SubcarrierSpacing: 1, CyclicPrefix: 0, StartSymbolIndex: 0, DurationSymbols: 1, CceRegMappingType: 1, RegBundleSize: 6, InterleaverSize: 2, CoreSetType: 0, ShiftIndex: 0, precoderGranularity: 0, numDlDci: 1
[0m[34m[MAC]    dlDmrsSymbPos 244
[0m[34m[MAC]    BWPSize:  48, BWPStart:  29, SubcarrierSpacing: 1, CyclicPrefix: 0, StartSymbolIndex: 0, DurationSymbols: 1, CceRegMappingType: 1, RegBundleSize: 6, InterleaverSize: 2, CoreSetType: 0, ShiftIndex: 0, precoderGranularity: 0, numDlDci: 1
[0m[34m[MAC]    dlDmrsSymbPos 244
[0m[34m[MAC]    BWPSize:  48, BWPStart:  29, SubcarrierSpacing: 1, CyclicPrefix: 0, StartSymbolIndex: 0, DurationSymbols: 1, CceRegMappingType: 1, RegBundleSize: 6, InterleaverSize: 2, CoreSetType: 0, ShiftIndex: 0, precoderGranularity: 0, numDlDci: 1
[0m[34m[MAC]    dlDmrsSymbPos 244
[0m[34m[MAC]    BWPSize:  48, BWPStart:  29, SubcarrierSpacing: 1, CyclicPrefix: 0, StartSymbolIndex: 0, DurationSymbols: 1, CceRegMappingType: 1, RegBundleSize: 6, InterleaverSize: 2, CoreSetType: 0, ShiftIndex: 0, precoderGranularity: 0, numDlDci: 1
[0m[34m[MAC]    [gNB 0] Frame 736 : MIB->BCH  CC_id 0, Received 3 bytes
[0m[34m[MAC]    dlDmrsSymbPos 244
[0m[34m[MAC]    BWPSize:  48, BWPStart:  29, SubcarrierSpacing: 1, CyclicPrefix: 0, StartSymbolIndex: 0, DurationSymbols: 1, CceRegMappingType: 1, RegBundleSize: 6, InterleaverSize: 2, CoreSetType: 0, ShiftIndex: 0, precoderGranularity: 0, numDlDci: 1
[0m[34m[MAC]    dlDmrsSymbPos 244
[0m[34m[MAC]    BWPSize:  48, BWPStart:  29, SubcarrierSpacing: 1, CyclicPrefix: 0, StartSymbolIndex: 0, DurationSymbols: 1, CceRegMappingType: 1, RegBundleSize: 6, InterleaverSize: 2, CoreSetType: 0, ShiftIndex: 0, precoderGranularity: 0, numDlDci: 1
[0m[34m[MAC]    dlDmrsSymbPos 244
[0m[34m[MAC]    BWPSize:  48, BWPStart:  29, SubcarrierSpacing: 1, CyclicPrefix: 0, StartSymbolIndex: 0, DurationSymbols: 1, CceRegMappingType: 1, RegBundleSize: 6, InterleaverSize: 2, CoreSetType: 0, ShiftIndex: 0, precoderGranularity: 0, numDlDci: 1
[0m[34m[MAC]    dlDmrsSymbPos 244
[0m[34m[MAC]    BWPSize:  48, BWPStart:  29, SubcarrierSpacing: 1, CyclicPrefix: 0, StartSymbolIndex: 0, DurationSymbols: 1, CceRegMappingType: 1, RegBundleSize: 6, InterleaverSize: 2, CoreSetType: 0, ShiftIndex: 0, precoderGranularity: 0, numDlDci: 1
[0m[34m[MAC]    [gNB 0] Frame 744 : MIB->BCH  CC_id 0, Received 3 bytes
[0m[34m[MAC]    dlDmrsSymbPos 244
[0m[34m[MAC]    BWPSize:  48, BWPStart:  29, SubcarrierSpacing: 1, CyclicPrefix: 0, StartSymbolIndex: 0, DurationSymbols: 1, CceRegMappingType: 1, RegBundleSize: 6, InterleaverSize: 2, CoreSetType: 0, ShiftIndex: 0, precoderGranularity: 0, numDlDci: 1
[0m[34m[MAC]    dlDmrsSymbPos 244
[0m[34m[MAC]    BWPSize:  48, BWPStart:  29, SubcarrierSpacing: 1, CyclicPrefix: 0, StartSymbolIndex: 0, DurationSymbols: 1, CceRegMappingType: 1, RegBundleSize: 6, InterleaverSize: 2, CoreSetType: 0, ShiftIndex: 0, precoderGranularity: 0, numDlDci: 1
[0m[34m[MAC]    dlDmrsSymbPos 244
[0m[34m[MAC]    BWPSize:  48, BWPStart:  29, SubcarrierSpacing: 1, CyclicPrefix: 0, StartSymbolIndex: 0, DurationSymbols: 1, CceRegMappingType: 1, RegBundleSize: 6, InterleaverSize: 2, CoreSetType: 0, ShiftIndex: 0, precoderGranularity: 0, numDlDci: 1
[0m[34m[MAC]    dlDmrsSymbPos 244
[0m[34m[MAC]    BWPSize:  48, BWPStart:  29, SubcarrierSpacing: 1, CyclicPrefix: 0, StartSymbolIndex: 0, DurationSymbols: 1, CceRegMappingType: 1, RegBundleSize: 6, InterleaverSize: 2, CoreSetType: 0, ShiftIndex: 0, precoderGranularity: 0, numDlDci: 1
[0m[34m[MAC]    [gNB 0] Frame 752 : MIB->BCH  CC_id 0, Received 3 bytes
[0m[34m[MAC]    dlDmrsSymbPos 244
[0m[34m[MAC]    BWPSize:  48, BWPStart:  29, SubcarrierSpacing: 1, CyclicPrefix: 0, StartSymbolIndex: 0, DurationSymbols: 1, CceRegMappingType: 1, RegBundleSize: 6, InterleaverSize: 2, CoreSetType: 0, ShiftIndex: 0, precoderGranularity: 0, numDlDci: 1
[0m[34m[MAC]    dlDmrsSymbPos 244
[0m[34m[MAC]    BWPSize:  48, BWPStart:  29, SubcarrierSpacing: 1, CyclicPrefix: 0, StartSymbolIndex: 0, DurationSymbols: 1, CceRegMappingType: 1, RegBundleSize: 6, InterleaverSize: 2, CoreSetType: 0, ShiftIndex: 0, precoderGranularity: 0, numDlDci: 1
[0m[34m[MAC]    dlDmrsSymbPos 244
[0m[34m[MAC]    BWPSize:  48, BWPStart:  29, SubcarrierSpacing: 1, CyclicPrefix: 0, StartSymbolIndex: 0, DurationSymbols: 1, CceRegMappingType: 1, RegBundleSize: 6, InterleaverSize: 2, CoreSetType: 0, ShiftIndex: 0, precoderGranularity: 0, numDlDci: 1
[0m[34m[MAC]    dlDmrsSymbPos 244
[0m[34m[MAC]    BWPSize:  48, BWPStart:  29, SubcarrierSpacing: 1, CyclicPrefix: 0, StartSymbolIndex: 0, DurationSymbols: 1, CceRegMappingType: 1, RegBundleSize: 6, InterleaverSize: 2, CoreSetType: 0, ShiftIndex: 0, precoderGranularity: 0, numDlDci: 1
[0m[34m[MAC]    [gNB 0] Frame 760 : MIB->BCH  CC_id 0, Received 3 bytes
[0m[34m[MAC]    dlDmrsSymbPos 244
[0m[34m[MAC]    BWPSize:  48, BWPStart:  29, SubcarrierSpacing: 1, CyclicPrefix: 0, StartSymbolIndex: 0, DurationSymbols: 1, CceRegMappingType: 1, RegBundleSize: 6, InterleaverSize: 2, CoreSetType: 0, ShiftIndex: 0, precoderGranularity: 0, numDlDci: 1
[0m[34m[MAC]    dlDmrsSymbPos 244
[0m[34m[MAC]    BWPSize:  48, BWPStart:  29, SubcarrierSpacing: 1, CyclicPrefix: 0, StartSymbolIndex: 0, DurationSymbols: 1, CceRegMappingType: 1, RegBundleSize: 6, InterleaverSize: 2, CoreSetType: 0, ShiftIndex: 0, precoderGranularity: 0, numDlDci: 1
[0m[34m[MAC]    dlDmrsSymbPos 244
[0m[34m[MAC]    BWPSize:  48, BWPStart:  29, SubcarrierSpacing: 1, CyclicPrefix: 0, StartSymbolIndex: 0, DurationSymbols: 1, CceRegMappingType: 1, RegBundleSize: 6, InterleaverSize: 2, CoreSetType: 0, ShiftIndex: 0, precoderGranularity: 0, numDlDci: 1
[0m[34m[MAC]    dlDmrsSymbPos 244
[0m[34m[MAC]    BWPSize:  48, BWPStart:  29, SubcarrierSpacing: 1, CyclicPrefix: 0, StartSymbolIndex: 0, DurationSymbols: 1, CceRegMappingType: 1, RegBundleSize: 6, InterleaverSize: 2, CoreSetType: 0, ShiftIndex: 0, precoderGranularity: 0, numDlDci: 1
[0m[34m[MAC]    [gNB 0] Frame 768 : MIB->BCH  CC_id 0, Received 3 bytes
[0m[34m[MAC]    dlDmrsSymbPos 244
[0m[34m[MAC]    BWPSize:  48, BWPStart:  29, SubcarrierSpacing: 1, CyclicPrefix: 0, StartSymbolIndex: 0, DurationSymbols: 1, CceRegMappingType: 1, RegBundleSize: 6, InterleaverSize: 2, CoreSetType: 0, ShiftIndex: 0, precoderGranularity: 0, numDlDci: 1
[0m[HW]     [o-du 0][rx  321727 pps   10752 kbps  299481][tx  956203 pps   31872 kbps  786891][Total Msgs_Rcvd 321727]
[0m[HW]     [o_du0][pusch0  276438 prach0   45285]
[0m[34m[MAC]    dlDmrsSymbPos 244
[0m[34m[MAC]    BWPSize:  48, BWPStart:  29, SubcarrierSpacing: 1, CyclicPrefix: 0, StartSymbolIndex: 0, DurationSymbols: 1, CceRegMappingType: 1, RegBundleSize: 6, InterleaverSize: 2, CoreSetType: 0, ShiftIndex: 0, precoderGranularity: 0, numDlDci: 1
[0m[34m[MAC]    dlDmrsSymbPos 244
[0m[34m[MAC]    BWPSize:  48, BWPStart:  29, SubcarrierSpacing: 1, CyclicPrefix: 0, StartSymbolIndex: 0, DurationSymbols: 1, CceRegMappingType: 1, RegBundleSize: 6, InterleaverSize: 2, CoreSetType: 0, ShiftIndex: 0, precoderGranularity: 0, numDlDci: 1
[0m[34m[MAC]    dlDmrsSymbPos 244
[0m[34m[MAC]    BWPSize:  48, BWPStart:  29, SubcarrierSpacing: 1, CyclicPrefix: 0, StartSymbolIndex: 0, DurationSymbols: 1, CceRegMappingType: 1, RegBundleSize: 6, InterleaverSize: 2, CoreSetType: 0, ShiftIndex: 0, precoderGranularity: 0, numDlDci: 1
[0m[34m[MAC]    [gNB 0] Frame 776 : MIB->BCH  CC_id 0, Received 3 bytes
[0m[34m[MAC]    dlDmrsSymbPos 244
[0m[34m[MAC]    BWPSize:  48, BWPStart:  29, SubcarrierSpacing: 1, CyclicPrefix: 0, StartSymbolIndex: 0, DurationSymbols: 1, CceRegMappingType: 1, RegBundleSize: 6, InterleaverSize: 2, CoreSetType: 0, ShiftIndex: 0, precoderGranularity: 0, numDlDci: 1
[0m[34m[MAC]    dlDmrsSymbPos 244
[0m[34m[MAC]    BWPSize:  48, BWPStart:  29, SubcarrierSpacing: 1, CyclicPrefix: 0, StartSymbolIndex: 0, DurationSymbols: 1, CceRegMappingType: 1, RegBundleSize: 6, InterleaverSize: 2, CoreSetType: 0, ShiftIndex: 0, precoderGranularity: 0, numDlDci: 1
[0m[34m[MAC]    dlDmrsSymbPos 244
[0m[34m[MAC]    BWPSize:  48, BWPStart:  29, SubcarrierSpacing: 1, CyclicPrefix: 0, StartSymbolIndex: 0, DurationSymbols: 1, CceRegMappingType: 1, RegBundleSize: 6, InterleaverSize: 2, CoreSetType: 0, ShiftIndex: 0, precoderGranularity: 0, numDlDci: 1
[0m[34m[MAC]    dlDmrsSymbPos 244
[0m[34m[MAC]    BWPSize:  48, BWPStart:  29, SubcarrierSpacing: 1, CyclicPrefix: 0, StartSymbolIndex: 0, DurationSymbols: 1, CceRegMappingType: 1, RegBundleSize: 6, InterleaverSize: 2, CoreSetType: 0, ShiftIndex: 0, precoderGranularity: 0, numDlDci: 1
[0m[34m[MAC]    [gNB 0] Frame 784 : MIB->BCH  CC_id 0, Received 3 bytes
[0m[34m[MAC]    dlDmrsSymbPos 244
[0m[34m[MAC]    BWPSize:  48, BWPStart:  29, SubcarrierSpacing: 1, CyclicPrefix: 0, StartSymbolIndex: 0, DurationSymbols: 1, CceRegMappingType: 1, RegBundleSize: 6, InterleaverSize: 2, CoreSetType: 0, ShiftIndex: 0, precoderGranularity: 0, numDlDci: 1
[0m[34m[MAC]    dlDmrsSymbPos 244
[0m[34m[MAC]    BWPSize:  48, BWPStart:  29, SubcarrierSpacing: 1, CyclicPrefix: 0, StartSymbolIndex: 0, DurationSymbols: 1, CceRegMappingType: 1, RegBundleSize: 6, InterleaverSize: 2, CoreSetType: 0, ShiftIndex: 0, precoderGranularity: 0, numDlDci: 1
[0m[34m[MAC]    dlDmrsSymbPos 244
[0m[34m[MAC]    BWPSize:  48, BWPStart:  29, SubcarrierSpacing: 1, CyclicPrefix: 0, StartSymbolIndex: 0, DurationSymbols: 1, CceRegMappingType: 1, RegBundleSize: 6, InterleaverSize: 2, CoreSetType: 0, ShiftIndex: 0, precoderGranularity: 0, numDlDci: 1
[0m[34m[MAC]    dlDmrsSymbPos 244
[0m[34m[MAC]    BWPSize:  48, BWPStart:  29, SubcarrierSpacing: 1, CyclicPrefix: 0, StartSymbolIndex: 0, DurationSymbols: 1, CceRegMappingType: 1, RegBundleSize: 6, InterleaverSize: 2, CoreSetType: 0, ShiftIndex: 0, precoderGranularity: 0, numDlDci: 1
[0m[34m[MAC]    [gNB 0] Frame 792 : MIB->BCH  CC_id 0, Received 3 bytes
[0m[34m[MAC]    dlDmrsSymbPos 244
[0m[34m[MAC]    BWPSize:  48, BWPStart:  29, SubcarrierSpacing: 1, CyclicPrefix: 0, StartSymbolIndex: 0, DurationSymbols: 1, CceRegMappingType: 1, RegBundleSize: 6, InterleaverSize: 2, CoreSetType: 0, ShiftIndex: 0, precoderGranularity: 0, numDlDci: 1
[0m[34m[MAC]    dlDmrsSymbPos 244
[0m[34m[MAC]    BWPSize:  48, BWPStart:  29, SubcarrierSpacing: 1, CyclicPrefix: 0, StartSymbolIndex: 0, DurationSymbols: 1, CceRegMappingType: 1, RegBundleSize: 6, InterleaverSize: 2, CoreSetType: 0, ShiftIndex: 0, precoderGranularity: 0, numDlDci: 1
[0m[34m[MAC]    dlDmrsSymbPos 244
[0m[34m[MAC]    BWPSize:  48, BWPStart:  29, SubcarrierSpacing: 1, CyclicPrefix: 0, StartSymbolIndex: 0, DurationSymbols: 1, CceRegMappingType: 1, RegBundleSize: 6, InterleaverSize: 2, CoreSetType: 0, ShiftIndex: 0, precoderGranularity: 0, numDlDci: 1
[0m[34m[MAC]    dlDmrsSymbPos 244
[0m[34m[MAC]    BWPSize:  48, BWPStart:  29, SubcarrierSpacing: 1, CyclicPrefix: 0, StartSymbolIndex: 0, DurationSymbols: 1, CceRegMappingType: 1, RegBundleSize: 6, InterleaverSize: 2, CoreSetType: 0, ShiftIndex: 0, precoderGranularity: 0, numDlDci: 1
[0m[34m[MAC]    [gNB 0] Frame 800 : MIB->BCH  CC_id 0, Received 3 bytes
[0m[34m[MAC]    dlDmrsSymbPos 244
[0m[34m[MAC]    BWPSize:  48, BWPStart:  29, SubcarrierSpacing: 1, CyclicPrefix: 0, StartSymbolIndex: 0, DurationSymbols: 1, CceRegMappingType: 1, RegBundleSize: 6, InterleaverSize: 2, CoreSetType: 0, ShiftIndex: 0, precoderGranularity: 0, numDlDci: 1
[0m[34m[MAC]    dlDmrsSymbPos 244
[0m[34m[MAC]    BWPSize:  48, BWPStart:  29, SubcarrierSpacing: 1, CyclicPrefix: 0, StartSymbolIndex: 0, DurationSymbols: 1, CceRegMappingType: 1, RegBundleSize: 6, InterleaverSize: 2, CoreSetType: 0, ShiftIndex: 0, precoderGranularity: 0, numDlDci: 1
[0m[34m[MAC]    dlDmrsSymbPos 244
[0m[34m[MAC]    BWPSize:  48, BWPStart:  29, SubcarrierSpacing: 1, CyclicPrefix: 0, StartSymbolIndex: 0, DurationSymbols: 1, CceRegMappingType: 1, RegBundleSize: 6, InterleaverSize: 2, CoreSetType: 0, ShiftIndex: 0, precoderGranularity: 0, numDlDci: 1
[0m[34m[MAC]    dlDmrsSymbPos 244
[0m[34m[MAC]    BWPSize:  48, BWPStart:  29, SubcarrierSpacing: 1, CyclicPrefix: 0, StartSymbolIndex: 0, DurationSymbols: 1, CceRegMappingType: 1, RegBundleSize: 6, InterleaverSize: 2, CoreSetType: 0, ShiftIndex: 0, precoderGranularity: 0, numDlDci: 1
[0m[34m[MAC]    [gNB 0] Frame 808 : MIB->BCH  CC_id 0, Received 3 bytes
[0m[34m[MAC]    dlDmrsSymbPos 244
[0m[34m[MAC]    BWPSize:  48, BWPStart:  29, SubcarrierSpacing: 1, CyclicPrefix: 0, StartSymbolIndex: 0, DurationSymbols: 1, CceRegMappingType: 1, RegBundleSize: 6, InterleaverSize: 2, CoreSetType: 0, ShiftIndex: 0, precoderGranularity: 0, numDlDci: 1
[0m[34m[MAC]    dlDmrsSymbPos 244
[0m[34m[MAC]    BWPSize:  48, BWPStart:  29, SubcarrierSpacing: 1, CyclicPrefix: 0, StartSymbolIndex: 0, DurationSymbols: 1, CceRegMappingType: 1, RegBundleSize: 6, InterleaverSize: 2, CoreSetType: 0, ShiftIndex: 0, precoderGranularity: 0, numDlDci: 1
[0m[34m[MAC]    dlDmrsSymbPos 244
[0m[34m[MAC]    BWPSize:  48, BWPStart:  29, SubcarrierSpacing: 1, CyclicPrefix: 0, StartSymbolIndex: 0, DurationSymbols: 1, CceRegMappingType: 1, RegBundleSize: 6, InterleaverSize: 2, CoreSetType: 0, ShiftIndex: 0, precoderGranularity: 0, numDlDci: 1
[0m[34m[MAC]    dlDmrsSymbPos 244
[0m[34m[MAC]    BWPSize:  48, BWPStart:  29, SubcarrierSpacing: 1, CyclicPrefix: 0, StartSymbolIndex: 0, DurationSymbols: 1, CceRegMappingType: 1, RegBundleSize: 6, InterleaverSize: 2, CoreSetType: 0, ShiftIndex: 0, precoderGranularity: 0, numDlDci: 1
[0m[34m[MAC]    [gNB 0] Frame 816 : MIB->BCH  CC_id 0, Received 3 bytes
[0m[34m[MAC]    dlDmrsSymbPos 244
[0m[34m[MAC]    BWPSize:  48, BWPStart:  29, SubcarrierSpacing: 1, CyclicPrefix: 0, StartSymbolIndex: 0, DurationSymbols: 1, CceRegMappingType: 1, RegBundleSize: 6, InterleaverSize: 2, CoreSetType: 0, ShiftIndex: 0, precoderGranularity: 0, numDlDci: 1
[0m[34m[MAC]    dlDmrsSymbPos 244
[0m[34m[MAC]    BWPSize:  48, BWPStart:  29, SubcarrierSpacing: 1, CyclicPrefix: 0, StartSymbolIndex: 0, DurationSymbols: 1, CceRegMappingType: 1, RegBundleSize: 6, InterleaverSize: 2, CoreSetType: 0, ShiftIndex: 0, precoderGranularity: 0, numDlDci: 1
[0m[34m[MAC]    dlDmrsSymbPos 244
[0m[34m[MAC]    BWPSize:  48, BWPStart:  29, SubcarrierSpacing: 1, CyclicPrefix: 0, StartSymbolIndex: 0, DurationSymbols: 1, CceRegMappingType: 1, RegBundleSize: 6, InterleaverSize: 2, CoreSetType: 0, ShiftIndex: 0, precoderGranularity: 0, numDlDci: 1
[0m[34m[MAC]    dlDmrsSymbPos 244
[0m[34m[MAC]    BWPSize:  48, BWPStart:  29, SubcarrierSpacing: 1, CyclicPrefix: 0, StartSymbolIndex: 0, DurationSymbols: 1, CceRegMappingType: 1, RegBundleSize: 6, InterleaverSize: 2, CoreSetType: 0, ShiftIndex: 0, precoderGranularity: 0, numDlDci: 1
[0m[34m[MAC]    [gNB 0] Frame 824 : MIB->BCH  CC_id 0, Received 3 bytes
[0m[34m[MAC]    dlDmrsSymbPos 244
[0m[34m[MAC]    BWPSize:  48, BWPStart:  29, SubcarrierSpacing: 1, CyclicPrefix: 0, StartSymbolIndex: 0, DurationSymbols: 1, CceRegMappingType: 1, RegBundleSize: 6, InterleaverSize: 2, CoreSetType: 0, ShiftIndex: 0, precoderGranularity: 0, numDlDci: 1
[0m[34m[MAC]    dlDmrsSymbPos 244
[0m[34m[MAC]    BWPSize:  48, BWPStart:  29, SubcarrierSpacing: 1, CyclicPrefix: 0, StartSymbolIndex: 0, DurationSymbols: 1, CceRegMappingType: 1, RegBundleSize: 6, InterleaverSize: 2, CoreSetType: 0, ShiftIndex: 0, precoderGranularity: 0, numDlDci: 1
[0m[34m[MAC]    dlDmrsSymbPos 244
[0m[34m[MAC]    BWPSize:  48, BWPStart:  29, SubcarrierSpacing: 1, CyclicPrefix: 0, StartSymbolIndex: 0, DurationSymbols: 1, CceRegMappingType: 1, RegBundleSize: 6, InterleaverSize: 2, CoreSetType: 0, ShiftIndex: 0, precoderGranularity: 0, numDlDci: 1
[0m[34m[MAC]    dlDmrsSymbPos 244
[0m[34m[MAC]    BWPSize:  48, BWPStart:  29, SubcarrierSpacing: 1, CyclicPrefix: 0, StartSymbolIndex: 0, DurationSymbols: 1, CceRegMappingType: 1, RegBundleSize: 6, InterleaverSize: 2, CoreSetType: 0, ShiftIndex: 0, precoderGranularity: 0, numDlDci: 1
[0m[34m[MAC]    [gNB 0] Frame 832 : MIB->BCH  CC_id 0, Received 3 bytes
[0m[34m[MAC]    dlDmrsSymbPos 244
[0m[34m[MAC]    BWPSize:  48, BWPStart:  29, SubcarrierSpacing: 1, CyclicPrefix: 0, StartSymbolIndex: 0, DurationSymbols: 1, CceRegMappingType: 1, RegBundleSize: 6, InterleaverSize: 2, CoreSetType: 0, ShiftIndex: 0, precoderGranularity: 0, numDlDci: 1
[0m[34m[MAC]    dlDmrsSymbPos 244
[0m[34m[MAC]    BWPSize:  48, BWPStart:  29, SubcarrierSpacing: 1, CyclicPrefix: 0, StartSymbolIndex: 0, DurationSymbols: 1, CceRegMappingType: 1, RegBundleSize: 6, InterleaverSize: 2, CoreSetType: 0, ShiftIndex: 0, precoderGranularity: 0, numDlDci: 1
[0m[34m[MAC]    dlDmrsSymbPos 244
[0m[34m[MAC]    BWPSize:  48, BWPStart:  29, SubcarrierSpacing: 1, CyclicPrefix: 0, StartSymbolIndex: 0, DurationSymbols: 1, CceRegMappingType: 1, RegBundleSize: 6, InterleaverSize: 2, CoreSetType: 0, ShiftIndex: 0, precoderGranularity: 0, numDlDci: 1
[0m[34m[MAC]    dlDmrsSymbPos 244
[0m[34m[MAC]    BWPSize:  48, BWPStart:  29, SubcarrierSpacing: 1, CyclicPrefix: 0, StartSymbolIndex: 0, DurationSymbols: 1, CceRegMappingType: 1, RegBundleSize: 6, InterleaverSize: 2, CoreSetType: 0, ShiftIndex: 0, precoderGranularity: 0, numDlDci: 1
[0m[34m[MAC]    [gNB 0] Frame 840 : MIB->BCH  CC_id 0, Received 3 bytes
[0m[34m[MAC]    dlDmrsSymbPos 244
[0m[34m[MAC]    BWPSize:  48, BWPStart:  29, SubcarrierSpacing: 1, CyclicPrefix: 0, StartSymbolIndex: 0, DurationSymbols: 1, CceRegMappingType: 1, RegBundleSize: 6, InterleaverSize: 2, CoreSetType: 0, ShiftIndex: 0, precoderGranularity: 0, numDlDci: 1
[0m[34m[MAC]    dlDmrsSymbPos 244
[0m[34m[MAC]    BWPSize:  48, BWPStart:  29, SubcarrierSpacing: 1, CyclicPrefix: 0, StartSymbolIndex: 0, DurationSymbols: 1, CceRegMappingType: 1, RegBundleSize: 6, InterleaverSize: 2, CoreSetType: 0, ShiftIndex: 0, precoderGranularity: 0, numDlDci: 1
[0m[34m[MAC]    dlDmrsSymbPos 244
[0m[34m[MAC]    BWPSize:  48, BWPStart:  29, SubcarrierSpacing: 1, CyclicPrefix: 0, StartSymbolIndex: 0, DurationSymbols: 1, CceRegMappingType: 1, RegBundleSize: 6, InterleaverSize: 2, CoreSetType: 0, ShiftIndex: 0, precoderGranularity: 0, numDlDci: 1
[0m[34m[MAC]    dlDmrsSymbPos 244
[0m[34m[MAC]    BWPSize:  48, BWPStart:  29, SubcarrierSpacing: 1, CyclicPrefix: 0, StartSymbolIndex: 0, DurationSymbols: 1, CceRegMappingType: 1, RegBundleSize: 6, InterleaverSize: 2, CoreSetType: 0, ShiftIndex: 0, precoderGranularity: 0, numDlDci: 1
[0m[34m[MAC]    [gNB 0] Frame 848 : MIB->BCH  CC_id 0, Received 3 bytes
[0m[34m[MAC]    dlDmrsSymbPos 244
[0m[34m[MAC]    BWPSize:  48, BWPStart:  29, SubcarrierSpacing: 1, CyclicPrefix: 0, StartSymbolIndex: 0, DurationSymbols: 1, CceRegMappingType: 1, RegBundleSize: 6, InterleaverSize: 2, CoreSetType: 0, ShiftIndex: 0, precoderGranularity: 0, numDlDci: 1
[0m[34m[MAC]    dlDmrsSymbPos 244
[0m[34m[MAC]    BWPSize:  48, BWPStart:  29, SubcarrierSpacing: 1, CyclicPrefix: 0, StartSymbolIndex: 0, DurationSymbols: 1, CceRegMappingType: 1, RegBundleSize: 6, InterleaverSize: 2, CoreSetType: 0, ShiftIndex: 0, precoderGranularity: 0, numDlDci: 1
[0m[34m[MAC]    dlDmrsSymbPos 244
[0m[34m[MAC]    BWPSize:  48, BWPStart:  29, SubcarrierSpacing: 1, CyclicPrefix: 0, StartSymbolIndex: 0, DurationSymbols: 1, CceRegMappingType: 1, RegBundleSize: 6, InterleaverSize: 2, CoreSetType: 0, ShiftIndex: 0, precoderGranularity: 0, numDlDci: 1
[0m[34m[MAC]    dlDmrsSymbPos 244
[0m[34m[MAC]    BWPSize:  48, BWPStart:  29, SubcarrierSpacing: 1, CyclicPrefix: 0, StartSymbolIndex: 0, DurationSymbols: 1, CceRegMappingType: 1, RegBundleSize: 6, InterleaverSize: 2, CoreSetType: 0, ShiftIndex: 0, precoderGranularity: 0, numDlDci: 1
[0m[34m[MAC]    [gNB 0] Frame 856 : MIB->BCH  CC_id 0, Received 3 bytes
[0m[34m[MAC]    dlDmrsSymbPos 244
[0m[34m[MAC]    BWPSize:  48, BWPStart:  29, SubcarrierSpacing: 1, CyclicPrefix: 0, StartSymbolIndex: 0, DurationSymbols: 1, CceRegMappingType: 1, RegBundleSize: 6, InterleaverSize: 2, CoreSetType: 0, ShiftIndex: 0, precoderGranularity: 0, numDlDci: 1
[0m[34m[MAC]    dlDmrsSymbPos 244
[0m[34m[MAC]    BWPSize:  48, BWPStart:  29, SubcarrierSpacing: 1, CyclicPrefix: 0, StartSymbolIndex: 0, DurationSymbols: 1, CceRegMappingType: 1, RegBundleSize: 6, InterleaverSize: 2, CoreSetType: 0, ShiftIndex: 0, precoderGranularity: 0, numDlDci: 1
[0m[34m[MAC]    dlDmrsSymbPos 244
[0m[34m[MAC]    BWPSize:  48, BWPStart:  29, SubcarrierSpacing: 1, CyclicPrefix: 0, StartSymbolIndex: 0, DurationSymbols: 1, CceRegMappingType: 1, RegBundleSize: 6, InterleaverSize: 2, CoreSetType: 0, ShiftIndex: 0, precoderGranularity: 0, numDlDci: 1
[0m[34m[MAC]    dlDmrsSymbPos 244
[0m[34m[MAC]    BWPSize:  48, BWPStart:  29, SubcarrierSpacing: 1, CyclicPrefix: 0, StartSymbolIndex: 0, DurationSymbols: 1, CceRegMappingType: 1, RegBundleSize: 6, InterleaverSize: 2, CoreSetType: 0, ShiftIndex: 0, precoderGranularity: 0, numDlDci: 1
[0m[34m[MAC]    [gNB 0] Frame 864 : MIB->BCH  CC_id 0, Received 3 bytes
[0m[34m[MAC]    dlDmrsSymbPos 244
[0m[34m[MAC]    BWPSize:  48, BWPStart:  29, SubcarrierSpacing: 1, CyclicPrefix: 0, StartSymbolIndex: 0, DurationSymbols: 1, CceRegMappingType: 1, RegBundleSize: 6, InterleaverSize: 2, CoreSetType: 0, ShiftIndex: 0, precoderGranularity: 0, numDlDci: 1
[0m[34m[MAC]    dlDmrsSymbPos 244
[0m[34m[MAC]    BWPSize:  48, BWPStart:  29, SubcarrierSpacing: 1, CyclicPrefix: 0, StartSymbolIndex: 0, DurationSymbols: 1, CceRegMappingType: 1, RegBundleSize: 6, InterleaverSize: 2, CoreSetType: 0, ShiftIndex: 0, precoderGranularity: 0, numDlDci: 1
[0m[34m[MAC]    dlDmrsSymbPos 244
[0m[34m[MAC]    BWPSize:  48, BWPStart:  29, SubcarrierSpacing: 1, CyclicPrefix: 0, StartSymbolIndex: 0, DurationSymbols: 1, CceRegMappingType: 1, RegBundleSize: 6, InterleaverSize: 2, CoreSetType: 0, ShiftIndex: 0, precoderGranularity: 0, numDlDci: 1
[0m[34m[MAC]    dlDmrsSymbPos 244
[0m[34m[MAC]    BWPSize:  48, BWPStart:  29, SubcarrierSpacing: 1, CyclicPrefix: 0, StartSymbolIndex: 0, DurationSymbols: 1, CceRegMappingType: 1, RegBundleSize: 6, InterleaverSize: 2, CoreSetType: 0, ShiftIndex: 0, precoderGranularity: 0, numDlDci: 1
[0m[34m[MAC]    [gNB 0] Frame 872 : MIB->BCH  CC_id 0, Received 3 bytes
[0m[34m[MAC]    dlDmrsSymbPos 244
[0m[34m[MAC]    BWPSize:  48, BWPStart:  29, SubcarrierSpacing: 1, CyclicPrefix: 0, StartSymbolIndex: 0, DurationSymbols: 1, CceRegMappingType: 1, RegBundleSize: 6, InterleaverSize: 2, CoreSetType: 0, ShiftIndex: 0, precoderGranularity: 0, numDlDci: 1
[0m[34m[MAC]    dlDmrsSymbPos 244
[0m[34m[MAC]    BWPSize:  48, BWPStart:  29, SubcarrierSpacing: 1, CyclicPrefix: 0, StartSymbolIndex: 0, DurationSymbols: 1, CceRegMappingType: 1, RegBundleSize: 6, InterleaverSize: 2, CoreSetType: 0, ShiftIndex: 0, precoderGranularity: 0, numDlDci: 1
[0m[34m[MAC]    dlDmrsSymbPos 244
[0m[34m[MAC]    BWPSize:  48, BWPStart:  29, SubcarrierSpacing: 1, CyclicPrefix: 0, StartSymbolIndex: 0, DurationSymbols: 1, CceRegMappingType: 1, RegBundleSize: 6, InterleaverSize: 2, CoreSetType: 0, ShiftIndex: 0, precoderGranularity: 0, numDlDci: 1
[0m[34m[MAC]    dlDmrsSymbPos 244
[0m[34m[MAC]    BWPSize:  48, BWPStart:  29, SubcarrierSpacing: 1, CyclicPrefix: 0, StartSymbolIndex: 0, DurationSymbols: 1, CceRegMappingType: 1, RegBundleSize: 6, InterleaverSize: 2, CoreSetType: 0, ShiftIndex: 0, precoderGranularity: 0, numDlDci: 1
[0m[34m[MAC]    [gNB 0] Frame 880 : MIB->BCH  CC_id 0, Received 3 bytes
[0m[34m[MAC]    dlDmrsSymbPos 244
[0m[34m[MAC]    BWPSize:  48, BWPStart:  29, SubcarrierSpacing: 1, CyclicPrefix: 0, StartSymbolIndex: 0, DurationSymbols: 1, CceRegMappingType: 1, RegBundleSize: 6, InterleaverSize: 2, CoreSetType: 0, ShiftIndex: 0, precoderGranularity: 0, numDlDci: 1
[0m[34m[MAC]    dlDmrsSymbPos 244
[0m[34m[MAC]    BWPSize:  48, BWPStart:  29, SubcarrierSpacing: 1, CyclicPrefix: 0, StartSymbolIndex: 0, DurationSymbols: 1, CceRegMappingType: 1, RegBundleSize: 6, InterleaverSize: 2, CoreSetType: 0, ShiftIndex: 0, precoderGranularity: 0, numDlDci: 1
[0m[34m[MAC]    dlDmrsSymbPos 244
[0m[34m[MAC]    BWPSize:  48, BWPStart:  29, SubcarrierSpacing: 1, CyclicPrefix: 0, StartSymbolIndex: 0, DurationSymbols: 1, CceRegMappingType: 1, RegBundleSize: 6, InterleaverSize: 2, CoreSetType: 0, ShiftIndex: 0, precoderGranularity: 0, numDlDci: 1
[0m[34m[MAC]    dlDmrsSymbPos 244
[0m[34m[MAC]    BWPSize:  48, BWPStart:  29, SubcarrierSpacing: 1, CyclicPrefix: 0, StartSymbolIndex: 0, DurationSymbols: 1, CceRegMappingType: 1, RegBundleSize: 6, InterleaverSize: 2, CoreSetType: 0, ShiftIndex: 0, precoderGranularity: 0, numDlDci: 1
[0m[34m[MAC]    [gNB 0] Frame 888 : MIB->BCH  CC_id 0, Received 3 bytes
[0m[34m[MAC]    dlDmrsSymbPos 244
[0m[34m[MAC]    BWPSize:  48, BWPStart:  29, SubcarrierSpacing: 1, CyclicPrefix: 0, StartSymbolIndex: 0, DurationSymbols: 1, CceRegMappingType: 1, RegBundleSize: 6, InterleaverSize: 2, CoreSetType: 0, ShiftIndex: 0, precoderGranularity: 0, numDlDci: 1
[0m[34m[MAC]    dlDmrsSymbPos 244
[0m[34m[MAC]    BWPSize:  48, BWPStart:  29, SubcarrierSpacing: 1, CyclicPrefix: 0, StartSymbolIndex: 0, DurationSymbols: 1, CceRegMappingType: 1, RegBundleSize: 6, InterleaverSize: 2, CoreSetType: 0, ShiftIndex: 0, precoderGranularity: 0, numDlDci: 1
[0m[34m[MAC]    dlDmrsSymbPos 244
[0m[34m[MAC]    BWPSize:  48, BWPStart:  29, SubcarrierSpacing: 1, CyclicPrefix: 0, StartSymbolIndex: 0, DurationSymbols: 1, CceRegMappingType: 1, RegBundleSize: 6, InterleaverSize: 2, CoreSetType: 0, ShiftIndex: 0, precoderGranularity: 0, numDlDci: 1
[0m[34m[MAC]    dlDmrsSymbPos 244
[0m[34m[MAC]    BWPSize:  48, BWPStart:  29, SubcarrierSpacing: 1, CyclicPrefix: 0, StartSymbolIndex: 0, DurationSymbols: 1, CceRegMappingType: 1, RegBundleSize: 6, InterleaverSize: 2, CoreSetType: 0, ShiftIndex: 0, precoderGranularity: 0, numDlDci: 1
[0m[34m[MAC]    [gNB 0] Frame 896 : MIB->BCH  CC_id 0, Received 3 bytes
[0m[34m[MAC]    dlDmrsSymbPos 244
[0m[34m[MAC]    BWPSize:  48, BWPStart:  29, SubcarrierSpacing: 1, CyclicPrefix: 0, StartSymbolIndex: 0, DurationSymbols: 1, CceRegMappingType: 1, RegBundleSize: 6, InterleaverSize: 2, CoreSetType: 0, ShiftIndex: 0, precoderGranularity: 0, numDlDci: 1
[0m[HW]     [o-du 0][rx  332479 pps   10752 kbps  299481][tx  988075 pps   31872 kbps  786891][Total Msgs_Rcvd 332479]
[0m[HW]     [o_du0][pusch0  285654 prach0   46821]
[0m[34m[MAC]    dlDmrsSymbPos 244
[0m[34m[MAC]    BWPSize:  48, BWPStart:  29, SubcarrierSpacing: 1, CyclicPrefix: 0, StartSymbolIndex: 0, DurationSymbols: 1, CceRegMappingType: 1, RegBundleSize: 6, InterleaverSize: 2, CoreSetType: 0, ShiftIndex: 0, precoderGranularity: 0, numDlDci: 1
[0m[34m[MAC]    dlDmrsSymbPos 244
[0m[34m[MAC]    BWPSize:  48, BWPStart:  29, SubcarrierSpacing: 1, CyclicPrefix: 0, StartSymbolIndex: 0, DurationSymbols: 1, CceRegMappingType: 1, RegBundleSize: 6, InterleaverSize: 2, CoreSetType: 0, ShiftIndex: 0, precoderGranularity: 0, numDlDci: 1
[0m[34m[MAC]    dlDmrsSymbPos 244
[0m[34m[MAC]    BWPSize:  48, BWPStart:  29, SubcarrierSpacing: 1, CyclicPrefix: 0, StartSymbolIndex: 0, DurationSymbols: 1, CceRegMappingType: 1, RegBundleSize: 6, InterleaverSize: 2, CoreSetType: 0, ShiftIndex: 0, precoderGranularity: 0, numDlDci: 1
[0m[34m[MAC]    [gNB 0] Frame 904 : MIB->BCH  CC_id 0, Received 3 bytes
[0m[34m[MAC]    dlDmrsSymbPos 244
[0m[34m[MAC]    BWPSize:  48, BWPStart:  29, SubcarrierSpacing: 1, CyclicPrefix: 0, StartSymbolIndex: 0, DurationSymbols: 1, CceRegMappingType: 1, RegBundleSize: 6, InterleaverSize: 2, CoreSetType: 0, ShiftIndex: 0, precoderGranularity: 0, numDlDci: 1
[0m[34m[MAC]    dlDmrsSymbPos 244
[0m[34m[MAC]    BWPSize:  48, BWPStart:  29, SubcarrierSpacing: 1, CyclicPrefix: 0, StartSymbolIndex: 0, DurationSymbols: 1, CceRegMappingType: 1, RegBundleSize: 6, InterleaverSize: 2, CoreSetType: 0, ShiftIndex: 0, precoderGranularity: 0, numDlDci: 1
[0m[34m[MAC]    dlDmrsSymbPos 244
[0m[34m[MAC]    BWPSize:  48, BWPStart:  29, SubcarrierSpacing: 1, CyclicPrefix: 0, StartSymbolIndex: 0, DurationSymbols: 1, CceRegMappingType: 1, RegBundleSize: 6, InterleaverSize: 2, CoreSetType: 0, ShiftIndex: 0, precoderGranularity: 0, numDlDci: 1
[0m[34m[MAC]    dlDmrsSymbPos 244
[0m[34m[MAC]    BWPSize:  48, BWPStart:  29, SubcarrierSpacing: 1, CyclicPrefix: 0, StartSymbolIndex: 0, DurationSymbols: 1, CceRegMappingType: 1, RegBundleSize: 6, InterleaverSize: 2, CoreSetType: 0, ShiftIndex: 0, precoderGranularity: 0, numDlDci: 1
[0m[34m[MAC]    [gNB 0] Frame 912 : MIB->BCH  CC_id 0, Received 3 bytes
[0m[34m[MAC]    dlDmrsSymbPos 244
[0m[34m[MAC]    BWPSize:  48, BWPStart:  29, SubcarrierSpacing: 1, CyclicPrefix: 0, StartSymbolIndex: 0, DurationSymbols: 1, CceRegMappingType: 1, RegBundleSize: 6, InterleaverSize: 2, CoreSetType: 0, ShiftIndex: 0, precoderGranularity: 0, numDlDci: 1
[0m[34m[MAC]    dlDmrsSymbPos 244
[0m[34m[MAC]    BWPSize:  48, BWPStart:  29, SubcarrierSpacing: 1, CyclicPrefix: 0, StartSymbolIndex: 0, DurationSymbols: 1, CceRegMappingType: 1, RegBundleSize: 6, InterleaverSize: 2, CoreSetType: 0, ShiftIndex: 0, precoderGranularity: 0, numDlDci: 1
[0m[34m[MAC]    dlDmrsSymbPos 244
[0m[34m[MAC]    BWPSize:  48, BWPStart:  29, SubcarrierSpacing: 1, CyclicPrefix: 0, StartSymbolIndex: 0, DurationSymbols: 1, CceRegMappingType: 1, RegBundleSize: 6, InterleaverSize: 2, CoreSetType: 0, ShiftIndex: 0, precoderGranularity: 0, numDlDci: 1
[0m[34m[MAC]    dlDmrsSymbPos 244
[0m[34m[MAC]    BWPSize:  48, BWPStart:  29, SubcarrierSpacing: 1, CyclicPrefix: 0, StartSymbolIndex: 0, DurationSymbols: 1, CceRegMappingType: 1, RegBundleSize: 6, InterleaverSize: 2, CoreSetType: 0, ShiftIndex: 0, precoderGranularity: 0, numDlDci: 1
[0m[34m[MAC]    [gNB 0] Frame 920 : MIB->BCH  CC_id 0, Received 3 bytes
[0m[34m[MAC]    dlDmrsSymbPos 244
[0m[34m[MAC]    BWPSize:  48, BWPStart:  29, SubcarrierSpacing: 1, CyclicPrefix: 0, StartSymbolIndex: 0, DurationSymbols: 1, CceRegMappingType: 1, RegBundleSize: 6, InterleaverSize: 2, CoreSetType: 0, ShiftIndex: 0, precoderGranularity: 0, numDlDci: 1
[0m[34m[MAC]    dlDmrsSymbPos 244
[0m[34m[MAC]    BWPSize:  48, BWPStart:  29, SubcarrierSpacing: 1, CyclicPrefix: 0, StartSymbolIndex: 0, DurationSymbols: 1, CceRegMappingType: 1, RegBundleSize: 6, InterleaverSize: 2, CoreSetType: 0, ShiftIndex: 0, precoderGranularity: 0, numDlDci: 1
[0m[34m[MAC]    dlDmrsSymbPos 244
[0m[34m[MAC]    BWPSize:  48, BWPStart:  29, SubcarrierSpacing: 1, CyclicPrefix: 0, StartSymbolIndex: 0, DurationSymbols: 1, CceRegMappingType: 1, RegBundleSize: 6, InterleaverSize: 2, CoreSetType: 0, ShiftIndex: 0, precoderGranularity: 0, numDlDci: 1
[0m[34m[MAC]    dlDmrsSymbPos 244
[0m[34m[MAC]    BWPSize:  48, BWPStart:  29, SubcarrierSpacing: 1, CyclicPrefix: 0, StartSymbolIndex: 0, DurationSymbols: 1, CceRegMappingType: 1, RegBundleSize: 6, InterleaverSize: 2, CoreSetType: 0, ShiftIndex: 0, precoderGranularity: 0, numDlDci: 1
[0m[34m[MAC]    [gNB 0] Frame 928 : MIB->BCH  CC_id 0, Received 3 bytes
[0m[34m[MAC]    dlDmrsSymbPos 244
[0m[34m[MAC]    BWPSize:  48, BWPStart:  29, SubcarrierSpacing: 1, CyclicPrefix: 0, StartSymbolIndex: 0, DurationSymbols: 1, CceRegMappingType: 1, RegBundleSize: 6, InterleaverSize: 2, CoreSetType: 0, ShiftIndex: 0, precoderGranularity: 0, numDlDci: 1
[0m[34m[MAC]    dlDmrsSymbPos 244
[0m[34m[MAC]    BWPSize:  48, BWPStart:  29, SubcarrierSpacing: 1, CyclicPrefix: 0, StartSymbolIndex: 0, DurationSymbols: 1, CceRegMappingType: 1, RegBundleSize: 6, InterleaverSize: 2, CoreSetType: 0, ShiftIndex: 0, precoderGranularity: 0, numDlDci: 1
[0m[34m[MAC]    dlDmrsSymbPos 244
[0m[34m[MAC]    BWPSize:  48, BWPStart:  29, SubcarrierSpacing: 1, CyclicPrefix: 0, StartSymbolIndex: 0, DurationSymbols: 1, CceRegMappingType: 1, RegBundleSize: 6, InterleaverSize: 2, CoreSetType: 0, ShiftIndex: 0, precoderGranularity: 0, numDlDci: 1
[0m[34m[MAC]    dlDmrsSymbPos 244
[0m[34m[MAC]    BWPSize:  48, BWPStart:  29, SubcarrierSpacing: 1, CyclicPrefix: 0, StartSymbolIndex: 0, DurationSymbols: 1, CceRegMappingType: 1, RegBundleSize: 6, InterleaverSize: 2, CoreSetType: 0, ShiftIndex: 0, precoderGranularity: 0, numDlDci: 1
[0m[34m[MAC]    [gNB 0] Frame 936 : MIB->BCH  CC_id 0, Received 3 bytes
[0m[34m[MAC]    dlDmrsSymbPos 244
[0m[34m[MAC]    BWPSize:  48, BWPStart:  29, SubcarrierSpacing: 1, CyclicPrefix: 0, StartSymbolIndex: 0, DurationSymbols: 1, CceRegMappingType: 1, RegBundleSize: 6, InterleaverSize: 2, CoreSetType: 0, ShiftIndex: 0, precoderGranularity: 0, numDlDci: 1
[0m[34m[MAC]    dlDmrsSymbPos 244
[0m[34m[MAC]    BWPSize:  48, BWPStart:  29, SubcarrierSpacing: 1, CyclicPrefix: 0, StartSymbolIndex: 0, DurationSymbols: 1, CceRegMappingType: 1, RegBundleSize: 6, InterleaverSize: 2, CoreSetType: 0, ShiftIndex: 0, precoderGranularity: 0, numDlDci: 1
[0m[34m[MAC]    dlDmrsSymbPos 244
[0m[34m[MAC]    BWPSize:  48, BWPStart:  29, SubcarrierSpacing: 1, CyclicPrefix: 0, StartSymbolIndex: 0, DurationSymbols: 1, CceRegMappingType: 1, RegBundleSize: 6, InterleaverSize: 2, CoreSetType: 0, ShiftIndex: 0, precoderGranularity: 0, numDlDci: 1
[0m[34m[MAC]    dlDmrsSymbPos 244
[0m[34m[MAC]    BWPSize:  48, BWPStart:  29, SubcarrierSpacing: 1, CyclicPrefix: 0, StartSymbolIndex: 0, DurationSymbols: 1, CceRegMappingType: 1, RegBundleSize: 6, InterleaverSize: 2, CoreSetType: 0, ShiftIndex: 0, precoderGranularity: 0, numDlDci: 1
[0m[34m[MAC]    [gNB 0] Frame 944 : MIB->BCH  CC_id 0, Received 3 bytes
[0m[34m[MAC]    dlDmrsSymbPos 244
[0m[34m[MAC]    BWPSize:  48, BWPStart:  29, SubcarrierSpacing: 1, CyclicPrefix: 0, StartSymbolIndex: 0, DurationSymbols: 1, CceRegMappingType: 1, RegBundleSize: 6, InterleaverSize: 2, CoreSetType: 0, ShiftIndex: 0, precoderGranularity: 0, numDlDci: 1
[0m[34m[MAC]    dlDmrsSymbPos 244
[0m[34m[MAC]    BWPSize:  48, BWPStart:  29, SubcarrierSpacing: 1, CyclicPrefix: 0, StartSymbolIndex: 0, DurationSymbols: 1, CceRegMappingType: 1, RegBundleSize: 6, InterleaverSize: 2, CoreSetType: 0, ShiftIndex: 0, precoderGranularity: 0, numDlDci: 1
[0m[34m[MAC]    dlDmrsSymbPos 244
[0m[34m[MAC]    BWPSize:  48, BWPStart:  29, SubcarrierSpacing: 1, CyclicPrefix: 0, StartSymbolIndex: 0, DurationSymbols: 1, CceRegMappingType: 1, RegBundleSize: 6, InterleaverSize: 2, CoreSetType: 0, ShiftIndex: 0, precoderGranularity: 0, numDlDci: 1
[0m[34m[MAC]    dlDmrsSymbPos 244
[0m[34m[MAC]    BWPSize:  48, BWPStart:  29, SubcarrierSpacing: 1, CyclicPrefix: 0, StartSymbolIndex: 0, DurationSymbols: 1, CceRegMappingType: 1, RegBundleSize: 6, InterleaverSize: 2, CoreSetType: 0, ShiftIndex: 0, precoderGranularity: 0, numDlDci: 1
[0m[34m[MAC]    [gNB 0] Frame 952 : MIB->BCH  CC_id 0, Received 3 bytes
[0m[34m[MAC]    dlDmrsSymbPos 244
[0m[34m[MAC]    BWPSize:  48, BWPStart:  29, SubcarrierSpacing: 1, CyclicPrefix: 0, StartSymbolIndex: 0, DurationSymbols: 1, CceRegMappingType: 1, RegBundleSize: 6, InterleaverSize: 2, CoreSetType: 0, ShiftIndex: 0, precoderGranularity: 0, numDlDci: 1
[0m[34m[MAC]    dlDmrsSymbPos 244
[0m[34m[MAC]    BWPSize:  48, BWPStart:  29, SubcarrierSpacing: 1, CyclicPrefix: 0, StartSymbolIndex: 0, DurationSymbols: 1, CceRegMappingType: 1, RegBundleSize: 6, InterleaverSize: 2, CoreSetType: 0, ShiftIndex: 0, precoderGranularity: 0, numDlDci: 1
[0m[34m[MAC]    dlDmrsSymbPos 244
[0m[34m[MAC]    BWPSize:  48, BWPStart:  29, SubcarrierSpacing: 1, CyclicPrefix: 0, StartSymbolIndex: 0, DurationSymbols: 1, CceRegMappingType: 1, RegBundleSize: 6, InterleaverSize: 2, CoreSetType: 0, ShiftIndex: 0, precoderGranularity: 0, numDlDci: 1
[0m[34m[MAC]    dlDmrsSymbPos 244
[0m[34m[MAC]    BWPSize:  48, BWPStart:  29, SubcarrierSpacing: 1, CyclicPrefix: 0, StartSymbolIndex: 0, DurationSymbols: 1, CceRegMappingType: 1, RegBundleSize: 6, InterleaverSize: 2, CoreSetType: 0, ShiftIndex: 0, precoderGranularity: 0, numDlDci: 1
[0m[34m[MAC]    [gNB 0] Frame 960 : MIB->BCH  CC_id 0, Received 3 bytes
[0m[34m[MAC]    dlDmrsSymbPos 244
[0m[34m[MAC]    BWPSize:  48, BWPStart:  29, SubcarrierSpacing: 1, CyclicPrefix: 0, StartSymbolIndex: 0, DurationSymbols: 1, CceRegMappingType: 1, RegBundleSize: 6, InterleaverSize: 2, CoreSetType: 0, ShiftIndex: 0, precoderGranularity: 0, numDlDci: 1
[0m[34m[MAC]    dlDmrsSymbPos 244
[0m[34m[MAC]    BWPSize:  48, BWPStart:  29, SubcarrierSpacing: 1, CyclicPrefix: 0, StartSymbolIndex: 0, DurationSymbols: 1, CceRegMappingType: 1, RegBundleSize: 6, InterleaverSize: 2, CoreSetType: 0, ShiftIndex: 0, precoderGranularity: 0, numDlDci: 1
[0m[34m[MAC]    dlDmrsSymbPos 244
[0m[34m[MAC]    BWPSize:  48, BWPStart:  29, SubcarrierSpacing: 1, CyclicPrefix: 0, StartSymbolIndex: 0, DurationSymbols: 1, CceRegMappingType: 1, RegBundleSize: 6, InterleaverSize: 2, CoreSetType: 0, ShiftIndex: 0, precoderGranularity: 0, numDlDci: 1
[0m[34m[MAC]    dlDmrsSymbPos 244
[0m[34m[MAC]    BWPSize:  48, BWPStart:  29, SubcarrierSpacing: 1, CyclicPrefix: 0, StartSymbolIndex: 0, DurationSymbols: 1, CceRegMappingType: 1, RegBundleSize: 6, InterleaverSize: 2, CoreSetType: 0, ShiftIndex: 0, precoderGranularity: 0, numDlDci: 1
[0m[34m[MAC]    [gNB 0] Frame 968 : MIB->BCH  CC_id 0, Received 3 bytes
[0m[34m[MAC]    dlDmrsSymbPos 244
[0m[34m[MAC]    BWPSize:  48, BWPStart:  29, SubcarrierSpacing: 1, CyclicPrefix: 0, StartSymbolIndex: 0, DurationSymbols: 1, CceRegMappingType: 1, RegBundleSize: 6, InterleaverSize: 2, CoreSetType: 0, ShiftIndex: 0, precoderGranularity: 0, numDlDci: 1
[0m[34m[MAC]    dlDmrsSymbPos 244
[0m[34m[MAC]    BWPSize:  48, BWPStart:  29, SubcarrierSpacing: 1, CyclicPrefix: 0, StartSymbolIndex: 0, DurationSymbols: 1, CceRegMappingType: 1, RegBundleSize: 6, InterleaverSize: 2, CoreSetType: 0, ShiftIndex: 0, precoderGranularity: 0, numDlDci: 1
[0m[34m[MAC]    dlDmrsSymbPos 244
[0m[34m[MAC]    BWPSize:  48, BWPStart:  29, SubcarrierSpacing: 1, CyclicPrefix: 0, StartSymbolIndex: 0, DurationSymbols: 1, CceRegMappingType: 1, RegBundleSize: 6, InterleaverSize: 2, CoreSetType: 0, ShiftIndex: 0, precoderGranularity: 0, numDlDci: 1
[0m[34m[MAC]    dlDmrsSymbPos 244
[0m[34m[MAC]    BWPSize:  48, BWPStart:  29, SubcarrierSpacing: 1, CyclicPrefix: 0, StartSymbolIndex: 0, DurationSymbols: 1, CceRegMappingType: 1, RegBundleSize: 6, InterleaverSize: 2, CoreSetType: 0, ShiftIndex: 0, precoderGranularity: 0, numDlDci: 1
[0m[34m[MAC]    [gNB 0] Frame 976 : MIB->BCH  CC_id 0, Received 3 bytes
[0m[34m[MAC]    dlDmrsSymbPos 244
[0m[34m[MAC]    BWPSize:  48, BWPStart:  29, SubcarrierSpacing: 1, CyclicPrefix: 0, StartSymbolIndex: 0, DurationSymbols: 1, CceRegMappingType: 1, RegBundleSize: 6, InterleaverSize: 2, CoreSetType: 0, ShiftIndex: 0, precoderGranularity: 0, numDlDci: 1
[0m[34m[MAC]    dlDmrsSymbPos 244
[0m[34m[MAC]    BWPSize:  48, BWPStart:  29, SubcarrierSpacing: 1, CyclicPrefix: 0, StartSymbolIndex: 0, DurationSymbols: 1, CceRegMappingType: 1, RegBundleSize: 6, InterleaverSize: 2, CoreSetType: 0, ShiftIndex: 0, precoderGranularity: 0, numDlDci: 1
[0m[34m[MAC]    dlDmrsSymbPos 244
[0m[34m[MAC]    BWPSize:  48, BWPStart:  29, SubcarrierSpacing: 1, CyclicPrefix: 0, StartSymbolIndex: 0, DurationSymbols: 1, CceRegMappingType: 1, RegBundleSize: 6, InterleaverSize: 2, CoreSetType: 0, ShiftIndex: 0, precoderGranularity: 0, numDlDci: 1
[0m[34m[MAC]    dlDmrsSymbPos 244
[0m[34m[MAC]    BWPSize:  48, BWPStart:  29, SubcarrierSpacing: 1, CyclicPrefix: 0, StartSymbolIndex: 0, DurationSymbols: 1, CceRegMappingType: 1, RegBundleSize: 6, InterleaverSize: 2, CoreSetType: 0, ShiftIndex: 0, precoderGranularity: 0, numDlDci: 1
[0m[34m[MAC]    [gNB 0] Frame 984 : MIB->BCH  CC_id 0, Received 3 bytes
[0m[34m[MAC]    dlDmrsSymbPos 244
[0m[34m[MAC]    BWPSize:  48, BWPStart:  29, SubcarrierSpacing: 1, CyclicPrefix: 0, StartSymbolIndex: 0, DurationSymbols: 1, CceRegMappingType: 1, RegBundleSize: 6, InterleaverSize: 2, CoreSetType: 0, ShiftIndex: 0, precoderGranularity: 0, numDlDci: 1
[0m[34m[MAC]    dlDmrsSymbPos 244
[0m[34m[MAC]    BWPSize:  48, BWPStart:  29, SubcarrierSpacing: 1, CyclicPrefix: 0, StartSymbolIndex: 0, DurationSymbols: 1, CceRegMappingType: 1, RegBundleSize: 6, InterleaverSize: 2, CoreSetType: 0, ShiftIndex: 0, precoderGranularity: 0, numDlDci: 1
[0m[34m[MAC]    dlDmrsSymbPos 244
[0m[34m[MAC]    BWPSize:  48, BWPStart:  29, SubcarrierSpacing: 1, CyclicPrefix: 0, StartSymbolIndex: 0, DurationSymbols: 1, CceRegMappingType: 1, RegBundleSize: 6, InterleaverSize: 2, CoreSetType: 0, ShiftIndex: 0, precoderGranularity: 0, numDlDci: 1
[0m[34m[MAC]    dlDmrsSymbPos 244
[0m[34m[MAC]    BWPSize:  48, BWPStart:  29, SubcarrierSpacing: 1, CyclicPrefix: 0, StartSymbolIndex: 0, DurationSymbols: 1, CceRegMappingType: 1, RegBundleSize: 6, InterleaverSize: 2, CoreSetType: 0, ShiftIndex: 0, precoderGranularity: 0, numDlDci: 1
[0m[34m[MAC]    [gNB 0] Frame 992 : MIB->BCH  CC_id 0, Received 3 bytes
[0m[34m[MAC]    dlDmrsSymbPos 244
[0m[34m[MAC]    BWPSize:  48, BWPStart:  29, SubcarrierSpacing: 1, CyclicPrefix: 0, StartSymbolIndex: 0, DurationSymbols: 1, CceRegMappingType: 1, RegBundleSize: 6, InterleaverSize: 2, CoreSetType: 0, ShiftIndex: 0, precoderGranularity: 0, numDlDci: 1
[0m[34m[MAC]    dlDmrsSymbPos 244
[0m[34m[MAC]    BWPSize:  48, BWPStart:  29, SubcarrierSpacing: 1, CyclicPrefix: 0, StartSymbolIndex: 0, DurationSymbols: 1, CceRegMappingType: 1, RegBundleSize: 6, InterleaverSize: 2, CoreSetType: 0, ShiftIndex: 0, precoderGranularity: 0, numDlDci: 1
[0m[34m[MAC]    dlDmrsSymbPos 244
[0m[34m[MAC]    BWPSize:  48, BWPStart:  29, SubcarrierSpacing: 1, CyclicPrefix: 0, StartSymbolIndex: 0, DurationSymbols: 1, CceRegMappingType: 1, RegBundleSize: 6, InterleaverSize: 2, CoreSetType: 0, ShiftIndex: 0, precoderGranularity: 0, numDlDci: 1
[0m[34m[MAC]    dlDmrsSymbPos 244
[0m[34m[MAC]    BWPSize:  48, BWPStart:  29, SubcarrierSpacing: 1, CyclicPrefix: 0, StartSymbolIndex: 0, DurationSymbols: 1, CceRegMappingType: 1, RegBundleSize: 6, InterleaverSize: 2, CoreSetType: 0, ShiftIndex: 0, precoderGranularity: 0, numDlDci: 1
[0m[34m[MAC]    [gNB 0] Frame 1000 : MIB->BCH  CC_id 0, Received 3 bytes
[0m[34m[MAC]    dlDmrsSymbPos 244
[0m[34m[MAC]    BWPSize:  48, BWPStart:  29, SubcarrierSpacing: 1, CyclicPrefix: 0, StartSymbolIndex: 0, DurationSymbols: 1, CceRegMappingType: 1, RegBundleSize: 6, InterleaverSize: 2, CoreSetType: 0, ShiftIndex: 0, precoderGranularity: 0, numDlDci: 1
[0m[34m[MAC]    dlDmrsSymbPos 244
[0m[34m[MAC]    BWPSize:  48, BWPStart:  29, SubcarrierSpacing: 1, CyclicPrefix: 0, StartSymbolIndex: 0, DurationSymbols: 1, CceRegMappingType: 1, RegBundleSize: 6, InterleaverSize: 2, CoreSetType: 0, ShiftIndex: 0, precoderGranularity: 0, numDlDci: 1
[0m[34m[MAC]    dlDmrsSymbPos 244
[0m[34m[MAC]    BWPSize:  48, BWPStart:  29, SubcarrierSpacing: 1, CyclicPrefix: 0, StartSymbolIndex: 0, DurationSymbols: 1, CceRegMappingType: 1, RegBundleSize: 6, InterleaverSize: 2, CoreSetType: 0, ShiftIndex: 0, precoderGranularity: 0, numDlDci: 1
[0m[34m[MAC]    dlDmrsSymbPos 244
[0m[34m[MAC]    BWPSize:  48, BWPStart:  29, SubcarrierSpacing: 1, CyclicPrefix: 0, StartSymbolIndex: 0, DurationSymbols: 1, CceRegMappingType: 1, RegBundleSize: 6, InterleaverSize: 2, CoreSetType: 0, ShiftIndex: 0, precoderGranularity: 0, numDlDci: 1
[0m[34m[MAC]    [gNB 0] Frame 1008 : MIB->BCH  CC_id 0, Received 3 bytes
[0m[34m[MAC]    dlDmrsSymbPos 244
[0m[34m[MAC]    BWPSize:  48, BWPStart:  29, SubcarrierSpacing: 1, CyclicPrefix: 0, StartSymbolIndex: 0, DurationSymbols: 1, CceRegMappingType: 1, RegBundleSize: 6, InterleaverSize: 2, CoreSetType: 0, ShiftIndex: 0, precoderGranularity: 0, numDlDci: 1
[0m[34m[MAC]    dlDmrsSymbPos 244
[0m[34m[MAC]    BWPSize:  48, BWPStart:  29, SubcarrierSpacing: 1, CyclicPrefix: 0, StartSymbolIndex: 0, DurationSymbols: 1, CceRegMappingType: 1, RegBundleSize: 6, InterleaverSize: 2, CoreSetType: 0, ShiftIndex: 0, precoderGranularity: 0, numDlDci: 1
[0m[34m[MAC]    dlDmrsSymbPos 244
[0m[34m[MAC]    BWPSize:  48, BWPStart:  29, SubcarrierSpacing: 1, CyclicPrefix: 0, StartSymbolIndex: 0, DurationSymbols: 1, CceRegMappingType: 1, RegBundleSize: 6, InterleaverSize: 2, CoreSetType: 0, ShiftIndex: 0, precoderGranularity: 0, numDlDci: 1
[0m[34m[MAC]    dlDmrsSymbPos 244
[0m[34m[MAC]    BWPSize:  48, BWPStart:  29, SubcarrierSpacing: 1, CyclicPrefix: 0, StartSymbolIndex: 0, DurationSymbols: 1, CceRegMappingType: 1, RegBundleSize: 6, InterleaverSize: 2, CoreSetType: 0, ShiftIndex: 0, precoderGranularity: 0, numDlDci: 1
[0m[34m[MAC]    [gNB 0] Frame 1016 : MIB->BCH  CC_id 0, Received 3 bytes
[0m[34m[MAC]    dlDmrsSymbPos 244
[0m[34m[MAC]    BWPSize:  48, BWPStart:  29, SubcarrierSpacing: 1, CyclicPrefix: 0, StartSymbolIndex: 0, DurationSymbols: 1, CceRegMappingType: 1, RegBundleSize: 6, InterleaverSize: 2, CoreSetType: 0, ShiftIndex: 0, precoderGranularity: 0, numDlDci: 1
[0m[34m[MAC]    dlDmrsSymbPos 244
[0m[34m[MAC]    BWPSize:  48, BWPStart:  29, SubcarrierSpacing: 1, CyclicPrefix: 0, StartSymbolIndex: 0, DurationSymbols: 1, CceRegMappingType: 1, RegBundleSize: 6, InterleaverSize: 2, CoreSetType: 0, ShiftIndex: 0, precoderGranularity: 0, numDlDci: 1
[0m[34m[MAC]    dlDmrsSymbPos 244
[0m[34m[MAC]    BWPSize:  48, BWPStart:  29, SubcarrierSpacing: 1, CyclicPrefix: 0, StartSymbolIndex: 0, DurationSymbols: 1, CceRegMappingType: 1, RegBundleSize: 6, InterleaverSize: 2, CoreSetType: 0, ShiftIndex: 0, precoderGranularity: 0, numDlDci: 1
[0m[34m[MAC]    dlDmrsSymbPos 244
[0m[34m[MAC]    BWPSize:  48, BWPStart:  29, SubcarrierSpacing: 1, CyclicPrefix: 0, StartSymbolIndex: 0, DurationSymbols: 1, CceRegMappingType: 1, RegBundleSize: 6, InterleaverSize: 2, CoreSetType: 0, ShiftIndex: 0, precoderGranularity: 0, numDlDci: 1
[0m[34m[MAC]    [gNB 0] Frame 0 : MIB->BCH  CC_id 0, Received 3 bytes
[0m[34m[MAC]    dlDmrsSymbPos 244
[0m[34m[MAC]    BWPSize:  48, BWPStart:  29, SubcarrierSpacing: 1, CyclicPrefix: 0, StartSymbolIndex: 0, DurationSymbols: 1, CceRegMappingType: 1, RegBundleSize: 6, InterleaverSize: 2, CoreSetType: 0, ShiftIndex: 0, precoderGranularity: 0, numDlDci: 1
[0m[HW]     [o-du 0][rx  343231 pps   10752 kbps  299481][tx 1019947 pps   31872 kbps  786891][Total Msgs_Rcvd 343231]
[0m[HW]     [o_du0][pusch0  294870 prach0   48357]
[0m[34m[MAC]    dlDmrsSymbPos 244
[0m[34m[MAC]    BWPSize:  48, BWPStart:  29, SubcarrierSpacing: 1, CyclicPrefix: 0, StartSymbolIndex: 0, DurationSymbols: 1, CceRegMappingType: 1, RegBundleSize: 6, InterleaverSize: 2, CoreSetType: 0, ShiftIndex: 0, precoderGranularity: 0, numDlDci: 1
[0m[34m[MAC]    dlDmrsSymbPos 244
[0m[34m[MAC]    BWPSize:  48, BWPStart:  29, SubcarrierSpacing: 1, CyclicPrefix: 0, StartSymbolIndex: 0, DurationSymbols: 1, CceRegMappingType: 1, RegBundleSize: 6, InterleaverSize: 2, CoreSetType: 0, ShiftIndex: 0, precoderGranularity: 0, numDlDci: 1
[0m[34m[MAC]    dlDmrsSymbPos 244
[0m[34m[MAC]    BWPSize:  48, BWPStart:  29, SubcarrierSpacing: 1, CyclicPrefix: 0, StartSymbolIndex: 0, DurationSymbols: 1, CceRegMappingType: 1, RegBundleSize: 6, InterleaverSize: 2, CoreSetType: 0, ShiftIndex: 0, precoderGranularity: 0, numDlDci: 1
[0m[34m[MAC]    [gNB 0] Frame 8 : MIB->BCH  CC_id 0, Received 3 bytes
[0m[34m[MAC]    dlDmrsSymbPos 244
[0m[34m[MAC]    BWPSize:  48, BWPStart:  29, SubcarrierSpacing: 1, CyclicPrefix: 0, StartSymbolIndex: 0, DurationSymbols: 1, CceRegMappingType: 1, RegBundleSize: 6, InterleaverSize: 2, CoreSetType: 0, ShiftIndex: 0, precoderGranularity: 0, numDlDci: 1
[0m[34m[MAC]    dlDmrsSymbPos 244
[0m[34m[MAC]    BWPSize:  48, BWPStart:  29, SubcarrierSpacing: 1, CyclicPrefix: 0, StartSymbolIndex: 0, DurationSymbols: 1, CceRegMappingType: 1, RegBundleSize: 6, InterleaverSize: 2, CoreSetType: 0, ShiftIndex: 0, precoderGranularity: 0, numDlDci: 1
[0m[34m[MAC]    dlDmrsSymbPos 244
[0m[34m[MAC]    BWPSize:  48, BWPStart:  29, SubcarrierSpacing: 1, CyclicPrefix: 0, StartSymbolIndex: 0, DurationSymbols: 1, CceRegMappingType: 1, RegBundleSize: 6, InterleaverSize: 2, CoreSetType: 0, ShiftIndex: 0, precoderGranularity: 0, numDlDci: 1
[0m[34m[MAC]    dlDmrsSymbPos 244
[0m[34m[MAC]    BWPSize:  48, BWPStart:  29, SubcarrierSpacing: 1, CyclicPrefix: 0, StartSymbolIndex: 0, DurationSymbols: 1, CceRegMappingType: 1, RegBundleSize: 6, InterleaverSize: 2, CoreSetType: 0, ShiftIndex: 0, precoderGranularity: 0, numDlDci: 1
[0m[34m[MAC]    [gNB 0] Frame 16 : MIB->BCH  CC_id 0, Received 3 bytes
[0m[34m[MAC]    dlDmrsSymbPos 244
[0m[34m[MAC]    BWPSize:  48, BWPStart:  29, SubcarrierSpacing: 1, CyclicPrefix: 0, StartSymbolIndex: 0, DurationSymbols: 1, CceRegMappingType: 1, RegBundleSize: 6, InterleaverSize: 2, CoreSetType: 0, ShiftIndex: 0, precoderGranularity: 0, numDlDci: 1
[0m[34m[MAC]    dlDmrsSymbPos 244
[0m[34m[MAC]    BWPSize:  48, BWPStart:  29, SubcarrierSpacing: 1, CyclicPrefix: 0, StartSymbolIndex: 0, DurationSymbols: 1, CceRegMappingType: 1, RegBundleSize: 6, InterleaverSize: 2, CoreSetType: 0, ShiftIndex: 0, precoderGranularity: 0, numDlDci: 1
[0m[34m[MAC]    dlDmrsSymbPos 244
[0m[34m[MAC]    BWPSize:  48, BWPStart:  29, SubcarrierSpacing: 1, CyclicPrefix: 0, StartSymbolIndex: 0, DurationSymbols: 1, CceRegMappingType: 1, RegBundleSize: 6, InterleaverSize: 2, CoreSetType: 0, ShiftIndex: 0, precoderGranularity: 0, numDlDci: 1
[0m[34m[MAC]    dlDmrsSymbPos 244
[0m[34m[MAC]    BWPSize:  48, BWPStart:  29, SubcarrierSpacing: 1, CyclicPrefix: 0, StartSymbolIndex: 0, DurationSymbols: 1, CceRegMappingType: 1, RegBundleSize: 6, InterleaverSize: 2, CoreSetType: 0, ShiftIndex: 0, precoderGranularity: 0, numDlDci: 1
[0m[34m[MAC]    [gNB 0] Frame 24 : MIB->BCH  CC_id 0, Received 3 bytes
[0m[34m[MAC]    dlDmrsSymbPos 244
[0m[34m[MAC]    BWPSize:  48, BWPStart:  29, SubcarrierSpacing: 1, CyclicPrefix: 0, StartSymbolIndex: 0, DurationSymbols: 1, CceRegMappingType: 1, RegBundleSize: 6, InterleaverSize: 2, CoreSetType: 0, ShiftIndex: 0, precoderGranularity: 0, numDlDci: 1
[0m[34m[MAC]    dlDmrsSymbPos 244
[0m[34m[MAC]    BWPSize:  48, BWPStart:  29, SubcarrierSpacing: 1, CyclicPrefix: 0, StartSymbolIndex: 0, DurationSymbols: 1, CceRegMappingType: 1, RegBundleSize: 6, InterleaverSize: 2, CoreSetType: 0, ShiftIndex: 0, precoderGranularity: 0, numDlDci: 1
[0m