Logging terminal output to /home/jesse/oran_lab/logs/run_du/run_du_20260530_220111_pid2293306.log
DU cores: 4,5,6,7,8,9,17,18
DU numerology: 1
AnonHugePages:  12896256 kB
ShmemHugePages:        0 kB
FileHugePages:   2809856 kB
HugePages_Total:    8192
HugePages_Free:     4096
HugePages_Rsvd:        0
HugePages_Surp:        0
Hugepagesize:       2048 kB
Hugetlb:        16777216 kB
CMDLINE: "./nr-softmodem" "-O" "/home/jesse/oran_lab/du_test.conf" "--gNBs.[0].min_rxtxtime" "6" "--thread-pool" "4,5,6,7" "--numerology" "1" 
[HW]     Version: Branch: compression-plus-timing-fix Abrev. Hash: 3b10464162 Date: Tue May 26 09:32:18 2026 -0700
[0m[PHY]    No prs_config configuration found..!!
[0m[PHY]    DL frequency 4049760000 Hz, UL frequency 4049760000 Hz: uldl offset 0 Hz
[0m[PHY]    Initializing frame parms for mu 1, N_RB 24, Ncp 0
[0m[PHY]    Init: N_RB_DL 24, first_carrier_offset 368, nb_prefix_samples 36,nb_prefix_samples0 44, ofdm_symbol_size 512
[0m[MAC]    received F1 Setup Response from CU (null)
[0m[MAC]    CU uses RRC version 17.3.0
[0m[MAC]    Clearing the DU's UE states before, if any.
[0m[MAC]    received gNB-DU configuration update acknowledge
[0m[PHY]    number of L1 instances 1, number of RU 1, number of CPU cores 32
[0m[PHY]    Initialized RU proc 0 (NGFI_RAU_IF4p5,synch_to_ext_device),
[0m[PHY]    Starting RU 0 (NGFI_RAU_IF4p5,synch_to_ext_device) on cpu 9
[0m[PHY]    Initializing frame parms for mu 1, N_RB 24, Ncp 0
[0m[PHY]    Init: N_RB_DL 24, first_carrier_offset 368, nb_prefix_samples 36,nb_prefix_samples0 44, ofdm_symbol_size 512
[0m[PHY]    fp->scs=30000
[0m[PHY]    fp->ofdm_symbol_size=512
[0m[PHY]    fp->nb_prefix_samples0=44
[0m[PHY]    fp->nb_prefix_samples=36
[0m[PHY]    fp->slots_per_subframe=2
[0m[PHY]    fp->samples_per_subframe_wCP=14336
[0m[PHY]    fp->samples_per_frame_wCP=143360
[0m[PHY]    fp->samples_per_subframe=15360
[0m[PHY]    fp->samples_per_frame=153600
[0m[PHY]    fp->dl_CarrierFreq=4049760000
[0m[PHY]    fp->ul_CarrierFreq=4049760000
[0m[PHY]    fp->Nid_cell=0
[0m[PHY]    fp->first_carrier_offset=368
[0m[PHY]    fp->ssb_start_subcarrier=0
[0m[PHY]    fp->Ncp=0
[0m[PHY]    fp->N_RB_DL=24
[0m[PHY]    fp->numerology_index=1
[0m[PHY]    fp->ofdm_offset_divisor=8
[0m[PHY]    fp->threequarter_fs=0
[0m[PHY]    fp->sl_CarrierFreq=0
[0m[PHY]    fp->N_RB_SL=0
[0m[PHY]    Setting RF config for N_RB 24, NB_RX 4, NB_TX 1
[0m[PHY]    tune_offset 0 Hz, sample_rate 15360000 Hz
[0m[PHY]    Channel 0: setting tx_gain offset 0, tx_freq 4049760000 Hz
[0m[PHY]    Channel 0: setting rx_gain offset 0, rx_freq 4049760000 Hz
[0m[PHY]    Channel 1: setting rx_gain offset 0, rx_freq 4049760000 Hz
[0m[PHY]    Channel 2: setting rx_gain offset 0, rx_freq 4049760000 Hz
[0m[PHY]    Channel 3: setting rx_gain offset 0, rx_freq 4049760000 Hz
[0m[PHY]    starting transport
[0m[32m[PHY]    Initializing XRAN layer as O-DU
[0m[HW]     Initializing O-RAN 7.2 FH interface through xran library (compiled against headers of oran_f_release_v1.8)
[0mEAL: Detected 32 lcore(s)
EAL: Detected 1 NUMA nodes
EAL: Auto-detected process type: PRIMARY
EAL: Detected shared linkage of DPDK
EAL: Multi-process socket /var/run/dpdk/wls_0/mp_socket
EAL: Selected IOVA mode 'PA'
EAL: No available hugepages reported in hugepages-1048576kB
EAL: Probing VFIO support...
EAL: VFIO support initialized
EAL: Probe PCI driver: net_i40e_vf (8086:154c) device: 0000:06:02.2 (socket 0)
[CONFIG] function config_libconfig_init returned 0
xran_fh_init:
  io_cfg:
    id 0 (O-DU)
    num_vfs 2
    num_rxq 1
    dpdk_dev [0000:06:02.2, 0000:06:02.3, (null), (null), (null), (null), (null), (null), (null), (null), (null), (null), (null), (null), (null), (null)]
    bbdev_dev (null)
    bbdev_mode -1
    dpdkIoVaMode 0
    dpdkMemorySize 8192
    core 9
    system_core 8
    pkt_proc_core 0000000000060000
    pkt_proc_core_64_127 0000000000000000
    pkt_aux_core 0
    timing_core 9
    port (filled within xran library)
    io_sleep 0
    nEthLinePerPort 1
    nEthLineSpeed 10
    one_vf_cu_plane 0
    eowd_cmn[0]:
      initiator_en 0
      numberOfSamples 0
      filterType 0
      responseTo 0
      measVf 0
      measState 0
      measId 0
      measMethod 0
      owdm_enable 0
      owdm_PlLength 0
eowd_port (filled within xran library)
    bbu_offload 0
  eAxCId_conf:
    mask_cuPortId 0xf000
    mask_bandSectorId 0x0f00
    mask_ccId 0x00f0
    mask_ruPortId 0x000f
    bit_cuPortId 0
    bit_bandSectorId 0
    bit_ccId 0
    bit_ruPortId 0
  xran_ports 1
  dpdkBasebandFecMode 0
  dpdkBasebandDevice (null)
  filePrefix wls_0
  mtu 9600
  p_o_du_addr (null)
  p_o_ru_addr [00:11:22:33:64:66, 00:11:22:33:64:67]
  totalBfWeights 0
  mlogxranenable 0
  dlCpProcBurst 0
'DPDK 20.11.9'
 xran_init: MTU 9600
PF Eth line speed 10G
PF Eth lines per O-xU port 1
RX HW queues per O-xU Eth line 1 
node 0
total cores 32 c_mask 0x00000000000060300 core 9 [id] system_core 8 [id] pkt_proc_core 0x00000000000060000 [mask] pkt_aux_core 0 [id] timing_core 9 [id]
xran_ethdi_init_dpdk_io: Calling rte_eal_init:wls_0 -c 0x00000000000060300 -n2 --iova-mode=pa --socket-mem=8192,0 --socket-limit=8192,0 --proc-type=auto --no-telemetry --file-prefix wls_0 -a0000:00:00.0    
xran_init_mbuf_pool: socket 0
initializing port 0 for TX, drv=net_i40e_vf
Port 0 MAC: 00 11 22 33 64 68
Port 0: nb_rxd 4096 nb_txd 4096
[0] mp_rx__p_0_q_0 num blocks 65535
[0] mempool_small__0

Checking link status portid [0]  EAL: Probe PCI driver: net_i40e_vf (8086:154c) device: 0000:06:02.3 (socket 0)
skipped by XRAN_SKIP_LINK_CHECK
initializing port 1 for TX, drv=net_i40e_vf
Port 1 MAC: 00 11 22 33 64 69
Port 1: nb_rxd 4096 nb_txd 4096
[1] mp_rx__p_1_q_0 num blocks 65535
[1] mempool_small__1
Created ring tx_ring_cp_1 on core 9
Created ring rx_ring_cp_1_0 on core 9

Checking link status portid [1]  [93m[HW]     XRAN modifed affinity. Correcting affinity of caller
[0mskipped by XRAN_SKIP_LINK_CHECK
[ 0] vf  0 local  SRC MAC: 00 11 22 33 64 68
[ 0] vf  0 remote DST MAC: 00 11 22 33 64 66
[ 0] vf  1 local  SRC MAC: 00 11 22 33 64 69
[ 0] vf  1 remote DST MAC: 00 11 22 33 64 67
created dl_gen_ring_up_0 on core 9
xran_fh_config:
  dpdk_port 0
  sector_id 0
  nCC 1
  neAxc 4
  neAxcUl 0
  nAntElmTRx 0
  nDLFftSize 9
  nULFftSize 9
  nDLRBs 24
  nULRBs 24
  nDLAbsFrePointA 0
  nULAbsFrePointA 0
  nDLCenterFreqARFCN 0
  nULCenterFreqARFCN 0
  ttiCb (nil)
  ttiCbParam (nil)
  Tadv_cp_dl 0
  T2a_min_cp_dl 0
  T2a_max_cp_dl 0
  T2a_min_cp_ul 0
  T2a_max_cp_ul 0
  T2a_min_up 0
  T2a_max_up 0
  Ta3_min 0
  Ta3_max 0
  T1a_min_cp_dl 285
  T1a_max_cp_dl 470
  T1a_min_cp_ul 285
  T1a_max_cp_ul 535
  T1a_min_up 300
  T1a_max_up 450
  Ta4_min 400
  Ta4_max 440
  enableCP 1
  prachEnable 1
  srsEnable 0
  puschMaskEnable 0
  puschMaskSlot 0
  cp_vlan_tag 0
  up_vlan_tag 0
  debugStop 0
  debugStopCount 0
  DynamicSectionEna 0
  GPS_Alpha 0
  GPS_Beta -9000
  srsEnableCp 0
  SrsDelaySym 0
  prach_config:
    nPrachConfIdx 159
    nPrachSubcSpacing 1
    nPrachZeroCorrConf 0
    nPrachRestrictSet 0
    nPrachRootSeqIdx 0
    nPrachFreqStart 0
    nPrachFreqOffset -288
    nPrachFilterIdx 0
    startSymId 0
    lastSymId 0
    startPrbc 0
    numPrbc 0
    timeOffset 0
    freqOffset 0
    eAxC_offset 4
    nPrachConfIdxLTE 0
  srs_config:
    symbMask 0000
    eAxC_offset 0
  frame_conf:
    nFrameDuplexType TDD
    nNumerology 1
    nTddPeriod 5
    sSlotConfig[0]: DDDDDDDDDDDDDD
    sSlotConfig[1]: DDDDDDGGGGUUUU
    sSlotConfig[2]: UUUUUUUUUUUUUU
    sSlotConfig[3]: UUUUUUUUUUUUUU
    sSlotConfig[4]: UUUUUUUUUUUUUU
  ru_config:
    xranTech NR
    xranCat A
    xranCompHdrType dynamic
    iqWidth 9
    compMeth 1
    iqWidth_PRACH 9
    compMeth_PRACH 1
    fftSize 8
    byteOrder network/BE
    iqOrder I_Q
    xran_max_frame 0
  bbdev_enc (nil)
  bbdev_dec (nil)
  tx_cp_eAxC2Vf 0x751dcafe14b0
  tx_up_eAxC2Vf 0x751dcafe20b0
  rx_cp_eAxC2Vf 0x751dcafe2cb0
  rx_up_eAxC2Vf 0x751dcafe38b0
  log_level 1
  max_sections_per_slot 0
  max_sections_per_symbol 0
  RunSlotPrbMapBySymbolEnable 0
  LiteOnIgnoreUPSectionIdEnable 0
  dssEnable 0
  dssPeriod 0
  technology[XRAN_MAX_DSS_PERIODICITY] (not filled as DSS disabled)
 xran_open: 5G NR Category A
xRAN open PRACH config: Numerology 1 ConfIdx 159, preambleFmrt 10 startsymb 0, numSymbol 12, occassionsInPrachSlot 1
PRACH: x 1 y[0] 0, y[1] 0 prach slot: 9 ..
PRACH start symbol 0 lastsymbol 11
xran_init_vfs_mapping: p 0 vf 0
xran_init_vfs_mapping: p 0 vf 1
xran_open: interval_us=500, interval_us_local=500
bbu_offload 0
XRAN_UP_VF: 0x0000
xran_timing_source_thread [CPU  9] [PID: 2293329]
TTI interval 500 [us]
delay_cp_dl_max=30, sym_cp_dl_max=1, max_dl_offset_sym=13
delay_cp_dl_min=215, sym_cp_dl_min=5, min_dl_offset_sym=9
delay_cp_ul=465,     sym_cp_ul=0,     ul_offset_sym=14
offset_num_slots_cp_dl=0, offset_num_slots_cp_ul=1, offset_num_slots_up_ul=0
C-plane DL from 30 us after TTI  [trigger on sym 1] to 215 us after TTI [trigger on sym 5]
Start C-plane UL 465 us after TTI  [trigger on sym 0]
Start U-plane DL 450 us before OTA [offset  in sym -12]
Start U-plane UL 440 us OTA        [offset  in sym 13]
C-plane to U-plane delay 20 us after TTI
Start Sym timer 107142 ns
created sym cp dl cb for symbol 1
created sym cp dl cb for symbol 2
created sym cp dl cb for symbol 3
created sym cp dl cb for symbol 4
created sym cp dl cb for symbol 5
O-XU      0
HW        0
Num cores 3
Num ports 1
O-RU Cat  0
O-RU CC   1
O-RU eAxC 4
p:0 XRAN_JOB_TYPE_CP_DL worker id 1
p:0 XRAN_JOB_TYPE_CP_UL worker id 1
p:0 XRAN_JOB_TYPE_CP_DL worker id 0
p:0 XRAN_JOB_TYPE_CP_UL worker id 0
xran_generic_worker_thread [CPU 17] [PID: 2293329]
spawn worker 0 core 17
xran_generic_worker_thread [CPU 18] [PID: 2293329]
spawn worker 1 core 18
xran_open [CPU  7] [PID: 2293329]
Waiting on Timing thread...
Initialize ORAN port instance 0 (1) sector 0
xran_sector_get_instances() o_xu_id 0 xran_handle 0x751d9cf95040
xran_sector_get_instances [0]: CC 0 handle 0x751dc01c1000
Handle: 0x751dd87f7468 Instance: 0x[HW]     [RAU] has loaded ETHERNET trasport protocol.
[0m[PHY]    Starting IF interface for RU 0, nb_rx 4
[0m[PHY]    RU 0 Setting N_TA_offset to 200 samples (UL Freq 4045440, N_RB 24, mu 1)
[0m[PHY]    Signaling main thread that RU 0 is ready, sl_ahead 10
[0m[PHY]    L1 configured without analog beamforming
[0m[PHY]    Attaching RU 0 antenna 0 to gNB antenna 0
[0m[PHY]    Attaching RU 0 antenna 1 to gNB antenna 1
[0m[PHY]    Attaching RU 0 antenna 2 to gNB antenna 2
[0m[PHY]    Attaching RU 0 antenna 3 to gNB antenna 3
[0m[PHY]    got sync (ru_thread)
[0m[PHY]    got sync (L1_stats_thread)
[0m751dc01c1000
-> hInstance 0x751dc01c1000
ru_0_cc_0_idx_0: [ handle 0x751dc01c1000 0 0 ] [nPoolIndex 0] nNumberOfBuffers 2047 nBufferSize 14116 socket_id 0
CC:[ handle 0x751dc01c1000 ru 0 cc_idx 0 ] [nPoolIndex 0] mb pool 0x284784940 
xran_bm_init() hInstance 0x751dc01c1000 poolIdx 0 elements 2047 size 14116
xran_bm_allocate_buffer() hInstance 0x751dc01c1000 poolIdx 0 count 1120
ru_0_cc_0_idx_1: [ handle 0x751dc01c1000 0 0 ] [nPoolIndex 1] nNumberOfBuffers 2047 nBufferSize 4976 socket_id 0
CC:[ handle 0x751dc01c1000 ru 0 cc_idx 0 ] [nPoolIndex 1] mb pool 0x284786940 
xran_bm_init() hInstance 0x751dc01c1000 poolIdx 1 elements 2047 size 4976
xran_bm_allocate_buffer() hInstance 0x751dc01c1000 poolIdx 1 count 80
ru_0_cc_0_idx_2: [ handle 0x751dc01c1000 0 0 ] [nPoolIndex 2] nNumberOfBuffers 2047 nBufferSize 13168 socket_id 0
CC:[ handle 0x751dc01c1000 ru 0 cc_idx 0 ] [nPoolIndex 2] mb pool 0x2847861c0 
xran_bm_init() hInstance 0x751dc01c1000 poolIdx 2 elements 2047 size 13168
xran_bm_allocate_buffer() hInstance 0x751dc01c1000 poolIdx 2 count 1120
ru_0_cc_0_idx_3: [ handle 0x751dc01c1000 0 0 ] [nPoolIndex 3] nNumberOfBuffers 2047 nBufferSize 4976 socket_id 0
CC:[ handle 0x751dc01c1000 ru 0 cc_idx 0 ] [nPoolIndex 3] mb pool 0x284788280 
xran_bm_init() hInstance 0x751dc01c1000 poolIdx 3 elements 2047 size 4976
xran_bm_allocate_buffer() hInstance 0x751dc01c1000 poolIdx 3 count 80
ru_0_cc_0_idx_4: [ handle 0x751dc01c1000 0 0 ] [nPoolIndex 4] nNumberOfBuffers 2047 nBufferSize 3360 socket_id 0
CC:[ handle 0x751dc01c1000 ru 0 cc_idx 0 ] [nPoolIndex 4] mb pool 0x28478aa00 
xran_bm_init() hInstance 0x751dc01c1000 poolIdx 4 elements 2047 size 3360
xran_bm_allocate_buffer() hInstance 0x751dc01c1000 poolIdx 4 count 1120
ORAN: get_internal_parameter
ORAN: get_internal_parameter
ORAN: trx_oran_start
O-DU: XRAN start time: 05/31/26 05:01:15.316992845 UTC [500]
Start ORAN. Done
TYPE <CTRL-C> TO TERMINATE
[PHY]    RU 0 no rf device
[0m[PHY]    RU 0 RF started cpu_meas_enabled 0
[0m[93m[HW]     TTI processing delay detected, skipping    0.10 =>    7.16
[0m[1;31m[HW]     Received Time doesn't correspond to the time we think it is (slot mismatch, received 7.16, expected 0.10)
[0m[1;31m[HW]     Received Time doesn't correspond to the time we think it is (frame mismatch, 7.16 , expected 0.16)
[0m[93m[HW]     TTI processing delay detected, skipping    7.17 =>   15. 3
[0m[1;31m[HW]     Received Time doesn't correspond to the time we think it is (slot mismatch, received 15.3, expected 7.17)
[0m[1;31m[HW]     Received Time doesn't correspond to the time we think it is (frame mismatch, 15.3 , expected 7.3)
[0m[93m[HW]     TTI processing delay detected, skipping   15. 4 =>   22.10
[0m[1;31m[HW]     Received Time doesn't correspond to the time we think it is (slot mismatch, received 22.10, expected 15.4)
[0m[1;31m[HW]     Received Time doesn't correspond to the time we think it is (frame mismatch, 22.10 , expected 15.10)
[0m[93m[HW]     TTI processing delay detected, skipping   22.12 =>   29.18
[0m[1;31m[HW]     Received Time doesn't correspond to the time we think it is (slot mismatch, received 29.18, expected 22.12)
[0m[1;31m[HW]     Received Time doesn't correspond to the time we think it is (frame mismatch, 29.18 , expected 22.18)
[0m[93m[HW]     TTI processing delay detected, skipping   29.19 =>   37. 5
[0m[1;31m[HW]     Received Time doesn't correspond to the time we think it is (slot mismatch, received 37.5, expected 29.19)
[0m[1;31m[HW]     Received Time doesn't correspond to the time we think it is (frame mismatch, 37.5 , expected 29.5)
[0m[93m[HW]     TTI processing delay detected, skipping   37. 7 =>   44.12
[0m[1;31m[HW]     Received Time doesn't correspond to the time we think it is (slot mismatch, received 44.12, expected 37.7)
[0m[1;31m[HW]     Received Time doesn't correspond to the time we think it is (frame mismatch, 44.12 , expected 37.12)
[0m[93m[HW]     TTI processing delay detected, skipping   44.13 =>   51.19
[0m[93m[HW]     we get rach data from ru, but it is not scheduled 51.19
[0m[1;31m[HW]     Received Time doesn't correspond to the time we think it is (slot mismatch, received 51.19, expected 44.13)
[0m[1;31m[HW]     Received Time doesn't correspond to the time we think it is (frame mismatch, 51.19 , expected 44.19)
[0m[93m[HW]     TTI processing delay detected, skipping   52. 0 =>   59. 6
[0m[1;31m[HW]     Received Time doesn't correspond to the time we think it is (slot mismatch, received 59.6, expected 52.0)
[0m[1;31m[HW]     Received Time doesn't correspond to the time we think it is (frame mismatch, 59.6 , expected 52.6)
[0m[93m[HW]     TTI processing delay detected, skipping   59. 7 =>   66.13
[0m[1;31m[HW]     Received Time doesn't correspond to the time we think it is (slot mismatch, received 66.13, expected 59.7)
[0m[1;31m[HW]     Received Time doesn't correspond to the time we think it is (frame mismatch, 66.13 , expected 59.13)
[0m[93m[HW]     TTI processing delay detected, skipping   66.14 =>   74. 0
[0m[1;31m[HW]     Received Time doesn't correspond to the time we think it is (slot mismatch, received 74.0, expected 66.14)
[0m[1;31m[HW]     Received Time doesn't correspond to the time we think it is (frame mismatch, 74.0 , expected 66.0)
[0m[93m[HW]     TTI processing delay detected, skipping   74. 2 =>   81. 7
[0m[1;31m[HW]     Received Time doesn't correspond to the time we think it is (slot mismatch, received 81.7, expected 74.2)
[0m[1;31m[HW]     Received Time doesn't correspond to the time we think it is (frame mismatch, 81.7 , expected 74.7)
[0m[93m[HW]     TTI processing delay detected, skipping   81. 8 =>   88.14
[0m[1;31m[HW]     Received Time doesn't correspond to the time we think it is (slot mismatch, received 88.14, expected 81.8)
[0m[1;31m[HW]     Received Time doesn't correspond to the time we think it is (frame mismatch, 88.14 , expected 81.14)
[0m[93m[HW]     TTI processing delay detected, skipping   88.15 =>   96. 1
[0m[1;31m[HW]     Received Time doesn't correspond to the time we think it is (slot mismatch, received 96.1, expected 88.15)
[0m[1;31m[HW]     Received Time doesn't correspond to the time we think it is (frame mismatch, 96.1 , expected 88.1)
[0m[93m[HW]     TTI processing delay detected, skipping   96. 2 =>  103. 8
[0m[1;31m[HW]     Received Time doesn't correspond to the time we think it is (slot mismatch, received 103.8, expected 96.2)
[0m[1;31m[HW]     Received Time doesn't correspond to the time we think it is (frame mismatch, 103.8 , expected 96.8)
[0m[93m[HW]     TTI processing delay detected, skipping  103. 9 =>  110.15
[0m[1;31m[HW]     Received Time doesn't correspond to the time we think it is (slot mismatch, received 110.15, expected 103.9)
[0m[1;31m[HW]     Received Time doesn't correspond to the time we think it is (frame mismatch, 110.15 , expected 103.15)
[0m[93m[HW]     TTI processing delay detected, skipping  110.17 =>  118. 2
[0m[1;31m[HW]     Received Time doesn't correspond to the time we think it is (slot mismatch, received 118.2, expected 110.17)
[0m[1;31m[HW]     Received Time doesn't correspond to the time we think it is (frame mismatch, 118.2 , expected 110.2)
[0m[93m[HW]     TTI processing delay detected, skipping  118. 3 =>  125. 9
[0m[1;31m[HW]     Received Time doesn't correspond to the time we think it is (slot mismatch, received 125.9, expected 118.3)
[0m[1;31m[HW]     Received Time doesn't correspond to the time we think it is (frame mismatch, 125.9 , expected 118.9)
[0m[93m[HW]     TTI processing delay detected, skipping  125.10 =>  132.16
[0m[1;31m[HW]     Received Time doesn't correspond to the time we think it is (slot mismatch, received 132.16, expected 125.10)
[0m[1;31m[HW]     Received Time doesn't correspond to the time we think it is (frame mismatch, 132.16 , expected 125.16)
[0m[93m[HW]     TTI processing delay detected, skipping  132.17 =>  140. 3
[0m[1;31m[HW]     Received Time doesn't correspond to the time we think it is (slot mismatch, received 140.3, expected 132.17)
[0m[1;31m[HW]     Received Time doesn't correspond to the time we think it is (frame mismatch, 140.3 , expected 132.3)
[0m[93m[HW]     TTI processing delay detected, skipping  140. 4 =>  147.10
[0m[1;31m[HW]     Received Time doesn't correspond to the time we think it is (slot mismatch, received 147.10, expected 140.4)
[0m[1;31m[HW]     Received Time doesn't correspond to the time we think it is (frame mismatch, 147.10 , expected 140.10)
[0m[93m[HW]     TTI processing delay detected, skipping  147.12 =>  154.17
[0m[1;31m[HW]     Received Time doesn't correspond to the time we think it is (slot mismatch, received 154.17, expected 147.12)
[0m[1;31m[HW]     Received Time doesn't correspond to the time we think it is (frame mismatch, 154.17 , expected 147.17)
[0m[93m[HW]     TTI processing delay detected, skipping  154.18 =>  162. 4
[0m[1;31m[HW]     Received Time doesn't correspond to the time we think it is (slot mismatch, received 162.4, expected 154.18)
[0m[1;31m[HW]     Received Time doesn't correspond to the time we think it is (frame mismatch, 162.4 , expected 154.4)
[0m[93m[HW]     TTI processing delay detected, skipping  162. 5 =>  169.11
[0m[1;31m[HW]     Received Time doesn't correspond to the time we think it is (slot mismatch, received 169.11, expected 162.5)
[0m[1;31m[HW]     Received Time doesn't correspond to the time we think it is (frame mismatch, 169.11 , expected 162.11)
[0m[93m[HW]     TTI processing delay detected, skipping  169.12 =>  176.18
[0m[1;31m[HW]     Received Time doesn't correspond to the time we think it is (slot mismatch, received 176.18, expected 169.12)
[0m[1;31m[HW]     Received Time doesn't correspond to the time we think it is (frame mismatch, 176.18 , expected 169.18)
[0m[93m[HW]     TTI processing delay detected, skipping  176.19 =>  184. 5
[0m[1;31m[HW]     Received Time doesn't correspond to the time we think it is (slot mismatch, received 184.5, expected 176.19)
[0m[1;31m[HW]     Received Time doesn't correspond to the time we think it is (frame mismatch, 184.5 , expected 176.5)
[0m[93m[HW]     TTI processing delay detected, skipping  184. 7 =>  191.12
[0m[1;31m[HW]     Received Time doesn't correspond to the time we think it is (slot mismatch, received 191.12, expected 184.7)
[0m[1;31m[HW]     Received Time doesn't correspond to the time we think it is (frame mismatch, 191.12 , expected 184.12)
[0m[93m[HW]     TTI processing delay detected, skipping  191.13 =>  198.19
[0m[93m[HW]     we get rach data from ru, but it is not scheduled 198.19
[0m[1;31m[HW]     Received Time doesn't correspond to the time we think it is (slot mismatch, received 198.19, expected 191.13)
[0m[1;31m[HW]     Received Time doesn't correspond to the time we think it is (frame mismatch, 198.19 , expected 191.19)
[0m[93m[HW]     TTI processing delay detected, skipping  199. 0 =>  206. 6
[0m[1;31m[HW]     Received Time doesn't correspond to the time we think it is (slot mismatch, received 206.6, expected 199.0)
[0m[1;31m[HW]     Received Time doesn't correspond to the time we think it is (frame mismatch, 206.6 , expected 199.6)
[0m[93m[HW]     TTI processing delay detected, skipping  206. 7 =>  213.13
[0m[1;31m[HW]     Received Time doesn't correspond to the time we think it is (slot mismatch, received 213.13, expected 206.7)
[0m[1;31m[HW]     Received Time doesn't correspond to the time we think it is (frame mismatch, 213.13 , expected 206.13)
[0m[93m[HW]     TTI processing delay detected, skipping  213.14 =>  221. 0
[0m[1;31m[HW]     Received Time doesn't correspond to the time we think it is (slot mismatch, received 221.0, expected 213.14)
[0m[1;31m[HW]     Received Time doesn't correspond to the time we think it is (frame mismatch, 221.0 , expected 213.0)
[0m[93m[HW]     TTI processing delay detected, skipping  221. 2 =>  228. 7
[0m[1;31m[HW]     Received Time doesn't correspond to the time we think it is (slot mismatch, received 228.7, expected 221.2)
[0m[1;31m[HW]     Received Time doesn't correspond to the time we think it is (frame mismatch, 228.7 , expected 221.7)
[0m[93m[HW]     TTI processing delay detected, skipping  228. 8 =>  235.14
[0m[1;31m[HW]     Received Time doesn't correspond to the time we think it is (slot mismatch, received 235.14, expected 228.8)
[0m[1;31m[HW]     Received Time doesn't correspond to the time we think it is (frame mismatch, 235.14 , expected 228.14)
[0m[93m[HW]     TTI processing delay detected, skipping  235.15 =>  243. 1
[0m[1;31m[HW]     Received Time doesn't correspond to the time we think it is (slot mismatch, received 243.1, expected 235.15)
[0m[1;31m[HW]     Received Time doesn't correspond to the time we think it is (frame mismatch, 243.1 , expected 235.1)
[0m[93m[HW]     TTI processing delay detected, skipping  243. 2 =>  250. 8
[0m[1;31m[HW]     Received Time doesn't correspond to the time we think it is (slot mismatch, received 250.8, expected 243.2)
[0m[1;31m[HW]     Received Time doesn't correspond to the time we think it is (frame mismatch, 250.8 , expected 243.8)
[0m[93m[HW]     TTI processing delay detected, skipping  250. 9 =>  257.15
[0m[1;31m[HW]     Received Time doesn't correspond to the time we think it is (slot mismatch, received 257.15, expected 250.9)
[0m[1;31m[HW]     Received Time doesn't correspond to the time we think it is (frame mismatch, 257.15 , expected 250.15)
[0m[93m[HW]     TTI processing delay detected, skipping  257.17 =>  265. 2
[0m[1;31m[HW]     Received Time doesn't correspond to the time we think it is (slot mismatch, received 265.2, expected 257.17)
[0m[1;31m[HW]     Received Time doesn't correspond to the time we think it is (frame mismatch, 265.2 , expected 257.2)
[0m[93m[HW]     TTI processing delay detected, skipping  265. 3 =>  272. 9
[0m[1;31m[HW]     Received Time doesn't correspond to the time we think it is (slot mismatch, received 272.9, expected 265.3)
[0m[1;31m[HW]     Received Time doesn't correspond to the time we think it is (frame mismatch, 272.9 , expected 265.9)
[0m[93m[HW]     TTI processing delay detected, skipping  272.10 =>  279.16
[0m[1;31m[HW]     Received Time doesn't correspond to the time we think it is (slot mismatch, received 279.16, expected 272.10)
[0m[1;31m[HW]     Received Time doesn't correspond to the time we think it is (frame mismatch, 279.16 , expected 272.16)
[0m[93m[HW]     TTI processing delay detected, skipping  279.17 =>  287. 3
[0m[1;31m[HW]     Received Time doesn't correspond to the time we think it is (slot mismatch, received 287.3, expected 279.17)
[0m[1;31m[HW]     Received Time doesn't correspond to the time we think it is (frame mismatch, 287.3 , expected 279.3)
[0m[93m[HW]     TTI processing delay detected, skipping  287. 4 =>  294.10
[0m[1;31m[HW]     Received Time doesn't correspond to the time we think it is (slot mismatch, received 294.10, expected 287.4)
[0m[1;31m[HW]     Received Time doesn't correspond to the time we think it is (frame mismatch, 294.10 , expected 287.10)
[0m[93m[HW]     TTI processing delay detected, skipping  294.12 =>  301.17
[0m[1;31m[HW]     Received Time doesn't correspond to the time we think it is (slot mismatch, received 301.17, expected 294.12)
[0m[1;31m[HW]     Received Time doesn't correspond to the time we think it is (frame mismatch, 301.17 , expected 294.17)
[0m[93m[HW]     TTI processing delay detected, skipping  301.18 =>  309. 4
[0m[1;31m[HW]     Received Time doesn't correspond to the time we think it is (slot mismatch, received 309.4, expected 301.18)
[0m[1;31m[HW]     Received Time doesn't correspond to the time we think it is (frame mismatch, 309.4 , expected 301.4)
[0m[93m[HW]     TTI processing delay detected, skipping  309. 5 =>  316.11
[0m[1;31m[HW]     Received Time doesn't correspond to the time we think it is (slot mismatch, received 316.11, expected 309.5)
[0m[1;31m[HW]     Received Time doesn't correspond to the time we think it is (frame mismatch, 316.11 , expected 309.11)
[0m[93m[HW]     TTI processing delay detected, skipping  316.12 =>  323.18
[0m[1;31m[HW]     Received Time doesn't correspond to the time we think it is (slot mismatch, received 323.18, expected 316.12)
[0m[1;31m[HW]     Received Time doesn't correspond to the time we think it is (frame mismatch, 323.18 , expected 316.18)
[0m[93m[HW]     TTI processing delay detected, skipping  323.19 =>  331. 5
[0m[1;31m[HW]     Received Time doesn't correspond to the time we think it is (slot mismatch, received 331.5, expected 323.19)
[0m[1;31m[HW]     Received Time doesn't correspond to the time we think it is (frame mismatch, 331.5 , expected 323.5)
[0m[93m[HW]     TTI processing delay detected, skipping  331. 7 =>  338.12
[0m[1;31m[HW]     Received Time doesn't correspond to the time we think it is (slot mismatch, received 338.12, expected 331.7)
[0m[1;31m[HW]     Received Time doesn't correspond to the time we think it is (frame mismatch, 338.12 , expected 331.12)
[0m[93m[HW]     TTI processing delay detected, skipping  338.13 =>  345.19
[0m[93m[HW]     we get rach data from ru, but it is not scheduled 345.19
[0m[1;31m[HW]     Received Time doesn't correspond to the time we think it is (slot mismatch, received 345.19, expected 338.13)
[0m[1;31m[HW]     Received Time doesn't correspond to the time we think it is (frame mismatch, 345.19 , expected 338.19)
[0m[93m[HW]     TTI processing delay detected, skipping  346. 0 =>  353. 6
[0m[1;31m[HW]     Received Time doesn't correspond to the time we think it is (slot mismatch, received 353.6, expected 346.0)
[0m[1;31m[HW]     Received Time doesn't correspond to the time we think it is (frame mismatch, 353.6 , expected 346.6)
[0m[93m[HW]     TTI processing delay detected, skipping  353. 7 =>  360.13
[0m[1;31m[HW]     Received Time doesn't correspond to the time we think it is (slot mismatch, received 360.13, expected 353.7)
[0m[1;31m[HW]     Received Time doesn't correspond to the time we think it is (frame mismatch, 360.13 , expected 353.13)
[0m[93m[HW]     TTI processing delay detected, skipping  360.14 =>  368. 0
[0m[1;31m[HW]     Received Time doesn't correspond to the time we think it is (slot mismatch, received 368.0, expected 360.14)
[0m[1;31m[HW]     Received Time doesn't correspond to the time we think it is (frame mismatch, 368.0 , expected 360.0)
[0m[93m[HW]     TTI processing delay detected, skipping  368. 2 =>  375. 7
[0m[1;31m[HW]     Received Time doesn't correspond to the time we think it is (slot mismatch, received 375.7, expected 368.2)
[0m[1;31m[HW]     Received Time doesn't correspond to the time we think it is (frame mismatch, 375.7 , expected 368.7)
[0m[93m[HW]     TTI processing delay detected, skipping  375. 8 =>  382.14
[0m[1;31m[HW]     Received Time doesn't correspond to the time we think it is (slot mismatch, received 382.14, expected 375.8)
[0m[1;31m[HW]     Received Time doesn't correspond to the time we think it is (frame mismatch, 382.14 , expected 375.14)
[0m[93m[HW]     TTI processing delay detected, skipping  382.15 =>  390. 1
[0m[1;31m[HW]     Received Time doesn't correspond to the time we think it is (slot mismatch, received 390.1, expected 382.15)
[0m[1;31m[HW]     Received Time doesn't correspond to the time we think it is (frame mismatch, 390.1 , expected 382.1)
[0m[93m[HW]     TTI processing delay detected, skipping  390. 2 =>  397. 8
[0m[1;31m[HW]     Received Time doesn't correspond to the time we think it is (slot mismatch, received 397.8, expected 390.2)
[0m[1;31m[HW]     Received Time doesn't correspond to the time we think it is (frame mismatch, 397.8 , expected 390.8)
[0m[93m[HW]     TTI processing delay detected, skipping  397. 9 =>  404.15
[0m[1;31m[HW]     Received Time doesn't correspond to the time we think it is (slot mismatch, received 404.15, expected 397.9)
[0m[1;31m[HW]     Received Time doesn't correspond to the time we think it is (frame mismatch, 404.15 , expected 397.15)
[0m[93m[HW]     TTI processing delay detected, skipping  404.17 =>  412. 2
[0m[1;31m[HW]     Received Time doesn't correspond to the time we think it is (slot mismatch, received 412.2, expected 404.17)
[0m[1;31m[HW]     Received Time doesn't correspond to the time we think it is (frame mismatch, 412.2 , expected 404.2)
[0m[93m[HW]     TTI processing delay detected, skipping  412. 3 =>  419. 9
[0m[1;31m[HW]     Received Time doesn't correspond to the time we think it is (slot mismatch, received 419.9, expected 412.3)
[0m[1;31m[HW]     Received Time doesn't correspond to the time we think it is (frame mismatch, 419.9 , expected 412.9)
[0m[93m[HW]     TTI processing delay detected, skipping  419.10 =>  426.16
[0m[1;31m[HW]     Received Time doesn't correspond to the time we think it is (slot mismatch, received 426.16, expected 419.10)
[0m[1;31m[HW]     Received Time doesn't correspond to the time we think it is (frame mismatch, 426.16 , expected 419.16)
[0m[93m[HW]     TTI processing delay detected, skipping  426.17 =>  434. 3
[0m[1;31m[HW]     Received Time doesn't correspond to the time we think it is (slot mismatch, received 434.3, expected 426.17)
[0m[1;31m[HW]     Received Time doesn't correspond to the time we think it is (frame mismatch, 434.3 , expected 426.3)
[0m[93m[HW]     TTI processing delay detected, skipping  434. 4 =>  441.10
[0m[1;31m[HW]     Received Time doesn't correspond to the time we think it is (slot mismatch, received 441.10, expected 434.4)
[0m[1;31m[HW]     Received Time doesn't correspond to the time we think it is (frame mismatch, 441.10 , expected 434.10)
[0m[93m[HW]     TTI processing delay detected, skipping  441.12 =>  448.17
[0m[1;31m[HW]     Received Time doesn't correspond to the time we think it is (slot mismatch, received 448.17, expected 441.12)
[0m[1;31m[HW]     Received Time doesn't correspond to the time we think it is (frame mismatch, 448.17 , expected 441.17)
[0m[93m[HW]     TTI processing delay detected, skipping  448.18 =>  456. 4
[0m[1;31m[HW]     Received Time doesn't correspond to the time we think it is (slot mismatch, received 456.4, expected 448.18)
[0m[1;31m[HW]     Received Time doesn't correspond to the time we think it is (frame mismatch, 456.4 , expected 448.4)
[0m[93m[HW]     TTI processing delay detected, skipping  456. 5 =>  463.11
[0m[1;31m[HW]     Received Time doesn't correspond to the time we think it is (slot mismatch, received 463.11, expected 456.5)
[0m[1;31m[HW]     Received Time doesn't correspond to the time we think it is (frame mismatch, 463.11 , expected 456.11)
[0m[93m[HW]     TTI processing delay detected, skipping  463.12 =>  470.18
[0m[1;31m[HW]     Received Time doesn't correspond to the time we think it is (slot mismatch, received 470.18, expected 463.12)
[0m[1;31m[HW]     Received Time doesn't correspond to the time we think it is (frame mismatch, 470.18 , expected 463.18)
[0m[93m[HW]     TTI processing delay detected, skipping  470.19 =>  478. 5
[0m[1;31m[HW]     Received Time doesn't correspond to the time we think it is (slot mismatch, received 478.5, expected 470.19)
[0m[1;31m[HW]     Received Time doesn't correspond to the time we think it is (frame mismatch, 478.5 , expected 470.5)
[0m[93m[HW]     TTI processing delay detected, skipping  478. 7 =>  485.12
[0m[1;31m[HW]     Received Time doesn't correspond to the time we think it is (slot mismatch, received 485.12, expected 478.7)
[0m[1;31m[HW]     Received Time doesn't correspond to the time we think it is (frame mismatch, 485.12 , expected 478.12)
[0m[93m[HW]     TTI processing delay detected, skipping  485.13 =>  492.19
[0m[93m[HW]     we get rach data from ru, but it is not scheduled 492.19
[0m[1;31m[HW]     Received Time doesn't correspond to the time we think it is (slot mismatch, received 492.19, expected 485.13)
[0m[1;31m[HW]     Received Time doesn't correspond to the time we think it is (frame mismatch, 492.19 , expected 485.19)
[0m[93m[HW]     TTI processing delay detected, skipping  493. 0 =>  500. 6
[0m[1;31m[HW]     Received Time doesn't correspond to the time we think it is (slot mismatch, received 500.6, expected 493.0)
[0m[1;31m[HW]     Received Time doesn't correspond to the time we think it is (frame mismatch, 500.6 , expected 493.6)
[0m[93m[HW]     TTI processing delay detected, skipping  500. 7 =>  507.13
[0m[1;31m[HW]     Received Time doesn't correspond to the time we think it is (slot mismatch, received 507.13, expected 500.7)
[0m[1;31m[HW]     Received Time doesn't correspond to the time we think it is (frame mismatch, 507.13 , expected 500.13)
[0m[93m[HW]     TTI processing delay detected, skipping  507.14 =>  515. 0
[0m[1;31m[HW]     Received Time doesn't correspond to the time we think it is (slot mismatch, received 515.0, expected 507.14)
[0m[1;31m[HW]     Received Time doesn't correspond to the time we think it is (frame mismatch, 515.0 , expected 507.0)
[0m[93m[HW]     TTI processing delay detected, skipping  515. 2 =>  522. 7
[0m[1;31m[HW]     Received Time doesn't correspond to the time we think it is (slot mismatch, received 522.7, expected 515.2)
[0m[1;31m[HW]     Received Time doesn't correspond to the time we think it is (frame mismatch, 522.7 , expected 515.7)
[0m[93m[HW]     TTI processing delay detected, skipping  522. 8 =>  529.14
[0m[1;31m[HW]     Received Time doesn't correspond to the time we think it is (slot mismatch, received 529.14, expected 522.8)
[0m[1;31m[HW]     Received Time doesn't correspond to the time we think it is (frame mismatch, 529.14 , expected 522.14)
[0m[93m[HW]     TTI processing delay detected, skipping  529.15 =>  537. 1
[0m[1;31m[HW]     Received Time doesn't correspond to the time we think it is (slot mismatch, received 537.1, expected 529.15)
[0m[1;31m[HW]     Received Time doesn't correspond to the time we think it is (frame mismatch, 537.1 , expected 529.1)
[0m[93m[HW]     TTI processing delay detected, skipping  537. 2 =>  544. 8
[0m[1;31m[HW]     Received Time doesn't correspond to the time we think it is (slot mismatch, received 544.8, expected 537.2)
[0m[1;31m[HW]     Received Time doesn't correspond to the time we think it is (frame mismatch, 544.8 , expected 537.8)
[0m[93m[HW]     TTI processing delay detected, skipping  544. 9 =>  551.15
[0m[1;31m[HW]     Received Time doesn't correspond to the time we think it is (slot mismatch, received 551.15, expected 544.9)
[0m[1;31m[HW]     Received Time doesn't correspond to the time we think it is (frame mismatch, 551.15 , expected 544.15)
[0m[93m[HW]     TTI processing delay detected, skipping  551.17 =>  559. 2
[0m[1;31m[HW]     Received Time doesn't correspond to the time we think it is (slot mismatch, received 559.2, expected 551.17)
[0m[1;31m[HW]     Received Time doesn't correspond to the time we think it is (frame mismatch, 559.2 , expected 551.2)
[0m[93m[HW]     TTI processing delay detected, skipping  559. 3 =>  566. 9
[0m[1;31m[HW]     Received Time doesn't correspond to the time we think it is (slot mismatch, received 566.9, expected 559.3)
[0m[1;31m[HW]     Received Time doesn't correspond to the time we think it is (frame mismatch, 566.9 , expected 559.9)
[0m[93m[HW]     TTI processing delay detected, skipping  566.10 =>  573.16
[0m[1;31m[HW]     Received Time doesn't correspond to the time we think it is (slot mismatch, received 573.16, expected 566.10)
[0m[1;31m[HW]     Received Time doesn't correspond to the time we think it is (frame mismatch, 573.16 , expected 566.16)
[0m[93m[HW]     TTI processing delay detected, skipping  573.17 =>  581. 3
[0m[1;31m[HW]     Received Time doesn't correspond to the time we think it is (slot mismatch, received 581.3, expected 573.17)
[0m[1;31m[HW]     Received Time doesn't correspond to the time we think it is (frame mismatch, 581.3 , expected 573.3)
[0m[93m[HW]     TTI processing delay detected, skipping  581. 4 =>  588.10
[0m[1;31m[HW]     Received Time doesn't correspond to the time we think it is (slot mismatch, received 588.10, expected 581.4)
[0m[1;31m[HW]     Received Time doesn't correspond to the time we think it is (frame mismatch, 588.10 , expected 581.10)
[0m[93m[HW]     TTI processing delay detected, skipping  588.12 =>  595.17
[0m[1;31m[HW]     Received Time doesn't correspond to the time we think it is (slot mismatch, received 595.17, expected 588.12)
[0m[1;31m[HW]     Received Time doesn't correspond to the time we think it is (frame mismatch, 595.17 , expected 588.17)
[0m[93m[HW]     TTI processing delay detected, skipping  595.18 =>  603. 4
[0m[1;31m[HW]     Received Time doesn't correspond to the time we think it is (slot mismatch, received 603.4, expected 595.18)
[0m[1;31m[HW]     Received Time doesn't correspond to the time we think it is (frame mismatch, 603.4 , expected 595.4)
[0m[93m[HW]     TTI processing delay detected, skipping  603. 5 =>  610.11
[0m[1;31m[HW]     Received Time doesn't correspond to the time we think it is (slot mismatch, received 610.11, expected 603.5)
[0m[1;31m[HW]     Received Time doesn't correspond to the time we think it is (frame mismatch, 610.11 , expected 603.11)
[0m[93m[HW]     TTI processing delay detected, skipping  610.12 =>  617.18
[0m[1;31m[HW]     Received Time doesn't correspond to the time we think it is (slot mismatch, received 617.18, expected 610.12)
[0m[1;31m[HW]     Received Time doesn't correspond to the time we think it is (frame mismatch, 617.18 , expected 610.18)
[0m[93m[HW]     TTI processing delay detected, skipping  617.19 =>  625. 5
[0m[1;31m[HW]     Received Time doesn't correspond to the time we think it is (slot mismatch, received 625.5, expected 617.19)
[0m[1;31m[HW]     Received Time doesn't correspond to the time we think it is (frame mismatch, 625.5 , expected 617.5)
[0m[93m[HW]     TTI processing delay detected, skipping  625. 7 =>  632.12
[0m[1;31m[HW]     Received Time doesn't correspond to the time we think it is (slot mismatch, received 632.12, expected 625.7)
[0m[1;31m[HW]     Received Time doesn't correspond to the time we think it is (frame mismatch, 632.12 , expected 625.12)
[0m[93m[HW]     TTI processing delay detected, skipping  632.13 =>  639.19
[0m[93m[HW]     we get rach data from ru, but it is not scheduled 639.19
[0m[1;31m[HW]     Received Time doesn't correspond to the time we think it is (slot mismatch, received 639.19, expected 632.13)
[0m[1;31m[HW]     Received Time doesn't correspond to the time we think it is (frame mismatch, 639.19 , expected 632.19)
[0m[93m[HW]     TTI processing delay detected, skipping  640. 0 =>  647. 6
[0m[1;31m[HW]     Received Time doesn't correspond to the time we think it is (slot mismatch, received 647.6, expected 640.0)
[0m[1;31m[HW]     Received Time doesn't correspond to the time we think it is (frame mismatch, 647.6 , expected 640.6)
[0m[93m[HW]     TTI processing delay detected, skipping  647. 7 =>  654.13
[0m[1;31m[HW]     Received Time doesn't correspond to the time we think it is (slot mismatch, received 654.13, expected 647.7)
[0m[1;31m[HW]     Received Time doesn't correspond to the time we think it is (frame mismatch, 654.13 , expected 647.13)
[0m[93m[HW]     TTI processing delay detected, skipping  654.14 =>  662. 0
[0m[1;31m[HW]     Received Time doesn't correspond to the time we think it is (slot mismatch, received 662.0, expected 654.14)
[0m[1;31m[HW]     Received Time doesn't correspond to the time we think it is (frame mismatch, 662.0 , expected 654.0)
[0m[93m[HW]     TTI processing delay detected, skipping  662. 2 =>  669. 7
[0m[1;31m[HW]     Received Time doesn't correspond to the time we think it is (slot mismatch, received 669.7, expected 662.2)
[0m[1;31m[HW]     Received Time doesn't correspond to the time we think it is (frame mismatch, 669.7 , expected 662.7)
[0m[93m[HW]     TTI processing delay detected, skipping  669. 8 =>  676.14
[0m[1;31m[HW]     Received Time doesn't correspond to the time we think it is (slot mismatch, received 676.14, expected 669.8)
[0m[1;31m[HW]     Received Time doesn't correspond to the time we think it is (frame mismatch, 676.14 , expected 669.14)
[0m[93m[HW]     TTI processing delay detected, skipping  676.15 =>  684. 1
[0m[1;31m[HW]     Received Time doesn't correspond to the time we think it is (slot mismatch, received 684.1, expected 676.15)
[0m[1;31m[HW]     Received Time doesn't correspond to the time we think it is (frame mismatch, 684.1 , expected 676.1)
[0m[93m[HW]     TTI processing delay detected, skipping  684. 2 =>  691. 8
[0m[1;31m[HW]     Received Time doesn't correspond to the time we think it is (slot mismatch, received 691.8, expected 684.2)
[0m[1;31m[HW]     Received Time doesn't correspond to the time we think it is (frame mismatch, 691.8 , expected 684.8)
[0m[93m[HW]     TTI processing delay detected, skipping  691. 9 =>  698.15
[0m[1;31m[HW]     Received Time doesn't correspond to the time we think it is (slot mismatch, received 698.15, expected 691.9)
[0m[1;31m[HW]     Received Time doesn't correspond to the time we think it is (frame mismatch, 698.15 , expected 691.15)
[0m[93m[HW]     TTI processing delay detected, skipping  698.17 =>  706. 2
[0m[1;31m[HW]     Received Time doesn't correspond to the time we think it is (slot mismatch, received 706.2, expected 698.17)
[0m[1;31m[HW]     Received Time doesn't correspond to the time we think it is (frame mismatch, 706.2 , expected 698.2)
[0m[93m[HW]     TTI processing delay detected, skipping  706. 3 =>  713. 9
[0m[1;31m[HW]     Received Time doesn't correspond to the time we think it is (slot mismatch, received 713.9, expected 706.3)
[0m[1;31m[HW]     Received Time doesn't correspond to the time we think it is (frame mismatch, 713.9 , expected 706.9)
[0m[93m[HW]     TTI processing delay detected, skipping  713.10 =>  720.16
[0m[1;31m[HW]     Received Time doesn't correspond to the time we think it is (slot mismatch, received 720.16, expected 713.10)
[0m[1;31m[HW]     Received Time doesn't correspond to the time we think it is (frame mismatch, 720.16 , expected 713.16)
[0m[93m[HW]     TTI processing delay detected, skipping  720.17 =>  728. 3
[0m[1;31m[HW]     Received Time doesn't correspond to the time we think it is (slot mismatch, received 728.3, expected 720.17)
[0m[1;31m[HW]     Received Time doesn't correspond to the time we think it is (frame mismatch, 728.3 , expected 720.3)
[0m[93m[HW]     TTI processing delay detected, skipping  728. 4 =>  735.10
[0m[1;31m[HW]     Received Time doesn't correspond to the time we think it is (slot mismatch, received 735.10, expected 728.4)
[0m[1;31m[HW]     Received Time doesn't correspond to the time we think it is (frame mismatch, 735.10 , expected 728.10)
[0m[93m[HW]     TTI processing delay detected, skipping  735.12 =>  742.17
[0m[1;31m[HW]     Received Time doesn't correspond to the time we think it is (slot mismatch, received 742.17, expected 735.12)
[0m[1;31m[HW]     Received Time doesn't correspond to the time we think it is (frame mismatch, 742.17 , expected 735.17)
[0m[93m[HW]     TTI processing delay detected, skipping  742.18 =>  750. 4
[0m[1;31m[HW]     Received Time doesn't correspond to the time we think it is (slot mismatch, received 750.4, expected 742.18)
[0m[1;31m[HW]     Received Time doesn't correspond to the time we think it is (frame mismatch, 750.4 , expected 742.4)
[0m[93m[HW]     TTI processing delay detected, skipping  750. 5 =>  757.11
[0m[1;31m[HW]     Received Time doesn't correspond to the time we think it is (slot mismatch, received 757.11, expected 750.5)
[0m[1;31m[HW]     Received Time doesn't correspond to the time we think it is (frame mismatch, 757.11 , expected 750.11)
[0m[93m[HW]     TTI processing delay detected, skipping  757.12 =>  764.18
[0m[1;31m[HW]     Received Time doesn't correspond to the time we think it is (slot mismatch, received 764.18, expected 757.12)
[0m[1;31m[HW]     Received Time doesn't correspond to the time we think it is (frame mismatch, 764.18 , expected 757.18)
[0m[93m[HW]     TTI processing delay detected, skipping  764.19 =>  772. 5
[0m[1;31m[HW]     Received Time doesn't correspond to the time we think it is (slot mismatch, received 772.5, expected 764.19)
[0m[1;31m[HW]     Received Time doesn't correspond to the time we think it is (frame mismatch, 772.5 , expected 764.5)
[0m[93m[HW]     TTI processing delay detected, skipping  772. 7 =>  779.12
[0m[1;31m[HW]     Received Time doesn't correspond to the time we think it is (slot mismatch, received 779.12, expected 772.7)
[0m[1;31m[HW]     Received Time doesn't correspond to the time we think it is (frame mismatch, 779.12 , expected 772.12)
[0m[93m[HW]     TTI processing delay detected, skipping  779.13 =>  786.19
[0m[93m[HW]     we get rach data from ru, but it is not scheduled 786.19
[0m[1;31m[HW]     Received Time doesn't correspond to the time we think it is (slot mismatch, received 786.19, expected 779.13)
[0m[1;31m[HW]     Received Time doesn't correspond to the time we think it is (frame mismatch, 786.19 , expected 779.19)
[0m[93m[HW]     TTI processing delay detected, skipping  787. 0 =>  794. 6
[0m[1;31m[HW]     Received Time doesn't correspond to the time we think it is (slot mismatch, received 794.6, expected 787.0)
[0m[1;31m[HW]     Received Time doesn't correspond to the time we think it is (frame mismatch, 794.6 , expected 787.6)
[0m[93m[HW]     TTI processing delay detected, skipping  794. 7 =>  801.13
[0m[1;31m[HW]     Received Time doesn't correspond to the time we think it is (slot mismatch, received 801.13, expected 794.7)
[0m[1;31m[HW]     Received Time doesn't correspond to the time we think it is (frame mismatch, 801.13 , expected 794.13)
[0m[93m[HW]     TTI processing delay detected, skipping  801.14 =>  809. 0
[0m[1;31m[HW]     Received Time doesn't correspond to the time we think it is (slot mismatch, received 809.0, expected 801.14)
[0m[1;31m[HW]     Received Time doesn't correspond to the time we think it is (frame mismatch, 809.0 , expected 801.0)
[0m[93m[HW]     TTI processing delay detected, skipping  809. 2 =>  816. 7
[0m[1;31m[HW]     Received Time doesn't correspond to the time we think it is (slot mismatch, received 816.7, expected 809.2)
[0m[1;31m[HW]     Received Time doesn't correspond to the time we think it is (frame mismatch, 816.7 , expected 809.7)
[0m[93m[HW]     TTI processing delay detected, skipping  816. 8 =>  823.14
[0m[1;31m[HW]     Received Time doesn't correspond to the time we think it is (slot mismatch, received 823.14, expected 816.8)
[0m[1;31m[HW]     Received Time doesn't correspond to the time we think it is (frame mismatch, 823.14 , expected 816.14)
[0m[93m[HW]     TTI processing delay detected, skipping  823.15 =>  831. 1
[0m[1;31m[HW]     Received Time doesn't correspond to the time we think it is (slot mismatch, received 831.1, expected 823.15)
[0m[1;31m[HW]     Received Time doesn't correspond to the time we think it is (frame mismatch, 831.1 , expected 823.1)
[0m[93m[HW]     TTI processing delay detected, skipping  831. 2 =>  838. 8
[0m[1;31m[HW]     Received Time doesn't correspond to the time we think it is (slot mismatch, received 838.8, expected 831.2)
[0m[1;31m[HW]     Received Time doesn't correspond to the time we think it is (frame mismatch, 838.8 , expected 831.8)
[0m[93m[HW]     TTI processing delay detected, skipping  838. 9 =>  845.15
[0m[1;31m[HW]     Received Time doesn't correspond to the time we think it is (slot mismatch, received 845.15, expected 838.9)
[0m[1;31m[HW]     Received Time doesn't correspond to the time we think it is (frame mismatch, 845.15 , expected 838.15)
[0m[93m[HW]     TTI processing delay detected, skipping  845.17 =>  853. 2
[0m[1;31m[HW]     Received Time doesn't correspond to the time we think it is (slot mismatch, received 853.2, expected 845.17)
[0m[1;31m[HW]     Received Time doesn't correspond to the time we think it is (frame mismatch, 853.2 , expected 845.2)
[0m[93m[HW]     TTI processing delay detected, skipping  853. 3 =>  860. 9
[0m[1;31m[HW]     Received Time doesn't correspond to the time we think it is (slot mismatch, received 860.9, expected 853.3)
[0m[1;31m[HW]     Received Time doesn't correspond to the time we think it is (frame mismatch, 860.9 , expected 853.9)
[0m[93m[HW]     TTI processing delay detected, skipping  860.10 =>  867.16
[0m[1;31m[HW]     Received Time doesn't correspond to the time we think it is (slot mismatch, received 867.16, expected 860.10)
[0m[1;31m[HW]     Received Time doesn't correspond to the time we think it is (frame mismatch, 867.16 , expected 860.16)
[0m[93m[HW]     TTI processing delay detected, skipping  867.17 =>  875. 3
[0m[1;31m[HW]     Received Time doesn't correspond to the time we think it is (slot mismatch, received 875.3, expected 867.17)
[0m[1;31m[HW]     Received Time doesn't correspond to the time we think it is (frame mismatch, 875.3 , expected 867.3)
[0m[93m[HW]     TTI processing delay detected, skipping  875. 4 =>  882.10
[0m[1;31m[HW]     Received Time doesn't correspond to the time we think it is (slot mismatch, received 882.10, expected 875.4)
[0m[1;31m[HW]     Received Time doesn't correspond to the time we think it is (frame mismatch, 882.10 , expected 875.10)
[0m[93m[HW]     TTI processing delay detected, skipping  882.12 =>  889.17
[0m[1;31m[HW]     Received Time doesn't correspond to the time we think it is (slot mismatch, received 889.17, expected 882.12)
[0m[1;31m[HW]     Received Time doesn't correspond to the time we think it is (frame mismatch, 889.17 , expected 882.17)
[0m[93m[HW]     TTI processing delay detected, skipping  889.18 =>  897. 4
[0m[1;31m[HW]     Received Time doesn't correspond to the time we think it is (slot mismatch, received 897.4, expected 889.18)
[0m[1;31m[HW]     Received Time doesn't correspond to the time we think it is (frame mismatch, 897.4 , expected 889.4)
[0m[93m[HW]     TTI processing delay detected, skipping  897. 5 =>  904.11
[0m[1;31m[HW]     Received Time doesn't correspond to the time we think it is (slot mismatch, received 904.11, expected 897.5)
[0m[1;31m[HW]     Received Time doesn't correspond to the time we think it is (frame mismatch, 904.11 , expected 897.11)
[0m[93m[HW]     TTI processing delay detected, skipping  904.12 =>  911.18
[0m[1;31m[HW]     Received Time doesn't correspond to the time we think it is (slot mismatch, received 911.18, expected 904.12)
[0m[1;31m[HW]     Received Time doesn't correspond to the time we think it is (frame mismatch, 911.18 , expected 904.18)
[0m[93m[HW]     TTI processing delay detected, skipping  911.19 =>  919. 5
[0m[1;31m[HW]     Received Time doesn't correspond to the time we think it is (slot mismatch, received 919.5, expected 911.19)
[0m[1;31m[HW]     Received Time doesn't correspond to the time we think it is (frame mismatch, 919.5 , expected 911.5)
[0m[93m[HW]     TTI processing delay detected, skipping  919. 7 =>  926.12
[0m[1;31m[HW]     Received Time doesn't correspond to the time we think it is (slot mismatch, received 926.12, expected 919.7)
[0m[1;31m[HW]     Received Time doesn't correspond to the time we think it is (frame mismatch, 926.12 , expected 919.12)
[0m[93m[HW]     TTI processing delay detected, skipping  926.13 =>  933.19
[0m[93m[HW]     we get rach data from ru, but it is not scheduled 933.19
[0m[1;31m[HW]     Received Time doesn't correspond to the time we think it is (slot mismatch, received 933.19, expected 926.13)
[0m[1;31m[HW]     Received Time doesn't correspond to the time we think it is (frame mismatch, 933.19 , expected 926.19)
[0m[93m[HW]     TTI processing delay detected, skipping  934. 0 =>  941. 6
[0m[1;31m[HW]     Received Time doesn't correspond to the time we think it is (slot mismatch, received 941.6, expected 934.0)
[0m[1;31m[HW]     Received Time doesn't correspond to the time we think it is (frame mismatch, 941.6 , expected 934.6)
[0m[93m[HW]     TTI processing delay detected, skipping  941. 7 =>  948.13
[0m[1;31m[HW]     Received Time doesn't correspond to the time we think it is (slot mismatch, received 948.13, expected 941.7)
[0m[1;31m[HW]     Received Time doesn't correspond to the time we think it is (frame mismatch, 948.13 , expected 941.13)
[0m[93m[HW]     TTI processing delay detected, skipping  948.14 =>  956. 0
[0m[1;31m[HW]     Received Time doesn't correspond to the time we think it is (slot mismatch, received 956.0, expected 948.14)
[0m[1;31m[HW]     Received Time doesn't correspond to the time we think it is (frame mismatch, 956.0 , expected 948.0)
[0m[93m[HW]     TTI processing delay detected, skipping  956. 2 =>  963. 7
[0m[1;31m[HW]     Received Time doesn't correspond to the time we think it is (slot mismatch, received 963.7, expected 956.2)
[0m[1;31m[HW]     Received Time doesn't correspond to the time we think it is (frame mismatch, 963.7 , expected 956.7)
[0m[93m[HW]     TTI processing delay detected, skipping  963. 8 =>  970.14
[0m[1;31m[HW]     Received Time doesn't correspond to the time we think it is (slot mismatch, received 970.14, expected 963.8)
[0m[1;31m[HW]     Received Time doesn't correspond to the time we think it is (frame mismatch, 970.14 , expected 963.14)
[0m[93m[HW]     TTI processing delay detected, skipping  970.15 =>  978. 1
[0m[1;31m[HW]     Received Time doesn't correspond to the time we think it is (slot mismatch, received 978.1, expected 970.15)
[0m[1;31m[HW]     Received Time doesn't correspond to the time we think it is (frame mismatch, 978.1 , expected 970.1)
[0m[93m[HW]     TTI processing delay detected, skipping  978. 2 =>  985. 8
[0m[1;31m[HW]     Received Time doesn't correspond to the time we think it is (slot mismatch, received 985.8, expected 978.2)
[0m[1;31m[HW]     Received Time doesn't correspond to the time we think it is (frame mismatch, 985.8 , expected 978.8)
[0m[93m[HW]     TTI processing delay detected, skipping  985. 9 =>  992.15
[0m[1;31m[HW]     Received Time doesn't correspond to the time we think it is (slot mismatch, received 992.15, expected 985.9)
[0m[1;31m[HW]     Received Time doesn't correspond to the time we think it is (frame mismatch, 992.15 , expected 985.15)
[0m[93m[HW]     TTI processing delay detected, skipping  992.17 => 1000. 2
[0m[1;31m[HW]     Received Time doesn't correspond to the time we think it is (slot mismatch, received 1000.2, expected 992.17)
[0m[1;31m[HW]     Received Time doesn't correspond to the time we think it is (frame mismatch, 1000.2 , expected 992.2)
[0m[93m[HW]     TTI processing delay detected, skipping 1000. 3 => 1007. 9
[0m[1;31m[HW]     Received Time doesn't correspond to the time we think it is (slot mismatch, received 1007.9, expected 1000.3)
[0m[1;31m[HW]     Received Time doesn't correspond to the time we think it is (frame mismatch, 1007.9 , expected 1000.9)
[0m[93m[HW]     TTI processing delay detected, skipping 1007.10 => 1014.16
[0m[1;31m[HW]     Received Time doesn't correspond to the time we think it is (slot mismatch, received 1014.16, expected 1007.10)
[0m[1;31m[HW]     Received Time doesn't correspond to the time we think it is (frame mismatch, 1014.16 , expected 1007.16)
[0m[93m[HW]     TTI processing delay detected, skipping 1014.17 => 1022. 3
[0m[1;31m[HW]     Received Time doesn't correspond to the time we think it is (slot mismatch, received 1022.3, expected 1014.17)
[0m[1;31m[HW]     Received Time doesn't correspond to the time we think it is (frame mismatch, 1022.3 , expected 1014.3)
[0m[93m[HW]     TTI processing delay detected, skipping 1022. 4 =>    5.10
[0m[1;31m[HW]     Received Time doesn't correspond to the time we think it is (slot mismatch, received 5.10, expected 1022.4)
[0m[1;31m[HW]     Received Time doesn't correspond to the time we think it is (frame mismatch, 5.10 , expected 1022.10)
[0m[93m[HW]     TTI processing delay detected, skipping    5.12 =>   12.17
[0m[1;31m[HW]     Received Time doesn't correspond to the time we think it is (slot mismatch, received 12.17, expected 5.12)
[0m[1;31m[HW]     Received Time doesn't correspond to the time we think it is (frame mismatch, 12.17 , expected 5.17)
[0m[93m[HW]     TTI processing delay detected, skipping   12.18 =>   20. 4
[0m[1;31m[HW]     Received Time doesn't correspond to the time we think it is (slot mismatch, received 20.4, expected 12.18)
[0m[1;31m[HW]     Received Time doesn't correspond to the time we think it is (frame mismatch, 20.4 , expected 12.4)
[0m[93m[HW]     TTI processing delay detected, skipping   20. 5 =>   27.11
[0m[1;31m[HW]     Received Time doesn't correspond to the time we think it is (slot mismatch, received 27.11, expected 20.5)
[0m[1;31m[HW]     Received Time doesn't correspond to the time we think it is (frame mismatch, 27.11 , expected 20.11)
[0m[93m[HW]     TTI processing delay detected, skipping   27.12 =>   34.18
[0m[1;31m[HW]     Received Time doesn't correspond to the time we think it is (slot mismatch, received 34.18, expected 27.12)
[0m[1;31m[HW]     Received Time doesn't correspond to the time we think it is (frame mismatch, 34.18 , expected 27.18)
[0m[93m[HW]     TTI processing delay detected, skipping   34.19 =>   42. 5
[0m[1;31m[HW]     Received Time doesn't correspond to the time we think it is (slot mismatch, received 42.5, expected 34.19)
[0m[1;31m[HW]     Received Time doesn't correspond to the time we think it is (frame mismatch, 42.5 , expected 34.5)
[0m[93m[HW]     TTI processing delay detected, skipping   42. 7 =>   49.12
[0m[1;31m[HW]     Received Time doesn't correspond to the time we think it is (slot mismatch, received 49.12, expected 42.7)
[0m[1;31m[HW]     Received Time doesn't correspond to the time we think it is (frame mismatch, 49.12 , expected 42.12)
[0m[93m[HW]     TTI processing delay detected, skipping   49.13 =>   56.19
[0m[93m[HW]     we get rach data from ru, but it is not scheduled 56.19
[0m[1;31m[HW]     Received Time doesn't correspond to the time we think it is (slot mismatch, received 56.19, expected 49.13)
[0m[1;31m[HW]     Received Time doesn't correspond to the time we think it is (frame mismatch, 56.19 , expected 49.19)
[0m[93m[HW]     TTI processing delay detected, skipping   57. 0 =>   64. 6
[0m[1;31m[HW]     Received Time doesn't correspond to the time we think it is (slot mismatch, received 64.6, expected 57.0)
[0m[1;31m[HW]     Received Time doesn't correspond to the time we think it is (frame mismatch, 64.6 , expected 57.6)
[0m[93m[HW]     TTI processing delay detected, skipping   64. 7 =>   71.13
[0m[1;31m[HW]     Received Time doesn't correspond to the time we think it is (slot mismatch, received 71.13, expected 64.7)
[0m[1;31m[HW]     Received Time doesn't correspond to the time we think it is (frame mismatch, 71.13 , expected 64.13)
[0m[93m[HW]     TTI processing delay detected, skipping   71.14 =>   79. 0
[0m[1;31m[HW]     Received Time doesn't correspond to the time we think it is (slot mismatch, received 79.0, expected 71.14)
[0m[1;31m[HW]     Received Time doesn't correspond to the time we think it is (frame mismatch, 79.0 , expected 71.0)
[0m[93m[HW]     TTI processing delay detected, skipping   79. 2 =>   86. 7
[0m[1;31m[HW]     Received Time doesn't correspond to the time we think it is (slot mismatch, received 86.7, expected 79.2)
[0m[1;31m[HW]     Received Time doesn't correspond to the time we think it is (frame mismatch, 86.7 , expected 79.7)
[0m[93m[HW]     TTI processing delay detected, skipping   86. 8 =>   93.14
[0m[1;31m[HW]     Received Time doesn't correspond to the time we think it is (slot mismatch, received 93.14, expected 86.8)
[0m[1;31m[HW]     Received Time doesn't correspond to the time we think it is (frame mismatch, 93.14 , expected 86.14)
[0m[93m[HW]     TTI processing delay detected, skipping   93.15 =>  101. 1
[0m[1;31m[HW]     Received Time doesn't correspond to the time we think it is (slot mismatch, received 101.1, expected 93.15)
[0m[1;31m[HW]     Received Time doesn't correspond to the time we think it is (frame mismatch, 101.1 , expected 93.1)
[0m[93m[HW]     TTI processing delay detected, skipping  101. 2 =>  108. 8
[0m[1;31m[HW]     Received Time doesn't correspond to the time we think it is (slot mismatch, received 108.8, expected 101.2)
[0m[1;31m[HW]     Received Time doesn't correspond to the time we think it is (frame mismatch, 108.8 , expected 101.8)
[0m[93m[HW]     TTI processing delay detected, skipping  108. 9 =>  115.15
[0m[1;31m[HW]     Received Time doesn't correspond to the time we think it is (slot mismatch, received 115.15, expected 108.9)
[0m[1;31m[HW]     Received Time doesn't correspond to the time we think it is (frame mismatch, 115.15 , expected 108.15)
[0m[93m[HW]     TTI processing delay detected, skipping  115.17 =>  123. 2
[0m[1;31m[HW]     Received Time doesn't correspond to the time we think it is (slot mismatch, received 123.2, expected 115.17)
[0m[1;31m[HW]     Received Time doesn't correspond to the time we think it is (frame mismatch, 123.2 , expected 115.2)
[0m[93m[HW]     TTI processing delay detected, skipping  123. 3 =>  130. 9
[0m[1;31m[HW]     Received Time doesn't correspond to the time we think it is (slot mismatch, received 130.9, expected 123.3)
[0m[1;31m[HW]     Received Time doesn't correspond to the time we think it is (frame mismatch, 130.9 , expected 123.9)
[0m[93m[HW]     TTI processing delay detected, skipping  130.10 =>  137.16
[0m[1;31m[HW]     Received Time doesn't correspond to the time we think it is (slot mismatch, received 137.16, expected 130.10)
[0m[1;31m[HW]     Received Time doesn't correspond to the time we think it is (frame mismatch, 137.16 , expected 130.16)
[0m[93m[HW]     TTI processing delay detected, skipping  137.17 =>  145. 3
[0m[1;31m[HW]     Received Time doesn't correspond to the time we think it is (slot mismatch, received 145.3, expected 137.17)
[0m[1;31m[HW]     Received Time doesn't correspond to the time we think it is (frame mismatch, 145.3 , expected 137.3)
[0m[93m[HW]     TTI processing delay detected, skipping  145. 4 =>  152.10
[0m[1;31m[HW]     Received Time doesn't correspond to the time we think it is (slot mismatch, received 152.10, expected 145.4)
[0m[1;31m[HW]     Received Time doesn't correspond to the time we think it is (frame mismatch, 152.10 , expected 145.10)
[0m[93m[HW]     TTI processing delay detected, skipping  152.12 =>  159.17
[0m[1;31m[HW]     Received Time doesn't correspond to the time we think it is (slot mismatch, received 159.17, expected 152.12)
[0m[1;31m[HW]     Received Time doesn't correspond to the time we think it is (frame mismatch, 159.17 , expected 152.17)
[0m[93m[HW]     TTI processing delay detected, skipping  159.18 =>  167. 4
[0m[1;31m[HW]     Received Time doesn't correspond to the time we think it is (slot mismatch, received 167.4, expected 159.18)
[0m[1;31m[HW]     Received Time doesn't correspond to the time we think it is (frame mismatch, 167.4 , expected 159.4)
[0m[93m[HW]     TTI processing delay detected, skipping  167. 5 =>  174.11
[0m[1;31m[HW]     Received Time doesn't correspond to the time we think it is (slot mismatch, received 174.11, expected 167.5)
[0m[1;31m[HW]     Received Time doesn't correspond to the time we think it is (frame mismatch, 174.11 , expected 167.11)
[0m[93m[HW]     TTI processing delay detected, skipping  174.12 =>  181.18
[0m[1;31m[HW]     Received Time doesn't correspond to the time we think it is (slot mismatch, received 181.18, expected 174.12)
[0m[1;31m[HW]     Received Time doesn't correspond to the time we think it is (frame mismatch, 181.18 , expected 174.18)
[0m[93m[HW]     TTI processing delay detected, skipping  181.19 =>  189. 5
[0m[1;31m[HW]     Received Time doesn't correspond to the time we think it is (slot mismatch, received 189.5, expected 181.19)
[0m[1;31m[HW]     Received Time doesn't correspond to the time we think it is (frame mismatch, 189.5 , expected 181.5)
[0m[93m[HW]     TTI processing delay detected, skipping  189. 7 =>  196.12
[0m[1;31m[HW]     Received Time doesn't correspond to the time we think it is (slot mismatch, received 196.12, expected 189.7)
[0m[1;31m[HW]     Received Time doesn't correspond to the time we think it is (frame mismatch, 196.12 , expected 189.12)
[0m[93m[HW]     TTI processing delay detected, skipping  196.13 =>  203.19
[0m[93m[HW]     we get rach data from ru, but it is not scheduled 203.19
[0m[1;31m[HW]     Received Time doesn't correspond to the time we think it is (slot mismatch, received 203.19, expected 196.13)
[0m[1;31m[HW]     Received Time doesn't correspond to the time we think it is (frame mismatch, 203.19 , expected 196.19)
[0m[93m[HW]     TTI processing delay detected, skipping  204. 0 =>  211. 6
[0m[1;31m[HW]     Received Time doesn't correspond to the time we think it is (slot mismatch, received 211.6, expected 204.0)
[0m[1;31m[HW]     Received Time doesn't correspond to the time we think it is (frame mismatch, 211.6 , expected 204.6)
[0m[93m[HW]     TTI processing delay detected, skipping  211. 7 =>  218.13
[0m[1;31m[HW]     Received Time doesn't correspond to the time we think it is (slot mismatch, received 218.13, expected 211.7)
[0m[1;31m[HW]     Received Time doesn't correspond to the time we think it is (frame mismatch, 218.13 , expected 211.13)
[0m[93m[HW]     TTI processing delay detected, skipping  218.14 =>  226. 0
[0m[1;31m[HW]     Received Time doesn't correspond to the time we think it is (slot mismatch, received 226.0, expected 218.14)
[0m[1;31m[HW]     Received Time doesn't correspond to the time we think it is (frame mismatch, 226.0 , expected 218.0)
[0m[93m[HW]     TTI processing delay detected, skipping  226. 2 =>  233. 7
[0m[1;31m[HW]     Received Time doesn't correspond to the time we think it is (slot mismatch, received 233.7, expected 226.2)
[0m[1;31m[HW]     Received Time doesn't correspond to the time we think it is (frame mismatch, 233.7 , expected 226.7)
[0m[93m[HW]     TTI processing delay detected, skipping  233. 8 =>  240.14
[0m[1;31m[HW]     Received Time doesn't correspond to the time we think it is (slot mismatch, received 240.14, expected 233.8)
[0m[1;31m[HW]     Received Time doesn't correspond to the time we think it is (frame mismatch, 240.14 , expected 233.14)
[0m[93m[HW]     TTI processing delay detected, skipping  240.15 =>  248. 1
[0m[1;31m[HW]     Received Time doesn't correspond to the time we think it is (slot mismatch, received 248.1, expected 240.15)
[0m[1;31m[HW]     Received Time doesn't correspond to the time we think it is (frame mismatch, 248.1 , expected 240.1)
[0m[93m[HW]     TTI processing delay detected, skipping  248. 2 =>  255. 8
[0m[1;31m[HW]     Received Time doesn't correspond to the time we think it is (slot mismatch, received 255.8, expected 248.2)
[0m[1;31m[HW]     Received Time doesn't correspond to the time we think it is (frame mismatch, 255.8 , expected 248.8)
[0m[93m[HW]     TTI processing delay detected, skipping  255. 9 =>  262.15
[0m[1;31m[HW]     Received Time doesn't correspond to the time we think it is (slot mismatch, received 262.15, expected 255.9)
[0m[1;31m[HW]     Received Time doesn't correspond to the time we think it is (frame mismatch, 262.15 , expected 255.15)
[0m[93m[HW]     TTI processing delay detected, skipping  262.17 =>  270. 2
[0m[1;31m[HW]     Received Time doesn't correspond to the time we think it is (slot mismatch, received 270.2, expected 262.17)
[0m[1;31m[HW]     Received Time doesn't correspond to the time we think it is (frame mismatch, 270.2 , expected 262.2)
[0m[93m[HW]     TTI processing delay detected, skipping  270. 3 =>  277. 9
[0m[1;31m[HW]     Received Time doesn't correspond to the time we think it is (slot mismatch, received 277.9, expected 270.3)
[0m[1;31m[HW]     Received Time doesn't correspond to the time we think it is (frame mismatch, 277.9 , expected 270.9)
[0m[93m[HW]     TTI processing delay detected, skipping  277.10 =>  284.16
[0m[93m[PHY]    no free space for a new detected rach, discarding
[0m[93m[NR_PHY_RACH] Error in scheduling rach
[0m[1;31m[HW]     Received Time doesn't correspond to the time we think it is (slot mismatch, received 284.16, expected 277.10)
[0m[1;31m[HW]     Received Time doesn't correspond to the time we think it is (frame mismatch, 284.16 , expected 277.16)
[0m[93m[HW]     TTI processing delay detected, skipping  284.17 =>  292. 3
[0m[1;31m[HW]     Received Time doesn't correspond to the time we think it is (slot mismatch, received 292.3, expected 284.17)
[0m[1;31m[HW]     Received Time doesn't correspond to the time we think it is (frame mismatch, 292.3 , expected 284.3)
[0m[93m[HW]     TTI processing delay detected, skipping  292. 4 =>  299.10
[0m[1;31m[HW]     Received Time doesn't correspond to the time we think it is (slot mismatch, received 299.10, expected 292.4)
[0m[1;31m[HW]     Received Time doesn't correspond to the time we think it is (frame mismatch, 299.10 , expected 292.10)
[0m[93m[HW]     TTI processing delay detected, skipping  299.12 =>  306.17
[0m[1;31m[HW]     Received Time doesn't correspond to the time we think it is (slot mismatch, received 306.17, expected 299.12)
[0m[1;31m[HW]     Received Time doesn't correspond to the time we think it is (frame mismatch, 306.17 , expected 299.17)
[0m[93m[HW]     TTI processing delay detected, skipping  306.18 =>  314. 4
[0m[1;31m[HW]     Received Time doesn't correspond to the time we think it is (slot mismatch, received 314.4, expected 306.18)
[0m[1;31m[HW]     Received Time doesn't correspond to the time we think it is (frame mismatch, 314.4 , expected 306.4)
[0m[93m[HW]     TTI processing delay detected, skipping  314. 5 =>  321.11
[0m[1;31m[HW]     Received Time doesn't correspond to the time we think it is (slot mismatch, received 321.11, expected 314.5)
[0m[1;31m[HW]     Received Time doesn't correspond to the time we think it is (frame mismatch, 321.11 , expected 314.11)
[0m[93m[HW]     TTI processing delay detected, skipping  321.12 =>  328.18
[0m[1;31m[HW]     Received Time doesn't correspond to the time we think it is (slot mismatch, received 328.18, expected 321.12)
[0m[1;31m[HW]     Received Time doesn't correspond to the time we think it is (frame mismatch, 328.18 , expected 321.18)
[0m[93m[HW]     TTI processing delay detected, skipping  328.19 =>  336. 5
[0m[1;31m[HW]     Received Time doesn't correspond to the time we think it is (slot mismatch, received 336.5, expected 328.19)
[0m[1;31m[HW]     Received Time doesn't correspond to the time we think it is (frame mismatch, 336.5 , expected 328.5)
[0m[93m[HW]     TTI processing delay detected, skipping  336. 7 =>  343.12
[0m[1;31m[HW]     Received Time doesn't correspond to the time we think it is (slot mismatch, received 343.12, expected 336.7)
[0m[1;31m[HW]     Received Time doesn't correspond to the time we think it is (frame mismatch, 343.12 , expected 336.12)
[0m[93m[HW]     TTI processing delay detected, skipping  343.13 =>  350.19
[0m[93m[HW]     we get rach data from ru, but it is not scheduled 350.19
[0m[1;31m[HW]     Received Time doesn't correspond to the time we think it is (slot mismatch, received 350.19, expected 343.13)
[0m[1;31m[HW]     Received Time doesn't correspond to the time we think it is (frame mismatch, 350.19 , expected 343.19)
[0m[93m[HW]     TTI processing delay detected, skipping  351. 0 =>  358. 6
[0m[1;31m[HW]     Received Time doesn't correspond to the time we think it is (slot mismatch, received 358.6, expected 351.0)
[0m[1;31m[HW]     Received Time doesn't correspond to the time we think it is (frame mismatch, 358.6 , expected 351.6)
[0m[93m[HW]     TTI processing delay detected, skipping  358. 7 =>  365.13
[0m[1;31m[HW]     Received Time doesn't correspond to the time we think it is (slot mismatch, received 365.13, expected 358.7)
[0m[1;31m[HW]     Received Time doesn't correspond to the time we think it is (frame mismatch, 365.13 , expected 358.13)
[0m[93m[HW]     TTI processing delay detected, skipping  365.14 =>  373. 0
[0m[1;31m[HW]     Received Time doesn't correspond to the time we think it is (slot mismatch, received 373.0, expected 365.14)
[0m[1;31m[HW]     Received Time doesn't correspond to the time we think it is (frame mismatch, 373.0 , expected 365.0)
[0m[93m[HW]     TTI processing delay detected, skipping  373. 2 =>  380. 7
[0m[1;31m[HW]     Received Time doesn't correspond to the time we think it is (slot mismatch, received 380.7, expected 373.2)
[0m[1;31m[HW]     Received Time doesn't correspond to the time we think it is (frame mismatch, 380.7 , expected 373.7)
[0m[93m[HW]     TTI processing delay detected, skipping  380. 8 =>  387.14
[0m[1;31m[HW]     Received Time doesn't correspond to the time we think it is (slot mismatch, received 387.14, expected 380.8)
[0m[1;31m[HW]     Received Time doesn't correspond to the time we think it is (frame mismatch, 387.14 , expected 380.14)
[0m[93m[HW]     TTI processing delay detected, skipping  387.15 =>  395. 1
[0m[1;31m[HW]     Received Time doesn't correspond to the time we think it is (slot mismatch, received 395.1, expected 387.15)
[0m[1;31m[HW]     Received Time doesn't correspond to the time we think it is (frame mismatch, 395.1 , expected 387.1)
[0m[93m[HW]     TTI processing delay detected, skipping  395. 2 =>  402. 8
[0m[1;31m[HW]     Received Time doesn't correspond to the time we think it is (slot mismatch, received 402.8, expected 395.2)
[0m[1;31m[HW]     Received Time doesn't correspond to the time we think it is (frame mismatch, 402.8 , expected 395.8)
[0m[93m[HW]     TTI processing delay detected, skipping  402. 9 =>  409.15
[0m[1;31m[HW]     Received Time doesn't correspond to the time we think it is (slot mismatch, received 409.15, expected 402.9)
[0m[1;31m[HW]     Received Time doesn't correspond to the time we think it is (frame mismatch, 409.15 , expected 402.15)
[0m[93m[HW]     TTI processing delay detected, skipping  409.17 =>  417. 2
[0m[1;31m[HW]     Received Time doesn't correspond to the time we think it is (slot mismatch, received 417.2, expected 409.17)
[0m[1;31m[HW]     Received Time doesn't correspond to the time we think it is (frame mismatch, 417.2 , expected 409.2)
[0m[93m[HW]     TTI processing delay detected, skipping  417. 3 =>  424. 9
[0m[1;31m[HW]     Received Time doesn't correspond to the time we think it is (slot mismatch, received 424.9, expected 417.3)
[0m[1;31m[HW]     Received Time doesn't correspond to the time we think it is (frame mismatch, 424.9 , expected 417.9)
[0m[93m[HW]     TTI processing delay detected, skipping  424.10 =>  431.16
[0m[93m[PHY]    no free space for a new detected rach, discarding
[0m[93m[NR_PHY_RACH] Error in scheduling rach
[0m[1;31m[HW]     Received Time doesn't correspond to the time we think it is (slot mismatch, received 431.16, expected 424.10)
[0m[1;31m[HW]     Received Time doesn't correspond to the time we think it is (frame mismatch, 431.16 , expected 424.16)
[0m[93m[HW]     TTI processing delay detected, skipping  431.17 =>  439. 3
[0m[1;31m[HW]     Received Time doesn't correspond to the time we think it is (slot mismatch, received 439.3, expected 431.17)
[0m[1;31m[HW]     Received Time doesn't correspond to the time we think it is (frame mismatch, 439.3 , expected 431.3)
[0m[93m[HW]     TTI processing delay detected, skipping  439. 4 =>  446.10
[0m[1;31m[HW]     Received Time doesn't correspond to the time we think it is (slot mismatch, received 446.10, expected 439.4)
[0m[1;31m[HW]     Received Time doesn't correspond to the time we think it is (frame mismatch, 446.10 , expected 439.10)
[0m[93m[HW]     TTI processing delay detected, skipping  446.12 =>  453.17
[0m[1;31m[HW]     Received Time doesn't correspond to the time we think it is (slot mismatch, received 453.17, expected 446.12)
[0m[1;31m[HW]     Received Time doesn't correspond to the time we think it is (frame mismatch, 453.17 , expected 446.17)
[0m[93m[HW]     TTI processing delay detected, skipping  453.18 =>  461. 4
[0m[1;31m[HW]     Received Time doesn't correspond to the time we think it is (slot mismatch, received 461.4, expected 453.18)
[0m[1;31m[HW]     Received Time doesn't correspond to the time we think it is (frame mismatch, 461.4 , expected 453.4)
[0m[93m[HW]     TTI processing delay detected, skipping  461. 5 =>  468.11
[0m[1;31m[HW]     Received Time doesn't correspond to the time we think it is (slot mismatch, received 468.11, expected 461.5)
[0m[1;31m[HW]     Received Time doesn't correspond to the time we think it is (frame mismatch, 468.11 , expected 461.11)
[0m[93m[HW]     TTI processing delay detected, skipping  468.12 =>  475.18
[0m[1;31m[HW]     Received Time doesn't correspond to the time we think it is (slot mismatch, received 475.18, expected 468.12)
[0m[1;31m[HW]     Received Time doesn't correspond to the time we think it is (frame mismatch, 475.18 , expected 468.18)
[0m[93m[HW]     TTI processing delay detected, skipping  475.19 =>  483. 5
[0m[1;31m[HW]     Received Time doesn't correspond to the time we think it is (slot mismatch, received 483.5, expected 475.19)
[0m[1;31m[HW]     Received Time doesn't correspond to the time we think it is (frame mismatch, 483.5 , expected 475.5)
[0m[93m[HW]     TTI processing delay detected, skipping  483. 7 =>  490.12
[0m[1;31m[HW]     Received Time doesn't correspond to the time we think it is (slot mismatch, received 490.12, expected 483.7)
[0m[1;31m[HW]     Received Time doesn't correspond to the time we think it is (frame mismatch, 490.12 , expected 483.12)
[0m[93m[HW]     TTI processing delay detected, skipping  490.13 =>  497.19
[0m[93m[HW]     we get rach data from ru, but it is not scheduled 497.19
[0m[1;31m[HW]     Received Time doesn't correspond to the time we think it is (slot mismatch, received 497.19, expected 490.13)
[0m[1;31m[HW]     Received Time doesn't correspond to the time we think it is (frame mismatch, 497.19 , expected 490.19)
[0m[93m[HW]     TTI processing delay detected, skipping  498. 0 =>  505. 6
[0m[1;31m[HW]     Received Time doesn't correspond to the time we think it is (slot mismatch, received 505.6, expected 498.0)
[0m[1;31m[HW]     Received Time doesn't correspond to the time we think it is (frame mismatch, 505.6 , expected 498.6)
[0m[93m[HW]     TTI processing delay detected, skipping  505. 7 =>  512.13
[0m[1;31m[HW]     Received Time doesn't correspond to the time we think it is (slot mismatch, received 512.13, expected 505.7)
[0m[1;31m[HW]     Received Time doesn't correspond to the time we think it is (frame mismatch, 512.13 , expected 505.13)
[0m[93m[HW]     TTI processing delay detected, skipping  512.14 =>  520. 0
[0m[1;31m[HW]     Received Time doesn't correspond to the time we think it is (slot mismatch, received 520.0, expected 512.14)
[0m[1;31m[HW]     Received Time doesn't correspond to the time we think it is (frame mismatch, 520.0 , expected 512.0)
[0m[93m[HW]     TTI processing delay detected, skipping  520. 2 =>  527. 7
[0m[1;31m[HW]     Received Time doesn't correspond to the time we think it is (slot mismatch, received 527.7, expected 520.2)
[0m[1;31m[HW]     Received Time doesn't correspond to the time we think it is (frame mismatch, 527.7 , expected 520.7)
[0m[93m[HW]     TTI processing delay detected, skipping  527. 8 =>  534.14
[0m[1;31m[HW]     Received Time doesn't correspond to the time we think it is (slot mismatch, received 534.14, expected 527.8)
[0m[1;31m[HW]     Received Time doesn't correspond to the time we think it is (frame mismatch, 534.14 , expected 527.14)
[0m[93m[HW]     TTI processing delay detected, skipping  534.15 =>  542. 1
[0m[1;31m[HW]     Received Time doesn't correspond to the time we think it is (slot mismatch, received 542.1, expected 534.15)
[0m[1;31m[HW]     Received Time doesn't correspond to the time we think it is (frame mismatch, 542.1 , expected 534.1)
[0m[93m[HW]     TTI processing delay detected, skipping  542. 2 =>  549. 8
[0m[1;31m[HW]     Received Time doesn't correspond to the time we think it is (slot mismatch, received 549.8, expected 542.2)
[0m[1;31m[HW]     Received Time doesn't correspond to the time we think it is (frame mismatch, 549.8 , expected 542.8)
[0m[93m[HW]     TTI processing delay detected, skipping  549. 9 =>  556.15
[0m[1;31m[HW]     Received Time doesn't correspond to the time we think it is (slot mismatch, received 556.15, expected 549.9)
[0m[1;31m[HW]     Received Time doesn't correspond to the time we think it is (frame mismatch, 556.15 , expected 549.15)
[0m[93m[HW]     TTI processing delay detected, skipping  556.17 =>  564. 2
[0m[1;31m[HW]     Received Time doesn't correspond to the time we think it is (slot mismatch, received 564.2, expected 556.17)
[0m[1;31m[HW]     Received Time doesn't correspond to the time we think it is (frame mismatch, 564.2 , expected 556.2)
[0m[93m[HW]     TTI processing delay detected, skipping  564. 3 =>  571. 9
[0m[1;31m[HW]     Received Time doesn't correspond to the time we think it is (slot mismatch, received 571.9, expected 564.3)
[0m[1;31m[HW]     Received Time doesn't correspond to the time we think it is (frame mismatch, 571.9 , expected 564.9)
[0m[93m[HW]     TTI processing delay detected, skipping  571.10 =>  578.16
[0m[93m[PHY]    no free space for a new detected rach, discarding
[0m[93m[NR_PHY_RACH] Error in scheduling rach
[0m[1;31m[HW]     Received Time doesn't correspond to the time we think it is (slot mismatch, received 578.16, expected 571.10)
[0m[1;31m[HW]     Received Time doesn't correspond to the time we think it is (frame mismatch, 578.16 , expected 571.16)
[0m[93m[HW]     TTI processing delay detected, skipping  578.17 =>  586. 3
[0m[1;31m[HW]     Received Time doesn't correspond to the time we think it is (slot mismatch, received 586.3, expected 578.17)
[0m[1;31m[HW]     Received Time doesn't correspond to the time we think it is (frame mismatch, 586.3 , expected 578.3)
[0m[93m[HW]     TTI processing delay detected, skipping  586. 4 =>  593.10
[0m[1;31m[HW]     Received Time doesn't correspond to the time we think it is (slot mismatch, received 593.10, expected 586.4)
[0m[1;31m[HW]     Received Time doesn't correspond to the time we think it is (frame mismatch, 593.10 , expected 586.10)
[0m[93m[HW]     TTI processing delay detected, skipping  593.12 =>  600.17
[0m[1;31m[HW]     Received Time doesn't correspond to the time we think it is (slot mismatch, received 600.17, expected 593.12)
[0m[1;31m[HW]     Received Time doesn't correspond to the time we think it is (frame mismatch, 600.17 , expected 593.17)
[0m[93m[HW]     TTI processing delay detected, skipping  600.18 =>  608. 4
[0m[1;31m[HW]     Received Time doesn't correspond to the time we think it is (slot mismatch, received 608.4, expected 600.18)
[0m[1;31m[HW]     Received Time doesn't correspond to the time we think it is (frame mismatch, 608.4 , expected 600.4)
[0m[93m[HW]     TTI processing delay detected, skipping  608. 5 =>  615.11
[0m[1;31m[HW]     Received Time doesn't correspond to the time we think it is (slot mismatch, received 615.11, expected 608.5)
[0m[1;31m[HW]     Received Time doesn't correspond to the time we think it is (frame mismatch, 615.11 , expected 608.11)
[0m[93m[HW]     TTI processing delay detected, skipping  615.12 =>  622.18
[0m[1;31m[HW]     Received Time doesn't correspond to the time we think it is (slot mismatch, received 622.18, expected 615.12)
[0m[1;31m[HW]     Received Time doesn't correspond to the time we think it is (frame mismatch, 622.18 , expected 615.18)
[0m[93m[HW]     TTI processing delay detected, skipping  622.19 =>  630. 5
[0m[1;31m[HW]     Received Time doesn't correspond to the time we think it is (slot mismatch, received 630.5, expected 622.19)
[0m[1;31m[HW]     Received Time doesn't correspond to the time we think it is (frame mismatch, 630.5 , expected 622.5)
[0m[93m[HW]     TTI processing delay detected, skipping  630. 7 =>  637.12
[0m[1;31m[HW]     Received Time doesn't correspond to the time we think it is (slot mismatch, received 637.12, expected 630.7)
[0m[1;31m[HW]     Received Time doesn't correspond to the time we think it is (frame mismatch, 637.12 , expected 630.12)
[0m[93m[HW]     TTI processing delay detected, skipping  637.13 =>  644.19
[0m[93m[HW]     we get rach data from ru, but it is not scheduled 644.19
[0m[1;31m[HW]     Received Time doesn't correspond to the time we think it is (slot mismatch, received 644.19, expected 637.13)
[0m[1;31m[HW]     Received Time doesn't correspond to the time we think it is (frame mismatch, 644.19 , expected 637.19)
[0m[93m[HW]     TTI processing delay detected, skipping  645. 0 =>  652. 6
[0m[1;31m[HW]     Received Time doesn't correspond to the time we think it is (slot mismatch, received 652.6, expected 645.0)
[0m[1;31m[HW]     Received Time doesn't correspond to the time we think it is (frame mismatch, 652.6 , expected 645.6)
[0m[93m[HW]     TTI processing delay detected, skipping  652. 7 =>  659.13
[0m[1;31m[HW]     Received Time doesn't correspond to the time we think it is (slot mismatch, received 659.13, expected 652.7)
[0m[1;31m[HW]     Received Time doesn't correspond to the time we think it is (frame mismatch, 659.13 , expected 652.13)
[0m[93m[HW]     TTI processing delay detected, skipping  659.14 =>  667. 0
[0m[1;31m[HW]     Received Time doesn't correspond to the time we think it is (slot mismatch, received 667.0, expected 659.14)
[0m[1;31m[HW]     Received Time doesn't correspond to the time we think it is (frame mismatch, 667.0 , expected 659.0)
[0m[93m[HW]     TTI processing delay detected, skipping  667. 2 =>  674. 7
[0m[1;31m[HW]     Received Time doesn't correspond to the time we think it is (slot mismatch, received 674.7, expected 667.2)
[0m[1;31m[HW]     Received Time doesn't correspond to the time we think it is (frame mismatch, 674.7 , expected 667.7)
[0m[93m[HW]     TTI processing delay detected, skipping  674. 8 =>  681.14
[0m[1;31m[HW]     Received Time doesn't correspond to the time we think it is (slot mismatch, received 681.14, expected 674.8)
[0m[1;31m[HW]     Received Time doesn't correspond to the time we think it is (frame mismatch, 681.14 , expected 674.14)
[0m[93m[HW]     TTI processing delay detected, skipping  681.15 =>  689. 1
[0m[1;31m[HW]     Received Time doesn't correspond to the time we think it is (slot mismatch, received 689.1, expected 681.15)
[0m[1;31m[HW]     Received Time doesn't correspond to the time we think it is (frame mismatch, 689.1 , expected 681.1)
[0m[93m[HW]     TTI processing delay detected, skipping  689. 2 =>  696. 8
[0m[1;31m[HW]     Received Time doesn't correspond to the time we think it is (slot mismatch, received 696.8, expected 689.2)
[0m[1;31m[HW]     Received Time doesn't correspond to the time we think it is (frame mismatch, 696.8 , expected 689.8)
[0m[93m[HW]     TTI processing delay detected, skipping  696. 9 =>  703.15
[0m[1;31m[HW]     Received Time doesn't correspond to the time we think it is (slot mismatch, received 703.15, expected 696.9)
[0m[1;31m[HW]     Received Time doesn't correspond to the time we think it is (frame mismatch, 703.15 , expected 696.15)
[0m[93m[HW]     TTI processing delay detected, skipping  703.17 =>  711. 2
[0m[1;31m[HW]     Received Time doesn't correspond to the time we think it is (slot mismatch, received 711.2, expected 703.17)
[0m[1;31m[HW]     Received Time doesn't correspond to the time we think it is (frame mismatch, 711.2 , expected 703.2)
[0m[93m[HW]     TTI processing delay detected, skipping  711. 3 =>  718. 9
[0m[1;31m[HW]     Received Time doesn't correspond to the time we think it is (slot mismatch, received 718.9, expected 711.3)
[0m[1;31m[HW]     Received Time doesn't correspond to the time we think it is (frame mismatch, 718.9 , expected 711.9)
[0m[93m[HW]     TTI processing delay detected, skipping  718.10 =>  725.16
[0m[93m[PHY]    no free space for a new detected rach, discarding
[0m[93m[NR_PHY_RACH] Error in scheduling rach
[0m[1;31m[HW]     Received Time doesn't correspond to the time we think it is (slot mismatch, received 725.16, expected 718.10)
[0m[1;31m[HW]     Received Time doesn't correspond to the time we think it is (frame mismatch, 725.16 , expected 718.16)
[0m[93m[HW]     TTI processing delay detected, skipping  725.17 =>  733. 3
[0m[1;31m[HW]     Received Time doesn't correspond to the time we think it is (slot mismatch, received 733.3, expected 725.17)
[0m[1;31m[HW]     Received Time doesn't correspond to the time we think it is (frame mismatch, 733.3 , expected 725.3)
[0m[93m[HW]     TTI processing delay detected, skipping  733. 4 =>  740.10
[0m[1;31m[HW]     Received Time doesn't correspond to the time we think it is (slot mismatch, received 740.10, expected 733.4)
[0m[1;31m[HW]     Received Time doesn't correspond to the time we think it is (frame mismatch, 740.10 , expected 733.10)
[0m[93m[HW]     TTI processing delay detected, skipping  740.12 =>  747.17
[0m[1;31m[HW]     Received Time doesn't correspond to the time we think it is (slot mismatch, received 747.17, expected 740.12)
[0m[1;31m[HW]     Received Time doesn't correspond to the time we think it is (frame mismatch, 747.17 , expected 740.17)
[0m[93m[HW]     TTI processing delay detected, skipping  747.18 =>  755. 4
[0m[1;31m[HW]     Received Time doesn't correspond to the time we think it is (slot mismatch, received 755.4, expected 747.18)
[0m[1;31m[HW]     Received Time doesn't correspond to the time we think it is (frame mismatch, 755.4 , expected 747.4)
[0m[93m[HW]     TTI processing delay detected, skipping  755. 5 =>  762.11
[0m[1;31m[HW]     Received Time doesn't correspond to the time we think it is (slot mismatch, received 762.11, expected 755.5)
[0m[1;31m[HW]     Received Time doesn't correspond to the time we think it is (frame mismatch, 762.11 , expected 755.11)
[0m[93m[HW]     TTI processing delay detected, skipping  762.12 =>  769.18
[0m[1;31m[HW]     Received Time doesn't correspond to the time we think it is (slot mismatch, received 769.18, expected 762.12)
[0m[1;31m[HW]     Received Time doesn't correspond to the time we think it is (frame mismatch, 769.18 , expected 762.18)
[0m[93m[HW]     TTI processing delay detected, skipping  769.19 =>  777. 5
[0m[1;31m[HW]     Received Time doesn't correspond to the time we think it is (slot mismatch, received 777.5, expected 769.19)
[0m[1;31m[HW]     Received Time doesn't correspond to the time we think it is (frame mismatch, 777.5 , expected 769.5)
[0m[93m[HW]     TTI processing delay detected, skipping  777. 7 =>  784.12
[0m[1;31m[HW]     Received Time doesn't correspond to the time we think it is (slot mismatch, received 784.12, expected 777.7)
[0m[1;31m[HW]     Received Time doesn't correspond to the time we think it is (frame mismatch, 784.12 , expected 777.12)
[0m[93m[HW]     TTI processing delay detected, skipping  784.13 =>  791.19
[0m[93m[HW]     we get rach data from ru, but it is not scheduled 791.19
[0m[1;31m[HW]     Received Time doesn't correspond to the time we think it is (slot mismatch, received 791.19, expected 784.13)
[0m[1;31m[HW]     Received Time doesn't correspond to the time we think it is (frame mismatch, 791.19 , expected 784.19)
[0m[93m[HW]     TTI processing delay detected, skipping  792. 0 =>  799. 6
[0m[1;31m[HW]     Received Time doesn't correspond to the time we think it is (slot mismatch, received 799.6, expected 792.0)
[0m[1;31m[HW]     Received Time doesn't correspond to the time we think it is (frame mismatch, 799.6 , expected 792.6)
[0m[93m[HW]     TTI processing delay detected, skipping  799. 7 =>  806.13
[0m[1;31m[HW]     Received Time doesn't correspond to the time we think it is (slot mismatch, received 806.13, expected 799.7)
[0m[1;31m[HW]     Received Time doesn't correspond to the time we think it is (frame mismatch, 806.13 , expected 799.13)
[0m[93m[HW]     TTI processing delay detected, skipping  806.14 =>  814. 0
[0m[1;31m[HW]     Received Time doesn't correspond to the time we think it is (slot mismatch, received 814.0, expected 806.14)
[0m[1;31m[HW]     Received Time doesn't correspond to the time we think it is (frame mismatch, 814.0 , expected 806.0)
[0m[93m[HW]     TTI processing delay detected, skipping  814. 2 =>  821. 7
[0m[1;31m[HW]     Received Time doesn't correspond to the time we think it is (slot mismatch, received 821.7, expected 814.2)
[0m[1;31m[HW]     Received Time doesn't correspond to the time we think it is (frame mismatch, 821.7 , expected 814.7)
[0m[93m[HW]     TTI processing delay detected, skipping  821. 8 =>  828.14
[0m[1;31m[HW]     Received Time doesn't correspond to the time we think it is (slot mismatch, received 828.14, expected 821.8)
[0m[1;31m[HW]     Received Time doesn't correspond to the time we think it is (frame mismatch, 828.14 , expected 821.14)
[0m[93m[HW]     TTI processing delay detected, skipping  828.15 =>  836. 1
[0m[1;31m[HW]     Received Time doesn't correspond to the time we think it is (slot mismatch, received 836.1, expected 828.15)
[0m[1;31m[HW]     Received Time doesn't correspond to the time we think it is (frame mismatch, 836.1 , expected 828.1)
[0m[93m[HW]     TTI processing delay detected, skipping  836. 2 =>  843. 8
[0m[1;31m[HW]     Received Time doesn't correspond to the time we think it is (slot mismatch, received 843.8, expected 836.2)
[0m[1;31m[HW]     Received Time doesn't correspond to the time we think it is (frame mismatch, 843.8 , expected 836.8)
[0m[93m[HW]     TTI processing delay detected, skipping  843. 9 =>  850.15
[0m[1;31m[HW]     Received Time doesn't correspond to the time we think it is (slot mismatch, received 850.15, expected 843.9)
[0m[1;31m[HW]     Received Time doesn't correspond to the time we think it is (frame mismatch, 850.15 , expected 843.15)
[0m[93m[HW]     TTI processing delay detected, skipping  850.17 =>  858. 2
[0m[1;31m[HW]     Received Time doesn't correspond to the time we think it is (slot mismatch, received 858.2, expected 850.17)
[0m[1;31m[HW]     Received Time doesn't correspond to the time we think it is (frame mismatch, 858.2 , expected 850.2)
[0m[93m[HW]     TTI processing delay detected, skipping  858. 3 =>  865. 9
[0m[1;31m[HW]     Received Time doesn't correspond to the time we think it is (slot mismatch, received 865.9, expected 858.3)
[0m[1;31m[HW]     Received Time doesn't correspond to the time we think it is (frame mismatch, 865.9 , expected 858.9)
[0m[93m[HW]     TTI processing delay detected, skipping  865.10 =>  872.16
[0m[93m[PHY]    no free space for a new detected rach, discarding
[0m[93m[NR_PHY_RACH] Error in scheduling rach
[0m[1;31m[HW]     Received Time doesn't correspond to the time we think it is (slot mismatch, received 872.16, expected 865.10)
[0m[1;31m[HW]     Received Time doesn't correspond to the time we think it is (frame mismatch, 872.16 , expected 865.16)
[0m[93m[HW]     TTI processing delay detected, skipping  872.17 =>  880. 3
[0m[1;31m[HW]     Received Time doesn't correspond to the time we think it is (slot mismatch, received 880.3, expected 872.17)
[0m[1;31m[HW]     Received Time doesn't correspond to the time we think it is (frame mismatch, 880.3 , expected 872.3)
[0m[93m[HW]     TTI processing delay detected, skipping  880. 4 =>  887.10
[0m[1;31m[HW]     Received Time doesn't correspond to the time we think it is (slot mismatch, received 887.10, expected 880.4)
[0m[1;31m[HW]     Received Time doesn't correspond to the time we think it is (frame mismatch, 887.10 , expected 880.10)
[0m[93m[HW]     TTI processing delay detected, skipping  887.12 =>  894.17
[0m[1;31m[HW]     Received Time doesn't correspond to the time we think it is (slot mismatch, received 894.17, expected 887.12)
[0m[1;31m[HW]     Received Time doesn't correspond to the time we think it is (frame mismatch, 894.17 , expected 887.17)
[0m[93m[HW]     TTI processing delay detected, skipping  894.18 =>  902. 4
[0m[1;31m[HW]     Received Time doesn't correspond to the time we think it is (slot mismatch, received 902.4, expected 894.18)
[0m[1;31m[HW]     Received Time doesn't correspond to the time we think it is (frame mismatch, 902.4 , expected 894.4)
[0m[93m[HW]     TTI processing delay detected, skipping  902. 5 =>  909.11
[0m[1;31m[HW]     Received Time doesn't correspond to the time we think it is (slot mismatch, received 909.11, expected 902.5)
[0m[1;31m[HW]     Received Time doesn't correspond to the time we think it is (frame mismatch, 909.11 , expected 902.11)
[0m[93m[HW]     TTI processing delay detected, skipping  909.12 =>  916.18
[0m[1;31m[HW]     Received Time doesn't correspond to the time we think it is (slot mismatch, received 916.18, expected 909.12)
[0m[1;31m[HW]     Received Time doesn't correspond to the time we think it is (frame mismatch, 916.18 , expected 909.18)
[0m[93m[HW]     TTI processing delay detected, skipping  916.19 =>  924. 5
[0m[1;31m[HW]     Received Time doesn't correspond to the time we think it is (slot mismatch, received 924.5, expected 916.19)
[0m[1;31m[HW]     Received Time doesn't correspond to the time we think it is (frame mismatch, 924.5 , expected 916.5)
[0m[93m[HW]     TTI processing delay detected, skipping  924. 7 =>  931.12
[0m[1;31m[HW]     Received Time doesn't correspond to the time we think it is (slot mismatch, received 931.12, expected 924.7)
[0m[1;31m[HW]     Received Time doesn't correspond to the time we think it is (frame mismatch, 931.12 , expected 924.12)
[0m[93m[HW]     TTI processing delay detected, skipping  931.13 =>  938.19
[0m[93m[HW]     we get rach data from ru, but it is not scheduled 938.19
[0m[1;31m[HW]     Received Time doesn't correspond to the time we think it is (slot mismatch, received 938.19, expected 931.13)
[0m[1;31m[HW]     Received Time doesn't correspond to the time we think it is (frame mismatch, 938.19 , expected 931.19)
[0m[93m[HW]     TTI processing delay detected, skipping  939. 0 =>  946. 6
[0m[1;31m[HW]     Received Time doesn't correspond to the time we think it is (slot mismatch, received 946.6, expected 939.0)
[0m[1;31m[HW]     Received Time doesn't correspond to the time we think it is (frame mismatch, 946.6 , expected 939.6)
[0m[93m[HW]     TTI processing delay detected, skipping  946. 7 =>  953.13
[0m[1;31m[HW]     Received Time doesn't correspond to the time we think it is (slot mismatch, received 953.13, expected 946.7)
[0m[1;31m[HW]     Received Time doesn't correspond to the time we think it is (frame mismatch, 953.13 , expected 946.13)
[0m[93m[HW]     TTI processing delay detected, skipping  953.14 =>  961. 0
[0m[1;31m[HW]     Received Time doesn't correspond to the time we think it is (slot mismatch, received 961.0, expected 953.14)
[0m[1;31m[HW]     Received Time doesn't correspond to the time we think it is (frame mismatch, 961.0 , expected 953.0)
[0m[93m[HW]     TTI processing delay detected, skipping  961. 2 =>  968. 7
[0m[1;31m[HW]     Received Time doesn't correspond to the time we think it is (slot mismatch, received 968.7, expected 961.2)
[0m[1;31m[HW]     Received Time doesn't correspond to the time we think it is (frame mismatch, 968.7 , expected 961.7)
[0m[93m[HW]     TTI processing delay detected, skipping  968. 8 =>  975.14
[0m[1;31m[HW]     Received Time doesn't correspond to the time we think it is (slot mismatch, received 975.14, expected 968.8)
[0m[1;31m[HW]     Received Time doesn't correspond to the time we think it is (frame mismatch, 975.14 , expected 968.14)
[0m[93m[HW]     TTI processing delay detected, skipping  975.15 =>  983. 1
[0m[1;31m[HW]     Received Time doesn't correspond to the time we think it is (slot mismatch, received 983.1, expected 975.15)
[0m[1;31m[HW]     Received Time doesn't correspond to the time we think it is (frame mismatch, 983.1 , expected 975.1)
[0m[93m[HW]     TTI processing delay detected, skipping  983. 2 =>  990. 8
[0m[1;31m[HW]     Received Time doesn't correspond to the time we think it is (slot mismatch, received 990.8, expected 983.2)
[0m[1;31m[HW]     Received Time doesn't correspond to the time we think it is (frame mismatch, 990.8 , expected 983.8)
[0m[93m[HW]     TTI processing delay detected, skipping  990. 9 =>  997.15
[0m[1;31m[HW]     Received Time doesn't correspond to the time we think it is (slot mismatch, received 997.15, expected 990.9)
[0m[1;31m[HW]     Received Time doesn't correspond to the time we think it is (frame mismatch, 997.15 , expected 990.15)
[0m[93m[HW]     TTI processing delay detected, skipping  997.17 => 1005. 2
[0m[1;31m[HW]     Received Time doesn't correspond to the time we think it is (slot mismatch, received 1005.2, expected 997.17)
[0m[1;31m[HW]     Received Time doesn't correspond to the time we think it is (frame mismatch, 1005.2 , expected 997.2)
[0m[93m[HW]     TTI processing delay detected, skipping 1005. 3 => 1012. 9
[0m[1;31m[HW]     Received Time doesn't correspond to the time we think it is (slot mismatch, received 1012.9, expected 1005.3)
[0m[1;31m[HW]     Received Time doesn't correspond to the time we think it is (frame mismatch, 1012.9 , expected 1005.9)
[0m[93m[HW]     TTI processing delay detected, skipping 1012.10 => 1019.16
[0m[93m[PHY]    no free space for a new detected rach, discarding
[0m[93m[NR_PHY_RACH] Error in scheduling rach
[0m[1;31m[HW]     Received Time doesn't correspond to the time we think it is (slot mismatch, received 1019.16, expected 1012.10)
[0m[1;31m[HW]     Received Time doesn't correspond to the time we think it is (frame mismatch, 1019.16 , expected 1012.16)
[0m[93m[HW]     TTI processing delay detected, skipping 1019.17 =>    3. 3
[0m[1;31m[HW]     Received Time doesn't correspond to the time we think it is (slot mismatch, received 3.3, expected 1019.17)
[0m[1;31m[HW]     Received Time doesn't correspond to the time we think it is (frame mismatch, 3.3 , expected 1019.3)
[0m[93m[HW]     TTI processing delay detected, skipping    3. 4 =>   10.10
[0m[1;31m[HW]     Received Time doesn't correspond to the time we think it is (slot mismatch, received 10.10, expected 3.4)
[0m[1;31m[HW]     Received Time doesn't correspond to the time we think it is (frame mismatch, 10.10 , expected 3.10)
[0m[93m[HW]     TTI processing delay detected, skipping   10.12 =>   17.17
[0m[1;31m[HW]     Received Time doesn't correspond to the time we think it is (slot mismatch, received 17.17, expected 10.12)
[0m[1;31m[HW]     Received Time doesn't correspond to the time we think it is (frame mismatch, 17.17 , expected 10.17)
[0m[93m[HW]     TTI processing delay detected, skipping   17.18 =>   25. 4
[0m[1;31m[HW]     Received Time doesn't correspond to the time we think it is (slot mismatch, received 25.4, expected 17.18)
[0m[1;31m[HW]     Received Time doesn't correspond to the time we think it is (frame mismatch, 25.4 , expected 17.4)
[0m[93m[HW]     TTI processing delay detected, skipping   25. 5 =>   32.11
[0m[1;31m[HW]     Received Time doesn't correspond to the time we think it is (slot mismatch, received 32.11, expected 25.5)
[0m[1;31m[HW]     Received Time doesn't correspond to the time we think it is (frame mismatch, 32.11 , expected 25.11)
[0m[93m[HW]     TTI processing delay detected, skipping   32.12 =>   39.18
[0m[1;31m[HW]     Received Time doesn't correspond to the time we think it is (slot mismatch, received 39.18, expected 32.12)
[0m[1;31m[HW]     Received Time doesn't correspond to the time we think it is (frame mismatch, 39.18 , expected 32.18)
[0m[93m[HW]     TTI processing delay detected, skipping   39.19 =>   47. 5
[0m[1;31m[HW]     Received Time doesn't correspond to the time we think it is (slot mismatch, received 47.5, expected 39.19)
[0m[1;31m[HW]     Received Time doesn't correspond to the time we think it is (frame mismatch, 47.5 , expected 39.5)
[0m[93m[HW]     TTI processing delay detected, skipping   47. 7 =>   54.12
[0m[1;31m[HW]     Received Time doesn't correspond to the time we think it is (slot mismatch, received 54.12, expected 47.7)
[0m[1;31m[HW]     Received Time doesn't correspond to the time we think it is (frame mismatch, 54.12 , expected 47.12)
[0m[93m[HW]     TTI processing delay detected, skipping   54.13 =>   61.19
[0m[93m[HW]     we get rach data from ru, but it is not scheduled 61.19
[0m[1;31m[HW]     Received Time doesn't correspond to the time we think it is (slot mismatch, received 61.19, expected 54.13)
[0m[1;31m[HW]     Received Time doesn't correspond to the time we think it is (frame mismatch, 61.19 , expected 54.19)
[0m[93m[HW]     TTI processing delay detected, skipping   62. 0 =>   69. 6
[0m[1;31m[HW]     Received Time doesn't correspond to the time we think it is (slot mismatch, received 69.6, expected 62.0)
[0m[1;31m[HW]     Received Time doesn't correspond to the time we think it is (frame mismatch, 69.6 , expected 62.6)
[0m[93m[HW]     TTI processing delay detected, skipping   69. 7 =>   76.13
[0m[1;31m[HW]     Received Time doesn't correspond to the time we think it is (slot mismatch, received 76.13, expected 69.7)
[0m[1;31m[HW]     Received Time doesn't correspond to the time we think it is (frame mismatch, 76.13 , expected 69.13)
[0m[93m[HW]     TTI processing delay detected, skipping   76.14 =>   84. 0
[0m[1;31m[HW]     Received Time doesn't correspond to the time we think it is (slot mismatch, received 84.0, expected 76.14)
[0m[1;31m[HW]     Received Time doesn't correspond to the time we think it is (frame mismatch, 84.0 , expected 76.0)
[0m[93m[HW]     TTI processing delay detected, skipping   84. 2 =>   91. 7
[0m[1;31m[HW]     Received Time doesn't correspond to the time we think it is (slot mismatch, received 91.7, expected 84.2)
[0m[1;31m[HW]     Received Time doesn't correspond to the time we think it is (frame mismatch, 91.7 , expected 84.7)
[0m[93m[HW]     TTI processing delay detected, skipping   91. 8 =>   98.14
[0m[1;31m[HW]     Received Time doesn't correspond to the time we think it is (slot mismatch, received 98.14, expected 91.8)
[0m[1;31m[HW]     Received Time doesn't correspond to the time we think it is (frame mismatch, 98.14 , expected 91.14)
[0m[93m[HW]     TTI processing delay detected, skipping   98.15 =>  106. 1
[0m[1;31m[HW]     Received Time doesn't correspond to the time we think it is (slot mismatch, received 106.1, expected 98.15)
[0m[1;31m[HW]     Received Time doesn't correspond to the time we think it is (frame mismatch, 106.1 , expected 98.1)
[0m[93m[HW]     TTI processing delay detected, skipping  106. 2 =>  113. 8
[0m[1;31m[HW]     Received Time doesn't correspond to the time we think it is (slot mismatch, received 113.8, expected 106.2)
[0m[1;31m[HW]     Received Time doesn't correspond to the time we think it is (frame mismatch, 113.8 , expected 106.8)
[0m[93m[HW]     TTI processing delay detected, skipping  113. 9 =>  120.15
[0m[1;31m[HW]     Received Time doesn't correspond to the time we think it is (slot mismatch, received 120.15, expected 113.9)
[0m[1;31m[HW]     Received Time doesn't correspond to the time we think it is (frame mismatch, 120.15 , expected 113.15)
[0m[93m[HW]     TTI processing delay detected, skipping  120.17 =>  128. 2
[0m[1;31m[HW]     Received Time doesn't correspond to the time we think it is (slot mismatch, received 128.2, expected 120.17)
[0m[1;31m[HW]     Received Time doesn't correspond to the time we think it is (frame mismatch, 128.2 , expected 120.2)
[0m[93m[HW]     TTI processing delay detected, skipping  128. 3 =>  135. 9
[0m[1;31m[HW]     Received Time doesn't correspond to the time we think it is (slot mismatch, received 135.9, expected 128.3)
[0m[1;31m[HW]     Received Time doesn't correspond to the time we think it is (frame mismatch, 135.9 , expected 128.9)
[0m[93m[HW]     TTI processing delay detected, skipping  135.10 =>  142.16
[0m[93m[PHY]    no free space for a new detected rach, discarding
[0m[93m[NR_PHY_RACH] Error in scheduling rach
[0m[1;31m[HW]     Received Time doesn't correspond to the time we think it is (slot mismatch, received 142.16, expected 135.10)
[0m[1;31m[HW]     Received Time doesn't correspond to the time we think it is (frame mismatch, 142.16 , expected 135.16)
[0m[93m[HW]     TTI processing delay detected, skipping  142.17 =>  150. 3
[0m[1;31m[HW]     Received Time doesn't correspond to the time we think it is (slot mismatch, received 150.3, expected 142.17)
[0m[1;31m[HW]     Received Time doesn't correspond to the time we think it is (frame mismatch, 150.3 , expected 142.3)
[0m[93m[HW]     TTI processing delay detected, skipping  150. 4 =>  157.10
[0m[1;31m[HW]     Received Time doesn't correspond to the time we think it is (slot mismatch, received 157.10, expected 150.4)
[0m[1;31m[HW]     Received Time doesn't correspond to the time we think it is (frame mismatch, 157.10 , expected 150.10)
[0m[93m[HW]     TTI processing delay detected, skipping  157.12 =>  164.17
[0m[1;31m[HW]     Received Time doesn't correspond to the time we think it is (slot mismatch, received 164.17, expected 157.12)
[0m[1;31m[HW]     Received Time doesn't correspond to the time we think it is (frame mismatch, 164.17 , expected 157.17)
[0m[93m[HW]     TTI processing delay detected, skipping  164.18 =>  172. 4
[0m[1;31m[HW]     Received Time doesn't correspond to the time we think it is (slot mismatch, received 172.4, expected 164.18)
[0m[1;31m[HW]     Received Time doesn't correspond to the time we think it is (frame mismatch, 172.4 , expected 164.4)
[0m[93m[HW]     TTI processing delay detected, skipping  172. 5 =>  179.11
[0m[1;31m[HW]     Received Time doesn't correspond to the time we think it is (slot mismatch, received 179.11, expected 172.5)
[0m[1;31m[HW]     Received Time doesn't correspond to the time we think it is (frame mismatch, 179.11 , expected 172.11)
[0m[93m[HW]     TTI processing delay detected, skipping  179.12 =>  186.18
[0m[1;31m[HW]     Received Time doesn't correspond to the time we think it is (slot mismatch, received 186.18, expected 179.12)
[0m[1;31m[HW]     Received Time doesn't correspond to the time we think it is (frame mismatch, 186.18 , expected 179.18)
[0m[93m[HW]     TTI processing delay detected, skipping  186.19 =>  194. 5
[0m[1;31m[HW]     Received Time doesn't correspond to the time we think it is (slot mismatch, received 194.5, expected 186.19)
[0m[1;31m[HW]     Received Time doesn't correspond to the time we think it is (frame mismatch, 194.5 , expected 186.5)
[0m[93m[HW]     TTI processing delay detected, skipping  194. 7 =>  201.12
[0m[1;31m[HW]     Received Time doesn't correspond to the time we think it is (slot mismatch, received 201.12, expected 194.7)
[0m[1;31m[HW]     Received Time doesn't correspond to the time we think it is (frame mismatch, 201.12 , expected 194.12)
[0m[93m[HW]     TTI processing delay detected, skipping  201.13 =>  208.19
[0m[93m[HW]     we get rach data from ru, but it is not scheduled 208.19
[0m[1;31m[HW]     Received Time doesn't correspond to the time we think it is (slot mismatch, received 208.19, expected 201.13)
[0m[1;31m[HW]     Received Time doesn't correspond to the time we think it is (frame mismatch, 208.19 , expected 201.19)
[0m[93m[HW]     TTI processing delay detected, skipping  209. 0 =>  216. 6
[0m[1;31m[HW]     Received Time doesn't correspond to the time we think it is (slot mismatch, received 216.6, expected 209.0)
[0m[1;31m[HW]     Received Time doesn't correspond to the time we think it is (frame mismatch, 216.6 , expected 209.6)
[0m[93m[HW]     TTI processing delay detected, skipping  216. 7 =>  223.13
[0m[1;31m[HW]     Received Time doesn't correspond to the time we think it is (slot mismatch, received 223.13, expected 216.7)
[0m[1;31m[HW]     Received Time doesn't correspond to the time we think it is (frame mismatch, 223.13 , expected 216.13)
[0m[93m[HW]     TTI processing delay detected, skipping  223.14 =>  231. 0
[0m[1;31m[HW]     Received Time doesn't correspond to the time we think it is (slot mismatch, received 231.0, expected 223.14)
[0m[1;31m[HW]     Received Time doesn't correspond to the time we think it is (frame mismatch, 231.0 , expected 223.0)
[0m[93m[HW]     TTI processing delay detected, skipping  231. 2 =>  238. 7
[0m[1;31m[HW]     Received Time doesn't correspond to the time we think it is (slot mismatch, received 238.7, expected 231.2)
[0m[1;31m[HW]     Received Time doesn't correspond to the time we think it is (frame mismatch, 238.7 , expected 231.7)
[0m[93m[HW]     TTI processing delay detected, skipping  238. 8 =>  245.14
[0m[1;31m[HW]     Received Time doesn't correspond to the time we think it is (slot mismatch, received 245.14, expected 238.8)
[0m[1;31m[HW]     Received Time doesn't correspond to the time we think it is (frame mismatch, 245.14 , expected 238.14)
[0m[93m[HW]     TTI processing delay detected, skipping  245.15 =>  253. 1
[0m[1;31m[HW]     Received Time doesn't correspond to the time we think it is (slot mismatch, received 253.1, expected 245.15)
[0m[1;31m[HW]     Received Time doesn't correspond to the time we think it is (frame mismatch, 253.1 , expected 245.1)
[0m[93m[HW]     TTI processing delay detected, skipping  253. 2 =>  260. 8
[0m[1;31m[HW]     Received Time doesn't correspond to the time we think it is (slot mismatch, received 260.8, expected 253.2)
[0m[1;31m[HW]     Received Time doesn't correspond to the time we think it is (frame mismatch, 260.8 , expected 253.8)
[0m[93m[HW]     TTI processing delay detected, skipping  260. 9 =>  267.15
[0m[1;31m[HW]     Received Time doesn't correspond to the time we think it is (slot mismatch, received 267.15, expected 260.9)
[0m[1;31m[HW]     Received Time doesn't correspond to the time we think it is (frame mismatch, 267.15 , expected 260.15)
[0m[93m[HW]     TTI processing delay detected, skipping  267.17 =>  275. 2
[0m[1;31m[HW]     Received Time doesn't correspond to the time we think it is (slot mismatch, received 275.2, expected 267.17)
[0m[1;31m[HW]     Received Time doesn't correspond to the time we think it is (frame mismatch, 275.2 , expected 267.2)
[0m[93m[HW]     TTI processing delay detected, skipping  275. 3 =>  282. 9
[0m[1;31m[HW]     Received Time doesn't correspond to the time we think it is (slot mismatch, received 282.9, expected 275.3)
[0m[1;31m[HW]     Received Time doesn't correspond to the time we think it is (frame mismatch, 282.9 , expected 275.9)
[0m[93m[HW]     TTI processing delay detected, skipping  282.10 =>  289.16
[0m[93m[PHY]    no free space for a new detected rach, discarding
[0m[93m[NR_PHY_RACH] Error in scheduling rach
[0m[1;31m[HW]     Received Time doesn't correspond to the time we think it is (slot mismatch, received 289.16, expected 282.10)
[0m[1;31m[HW]     Received Time doesn't correspond to the time we think it is (frame mismatch, 289.16 , expected 282.16)
[0m[93m[HW]     TTI processing delay detected, skipping  289.17 =>  297. 3
[0m[1;31m[HW]     Received Time doesn't correspond to the time we think it is (slot mismatch, received 297.3, expected 289.17)
[0m[1;31m[HW]     Received Time doesn't correspond to the time we think it is (frame mismatch, 297.3 , expected 289.3)
[0m[93m[HW]     TTI processing delay detected, skipping  297. 4 =>  304.10
[0m[1;31m[HW]     Received Time doesn't correspond to the time we think it is (slot mismatch, received 304.10, expected 297.4)
[0m[1;31m[HW]     Received Time doesn't correspond to the time we think it is (frame mismatch, 304.10 , expected 297.10)
[0m[93m[HW]     TTI processing delay detected, skipping  304.12 =>  311.17
[0m[1;31m[HW]     Received Time doesn't correspond to the time we think it is (slot mismatch, received 311.17, expected 304.12)
[0m[1;31m[HW]     Received Time doesn't correspond to the time we think it is (frame mismatch, 311.17 , expected 304.17)
[0m[93m[HW]     TTI processing delay detected, skipping  311.18 =>  319. 4
[0m[1;31m[HW]     Received Time doesn't correspond to the time we think it is (slot mismatch, received 319.4, expected 311.18)
[0m[1;31m[HW]     Received Time doesn't correspond to the time we think it is (frame mismatch, 319.4 , expected 311.4)
[0m[93m[HW]     TTI processing delay detected, skipping  319. 5 =>  326.11
[0m[1;31m[HW]     Received Time doesn't correspond to the time we think it is (slot mismatch, received 326.11, expected 319.5)
[0m[1;31m[HW]     Received Time doesn't correspond to the time we think it is (frame mismatch, 326.11 , expected 319.11)
[0m[93m[HW]     TTI processing delay detected, skipping  326.12 =>  333.18
[0m[1;31m[HW]     Received Time doesn't correspond to the time we think it is (slot mismatch, received 333.18, expected 326.12)
[0m[1;31m[HW]     Received Time doesn't correspond to the time we think it is (frame mismatch, 333.18 , expected 326.18)
[0m[93m[HW]     TTI processing delay detected, skipping  333.19 =>  341. 5
[0m[1;31m[HW]     Received Time doesn't correspond to the time we think it is (slot mismatch, received 341.5, expected 333.19)
[0m[1;31m[HW]     Received Time doesn't correspond to the time we think it is (frame mismatch, 341.5 , expected 333.5)
[0m[93m[HW]     TTI processing delay detected, skipping  341. 7 =>  348.12
[0m[1;31m[HW]     Received Time doesn't correspond to the time we think it is (slot mismatch, received 348.12, expected 341.7)
[0m[1;31m[HW]     Received Time doesn't correspond to the time we think it is (frame mismatch, 348.12 , expected 341.12)
[0m[93m[HW]     TTI processing delay detected, skipping  348.13 =>  355.19
[0m[93m[HW]     we get rach data from ru, but it is not scheduled 355.19
[0m[1;31m[HW]     Received Time doesn't correspond to the time we think it is (slot mismatch, received 355.19, expected 348.13)
[0m[1;31m[HW]     Received Time doesn't correspond to the time we think it is (frame mismatch, 355.19 , expected 348.19)
[0m[93m[HW]     TTI processing delay detected, skipping  356. 0 =>  363. 6
[0m[1;31m[HW]     Received Time doesn't correspond to the time we think it is (slot mismatch, received 363.6, expected 356.0)
[0m[1;31m[HW]     Received Time doesn't correspond to the time we think it is (frame mismatch, 363.6 , expected 356.6)
[0m[93m[HW]     TTI processing delay detected, skipping  363. 7 =>  370.13
[0m[1;31m[HW]     Received Time doesn't correspond to the time we think it is (slot mismatch, received 370.13, expected 363.7)
[0m[1;31m[HW]     Received Time doesn't correspond to the time we think it is (frame mismatch, 370.13 , expected 363.13)
[0m[93m[HW]     TTI processing delay detected, skipping  370.14 =>  378. 0
[0m[1;31m[HW]     Received Time doesn't correspond to the time we think it is (slot mismatch, received 378.0, expected 370.14)
[0m[1;31m[HW]     Received Time doesn't correspond to the time we think it is (frame mismatch, 378.0 , expected 370.0)
[0m[93m[HW]     TTI processing delay detected, skipping  378. 2 =>  385. 7
[0m[1;31m[HW]     Received Time doesn't correspond to the time we think it is (slot mismatch, received 385.7, expected 378.2)
[0m[1;31m[HW]     Received Time doesn't correspond to the time we think it is (frame mismatch, 385.7 , expected 378.7)
[0m[93m[HW]     TTI processing delay detected, skipping  385. 8 =>  392.14
[0m[1;31m[HW]     Received Time doesn't correspond to the time we think it is (slot mismatch, received 392.14, expected 385.8)
[0m[1;31m[HW]     Received Time doesn't correspond to the time we think it is (frame mismatch, 392.14 , expected 385.14)
[0m[93m[HW]     TTI processing delay detected, skipping  392.15 =>  400. 1
[0m[1;31m[HW]     Received Time doesn't correspond to the time we think it is (slot mismatch, received 400.1, expected 392.15)
[0m[1;31m[HW]     Received Time doesn't correspond to the time we think it is (frame mismatch, 400.1 , expected 392.1)
[0m[93m[HW]     TTI processing delay detected, skipping  400. 2 =>  407. 8
[0m[1;31m[HW]     Received Time doesn't correspond to the time we think it is (slot mismatch, received 407.8, expected 400.2)
[0m[1;31m[HW]     Received Time doesn't correspond to the time we think it is (frame mismatch, 407.8 , expected 400.8)
[0m[93m[HW]     TTI processing delay detected, skipping  407. 9 =>  414.15
[0m[1;31m[HW]     Received Time doesn't correspond to the time we think it is (slot mismatch, received 414.15, expected 407.9)
[0m[1;31m[HW]     Received Time doesn't correspond to the time we think it is (frame mismatch, 414.15 , expected 407.15)
[0m[93m[HW]     TTI processing delay detected, skipping  414.17 =>  422. 2
[0m[1;31m[HW]     Received Time doesn't correspond to the time we think it is (slot mismatch, received 422.2, expected 414.17)
[0m[1;31m[HW]     Received Time doesn't correspond to the time we think it is (frame mismatch, 422.2 , expected 414.2)
[0m[93m[HW]     TTI processing delay detected, skipping  422. 3 =>  429. 9
[0m[1;31m[HW]     Received Time doesn't correspond to the time we think it is (slot mismatch, received 429.9, expected 422.3)
[0m[1;31m[HW]     Received Time doesn't correspond to the time we think it is (frame mismatch, 429.9 , expected 422.9)
[0m[93m[HW]     TTI processing delay detected, skipping  429.10 =>  436.16
[0m[93m[PHY]    no free space for a new detected rach, discarding
[0m[93m[NR_PHY_RACH] Error in scheduling rach
[0m[1;31m[HW]     Received Time doesn't correspond to the time we think it is (slot mismatch, received 436.16, expected 429.10)
[0m[1;31m[HW]     Received Time doesn't correspond to the time we think it is (frame mismatch, 436.16 , expected 429.16)
[0m[93m[HW]     TTI processing delay detected, skipping  436.17 =>  444. 3
[0m[1;31m[HW]     Received Time doesn't correspond to the time we think it is (slot mismatch, received 444.3, expected 436.17)
[0m[1;31m[HW]     Received Time doesn't correspond to the time we think it is (frame mismatch, 444.3 , expected 436.3)
[0m[93m[HW]     TTI processing delay detected, skipping  444. 4 =>  451.10
[0m[1;31m[HW]     Received Time doesn't correspond to the time we think it is (slot mismatch, received 451.10, expected 444.4)
[0m[1;31m[HW]     Received Time doesn't correspond to the time we think it is (frame mismatch, 451.10 , expected 444.10)
[0m[93m[HW]     TTI processing delay detected, skipping  451.12 =>  458.17
[0m[1;31m[HW]     Received Time doesn't correspond to the time we think it is (slot mismatch, received 458.17, expected 451.12)
[0m[1;31m[HW]     Received Time doesn't correspond to the time we think it is (frame mismatch, 458.17 , expected 451.17)
[0m[93m[HW]     TTI processing delay detected, skipping  458.18 =>  466. 4
[0m[1;31m[HW]     Received Time doesn't correspond to the time we think it is (slot mismatch, received 466.4, expected 458.18)
[0m[1;31m[HW]     Received Time doesn't correspond to the time we think it is (frame mismatch, 466.4 , expected 458.4)
[0m[93m[HW]     TTI processing delay detected, skipping  466. 5 =>  473.11
[0m[1;31m[HW]     Received Time doesn't correspond to the time we think it is (slot mismatch, received 473.11, expected 466.5)
[0m[1;31m[HW]     Received Time doesn't correspond to the time we think it is (frame mismatch, 473.11 , expected 466.11)
[0m[93m[HW]     TTI processing delay detected, skipping  473.12 =>  480.18
[0m[1;31m[HW]     Received Time doesn't correspond to the time we think it is (slot mismatch, received 480.18, expected 473.12)
[0m[1;31m[HW]     Received Time doesn't correspond to the time we think it is (frame mismatch, 480.18 , expected 473.18)
[0m[93m[HW]     TTI processing delay detected, skipping  480.19 =>  488. 5
[0m[1;31m[HW]     Received Time doesn't correspond to the time we think it is (slot mismatch, received 488.5, expected 480.19)
[0m[1;31m[HW]     Received Time doesn't correspond to the time we think it is (frame mismatch, 488.5 , expected 480.5)
[0m[93m[HW]     TTI processing delay detected, skipping  488. 7 =>  495.12
[0m[1;31m[HW]     Received Time doesn't correspond to the time we think it is (slot mismatch, received 495.12, expected 488.7)
[0m[1;31m[HW]     Received Time doesn't correspond to the time we think it is (frame mismatch, 495.12 , expected 488.12)
[0m[93m[HW]     TTI processing delay detected, skipping  495.13 =>  502.19
[0m[93m[HW]     we get rach data from ru, but it is not scheduled 502.19
[0m[1;31m[HW]     Received Time doesn't correspond to the time we think it is (slot mismatch, received 502.19, expected 495.13)
[0m[1;31m[HW]     Received Time doesn't correspond to the time we think it is (frame mismatch, 502.19 , expected 495.19)
[0m[93m[HW]     TTI processing delay detected, skipping  503. 0 =>  510. 6
[0m[1;31m[HW]     Received Time doesn't correspond to the time we think it is (slot mismatch, received 510.6, expected 503.0)
[0m[1;31m[HW]     Received Time doesn't correspond to the time we think it is (frame mismatch, 510.6 , expected 503.6)
[0m[93m[HW]     TTI processing delay detected, skipping  510. 7 =>  517.13
[0m[1;31m[HW]     Received Time doesn't correspond to the time we think it is (slot mismatch, received 517.13, expected 510.7)
[0m[1;31m[HW]     Received Time doesn't correspond to the time we think it is (frame mismatch, 517.13 , expected 510.13)
[0m[93m[HW]     TTI processing delay detected, skipping  517.14 =>  525. 0
[0m[1;31m[HW]     Received Time doesn't correspond to the time we think it is (slot mismatch, received 525.0, expected 517.14)
[0m[1;31m[HW]     Received Time doesn't correspond to the time we think it is (frame mismatch, 525.0 , expected 517.0)
[0m[93m[HW]     TTI processing delay detected, skipping  525. 2 =>  532. 7
[0m[1;31m[HW]     Received Time doesn't correspond to the time we think it is (slot mismatch, received 532.7, expected 525.2)
[0m[1;31m[HW]     Received Time doesn't correspond to the time we think it is (frame mismatch, 532.7 , expected 525.7)
[0m[93m[HW]     TTI processing delay detected, skipping  532. 8 =>  539.14
[0m[1;31m[HW]     Received Time doesn't correspond to the time we think it is (slot mismatch, received 539.14, expected 532.8)
[0m[1;31m[HW]     Received Time doesn't correspond to the time we think it is (frame mismatch, 539.14 , expected 532.14)
[0m[93m[HW]     TTI processing delay detected, skipping  539.15 =>  547. 1
[0m[1;31m[HW]     Received Time doesn't correspond to the time we think it is (slot mismatch, received 547.1, expected 539.15)
[0m[1;31m[HW]     Received Time doesn't correspond to the time we think it is (frame mismatch, 547.1 , expected 539.1)
[0m[93m[HW]     TTI processing delay detected, skipping  547. 2 =>  554. 8
[0m[1;31m[HW]     Received Time doesn't correspond to the time we think it is (slot mismatch, received 554.8, expected 547.2)
[0m[1;31m[HW]     Received Time doesn't correspond to the time we think it is (frame mismatch, 554.8 , expected 547.8)
[0m[93m[HW]     TTI processing delay detected, skipping  554. 9 =>  561.15
[0m[1;31m[HW]     Received Time doesn't correspond to the time we think it is (slot mismatch, received 561.15, expected 554.9)
[0m[1;31m[HW]     Received Time doesn't correspond to the time we think it is (frame mismatch, 561.15 , expected 554.15)
[0m[93m[HW]     TTI processing delay detected, skipping  561.17 =>  569. 2
[0m[1;31m[HW]     Received Time doesn't correspond to the time we think it is (slot mismatch, received 569.2, expected 561.17)
[0m[1;31m[HW]     Received Time doesn't correspond to the time we think it is (frame mismatch, 569.2 , expected 561.2)
[0m[93m[HW]     TTI processing delay detected, skipping  569. 3 =>  576. 9
[0m[1;31m[HW]     Received Time doesn't correspond to the time we think it is (slot mismatch, received 576.9, expected 569.3)
[0m[1;31m[HW]     Received Time doesn't correspond to the time we think it is (frame mismatch, 576.9 , expected 569.9)
[0m[93m[HW]     TTI processing delay detected, skipping  576.10 =>  583.16
[0m[93m[PHY]    no free space for a new detected rach, discarding
[0m[93m[NR_PHY_RACH] Error in scheduling rach
[0m[1;31m[HW]     Received Time doesn't correspond to the time we think it is (slot mismatch, received 583.16, expected 576.10)
[0m[1;31m[HW]     Received Time doesn't correspond to the time we think it is (frame mismatch, 583.16 , expected 576.16)
[0m[93m[HW]     TTI processing delay detected, skipping  583.17 =>  591. 3
[0m[1;31m[HW]     Received Time doesn't correspond to the time we think it is (slot mismatch, received 591.3, expected 583.17)
[0m[1;31m[HW]     Received Time doesn't correspond to the time we think it is (frame mismatch, 591.3 , expected 583.3)
[0m[93m[HW]     TTI processing delay detected, skipping  591. 4 =>  598.10
[0m[1;31m[HW]     Received Time doesn't correspond to the time we think it is (slot mismatch, received 598.10, expected 591.4)
[0m[1;31m[HW]     Received Time doesn't correspond to the time we think it is (frame mismatch, 598.10 , expected 591.10)
[0m[93m[HW]     TTI processing delay detected, skipping  598.12 =>  605.17
[0m[1;31m[HW]     Received Time doesn't correspond to the time we think it is (slot mismatch, received 605.17, expected 598.12)
[0m[1;31m[HW]     Received Time doesn't correspond to the time we think it is (frame mismatch, 605.17 , expected 598.17)
[0m[93m[HW]     TTI processing delay detected, skipping  605.18 =>  613. 4
[0m[1;31m[HW]     Received Time doesn't correspond to the time we think it is (slot mismatch, received 613.4, expected 605.18)
[0m[1;31m[HW]     Received Time doesn't correspond to the time we think it is (frame mismatch, 613.4 , expected 605.4)
[0m[93m[HW]     TTI processing delay detected, skipping  613. 5 =>  620.11
[0m[1;31m[HW]     Received Time doesn't correspond to the time we think it is (slot mismatch, received 620.11, expected 613.5)
[0m[1;31m[HW]     Received Time doesn't correspond to the time we think it is (frame mismatch, 620.11 , expected 613.11)
[0m[93m[HW]     TTI processing delay detected, skipping  620.12 =>  627.18
[0m[1;31m[HW]     Received Time doesn't correspond to the time we think it is (slot mismatch, received 627.18, expected 620.12)
[0m[1;31m[HW]     Received Time doesn't correspond to the time we think it is (frame mismatch, 627.18 , expected 620.18)
[0m[93m[HW]     TTI processing delay detected, skipping  627.19 =>  635. 5
[0m[1;31m[HW]     Received Time doesn't correspond to the time we think it is (slot mismatch, received 635.5, expected 627.19)
[0m[1;31m[HW]     Received Time doesn't correspond to the time we think it is (frame mismatch, 635.5 , expected 627.5)
[0m[93m[HW]     TTI processing delay detected, skipping  635. 7 =>  642.12
[0m[1;31m[HW]     Received Time doesn't correspond to the time we think it is (slot mismatch, received 642.12, expected 635.7)
[0m[1;31m[HW]     Received Time doesn't correspond to the time we think it is (frame mismatch, 642.12 , expected 635.12)
[0m[93m[HW]     TTI processing delay detected, skipping  642.13 =>  649.19
[0m[93m[HW]     we get rach data from ru, but it is not scheduled 649.19
[0m[1;31m[HW]     Received Time doesn't correspond to the time we think it is (slot mismatch, received 649.19, expected 642.13)
[0m[1;31m[HW]     Received Time doesn't correspond to the time we think it is (frame mismatch, 649.19 , expected 642.19)
[0m[93m[HW]     TTI processing delay detected, skipping  650. 0 =>  657. 6
[0m[1;31m[HW]     Received Time doesn't correspond to the time we think it is (slot mismatch, received 657.6, expected 650.0)
[0m[1;31m[HW]     Received Time doesn't correspond to the time we think it is (frame mismatch, 657.6 , expected 650.6)
[0m[93m[HW]     TTI processing delay detected, skipping  657. 7 =>  664.13
[0m[1;31m[HW]     Received Time doesn't correspond to the time we think it is (slot mismatch, received 664.13, expected 657.7)
[0m[1;31m[HW]     Received Time doesn't correspond to the time we think it is (frame mismatch, 664.13 , expected 657.13)
[0m[93m[HW]     TTI processing delay detected, skipping  664.14 =>  672. 0
[0m[1;31m[HW]     Received Time doesn't correspond to the time we think it is (slot mismatch, received 672.0, expected 664.14)
[0m[1;31m[HW]     Received Time doesn't correspond to the time we think it is (frame mismatch, 672.0 , expected 664.0)
[0m[93m[HW]     TTI processing delay detected, skipping  672. 2 =>  679. 7
[0m[1;31m[HW]     Received Time doesn't correspond to the time we think it is (slot mismatch, received 679.7, expected 672.2)
[0m[1;31m[HW]     Received Time doesn't correspond to the time we think it is (frame mismatch, 679.7 , expected 672.7)
[0m[93m[HW]     TTI processing delay detected, skipping  679. 8 =>  686.14
[0m[1;31m[HW]     Received Time doesn't correspond to the time we think it is (slot mismatch, received 686.14, expected 679.8)
[0m[1;31m[HW]     Received Time doesn't correspond to the time we think it is (frame mismatch, 686.14 , expected 679.14)
[0m[93m[HW]     TTI processing delay detected, skipping  686.15 =>  694. 1
[0m[1;31m[HW]     Received Time doesn't correspond to the time we think it is (slot mismatch, received 694.1, expected 686.15)
[0m[1;31m[HW]     Received Time doesn't correspond to the time we think it is (frame mismatch, 694.1 , expected 686.1)
[0m[93m[HW]     TTI processing delay detected, skipping  694. 2 =>  701. 8
[0m[1;31m[HW]     Received Time doesn't correspond to the time we think it is (slot mismatch, received 701.8, expected 694.2)
[0m[1;31m[HW]     Received Time doesn't correspond to the time we think it is (frame mismatch, 701.8 , expected 694.8)
[0m[93m[HW]     TTI processing delay detected, skipping  701. 9 =>  708.15
[0m[1;31m[HW]     Received Time doesn't correspond to the time we think it is (slot mismatch, received 708.15, expected 701.9)
[0m[1;31m[HW]     Received Time doesn't correspond to the time we think it is (frame mismatch, 708.15 , expected 701.15)
[0m[93m[HW]     TTI processing delay detected, skipping  708.17 =>  716. 2
[0m[1;31m[HW]     Received Time doesn't correspond to the time we think it is (slot mismatch, received 716.2, expected 708.17)
[0m[1;31m[HW]     Received Time doesn't correspond to the time we think it is (frame mismatch, 716.2 , expected 708.2)
[0m[93m[HW]     TTI processing delay detected, skipping  716. 3 =>  723. 9
[0m[1;31m[HW]     Received Time doesn't correspond to the time we think it is (slot mismatch, received 723.9, expected 716.3)
[0m[1;31m[HW]     Received Time doesn't correspond to the time we think it is (frame mismatch, 723.9 , expected 716.9)
[0m[93m[HW]     TTI processing delay detected, skipping  723.10 =>  730.16
[0m[93m[PHY]    no free space for a new detected rach, discarding
[0m[93m[NR_PHY_RACH] Error in scheduling rach
[0m[1;31m[HW]     Received Time doesn't correspond to the time we think it is (slot mismatch, received 730.16, expected 723.10)
[0m[1;31m[HW]     Received Time doesn't correspond to the time we think it is (frame mismatch, 730.16 , expected 723.16)
[0m[93m[HW]     TTI processing delay detected, skipping  730.17 =>  738. 3
[0m[1;31m[HW]     Received Time doesn't correspond to the time we think it is (slot mismatch, received 738.3, expected 730.17)
[0m[1;31m[HW]     Received Time doesn't correspond to the time we think it is (frame mismatch, 738.3 , expected 730.3)
[0m[93m[HW]     TTI processing delay detected, skipping  738. 4 =>  745.10
[0m[1;31m[HW]     Received Time doesn't correspond to the time we think it is (slot mismatch, received 745.10, expected 738.4)
[0m[1;31m[HW]     Received Time doesn't correspond to the time we think it is (frame mismatch, 745.10 , expected 738.10)
[0m[93m[HW]     TTI processing delay detected, skipping  745.12 =>  752.17
[0m[1;31m[HW]     Received Time doesn't correspond to the time we think it is (slot mismatch, received 752.17, expected 745.12)
[0m[1;31m[HW]     Received Time doesn't correspond to the time we think it is (frame mismatch, 752.17 , expected 745.17)
[0m[93m[HW]     TTI processing delay detected, skipping  752.18 =>  760. 4
[0m[1;31m[HW]     Received Time doesn't correspond to the time we think it is (slot mismatch, received 760.4, expected 752.18)
[0m[1;31m[HW]     Received Time doesn't correspond to the time we think it is (frame mismatch, 760.4 , expected 752.4)
[0m[93m[HW]     TTI processing delay detected, skipping  760. 5 =>  767.11
[0m[1;31m[HW]     Received Time doesn't correspond to the time we think it is (slot mismatch, received 767.11, expected 760.5)
[0m[1;31m[HW]     Received Time doesn't correspond to the time we think it is (frame mismatch, 767.11 , expected 760.11)
[0m[93m[HW]     TTI processing delay detected, skipping  767.12 =>  774.18
[0m[1;31m[HW]     Received Time doesn't correspond to the time we think it is (slot mismatch, received 774.18, expected 767.12)
[0m[1;31m[HW]     Received Time doesn't correspond to the time we think it is (frame mismatch, 774.18 , expected 767.18)
[0m[93m[HW]     TTI processing delay detected, skipping  774.19 =>  782. 5
[0m[1;31m[HW]     Received Time doesn't correspond to the time we think it is (slot mismatch, received 782.5, expected 774.19)
[0m[1;31m[HW]     Received Time doesn't correspond to the time we think it is (frame mismatch, 782.5 , expected 774.5)
[0m[93m[HW]     TTI processing delay detected, skipping  782. 7 =>  789.12
[0m[1;31m[HW]     Received Time doesn't correspond to the time we think it is (slot mismatch, received 789.12, expected 782.7)
[0m[1;31m[HW]     Received Time doesn't correspond to the time we think it is (frame mismatch, 789.12 , expected 782.12)
[0m[93m[HW]     TTI processing delay detected, skipping  789.13 =>  796.19
[0m[93m[HW]     we get rach data from ru, but it is not scheduled 796.19
[0m[1;31m[HW]     Received Time doesn't correspond to the time we think it is (slot mismatch, received 796.19, expected 789.13)
[0m[1;31m[HW]     Received Time doesn't correspond to the time we think it is (frame mismatch, 796.19 , expected 789.19)
[0m[93m[HW]     TTI processing delay detected, skipping  797. 0 =>  804. 6
[0m[1;31m[HW]     Received Time doesn't correspond to the time we think it is (slot mismatch, received 804.6, expected 797.0)
[0m[1;31m[HW]     Received Time doesn't correspond to the time we think it is (frame mismatch, 804.6 , expected 797.6)
[0m[93m[HW]     TTI processing delay detected, skipping  804. 7 =>  811.13
[0m[1;31m[HW]     Received Time doesn't correspond to the time we think it is (slot mismatch, received 811.13, expected 804.7)
[0m[1;31m[HW]     Received Time doesn't correspond to the time we think it is (frame mismatch, 811.13 , expected 804.13)
[0m[93m[HW]     TTI processing delay detected, skipping  811.14 =>  819. 0
[0m[1;31m[HW]     Received Time doesn't correspond to the time we think it is (slot mismatch, received 819.0, expected 811.14)
[0m[1;31m[HW]     Received Time doesn't correspond to the time we think it is (frame mismatch, 819.0 , expected 811.0)
[0m[93m[HW]     TTI processing delay detected, skipping  819. 2 =>  826. 7
[0m[1;31m[HW]     Received Time doesn't correspond to the time we think it is (slot mismatch, received 826.7, expected 819.2)
[0m[1;31m[HW]     Received Time doesn't correspond to the time we think it is (frame mismatch, 826.7 , expected 819.7)
[0m[93m[HW]     TTI processing delay detected, skipping  826. 8 =>  833.14
[0m[1;31m[HW]     Received Time doesn't correspond to the time we think it is (slot mismatch, received 833.14, expected 826.8)
[0m[1;31m[HW]     Received Time doesn't correspond to the time we think it is (frame mismatch, 833.14 , expected 826.14)
[0m[93m[HW]     TTI processing delay detected, skipping  833.15 =>  841. 1
[0m[1;31m[HW]     Received Time doesn't correspond to the time we think it is (slot mismatch, received 841.1, expected 833.15)
[0m[1;31m[HW]     Received Time doesn't correspond to the time we think it is (frame mismatch, 841.1 , expected 833.1)
[0m[93m[HW]     TTI processing delay detected, skipping  841. 2 =>  848. 8
[0m[1;31m[HW]     Received Time doesn't correspond to the time we think it is (slot mismatch, received 848.8, expected 841.2)
[0m[1;31m[HW]     Received Time doesn't correspond to the time we think it is (frame mismatch, 848.8 , expected 841.8)
[0m[93m[HW]     TTI processing delay detected, skipping  848. 9 =>  855.15
[0m[1;31m[HW]     Received Time doesn't correspond to the time we think it is (slot mismatch, received 855.15, expected 848.9)
[0m[1;31m[HW]     Received Time doesn't correspond to the time we think it is (frame mismatch, 855.15 , expected 848.15)
[0m[93m[HW]     TTI processing delay detected, skipping  855.17 =>  863. 2
[0m[1;31m[HW]     Received Time doesn't correspond to the time we think it is (slot mismatch, received 863.2, expected 855.17)
[0m[1;31m[HW]     Received Time doesn't correspond to the time we think it is (frame mismatch, 863.2 , expected 855.2)
[0m[93m[HW]     TTI processing delay detected, skipping  863. 3 =>  870. 9
[0m[1;31m[HW]     Received Time doesn't correspond to the time we think it is (slot mismatch, received 870.9, expected 863.3)
[0m[1;31m[HW]     Received Time doesn't correspond to the time we think it is (frame mismatch, 870.9 , expected 863.9)
[0m[93m[HW]     TTI processing delay detected, skipping  870.10 =>  877.16
[0m[93m[PHY]    no free space for a new detected rach, discarding
[0m[93m[NR_PHY_RACH] Error in scheduling rach
[0m[1;31m[HW]     Received Time doesn't correspond to the time we think it is (slot mismatch, received 877.16, expected 870.10)
[0m[1;31m[HW]     Received Time doesn't correspond to the time we think it is (frame mismatch, 877.16 , expected 870.16)
[0m[93m[HW]     TTI processing delay detected, skipping  877.17 =>  885. 3
[0m[1;31m[HW]     Received Time doesn't correspond to the time we think it is (slot mismatch, received 885.3, expected 877.17)
[0m[1;31m[HW]     Received Time doesn't correspond to the time we think it is (frame mismatch, 885.3 , expected 877.3)
[0m[93m[HW]     TTI processing delay detected, skipping  885. 4 =>  892.10
[0m[1;31m[HW]     Received Time doesn't correspond to the time we think it is (slot mismatch, received 892.10, expected 885.4)
[0m[1;31m[HW]     Received Time doesn't correspond to the time we think it is (frame mismatch, 892.10 , expected 885.10)
[0m[93m[HW]     TTI processing delay detected, skipping  892.12 =>  899.17
[0m[1;31m[HW]     Received Time doesn't correspond to the time we think it is (slot mismatch, received 899.17, expected 892.12)
[0m[1;31m[HW]     Received Time doesn't correspond to the time we think it is (frame mismatch, 899.17 , expected 892.17)
[0m[93m[HW]     TTI processing delay detected, skipping  899.18 =>  907. 4
[0m[1;31m[HW]     Received Time doesn't correspond to the time we think it is (slot mismatch, received 907.4, expected 899.18)
[0m[1;31m[HW]     Received Time doesn't correspond to the time we think it is (frame mismatch, 907.4 , expected 899.4)
[0m[93m[HW]     TTI processing delay detected, skipping  907. 5 =>  914.11
[0m[1;31m[HW]     Received Time doesn't correspond to the time we think it is (slot mismatch, received 914.11, expected 907.5)
[0m[1;31m[HW]     Received Time doesn't correspond to the time we think it is (frame mismatch, 914.11 , expected 907.11)
[0m[93m[HW]     TTI processing delay detected, skipping  914.12 =>  921.18
[0m[1;31m[HW]     Received Time doesn't correspond to the time we think it is (slot mismatch, received 921.18, expected 914.12)
[0m[1;31m[HW]     Received Time doesn't correspond to the time we think it is (frame mismatch, 921.18 , expected 914.18)
[0m[93m[HW]     TTI processing delay detected, skipping  921.19 =>  929. 5
[0m[1;31m[HW]     Received Time doesn't correspond to the time we think it is (slot mismatch, received 929.5, expected 921.19)
[0m[1;31m[HW]     Received Time doesn't correspond to the time we think it is (frame mismatch, 929.5 , expected 921.5)
[0m[93m[HW]     TTI processing delay detected, skipping  929. 7 =>  936.12
[0m[1;31m[HW]     Received Time doesn't correspond to the time we think it is (slot mismatch, received 936.12, expected 929.7)
[0m[1;31m[HW]     Received Time doesn't correspond to the time we think it is (frame mismatch, 936.12 , expected 929.12)
[0m[93m[HW]     TTI processing delay detected, skipping  936.13 =>  943.19
[0m[93m[HW]     we get rach data from ru, but it is not scheduled 943.19
[0m[1;31m[HW]     Received Time doesn't correspond to the time we think it is (slot mismatch, received 943.19, expected 936.13)
[0m[1;31m[HW]     Received Time doesn't correspond to the time we think it is (frame mismatch, 943.19 , expected 936.19)
[0m[93m[HW]     TTI processing delay detected, skipping  944. 0 =>  951. 6
[0m[1;31m[HW]     Received Time doesn't correspond to the time we think it is (slot mismatch, received 951.6, expected 944.0)
[0m[1;31m[HW]     Received Time doesn't correspond to the time we think it is (frame mismatch, 951.6 , expected 944.6)
[0m[93m[HW]     TTI processing delay detected, skipping  951. 7 =>  958.13
[0m[1;31m[HW]     Received Time doesn't correspond to the time we think it is (slot mismatch, received 958.13, expected 951.7)
[0m[1;31m[HW]     Received Time doesn't correspond to the time we think it is (frame mismatch, 958.13 , expected 951.13)
[0m[93m[HW]     TTI processing delay detected, skipping  958.14 =>  965.19
[0m[93m[HW]     we get rach data from ru, but it is not scheduled 965.19
[0m[1;31m[HW]     Received Time doesn't correspond to the time we think it is (slot mismatch, received 965.19, expected 958.14)
[0m[1;31m[HW]     Received Time doesn't correspond to the time we think it is (frame mismatch, 965.19 , expected 958.19)
[0m[93m[HW]     TTI processing delay detected, skipping  966. 0 =>  973. 6
[0m[1;31m[HW]     Received Time doesn't correspond to the time we think it is (slot mismatch, received 973.6, expected 966.0)
[0m[1;31m[HW]     Received Time doesn't correspond to the time we think it is (frame mismatch, 973.6 , expected 966.6)
[0m[93m[HW]     TTI processing delay detected, skipping  973. 7 =>  980.13
[0m[1;31m[HW]     Received Time doesn't correspond to the time we think it is (slot mismatch, received 980.13, expected 973.7)
[0m[1;31m[HW]     Received Time doesn't correspond to the time we think it is (frame mismatch, 980.13 , expected 973.13)
[0m[93m[HW]     TTI processing delay detected, skipping  980.14 =>  988. 0
[0m[1;31m[HW]     Received Time doesn't correspond to the time we think it is (slot mismatch, received 988.0, expected 980.14)
[0m[1;31m[HW]     Received Time doesn't correspond to the time we think it is (frame mismatch, 988.0 , expected 980.0)
[0m[93m[HW]     TTI processing delay detected, skipping  988. 2 =>  995. 7
[0m[1;31m[HW]     Received Time doesn't correspond to the time we think it is (slot mismatch, received 995.7, expected 988.2)
[0m[1;31m[HW]     Received Time doesn't correspond to the time we think it is (frame mismatch, 995.7 , expected 988.7)
[0m[93m[HW]     TTI processing delay detected, skipping  995. 8 => 1002.14
[0m[1;31m[HW]     Received Time doesn't correspond to the time we think it is (slot mismatch, received 1002.14, expected 995.8)
[0m[1;31m[HW]     Received Time doesn't correspond to the time we think it is (frame mismatch, 1002.14 , expected 995.14)
[0m[93m[HW]     TTI processing delay detected, skipping 1002.15 => 1010. 1
[0m[1;31m[HW]     Received Time doesn't correspond to the time we think it is (slot mismatch, received 1010.1, expected 1002.15)
[0m[1;31m[HW]     Received Time doesn't correspond to the time we think it is (frame mismatch, 1010.1 , expected 1002.1)
[0m[93m[HW]     TTI processing delay detected, skipping 1010. 2 => 1017. 8
[0m[1;31m[HW]     Received Time doesn't correspond to the time we think it is (slot mismatch, received 1017.8, expected 1010.2)
[0m[1;31m[HW]     Received Time doesn't correspond to the time we think it is (frame mismatch, 1017.8 , expected 1010.8)
[0m[93m[HW]     TTI processing delay detected, skipping 1017. 9 =>    0.14
[0m[1;31m[HW]     Received Time doesn't correspond to the time we think it is (slot mismatch, received 0.14, expected 1017.9)
[0m[1;31m[HW]     Received Time doesn't correspond to the time we think it is (frame mismatch, 0.14 , expected 1017.14)
[0m[93m[HW]     TTI processing delay detected, skipping    0.15 =>    8. 1
[0m[1;31m[HW]     Received Time doesn't correspond to the time we think it is (slot mismatch, received 8.1, expected 0.15)
[0m[1;31m[HW]     Received Time doesn't correspond to the time we think it is (frame mismatch, 8.1 , expected 0.1)
[0m[93m[HW]     TTI processing delay detected, skipping    8. 2 =>   15. 8
[0m[1;31m[HW]     Received Time doesn't correspond to the time we think it is (slot mismatch, received 15.8, expected 8.2)
[0m[1;31m[HW]     Received Time doesn't correspond to the time we think it is (frame mismatch, 15.8 , expected 8.8)
[0m[93m[HW]     TTI processing delay detected, skipping   15. 9 =>   22.15
[0m[1;31m[HW]     Received Time doesn't correspond to the time we think it is (slot mismatch, received 22.15, expected 15.9)
[0m[1;31m[HW]     Received Time doesn't correspond to the time we think it is (frame mismatch, 22.15 , expected 15.15)
[0m[93m[HW]     TTI processing delay detected, skipping   22.17 =>   30. 2
[0m[1;31m[HW]     Received Time doesn't correspond to the time we think it is (slot mismatch, received 30.2, expected 22.17)
[0m[1;31m[HW]     Received Time doesn't correspond to the time we think it is (frame mismatch, 30.2 , expected 22.2)
[0m[93m[HW]     TTI processing delay detected, skipping   30. 3 =>   37. 9
[0m[1;31m[HW]     Received Time doesn't correspond to the time we think it is (slot mismatch, received 37.9, expected 30.3)
[0m[1;31m[HW]     Received Time doesn't correspond to the time we think it is (frame mismatch, 37.9 , expected 30.9)
[0m[93m[HW]     TTI processing delay detected, skipping   37.10 =>   44.16
[0m[93m[PHY]    no free space for a new detected rach, discarding
[0m[93m[NR_PHY_RACH] Error in scheduling rach
[0m[1;31m[HW]     Received Time doesn't correspond to the time we think it is (slot mismatch, received 44.16, expected 37.10)
[0m[1;31m[HW]     Received Time doesn't correspond to the time we think it is (frame mismatch, 44.16 , expected 37.16)
[0m[93m[HW]     TTI processing delay detected, skipping   44.17 =>   52. 3
[0m[1;31m[HW]     Received Time doesn't correspond to the time we think it is (slot mismatch, received 52.3, expected 44.17)
[0m[1;31m[HW]     Received Time doesn't correspond to the time we think it is (frame mismatch, 52.3 , expected 44.3)
[0m[93m[HW]     TTI processing delay detected, skipping   52. 4 =>   59.10
[0m[1;31m[HW]     Received Time doesn't correspond to the time we think it is (slot mismatch, received 59.10, expected 52.4)
[0m[1;31m[HW]     Received Time doesn't correspond to the time we think it is (frame mismatch, 59.10 , expected 52.10)
[0m[93m[HW]     TTI processing delay detected, skipping   59.12 =>   66.17
[0m[1;31m[HW]     Received Time doesn't correspond to the time we think it is (slot mismatch, received 66.17, expected 59.12)
[0m[1;31m[HW]     Received Time doesn't correspond to the time we think it is (frame mismatch, 66.17 , expected 59.17)
[0m[93m[HW]     TTI processing delay detected, skipping   66.18 =>   74. 4
[0m[1;31m[HW]     Received Time doesn't correspond to the time we think it is (slot mismatch, received 74.4, expected 66.18)
[0m[1;31m[HW]     Received Time doesn't correspond to the time we think it is (frame mismatch, 74.4 , expected 66.4)
[0m[93m[HW]     TTI processing delay detected, skipping   74. 5 =>   81.11
[0m[1;31m[HW]     Received Time doesn't correspond to the time we think it is (slot mismatch, received 81.11, expected 74.5)
[0m[1;31m[HW]     Received Time doesn't correspond to the time we think it is (frame mismatch, 81.11 , expected 74.11)
[0m[93m[HW]     TTI processing delay detected, skipping   81.12 =>   88.18
[0m[1;31m[HW]     Received Time doesn't correspond to the time we think it is (slot mismatch, received 88.18, expected 81.12)
[0m[1;31m[HW]     Received Time doesn't correspond to the time we think it is (frame mismatch, 88.18 , expected 81.18)
[0m[93m[HW]     TTI processing delay detected, skipping   88.19 =>   96. 4
[0m[1;31m[HW]     Received Time doesn't correspond to the time we think it is (slot mismatch, received 96.4, expected 88.19)
[0m[1;31m[HW]     Received Time doesn't correspond to the time we think it is (frame mismatch, 96.4 , expected 88.4)
[0m[93m[HW]     TTI processing delay detected, skipping   96. 5 =>  103.11
[0m[1;31m[HW]     Received Time doesn't correspond to the time we think it is (slot mismatch, received 103.11, expected 96.5)
[0m[1;31m[HW]     Received Time doesn't correspond to the time we think it is (frame mismatch, 103.11 , expected 96.11)
[0m[93m[HW]     TTI processing delay detected, skipping  103.12 =>  110.18
[0m[1;31m[HW]     Received Time doesn't correspond to the time we think it is (slot mismatch, received 110.18, expected 103.12)
[0m[1;31m[HW]     Received Time doesn't correspond to the time we think it is (frame mismatch, 110.18 , expected 103.18)
[0m[93m[HW]     TTI processing delay detected, skipping  110.19 =>  118. 5
[0m[1;31m[HW]     Received Time doesn't correspond to the time we think it is (slot mismatch, received 118.5, expected 110.19)
[0m[1;31m[HW]     Received Time doesn't correspond to the time we think it is (frame mismatch, 118.5 , expected 110.5)
[0m[93m[HW]     TTI processing delay detected, skipping  118. 7 =>  125.12
[0m[1;31m[HW]     Received Time doesn't correspond to the time we think it is (slot mismatch, received 125.12, expected 118.7)
[0m[1;31m[HW]     Received Time doesn't correspond to the time we think it is (frame mismatch, 125.12 , expected 118.12)
[0m[93m[HW]     TTI processing delay detected, skipping  125.13 =>  132.19
[0m[93m[HW]     we get rach data from ru, but it is not scheduled 132.19
[0m[1;31m[HW]     Received Time doesn't correspond to the time we think it is (slot mismatch, received 132.19, expected 125.13)
[0m[1;31m[HW]     Received Time doesn't correspond to the time we think it is (frame mismatch, 132.19 , expected 125.19)
[0m[93m[HW]     TTI processing delay detected, skipping  133. 0 =>  140. 6
[0m[1;31m[HW]     Received Time doesn't correspond to the time we think it is (slot mismatch, received 140.6, expected 133.0)
[0m[1;31m[HW]     Received Time doesn't correspond to the time we think it is (frame mismatch, 140.6 , expected 133.6)
[0m[93m[HW]     TTI processing delay detected, skipping  140. 7 =>  147.13
[0m[1;31m[HW]     Received Time doesn't correspond to the time we think it is (slot mismatch, received 147.13, expected 140.7)
[0m[1;31m[HW]     Received Time doesn't correspond to the time we think it is (frame mismatch, 147.13 , expected 140.13)
[0m[93m[HW]     TTI processing delay detected, skipping  147.14 =>  155. 0
[0m[1;31m[HW]     Received Time doesn't correspond to the time we think it is (slot mismatch, received 155.0, expected 147.14)
[0m[1;31m[HW]     Received Time doesn't correspond to the time we think it is (frame mismatch, 155.0 , expected 147.0)
[0m[93m[HW]     TTI processing delay detected, skipping  155. 2 =>  162. 7
[0m[1;31m[HW]     Received Time doesn't correspond to the time we think it is (slot mismatch, received 162.7, expected 155.2)
[0m[1;31m[HW]     Received Time doesn't correspond to the time we think it is (frame mismatch, 162.7 , expected 155.7)
[0m[93m[HW]     TTI processing delay detected, skipping  162. 8 =>  169.14
[0m[1;31m[HW]     Received Time doesn't correspond to the time we think it is (slot mismatch, received 169.14, expected 162.8)
[0m[1;31m[HW]     Received Time doesn't correspond to the time we think it is (frame mismatch, 169.14 , expected 162.14)
[0m[93m[HW]     TTI processing delay detected, skipping  169.15 =>  177. 1
[0m[1;31m[HW]     Received Time doesn't correspond to the time we think it is (slot mismatch, received 177.1, expected 169.15)
[0m[1;31m[HW]     Received Time doesn't correspond to the time we think it is (frame mismatch, 177.1 , expected 169.1)
[0m[93m[HW]     TTI processing delay detected, skipping  177. 2 =>  184. 8
[0m[1;31m[HW]     Received Time doesn't correspond to the time we think it is (slot mismatch, received 184.8, expected 177.2)
[0m[1;31m[HW]     Received Time doesn't correspond to the time we think it is (frame mismatch, 184.8 , expected 177.8)
[0m[93m[HW]     TTI processing delay detected, skipping  184. 9 =>  191.14
[0m[1;31m[HW]     Received Time doesn't correspond to the time we think it is (slot mismatch, received 191.14, expected 184.9)
[0m[1;31m[HW]     Received Time doesn't correspond to the time we think it is (frame mismatch, 191.14 , expected 184.14)
[0m[93m[HW]     TTI processing delay detected, skipping  191.15 =>  199. 1
[0m[1;31m[HW]     Received Time doesn't correspond to the time we think it is (slot mismatch, received 199.1, expected 191.15)
[0m[1;31m[HW]     Received Time doesn't correspond to the time we think it is (frame mismatch, 199.1 , expected 191.1)
[0m[93m[HW]     TTI processing delay detected, skipping  199. 2 =>  206. 8
[0m[1;31m[HW]     Received Time doesn't correspond to the time we think it is (slot mismatch, received 206.8, expected 199.2)
[0m[1;31m[HW]     Received Time doesn't correspond to the time we think it is (frame mismatch, 206.8 , expected 199.8)
[0m[93m[HW]     TTI processing delay detected, skipping  206. 9 =>  213.15
[0m[1;31m[HW]     Received Time doesn't correspond to the time we think it is (slot mismatch, received 213.15, expected 206.9)
[0m[1;31m[HW]     Received Time doesn't correspond to the time we think it is (frame mismatch, 213.15 , expected 206.15)
[0m[93m[HW]     TTI processing delay detected, skipping  213.17 =>  221. 2
[0m[1;31m[HW]     Received Time doesn't correspond to the time we think it is (slot mismatch, received 221.2, expected 213.17)
[0m[1;31m[HW]     Received Time doesn't correspond to the time we think it is (frame mismatch, 221.2 , expected 213.2)
[0m[93m[HW]     TTI processing delay detected, skipping  221. 3 =>  228. 9
[0m[1;31m[HW]     Received Time doesn't correspond to the time we think it is (slot mismatch, received 228.9, expected 221.3)
[0m[1;31m[HW]     Received Time doesn't correspond to the time we think it is (frame mismatch, 228.9 , expected 221.9)
[0m[93m[HW]     TTI processing delay detected, skipping  228.10 =>  235.16
[0m[93m[PHY]    no free space for a new detected rach, discarding
[0m[93m[NR_PHY_RACH] Error in scheduling rach
[0m[1;31m[HW]     Received Time doesn't correspond to the time we think it is (slot mismatch, received 235.16, expected 228.10)
[0m[1;31m[HW]     Received Time doesn't correspond to the time we think it is (frame mismatch, 235.16 , expected 228.16)
[0m[93m[HW]     TTI processing delay detected, skipping  235.17 =>  243. 3
[0m[1;31m[HW]     Received Time doesn't correspond to the time we think it is (slot mismatch, received 243.3, expected 235.17)
[0m[1;31m[HW]     Received Time doesn't correspond to the time we think it is (frame mismatch, 243.3 , expected 235.3)
[0m[93m[HW]     TTI processing delay detected, skipping  243. 4 =>  250.10
[0m[1;31m[HW]     Received Time doesn't correspond to the time we think it is (slot mismatch, received 250.10, expected 243.4)
[0m[1;31m[HW]     Received Time doesn't correspond to the time we think it is (frame mismatch, 250.10 , expected 243.10)
[0m[93m[HW]     TTI processing delay detected, skipping  250.12 =>  257.17
[0m[1;31m[HW]     Received Time doesn't correspond to the time we think it is (slot mismatch, received 257.17, expected 250.12)
[0m[1;31m[HW]     Received Time doesn't correspond to the time we think it is (frame mismatch, 257.17 , expected 250.17)
[0m[93m[HW]     TTI processing delay detected, skipping  257.18 =>  265. 4
[0m[1;31m[HW]     Received Time doesn't correspond to the time we think it is (slot mismatch, received 265.4, expected 257.18)
[0m[1;31m[HW]     Received Time doesn't correspond to the time we think it is (frame mismatch, 265.4 , expected 257.4)
[0m[93m[HW]     TTI processing delay detected, skipping  265. 5 =>  272.11
[0m[1;31m[HW]     Received Time doesn't correspond to the time we think it is (slot mismatch, received 272.11, expected 265.5)
[0m[1;31m[HW]     Received Time doesn't correspond to the time we think it is (frame mismatch, 272.11 , expected 265.11)
[0m[93m[HW]     TTI processing delay detected, skipping  272.12 =>  279.17
[0m[1;31m[HW]     Received Time doesn't correspond to the time we think it is (slot mismatch, received 279.17, expected 272.12)
[0m[1;31m[HW]     Received Time doesn't correspond to the time we think it is (frame mismatch, 279.17 , expected 272.17)
[0m[93m[HW]     TTI processing delay detected, skipping  279.18 =>  287. 4
[0m[1;31m[HW]     Received Time doesn't correspond to the time we think it is (slot mismatch, received 287.4, expected 279.18)
[0m[1;31m[HW]     Received Time doesn't correspond to the time we think it is (frame mismatch, 287.4 , expected 279.4)
[0m[93m[HW]     TTI processing delay detected, skipping  287. 5 =>  294.11
[0m[1;31m[HW]     Received Time doesn't correspond to the time we think it is (slot mismatch, received 294.11, expected 287.5)
[0m[1;31m[HW]     Received Time doesn't correspond to the time we think it is (frame mismatch, 294.11 , expected 287.11)
[0m[93m[HW]     TTI processing delay detected, skipping  294.12 =>  301.18
[0m[1;31m[HW]     Received Time doesn't correspond to the time we think it is (slot mismatch, received 301.18, expected 294.12)
[0m[1;31m[HW]     Received Time doesn't correspond to the time we think it is (frame mismatch, 301.18 , expected 294.18)
[0m[93m[HW]     TTI processing delay detected, skipping  301.19 =>  309. 5
[0m[1;31m[HW]     Received Time doesn't correspond to the time we think it is (slot mismatch, received 309.5, expected 301.19)
[0m[1;31m[HW]     Received Time doesn't correspond to the time we think it is (frame mismatch, 309.5 , expected 301.5)
[0m[93m[HW]     TTI processing delay detected, skipping  309. 7 =>  316.12
[0m[1;31m[HW]     Received Time doesn't correspond to the time we think it is (slot mismatch, received 316.12, expected 309.7)
[0m[1;31m[HW]     Received Time doesn't correspond to the time we think it is (frame mismatch, 316.12 , expected 309.12)
[0m[93m[HW]     TTI processing delay detected, skipping  316.13 =>  323.19
[0m[93m[HW]     we get rach data from ru, but it is not scheduled 323.19
[0m[1;31m[HW]     Received Time doesn't correspond to the time we think it is (slot mismatch, received 323.19, expected 316.13)
[0m[1;31m[HW]     Received Time doesn't correspond to the time we think it is (frame mismatch, 323.19 , expected 316.19)
[0m[93m[HW]     TTI processing delay detected, skipping  324. 0 =>  331. 6
[0m[1;31m[HW]     Received Time doesn't correspond to the time we think it is (slot mismatch, received 331.6, expected 324.0)
[0m[1;31m[HW]     Received Time doesn't correspond to the time we think it is (frame mismatch, 331.6 , expected 324.6)
[0m[93m[HW]     TTI processing delay detected, skipping  331. 7 =>  338.13
[0m[1;31m[HW]     Received Time doesn't correspond to the time we think it is (slot mismatch, received 338.13, expected 331.7)
[0m[1;31m[HW]     Received Time doesn't correspond to the time we think it is (frame mismatch, 338.13 , expected 331.13)
[0m[93m[HW]     TTI processing delay detected, skipping  338.14 =>  346. 0
[0m[1;31m[HW]     Received Time doesn't correspond to the time we think it is (slot mismatch, received 346.0, expected 338.14)
[0m[1;31m[HW]     Received Time doesn't correspond to the time we think it is (frame mismatch, 346.0 , expected 338.0)
[0m[93m[HW]     TTI processing delay detected, skipping  346. 2 =>  353. 7
[0m[1;31m[HW]     Received Time doesn't correspond to the time we think it is (slot mismatch, received 353.7, expected 346.2)
[0m[1;31m[HW]     Received Time doesn't correspond to the time we think it is (frame mismatch, 353.7 , expected 346.7)
[0m[93m[HW]     TTI processing delay detected, skipping  353. 8 =>  360.14
[0m[1;31m[HW]     Received Time doesn't correspond to the time we think it is (slot mismatch, received 360.14, expected 353.8)
[0m[1;31m[HW]     Received Time doesn't correspond to the time we think it is (frame mismatch, 360.14 , expected 353.14)
[0m[93m[HW]     TTI processing delay detected, skipping  360.15 =>  368. 1
[0m[1;31m[HW]     Received Time doesn't correspond to the time we think it is (slot mismatch, received 368.1, expected 360.15)
[0m[1;31m[HW]     Received Time doesn't correspond to the time we think it is (frame mismatch, 368.1 , expected 360.1)
[0m[93m[HW]     TTI processing delay detected, skipping  368. 2 =>  375. 8
[0m[1;31m[HW]     Received Time doesn't correspond to the time we think it is (slot mismatch, received 375.8, expected 368.2)
[0m[1;31m[HW]     Received Time doesn't correspond to the time we think it is (frame mismatch, 375.8 , expected 368.8)
[0m[93m[HW]     TTI processing delay detected, skipping  375. 9 =>  382.14
[0m[1;31m[HW]     Received Time doesn't correspond to the time we think it is (slot mismatch, received 382.14, expected 375.9)
[0m[1;31m[HW]     Received Time doesn't correspond to the time we think it is (frame mismatch, 382.14 , expected 375.14)
[0m[93m[HW]     TTI processing delay detected, skipping  382.15 =>  390. 1
[0m[1;31m[HW]     Received Time doesn't correspond to the time we think it is (slot mismatch, received 390.1, expected 382.15)
[0m[1;31m[HW]     Received Time doesn't correspond to the time we think it is (frame mismatch, 390.1 , expected 382.1)
[0m[93m[HW]     TTI processing delay detected, skipping  390. 2 =>  397. 8
[0m[1;31m[HW]     Received Time doesn't correspond to the time we think it is (slot mismatch, received 397.8, expected 390.2)
[0m[1;31m[HW]     Received Time doesn't correspond to the time we think it is (frame mismatch, 397.8 , expected 390.8)
[0m[93m[HW]     TTI processing delay detected, skipping  397. 9 =>  404.15
[0m[1;31m[HW]     Received Time doesn't correspond to the time we think it is (slot mismatch, received 404.15, expected 397.9)
[0m[1;31m[HW]     Received Time doesn't correspond to the time we think it is (frame mismatch, 404.15 , expected 397.15)
[0m[93m[HW]     TTI processing delay detected, skipping  404.17 =>  412. 2
[0m[1;31m[HW]     Received Time doesn't correspond to the time we think it is (slot mismatch, received 412.2, expected 404.17)
[0m[1;31m[HW]     Received Time doesn't correspond to the time we think it is (frame mismatch, 412.2 , expected 404.2)
[0m[93m[HW]     TTI processing delay detected, skipping  412. 3 =>  419. 9
[0m[1;31m[HW]     Received Time doesn't correspond to the time we think it is (slot mismatch, received 419.9, expected 412.3)
[0m[1;31m[HW]     Received Time doesn't correspond to the time we think it is (frame mismatch, 419.9 , expected 412.9)
[0m[93m[HW]     TTI processing delay detected, skipping  419.10 =>  426.16
[0m[93m[PHY]    no free space for a new detected rach, discarding
[0m[93m[NR_PHY_RACH] Error in scheduling rach
[0m[1;31m[HW]     Received Time doesn't correspond to the time we think it is (slot mismatch, received 426.16, expected 419.10)
[0m[1;31m[HW]     Received Time doesn't correspond to the time we think it is (frame mismatch, 426.16 , expected 419.16)
[0m[93m[HW]     TTI processing delay detected, skipping  426.17 =>  434. 3
[0m[1;31m[HW]     Received Time doesn't correspond to the time we think it is (slot mismatch, received 434.3, expected 426.17)
[0m[1;31m[HW]     Received Time doesn't correspond to the time we think it is (frame mismatch, 434.3 , expected 426.3)
[0m[93m[HW]     TTI processing delay detected, skipping  434. 4 =>  441.10
[0m[1;31m[HW]     Received Time doesn't correspond to the time we think it is (slot mismatch, received 441.10, expected 434.4)
[0m[1;31m[HW]     Received Time doesn't correspond to the time we think it is (frame mismatch, 441.10 , expected 434.10)
[0m[93m[HW]     TTI processing delay detected, skipping  441.12 =>  448.17
[0m[1;31m[HW]     Received Time doesn't correspond to the time we think it is (slot mismatch, received 448.17, expected 441.12)
[0m[1;31m[HW]     Received Time doesn't correspond to the time we think it is (frame mismatch, 448.17 , expected 441.17)
[0m[93m[HW]     TTI processing delay detected, skipping  448.18 =>  456. 4
[0m[1;31m[HW]     Received Time doesn't correspond to the time we think it is (slot mismatch, received 456.4, expected 448.18)
[0m[1;31m[HW]     Received Time doesn't correspond to the time we think it is (frame mismatch, 456.4 , expected 448.4)
[0m[93m[HW]     TTI processing delay detected, skipping  456. 5 =>  463.11
[0m[1;31m[HW]     Received Time doesn't correspond to the time we think it is (slot mismatch, received 463.11, expected 456.5)
[0m[1;31m[HW]     Received Time doesn't correspond to the time we think it is (frame mismatch, 463.11 , expected 456.11)
[0m[93m[HW]     TTI processing delay detected, skipping  463.12 =>  470.18
[0m[1;31m[HW]     Received Time doesn't correspond to the time we think it is (slot mismatch, received 470.18, expected 463.12)
[0m[1;31m[HW]     Received Time doesn't correspond to the time we think it is (frame mismatch, 470.18 , expected 463.18)
[0m[93m[HW]     TTI processing delay detected, skipping  470.19 =>  478. 4
[0m[1;31m[HW]     Received Time doesn't correspond to the time we think it is (slot mismatch, received 478.4, expected 470.19)
[0m[1;31m[HW]     Received Time doesn't correspond to the time we think it is (frame mismatch, 478.4 , expected 470.4)
[0m[93m[HW]     TTI processing delay detected, skipping  478. 5 =>  485.11
[0m[1;31m[HW]     Received Time doesn't correspond to the time we think it is (slot mismatch, received 485.11, expected 478.5)
[0m[1;31m[HW]     Received Time doesn't correspond to the time we think it is (frame mismatch, 485.11 , expected 478.11)
[0m[93m[HW]     TTI processing delay detected, skipping  485.12 =>  492.18
[0m[1;31m[HW]     Received Time doesn't correspond to the time we think it is (slot mismatch, received 492.18, expected 485.12)
[0m[1;31m[HW]     Received Time doesn't correspond to the time we think it is (frame mismatch, 492.18 , expected 485.18)
[0m[93m[HW]     TTI processing delay detected, skipping  492.19 =>  500. 5
[0m[1;31m[HW]     Received Time doesn't correspond to the time we think it is (slot mismatch, received 500.5, expected 492.19)
[0m[1;31m[HW]     Received Time doesn't correspond to the time we think it is (frame mismatch, 500.5 , expected 492.5)
[0m[93m[HW]     TTI processing delay detected, skipping  500. 7 =>  507.12
[0m[1;31m[HW]     Received Time doesn't correspond to the time we think it is (slot mismatch, received 507.12, expected 500.7)
[0m[1;31m[HW]     Received Time doesn't correspond to the time we think it is (frame mismatch, 507.12 , expected 500.12)
[0m[93m[HW]     TTI processing delay detected, skipping  507.13 =>  514.19
[0m[93m[HW]     we get rach data from ru, but it is not scheduled 514.19
[0m[1;31m[HW]     Received Time doesn't correspond to the time we think it is (slot mismatch, received 514.19, expected 507.13)
[0m[1;31m[HW]     Received Time doesn't correspond to the time we think it is (frame mismatch, 514.19 , expected 507.19)
[0m[93m[HW]     TTI processing delay detected, skipping  515. 0 =>  522. 6
[0m[1;31m[HW]     Received Time doesn't correspond to the time we think it is (slot mismatch, received 522.6, expected 515.0)
[0m[1;31m[HW]     Received Time doesn't correspond to the time we think it is (frame mismatch, 522.6 , expected 515.6)
[0m[93m[HW]     TTI processing delay detected, skipping  522. 7 =>  529.13
[0m[1;31m[HW]     Received Time doesn't correspond to the time we think it is (slot mismatch, received 529.13, expected 522.7)
[0m[1;31m[HW]     Received Time doesn't correspond to the time we think it is (frame mismatch, 529.13 , expected 522.13)
[0m[93m[HW]     TTI processing delay detected, skipping  529.14 =>  537. 0
[0m[1;31m[HW]     Received Time doesn't correspond to the time we think it is (slot mismatch, received 537.0, expected 529.14)
[0m[1;31m[HW]     Received Time doesn't correspond to the time we think it is (frame mismatch, 537.0 , expected 529.0)
[0m[93m[HW]     TTI processing delay detected, skipping  537. 2 =>  544. 7
[0m[1;31m[HW]     Received Time doesn't correspond to the time we think it is (slot mismatch, received 544.7, expected 537.2)
[0m[1;31m[HW]     Received Time doesn't correspond to the time we think it is (frame mismatch, 544.7 , expected 537.7)
[0m[93m[HW]     TTI processing delay detected, skipping  544. 8 =>  551.14
[0m[1;31m[HW]     Received Time doesn't correspond to the time we think it is (slot mismatch, received 551.14, expected 544.8)
[0m[1;31m[HW]     Received Time doesn't correspond to the time we think it is (frame mismatch, 551.14 , expected 544.14)
[0m[93m[HW]     TTI processing delay detected, skipping  551.15 =>  559. 1
[0m[1;31m[HW]     Received Time doesn't correspond to the time we think it is (slot mismatch, received 559.1, expected 551.15)
[0m[1;31m[HW]     Received Time doesn't correspond to the time we think it is (frame mismatch, 559.1 , expected 551.1)
[0m[93m[HW]     TTI processing delay detected, skipping  559. 2 =>  566. 8
[0m[1;31m[HW]     Received Time doesn't correspond to the time we think it is (slot mismatch, received 566.8, expected 559.2)
[0m[1;31m[HW]     Received Time doesn't correspond to the time we think it is (frame mismatch, 566.8 , expected 559.8)
[0m[93m[HW]     TTI processing delay detected, skipping  566. 9 =>  573.14
[0m[1;31m[HW]     Received Time doesn't correspond to the time we think it is (slot mismatch, received 573.14, expected 566.9)
[0m[1;31m[HW]     Received Time doesn't correspond to the time we think it is (frame mismatch, 573.14 , expected 566.14)
[0m[93m[HW]     TTI processing delay detected, skipping  573.15 =>  581. 1
[0m[1;31m[HW]     Received Time doesn't correspond to the time we think it is (slot mismatch, received 581.1, expected 573.15)
[0m[1;31m[HW]     Received Time doesn't correspond to the time we think it is (frame mismatch, 581.1 , expected 573.1)
[0m[93m[HW]     TTI processing delay detected, skipping  581. 2 =>  588. 8
[0m[1;31m[HW]     Received Time doesn't correspond to the time we think it is (slot mismatch, received 588.8, expected 581.2)
[0m[1;31m[HW]     Received Time doesn't correspond to the time we think it is (frame mismatch, 588.8 , expected 581.8)
[0m[93m[HW]     TTI processing delay detected, skipping  588. 9 =>  595.15
[0m[1;31m[HW]     Received Time doesn't correspond to the time we think it is (slot mismatch, received 595.15, expected 588.9)
[0m[1;31m[HW]     Received Time doesn't correspond to the time we think it is (frame mismatch, 595.15 , expected 588.15)
[0m[93m[HW]     TTI processing delay detected, skipping  595.17 =>  603. 2
[0m[1;31m[HW]     Received Time doesn't correspond to the time we think it is (slot mismatch, received 603.2, expected 595.17)
[0m[1;31m[HW]     Received Time doesn't correspond to the time we think it is (frame mismatch, 603.2 , expected 595.2)
[0m[93m[HW]     TTI processing delay detected, skipping  603. 3 =>  610. 9
[0m[1;31m[HW]     Received Time doesn't correspond to the time we think it is (slot mismatch, received 610.9, expected 603.3)
[0m[1;31m[HW]     Received Time doesn't correspond to the time we think it is (frame mismatch, 610.9 , expected 603.9)
[0m[93m[HW]     TTI processing delay detected, skipping  610.10 =>  617.16
[0m[1;31m[HW]     Received Time doesn't correspond to the time we think it is (slot mismatch, received 617.16, expected 610.10)
[0m[1;31m[HW]     Received Time doesn't correspond to the time we think it is (frame mismatch, 617.16 , expected 610.16)
[0m[93m[HW]     TTI processing delay detected, skipping  617.17 =>  625. 3
[0m[1;31m[HW]     Received Time doesn't correspond to the time we think it is (slot mismatch, received 625.3, expected 617.17)
[0m[1;31m[HW]     Received Time doesn't correspond to the time we think it is (frame mismatch, 625.3 , expected 617.3)
[0m[93m[HW]     TTI processing delay detected, skipping  625. 4 =>  632.10
[0m[1;31m[HW]     Received Time doesn't correspond to the time we think it is (slot mismatch, received 632.10, expected 625.4)
[0m[1;31m[HW]     Received Time doesn't correspond to the time we think it is (frame mismatch, 632.10 , expected 625.10)
[0m[93m[HW]     TTI processing delay detected, skipping  632.12 =>  639.17
[0m[1;31m[HW]     Received Time doesn't correspond to the time we think it is (slot mismatch, received 639.17, expected 632.12)
[0m[1;31m[HW]     Received Time doesn't correspond to the time we think it is (frame mismatch, 639.17 , expected 632.17)
[0m[93m[HW]     TTI processing delay detected, skipping  639.18 =>  647. 4
[0m[1;31m[HW]     Received Time doesn't correspond to the time we think it is (slot mismatch, received 647.4, expected 639.18)
[0m[1;31m[HW]     Received Time doesn't correspond to the time we think it is (frame mismatch, 647.4 , expected 639.4)
[0m[93m[HW]     TTI processing delay detected, skipping  647. 5 =>  654.11
[0m[1;31m[HW]     Received Time doesn't correspond to the time we think it is (slot mismatch, received 654.11, expected 647.5)
[0m[1;31m[HW]     Received Time doesn't correspond to the time we think it is (frame mismatch, 654.11 , expected 647.11)
[0m[93m[HW]     TTI processing delay detected, skipping  654.12 =>  661.18
[0m[1;31m[HW]     Received Time doesn't correspond to the time we think it is (slot mismatch, received 661.18, expected 654.12)
[0m[1;31m[HW]     Received Time doesn't correspond to the time we think it is (frame mismatch, 661.18 , expected 654.18)
[0m[93m[HW]     TTI processing delay detected, skipping  661.19 =>  669. 4
[0m[1;31m[HW]     Received Time doesn't correspond to the time we think it is (slot mismatch, received 669.4, expected 661.19)
[0m[1;31m[HW]     Received Time doesn't correspond to the time we think it is (frame mismatch, 669.4 , expected 661.4)
[0m[93m[HW]     TTI processing delay detected, skipping  669. 5 =>  676.11
[0m[1;31m[HW]     Received Time doesn't correspond to the time we think it is (slot mismatch, received 676.11, expected 669.5)
[0m[1;31m[HW]     Received Time doesn't correspond to the time we think it is (frame mismatch, 676.11 , expected 669.11)
[0m[93m[HW]     TTI processing delay detected, skipping  676.12 =>  683.18
[0m[1;31m[HW]     Received Time doesn't correspond to the time we think it is (slot mismatch, received 683.18, expected 676.12)
[0m[1;31m[HW]     Received Time doesn't correspond to the time we think it is (frame mismatch, 683.18 , expected 676.18)
[0m[93m[HW]     TTI processing delay detected, skipping  683.19 =>  691. 5
[0m[1;31m[HW]     Received Time doesn't correspond to the time we think it is (slot mismatch, received 691.5, expected 683.19)
[0m[1;31m[HW]     Received Time doesn't correspond to the time we think it is (frame mismatch, 691.5 , expected 683.5)
[0m[93m[HW]     TTI processing delay detected, skipping  691. 7 =>  698.12
[0m[1;31m[HW]     Received Time doesn't correspond to the time we think it is (slot mismatch, received 698.12, expected 691.7)
[0m[1;31m[HW]     Received Time doesn't correspond to the time we think it is (frame mismatch, 698.12 , expected 691.12)
[0m[93m[HW]     TTI processing delay detected, skipping  698.13 =>  705.19
[0m[93m[HW]     we get rach data from ru, but it is not scheduled 705.19
[0m[1;31m[HW]     Received Time doesn't correspond to the time we think it is (slot mismatch, received 705.19, expected 698.13)
[0m[1;31m[HW]     Received Time doesn't correspond to the time we think it is (frame mismatch, 705.19 , expected 698.19)
[0m[93m[HW]     TTI processing delay detected, skipping  706. 0 =>  713. 6
[0m[1;31m[HW]     Received Time doesn't correspond to the time we think it is (slot mismatch, received 713.6, expected 706.0)
[0m[1;31m[HW]     Received Time doesn't correspond to the time we think it is (frame mismatch, 713.6 , expected 706.6)
[0m[93m[HW]     TTI processing delay detected, skipping  713. 7 =>  720.13
[0m[1;31m[HW]     Received Time doesn't correspond to the time we think it is (slot mismatch, received 720.13, expected 713.7)
[0m[1;31m[HW]     Received Time doesn't correspond to the time we think it is (frame mismatch, 720.13 , expected 713.13)
[0m[93m[HW]     TTI processing delay detected, skipping  720.14 =>  728. 0
[0m[1;31m[HW]     Received Time doesn't correspond to the time we think it is (slot mismatch, received 728.0, expected 720.14)
[0m[1;31m[HW]     Received Time doesn't correspond to the time we think it is (frame mismatch, 728.0 , expected 720.0)
[0m[93m[HW]     TTI processing delay detected, skipping  728. 2 =>  735. 7
[0m[1;31m[HW]     Received Time doesn't correspond to the time we think it is (slot mismatch, received 735.7, expected 728.2)
[0m[1;31m[HW]     Received Time doesn't correspond to the time we think it is (frame mismatch, 735.7 , expected 728.7)
[0m[93m[HW]     TTI processing delay detected, skipping  735. 8 =>  742.14
[0m[1;31m[HW]     Received Time doesn't correspond to the time we think it is (slot mismatch, received 742.14, expected 735.8)
[0m[1;31m[HW]     Received Time doesn't correspond to the time we think it is (frame mismatch, 742.14 , expected 735.14)
[0m[93m[HW]     TTI processing delay detected, skipping  742.15 =>  750. 1
[0m[1;31m[HW]     Received Time doesn't correspond to the time we think it is (slot mismatch, received 750.1, expected 742.15)
[0m[1;31m[HW]     Received Time doesn't correspond to the time we think it is (frame mismatch, 750.1 , expected 742.1)
[0m[93m[HW]     TTI processing delay detected, skipping  750. 2 =>  757. 8
[0m[1;31m[HW]     Received Time doesn't correspond to the time we think it is (slot mismatch, received 757.8, expected 750.2)
[0m[1;31m[HW]     Received Time doesn't correspond to the time we think it is (frame mismatch, 757.8 , expected 750.8)
[0m[93m[HW]     TTI processing delay detected, skipping  757. 9 =>  764.15
[0m[1;31m[HW]     Received Time doesn't correspond to the time we think it is (slot mismatch, received 764.15, expected 757.9)
[0m[1;31m[HW]     Received Time doesn't correspond to the time we think it is (frame mismatch, 764.15 , expected 757.15)
[0m[93m[HW]     TTI processing delay detected, skipping  764.17 =>  772. 2
[0m[1;31m[HW]     Received Time doesn't correspond to the time we think it is (slot mismatch, received 772.2, expected 764.17)
[0m[1;31m[HW]     Received Time doesn't correspond to the time we think it is (frame mismatch, 772.2 , expected 764.2)
[0m[93m[HW]     TTI processing delay detected, skipping  772. 3 =>  779. 9
[0m[1;31m[HW]     Received Time doesn't correspond to the time we think it is (slot mismatch, received 779.9, expected 772.3)
[0m[1;31m[HW]     Received Time doesn't correspond to the time we think it is (frame mismatch, 779.9 , expected 772.9)
[0m[93m[HW]     TTI processing delay detected, skipping  779.10 =>  786.16
[0m[93m[PHY]    no free space for a new detected rach, discarding
[0m[93m[NR_PHY_RACH] Error in scheduling rach
[0m[1;31m[HW]     Received Time doesn't correspond to the time we think it is (slot mismatch, received 786.16, expected 779.10)
[0m[1;31m[HW]     Received Time doesn't correspond to the time we think it is (frame mismatch, 786.16 , expected 779.16)
[0m[93m[HW]     TTI processing delay detected, skipping  786.17 =>  794. 3
[0m[1;31m[HW]     Received Time doesn't correspond to the time we think it is (slot mismatch, received 794.3, expected 786.17)
[0m[1;31m[HW]     Received Time doesn't correspond to the time we think it is (frame mismatch, 794.3 , expected 786.3)
[0m[93m[HW]     TTI processing delay detected, skipping  794. 4 =>  801.10
[0m[1;31m[HW]     Received Time doesn't correspond to the time we think it is (slot mismatch, received 801.10, expected 794.4)
[0m[1;31m[HW]     Received Time doesn't correspond to the time we think it is (frame mismatch, 801.10 , expected 794.10)
[0m[93m[HW]     TTI processing delay detected, skipping  801.12 =>  808.17
[0m[1;31m[HW]     Received Time doesn't correspond to the time we think it is (slot mismatch, received 808.17, expected 801.12)
[0m[1;31m[HW]     Received Time doesn't correspond to the time we think it is (frame mismatch, 808.17 , expected 801.17)
[0m[93m[HW]     TTI processing delay detected, skipping  808.18 =>  816. 4
[0m[1;31m[HW]     Received Time doesn't correspond to the time we think it is (slot mismatch, received 816.4, expected 808.18)
[0m[1;31m[HW]     Received Time doesn't correspond to the time we think it is (frame mismatch, 816.4 , expected 808.4)
[0m[93m[HW]     TTI processing delay detected, skipping  816. 5 =>  823.11
[0m[1;31m[HW]     Received Time doesn't correspond to the time we think it is (slot mismatch, received 823.11, expected 816.5)
[0m[1;31m[HW]     Received Time doesn't correspond to the time we think it is (frame mismatch, 823.11 , expected 816.11)
[0m[93m[HW]     TTI processing delay detected, skipping  823.12 =>  830.18
[0m[1;31m[HW]     Received Time doesn't correspond to the time we think it is (slot mismatch, received 830.18, expected 823.12)
[0m[1;31m[HW]     Received Time doesn't correspond to the time we think it is (frame mismatch, 830.18 , expected 823.18)
[0m[93m[HW]     TTI processing delay detected, skipping  830.19 =>  838. 5
[0m[1;31m[HW]     Received Time doesn't correspond to the time we think it is (slot mismatch, received 838.5, expected 830.19)
[0m[1;31m[HW]     Received Time doesn't correspond to the time we think it is (frame mismatch, 838.5 , expected 830.5)
[0m[93m[HW]     TTI processing delay detected, skipping  838. 7 =>  845.12
[0m[1;31m[HW]     Received Time doesn't correspond to the time we think it is (slot mismatch, received 845.12, expected 838.7)
[0m[1;31m[HW]     Received Time doesn't correspond to the time we think it is (frame mismatch, 845.12 , expected 838.12)
[0m[93m[HW]     TTI processing delay detected, skipping  845.13 =>  852.19
[0m[93m[HW]     we get rach data from ru, but it is not scheduled 852.19
[0m[1;31m[HW]     Received Time doesn't correspond to the time we think it is (slot mismatch, received 852.19, expected 845.13)
[0m[1;31m[HW]     Received Time doesn't correspond to the time we think it is (frame mismatch, 852.19 , expected 845.19)
[0m[93m[HW]     TTI processing delay detected, skipping  853. 0 =>  860. 6
[0m[1;31m[HW]     Received Time doesn't correspond to the time we think it is (slot mismatch, received 860.6, expected 853.0)
[0m[1;31m[HW]     Received Time doesn't correspond to the time we think it is (frame mismatch, 860.6 , expected 853.6)
[0m[93m[HW]     TTI processing delay detected, skipping  860. 7 =>  867.13
[0m[1;31m[HW]     Received Time doesn't correspond to the time we think it is (slot mismatch, received 867.13, expected 860.7)
[0m[1;31m[HW]     Received Time doesn't correspond to the time we think it is (frame mismatch, 867.13 , expected 860.13)
[0m[93m[HW]     TTI processing delay detected, skipping  867.14 =>  875. 0
[0m[1;31m[HW]     Received Time doesn't correspond to the time we think it is (slot mismatch, received 875.0, expected 867.14)
[0m[1;31m[HW]     Received Time doesn't correspond to the time we think it is (frame mismatch, 875.0 , expected 867.0)
[0m[93m[HW]     TTI processing delay detected, skipping  875. 2 =>  882. 7
[0m[1;31m[HW]     Received Time doesn't correspond to the time we think it is (slot mismatch, received 882.7, expected 875.2)
[0m[1;31m[HW]     Received Time doesn't correspond to the time we think it is (frame mismatch, 882.7 , expected 875.7)
[0m[93m[HW]     TTI processing delay detected, skipping  882. 8 =>  889.14
[0m[1;31m[HW]     Received Time doesn't correspond to the time we think it is (slot mismatch, received 889.14, expected 882.8)
[0m[1;31m[HW]     Received Time doesn't correspond to the time we think it is (frame mismatch, 889.14 , expected 882.14)
[0m[93m[HW]     TTI processing delay detected, skipping  889.15 =>  897. 1
[0m[1;31m[HW]     Received Time doesn't correspond to the time we think it is (slot mismatch, received 897.1, expected 889.15)
[0m[1;31m[HW]     Received Time doesn't correspond to the time we think it is (frame mismatch, 897.1 , expected 889.1)
[0m[93m[HW]     TTI processing delay detected, skipping  897. 2 =>  904. 8
[0m[1;31m[HW]     Received Time doesn't correspond to the time we think it is (slot mismatch, received 904.8, expected 897.2)
[0m[1;31m[HW]     Received Time doesn't correspond to the time we think it is (frame mismatch, 904.8 , expected 897.8)
[0m[93m[HW]     TTI processing delay detected, skipping  904. 9 =>  911.15
[0m[1;31m[HW]     Received Time doesn't correspond to the time we think it is (slot mismatch, received 911.15, expected 904.9)
[0m[1;31m[HW]     Received Time doesn't correspond to the time we think it is (frame mismatch, 911.15 , expected 904.15)
[0m[93m[HW]     TTI processing delay detected, skipping  911.17 =>  919. 2
[0m[1;31m[HW]     Received Time doesn't correspond to the time we think it is (slot mismatch, received 919.2, expected 911.17)
[0m[1;31m[HW]     Received Time doesn't correspond to the time we think it is (frame mismatch, 919.2 , expected 911.2)
[0m[93m[HW]     TTI processing delay detected, skipping  919. 3 =>  926. 9
[0m[1;31m[HW]     Received Time doesn't correspond to the time we think it is (slot mismatch, received 926.9, expected 919.3)
[0m[1;31m[HW]     Received Time doesn't correspond to the time we think it is (frame mismatch, 926.9 , expected 919.9)
[0m[93m[HW]     TTI processing delay detected, skipping  926.10 =>  933.16
[0m[93m[PHY]    no free space for a new detected rach, discarding
[0m[93m[NR_PHY_RACH] Error in scheduling rach
[0m[1;31m[HW]     Received Time doesn't correspond to the time we think it is (slot mismatch, received 933.16, expected 926.10)
[0m[1;31m[HW]     Received Time doesn't correspond to the time we think it is (frame mismatch, 933.16 , expected 926.16)
[0m[93m[HW]     TTI processing delay detected, skipping  933.17 =>  941. 3
[0m[1;31m[HW]     Received Time doesn't correspond to the time we think it is (slot mismatch, received 941.3, expected 933.17)
[0m[1;31m[HW]     Received Time doesn't correspond to the time we think it is (frame mismatch, 941.3 , expected 933.3)
[0m[93m[HW]     TTI processing delay detected, skipping  941. 4 =>  948.10
[0m[1;31m[HW]     Received Time doesn't correspond to the time we think it is (slot mismatch, received 948.10, expected 941.4)
[0m[1;31m[HW]     Received Time doesn't correspond to the time we think it is (frame mismatch, 948.10 , expected 941.10)
[0m[93m[HW]     TTI processing delay detected, skipping  948.12 =>  955.17
[0m[1;31m[HW]     Received Time doesn't correspond to the time we think it is (slot mismatch, received 955.17, expected 948.12)
[0m[1;31m[HW]     Received Time doesn't correspond to the time we think it is (frame mismatch, 955.17 , expected 948.17)
[0m[93m[HW]     TTI processing delay detected, skipping  955.18 =>  963. 4
[0m[1;31m[HW]     Received Time doesn't correspond to the time we think it is (slot mismatch, received 963.4, expected 955.18)
[0m[1;31m[HW]     Received Time doesn't correspond to the time we think it is (frame mismatch, 963.4 , expected 955.4)
[0m[93m[HW]     TTI processing delay detected, skipping  963. 5 =>  970.11
[0m[1;31m[HW]     Received Time doesn't correspond to the time we think it is (slot mismatch, received 970.11, expected 963.5)
[0m[1;31m[HW]     Received Time doesn't correspond to the time we think it is (frame mismatch, 970.11 , expected 963.11)
[0m[93m[HW]     TTI processing delay detected, skipping  970.12 =>  977.18
[0m[1;31m[HW]     Received Time doesn't correspond to the time we think it is (slot mismatch, received 977.18, expected 970.12)
[0m[1;31m[HW]     Received Time doesn't correspond to the time we think it is (frame mismatch, 977.18 , expected 970.18)
[0m[93m[HW]     TTI processing delay detected, skipping  977.19 =>  985. 5
[0m[1;31m[HW]     Received Time doesn't correspond to the time we think it is (slot mismatch, received 985.5, expected 977.19)
[0m[1;31m[HW]     Received Time doesn't correspond to the time we think it is (frame mismatch, 985.5 , expected 977.5)
[0m[93m[HW]     TTI processing delay detected, skipping  985. 7 =>  992.12
[0m[1;31m[HW]     Received Time doesn't correspond to the time we think it is (slot mismatch, received 992.12, expected 985.7)
[0m[1;31m[HW]     Received Time doesn't correspond to the time we think it is (frame mismatch, 992.12 , expected 985.12)
[0m[93m[HW]     TTI processing delay detected, skipping  992.13 =>  999.19
[0m[93m[HW]     we get rach data from ru, but it is not scheduled 999.19
[0m[1;31m[HW]     Received Time doesn't correspond to the time we think it is (slot mismatch, received 999.19, expected 992.13)
[0m[1;31m[HW]     Received Time doesn't correspond to the time we think it is (frame mismatch, 999.19 , expected 992.19)
[0m[93m[HW]     TTI processing delay detected, skipping 1000. 0 => 1007. 6
[0m[1;31m[HW]     Received Time doesn't correspond to the time we think it is (slot mismatch, received 1007.6, expected 1000.0)
[0m[1;31m[HW]     Received Time doesn't correspond to the time we think it is (frame mismatch, 1007.6 , expected 1000.6)
[0m[93m[HW]     TTI processing delay detected, skipping 1007. 7 => 1014.13
[0m[1;31m[HW]     Received Time doesn't correspond to the time we think it is (slot mismatch, received 1014.13, expected 1007.7)
[0m[1;31m[HW]     Received Time doesn't correspond to the time we think it is (frame mismatch, 1014.13 , expected 1007.13)
[0m[93m[HW]     TTI processing delay detected, skipping 1014.14 => 1022. 0
[0m[1;31m[HW]     Received Time doesn't correspond to the time we think it is (slot mismatch, received 1022.0, expected 1014.14)
[0m[1;31m[HW]     Received Time doesn't correspond to the time we think it is (frame mismatch, 1022.0 , expected 1014.0)
[0m[93m[HW]     TTI processing delay detected, skipping 1022. 2 =>    5. 7
[0m[1;31m[HW]     Received Time doesn't correspond to the time we think it is (slot mismatch, received 5.7, expected 1022.2)
[0m[1;31m[HW]     Received Time doesn't correspond to the time we think it is (frame mismatch, 5.7 , expected 1022.7)
[0m[93m[HW]     TTI processing delay detected, skipping    5. 8 =>   12.14
[0m[1;31m[HW]     Received Time doesn't correspond to the time we think it is (slot mismatch, received 12.14, expected 5.8)
[0m[1;31m[HW]     Received Time doesn't correspond to the time we think it is (frame mismatch, 12.14 , expected 5.14)
[0m[93m[HW]     TTI processing delay detected, skipping   12.15 =>   20. 1
[0m[1;31m[HW]     Received Time doesn't correspond to the time we think it is (slot mismatch, received 20.1, expected 12.15)
[0m[1;31m[HW]     Received Time doesn't correspond to the time we think it is (frame mismatch, 20.1 , expected 12.1)
[0m[93m[HW]     TTI processing delay detected, skipping   20. 2 =>   27. 8
[0m[1;31m[HW]     Received Time doesn't correspond to the time we think it is (slot mismatch, received 27.8, expected 20.2)
[0m[1;31m[HW]     Received Time doesn't correspond to the time we think it is (frame mismatch, 27.8 , expected 20.8)
[0m[93m[HW]     TTI processing delay detected, skipping   27. 9 =>   34.15
[0m[1;31m[HW]     Received Time doesn't correspond to the time we think it is (slot mismatch, received 34.15, expected 27.9)
[0m[1;31m[HW]     Received Time doesn't correspond to the time we think it is (frame mismatch, 34.15 , expected 27.15)
[0m[93m[HW]     TTI processing delay detected, skipping   34.17 =>   42. 2
[0m[1;31m[HW]     Received Time doesn't correspond to the time we think it is (slot mismatch, received 42.2, expected 34.17)
[0m[1;31m[HW]     Received Time doesn't correspond to the time we think it is (frame mismatch, 42.2 , expected 34.2)
[0m[93m[HW]     TTI processing delay detected, skipping   42. 3 =>   49. 9
[0m[1;31m[HW]     Received Time doesn't correspond to the time we think it is (slot mismatch, received 49.9, expected 42.3)
[0m[1;31m[HW]     Received Time doesn't correspond to the time we think it is (frame mismatch, 49.9 , expected 42.9)
[0m[93m[HW]     TTI processing delay detected, skipping   49.10 =>   56.16
[0m[93m[PHY]    no free space for a new detected rach, discarding
[0m[93m[NR_PHY_RACH] Error in scheduling rach
[0m[1;31m[HW]     Received Time doesn't correspond to the time we think it is (slot mismatch, received 56.16, expected 49.10)
[0m[1;31m[HW]     Received Time doesn't correspond to the time we think it is (frame mismatch, 56.16 , expected 49.16)
[0m[93m[HW]     TTI processing delay detected, skipping   56.17 =>   64. 3
[0m[1;31m[HW]     Received Time doesn't correspond to the time we think it is (slot mismatch, received 64.3, expected 56.17)
[0m[1;31m[HW]     Received Time doesn't correspond to the time we think it is (frame mismatch, 64.3 , expected 56.3)
[0m[93m[HW]     TTI processing delay detected, skipping   64. 4 =>   71.10
[0m[1;31m[HW]     Received Time doesn't correspond to the time we think it is (slot mismatch, received 71.10, expected 64.4)
[0m[1;31m[HW]     Received Time doesn't correspond to the time we think it is (frame mismatch, 71.10 , expected 64.10)
[0m[93m[HW]     TTI processing delay detected, skipping   71.12 =>   78.17
[0m[1;31m[HW]     Received Time doesn't correspond to the time we think it is (slot mismatch, received 78.17, expected 71.12)
[0m[1;31m[HW]     Received Time doesn't correspond to the time we think it is (frame mismatch, 78.17 , expected 71.17)
[0m[93m[HW]     TTI processing delay detected, skipping   78.18 =>   86. 4
[0m[1;31m[HW]     Received Time doesn't correspond to the time we think it is (slot mismatch, received 86.4, expected 78.18)
[0m[1;31m[HW]     Received Time doesn't correspond to the time we think it is (frame mismatch, 86.4 , expected 78.4)
[0m[93m[HW]     TTI processing delay detected, skipping   86. 5 =>   93.11
[0m[1;31m[HW]     Received Time doesn't correspond to the time we think it is (slot mismatch, received 93.11, expected 86.5)
[0m[1;31m[HW]     Received Time doesn't correspond to the time we think it is (frame mismatch, 93.11 , expected 86.11)
[0m[93m[HW]     TTI processing delay detected, skipping   93.12 =>  100.18
[0m[1;31m[HW]     Received Time doesn't correspond to the time we think it is (slot mismatch, received 100.18, expected 93.12)
[0m[1;31m[HW]     Received Time doesn't correspond to the time we think it is (frame mismatch, 100.18 , expected 93.18)
[0m[93m[HW]     TTI processing delay detected, skipping  100.19 =>  108. 5
[0m[1;31m[HW]     Received Time doesn't correspond to the time we think it is (slot mismatch, received 108.5, expected 100.19)
[0m[1;31m[HW]     Received Time doesn't correspond to the time we think it is (frame mismatch, 108.5 , expected 100.5)
[0m[93m[HW]     TTI processing delay detected, skipping  108. 7 =>  115.12
[0m[1;31m[HW]     Received Time doesn't correspond to the time we think it is (slot mismatch, received 115.12, expected 108.7)
[0m[1;31m[HW]     Received Time doesn't correspond to the time we think it is (frame mismatch, 115.12 , expected 108.12)
[0m[93m[HW]     TTI processing delay detected, skipping  115.13 =>  122.19
[0m[93m[HW]     we get rach data from ru, but it is not scheduled 122.19
[0m[1;31m[HW]     Received Time doesn't correspond to the time we think it is (slot mismatch, received 122.19, expected 115.13)
[0m[1;31m[HW]     Received Time doesn't correspond to the time we think it is (frame mismatch, 122.19 , expected 115.19)
[0m[93m[HW]     TTI processing delay detected, skipping  123. 0 =>  130. 6
[0m[1;31m[HW]     Received Time doesn't correspond to the time we think it is (slot mismatch, received 130.6, expected 123.0)
[0m[1;31m[HW]     Received Time doesn't correspond to the time we think it is (frame mismatch, 130.6 , expected 123.6)
[0m[93m[HW]     TTI processing delay detected, skipping  130. 7 =>  137.13
[0m[1;31m[HW]     Received Time doesn't correspond to the time we think it is (slot mismatch, received 137.13, expected 130.7)
[0m[1;31m[HW]     Received Time doesn't correspond to the time we think it is (frame mismatch, 137.13 , expected 130.13)
[0m[93m[HW]     TTI processing delay detected, skipping  137.14 =>  145. 0
[0m[1;31m[HW]     Received Time doesn't correspond to the time we think it is (slot mismatch, received 145.0, expected 137.14)
[0m[1;31m[HW]     Received Time doesn't correspond to the time we think it is (frame mismatch, 145.0 , expected 137.0)
[0m[93m[HW]     TTI processing delay detected, skipping  145. 2 =>  152. 7
[0m[1;31m[HW]     Received Time doesn't correspond to the time we think it is (slot mismatch, received 152.7, expected 145.2)
[0m[1;31m[HW]     Received Time doesn't correspond to the time we think it is (frame mismatch, 152.7 , expected 145.7)
[0m[93m[HW]     TTI processing delay detected, skipping  152. 8 =>  159.14
[0m[1;31m[HW]     Received Time doesn't correspond to the time we think it is (slot mismatch, received 159.14, expected 152.8)
[0m[1;31m[HW]     Received Time doesn't correspond to the time we think it is (frame mismatch, 159.14 , expected 152.14)
[0m[93m[HW]     TTI processing delay detected, skipping  159.15 =>  167. 1
[0m[1;31m[HW]     Received Time doesn't correspond to the time we think it is (slot mismatch, received 167.1, expected 159.15)
[0m[1;31m[HW]     Received Time doesn't correspond to the time we think it is (frame mismatch, 167.1 , expected 159.1)
[0m[93m[HW]     TTI processing delay detected, skipping  167. 2 =>  174. 8
[0m[1;31m[HW]     Received Time doesn't correspond to the time we think it is (slot mismatch, received 174.8, expected 167.2)
[0m[1;31m[HW]     Received Time doesn't correspond to the time we think it is (frame mismatch, 174.8 , expected 167.8)
[0m[93m[HW]     TTI processing delay detected, skipping  174. 9 =>  181.15
[0m[1;31m[HW]     Received Time doesn't correspond to the time we think it is (slot mismatch, received 181.15, expected 174.9)
[0m[1;31m[HW]     Received Time doesn't correspond to the time we think it is (frame mismatch, 181.15 , expected 174.15)
[0m[93m[HW]     TTI processing delay detected, skipping  181.17 =>  189. 2
[0m[1;31m[HW]     Received Time doesn't correspond to the time we think it is (slot mismatch, received 189.2, expected 181.17)
[0m[1;31m[HW]     Received Time doesn't correspond to the time we think it is (frame mismatch, 189.2 , expected 181.2)
[0m[93m[HW]     TTI processing delay detected, skipping  189. 3 =>  196. 9
[0m[1;31m[HW]     Received Time doesn't correspond to the time we think it is (slot mismatch, received 196.9, expected 189.3)
[0m[1;31m[HW]     Received Time doesn't correspond to the time we think it is (frame mismatch, 196.9 , expected 189.9)
[0m[93m[HW]     TTI processing delay detected, skipping  196.10 =>  203.16
[0m[93m[PHY]    no free space for a new detected rach, discarding
[0m[93m[NR_PHY_RACH] Error in scheduling rach
[0m[1;31m[HW]     Received Time doesn't correspond to the time we think it is (slot mismatch, received 203.16, expected 196.10)
[0m[1;31m[HW]     Received Time doesn't correspond to the time we think it is (frame mismatch, 203.16 , expected 196.16)
[0m[93m[HW]     TTI processing delay detected, skipping  203.17 =>  211. 3
[0m[1;31m[HW]     Received Time doesn't correspond to the time we think it is (slot mismatch, received 211.3, expected 203.17)
[0m[1;31m[HW]     Received Time doesn't correspond to the time we think it is (frame mismatch, 211.3 , expected 203.3)
[0m[93m[HW]     TTI processing delay detected, skipping  211. 4 =>  218.10
[0m[1;31m[HW]     Received Time doesn't correspond to the time we think it is (slot mismatch, received 218.10, expected 211.4)
[0m[1;31m[HW]     Received Time doesn't correspond to the time we think it is (frame mismatch, 218.10 , expected 211.10)
[0m[93m[HW]     TTI processing delay detected, skipping  218.12 =>  225.17
[0m[1;31m[HW]     Received Time doesn't correspond to the time we think it is (slot mismatch, received 225.17, expected 218.12)
[0m[1;31m[HW]     Received Time doesn't correspond to the time we think it is (frame mismatch, 225.17 , expected 218.17)
[0m[93m[HW]     TTI processing delay detected, skipping  225.18 =>  233. 4
[0m[1;31m[HW]     Received Time doesn't correspond to the time we think it is (slot mismatch, received 233.4, expected 225.18)
[0m[1;31m[HW]     Received Time doesn't correspond to the time we think it is (frame mismatch, 233.4 , expected 225.4)
[0m[93m[HW]     TTI processing delay detected, skipping  233. 5 =>  240.11
[0m[1;31m[HW]     Received Time doesn't correspond to the time we think it is (slot mismatch, received 240.11, expected 233.5)
[0m[1;31m[HW]     Received Time doesn't correspond to the time we think it is (frame mismatch, 240.11 , expected 233.11)
[0m[93m[HW]     TTI processing delay detected, skipping  240.12 =>  247.18
[0m[1;31m[HW]     Received Time doesn't correspond to the time we think it is (slot mismatch, received 247.18, expected 240.12)
[0m[1;31m[HW]     Received Time doesn't correspond to the time we think it is (frame mismatch, 247.18 , expected 240.18)
[0m[93m[HW]     TTI processing delay detected, skipping  247.19 =>  255. 5
[0m[1;31m[HW]     Received Time doesn't correspond to the time we think it is (slot mismatch, received 255.5, expected 247.19)
[0m[1;31m[HW]     Received Time doesn't correspond to the time we think it is (frame mismatch, 255.5 , expected 247.5)
[0m[93m[HW]     TTI processing delay detected, skipping  255. 7 =>  262.12
[0m[1;31m[HW]     Received Time doesn't correspond to the time we think it is (slot mismatch, received 262.12, expected 255.7)
[0m[1;31m[HW]     Received Time doesn't correspond to the time we think it is (frame mismatch, 262.12 , expected 255.12)
[0m[93m[HW]     TTI processing delay detected, skipping  262.13 =>  269.19
[0m[93m[HW]     we get rach data from ru, but it is not scheduled 269.19
[0m[1;31m[HW]     Received Time doesn't correspond to the time we think it is (slot mismatch, received 269.19, expected 262.13)
[0m[1;31m[HW]     Received Time doesn't correspond to the time we think it is (frame mismatch, 269.19 , expected 262.19)
[0m[93m[HW]     TTI processing delay detected, skipping  270. 0 =>  277. 6
[0m[1;31m[HW]     Received Time doesn't correspond to the time we think it is (slot mismatch, received 277.6, expected 270.0)
[0m[1;31m[HW]     Received Time doesn't correspond to the time we think it is (frame mismatch, 277.6 , expected 270.6)
[0m[93m[HW]     TTI processing delay detected, skipping  277. 7 =>  284.13
[0m[1;31m[HW]     Received Time doesn't correspond to the time we think it is (slot mismatch, received 284.13, expected 277.7)
[0m[1;31m[HW]     Received Time doesn't correspond to the time we think it is (frame mismatch, 284.13 , expected 277.13)
[0m[93m[HW]     TTI processing delay detected, skipping  284.14 =>  292. 0
[0m[1;31m[HW]     Received Time doesn't correspond to the time we think it is (slot mismatch, received 292.0, expected 284.14)
[0m[1;31m[HW]     Received Time doesn't correspond to the time we think it is (frame mismatch, 292.0 , expected 284.0)
[0m[93m[HW]     TTI processing delay detected, skipping  292. 2 =>  299. 7
[0m[1;31m[HW]     Received Time doesn't correspond to the time we think it is (slot mismatch, received 299.7, expected 292.2)
[0m[1;31m[HW]     Received Time doesn't correspond to the time we think it is (frame mismatch, 299.7 , expected 292.7)
[0m[93m[HW]     TTI processing delay detected, skipping  299. 8 =>  306.14
[0m[1;31m[HW]     Received Time doesn't correspond to the time we think it is (slot mismatch, received 306.14, expected 299.8)
[0m[1;31m[HW]     Received Time doesn't correspond to the time we think it is (frame mismatch, 306.14 , expected 299.14)
[0m[93m[HW]     TTI processing delay detected, skipping  306.15 =>  314. 1
[0m[1;31m[HW]     Received Time doesn't correspond to the time we think it is (slot mismatch, received 314.1, expected 306.15)
[0m[1;31m[HW]     Received Time doesn't correspond to the time we think it is (frame mismatch, 314.1 , expected 306.1)
[0m[93m[HW]     TTI processing delay detected, skipping  314. 2 =>  321. 8
[0m[1;31m[HW]     Received Time doesn't correspond to the time we think it is (slot mismatch, received 321.8, expected 314.2)
[0m[1;31m[HW]     Received Time doesn't correspond to the time we think it is (frame mismatch, 321.8 , expected 314.8)
[0m[93m[HW]     TTI processing delay detected, skipping  321. 9 =>  328.15
[0m[1;31m[HW]     Received Time doesn't correspond to the time we think it is (slot mismatch, received 328.15, expected 321.9)
[0m[1;31m[HW]     Received Time doesn't correspond to the time we think it is (frame mismatch, 328.15 , expected 321.15)
[0m[93m[HW]     TTI processing delay detected, skipping  328.17 =>  336. 2
[0m[1;31m[HW]     Received Time doesn't correspond to the time we think it is (slot mismatch, received 336.2, expected 328.17)
[0m[1;31m[HW]     Received Time doesn't correspond to the time we think it is (frame mismatch, 336.2 , expected 328.2)
[0m[93m[HW]     TTI processing delay detected, skipping  336. 3 =>  343. 9
[0m[1;31m[HW]     Received Time doesn't correspond to the time we think it is (slot mismatch, received 343.9, expected 336.3)
[0m[1;31m[HW]     Received Time doesn't correspond to the time we think it is (frame mismatch, 343.9 , expected 336.9)
[0m[93m[HW]     TTI processing delay detected, skipping  343.10 =>  350.16
[0m[93m[PHY]    no free space for a new detected rach, discarding
[0m[93m[NR_PHY_RACH] Error in scheduling rach
[0m[1;31m[HW]     Received Time doesn't correspond to the time we think it is (slot mismatch, received 350.16, expected 343.10)
[0m[1;31m[HW]     Received Time doesn't correspond to the time we think it is (frame mismatch, 350.16 , expected 343.16)
[0m[93m[HW]     TTI processing delay detected, skipping  350.17 =>  358. 3
[0m[1;31m[HW]     Received Time doesn't correspond to the time we think it is (slot mismatch, received 358.3, expected 350.17)
[0m[1;31m[HW]     Received Time doesn't correspond to the time we think it is (frame mismatch, 358.3 , expected 350.3)
[0m[93m[HW]     TTI processing delay detected, skipping  358. 4 =>  365.10
[0m[1;31m[HW]     Received Time doesn't correspond to the time we think it is (slot mismatch, received 365.10, expected 358.4)
[0m[1;31m[HW]     Received Time doesn't correspond to the time we think it is (frame mismatch, 365.10 , expected 358.10)
[0m[93m[HW]     TTI processing delay detected, skipping  365.12 =>  372.17
[0m[1;31m[HW]     Received Time doesn't correspond to the time we think it is (slot mismatch, received 372.17, expected 365.12)
[0m[1;31m[HW]     Received Time doesn't correspond to the time we think it is (frame mismatch, 372.17 , expected 365.17)
[0m[93m[HW]     TTI processing delay detected, skipping  372.18 =>  380. 4
[0m[1;31m[HW]     Received Time doesn't correspond to the time we think it is (slot mismatch, received 380.4, expected 372.18)
[0m[1;31m[HW]     Received Time doesn't correspond to the time we think it is (frame mismatch, 380.4 , expected 372.4)
[0m[93m[HW]     TTI processing delay detected, skipping  380. 5 =>  387.11
[0m[1;31m[HW]     Received Time doesn't correspond to the time we think it is (slot mismatch, received 387.11, expected 380.5)
[0m[1;31m[HW]     Received Time doesn't correspond to the time we think it is (frame mismatch, 387.11 , expected 380.11)
[0m[93m[HW]     TTI processing delay detected, skipping  387.12 =>  394.18
[0m[1;31m[HW]     Received Time doesn't correspond to the time we think it is (slot mismatch, received 394.18, expected 387.12)
[0m[1;31m[HW]     Received Time doesn't correspond to the time we think it is (frame mismatch, 394.18 , expected 387.18)
[0m[93m[HW]     TTI processing delay detected, skipping  394.19 =>  402. 5
[0m[1;31m[HW]     Received Time doesn't correspond to the time we think it is (slot mismatch, received 402.5, expected 394.19)
[0m[1;31m[HW]     Received Time doesn't correspond to the time we think it is (frame mismatch, 402.5 , expected 394.5)
[0m[93m[HW]     TTI processing delay detected, skipping  402. 7 =>  409.12
[0m[1;31m[HW]     Received Time doesn't correspond to the time we think it is (slot mismatch, received 409.12, expected 402.7)
[0m[1;31m[HW]     Received Time doesn't correspond to the time we think it is (frame mismatch, 409.12 , expected 402.12)
[0m[93m[HW]     TTI processing delay detected, skipping  409.13 =>  416.19
[0m[93m[HW]     we get rach data from ru, but it is not scheduled 416.19
[0m[1;31m[HW]     Received Time doesn't correspond to the time we think it is (slot mismatch, received 416.19, expected 409.13)
[0m[1;31m[HW]     Received Time doesn't correspond to the time we think it is (frame mismatch, 416.19 , expected 409.19)
[0m[93m[HW]     TTI processing delay detected, skipping  417. 0 =>  424. 6
[0m[1;31m[HW]     Received Time doesn't correspond to the time we think it is (slot mismatch, received 424.6, expected 417.0)
[0m[1;31m[HW]     Received Time doesn't correspond to the time we think it is (frame mismatch, 424.6 , expected 417.6)
[0m[93m[HW]     TTI processing delay detected, skipping  424. 7 =>  431.13
[0m[1;31m[HW]     Received Time doesn't correspond to the time we think it is (slot mismatch, received 431.13, expected 424.7)
[0m[1;31m[HW]     Received Time doesn't correspond to the time we think it is (frame mismatch, 431.13 , expected 424.13)
[0m[93m[HW]     TTI processing delay detected, skipping  431.14 =>  439. 0
[0m[1;31m[HW]     Received Time doesn't correspond to the time we think it is (slot mismatch, received 439.0, expected 431.14)
[0m[1;31m[HW]     Received Time doesn't correspond to the time we think it is (frame mismatch, 439.0 , expected 431.0)
[0m[93m[HW]     TTI processing delay detected, skipping  439. 2 =>  446. 7
[0m[1;31m[HW]     Received Time doesn't correspond to the time we think it is (slot mismatch, received 446.7, expected 439.2)
[0m[1;31m[HW]     Received Time doesn't correspond to the time we think it is (frame mismatch, 446.7 , expected 439.7)
[0m[93m[HW]     TTI processing delay detected, skipping  446. 8 =>  453.14
[0m[1;31m[HW]     Received Time doesn't correspond to the time we think it is (slot mismatch, received 453.14, expected 446.8)
[0m[1;31m[HW]     Received Time doesn't correspond to the time we think it is (frame mismatch, 453.14 , expected 446.14)
[0m[93m[HW]     TTI processing delay detected, skipping  453.15 =>  461. 1
[0m[1;31m[HW]     Received Time doesn't correspond to the time we think it is (slot mismatch, received 461.1, expected 453.15)
[0m[1;31m[HW]     Received Time doesn't correspond to the time we think it is (frame mismatch, 461.1 , expected 453.1)
[0m[93m[HW]     TTI processing delay detected, skipping  461. 2 =>  468. 8
[0m[1;31m[HW]     Received Time doesn't correspond to the time we think it is (slot mismatch, received 468.8, expected 461.2)
[0m[1;31m[HW]     Received Time doesn't correspond to the time we think it is (frame mismatch, 468.8 , expected 461.8)
[0m[93m[HW]     TTI processing delay detected, skipping  468. 9 =>  475.15
[0m[1;31m[HW]     Received Time doesn't correspond to the time we think it is (slot mismatch, received 475.15, expected 468.9)
[0m[1;31m[HW]     Received Time doesn't correspond to the time we think it is (frame mismatch, 475.15 , expected 468.15)
[0m[93m[HW]     TTI processing delay detected, skipping  475.17 =>  483. 2
[0m[1;31m[HW]     Received Time doesn't correspond to the time we think it is (slot mismatch, received 483.2, expected 475.17)
[0m[1;31m[HW]     Received Time doesn't correspond to the time we think it is (frame mismatch, 483.2 , expected 475.2)
[0m[93m[HW]     TTI processing delay detected, skipping  483. 3 =>  490. 9
[0m[1;31m[HW]     Received Time doesn't correspond to the time we think it is (slot mismatch, received 490.9, expected 483.3)
[0m[1;31m[HW]     Received Time doesn't correspond to the time we think it is (frame mismatch, 490.9 , expected 483.9)
[0m[93m[HW]     TTI processing delay detected, skipping  490.10 =>  497.16
[0m[93m[PHY]    no free space for a new detected rach, discarding
[0m[93m[NR_PHY_RACH] Error in scheduling rach
[0m[1;31m[HW]     Received Time doesn't correspond to the time we think it is (slot mismatch, received 497.16, expected 490.10)
[0m[1;31m[HW]     Received Time doesn't correspond to the time we think it is (frame mismatch, 497.16 , expected 490.16)
[0m[93m[HW]     TTI processing delay detected, skipping  497.17 =>  505. 3
[0m[1;31m[HW]     Received Time doesn't correspond to the time we think it is (slot mismatch, received 505.3, expected 497.17)
[0m[1;31m[HW]     Received Time doesn't correspond to the time we think it is (frame mismatch, 505.3 , expected 497.3)
[0m[93m[HW]     TTI processing delay detected, skipping  505. 4 =>  512.10
[0m[1;31m[HW]     Received Time doesn't correspond to the time we think it is (slot mismatch, received 512.10, expected 505.4)
[0m[1;31m[HW]     Received Time doesn't correspond to the time we think it is (frame mismatch, 512.10 , expected 505.10)
[0m[93m[HW]     TTI processing delay detected, skipping  512.12 =>  519.17
[0m[1;31m[HW]     Received Time doesn't correspond to the time we think it is (slot mismatch, received 519.17, expected 512.12)
[0m[1;31m[HW]     Received Time doesn't correspond to the time we think it is (frame mismatch, 519.17 , expected 512.17)
[0m[93m[HW]     TTI processing delay detected, skipping  519.18 =>  527. 4
[0m[1;31m[HW]     Received Time doesn't correspond to the time we think it is (slot mismatch, received 527.4, expected 519.18)
[0m[1;31m[HW]     Received Time doesn't correspond to the time we think it is (frame mismatch, 527.4 , expected 519.4)
[0m[93m[HW]     TTI processing delay detected, skipping  527. 5 =>  534.11
[0m[1;31m[HW]     Received Time doesn't correspond to the time we think it is (slot mismatch, received 534.11, expected 527.5)
[0m[1;31m[HW]     Received Time doesn't correspond to the time we think it is (frame mismatch, 534.11 , expected 527.11)
[0m[93m[HW]     TTI processing delay detected, skipping  534.12 =>  541.18
[0m[1;31m[HW]     Received Time doesn't correspond to the time we think it is (slot mismatch, received 541.18, expected 534.12)
[0m[1;31m[HW]     Received Time doesn't correspond to the time we think it is (frame mismatch, 541.18 , expected 534.18)
[0m[93m[HW]     TTI processing delay detected, skipping  541.19 =>  549. 5
[0m[1;31m[HW]     Received Time doesn't correspond to the time we think it is (slot mismatch, received 549.5, expected 541.19)
[0m[1;31m[HW]     Received Time doesn't correspond to the time we think it is (frame mismatch, 549.5 , expected 541.5)
[0m[93m[HW]     TTI processing delay detected, skipping  549. 7 =>  556.12
[0m[1;31m[HW]     Received Time doesn't correspond to the time we think it is (slot mismatch, received 556.12, expected 549.7)
[0m[1;31m[HW]     Received Time doesn't correspond to the time we think it is (frame mismatch, 556.12 , expected 549.12)
[0m[93m[HW]     TTI processing delay detected, skipping  556.13 =>  563.19
[0m[93m[HW]     we get rach data from ru, but it is not scheduled 563.19
[0m[1;31m[HW]     Received Time doesn't correspond to the time we think it is (slot mismatch, received 563.19, expected 556.13)
[0m[1;31m[HW]     Received Time doesn't correspond to the time we think it is (frame mismatch, 563.19 , expected 556.19)
[0m[93m[HW]     TTI processing delay detected, skipping  564. 0 =>  571. 6
[0m[1;31m[HW]     Received Time doesn't correspond to the time we think it is (slot mismatch, received 571.6, expected 564.0)
[0m[1;31m[HW]     Received Time doesn't correspond to the time we think it is (frame mismatch, 571.6 , expected 564.6)
[0m[93m[HW]     TTI processing delay detected, skipping  571. 7 =>  578.13
[0m[1;31m[HW]     Received Time doesn't correspond to the time we think it is (slot mismatch, received 578.13, expected 571.7)
[0m[1;31m[HW]     Received Time doesn't correspond to the time we think it is (frame mismatch, 578.13 , expected 571.13)
[0m[93m[HW]     TTI processing delay detected, skipping  578.14 =>  585.19
[0m[93m[HW]     we get rach data from ru, but it is not scheduled 585.19
[0m[1;31m[HW]     Received Time doesn't correspond to the time we think it is (slot mismatch, received 585.19, expected 578.14)
[0m[1;31m[HW]     Received Time doesn't correspond to the time we think it is (frame mismatch, 585.19 , expected 578.19)
[0m[93m[HW]     TTI processing delay detected, skipping  586. 0 =>  593. 6
[0m[1;31m[HW]     Received Time doesn't correspond to the time we think it is (slot mismatch, received 593.6, expected 586.0)
[0m[1;31m[HW]     Received Time doesn't correspond to the time we think it is (frame mismatch, 593.6 , expected 586.6)
[0m[93m[HW]     TTI processing delay detected, skipping  593. 7 =>  600.13
[0m[1;31m[HW]     Received Time doesn't correspond to the time we think it is (slot mismatch, received 600.13, expected 593.7)
[0m[1;31m[HW]     Received Time doesn't correspond to the time we think it is (frame mismatch, 600.13 , expected 593.13)
[0m[93m[HW]     TTI processing delay detected, skipping  600.14 =>  608. 0
[0m[1;31m[HW]     Received Time doesn't correspond to the time we think it is (slot mismatch, received 608.0, expected 600.14)
[0m[1;31m[HW]     Received Time doesn't correspond to the time we think it is (frame mismatch, 608.0 , expected 600.0)
[0m[93m[HW]     TTI processing delay detected, skipping  608. 2 =>  615. 7
[0m[1;31m[HW]     Received Time doesn't correspond to the time we think it is (slot mismatch, received 615.7, expected 608.2)
[0m[1;31m[HW]     Received Time doesn't correspond to the time we think it is (frame mismatch, 615.7 , expected 608.7)
[0m[93m[HW]     TTI processing delay detected, skipping  615. 8 =>  622.14
[0m[1;31m[HW]     Received Time doesn't correspond to the time we think it is (slot mismatch, received 622.14, expected 615.8)
[0m[1;31m[HW]     Received Time doesn't correspond to the time we think it is (frame mismatch, 622.14 , expected 615.14)
[0m[93m[HW]     TTI processing delay detected, skipping  622.15 =>  630. 1
[0m[1;31m[HW]     Received Time doesn't correspond to the time we think it is (slot mismatch, received 630.1, expected 622.15)
[0m[1;31m[HW]     Received Time doesn't correspond to the time we think it is (frame mismatch, 630.1 , expected 622.1)
[0m[93m[HW]     TTI processing delay detected, skipping  630. 2 =>  637. 8
[0m[1;31m[HW]     Received Time doesn't correspond to the time we think it is (slot mismatch, received 637.8, expected 630.2)
[0m[1;31m[HW]     Received Time doesn't correspond to the time we think it is (frame mismatch, 637.8 , expected 630.8)
[0m[93m[HW]     TTI processing delay detected, skipping  637. 9 =>  644.15
[0m[1;31m[HW]     Received Time doesn't correspond to the time we think it is (slot mismatch, received 644.15, expected 637.9)
[0m[1;31m[HW]     Received Time doesn't correspond to the time we think it is (frame mismatch, 644.15 , expected 637.15)
[0m[93m[HW]     TTI processing delay detected, skipping  644.17 =>  652. 2
[0m[1;31m[HW]     Received Time doesn't correspond to the time we think it is (slot mismatch, received 652.2, expected 644.17)
[0m[1;31m[HW]     Received Time doesn't correspond to the time we think it is (frame mismatch, 652.2 , expected 644.2)
[0m[93m[HW]     TTI processing delay detected, skipping  652. 3 =>  659. 9
[0m[1;31m[HW]     Received Time doesn't correspond to the time we think it is (slot mismatch, received 659.9, expected 652.3)
[0m[1;31m[HW]     Received Time doesn't correspond to the time we think it is (frame mismatch, 659.9 , expected 652.9)
[0m[93m[HW]     TTI processing delay detected, skipping  659.10 =>  666.16
[0m[93m[PHY]    no free space for a new detected rach, discarding
[0m[93m[NR_PHY_RACH] Error in scheduling rach
[0m[1;31m[HW]     Received Time doesn't correspond to the time we think it is (slot mismatch, received 666.16, expected 659.10)
[0m[1;31m[HW]     Received Time doesn't correspond to the time we think it is (frame mismatch, 666.16 , expected 659.16)
[0m[93m[HW]     TTI processing delay detected, skipping  666.17 =>  674. 3
[0m[1;31m[HW]     Received Time doesn't correspond to the time we think it is (slot mismatch, received 674.3, expected 666.17)
[0m[1;31m[HW]     Received Time doesn't correspond to the time we think it is (frame mismatch, 674.3 , expected 666.3)
[0m[93m[HW]     TTI processing delay detected, skipping  674. 4 =>  681.10
[0m[1;31m[HW]     Received Time doesn't correspond to the time we think it is (slot mismatch, received 681.10, expected 674.4)
[0m[1;31m[HW]     Received Time doesn't correspond to the time we think it is (frame mismatch, 681.10 , expected 674.10)
[0m[93m[HW]     TTI processing delay detected, skipping  681.12 =>  688.17
[0m[1;31m[HW]     Received Time doesn't correspond to the time we think it is (slot mismatch, received 688.17, expected 681.12)
[0m[1;31m[HW]     Received Time doesn't correspond to the time we think it is (frame mismatch, 688.17 , expected 681.17)
[0m[93m[HW]     TTI processing delay detected, skipping  688.18 =>  696. 4
[0m[1;31m[HW]     Received Time doesn't correspond to the time we think it is (slot mismatch, received 696.4, expected 688.18)
[0m[1;31m[HW]     Received Time doesn't correspond to the time we think it is (frame mismatch, 696.4 , expected 688.4)
[0m[93m[HW]     TTI processing delay detected, skipping  696. 5 =>  703.11
[0m[1;31m[HW]     Received Time doesn't correspond to the time we think it is (slot mismatch, received 703.11, expected 696.5)
[0m[1;31m[HW]     Received Time doesn't correspond to the time we think it is (frame mismatch, 703.11 , expected 696.11)
[0m[93m[HW]     TTI processing delay detected, skipping  703.12 =>  710.18
[0m[1;31m[HW]     Received Time doesn't correspond to the time we think it is (slot mismatch, received 710.18, expected 703.12)
[0m[1;31m[HW]     Received Time doesn't correspond to the time we think it is (frame mismatch, 710.18 , expected 703.18)
[0m[93m[HW]     TTI processing delay detected, skipping  710.19 =>  718. 5
[0m[1;31m[HW]     Received Time doesn't correspond to the time we think it is (slot mismatch, received 718.5, expected 710.19)
[0m[1;31m[HW]     Received Time doesn't correspond to the time we think it is (frame mismatch, 718.5 , expected 710.5)
[0m[93m[HW]     TTI processing delay detected, skipping  718. 7 =>  725.12
[0m[1;31m[HW]     Received Time doesn't correspond to the time we think it is (slot mismatch, received 725.12, expected 718.7)
[0m[1;31m[HW]     Received Time doesn't correspond to the time we think it is (frame mismatch, 725.12 , expected 718.12)
[0m[93m[HW]     TTI processing delay detected, skipping  725.13 =>  732.19
[0m[93m[HW]     we get rach data from ru, but it is not scheduled 732.19
[0m[1;31m[HW]     Received Time doesn't correspond to the time we think it is (slot mismatch, received 732.19, expected 725.13)
[0m[1;31m[HW]     Received Time doesn't correspond to the time we think it is (frame mismatch, 732.19 , expected 725.19)
[0m[93m[HW]     TTI processing delay detected, skipping  733. 0 =>  740. 6
[0m[1;31m[HW]     Received Time doesn't correspond to the time we think it is (slot mismatch, received 740.6, expected 733.0)
[0m[1;31m[HW]     Received Time doesn't correspond to the time we think it is (frame mismatch, 740.6 , expected 733.6)
[0m[93m[HW]     TTI processing delay detected, skipping  740. 7 =>  747.13
[0m[1;31m[HW]     Received Time doesn't correspond to the time we think it is (slot mismatch, received 747.13, expected 740.7)
[0m[1;31m[HW]     Received Time doesn't correspond to the time we think it is (frame mismatch, 747.13 , expected 740.13)
[0m[93m[HW]     TTI processing delay detected, skipping  747.14 =>  755. 0
[0m[1;31m[HW]     Received Time doesn't correspond to the time we think it is (slot mismatch, received 755.0, expected 747.14)
[0m[1;31m[HW]     Received Time doesn't correspond to the time we think it is (frame mismatch, 755.0 , expected 747.0)
[0m[93m[HW]     TTI processing delay detected, skipping  755. 2 =>  762. 7
[0m[1;31m[HW]     Received Time doesn't correspond to the time we think it is (slot mismatch, received 762.7, expected 755.2)
[0m[1;31m[HW]     Received Time doesn't correspond to the time we think it is (frame mismatch, 762.7 , expected 755.7)
[0m[93m[HW]     TTI processing delay detected, skipping  762. 8 =>  769.14
[0m[1;31m[HW]     Received Time doesn't correspond to the time we think it is (slot mismatch, received 769.14, expected 762.8)
[0m[1;31m[HW]     Received Time doesn't correspond to the time we think it is (frame mismatch, 769.14 , expected 762.14)
[0m[93m[HW]     TTI processing delay detected, skipping  769.15 =>  777. 1
[0m[1;31m[HW]     Received Time doesn't correspond to the time we think it is (slot mismatch, received 777.1, expected 769.15)
[0m[1;31m[HW]     Received Time doesn't correspond to the time we think it is (frame mismatch, 777.1 , expected 769.1)
[0m[93m[HW]     TTI processing delay detected, skipping  777. 2 =>  784. 8
[0m[1;31m[HW]     Received Time doesn't correspond to the time we think it is (slot mismatch, received 784.8, expected 777.2)
[0m[1;31m[HW]     Received Time doesn't correspond to the time we think it is (frame mismatch, 784.8 , expected 777.8)
[0m[93m[HW]     TTI processing delay detected, skipping  784. 9 =>  791.15
[0m[1;31m[HW]     Received Time doesn't correspond to the time we think it is (slot mismatch, received 791.15, expected 784.9)
[0m[1;31m[HW]     Received Time doesn't correspond to the time we think it is (frame mismatch, 791.15 , expected 784.15)
[0m[93m[HW]     TTI processing delay detected, skipping  791.17 =>  799. 2
[0m[1;31m[HW]     Received Time doesn't correspond to the time we think it is (slot mismatch, received 799.2, expected 791.17)
[0m[1;31m[HW]     Received Time doesn't correspond to the time we think it is (frame mismatch, 799.2 , expected 791.2)
[0m[93m[HW]     TTI processing delay detected, skipping  799. 3 =>  806. 9
[0m[1;31m[HW]     Received Time doesn't correspond to the time we think it is (slot mismatch, received 806.9, expected 799.3)
[0m[1;31m[HW]     Received Time doesn't correspond to the time we think it is (frame mismatch, 806.9 , expected 799.9)
[0m[93m[HW]     TTI processing delay detected, skipping  806.10 =>  813.16
[0m[93m[PHY]    no free space for a new detected rach, discarding
[0m[93m[NR_PHY_RACH] Error in scheduling rach
[0m[1;31m[HW]     Received Time doesn't correspond to the time we think it is (slot mismatch, received 813.16, expected 806.10)
[0m[1;31m[HW]     Received Time doesn't correspond to the time we think it is (frame mismatch, 813.16 , expected 806.16)
[0m[93m[HW]     TTI processing delay detected, skipping  813.17 =>  821. 3
[0m[1;31m[HW]     Received Time doesn't correspond to the time we think it is (slot mismatch, received 821.3, expected 813.17)
[0m[1;31m[HW]     Received Time doesn't correspond to the time we think it is (frame mismatch, 821.3 , expected 813.3)
[0m[93m[HW]     TTI processing delay detected, skipping  821. 4 =>  828.10
[0m[1;31m[HW]     Received Time doesn't correspond to the time we think it is (slot mismatch, received 828.10, expected 821.4)
[0m[1;31m[HW]     Received Time doesn't correspond to the time we think it is (frame mismatch, 828.10 , expected 821.10)
[0m[93m[HW]     TTI processing delay detected, skipping  828.12 =>  835.17
[0m[1;31m[HW]     Received Time doesn't correspond to the time we think it is (slot mismatch, received 835.17, expected 828.12)
[0m[1;31m[HW]     Received Time doesn't correspond to the time we think it is (frame mismatch, 835.17 , expected 828.17)
[0m[93m[HW]     TTI processing delay detected, skipping  835.18 =>  843. 4
[0m[1;31m[HW]     Received Time doesn't correspond to the time we think it is (slot mismatch, received 843.4, expected 835.18)
[0m[1;31m[HW]     Received Time doesn't correspond to the time we think it is (frame mismatch, 843.4 , expected 835.4)
[0m[93m[HW]     TTI processing delay detected, skipping  843. 5 =>  850.11
[0m[1;31m[HW]     Received Time doesn't correspond to the time we think it is (slot mismatch, received 850.11, expected 843.5)
[0m[1;31m[HW]     Received Time doesn't correspond to the time we think it is (frame mismatch, 850.11 , expected 843.11)
[0m[93m[HW]     TTI processing delay detected, skipping  850.12 =>  857.18
[0m[1;31m[HW]     Received Time doesn't correspond to the time we think it is (slot mismatch, received 857.18, expected 850.12)
[0m[1;31m[HW]     Received Time doesn't correspond to the time we think it is (frame mismatch, 857.18 , expected 850.18)
[0m[93m[HW]     TTI processing delay detected, skipping  857.19 =>  865. 4
[0m[1;31m[HW]     Received Time doesn't correspond to the time we think it is (slot mismatch, received 865.4, expected 857.19)
[0m[1;31m[HW]     Received Time doesn't correspond to the time we think it is (frame mismatch, 865.4 , expected 857.4)
[0m[93m[HW]     TTI processing delay detected, skipping  865. 5 =>  872.11
[0m[1;31m[HW]     Received Time doesn't correspond to the time we think it is (slot mismatch, received 872.11, expected 865.5)
[0m[1;31m[HW]     Received Time doesn't correspond to the time we think it is (frame mismatch, 872.11 , expected 865.11)
[0m[93m[HW]     TTI processing delay detected, skipping  872.12 =>  879.18
[0m[1;31m[HW]     Received Time doesn't correspond to the time we think it is (slot mismatch, received 879.18, expected 872.12)
[0m[1;31m[HW]     Received Time doesn't correspond to the time we think it is (frame mismatch, 879.18 , expected 872.18)
[0m[93m[HW]     TTI processing delay detected, skipping  879.19 =>  887. 5
[0m[1;31m[HW]     Received Time doesn't correspond to the time we think it is (slot mismatch, received 887.5, expected 879.19)
[0m[1;31m[HW]     Received Time doesn't correspond to the time we think it is (frame mismatch, 887.5 , expected 879.5)
[0m[93m[HW]     TTI processing delay detected, skipping  887. 7 =>  894.12
[0m[1;31m[HW]     Received Time doesn't correspond to the time we think it is (slot mismatch, received 894.12, expected 887.7)
[0m[1;31m[HW]     Received Time doesn't correspond to the time we think it is (frame mismatch, 894.12 , expected 887.12)
[0m[93m[HW]     TTI processing delay detected, skipping  894.13 =>  901.19
[0m[93m[HW]     we get rach data from ru, but it is not scheduled 901.19
[0m[1;31m[HW]     Received Time doesn't correspond to the time we think it is (slot mismatch, received 901.19, expected 894.13)
[0m[1;31m[HW]     Received Time doesn't correspond to the time we think it is (frame mismatch, 901.19 , expected 894.19)
[0m[93m[HW]     TTI processing delay detected, skipping  902. 0 =>  909. 6
[0m[1;31m[HW]     Received Time doesn't correspond to the time we think it is (slot mismatch, received 909.6, expected 902.0)
[0m[1;31m[HW]     Received Time doesn't correspond to the time we think it is (frame mismatch, 909.6 , expected 902.6)
[0m[93m[HW]     TTI processing delay detected, skipping  909. 7 =>  916.13
[0m[1;31m[HW]     Received Time doesn't correspond to the time we think it is (slot mismatch, received 916.13, expected 909.7)
[0m[1;31m[HW]     Received Time doesn't correspond to the time we think it is (frame mismatch, 916.13 , expected 909.13)
[0m[93m[HW]     TTI processing delay detected, skipping  916.14 =>  924. 0
[0m[1;31m[HW]     Received Time doesn't correspond to the time we think it is (slot mismatch, received 924.0, expected 916.14)
[0m[1;31m[HW]     Received Time doesn't correspond to the time we think it is (frame mismatch, 924.0 , expected 916.0)
[0m[93m[HW]     TTI processing delay detected, skipping  924. 2 =>  931. 7
[0m[1;31m[HW]     Received Time doesn't correspond to the time we think it is (slot mismatch, received 931.7, expected 924.2)
[0m[1;31m[HW]     Received Time doesn't correspond to the time we think it is (frame mismatch, 931.7 , expected 924.7)
[0m[93m[HW]     TTI processing delay detected, skipping  931. 8 =>  938.14
[0m[1;31m[HW]     Received Time doesn't correspond to the time we think it is (slot mismatch, received 938.14, expected 931.8)
[0m[1;31m[HW]     Received Time doesn't correspond to the time we think it is (frame mismatch, 938.14 , expected 931.14)
[0m[93m[HW]     TTI processing delay detected, skipping  938.15 =>  946. 1
[0m[1;31m[HW]     Received Time doesn't correspond to the time we think it is (slot mismatch, received 946.1, expected 938.15)
[0m[1;31m[HW]     Received Time doesn't correspond to the time we think it is (frame mismatch, 946.1 , expected 938.1)
[0m[93m[HW]     TTI processing delay detected, skipping  946. 2 =>  953. 8
[0m[1;31m[HW]     Received Time doesn't correspond to the time we think it is (slot mismatch, received 953.8, expected 946.2)
[0m[1;31m[HW]     Received Time doesn't correspond to the time we think it is (frame mismatch, 953.8 , expected 946.8)
[0m[93m[HW]     TTI processing delay detected, skipping  953. 9 =>  960.15
[0m[1;31m[HW]     Received Time doesn't correspond to the time we think it is (slot mismatch, received 960.15, expected 953.9)
[0m[1;31m[HW]     Received Time doesn't correspond to the time we think it is (frame mismatch, 960.15 , expected 953.15)
[0m[93m[HW]     TTI processing delay detected, skipping  960.17 =>  968. 2
[0m[1;31m[HW]     Received Time doesn't correspond to the time we think it is (slot mismatch, received 968.2, expected 960.17)
[0m[1;31m[HW]     Received Time doesn't correspond to the time we think it is (frame mismatch, 968.2 , expected 960.2)
[0m[93m[HW]     TTI processing delay detected, skipping  968. 3 =>  975. 9
[0m[1;31m[HW]     Received Time doesn't correspond to the time we think it is (slot mismatch, received 975.9, expected 968.3)
[0m[1;31m[HW]     Received Time doesn't correspond to the time we think it is (frame mismatch, 975.9 , expected 968.9)
[0m[93m[HW]     TTI processing delay detected, skipping  975.10 =>  982.16
[0m[93m[PHY]    no free space for a new detected rach, discarding
[0m[93m[NR_PHY_RACH] Error in scheduling rach
[0m[1;31m[HW]     Received Time doesn't correspond to the time we think it is (slot mismatch, received 982.16, expected 975.10)
[0m[1;31m[HW]     Received Time doesn't correspond to the time we think it is (frame mismatch, 982.16 , expected 975.16)
[0m[93m[HW]     TTI processing delay detected, skipping  982.17 =>  990. 3
[0m[1;31m[HW]     Received Time doesn't correspond to the time we think it is (slot mismatch, received 990.3, expected 982.17)
[0m[1;31m[HW]     Received Time doesn't correspond to the time we think it is (frame mismatch, 990.3 , expected 982.3)
[0m[93m[HW]     TTI processing delay detected, skipping  990. 4 =>  997. 9
[0m[1;31m[HW]     Received Time doesn't correspond to the time we think it is (slot mismatch, received 997.9, expected 990.4)
[0m[1;31m[HW]     Received Time doesn't correspond to the time we think it is (frame mismatch, 997.9 , expected 990.9)
[0m[93m[HW]     TTI processing delay detected, skipping  997.10 => 1004.16
[0m[93m[PHY]    no free space for a new detected rach, discarding
[0m[93m[NR_PHY_RACH] Error in scheduling rach
[0m[1;31m[HW]     Received Time doesn't correspond to the time we think it is (slot mismatch, received 1004.16, expected 997.10)
[0m[1;31m[HW]     Received Time doesn't correspond to the time we think it is (frame mismatch, 1004.16 , expected 997.16)
[0m[93m[HW]     TTI processing delay detected, skipping 1004.17 => 1012. 3
[0m[1;31m[HW]     Received Time doesn't correspond to the time we think it is (slot mismatch, received 1012.3, expected 1004.17)
[0m[1;31m[HW]     Received Time doesn't correspond to the time we think it is (frame mismatch, 1012.3 , expected 1004.3)
[0m[93m[HW]     TTI processing delay detected, skipping 1012. 4 => 1019.10
[0m[1;31m[HW]     Received Time doesn't correspond to the time we think it is (slot mismatch, received 1019.10, expected 1012.4)
[0m[1;31m[HW]     Received Time doesn't correspond to the time we think it is (frame mismatch, 1019.10 , expected 1012.10)
[0m[93m[HW]     TTI processing delay detected, skipping 1019.12 =>    2.17
[0m[1;31m[HW]     Received Time doesn't correspond to the time we think it is (slot mismatch, received 2.17, expected 1019.12)
[0m[1;31m[HW]     Received Time doesn't correspond to the time we think it is (frame mismatch, 2.17 , expected 1019.17)
[0m[93m[HW]     TTI processing delay detected, skipping    2.18 =>   10. 4
[0m[1;31m[HW]     Received Time doesn't correspond to the time we think it is (slot mismatch, received 10.4, expected 2.18)
[0m[1;31m[HW]     Received Time doesn't correspond to the time we think it is (frame mismatch, 10.4 , expected 2.4)
[0m[93m[HW]     TTI processing delay detected, skipping   10. 5 =>   17.11
[0m[1;31m[HW]     Received Time doesn't correspond to the time we think it is (slot mismatch, received 17.11, expected 10.5)
[0m[1;31m[HW]     Received Time doesn't correspond to the time we think it is (frame mismatch, 17.11 , expected 10.11)
[0m[93m[HW]     TTI processing delay detected, skipping   17.12 =>   24.18
[0m[1;31m[HW]     Received Time doesn't correspond to the time we think it is (slot mismatch, received 24.18, expected 17.12)
[0m[1;31m[HW]     Received Time doesn't correspond to the time we think it is (frame mismatch, 24.18 , expected 17.18)
[0m[93m[HW]     TTI processing delay detected, skipping   24.19 =>   32. 4
[0m[1;31m[HW]     Received Time doesn't correspond to the time we think it is (slot mismatch, received 32.4, expected 24.19)
[0m[1;31m[HW]     Received Time doesn't correspond to the time we think it is (frame mismatch, 32.4 , expected 24.4)
[0m[93m[HW]     TTI processing delay detected, skipping   32. 5 =>   39.11
[0m[1;31m[HW]     Received Time doesn't correspond to the time we think it is (slot mismatch, received 39.11, expected 32.5)
[0m[1;31m[HW]     Received Time doesn't correspond to the time we think it is (frame mismatch, 39.11 , expected 32.11)
[0m[93m[HW]     TTI processing delay detected, skipping   39.12 =>   46.18
[0m[1;31m[HW]     Received Time doesn't correspond to the time we think it is (slot mismatch, received 46.18, expected 39.12)
[0m[1;31m[HW]     Received Time doesn't correspond to the time we think it is (frame mismatch, 46.18 , expected 39.18)
[0m[93m[HW]     TTI processing delay detected, skipping   46.19 =>   54. 5
[0m[1;31m[HW]     Received Time doesn't correspond to the time we think it is (slot mismatch, received 54.5, expected 46.19)
[0m[1;31m[HW]     Received Time doesn't correspond to the time we think it is (frame mismatch, 54.5 , expected 46.5)
[0m[93m[HW]     TTI processing delay detected, skipping   54. 7 =>   61.12
[0m[1;31m[HW]     Received Time doesn't correspond to the time we think it is (slot mismatch, received 61.12, expected 54.7)
[0m[1;31m[HW]     Received Time doesn't correspond to the time we think it is (frame mismatch, 61.12 , expected 54.12)
[0m[93m[HW]     TTI processing delay detected, skipping   61.13 =>   68.19
[0m[93m[HW]     we get rach data from ru, but it is not scheduled 68.19
[0m[1;31m[HW]     Received Time doesn't correspond to the time we think it is (slot mismatch, received 68.19, expected 61.13)
[0m[1;31m[HW]     Received Time doesn't correspond to the time we think it is (frame mismatch, 68.19 , expected 61.19)
[0m[93m[HW]     TTI processing delay detected, skipping   69. 0 =>   76. 6
[0m[1;31m[HW]     Received Time doesn't correspond to the time we think it is (slot mismatch, received 76.6, expected 69.0)
[0m[1;31m[HW]     Received Time doesn't correspond to the time we think it is (frame mismatch, 76.6 , expected 69.6)
[0m[93m[HW]     TTI processing delay detected, skipping   76. 7 =>   83.13
[0m[1;31m[HW]     Received Time doesn't correspond to the time we think it is (slot mismatch, received 83.13, expected 76.7)
[0m[1;31m[HW]     Received Time doesn't correspond to the time we think it is (frame mismatch, 83.13 , expected 76.13)
[0m[93m[HW]     TTI processing delay detected, skipping   83.14 =>   90.19
[0m[93m[HW]     we get rach data from ru, but it is not scheduled 90.19
[0m[1;31m[HW]     Received Time doesn't correspond to the time we think it is (slot mismatch, received 90.19, expected 83.14)
[0m[1;31m[HW]     Received Time doesn't correspond to the time we think it is (frame mismatch, 90.19 , expected 83.19)
[0m[93m[HW]     TTI processing delay detected, skipping   91. 0 =>   98. 6
[0m[1;31m[HW]     Received Time doesn't correspond to the time we think it is (slot mismatch, received 98.6, expected 91.0)
[0m[1;31m[HW]     Received Time doesn't correspond to the time we think it is (frame mismatch, 98.6 , expected 91.6)
[0m[93m[HW]     TTI processing delay detected, skipping   98. 7 =>  105.13
[0m[1;31m[HW]     Received Time doesn't correspond to the time we think it is (slot mismatch, received 105.13, expected 98.7)
[0m[1;31m[HW]     Received Time doesn't correspond to the time we think it is (frame mismatch, 105.13 , expected 98.13)
[0m[93m[HW]     TTI processing delay detected, skipping  105.14 =>  113. 0
[0m[1;31m[HW]     Received Time doesn't correspond to the time we think it is (slot mismatch, received 113.0, expected 105.14)
[0m[1;31m[HW]     Received Time doesn't correspond to the time we think it is (frame mismatch, 113.0 , expected 105.0)
[0m[93m[HW]     TTI processing delay detected, skipping  113. 2 =>  120. 7
[0m[1;31m[HW]     Received Time doesn't correspond to the time we think it is (slot mismatch, received 120.7, expected 113.2)
[0m[1;31m[HW]     Received Time doesn't correspond to the time we think it is (frame mismatch, 120.7 , expected 113.7)
[0m[93m[HW]     TTI processing delay detected, skipping  120. 8 =>  127.14
[0m[1;31m[HW]     Received Time doesn't correspond to the time we think it is (slot mismatch, received 127.14, expected 120.8)
[0m[1;31m[HW]     Received Time doesn't correspond to the time we think it is (frame mismatch, 127.14 , expected 120.14)
[0m[93m[HW]     TTI processing delay detected, skipping  127.15 =>  135. 1
[0m[1;31m[HW]     Received Time doesn't correspond to the time we think it is (slot mismatch, received 135.1, expected 127.15)
[0m[1;31m[HW]     Received Time doesn't correspond to the time we think it is (frame mismatch, 135.1 , expected 127.1)
[0m[93m[HW]     TTI processing delay detected, skipping  135. 2 =>  142. 8
[0m[1;31m[HW]     Received Time doesn't correspond to the time we think it is (slot mismatch, received 142.8, expected 135.2)
[0m[1;31m[HW]     Received Time doesn't correspond to the time we think it is (frame mismatch, 142.8 , expected 135.8)
[0m[93m[HW]     TTI processing delay detected, skipping  142. 9 =>  149.15
[0m[1;31m[HW]     Received Time doesn't correspond to the time we think it is (slot mismatch, received 149.15, expected 142.9)
[0m[1;31m[HW]     Received Time doesn't correspond to the time we think it is (frame mismatch, 149.15 , expected 142.15)
[0m[93m[HW]     TTI processing delay detected, skipping  149.17 =>  157. 2
[0m[1;31m[HW]     Received Time doesn't correspond to the time we think it is (slot mismatch, received 157.2, expected 149.17)
[0m[1;31m[HW]     Received Time doesn't correspond to the time we think it is (frame mismatch, 157.2 , expected 149.2)
[0m[93m[HW]     TTI processing delay detected, skipping  157. 3 =>  164. 9
[0m[1;31m[HW]     Received Time doesn't correspond to the time we think it is (slot mismatch, received 164.9, expected 157.3)
[0m[1;31m[HW]     Received Time doesn't correspond to the time we think it is (frame mismatch, 164.9 , expected 157.9)
[0m[93m[HW]     TTI processing delay detected, skipping  164.10 =>  171.16
[0m[93m[PHY]    no free space for a new detected rach, discarding
[0m[93m[NR_PHY_RACH] Error in scheduling rach
[0m[1;31m[HW]     Received Time doesn't correspond to the time we think it is (slot mismatch, received 171.16, expected 164.10)
[0m[1;31m[HW]     Received Time doesn't correspond to the time we think it is (frame mismatch, 171.16 , expected 164.16)
[0m[93m[HW]     TTI processing delay detected, skipping  171.17 =>  179. 3
[0m[1;31m[HW]     Received Time doesn't correspond to the time we think it is (slot mismatch, received 179.3, expected 171.17)
[0m[1;31m[HW]     Received Time doesn't correspond to the time we think it is (frame mismatch, 179.3 , expected 171.3)
[0m[93m[HW]     TTI processing delay detected, skipping  179. 4 =>  186. 9
[0m[1;31m[HW]     Received Time doesn't correspond to the time we think it is (slot mismatch, received 186.9, expected 179.4)
[0m[1;31m[HW]     Received Time doesn't correspond to the time we think it is (frame mismatch, 186.9 , expected 179.9)
[0m[93m[HW]     TTI processing delay detected, skipping  186.10 =>  193.16
[0m[93m[PHY]    no free space for a new detected rach, discarding
[0m[93m[NR_PHY_RACH] Error in scheduling rach
[0m[1;31m[HW]     Received Time doesn't correspond to the time we think it is (slot mismatch, received 193.16, expected 186.10)
[0m[1;31m[HW]     Received Time doesn't correspond to the time we think it is (frame mismatch, 193.16 , expected 186.16)
[0m[93m[HW]     TTI processing delay detected, skipping  193.17 =>  201. 3
[0m[1;31m[HW]     Received Time doesn't correspond to the time we think it is (slot mismatch, received 201.3, expected 193.17)
[0m[1;31m[HW]     Received Time doesn't correspond to the time we think it is (frame mismatch, 201.3 , expected 193.3)
[0m[93m[HW]     TTI processing delay detected, skipping  201. 4 =>  208.10
[0m[1;31m[HW]     Received Time doesn't correspond to the time we think it is (slot mismatch, received 208.10, expected 201.4)
[0m[1;31m[HW]     Received Time doesn't correspond to the time we think it is (frame mismatch, 208.10 , expected 201.10)
[0m[93m[HW]     TTI processing delay detected, skipping  208.12 =>  215.17
[0m[1;31m[HW]     Received Time doesn't correspond to the time we think it is (slot mismatch, received 215.17, expected 208.12)
[0m[1;31m[HW]     Received Time doesn't correspond to the time we think it is (frame mismatch, 215.17 , expected 208.17)
[0m[93m[HW]     TTI processing delay detected, skipping  215.18 =>  223. 4
[0m[1;31m[HW]     Received Time doesn't correspond to the time we think it is (slot mismatch, received 223.4, expected 215.18)
[0m[1;31m[HW]     Received Time doesn't correspond to the time we think it is (frame mismatch, 223.4 , expected 215.4)
[0m[93m[HW]     TTI processing delay detected, skipping  223. 5 =>  230.11
[0m[1;31m[HW]     Received Time doesn't correspond to the time we think it is (slot mismatch, received 230.11, expected 223.5)
[0m[1;31m[HW]     Received Time doesn't correspond to the time we think it is (frame mismatch, 230.11 , expected 223.11)
[0m[93m[HW]     TTI processing delay detected, skipping  230.12 =>  237.18
[0m[1;31m[HW]     Received Time doesn't correspond to the time we think it is (slot mismatch, received 237.18, expected 230.12)
[0m[1;31m[HW]     Received Time doesn't correspond to the time we think it is (frame mismatch, 237.18 , expected 230.18)
[0m[93m[HW]     TTI processing delay detected, skipping  237.19 =>  245. 5
[0m[1;31m[HW]     Received Time doesn't correspond to the time we think it is (slot mismatch, received 245.5, expected 237.19)
[0m[1;31m[HW]     Received Time doesn't correspond to the time we think it is (frame mismatch, 245.5 , expected 237.5)
[0m[93m[HW]     TTI processing delay detected, skipping  245. 7 =>  252.12
[0m[1;31m[HW]     Received Time doesn't correspond to the time we think it is (slot mismatch, received 252.12, expected 245.7)
[0m[1;31m[HW]     Received Time doesn't correspond to the time we think it is (frame mismatch, 252.12 , expected 245.12)
[0m[93m[HW]     TTI processing delay detected, skipping  252.13 =>  259.19
[0m[93m[HW]     we get rach data from ru, but it is not scheduled 259.19
[0m[1;31m[HW]     Received Time doesn't correspond to the time we think it is (slot mismatch, received 259.19, expected 252.13)
[0m[1;31m[HW]     Received Time doesn't correspond to the time we think it is (frame mismatch, 259.19 , expected 252.19)
[0m[93m[HW]     TTI processing delay detected, skipping  260. 0 =>  267. 6
[0m[1;31m[HW]     Received Time doesn't correspond to the time we think it is (slot mismatch, received 267.6, expected 260.0)
[0m[1;31m[HW]     Received Time doesn't correspond to the time we think it is (frame mismatch, 267.6 , expected 260.6)
[0m[93m[HW]     TTI processing delay detected, skipping  267. 7 =>  274.13
[0m[1;31m[HW]     Received Time doesn't correspond to the time we think it is (slot mismatch, received 274.13, expected 267.7)
[0m[1;31m[HW]     Received Time doesn't correspond to the time we think it is (frame mismatch, 274.13 , expected 267.13)
[0m[93m[HW]     TTI processing delay detected, skipping  274.14 =>  282. 0
[0m[1;31m[HW]     Received Time doesn't correspond to the time we think it is (slot mismatch, received 282.0, expected 274.14)
[0m[1;31m[HW]     Received Time doesn't correspond to the time we think it is (frame mismatch, 282.0 , expected 274.0)
[0m[93m[HW]     TTI processing delay detected, skipping  282. 2 =>  289. 7
[0m[1;31m[HW]     Received Time doesn't correspond to the time we think it is (slot mismatch, received 289.7, expected 282.2)
[0m[1;31m[HW]     Received Time doesn't correspond to the time we think it is (frame mismatch, 289.7 , expected 282.7)
[0m[93m[HW]     TTI processing delay detected, skipping  289. 8 =>  296.14
[0m[1;31m[HW]     Received Time doesn't correspond to the time we think it is (slot mismatch, received 296.14, expected 289.8)
[0m[1;31m[HW]     Received Time doesn't correspond to the time we think it is (frame mismatch, 296.14 , expected 289.14)
[0m[93m[HW]     TTI processing delay detected, skipping  296.15 =>  304. 1
[0m[1;31m[HW]     Received Time doesn't correspond to the time we think it is (slot mismatch, received 304.1, expected 296.15)
[0m[1;31m[HW]     Received Time doesn't correspond to the time we think it is (frame mismatch, 304.1 , expected 296.1)
[0m[93m[HW]     TTI processing delay detected, skipping  304. 2 =>  311. 8
[0m[1;31m[HW]     Received Time doesn't correspond to the time we think it is (slot mismatch, received 311.8, expected 304.2)
[0m[1;31m[HW]     Received Time doesn't correspond to the time we think it is (frame mismatch, 311.8 , expected 304.8)
[0m[93m[HW]     TTI processing delay detected, skipping  311. 9 =>  318.15
[0m[1;31m[HW]     Received Time doesn't correspond to the time we think it is (slot mismatch, received 318.15, expected 311.9)
[0m[1;31m[HW]     Received Time doesn't correspond to the time we think it is (frame mismatch, 318.15 , expected 311.15)
[0m[93m[HW]     TTI processing delay detected, skipping  318.17 =>  326. 2
[0m[1;31m[HW]     Received Time doesn't correspond to the time we think it is (slot mismatch, received 326.2, expected 318.17)
[0m[1;31m[HW]     Received Time doesn't correspond to the time we think it is (frame mismatch, 326.2 , expected 318.2)
[0m[93m[HW]     TTI processing delay detected, skipping  326. 3 =>  333. 9
[0m[1;31m[HW]     Received Time doesn't correspond to the time we think it is (slot mismatch, received 333.9, expected 326.3)
[0m[1;31m[HW]     Received Time doesn't correspond to the time we think it is (frame mismatch, 333.9 , expected 326.9)
[0m[93m[HW]     TTI processing delay detected, skipping  333.10 =>  340.16
[0m[93m[PHY]    no free space for a new detected rach, discarding
[0m[93m[NR_PHY_RACH] Error in scheduling rach
[0m[1;31m[HW]     Received Time doesn't correspond to the time we think it is (slot mismatch, received 340.16, expected 333.10)
[0m[1;31m[HW]     Received Time doesn't correspond to the time we think it is (frame mismatch, 340.16 , expected 333.16)
[0m[93m[HW]     TTI processing delay detected, skipping  340.17 =>  348. 3
[0m[1;31m[HW]     Received Time doesn't correspond to the time we think it is (slot mismatch, received 348.3, expected 340.17)
[0m[1;31m[HW]     Received Time doesn't correspond to the time we think it is (frame mismatch, 348.3 , expected 340.3)
[0m[93m[HW]     TTI processing delay detected, skipping  348. 4 =>  355. 9
[0m[1;31m[HW]     Received Time doesn't correspond to the time we think it is (slot mismatch, received 355.9, expected 348.4)
[0m[1;31m[HW]     Received Time doesn't correspond to the time we think it is (frame mismatch, 355.9 , expected 348.9)
[0m[93m[HW]     TTI processing delay detected, skipping  355.10 =>  362.16
[0m[93m[PHY]    no free space for a new detected rach, discarding
[0m[93m[NR_PHY_RACH] Error in scheduling rach
[0m[1;31m[HW]     Received Time doesn't correspond to the time we think it is (slot mismatch, received 362.16, expected 355.10)
[0m[1;31m[HW]     Received Time doesn't correspond to the time we think it is (frame mismatch, 362.16 , expected 355.16)
[0m[93m[HW]     TTI processing delay detected, skipping  362.17 =>  370. 3
[0m[1;31m[HW]     Received Time doesn't correspond to the time we think it is (slot mismatch, received 370.3, expected 362.17)
[0m[1;31m[HW]     Received Time doesn't correspond to the time we think it is (frame mismatch, 370.3 , expected 362.3)
[0m[93m[HW]     TTI processing delay detected, skipping  370. 4 =>  377.10
[0m[1;31m[HW]     Received Time doesn't correspond to the time we think it is (slot mismatch, received 377.10, expected 370.4)
[0m[1;31m[HW]     Received Time doesn't correspond to the time we think it is (frame mismatch, 377.10 , expected 370.10)
[0m[93m[HW]     TTI processing delay detected, skipping  377.12 =>  384.17
[0m[1;31m[HW]     Received Time doesn't correspond to the time we think it is (slot mismatch, received 384.17, expected 377.12)
[0m[1;31m[HW]     Received Time doesn't correspond to the time we think it is (frame mismatch, 384.17 , expected 377.17)
[0m[93m[HW]     TTI processing delay detected, skipping  384.18 =>  392. 4
[0m[1;31m[HW]     Received Time doesn't correspond to the time we think it is (slot mismatch, received 392.4, expected 384.18)
[0m[1;31m[HW]     Received Time doesn't correspond to the time we think it is (frame mismatch, 392.4 , expected 384.4)
[0m[93m[HW]     TTI processing delay detected, skipping  392. 5 =>  399.11
[0m[1;31m[HW]     Received Time doesn't correspond to the time we think it is (slot mismatch, received 399.11, expected 392.5)
[0m[1;31m[HW]     Received Time doesn't correspond to the time we think it is (frame mismatch, 399.11 , expected 392.11)
[0m[93m[HW]     TTI processing delay detected, skipping  399.12 =>  406.18
[0m[1;31m[HW]     Received Time doesn't correspond to the time we think it is (slot mismatch, received 406.18, expected 399.12)
[0m[1;31m[HW]     Received Time doesn't correspond to the time we think it is (frame mismatch, 406.18 , expected 399.18)
[0m[93m[HW]     TTI processing delay detected, skipping  406.19 =>  414. 5
[0m[1;31m[HW]     Received Time doesn't correspond to the time we think it is (slot mismatch, received 414.5, expected 406.19)
[0m[1;31m[HW]     Received Time doesn't correspond to the time we think it is (frame mismatch, 414.5 , expected 406.5)
[0m[93m[HW]     TTI processing delay detected, skipping  414. 7 =>  421.12
[0m[1;31m[HW]     Received Time doesn't correspond to the time we think it is (slot mismatch, received 421.12, expected 414.7)
[0m[1;31m[HW]     Received Time doesn't correspond to the time we think it is (frame mismatch, 421.12 , expected 414.12)
[0m[93m[HW]     TTI processing delay detected, skipping  421.13 =>  428.19
[0m[93m[HW]     we get rach data from ru, but it is not scheduled 428.19
[0m[1;31m[HW]     Received Time doesn't correspond to the time we think it is (slot mismatch, received 428.19, expected 421.13)
[0m[1;31m[HW]     Received Time doesn't correspond to the time we think it is (frame mismatch, 428.19 , expected 421.19)
[0m[93m[HW]     TTI processing delay detected, skipping  429. 0 =>  436. 6
[0m[1;31m[HW]     Received Time doesn't correspond to the time we think it is (slot mismatch, received 436.6, expected 429.0)
[0m[1;31m[HW]     Received Time doesn't correspond to the time we think it is (frame mismatch, 436.6 , expected 429.6)
[0m[93m[HW]     TTI processing delay detected, skipping  436. 7 =>  443.13
[0m[1;31m[HW]     Received Time doesn't correspond to the time we think it is (slot mismatch, received 443.13, expected 436.7)
[0m[1;31m[HW]     Received Time doesn't correspond to the time we think it is (frame mismatch, 443.13 , expected 436.13)
[0m[93m[HW]     TTI processing delay detected, skipping  443.14 =>  450.19
[0m[93m[HW]     we get rach data from ru, but it is not scheduled 450.19
[0m[1;31m[HW]     Received Time doesn't correspond to the time we think it is (slot mismatch, received 450.19, expected 443.14)
[0m[1;31m[HW]     Received Time doesn't correspond to the time we think it is (frame mismatch, 450.19 , expected 443.19)
[0m[93m[HW]     TTI processing delay detected, skipping  451. 0 =>  458. 6
[0m[1;31m[HW]     Received Time doesn't correspond to the time we think it is (slot mismatch, received 458.6, expected 451.0)
[0m[1;31m[HW]     Received Time doesn't correspond to the time we think it is (frame mismatch, 458.6 , expected 451.6)
[0m[93m[HW]     TTI processing delay detected, skipping  458. 7 =>  465.13
[0m[1;31m[HW]     Received Time doesn't correspond to the time we think it is (slot mismatch, received 465.13, expected 458.7)
[0m[1;31m[HW]     Received Time doesn't correspond to the time we think it is (frame mismatch, 465.13 , expected 458.13)
[0m[93m[HW]     TTI processing delay detected, skipping  465.14 =>  473. 0
[0m[1;31m[HW]     Received Time doesn't correspond to the time we think it is (slot mismatch, received 473.0, expected 465.14)
[0m[1;31m[HW]     Received Time doesn't correspond to the time we think it is (frame mismatch, 473.0 , expected 465.0)
[0m[93m[HW]     TTI processing delay detected, skipping  473. 2 =>  480. 7
[0m[1;31m[HW]     Received Time doesn't correspond to the time we think it is (slot mismatch, received 480.7, expected 473.2)
[0m[1;31m[HW]     Received Time doesn't correspond to the time we think it is (frame mismatch, 480.7 , expected 473.7)
[0m[93m[HW]     TTI processing delay detected, skipping  480. 8 =>  487.14
[0m[1;31m[HW]     Received Time doesn't correspond to the time we think it is (slot mismatch, received 487.14, expected 480.8)
[0m[1;31m[HW]     Received Time doesn't correspond to the time we think it is (frame mismatch, 487.14 , expected 480.14)
[0m[93m[HW]     TTI processing delay detected, skipping  487.15 =>  495. 1
[0m[1;31m[HW]     Received Time doesn't correspond to the time we think it is (slot mismatch, received 495.1, expected 487.15)
[0m[1;31m[HW]     Received Time doesn't correspond to the time we think it is (frame mismatch, 495.1 , expected 487.1)
[0m[93m[HW]     TTI processing delay detected, skipping  495. 2 =>  502. 8
[0m[1;31m[HW]     Received Time doesn't correspond to the time we think it is (slot mismatch, received 502.8, expected 495.2)
[0m[1;31m[HW]     Received Time doesn't correspond to the time we think it is (frame mismatch, 502.8 , expected 495.8)
[0m[93m[HW]     TTI processing delay detected, skipping  502. 9 =>  509.15
[0m[1;31m[HW]     Received Time doesn't correspond to the time we think it is (slot mismatch, received 509.15, expected 502.9)
[0m[1;31m[HW]     Received Time doesn't correspond to the time we think it is (frame mismatch, 509.15 , expected 502.15)
[0m[93m[HW]     TTI processing delay detected, skipping  509.17 =>  517. 2
[0m[1;31m[HW]     Received Time doesn't correspond to the time we think it is (slot mismatch, received 517.2, expected 509.17)
[0m[1;31m[HW]     Received Time doesn't correspond to the time we think it is (frame mismatch, 517.2 , expected 509.2)
[0m[93m[HW]     TTI processing delay detected, skipping  517. 3 =>  524. 9
[0m[1;31m[HW]     Received Time doesn't correspond to the time we think it is (slot mismatch, received 524.9, expected 517.3)
[0m[1;31m[HW]     Received Time doesn't correspond to the time we think it is (frame mismatch, 524.9 , expected 517.9)
[0m[93m[HW]     TTI processing delay detected, skipping  524.10 =>  531.16
[0m[93m[PHY]    no free space for a new detected rach, discarding
[0m[93m[NR_PHY_RACH] Error in scheduling rach
[0m[1;31m[HW]     Received Time doesn't correspond to the time we think it is (slot mismatch, received 531.16, expected 524.10)
[0m[1;31m[HW]     Received Time doesn't correspond to the time we think it is (frame mismatch, 531.16 , expected 524.16)
[0m[93m[HW]     TTI processing delay detected, skipping  531.17 =>  539. 3
[0m[1;31m[HW]     Received Time doesn't correspond to the time we think it is (slot mismatch, received 539.3, expected 531.17)
[0m[1;31m[HW]     Received Time doesn't correspond to the time we think it is (frame mismatch, 539.3 , expected 531.3)
[0m[93m[HW]     TTI processing delay detected, skipping  539. 4 =>  546. 9
[0m[1;31m[HW]     Received Time doesn't correspond to the time we think it is (slot mismatch, received 546.9, expected 539.4)
[0m[1;31m[HW]     Received Time doesn't correspond to the time we think it is (frame mismatch, 546.9 , expected 539.9)
[0m[93m[HW]     TTI processing delay detected, skipping  546.10 =>  553.16
[0m[93m[PHY]    no free space for a new detected rach, discarding
[0m[93m[NR_PHY_RACH] Error in scheduling rach
[0m[1;31m[HW]     Received Time doesn't correspond to the time we think it is (slot mismatch, received 553.16, expected 546.10)
[0m[1;31m[HW]     Received Time doesn't correspond to the time we think it is (frame mismatch, 553.16 , expected 546.16)
[0m[93m[HW]     TTI processing delay detected, skipping  553.17 =>  561. 3
[0m[1;31m[HW]     Received Time doesn't correspond to the time we think it is (slot mismatch, received 561.3, expected 553.17)
[0m[1;31m[HW]     Received Time doesn't correspond to the time we think it is (frame mismatch, 561.3 , expected 553.3)
[0m[93m[HW]     TTI processing delay detected, skipping  561. 4 =>  568.10
[0m[1;31m[HW]     Received Time doesn't correspond to the time we think it is (slot mismatch, received 568.10, expected 561.4)
[0m[1;31m[HW]     Received Time doesn't correspond to the time we think it is (frame mismatch, 568.10 , expected 561.10)
[0m[93m[HW]     TTI processing delay detected, skipping  568.12 =>  575.17
[0m[1;31m[HW]     Received Time doesn't correspond to the time we think it is (slot mismatch, received 575.17, expected 568.12)
[0m[1;31m[HW]     Received Time doesn't correspond to the time we think it is (frame mismatch, 575.17 , expected 568.17)
[0m[93m[HW]     TTI processing delay detected, skipping  575.18 =>  583. 4
[0m[1;31m[HW]     Received Time doesn't correspond to the time we think it is (slot mismatch, received 583.4, expected 575.18)
[0m[1;31m[HW]     Received Time doesn't correspond to the time we think it is (frame mismatch, 583.4 , expected 575.4)
[0m[93m[HW]     TTI processing delay detected, skipping  583. 5 =>  590.11
[0m[1;31m[HW]     Received Time doesn't correspond to the time we think it is (slot mismatch, received 590.11, expected 583.5)
[0m[1;31m[HW]     Received Time doesn't correspond to the time we think it is (frame mismatch, 590.11 , expected 583.11)
[0m[93m[HW]     TTI processing delay detected, skipping  590.12 =>  597.18
[0m[1;31m[HW]     Received Time doesn't correspond to the time we think it is (slot mismatch, received 597.18, expected 590.12)
[0m[1;31m[HW]     Received Time doesn't correspond to the time we think it is (frame mismatch, 597.18 , expected 590.18)
[0m[93m[HW]     TTI processing delay detected, skipping  597.19 =>  605. 5
[0m[1;31m[HW]     Received Time doesn't correspond to the time we think it is (slot mismatch, received 605.5, expected 597.19)
[0m[1;31m[HW]     Received Time doesn't correspond to the time we think it is (frame mismatch, 605.5 , expected 597.5)
[0m[93m[HW]     TTI processing delay detected, skipping  605. 7 =>  612.12
[0m[1;31m[HW]     Received Time doesn't correspond to the time we think it is (slot mismatch, received 612.12, expected 605.7)
[0m[1;31m[HW]     Received Time doesn't correspond to the time we think it is (frame mismatch, 612.12 , expected 605.12)
[0m[93m[HW]     TTI processing delay detected, skipping  612.13 =>  619.19
[0m[93m[HW]     we get rach data from ru, but it is not scheduled 619.19
[0m[1;31m[HW]     Received Time doesn't correspond to the time we think it is (slot mismatch, received 619.19, expected 612.13)
[0m[1;31m[HW]     Received Time doesn't correspond to the time we think it is (frame mismatch, 619.19 , expected 612.19)
[0m[93m[HW]     TTI processing delay detected, skipping  620. 0 =>  627. 6
[0m[1;31m[HW]     Received Time doesn't correspond to the time we think it is (slot mismatch, received 627.6, expected 620.0)
[0m[1;31m[HW]     Received Time doesn't correspond to the time we think it is (frame mismatch, 627.6 , expected 620.6)
[0m[93m[HW]     TTI processing delay detected, skipping  627. 7 =>  634.13
[0m[1;31m[HW]     Received Time doesn't correspond to the time we think it is (slot mismatch, received 634.13, expected 627.7)
[0m[1;31m[HW]     Received Time doesn't correspond to the time we think it is (frame mismatch, 634.13 , expected 627.13)
[0m[93m[HW]     TTI processing delay detected, skipping  634.14 =>  642. 0
[0m[1;31m[HW]     Received Time doesn't correspond to the time we think it is (slot mismatch, received 642.0, expected 634.14)
[0m[1;31m[HW]     Received Time doesn't correspond to the time we think it is (frame mismatch, 642.0 , expected 634.0)
[0m[93m[HW]     TTI processing delay detected, skipping  642. 2 =>  649. 7
[0m[1;31m[HW]     Received Time doesn't correspond to the time we think it is (slot mismatch, received 649.7, expected 642.2)
[0m[1;31m[HW]     Received Time doesn't correspond to the time we think it is (frame mismatch, 649.7 , expected 642.7)
[0m[93m[HW]     TTI processing delay detected, skipping  649. 8 =>  656.14
[0m[1;31m[HW]     Received Time doesn't correspond to the time we think it is (slot mismatch, received 656.14, expected 649.8)
[0m[1;31m[HW]     Received Time doesn't correspond to the time we think it is (frame mismatch, 656.14 , expected 649.14)
[0m[93m[HW]     TTI processing delay detected, skipping  656.15 =>  664. 1
[0m[1;31m[HW]     Received Time doesn't correspond to the time we think it is (slot mismatch, received 664.1, expected 656.15)
[0m[1;31m[HW]     Received Time doesn't correspond to the time we think it is (frame mismatch, 664.1 , expected 656.1)
[0m[93m[HW]     TTI processing delay detected, skipping  664. 2 =>  671. 8
[0m[1;31m[HW]     Received Time doesn't correspond to the time we think it is (slot mismatch, received 671.8, expected 664.2)
[0m[1;31m[HW]     Received Time doesn't correspond to the time we think it is (frame mismatch, 671.8 , expected 664.8)
[0m[93m[HW]     TTI processing delay detected, skipping  671. 9 =>  678.15
[0m[1;31m[HW]     Received Time doesn't correspond to the time we think it is (slot mismatch, received 678.15, expected 671.9)
[0m[1;31m[HW]     Received Time doesn't correspond to the time we think it is (frame mismatch, 678.15 , expected 671.15)
[0m[93m[HW]     TTI processing delay detected, skipping  678.17 =>  686. 2
[0m[1;31m[HW]     Received Time doesn't correspond to the time we think it is (slot mismatch, received 686.2, expected 678.17)
[0m[1;31m[HW]     Received Time doesn't correspond to the time we think it is (frame mismatch, 686.2 , expected 678.2)
[0m[93m[HW]     TTI processing delay detected, skipping  686. 3 =>  693. 9
[0m[1;31m[HW]     Received Time doesn't correspond to the time we think it is (slot mismatch, received 693.9, expected 686.3)
[0m[1;31m[HW]     Received Time doesn't correspond to the time we think it is (frame mismatch, 693.9 , expected 686.9)
[0m[93m[HW]     TTI processing delay detected, skipping  693.10 =>  700.16
[0m[93m[PHY]    no free space for a new detected rach, discarding
[0m[93m[NR_PHY_RACH] Error in scheduling rach
[0m[1;31m[HW]     Received Time doesn't correspond to the time we think it is (slot mismatch, received 700.16, expected 693.10)
[0m[1;31m[HW]     Received Time doesn't correspond to the time we think it is (frame mismatch, 700.16 , expected 693.16)
[0m[93m[HW]     TTI processing delay detected, skipping  700.17 =>  708. 3
[0m[1;31m[HW]     Received Time doesn't correspond to the time we think it is (slot mismatch, received 708.3, expected 700.17)
[0m[1;31m[HW]     Received Time doesn't correspond to the time we think it is (frame mismatch, 708.3 , expected 700.3)
[0m[93m[HW]     TTI processing delay detected, skipping  708. 4 =>  715. 9
[0m
Assertion (xran_queue_length == 0) failed!
In xran_fh_rx_read_slot() /home/jesse/oran_lab/oaicicd/test_dir/openairinterface5g/radio/fhi_72/oaioran.c:539

Exiting execution
O-DU: thread_run start time: 05/31/26 05:01:16.000000018 UTC [500]
[HW]     xran_get_time_stats(): total thread time 223010850950, total time essential tasks 142524042400, num cores used 3
[0m