Logging terminal output to /home/jesse/oran_lab/logs/run_du/run_du_20260526_233606_pid1551889.log
DU cores: 4,5,6,7,8,9,17,18
DU numerology: 1
AnonHugePages:   6725632 kB
ShmemHugePages:        0 kB
FileHugePages:   3432448 kB
HugePages_Total:    8192
HugePages_Free:     4096
HugePages_Rsvd:        0
HugePages_Surp:        0
Hugepagesize:       2048 kB
Hugetlb:        16777216 kB
CMDLINE: "./nr-softmodem" "-O" "/home/jesse/oran_lab/du_test.conf" "--gNBs.[0].min_rxtxtime" "6" "--thread-pool" "4,5,6,7" "--numerology" "1" 
[HW]     Version: Branch: compression-plus-timing-fix Abrev. Hash: 3b10464162 Date: Tue May 26 09:32:18 2026 -0700
[0m[PHY]    No prs_config configuration found..!!
[0m[PHY]    DL frequency 4049760000 Hz, UL frequency 4049760000 Hz: uldl offset 0 Hz
[0m[PHY]    Initializing frame parms for mu 1, N_RB 24, Ncp 0
[0m[PHY]    Init: N_RB_DL 24, first_carrier_offset 368, nb_prefix_samples 36,nb_prefix_samples0 44, ofdm_symbol_size 512
[0m[MAC]    received F1 Setup Response from CU (null)
[0m[MAC]    CU uses RRC version 17.3.0
[0m[MAC]    Clearing the DU's UE states before, if any.
[0m[MAC]    received gNB-DU configuration update acknowledge
[0m[PHY]    number of L1 instances 1, number of RU 1, number of CPU cores 32
[0m[PHY]    Initialized RU proc 0 (NGFI_RAU_IF4p5,synch_to_ext_device),
[0m[PHY]    Starting RU 0 (NGFI_RAU_IF4p5,synch_to_ext_device) on cpu 5
[0m[PHY]    Initializing frame parms for mu 1, N_RB 24, Ncp 0
[0m[PHY]    Init: N_RB_DL 24, first_carrier_offset 368, nb_prefix_samples 36,nb_prefix_samples0 44, ofdm_symbol_size 512
[0m[PHY]    fp->scs=30000
[0m[PHY]    fp->ofdm_symbol_size=512
[0m[PHY]    fp->nb_prefix_samples0=44
[0m[PHY]    fp->nb_prefix_samples=36
[0m[PHY]    fp->slots_per_subframe=2
[0m[PHY]    fp->samples_per_subframe_wCP=14336
[0m[PHY]    fp->samples_per_frame_wCP=143360
[0m[PHY]    fp->samples_per_subframe=15360
[0m[PHY]    fp->samples_per_frame=153600
[0m[PHY]    fp->dl_CarrierFreq=4049760000
[0m[PHY]    fp->ul_CarrierFreq=4049760000
[0m[PHY]    fp->Nid_cell=0
[0m[PHY]    fp->first_carrier_offset=368
[0m[PHY]    fp->ssb_start_subcarrier=0
[0m[PHY]    fp->Ncp=0
[0m[PHY]    fp->N_RB_DL=24
[0m[PHY]    fp->numerology_index=1
[0m[PHY]    fp->ofdm_offset_divisor=8
[0m[PHY]    fp->threequarter_fs=0
[0m[PHY]    fp->sl_CarrierFreq=0
[0m[PHY]    fp->N_RB_SL=0
[0m[PHY]    Setting RF config for N_RB 24, NB_RX 1, NB_TX 1
[0m[PHY]    tune_offset 0 Hz, sample_rate 15360000 Hz
[0m[PHY]    Channel 0: setting tx_gain offset 0, tx_freq 4049760000 Hz
[0m[PHY]    Channel 0: setting rx_gain offset 0, rx_freq 4049760000 Hz
[0m[PHY]    starting transport
[0m[32m[PHY]    Initializing XRAN layer as O-DU
[0m[HW]     Initializing O-RAN 7.2 FH interface through xran library (compiled against headers of oran_f_release_v1.8)
[0mEAL: Detected 32 lcore(s)
EAL: Detected 1 NUMA nodes
EAL: Auto-detected process type: PRIMARY
EAL: Detected shared linkage of DPDK
EAL: Multi-process socket /var/run/dpdk/wls_0/mp_socket
EAL: Selected IOVA mode 'PA'
EAL: No available hugepages reported in hugepages-1048576kB
EAL: Probing VFIO support...
EAL: VFIO support initialized
EAL: Probe PCI driver: net_i40e_vf (8086:154c) device: 0000:06:02.2 (socket 0)
[CONFIG] function config_libconfig_init returned 0
xran_fh_init:
  io_cfg:
    id 0 (O-DU)
    num_vfs 2
    num_rxq 1
    dpdk_dev [0000:06:02.2, 0000:06:02.3, (null), (null), (null), (null), (null), (null), (null), (null), (null), (null), (null), (null), (null), (null)]
    bbdev_dev (null)
    bbdev_mode -1
    dpdkIoVaMode 0
    dpdkMemorySize 8192
    core 9
    system_core 8
    pkt_proc_core 0000000000060000
    pkt_proc_core_64_127 0000000000000000
    pkt_aux_core 0
    timing_core 9
    port (filled within xran library)
    io_sleep 0
    nEthLinePerPort 1
    nEthLineSpeed 10
    one_vf_cu_plane 0
    eowd_cmn[0]:
      initiator_en 0
      numberOfSamples 0
      filterType 0
      responseTo 0
      measVf 0
      measState 0
      measId 0
      measMethod 0
      owdm_enable 0
      owdm_PlLength 0
eowd_port (filled within xran library)
    bbu_offload 0
  eAxCId_conf:
    mask_cuPortId 0xf000
    mask_bandSectorId 0x0f00
    mask_ccId 0x00f0
    mask_ruPortId 0x000f
    bit_cuPortId 0
    bit_bandSectorId 0
    bit_ccId 0
    bit_ruPortId 0
  xran_ports 1
  dpdkBasebandFecMode 0
  dpdkBasebandDevice (null)
  filePrefix wls_0
  mtu 9600
  p_o_du_addr (null)
  p_o_ru_addr [00:11:22:33:64:66, 00:11:22:33:64:67]
  totalBfWeights 0
  mlogxranenable 0
  dlCpProcBurst 0
'DPDK 20.11.9'
 xran_init: MTU 9600
PF Eth line speed 10G
PF Eth lines per O-xU port 1
RX HW queues per O-xU Eth line 1 
node 0
total cores 32 c_mask 0x00000000000060300 core 9 [id] system_core 8 [id] pkt_proc_core 0x00000000000060000 [mask] pkt_aux_core 0 [id] timing_core 9 [id]
xran_ethdi_init_dpdk_io: Calling rte_eal_init:wls_0 -c 0x00000000000060300 -n2 --iova-mode=pa --socket-mem=8192,0 --socket-limit=8192,0 --proc-type=auto --no-telemetry --file-prefix wls_0 -a0000:00:00.0    
xran_init_mbuf_pool: socket 0
initializing port 0 for TX, drv=net_i40e_vf
Port 0 MAC: 00 11 22 33 64 68
Port 0: nb_rxd 4096 nb_txd 4096
[0] mp_rx__p_0_q_0 num blocks 65535
[0] mempool_small__0

Checking link status portid [0]  EAL: Probe PCI driver: net_i40e_vf (8086:154c) device: 0000:06:02.3 (socket 0)
skipped by XRAN_SKIP_LINK_CHECK
initializing port 1 for TX, drv=net_i40e_vf
Port 1 MAC: 00 11 22 33 64 69
Port 1: nb_rxd 4096 nb_txd 4096
[1] mp_rx__p_1_q_0 num blocks 65535
[1] mempool_small__1
Created ring tx_ring_cp_1 on core 9
Created ring rx_ring_cp_1_0 on core 9

Checking link status portid [1]  [93m[HW]     XRAN modifed affinity. Correcting affinity of caller
[0mskipped by XRAN_SKIP_LINK_CHECK
[ 0] vf  0 local  SRC MAC: 00 11 22 33 64 68
[ 0] vf  0 remote DST MAC: 00 11 22 33 64 66
[ 0] vf  1 local  SRC MAC: 00 11 22 33 64 69
[ 0] vf  1 remote DST MAC: 00 11 22 33 64 67
created dl_gen_ring_up_0 on core 9
xran_fh_config:
  dpdk_port 0
  sector_id 0
  nCC 1
  neAxc 1
  neAxcUl 0
  nAntElmTRx 0
  nDLFftSize 9
  nULFftSize 9
  nDLRBs 24
  nULRBs 24
  nDLAbsFrePointA 0
  nULAbsFrePointA 0
  nDLCenterFreqARFCN 0
  nULCenterFreqARFCN 0
  ttiCb (nil)
  ttiCbParam (nil)
  Tadv_cp_dl 0
  T2a_min_cp_dl 0
  T2a_max_cp_dl 0
  T2a_min_cp_ul 0
  T2a_max_cp_ul 0
  T2a_min_up 0
  T2a_max_up 0
  Ta3_min 0
  Ta3_max 0
  T1a_min_cp_dl 285
  T1a_max_cp_dl 470
  T1a_min_cp_ul 285
  T1a_max_cp_ul 535
  T1a_min_up 300
  T1a_max_up 450
  Ta4_min 400
  Ta4_max 440
  enableCP 1
  prachEnable 1
  srsEnable 0
  puschMaskEnable 0
  puschMaskSlot 0
  cp_vlan_tag 0
  up_vlan_tag 0
  debugStop 0
  debugStopCount 0
  DynamicSectionEna 0
  GPS_Alpha 0
  GPS_Beta -9000
  srsEnableCp 0
  SrsDelaySym 0
  prach_config:
    nPrachConfIdx 159
    nPrachSubcSpacing 1
    nPrachZeroCorrConf 0
    nPrachRestrictSet 0
    nPrachRootSeqIdx 0
    nPrachFreqStart 0
    nPrachFreqOffset -288
    nPrachFilterIdx 0
    startSymId 0
    lastSymId 0
    startPrbc 0
    numPrbc 0
    timeOffset 0
    freqOffset 0
    eAxC_offset 1
    nPrachConfIdxLTE 0
  srs_config:
    symbMask 0000
    eAxC_offset 0
  frame_conf:
    nFrameDuplexType TDD
    nNumerology 1
    nTddPeriod 5
    sSlotConfig[0]: DDDDDDDDDDDDDD
    sSlotConfig[1]: DDDDDDDDDDDDDD
    sSlotConfig[2]: DDDDDDDDDDDDDD
    sSlotConfig[3]: DDDDDDGGGGUUUU
    sSlotConfig[4]: UUUUUUUUUUUUUU
  ru_config:
    xranTech NR
    xranCat A
    xranCompHdrType dynamic
    iqWidth 9
    compMeth 1
    iqWidth_PRACH 9
    compMeth_PRACH 1
    fftSize 8
    byteOrder network/BE
    iqOrder I_Q
    xran_max_frame 0
  bbdev_enc (nil)
  bbdev_dec (nil)
  tx_cp_eAxC2Vf 0x70b64b7e24b0
  tx_up_eAxC2Vf 0x70b64b7e30b0
  rx_cp_eAxC2Vf 0x70b64b7e3cb0
  rx_up_eAxC2Vf 0x70b64b7e48b0
  log_level 1
  max_sections_per_slot 0
  max_sections_per_symbol 0
  RunSlotPrbMapBySymbolEnable 0
  LiteOnIgnoreUPSectionIdEnable 0
  dssEnable 0
  dssPeriod 0
  technology[XRAN_MAX_DSS_PERIODICITY] (not filled as DSS disabled)
 xran_open: 5G NR Category A
xRAN open PRACH config: Numerology 1 ConfIdx 159, preambleFmrt 10 startsymb 0, numSymbol 12, occassionsInPrachSlot 1
PRACH: x 1 y[0] 0, y[1] 0 prach slot: 9 ..
PRACH start symbol 0 lastsymbol 11
xran_init_vfs_mapping: p 0 vf 0
xran_init_vfs_mapping: p 0 vf 1
xran_open: interval_us=500, interval_us_local=500
bbu_offload 0
XRAN_UP_VF: 0x0000
xran_timing_source_thread [CPU  9] [PID: 1551912]
TTI interval 500 [us]
delay_cp_dl_max=30, sym_cp_dl_max=1, max_dl_offset_sym=13
delay_cp_dl_min=215, sym_cp_dl_min=5, min_dl_offset_sym=9
delay_cp_ul=465,     sym_cp_ul=0,     ul_offset_sym=14
offset_num_slots_cp_dl=0, offset_num_slots_cp_ul=1, offset_num_slots_up_ul=0
C-plane DL from 30 us after TTI  [trigger on sym 1] to 215 us after TTI [trigger on sym 5]
Start C-plane UL 465 us after TTI  [trigger on sym 0]
Start U-plane DL 450 us before OTA [offset  in sym -12]
Start U-plane UL 440 us OTA        [offset  in sym 13]
C-plane to U-plane delay 20 us after TTI
Start Sym timer 107142 ns
O-XU      0
HW        0
Num cores 3
Num ports 1
O-RU Cat  0
O-RU CC   1
O-RU eAxC 1
p:0 XRAN_JOB_TYPE_CP_DL worker id 1
p:0 XRAN_JOB_TYPE_CP_UL worker id 1
created sym cp dl cb for symbol 1
created sym cp dl cb for symbol 2
created sym cp dl cb for symbol 3
created sym cp dl cb for symbol 4
created sym cp dl cb for symbol 5
p:0 XRAN_JOB_TYPE_CP_DL worker id 0
p:0 XRAN_JOB_TYPE_CP_UL worker id 0
xran_generic_worker_thread [CPU 17] [PID: 1551912]
spawn worker 0 core 17
xran_generic_worker_thread [CPU 18] [PID: 1551912]
spawn worker 1 core 18
xran_open [CPU  7] [PID: 1551912]
Waiting on Timing thread...
Initialize ORAN port instance 0 (1) sector 0
xran_sector_get_instances() o_xu_id 0 xran_handle 0x70b610f95040
xran_sector_get_instances [0]: CC 0 handle 0x70b63416c740
Handle: 0x70b6506a1468 Instance: 0x[HW]     [RAU] has loaded ETHERNET trasport protocol.
[0m[PHY]    Starting IF interface for RU 0, nb_rx 1
[0m[PHY]    RU 0 Setting N_TA_offset to 200 samples (UL Freq 4045440, N_RB 24, mu 1)
[0m[PHY]    Signaling main thread that RU 0 is ready, sl_ahead 10
[0m[PHY]    L1 configured without analog beamforming
[0m[PHY]    Attaching RU 0 antenna 0 to gNB antenna 0
[0m[PHY]    got sync (ru_thread)
[0m70b63416c740
-> hInstance 0x70b63416c740
ru_0_cc_0_idx_0: [ handle 0x70b63416c740 0 0 ] [nPoolIndex 0] nNumberOfBuffers 511 nBufferSize 14116 socket_id 0
CC:[ handle 0x70b63416c740 ru 0 cc_idx 0 ] [nPoolIndex 0] mb pool 0x284784540 
xran_bm_init() hInstance 0x70b63416c740 poolIdx 0 elements 511 size 14116
xran_bm_allocate_buffer() hInstance 0x70b63416c740 poolIdx 0 count 280
ru_0_cc_0_idx_1: [ handle 0x70b63416c740 0 0 ] [nPoolIndex 1] nNumberOfBuffers 511 nBufferSize 4976 socket_id 0
CC:[ handle 0x70b63416c740 ru 0 cc_idx 0 ] [nPoolIndex 1] mb pool 0x284786dc0 
xran_bm_init() hInstance 0x70b63416c740 poolIdx 1 elements 511 size 4976
xran_bm_allocate_buffer() hInstance 0x70b63416c740 poolIdx 1 count 20
ru_0_cc_0_idx_2: [ handle 0x70b63416c740 0 0 ] [nPoolIndex 2] nNumberOfBuffers 511 nBufferSize 13168 socket_id 0
CC:[ handle 0x70b63416c740 ru 0 cc_idx 0 ] [nPoolIndex 2] mb pool 0x284786940 
xran_bm_init() hInstance 0x70b63416c740 poolIdx 2 elements 511 size 13168
xran_bm_allocate_buffer() hInstance 0x70b63416c740 poolIdx 2 count 280
ru_0_cc_0_idx_3: [ handle 0x70b63416c740 0 0 ] [nPoolIndex 3] nNumberOfBuffers 511 nBufferSize 4976 socket_id 0
CC:[ handle 0x70b63416c740 ru 0 cc_idx 0 ] [nPoolIndex 3] mb pool 0x284786340 
xran_bm_init() hInstance 0x70b63416c740 poolIdx 3 elements 511 size 4976
xran_bm_allocate_buffer() hInstance 0x70b63416c740 poolIdx 3 count 20
ru_0_cc_0_idx_4: [ handle 0x70b63416c740 0 0 ] [nPoolIndex 4] nNumberOfBuffers 511 nBufferSize 3360 socket_id 0
CC:[ handle 0x70b63416c740 ru 0 cc_idx 0 ] [nPoolIndex 4] mb pool 0x284788d00 
xran_bm_init() hInstance 0x70b63416c740 poolIdx 4 elements 511 size 3360
xran_bm_allocate_buffer() hInstance 0x70b63416c740 poolIdx 4 count 280
ORAN: get_internal_parameter
ORAN: get_internal_parameter
ORAN: trx_oran_start
O-DU: XRAN start time: 05/27/26 06:36:10.621222837 UTC [500]
Start ORAN. Done
TYPE <CTRL-C> TO TERMINATE
[PHY]    RU 0 no rf device
[0m[PHY]    RU 0 RF started cpu_meas_enabled 0
[0m[PHY]    got sync (L1_stats_thread)
[0m[HW]     [PUSCH BFP] ENTER: frame=0, slot=13, sym=10, ant=0, startRB=0, numRB=24, iqWidth=9, payload_len=672
[0m[HW]     [PUSCH BFP] Decompression returned, rsp.len=1152
[0m[HW]     [PUSCH BFP] ENTER: frame=0, slot=13, sym=11, ant=0, startRB=0, numRB=24, iqWidth=9, payload_len=672
[0m[HW]     [PUSCH BFP] Decompression returned, rsp.len=1152
[0m[HW]     [PUSCH BFP] ENTER: frame=0, slot=13, sym=12, ant=0, startRB=0, numRB=24, iqWidth=9, payload_len=672
[0m[HW]     [PUSCH BFP] Decompression returned, rsp.len=1152
[0m[HW]     [PUSCH BFP] ENTER: frame=0, slot=13, sym=13, ant=0, startRB=0, numRB=24, iqWidth=9, payload_len=672
[0m[HW]     [PUSCH BFP] Decompression returned, rsp.len=1152
[0m[HW]     [PUSCH BFP] ENTER: frame=0, slot=14, sym=0, ant=0, startRB=0, numRB=24, iqWidth=9, payload_len=672
[0m[HW]     [PUSCH BFP] Decompression returned, rsp.len=1152
[0m[93m[HW]     we get rach data from ru, but it is not scheduled 0.19
[0m[32m[PHY]    Command line parameters for OAI UE: -C 4049760000 -r 24 --numerology 1 --ssb 24 
[0m[PHY]    ULSCH ACK trace 107.18 rnti 90d1 harq 0 round 0 rv 0 crc_valid 1 processed 1/1 abort 0 dtx 0 TBS 7 rb 0+8 sym 10+3 mcs 1 Qm 2 SNR 66.2 dB TAest 0
[0m[MAC]    [RAPROC] Received SDU for CCCH length 6 for UE 90d1
[0m[93m[NR_MAC] (115.6) RA Contention Resolution timer expired for UE 0x90d1, RA procedure failed...
[0m[93m[NGAP]   Failed to find ue context associated with gNB ue ngap id: 1
[0m[93m[RLC]    Remove UE 37073
[0m[1;31m[NGAP]   Failed to find ue context associated with gNB ue ngap id: 1
[0m[HW]     [o-du 0][rx   10716 pps   10716 kbps   43002][tx   31916 pps   31916 kbps  108900][Total Msgs_Rcvd 10716]
[0m[HW]     [FH LOAD][o-du 0] rx=43.002 Mbps tx=108.900 Mbps total=151.902 Mbps rx_pps=10716 tx_pps=31916 total_pps=42632
[0m[HW]     [o_du0][pusch0    9180 prach0    1536]
[0m[PHY]    ULSCH ACK trace 142.18 rnti 906d harq 0 round 0 rv 0 crc_valid 1 processed 1/1 abort 0 dtx 0 TBS 7 rb 0+8 sym 10+3 mcs 1 Qm 2 SNR 53.6 dB TAest 1
[0m[93m[NR_MAC] No UE found with C-RNTI 906d, ignoring Msg3 to have UE come back with new RA attempt
[0m[PHY]    ULSCH ACK trace 150.18 rnti 9d5e harq 0 round 0 rv 0 crc_valid 1 processed 1/1 abort 0 dtx 0 TBS 7 rb 0+8 sym 10+3 mcs 1 Qm 2 SNR 65.5 dB TAest 1
[0m[93m[NR_MAC] No UE found with C-RNTI 9d5e, ignoring Msg3 to have UE come back with new RA attempt
[0m[PHY]    ULSCH ACK trace 158.18 rnti 6789 harq 0 round 0 rv 0 crc_valid 1 processed 1/1 abort 0 dtx 0 TBS 7 rb 0+8 sym 10+3 mcs 1 Qm 2 SNR 65.3 dB TAest 0
[0m[93m[NR_MAC] No UE found with C-RNTI 6789, ignoring Msg3 to have UE come back with new RA attempt
[0m[PHY]    ULSCH ACK trace 166.18 rnti 6392 harq 0 round 0 rv 0 crc_valid 1 processed 1/1 abort 0 dtx 0 TBS 7 rb 0+8 sym 10+3 mcs 1 Qm 2 SNR 65.3 dB TAest 0
[0m[93m[NR_MAC] No UE found with C-RNTI 6392, ignoring Msg3 to have UE come back with new RA attempt
[0m[PHY]    ULSCH ACK trace 174.18 rnti a835 harq 0 round 0 rv 0 crc_valid 1 processed 1/1 abort 0 dtx 0 TBS 7 rb 0+8 sym 10+3 mcs 1 Qm 2 SNR 65.4 dB TAest 0
[0m[93m[NR_MAC] No UE found with C-RNTI a835, ignoring Msg3 to have UE come back with new RA attempt
[0m[PHY]    ULSCH ACK trace 182.18 rnti 5d74 harq 0 round 0 rv 0 crc_valid 1 processed 1/1 abort 0 dtx 0 TBS 7 rb 0+8 sym 10+3 mcs 1 Qm 2 SNR 65.7 dB TAest 0
[0m[93m[NR_MAC] No UE found with C-RNTI 5d74, ignoring Msg3 to have UE come back with new RA attempt
[0m[PHY]    ULSCH ACK trace 190.18 rnti b697 harq 0 round 0 rv 0 crc_valid 1 processed 1/1 abort 0 dtx 0 TBS 7 rb 0+8 sym 10+3 mcs 1 Qm 2 SNR 65.8 dB TAest 0
[0m[93m[NR_MAC] No UE found with C-RNTI b697, ignoring Msg3 to have UE come back with new RA attempt
[0m[93m[PHY]    ULSCH NAK trace 198.18 rnti f8c7 harq 0 round 0 rv 0 crc_valid 0 processed 0/1 abort 1 dtx 0 TBS 7 rb 0+8 sym 10+3 mcs 1 Qm 2 SNR 66.1 dB TAest 0
[0m[93m[PHY]    ULSCH NAK trace 199.18 rnti f8c7 harq 0 round 1 rv 2 crc_valid 0 processed 0/1 abort 1 dtx 0 TBS 7 rb 0+8 sym 10+3 mcs 1 Qm 2 SNR 71.6 dB TAest 0
[0m[93m[PHY]    ULSCH NAK trace 200.18 rnti f8c7 harq 0 round 2 rv 3 crc_valid 0 processed 0/1 abort 1 dtx 0 TBS 7 rb 0+8 sym 10+3 mcs 1 Qm 2 SNR 73.9 dB TAest 0
[0m[93m[PHY]    ULSCH NAK trace 201.18 rnti f8c7 harq 0 round 3 rv 1 crc_valid 0 processed 0/1 abort 1 dtx 0 TBS 7 rb 0+8 sym 10+3 mcs 1 Qm 2 SNR 74.0 dB TAest 0
[0m[93m[NR_MAC] UE f8c7 RA failed at state WAIT_Msg3 (Reached msg3 max harq rounds)
[0m[93m[PHY]    ULSCH NAK trace 206.18 rnti a426 harq 0 round 0 rv 0 crc_valid 0 processed 0/1 abort 1 dtx 0 TBS 7 rb 0+8 sym 10+3 mcs 1 Qm 2 SNR 66.2 dB TAest 0
[0m[93m[PHY]    ULSCH NAK trace 207.18 rnti a426 harq 0 round 1 rv 2 crc_valid 0 processed 0/1 abort 1 dtx 0 TBS 7 rb 0+8 sym 10+3 mcs 1 Qm 2 SNR 71.2 dB TAest 0
[0m[93m[PHY]    ULSCH NAK trace 208.18 rnti a426 harq 0 round 2 rv 3 crc_valid 0 processed 0/1 abort 1 dtx 0 TBS 7 rb 0+8 sym 10+3 mcs 1 Qm 2 SNR 73.8 dB TAest 0
[0m[93m[PHY]    ULSCH NAK trace 209.18 rnti a426 harq 0 round 3 rv 1 crc_valid 0 processed 0/1 abort 1 dtx 0 TBS 7 rb 0+8 sym 10+3 mcs 1 Qm 2 SNR 74.3 dB TAest 0
[0m[93m[NR_MAC] UE a426 RA failed at state WAIT_Msg3 (Reached msg3 max harq rounds)
[0m[PHY]    ULSCH ACK trace 214.18 rnti 8196 harq 0 round 0 rv 0 crc_valid 1 processed 1/1 abort 0 dtx 0 TBS 7 rb 0+8 sym 10+3 mcs 1 Qm 2 SNR 66.2 dB TAest 1
[0m[93m[NR_MAC] No UE found with C-RNTI 8196, ignoring Msg3 to have UE come back with new RA attempt
[0m[PHY]    ULSCH ACK trace 222.18 rnti 84dd harq 0 round 0 rv 0 crc_valid 1 processed 1/1 abort 0 dtx 0 TBS 7 rb 0+8 sym 10+3 mcs 1 Qm 2 SNR 66.1 dB TAest 1
[0m[93m[NR_MAC] No UE found with C-RNTI 84dd, ignoring Msg3 to have UE come back with new RA attempt
[0m[PHY]    ULSCH ACK trace 230.18 rnti 9ce0 harq 0 round 0 rv 0 crc_valid 1 processed 1/1 abort 0 dtx 0 TBS 7 rb 0+8 sym 10+3 mcs 1 Qm 2 SNR 65.9 dB TAest 1
[0m[93m[NR_MAC] No UE found with C-RNTI 9ce0, ignoring Msg3 to have UE come back with new RA attempt
[0m[PHY]    ULSCH ACK trace 238.18 rnti 9b31 harq 0 round 0 rv 0 crc_valid 1 processed 1/1 abort 0 dtx 0 TBS 7 rb 0+8 sym 10+3 mcs 1 Qm 2 SNR 65.6 dB TAest 1
[0m[93m[NR_MAC] No UE found with C-RNTI 9b31, ignoring Msg3 to have UE come back with new RA attempt
[0m[PHY]    ULSCH ACK trace 246.18 rnti 8dde harq 0 round 0 rv 0 crc_valid 1 processed 1/1 abort 0 dtx 0 TBS 7 rb 0+8 sym 10+3 mcs 1 Qm 2 SNR 65.4 dB TAest 0
[0m[93m[NR_MAC] No UE found with C-RNTI 8dde, ignoring Msg3 to have UE come back with new RA attempt
[0m[PHY]    ULSCH ACK trace 254.18 rnti cbd6 harq 0 round 0 rv 0 crc_valid 1 processed 1/1 abort 0 dtx 0 TBS 7 rb 0+8 sym 10+3 mcs 1 Qm 2 SNR 65.3 dB TAest 0
[0m[93m[NR_MAC] No UE found with C-RNTI cbd6, ignoring Msg3 to have UE come back with new RA attempt
[0m[HW]     [o-du 0][rx   21468 pps   10752 kbps   43013][tx   63788 pps   31872 kbps  108900][Total Msgs_Rcvd 21468]
[0m[HW]     [FH LOAD][o-du 0] rx=43.013 Mbps tx=108.900 Mbps total=151.913 Mbps rx_pps=10752 tx_pps=31872 total_pps=42624
[0m[HW]     [o_du0][pusch0   18396 prach0    3072]
[0m[PHY]    ULSCH ACK trace 262.18 rnti a7ce harq 0 round 0 rv 0 crc_valid 1 processed 1/1 abort 0 dtx 0 TBS 7 rb 0+8 sym 10+3 mcs 1 Qm 2 SNR 65.3 dB TAest 0
[0m[93m[NR_MAC] No UE found with C-RNTI a7ce, ignoring Msg3 to have UE come back with new RA attempt
[0m[PHY]    ULSCH ACK trace 270.18 rnti f650 harq 0 round 0 rv 0 crc_valid 1 processed 1/1 abort 0 dtx 0 TBS 7 rb 0+8 sym 10+3 mcs 1 Qm 2 SNR 65.5 dB TAest 0
[0m[93m[NR_MAC] No UE found with C-RNTI f650, ignoring Msg3 to have UE come back with new RA attempt
[0m[PHY]    ULSCH ACK trace 278.18 rnti eac7 harq 0 round 0 rv 0 crc_valid 1 processed 1/1 abort 0 dtx 0 TBS 7 rb 0+8 sym 10+3 mcs 1 Qm 2 SNR 65.6 dB TAest 0
[0m[93m[NR_MAC] No UE found with C-RNTI eac7, ignoring Msg3 to have UE come back with new RA attempt
[0m[PHY]    ULSCH ACK trace 286.18 rnti 9014 harq 0 round 0 rv 0 crc_valid 1 processed 1/1 abort 0 dtx 0 TBS 7 rb 0+8 sym 10+3 mcs 1 Qm 2 SNR 65.9 dB TAest 0
[0m[93m[NR_MAC] No UE found with C-RNTI 9014, ignoring Msg3 to have UE come back with new RA attempt
[0m[93m[PHY]    ULSCH NAK trace 294.18 rnti 0480 harq 0 round 0 rv 0 crc_valid 0 processed 0/1 abort 1 dtx 0 TBS 7 rb 0+8 sym 10+3 mcs 1 Qm 2 SNR 66.1 dB TAest 0
[0m[93m[PHY]    ULSCH NAK trace 295.18 rnti 0480 harq 0 round 1 rv 2 crc_valid 0 processed 0/1 abort 1 dtx 0 TBS 7 rb 0+8 sym 10+3 mcs 1 Qm 2 SNR 71.4 dB TAest 0
[0m[93m[PHY]    ULSCH NAK trace 296.18 rnti 0480 harq 0 round 2 rv 3 crc_valid 0 processed 0/1 abort 1 dtx 0 TBS 7 rb 0+8 sym 10+3 mcs 1 Qm 2 SNR 73.8 dB TAest 0
[0m[93m[PHY]    ULSCH NAK trace 297.18 rnti 0480 harq 0 round 3 rv 1 crc_valid 0 processed 0/1 abort 1 dtx 0 TBS 7 rb 0+8 sym 10+3 mcs 1 Qm 2 SNR 74.0 dB TAest 0
[0m[93m[NR_MAC] UE 0480 RA failed at state WAIT_Msg3 (Reached msg3 max harq rounds)
[0m[93m[PHY]    ULSCH NAK trace 307.18 rnti c0b6 harq 0 round 0 rv 0 crc_valid 0 processed 0/1 abort 1 dtx 0 TBS 7 rb 0+8 sym 10+3 mcs 1 Qm 2 SNR 65.5 dB TAest 0
[0m[PHY]    ULSCH ACK trace 308.18 rnti c0b6 harq 0 round 1 rv 2 crc_valid 1 processed 1/1 abort 0 dtx 0 TBS 7 rb 0+8 sym 10+3 mcs 1 Qm 2 SNR 70.8 dB TAest 0
[0m[MAC]    [RAPROC] Received SDU for CCCH length 6 for UE c0b6
[0m[93m[NR_MAC] (316.6) RA Contention Resolution timer expired for UE 0xc0b6, RA procedure failed...
[0m[93m[NGAP]   Failed to find ue context associated with gNB ue ngap id: 1
[0m[93m[RLC]    Remove UE 49334
[0m[1;31m[NGAP]   Failed to find ue context associated with gNB ue ngap id: 1
[0m[93m[PHY]    ULSCH NAK trace 343.18 rnti 8399 harq 0 round 0 rv 0 crc_valid 0 processed 0/1 abort 1 dtx 0 TBS 7 rb 0+8 sym 10+3 mcs 1 Qm 2 SNR 57.0 dB TAest 0
[0m[93m[PHY]    ULSCH NAK trace 344.18 rnti 8399 harq 0 round 1 rv 2 crc_valid 0 processed 0/1 abort 1 dtx 0 TBS 7 rb 0+8 sym 10+3 mcs 1 Qm 2 SNR 61.6 dB TAest 0
[0m[93m[PHY]    ULSCH NAK trace 345.18 rnti 8399 harq 0 round 2 rv 3 crc_valid 0 processed 0/1 abort 1 dtx 0 TBS 7 rb 0+8 sym 10+3 mcs 1 Qm 2 SNR 65.8 dB TAest 0
[0m[93m[PHY]    ULSCH NAK trace 346.18 rnti 8399 harq 0 round 3 rv 1 crc_valid 0 processed 0/1 abort 1 dtx 0 TBS 7 rb 0+8 sym 10+3 mcs 1 Qm 2 SNR 70.8 dB TAest 0
[0m[93m[NR_MAC] UE 8399 RA failed at state WAIT_Msg3 (Reached msg3 max harq rounds)
[0m[93m[PHY]    ULSCH NAK trace 351.18 rnti 0fe7 harq 0 round 0 rv 0 crc_valid 0 processed 0/1 abort 1 dtx 0 TBS 7 rb 0+8 sym 10+3 mcs 1 Qm 2 SNR 65.7 dB TAest 0
[0m[93m[PHY]    ULSCH NAK trace 352.18 rnti 0fe7 harq 0 round 1 rv 2 crc_valid 0 processed 0/1 abort 1 dtx 0 TBS 7 rb 0+8 sym 10+3 mcs 1 Qm 2 SNR 71.7 dB TAest 0
[0m[93m[PHY]    ULSCH NAK trace 353.18 rnti 0fe7 harq 0 round 2 rv 3 crc_valid 0 processed 0/1 abort 1 dtx 0 TBS 7 rb 0+8 sym 10+3 mcs 1 Qm 2 SNR 74.0 dB TAest 0
[0m[93m[PHY]    ULSCH NAK trace 354.18 rnti 0fe7 harq 0 round 3 rv 1 crc_valid 0 processed 0/1 abort 1 dtx 0 TBS 7 rb 0+8 sym 10+3 mcs 1 Qm 2 SNR 73.7 dB TAest 0
[0m[93m[NR_MAC] UE 0fe7 RA failed at state WAIT_Msg3 (Reached msg3 max harq rounds)
[0m[93m[PHY]    ULSCH NAK trace 359.18 rnti d25c harq 0 round 0 rv 0 crc_valid 0 processed 0/1 abort 1 dtx 0 TBS 7 rb 0+8 sym 10+3 mcs 1 Qm 2 SNR 66.1 dB TAest 0
[0m[93m[PHY]    ULSCH NAK trace 360.18 rnti d25c harq 0 round 1 rv 2 crc_valid 0 processed 0/1 abort 1 dtx 0 TBS 7 rb 0+8 sym 10+3 mcs 1 Qm 2 SNR 71.6 dB TAest 0
[0m[93m[PHY]    ULSCH NAK trace 361.18 rnti d25c harq 0 round 2 rv 3 crc_valid 0 processed 0/1 abort 1 dtx 0 TBS 7 rb 0+8 sym 10+3 mcs 1 Qm 2 SNR 73.9 dB TAest 0
[0m[93m[PHY]    ULSCH NAK trace 362.18 rnti d25c harq 0 round 3 rv 1 crc_valid 0 processed 0/1 abort 1 dtx 0 TBS 7 rb 0+8 sym 10+3 mcs 1 Qm 2 SNR 73.9 dB TAest 0
[0m[93m[NR_MAC] UE d25c RA failed at state WAIT_Msg3 (Reached msg3 max harq rounds)
[0m[93m[PHY]    ULSCH NAK trace 367.18 rnti b828 harq 0 round 0 rv 0 crc_valid 0 processed 0/1 abort 1 dtx 0 TBS 7 rb 0+8 sym 10+3 mcs 1 Qm 2 SNR 66.2 dB TAest 0
[0m[93m[PHY]    ULSCH NAK trace 368.18 rnti b828 harq 0 round 1 rv 2 crc_valid 0 processed 0/1 abort 1 dtx 0 TBS 7 rb 0+8 sym 10+3 mcs 1 Qm 2 SNR 71.3 dB TAest 0
[0m[93m[PHY]    ULSCH NAK trace 369.18 rnti b828 harq 0 round 2 rv 3 crc_valid 0 processed 0/1 abort 1 dtx 0 TBS 7 rb 0+8 sym 10+3 mcs 1 Qm 2 SNR 73.7 dB TAest 0
[0m[93m[PHY]    ULSCH NAK trace 370.18 rnti b828 harq 0 round 3 rv 1 crc_valid 0 processed 0/1 abort 1 dtx 0 TBS 7 rb 0+8 sym 10+3 mcs 1 Qm 2 SNR 74.1 dB TAest 0
[0m[93m[NR_MAC] UE b828 RA failed at state WAIT_Msg3 (Reached msg3 max harq rounds)
[0m[93m[PHY]    ULSCH NAK trace 375.18 rnti a09c harq 0 round 0 rv 0 crc_valid 0 processed 0/1 abort 1 dtx 0 TBS 7 rb 0+8 sym 10+3 mcs 1 Qm 2 SNR 66.3 dB TAest 0
[0m[93m[PHY]    ULSCH NAK trace 376.18 rnti a09c harq 0 round 1 rv 2 crc_valid 0 processed 0/1 abort 1 dtx 0 TBS 7 rb 0+8 sym 10+3 mcs 1 Qm 2 SNR 71.2 dB TAest 0
[0m[93m[PHY]    ULSCH NAK trace 377.18 rnti a09c harq 0 round 2 rv 3 crc_valid 0 processed 0/1 abort 1 dtx 0 TBS 7 rb 0+8 sym 10+3 mcs 1 Qm 2 SNR 73.7 dB TAest 0
[0m[93m[NR_MAC] UE a09c RA failed at state WAIT_Msg3 (Reached msg3 max harq rounds)
[0m[HW]     [o-du 0][rx   32220 pps   10752 kbps   43005][tx   95660 pps   31872 kbps  108900][Total Msgs_Rcvd 32220]
[0m[HW]     [FH LOAD][o-du 0] rx=43.005 Mbps tx=108.900 Mbps total=151.905 Mbps rx_pps=10752 tx_pps=31872 total_pps=42624
[0m[HW]     [o_du0][pusch0   27612 prach0    4608]
[0m[93m[NR_MAC] UE 8585 RA failed at state WAIT_Msg3 (Reached msg3 max harq rounds)
[0m[PHY]    ULSCH ACK trace 391.18 rnti 0d6b harq 0 round 0 rv 0 crc_valid 1 processed 1/1 abort 0 dtx 0 TBS 7 rb 0+8 sym 10+3 mcs 1 Qm 2 SNR 66.0 dB TAest 2
[0m[93m[NR_MAC] No UE found with C-RNTI 0d6b, ignoring Msg3 to have UE come back with new RA attempt
[0m[PHY]    ULSCH ACK trace 399.18 rnti c724 harq 0 round 0 rv 0 crc_valid 1 processed 1/1 abort 0 dtx 0 TBS 7 rb 0+8 sym 10+3 mcs 1 Qm 2 SNR 65.7 dB TAest 2
[0m[93m[NR_MAC] No UE found with C-RNTI c724, ignoring Msg3 to have UE come back with new RA attempt
[0m[93m[NR_MAC] UE bd83 RA failed at state WAIT_Msg3 (Reached msg3 max harq rounds)
[0m[PHY]    ULSCH ACK trace 415.18 rnti cbc4 harq 0 round 0 rv 0 crc_valid 1 processed 1/1 abort 0 dtx 0 TBS 7 rb 0+8 sym 10+3 mcs 1 Qm 2 SNR 65.2 dB TAest 0
[0m[93m[NR_MAC] No UE found with C-RNTI cbc4, ignoring Msg3 to have UE come back with new RA attempt
[0m[93m[NR_MAC] UE 6d9b RA failed at state WAIT_Msg3 (Reached msg3 max harq rounds)
[0m[PHY]    ULSCH ACK trace 431.18 rnti 12f5 harq 0 round 0 rv 0 crc_valid 1 processed 1/1 abort 0 dtx 0 TBS 7 rb 0+8 sym 10+3 mcs 1 Qm 2 SNR 65.3 dB TAest 0
[0m[93m[NR_MAC] No UE found with C-RNTI 12f5, ignoring Msg3 to have UE come back with new RA attempt
[0m[93m[NR_MAC] UE f464 RA failed at state WAIT_Msg3 (Reached msg3 max harq rounds)
[0m[93m[NR_MAC] UE b728 RA failed at state WAIT_Msg3 (Reached msg3 max harq rounds)
[0m[93m[NR_MAC] UE 6d70 RA failed at state WAIT_Msg3 (Reached msg3 max harq rounds)
[0m[93m[NR_MAC] UE 7ff3 RA failed at state WAIT_Msg3 (Reached msg3 max harq rounds)
[0m[93m[NR_MAC] UE bfb6 RA failed at state WAIT_Msg3 (Reached msg3 max harq rounds)
[0m[PHY]    ULSCH ACK trace 479.18 rnti 5cc7 harq 0 round 0 rv 0 crc_valid 1 processed 1/1 abort 0 dtx 0 TBS 7 rb 0+8 sym 10+3 mcs 1 Qm 2 SNR 66.1 dB TAest 0
[0m[93m[NR_MAC] No UE found with C-RNTI 5cc7, ignoring Msg3 to have UE come back with new RA attempt
[0m[93m[NR_MAC] UE 393b RA failed at state WAIT_Msg3 (Reached msg3 max harq rounds)
[0m[PHY]    ULSCH ACK trace 495.18 rnti 5cf6 harq 0 round 0 rv 0 crc_valid 1 processed 1/1 abort 0 dtx 0 TBS 7 rb 0+8 sym 10+3 mcs 1 Qm 2 SNR 65.5 dB TAest 0
[0m[93m[NR_MAC] No UE found with C-RNTI 5cf6, ignoring Msg3 to have UE come back with new RA attempt
[0m[HW]     [o-du 0][rx   42972 pps   10752 kbps   43010][tx  127532 pps   31872 kbps  108900][Total Msgs_Rcvd 42972]
[0m[HW]     [FH LOAD][o-du 0] rx=43.010 Mbps tx=108.900 Mbps total=151.910 Mbps rx_pps=10752 tx_pps=31872 total_pps=42624
[0m[HW]     [o_du0][pusch0   36828 prach0    6144]
[0m[93m[NR_MAC] UE c233 RA failed at state WAIT_Msg3 (Reached msg3 max harq rounds)
[0m[PHY]    ULSCH ACK trace 521.18 rnti c199 harq 0 round 1 rv 2 crc_valid 1 processed 1/1 abort 0 dtx 0 TBS 7 rb 0+8 sym 10+3 mcs 1 Qm 2 SNR 71.6 dB TAest 0
[0m[MAC]    [RAPROC] Received SDU for CCCH length 6 for UE c199
[0m[93m[NR_MAC] (529.6) RA Contention Resolution timer expired for UE 0xc199, RA procedure failed...
[0m[93m[NGAP]   Failed to find ue context associated with gNB ue ngap id: 1
[0m[93m[RLC]    Remove UE 49561
[0m[1;31m[NGAP]   Failed to find ue context associated with gNB ue ngap id: 1
[0m[PHY]    ULSCH ACK trace 556.18 rnti ab0d harq 0 round 0 rv 0 crc_valid 1 processed 1/1 abort 0 dtx 0 TBS 7 rb 0+8 sym 10+3 mcs 1 Qm 2 SNR 60.3 dB TAest 1
[0m[93m[NR_MAC] No UE found with C-RNTI ab0d, ignoring Msg3 to have UE come back with new RA attempt
[0m[PHY]    ULSCH ACK trace 564.18 rnti c051 harq 0 round 0 rv 0 crc_valid 1 processed 1/1 abort 0 dtx 0 TBS 7 rb 0+8 sym 10+3 mcs 1 Qm 2 SNR 65.5 dB TAest 1
[0m[93m[NR_MAC] No UE found with C-RNTI c051, ignoring Msg3 to have UE come back with new RA attempt
[0m[PHY]    ULSCH ACK trace 572.18 rnti f3d0 harq 0 round 0 rv 0 crc_valid 1 processed 1/1 abort 0 dtx 0 TBS 7 rb 0+8 sym 10+3 mcs 1 Qm 2 SNR 65.4 dB TAest 0
[0m[93m[NR_MAC] No UE found with C-RNTI f3d0, ignoring Msg3 to have UE come back with new RA attempt
[0m[PHY]    ULSCH ACK trace 580.18 rnti af88 harq 0 round 0 rv 0 crc_valid 1 processed 1/1 abort 0 dtx 0 TBS 7 rb 0+8 sym 10+3 mcs 1 Qm 2 SNR 65.2 dB TAest 0
[0m[93m[NR_MAC] No UE found with C-RNTI af88, ignoring Msg3 to have UE come back with new RA attempt
[0m[PHY]    ULSCH ACK trace 588.18 rnti df79 harq 0 round 0 rv 0 crc_valid 1 processed 1/1 abort 0 dtx 0 TBS 7 rb 0+8 sym 10+3 mcs 1 Qm 2 SNR 65.2 dB TAest 0
[0m[93m[NR_MAC] No UE found with C-RNTI df79, ignoring Msg3 to have UE come back with new RA attempt
[0m[PHY]    ULSCH ACK trace 596.18 rnti 467c harq 0 round 0 rv 0 crc_valid 1 processed 1/1 abort 0 dtx 0 TBS 7 rb 0+8 sym 10+3 mcs 1 Qm 2 SNR 65.4 dB TAest 0
[0m[93m[NR_MAC] No UE found with C-RNTI 467c, ignoring Msg3 to have UE come back with new RA attempt
[0m[93m[NR_MAC] No UE found with C-RNTI 0dbe, ignoring Msg3 to have UE come back with new RA attempt
[0m[93m[NR_MAC] No UE found with C-RNTI 27e6, ignoring Msg3 to have UE come back with new RA attempt
[0m[93m[NR_MAC] UE b94a RA failed at state WAIT_Msg3 (Reached msg3 max harq rounds)
[0m[93m[NR_MAC] No UE found with C-RNTI 22b8, ignoring Msg3 to have UE come back with new RA attempt
[0m[93m[NR_MAC] No UE found with C-RNTI 943a, ignoring Msg3 to have UE come back with new RA attempt
[0m[HW]     [o-du 0][rx   53724 pps   10752 kbps   43008][tx  159404 pps   31872 kbps  108900][Total Msgs_Rcvd 53724]
[0m[HW]     [FH LOAD][o-du 0] rx=43.008 Mbps tx=108.900 Mbps total=151.908 Mbps rx_pps=10752 tx_pps=31872 total_pps=42624
[0m[HW]     [o_du0][pusch0   46044 prach0    7680]
[0m[93m[NR_MAC] No UE found with C-RNTI bb5d, ignoring Msg3 to have UE come back with new RA attempt
[0m[93m[NR_MAC] No UE found with C-RNTI 88bd, ignoring Msg3 to have UE come back with new RA attempt
[0m[93m[NR_MAC] No UE found with C-RNTI 049f, ignoring Msg3 to have UE come back with new RA attempt
[0m[93m[NR_MAC] No UE found with C-RNTI f6c1, ignoring Msg3 to have UE come back with new RA attempt
[0m[93m[NR_MAC] No UE found with C-RNTI 6bd1, ignoring Msg3 to have UE come back with new RA attempt
[0m[93m[NR_MAC] No UE found with C-RNTI 32b5, ignoring Msg3 to have UE come back with new RA attempt
[0m[93m[NR_MAC] No UE found with C-RNTI 988f, ignoring Msg3 to have UE come back with new RA attempt
[0m[93m[NR_MAC] No UE found with C-RNTI 20eb, ignoring Msg3 to have UE come back with new RA attempt
[0m[93m[NR_MAC] UE 6463 RA failed at state WAIT_Msg3 (Reached msg3 max harq rounds)
[0m[MAC]    [RAPROC] Received SDU for CCCH length 6 for UE db19
[0m[93m[NR_MAC] (729.6) RA Contention Resolution timer expired for UE 0xdb19, RA procedure failed...
[0m[93m[NGAP]   Failed to find ue context associated with gNB ue ngap id: 1
[0m[93m[RLC]    Remove UE 56089
[0m[1;31m[NGAP]   Failed to find ue context associated with gNB ue ngap id: 1
[0m[93m[NR_MAC] No UE found with C-RNTI 6101, ignoring Msg3 to have UE come back with new RA attempt
[0m[93m[NR_MAC] No UE found with C-RNTI c785, ignoring Msg3 to have UE come back with new RA attempt
[0m[HW]     [o-du 0][rx   64476 pps   10752 kbps   43008][tx  191276 pps   31872 kbps  108900][Total Msgs_Rcvd 64476]
[0m[HW]     [FH LOAD][o-du 0] rx=43.008 Mbps tx=108.900 Mbps total=151.908 Mbps rx_pps=10752 tx_pps=31872 total_pps=42624
[0m[HW]     [o_du0][pusch0   55260 prach0    9216]
[0m[93m[NR_MAC] No UE found with C-RNTI 1e24, ignoring Msg3 to have UE come back with new RA attempt
[0m[93m[NR_MAC] No UE found with C-RNTI f737, ignoring Msg3 to have UE come back with new RA attempt
[0m[93m[NR_MAC] No UE found with C-RNTI 1103, ignoring Msg3 to have UE come back with new RA attempt
[0m[93m[NR_MAC] UE bbeb RA failed at state WAIT_Msg3 (Reached msg3 max harq rounds)
[0m[93m[NR_MAC] UE fea4 RA failed at state WAIT_Msg3 (Reached msg3 max harq rounds)
[0m[93m[NR_MAC] No UE found with C-RNTI 13c8, ignoring Msg3 to have UE come back with new RA attempt
[0m[93m[NR_MAC] No UE found with C-RNTI a1c5, ignoring Msg3 to have UE come back with new RA attempt
[0m[93m[NR_MAC] No UE found with C-RNTI 401d, ignoring Msg3 to have UE come back with new RA attempt
[0m[93m[NR_MAC] No UE found with C-RNTI f73a, ignoring Msg3 to have UE come back with new RA attempt
[0m[93m[NR_MAC] No UE found with C-RNTI f038, ignoring Msg3 to have UE come back with new RA attempt
[0m[93m[NR_MAC] No UE found with C-RNTI 4aaf, ignoring Msg3 to have UE come back with new RA attempt
[0m[93m[NR_MAC] No UE found with C-RNTI 4db4, ignoring Msg3 to have UE come back with new RA attempt
[0m[93m[NR_MAC] No UE found with C-RNTI 4335, ignoring Msg3 to have UE come back with new RA attempt
[0m[93m[NR_MAC] No UE found with C-RNTI cb6f, ignoring Msg3 to have UE come back with new RA attempt
[0m[93m[NR_MAC] UE c8cc RA failed at state WAIT_Msg3 (Reached msg3 max harq rounds)
[0m[93m[NR_MAC] UE 77e9 RA failed at state WAIT_Msg3 (Reached msg3 max harq rounds)
[0m[HW]     [o-du 0][rx   75228 pps   10752 kbps   43008][tx  223148 pps   31872 kbps  108900][Total Msgs_Rcvd 75228]
[0m[HW]     [FH LOAD][o-du 0] rx=43.008 Mbps tx=108.900 Mbps total=151.908 Mbps rx_pps=10752 tx_pps=31872 total_pps=42624
[0m[HW]     [o_du0][pusch0   64476 prach0   10752]
[0m[93m[NR_MAC] UE d2f3 RA failed at state WAIT_Msg3 (Reached msg3 max harq rounds)
[0m[93m[NR_MAC] No UE found with C-RNTI 5ec8, ignoring Msg3 to have UE come back with new RA attempt
[0m[93m[NR_MAC] UE 5623 RA failed at state WAIT_Msg3 (Reached msg3 max harq rounds)
[0m[MAC]    [RAPROC] Received SDU for CCCH length 6 for UE 3f11
[0m[93m[NR_MAC] (940.6) RA Contention Resolution timer expired for UE 0x3f11, RA procedure failed...
[0m[93m[NGAP]   Failed to find ue context associated with gNB ue ngap id: 1
[0m[93m[RLC]    Remove UE 16145
[0m[1;31m[NGAP]   Failed to find ue context associated with gNB ue ngap id: 1
[0m[93m[NR_MAC] No UE found with C-RNTI a8de, ignoring Msg3 to have UE come back with new RA attempt
[0m[93m[NR_MAC] No UE found with C-RNTI bfe5, ignoring Msg3 to have UE come back with new RA attempt
[0m[93m[NR_MAC] No UE found with C-RNTI 9cfe, ignoring Msg3 to have UE come back with new RA attempt
[0m[93m[NR_MAC] No UE found with C-RNTI ec20, ignoring Msg3 to have UE come back with new RA attempt
[0m[93m[NR_MAC] UE 372e RA failed at state WAIT_Msg3 (Reached msg3 max harq rounds)
[0m[93m[NR_MAC] UE 53d8 RA failed at state WAIT_Msg3 (Reached msg3 max harq rounds)
[0m[93m[NR_MAC] UE fced RA failed at state WAIT_Msg3 (Reached msg3 max harq rounds)
[0m[93m[NR_MAC] No UE found with C-RNTI 8656, ignoring Msg3 to have UE come back with new RA attempt
[0m[HW]     [o-du 0][rx   85980 pps   10752 kbps   43002][tx  255020 pps   31872 kbps  108900][Total Msgs_Rcvd 85980]
[0m[HW]     [FH LOAD][o-du 0] rx=43.002 Mbps tx=108.900 Mbps total=151.902 Mbps rx_pps=10752 tx_pps=31872 total_pps=42624
[0m[HW]     [o_du0][pusch0   73692 prach0   12288]
[0m[PHY]    prach_I0 = 5.7 dB
[0m[93m[NR_MAC] No UE found with C-RNTI 342b, ignoring Msg3 to have UE come back with new RA attempt
[0m[93m[NR_MAC] No UE found with C-RNTI 23ed, ignoring Msg3 to have UE come back with new RA attempt
[0m[93m[NR_MAC] No UE found with C-RNTI deb9, ignoring Msg3 to have UE come back with new RA attempt
[0m[93m[NR_MAC] No UE found with C-RNTI 641f, ignoring Msg3 to have UE come back with new RA attempt
[0m[93m[NR_MAC] No UE found with C-RNTI 5f25, ignoring Msg3 to have UE come back with new RA attempt
[0m[93m[NR_MAC] No UE found with C-RNTI 31d8, ignoring Msg3 to have UE come back with new RA attempt
[0m[93m[NR_MAC] No UE found with C-RNTI fa28, ignoring Msg3 to have UE come back with new RA attempt
[0m[93m[NR_MAC] No UE found with C-RNTI 1ee1, ignoring Msg3 to have UE come back with new RA attempt
[0m[93m[NR_MAC] UE e99f RA failed at state WAIT_Msg3 (Reached msg3 max harq rounds)
[0m[93m[NR_MAC] UE 5aef RA failed at state WAIT_Msg3 (Reached msg3 max harq rounds)
[0m[93m[NR_MAC] No UE found with C-RNTI d8aa, ignoring Msg3 to have UE come back with new RA attempt
[0m[93m[NR_MAC] No UE found with C-RNTI 31e1, ignoring Msg3 to have UE come back with new RA attempt
[0m[MAC]    [RAPROC] Received SDU for CCCH length 6 for UE 103e
[0m[93m[NR_MAC] (117.6) RA Contention Resolution timer expired for UE 0x103e, RA procedure failed...
[0m[93m[NGAP]   Failed to find ue context associated with gNB ue ngap id: 1
[0m[93m[RLC]    Remove UE 4158
[0m[1;31m[NGAP]   Failed to find ue context associated with gNB ue ngap id: 1
[0m[HW]     [o-du 0][rx   96732 pps   10752 kbps   43013][tx  286892 pps   31872 kbps  108900][Total Msgs_Rcvd 96732]
[0m[HW]     [FH LOAD][o-du 0] rx=43.013 Mbps tx=108.900 Mbps total=151.913 Mbps rx_pps=10752 tx_pps=31872 total_pps=42624
[0m[HW]     [o_du0][pusch0   82908 prach0   13824]
[0m[93m[NR_MAC] UE 134e RA failed at state WAIT_Msg3 (Reached msg3 max harq rounds)
[0m[93m[NR_MAC] UE 0148 RA failed at state WAIT_Msg3 (Reached msg3 max harq rounds)
[0m[93m[NR_MAC] UE 132c RA failed at state WAIT_Msg3 (Reached msg3 max harq rounds)
[0m[93m[NR_MAC] UE da75 RA failed at state WAIT_Msg3 (Reached msg3 max harq rounds)
[0m[93m[NR_MAC] No UE found with C-RNTI e289, ignoring Msg3 to have UE come back with new RA attempt
[0m[93m[NR_MAC] UE f4d4 RA failed at state WAIT_Msg3 (Reached msg3 max harq rounds)
[0m[93m[NR_MAC] UE 968b RA failed at state WAIT_Msg3 (Reached msg3 max harq rounds)
[0m[93m[NR_MAC] UE 554b RA failed at state WAIT_Msg3 (Reached msg3 max harq rounds)
[0m[93m[NR_MAC] UE 1611 RA failed at state WAIT_Msg3 (Reached msg3 max harq rounds)
[0m[93m[NR_MAC] No UE found with C-RNTI 3d7a, ignoring Msg3 to have UE come back with new RA attempt
[0m[93m[NR_MAC] UE 56b4 RA failed at state WAIT_Msg3 (Reached msg3 max harq rounds)
[0m[93m[NR_MAC] UE 8d0b RA failed at state WAIT_Msg3 (Reached msg3 max harq rounds)
[0m[93m[NR_MAC] UE 65ed RA failed at state WAIT_Msg3 (Reached msg3 max harq rounds)
[0m[93m[NR_MAC] UE 7c3a RA failed at state WAIT_Msg3 (Reached msg3 max harq rounds)
[0m[HW]     [o-du 0][rx  107484 pps   10752 kbps   42999][tx  318764 pps   31872 kbps  108900][Total Msgs_Rcvd 107484]
[0m[HW]     [FH LOAD][o-du 0] rx=42.999 Mbps tx=108.900 Mbps total=151.899 Mbps rx_pps=10752 tx_pps=31872 total_pps=42624
[0m[HW]     [o_du0][pusch0   92124 prach0   15360]
[0m[93m[NR_MAC] UE b659 RA failed at state WAIT_Msg3 (Reached msg3 max harq rounds)
[0m[93m[NR_MAC] UE a268 RA failed at state WAIT_Msg3 (Reached msg3 max harq rounds)
[0m[93m[NR_MAC] UE f3b4 RA failed at state WAIT_Msg3 (Reached msg3 max harq rounds)
[0m[93m[NR_MAC] No UE found with C-RNTI 48c5, ignoring Msg3 to have UE come back with new RA attempt
[0m[93m[NR_MAC] No UE found with C-RNTI ecc6, ignoring Msg3 to have UE come back with new RA attempt
[0m[93m[NR_MAC] No UE found with C-RNTI 7b27, ignoring Msg3 to have UE come back with new RA attempt
[0m[MAC]    [RAPROC] Received SDU for CCCH length 6 for UE 6393
[0m[93m[NR_MAC] (318.6) RA Contention Resolution timer expired for UE 0x6393, RA procedure failed...
[0m[93m[NGAP]   Failed to find ue context associated with gNB ue ngap id: 1
[0m[93m[RLC]    Remove UE 25491
[0m[1;31m[NGAP]   Failed to find ue context associated with gNB ue ngap id: 1
[0m[93m[NR_MAC] No UE found with C-RNTI 484e, ignoring Msg3 to have UE come back with new RA attempt
[0m[93m[NR_MAC] No UE found with C-RNTI 9fb4, ignoring Msg3 to have UE come back with new RA attempt
[0m[93m[NR_MAC] No UE found with C-RNTI 5885, ignoring Msg3 to have UE come back with new RA attempt
[0m[93m[NR_MAC] No UE found with C-RNTI 87cc, ignoring Msg3 to have UE come back with new RA attempt
[0m[93m[NR_MAC] No UE found with C-RNTI 21ba, ignoring Msg3 to have UE come back with new RA attempt
[0m[HW]     [o-du 0][rx  118236 pps   10752 kbps   43010][tx  350636 pps   31872 kbps  108900][Total Msgs_Rcvd 118236]
[0m[HW]     [FH LOAD][o-du 0] rx=43.010 Mbps tx=108.900 Mbps total=151.910 Mbps rx_pps=10752 tx_pps=31872 total_pps=42624
[0m[HW]     [o_du0][pusch0  101340 prach0   16896]
[0m[93m[NR_MAC] No UE found with C-RNTI 3429, ignoring Msg3 to have UE come back with new RA attempt
[0m[93m[NR_MAC] No UE found with C-RNTI 5b9a, ignoring Msg3 to have UE come back with new RA attempt
[0m[93m[NR_MAC] UE ce16 RA failed at state WAIT_Msg3 (Reached msg3 max harq rounds)
[0m[93m[NR_MAC] No UE found with C-RNTI 06ba, ignoring Msg3 to have UE come back with new RA attempt
[0m[93m[NR_MAC] No UE found with C-RNTI ecf7, ignoring Msg3 to have UE come back with new RA attempt
[0m[93m[NR_MAC] No UE found with C-RNTI c489, ignoring Msg3 to have UE come back with new RA attempt
[0m[93m[NR_MAC] No UE found with C-RNTI 814d, ignoring Msg3 to have UE come back with new RA attempt
[0m[93m[NR_MAC] No UE found with C-RNTI 0a91, ignoring Msg3 to have UE come back with new RA attempt
[0m[93m[NR_MAC] No UE found with C-RNTI d23f, ignoring Msg3 to have UE come back with new RA attempt
[0m[93m[NR_MAC] No UE found with C-RNTI cc71, ignoring Msg3 to have UE come back with new RA attempt
[0m[93m[NR_MAC] No UE found with C-RNTI 83f2, ignoring Msg3 to have UE come back with new RA attempt
[0m[93m[NR_MAC] No UE found with C-RNTI 0572, ignoring Msg3 to have UE come back with new RA attempt
[0m[93m[NR_MAC] No UE found with C-RNTI f4fe, ignoring Msg3 to have UE come back with new RA attempt
[0m[93m[NR_MAC] UE 5c61 RA failed at state WAIT_Msg3 (Reached msg3 max harq rounds)
[0m[93m[NR_MAC] UE fe49 RA failed at state WAIT_Msg3 (Reached msg3 max harq rounds)
[0m[MAC]    [RAPROC] Received SDU for CCCH length 6 for UE 4277
[0m[HW]     [o-du 0][rx  128988 pps   10752 kbps   43008][tx  382508 pps   31872 kbps  108900][Total Msgs_Rcvd 128988]
[0m[HW]     [FH LOAD][o-du 0] rx=43.008 Mbps tx=108.900 Mbps total=151.908 Mbps rx_pps=10752 tx_pps=31872 total_pps=42624
[0m[HW]     [o_du0][pusch0  110556 prach0   18432]
[0m[93m[NR_MAC] (519.6) RA Contention Resolution timer expired for UE 0x4277, RA procedure failed...
[0m[93m[NGAP]   Failed to find ue context associated with gNB ue ngap id: 1
[0m[93m[RLC]    Remove UE 17015
[0m[1;31m[NGAP]   Failed to find ue context associated with gNB ue ngap id: 1
[0m[93m[NR_MAC] UE e83f RA failed at state WAIT_Msg3 (Reached msg3 max harq rounds)
[0m[93m[NR_MAC] UE c259 RA failed at state WAIT_Msg3 (Reached msg3 max harq rounds)
[0m[93m[NR_MAC] UE e18f RA failed at state WAIT_Msg3 (Reached msg3 max harq rounds)
[0m[93m[NR_MAC] UE ad29 RA failed at state WAIT_Msg3 (Reached msg3 max harq rounds)
[0m[93m[NR_MAC] UE 09c0 RA failed at state WAIT_Msg3 (Reached msg3 max harq rounds)
[0m[93m[NR_MAC] UE 09f9 RA failed at state WAIT_Msg3 (Reached msg3 max harq rounds)
[0m[93m[NR_MAC] UE 03af RA failed at state WAIT_Msg3 (Reached msg3 max harq rounds)
[0m[93m[NR_MAC] UE d227 RA failed at state WAIT_Msg3 (Reached msg3 max harq rounds)
[0m[93m[NR_MAC] UE ca83 RA failed at state WAIT_Msg3 (Reached msg3 max harq rounds)
[0m[93m[NR_MAC] UE e70e RA failed at state WAIT_Msg3 (Reached msg3 max harq rounds)
[0m[93m[NR_MAC] No UE found with C-RNTI 7f9d, ignoring Msg3 to have UE come back with new RA attempt
[0m[93m[NR_MAC] UE 597a RA failed at state WAIT_Msg3 (Reached msg3 max harq rounds)
[0m[HW]     [o-du 0][rx  139740 pps   10752 kbps   43008][tx  414380 pps   31872 kbps  108900][Total Msgs_Rcvd 139740]
[0m[HW]     [FH LOAD][o-du 0] rx=43.008 Mbps tx=108.900 Mbps total=151.908 Mbps rx_pps=10752 tx_pps=31872 total_pps=42624
[0m[HW]     [o_du0][pusch0  119772 prach0   19968]
[0m[93m[NR_MAC] UE 17b2 RA failed at state WAIT_Msg3 (Reached msg3 max harq rounds)
[0m[93m[NR_MAC] UE 037a RA failed at state WAIT_Msg3 (Reached msg3 max harq rounds)
[0m[93m[NR_MAC] UE 59a8 RA failed at state WAIT_Msg3 (Reached msg3 max harq rounds)
[0m[93m[NR_MAC] UE 8c76 RA failed at state WAIT_Msg3 (Reached msg3 max harq rounds)
[0m[93m[NR_MAC] UE 0496 RA failed at state WAIT_Msg3 (Reached msg3 max harq rounds)
[0m[93m[NR_MAC] No UE found with C-RNTI d76b, ignoring Msg3 to have UE come back with new RA attempt
[0m[93m[NR_MAC] UE 61e9 RA failed at state WAIT_Msg3 (Reached msg3 max harq rounds)
[0m[93m[NR_MAC] UE f37c RA failed at state WAIT_Msg3 (Reached msg3 max harq rounds)
[0m[MAC]    [RAPROC] Received SDU for CCCH length 6 for UE 9a9e
[0m[93m[NR_MAC] (719.6) RA Contention Resolution timer expired for UE 0x9a9e, RA procedure failed...
[0m[93m[NGAP]   Failed to find ue context associated with gNB ue ngap id: 1
[0m[93m[RLC]    Remove UE 39582
[0m[1;31m[NGAP]   Failed to find ue context associated with gNB ue ngap id: 1
[0m[93m[NR_MAC] UE 370a RA failed at state WAIT_Msg3 (Reached msg3 max harq rounds)
[0m[93m[NR_MAC] UE 2061 RA failed at state WAIT_Msg3 (Reached msg3 max harq rounds)
[0m[93m[NR_MAC] No UE found with C-RNTI 55d5, ignoring Msg3 to have UE come back with new RA attempt
[0m[HW]     [o-du 0][rx  150492 pps   10752 kbps   43008][tx  446252 pps   31872 kbps  108900][Total Msgs_Rcvd 150492]
[0m[HW]     [FH LOAD][o-du 0] rx=43.008 Mbps tx=108.900 Mbps total=151.908 Mbps rx_pps=10752 tx_pps=31872 total_pps=42624
[0m[HW]     [o_du0][pusch0  128988 prach0   21504]
[0m[93m[NR_MAC] UE 7e2d RA failed at state WAIT_Msg3 (Reached msg3 max harq rounds)
[0m[93m[NR_MAC] No UE found with C-RNTI 5d24, ignoring Msg3 to have UE come back with new RA attempt
[0m[93m[NR_MAC] UE 1371 RA failed at state WAIT_Msg3 (Reached msg3 max harq rounds)
[0m[93m[NR_MAC] UE f9f0 RA failed at state WAIT_Msg3 (Reached msg3 max harq rounds)
[0m[93m[NR_MAC] UE 74da RA failed at state WAIT_Msg3 (Reached msg3 max harq rounds)
[0m[93m[NR_MAC] UE 63d9 RA failed at state WAIT_Msg3 (Reached msg3 max harq rounds)
[0m[93m[NR_MAC] UE a981 RA failed at state WAIT_Msg3 (Reached msg3 max harq rounds)
[0m[93m[NR_MAC] UE 018a RA failed at state WAIT_Msg3 (Reached msg3 max harq rounds)
[0m[93m[NR_MAC] UE 7576 RA failed at state WAIT_Msg3 (Reached msg3 max harq rounds)
[0m[93m[NR_MAC] UE ab64 RA failed at state WAIT_Msg3 (Reached msg3 max harq rounds)
[0m[93m[NR_MAC] UE 9a4c RA failed at state WAIT_Msg3 (Reached msg3 max harq rounds)
[0m[93m[NR_MAC] No UE found with C-RNTI 9e8a, ignoring Msg3 to have UE come back with new RA attempt
[0m[93m[NR_MAC] UE a178 RA failed at state WAIT_Msg3 (Reached msg3 max harq rounds)
[0m[93m[NR_MAC] No UE found with C-RNTI 4969, ignoring Msg3 to have UE come back with new RA attempt
[0m[93m[NR_MAC] UE d33a RA failed at state WAIT_Msg3 (Reached msg3 max harq rounds)
[0m[93m[NR_MAC] UE c66b RA failed at state WAIT_Msg3 (Reached msg3 max harq rounds)
[0m[HW]     [o-du 0][rx  161244 pps   10752 kbps   43010][tx  478124 pps   31872 kbps  108900][Total Msgs_Rcvd 161244]
[0m[HW]     [FH LOAD][o-du 0] rx=43.010 Mbps tx=108.900 Mbps total=151.910 Mbps rx_pps=10752 tx_pps=31872 total_pps=42624
[0m[HW]     [o_du0][pusch0  138204 prach0   23040]
[0m[93m[NR_MAC] UE 4b7f RA failed at state WAIT_Msg3 (Reached msg3 max harq rounds)
[0m[MAC]    [RAPROC] Received SDU for CCCH length 6 for UE a9ee
[0m[93m[NR_MAC] (920.6) RA Contention Resolution timer expired for UE 0xa9ee, RA procedure failed...
[0m[93m[NGAP]   Failed to find ue context associated with gNB ue ngap id: 1
[0m[93m[RLC]    Remove UE 43502
[0m[1;31m[NGAP]   Failed to find ue context associated with gNB ue ngap id: 1
[0m[93m[NR_MAC] No UE found with C-RNTI a42c, ignoring Msg3 to have UE come back with new RA attempt
[0m[93m[NR_MAC] No UE found with C-RNTI 304b, ignoring Msg3 to have UE come back with new RA attempt
[0m[93m[NR_MAC] No UE found with C-RNTI 30db, ignoring Msg3 to have UE come back with new RA attempt
[0m[93m[NR_MAC] No UE found with C-RNTI 77f2, ignoring Msg3 to have UE come back with new RA attempt
[0m[93m[NR_MAC] No UE found with C-RNTI 7e30, ignoring Msg3 to have UE come back with new RA attempt
[0m[93m[NR_MAC] No UE found with C-RNTI 21dd, ignoring Msg3 to have UE come back with new RA attempt
[0m[93m[NR_MAC] UE b88d RA failed at state WAIT_Msg3 (Reached msg3 max harq rounds)
[0m[93m[NR_MAC] UE 3746 RA failed at state WAIT_Msg3 (Reached msg3 max harq rounds)
[0m[93m[NR_MAC] No UE found with C-RNTI 4ba3, ignoring Msg3 to have UE come back with new RA attempt
[0m[93m[NR_MAC] No UE found with C-RNTI 7d02, ignoring Msg3 to have UE come back with new RA attempt
[0m[HW]     [o-du 0][rx  171996 pps   10752 kbps   43008][tx  509996 pps   31872 kbps  108900][Total Msgs_Rcvd 171996]
[0m[HW]     [FH LOAD][o-du 0] rx=43.008 Mbps tx=108.900 Mbps total=151.908 Mbps rx_pps=10752 tx_pps=31872 total_pps=42624
[0m[HW]     [o_du0][pusch0  147420 prach0   24576]
[0m[PHY]    prach_I0 = 3.2 dB
[0m[93m[NR_MAC] No UE found with C-RNTI 5c16, ignoring Msg3 to have UE come back with new RA attempt
[0m[93m[NR_MAC] No UE found with C-RNTI 276f, ignoring Msg3 to have UE come back with new RA attempt
[0m[93m[NR_MAC] No UE found with C-RNTI a15e, ignoring Msg3 to have UE come back with new RA attempt
[0m[93m[NR_MAC] No UE found with C-RNTI 78fb, ignoring Msg3 to have UE come back with new RA attempt
[0m[93m[NR_MAC] No UE found with C-RNTI 8e87, ignoring Msg3 to have UE come back with new RA attempt
[0m[93m[NR_MAC] No UE found with C-RNTI c150, ignoring Msg3 to have UE come back with new RA attempt
[0m[93m[NR_MAC] No UE found with C-RNTI 4aad, ignoring Msg3 to have UE come back with new RA attempt
[0m[93m[NR_MAC] No UE found with C-RNTI ebbc, ignoring Msg3 to have UE come back with new RA attempt
[0m[93m[NR_MAC] UE 6613 RA failed at state WAIT_Msg3 (Reached msg3 max harq rounds)
[0m[93m[NR_MAC] No UE found with C-RNTI a46a, ignoring Msg3 to have UE come back with new RA attempt
[0m[MAC]    [RAPROC] Received SDU for CCCH length 6 for UE 6c29
[0m[93m[NR_MAC] (97.6) RA Contention Resolution timer expired for UE 0x6c29, RA procedure failed...
[0m[93m[NGAP]   Failed to find ue context associated with gNB ue ngap id: 1
[0m[93m[RLC]    Remove UE 27689
[0m[1;31m[NGAP]   Failed to find ue context associated with gNB ue ngap id: 1
[0m[93m[NR_MAC] No UE found with C-RNTI a55d, ignoring Msg3 to have UE come back with new RA attempt
[0m[HW]     [o-du 0][rx  182748 pps   10752 kbps   43008][tx  541868 pps   31872 kbps  108900][Total Msgs_Rcvd 182748]
[0m[HW]     [FH LOAD][o-du 0] rx=43.008 Mbps tx=108.900 Mbps total=151.908 Mbps rx_pps=10752 tx_pps=31872 total_pps=42624
[0m[HW]     [o_du0][pusch0  156636 prach0   26112]
[0m[93m[NR_MAC] No UE found with C-RNTI 3717, ignoring Msg3 to have UE come back with new RA attempt
[0m[93m[NR_MAC] UE e193 RA failed at state WAIT_Msg3 (Reached msg3 max harq rounds)
[0m[93m[NR_MAC] UE ad84 RA failed at state WAIT_Msg3 (Reached msg3 max harq rounds)
[0m[93m[NR_MAC] UE 2cf9 RA failed at state WAIT_Msg3 (Reached msg3 max harq rounds)
[0m[93m[NR_MAC] UE f9b8 RA failed at state WAIT_Msg3 (Reached msg3 max harq rounds)
[0m[93m[NR_MAC] No UE found with C-RNTI 562e, ignoring Msg3 to have UE come back with new RA attempt
[0m[93m[NR_MAC] No UE found with C-RNTI 3014, ignoring Msg3 to have UE come back with new RA attempt
[0m[93m[NR_MAC] UE be80 RA failed at state WAIT_Msg3 (Reached msg3 max harq rounds)
[0m[93m[NR_MAC] UE 2888 RA failed at state WAIT_Msg3 (Reached msg3 max harq rounds)
[0m[93m[NR_MAC] No UE found with C-RNTI 7891, ignoring Msg3 to have UE come back with new RA attempt
[0m[93m[NR_MAC] No UE found with C-RNTI 9dfa, ignoring Msg3 to have UE come back with new RA attempt
[0m[93m[NR_MAC] No UE found with C-RNTI 7e75, ignoring Msg3 to have UE come back with new RA attempt
[0m[93m[NR_MAC] UE bb04 RA failed at state WAIT_Msg3 (Reached msg3 max harq rounds)
[0m[93m[NR_MAC] UE e684 RA failed at state WAIT_Msg3 (Reached msg3 max harq rounds)
[0m[93m[NR_MAC] UE 03a6 RA failed at state WAIT_Msg3 (Reached msg3 max harq rounds)
[0m[93m[NR_MAC] UE 4746 RA failed at state WAIT_Msg3 (Reached msg3 max harq rounds)
[0m[HW]     [o-du 0][rx  193500 pps   10752 kbps   43013][tx  573740 pps   31872 kbps  108900][Total Msgs_Rcvd 193500]
[0m[HW]     [FH LOAD][o-du 0] rx=43.013 Mbps tx=108.900 Mbps total=151.913 Mbps rx_pps=10752 tx_pps=31872 total_pps=42624
[0m[HW]     [o_du0][pusch0  165852 prach0   27648]
[0m[93m[NR_MAC] No UE found with C-RNTI 426f, ignoring Msg3 to have UE come back with new RA attempt
[0m[93m[NR_MAC] No UE found with C-RNTI 8115, ignoring Msg3 to have UE come back with new RA attempt
[0m[93m[NR_MAC] No UE found with C-RNTI 19b5, ignoring Msg3 to have UE come back with new RA attempt
[0m[MAC]    [RAPROC] Received SDU for CCCH length 6 for UE 461f
[0m[93m[NR_MAC] (298.6) RA Contention Resolution timer expired for UE 0x461f, RA procedure failed...
[0m[93m[NGAP]   Failed to find ue context associated with gNB ue ngap id: 1
[0m[93m[RLC]    Remove UE 17951
[0m[1;31m[NGAP]   Failed to find ue context associated with gNB ue ngap id: 1
[0m[93m[NR_MAC] No UE found with C-RNTI 3364, ignoring Msg3 to have UE come back with new RA attempt
[0m[93m[NR_MAC] No UE found with C-RNTI 4d29, ignoring Msg3 to have UE come back with new RA attempt
[0m[93m[NR_MAC] No UE found with C-RNTI e931, ignoring Msg3 to have UE come back with new RA attempt
[0m[93m[NR_MAC] No UE found with C-RNTI 3087, ignoring Msg3 to have UE come back with new RA attempt
[0m[93m[NR_MAC] No UE found with C-RNTI c21c, ignoring Msg3 to have UE come back with new RA attempt
[0m[93m[NR_MAC] No UE found with C-RNTI 65a4, ignoring Msg3 to have UE come back with new RA attempt
[0m[93m[NR_MAC] No UE found with C-RNTI 8409, ignoring Msg3 to have UE come back with new RA attempt
[0m[93m[NR_MAC] No UE found with C-RNTI 5f22, ignoring Msg3 to have UE come back with new RA attempt
[0m[HW]     [o-du 0][rx  204252 pps   10752 kbps   43008][tx  605612 pps   31872 kbps  108900][Total Msgs_Rcvd 204252]
[0m[HW]     [FH LOAD][o-du 0] rx=43.008 Mbps tx=108.900 Mbps total=151.908 Mbps rx_pps=10752 tx_pps=31872 total_pps=42624
[0m[HW]     [o_du0][pusch0  175068 prach0   29184]
[0m[93m[NR_MAC] UE dd8f RA failed at state WAIT_Msg3 (Reached msg3 max harq rounds)
[0m[93m[NR_MAC] UE f3dc RA failed at state WAIT_Msg3 (Reached msg3 max harq rounds)
[0m[93m[NR_MAC] No UE found with C-RNTI 48e6, ignoring Msg3 to have UE come back with new RA attempt
[0m[93m[NR_MAC] No UE found with C-RNTI 596a, ignoring Msg3 to have UE come back with new RA attempt
[0m[93m[NR_MAC] No UE found with C-RNTI 6aac, ignoring Msg3 to have UE come back with new RA attempt
[0m[93m[NR_MAC] No UE found with C-RNTI bb3e, ignoring Msg3 to have UE come back with new RA attempt
[0m[93m[NR_MAC] No UE found with C-RNTI 0fe9, ignoring Msg3 to have UE come back with new RA attempt
[0m[93m[NR_MAC] No UE found with C-RNTI a5cc, ignoring Msg3 to have UE come back with new RA attempt
[0m[93m[NR_MAC] No UE found with C-RNTI 3269, ignoring Msg3 to have UE come back with new RA attempt
[0m[93m[NR_MAC] No UE found with C-RNTI 73e6, ignoring Msg3 to have UE come back with new RA attempt
[0m[93m[NR_MAC] No UE found with C-RNTI 803d, ignoring Msg3 to have UE come back with new RA attempt
[0m[93m[NR_MAC] UE 7f39 RA failed at state WAIT_Msg3 (Reached msg3 max harq rounds)
[0m[MAC]    [RAPROC] Received SDU for CCCH length 6 for UE f1f8
[0m[93m[NR_MAC] (499.6) RA Contention Resolution timer expired for UE 0xf1f8, RA procedure failed...
[0m[93m[NGAP]   Failed to find ue context associated with gNB ue ngap id: 1
[0m[93m[RLC]    Remove UE 61944
[0m[1;31m[NGAP]   Failed to find ue context associated with gNB ue ngap id: 1
[0m[HW]     [o-du 0][rx  215004 pps   10752 kbps   43008][tx  637484 pps   31872 kbps  108900][Total Msgs_Rcvd 215004]
[0m[HW]     [FH LOAD][o-du 0] rx=43.008 Mbps tx=108.900 Mbps total=151.908 Mbps rx_pps=10752 tx_pps=31872 total_pps=42624
[0m[HW]     [o_du0][pusch0  184284 prach0   30720]
[0m[93m[NR_MAC] UE cb20 RA failed at state WAIT_Msg3 (Reached msg3 max harq rounds)
[0m[93m[NR_MAC] UE a148 RA failed at state WAIT_Msg3 (Reached msg3 max harq rounds)
[0m[93m[NR_MAC] UE 9821 RA failed at state WAIT_Msg3 (Reached msg3 max harq rounds)
[0m[93m[NR_MAC] UE c24b RA failed at state WAIT_Msg3 (Reached msg3 max harq rounds)
[0m[93m[NR_MAC] UE cd7b RA failed at state WAIT_Msg3 (Reached msg3 max harq rounds)
[0m[93m[NR_MAC] UE c034 RA failed at state WAIT_Msg3 (Reached msg3 max harq rounds)
[0m[93m[NR_MAC] UE faf0 RA failed at state WAIT_Msg3 (Reached msg3 max harq rounds)
[0m[93m[NR_MAC] UE 82b8 RA failed at state WAIT_Msg3 (Reached msg3 max harq rounds)
[0m[93m[NR_MAC] UE 0711 RA failed at state WAIT_Msg3 (Reached msg3 max harq rounds)
[0m[93m[NR_MAC] UE b2f1 RA failed at state WAIT_Msg3 (Reached msg3 max harq rounds)
[0m[93m[NR_MAC] UE 1450 RA failed at state WAIT_Msg3 (Reached msg3 max harq rounds)
[0m[93m[NR_MAC] UE e8fe RA failed at state WAIT_Msg3 (Reached msg3 max harq rounds)
[0m[93m[NR_MAC] UE 36f8 RA failed at state WAIT_Msg3 (Reached msg3 max harq rounds)
[0m[93m[NR_MAC] No UE found with C-RNTI 4aff, ignoring Msg3 to have UE come back with new RA attempt
[0m[HW]     [o-du 0][rx  225756 pps   10752 kbps   43008][tx  669356 pps   31872 kbps  108900][Total Msgs_Rcvd 225756]
[0m[HW]     [FH LOAD][o-du 0] rx=43.008 Mbps tx=108.900 Mbps total=151.908 Mbps rx_pps=10752 tx_pps=31872 total_pps=42624
[0m[HW]     [o_du0][pusch0  193500 prach0   32256]
[0m[93m[NR_MAC] UE bd05 RA failed at state WAIT_Msg3 (Reached msg3 max harq rounds)
[0m[93m[NR_MAC] UE ceb3 RA failed at state WAIT_Msg3 (Reached msg3 max harq rounds)
[0m[93m[NR_MAC] UE ea65 RA failed at state WAIT_Msg3 (Reached msg3 max harq rounds)
[0m[93m[NR_MAC] UE 6f37 RA failed at state WAIT_Msg3 (Reached msg3 max harq rounds)
[0m[93m[NR_MAC] UE d822 RA failed at state WAIT_Msg3 (Reached msg3 max harq rounds)
[0m[93m[NR_MAC] No UE found with C-RNTI 79f2, ignoring Msg3 to have UE come back with new RA attempt
[0m[MAC]    [RAPROC] Received SDU for CCCH length 6 for UE 6e41
[0m[93m[NR_MAC] (699.6) RA Contention Resolution timer expired for UE 0x6e41, RA procedure failed...
[0m[93m[NGAP]   Failed to find ue context associated with gNB ue ngap id: 1
[0m[93m[RLC]    Remove UE 28225
[0m[1;31m[NGAP]   Failed to find ue context associated with gNB ue ngap id: 1
[0m[93m[NR_MAC] No UE found with C-RNTI 694f, ignoring Msg3 to have UE come back with new RA attempt
[0m[93m[NR_MAC] UE 7b7f RA failed at state WAIT_Msg3 (Reached msg3 max harq rounds)
[0m[93m[NR_MAC] UE 8ba6 RA failed at state WAIT_Msg3 (Reached msg3 max harq rounds)
[0m[93m[NR_MAC] UE d075 RA failed at state WAIT_Msg3 (Reached msg3 max harq rounds)
[0m[93m[NR_MAC] UE a3ff RA failed at state WAIT_Msg3 (Reached msg3 max harq rounds)
[0m[93m[NR_MAC] No UE found with C-RNTI 45d6, ignoring Msg3 to have UE come back with new RA attempt
[0m[HW]     [o-du 0][rx  236508 pps   10752 kbps   43008][tx  701228 pps   31872 kbps  108900][Total Msgs_Rcvd 236508]
[0m[HW]     [FH LOAD][o-du 0] rx=43.008 Mbps tx=108.900 Mbps total=151.908 Mbps rx_pps=10752 tx_pps=31872 total_pps=42624
[0m[HW]     [o_du0][pusch0  202716 prach0   33792]
[0m[93m[NR_MAC] No UE found with C-RNTI 848c, ignoring Msg3 to have UE come back with new RA attempt
[0m[93m[NR_MAC] No UE found with C-RNTI 4d03, ignoring Msg3 to have UE come back with new RA attempt
[0m[93m[NR_MAC] UE a9e7 RA failed at state WAIT_Msg3 (Reached msg3 max harq rounds)
[0m[93m[NR_MAC] UE 4d57 RA failed at state WAIT_Msg3 (Reached msg3 max harq rounds)
[0m[93m[NR_MAC] UE 028f RA failed at state WAIT_Msg3 (Reached msg3 max harq rounds)
[0m[93m[NR_MAC] No UE found with C-RNTI d827, ignoring Msg3 to have UE come back with new RA attempt
[0m[93m[NR_MAC] No UE found with C-RNTI e3d7, ignoring Msg3 to have UE come back with new RA attempt
[0m[93m[NR_MAC] UE 45ab RA failed at state WAIT_Msg3 (Reached msg3 max harq rounds)
[0m[93m[NR_MAC] UE 02ac RA failed at state WAIT_Msg3 (Reached msg3 max harq rounds)
[0m[93m[NR_MAC] UE 9749 RA failed at state WAIT_Msg3 (Reached msg3 max harq rounds)
[0m[93m[NR_MAC] No UE found with C-RNTI 1e4b, ignoring Msg3 to have UE come back with new RA attempt
[0m[93m[NR_MAC] No UE found with C-RNTI 083e, ignoring Msg3 to have UE come back with new RA attempt
[0m[93m[NR_MAC] No UE found with C-RNTI f5c5, ignoring Msg3 to have UE come back with new RA attempt
[0m[93m[NR_MAC] UE 4d26 RA failed at state WAIT_Msg3 (Reached msg3 max harq rounds)
[0m[MAC]    [RAPROC] Received SDU for CCCH length 6 for UE 12d7
[0m[HW]     [o-du 0][rx  247260 pps   10752 kbps   43008][tx  733100 pps   31872 kbps  108900][Total Msgs_Rcvd 247260]
[0m[HW]     [FH LOAD][o-du 0] rx=43.008 Mbps tx=108.900 Mbps total=151.908 Mbps rx_pps=10752 tx_pps=31872 total_pps=42624
[0m[HW]     [o_du0][pusch0  211932 prach0   35328]
[0m[93m[NR_MAC] (899.6) RA Contention Resolution timer expired for UE 0x12d7, RA procedure failed...
[0m[93m[NGAP]   Failed to find ue context associated with gNB ue ngap id: 1
[0m[93m[RLC]    Remove UE 4823
[0m[1;31m[NGAP]   Failed to find ue context associated with gNB ue ngap id: 1
[0m[93m[NR_MAC] UE c52c RA failed at state WAIT_Msg3 (Reached msg3 max harq rounds)
[0m[93m[NR_MAC] UE db5c RA failed at state WAIT_Msg3 (Reached msg3 max harq rounds)
[0m[93m[NR_MAC] No UE found with C-RNTI c25d, ignoring Msg3 to have UE come back with new RA attempt
[0m[93m[NR_MAC] No UE found with C-RNTI 2ae1, ignoring Msg3 to have UE come back with new RA attempt
[0m[93m[NR_MAC] No UE found with C-RNTI 5229, ignoring Msg3 to have UE come back with new RA attempt
[0m[93m[NR_MAC] No UE found with C-RNTI a936, ignoring Msg3 to have UE come back with new RA attempt
[0m[93m[NR_MAC] UE 5dbd RA failed at state WAIT_Msg3 (Reached msg3 max harq rounds)
[0m[93m[NR_MAC] No UE found with C-RNTI a39c, ignoring Msg3 to have UE come back with new RA attempt
[0m[93m[NR_MAC] No UE found with C-RNTI 9515, ignoring Msg3 to have UE come back with new RA attempt
[0m[93m[NR_MAC] No UE found with C-RNTI 4a8a, ignoring Msg3 to have UE come back with new RA attempt
[0m[93m[NR_MAC] No UE found with C-RNTI 7116, ignoring Msg3 to have UE come back with new RA attempt
[0m[93m[NR_MAC] No UE found with C-RNTI 0131, ignoring Msg3 to have UE come back with new RA attempt
[0m[HW]     [o-du 0][rx  258012 pps   10752 kbps   43013][tx  764972 pps   31872 kbps  108900][Total Msgs_Rcvd 258012]
[0m[HW]     [FH LOAD][o-du 0] rx=43.013 Mbps tx=108.900 Mbps total=151.913 Mbps rx_pps=10752 tx_pps=31872 total_pps=42624
[0m[HW]     [o_du0][pusch0  221148 prach0   36864]
[0m[PHY]    prach_I0 = 5.0 dB
[0m[93m[NR_MAC] UE 6f73 RA failed at state WAIT_Msg3 (Reached msg3 max harq rounds)
[0m[93m[NR_MAC] UE cdd8 RA failed at state WAIT_Msg3 (Reached msg3 max harq rounds)
[0m[93m[NR_MAC] No UE found with C-RNTI 4248, ignoring Msg3 to have UE come back with new RA attempt
[0m[93m[NR_MAC] No UE found with C-RNTI cccb, ignoring Msg3 to have UE come back with new RA attempt
[0m[93m[NR_MAC] No UE found with C-RNTI cdab, ignoring Msg3 to have UE come back with new RA attempt
[0m[93m[NR_MAC] No UE found with C-RNTI 6a7f, ignoring Msg3 to have UE come back with new RA attempt
[0m[93m[NR_MAC] UE 881f RA failed at state WAIT_Msg3 (Reached msg3 max harq rounds)
[0m[93m[NR_MAC] UE 2b92 RA failed at state WAIT_Msg3 (Reached msg3 max harq rounds)
[0m[MAC]    [RAPROC] Received SDU for CCCH length 6 for UE 5378
[0m[93m[NR_MAC] (75.6) RA Contention Resolution timer expired for UE 0x5378, RA procedure failed...
[0m[93m[NGAP]   Failed to find ue context associated with gNB ue ngap id: 1
[0m[93m[RLC]    Remove UE 21368
[0m[1;31m[NGAP]   Failed to find ue context associated with gNB ue ngap id: 1
[0m[93m[NR_MAC] No UE found with C-RNTI 7391, ignoring Msg3 to have UE come back with new RA attempt
[0m[93m[NR_MAC] No UE found with C-RNTI 2159, ignoring Msg3 to have UE come back with new RA attempt
[0m[93m[NR_MAC] UE 6779 RA failed at state WAIT_Msg3 (Reached msg3 max harq rounds)
[0m[HW]     [o-du 0][rx  268764 pps   10752 kbps   43002][tx  796844 pps   31872 kbps  108900][Total Msgs_Rcvd 268764]
[0m[HW]     [FH LOAD][o-du 0] rx=43.002 Mbps tx=108.900 Mbps total=151.902 Mbps rx_pps=10752 tx_pps=31872 total_pps=42624
[0m[HW]     [o_du0][pusch0  230364 prach0   38400]
[0m[93m[NR_MAC] UE 617a RA failed at state WAIT_Msg3 (Reached msg3 max harq rounds)
[0m[93m[NR_MAC] UE 4287 RA failed at state WAIT_Msg3 (Reached msg3 max harq rounds)
[0m[93m[NR_MAC] UE 1799 RA failed at state WAIT_Msg3 (Reached msg3 max harq rounds)
[0m[93m[NR_MAC] UE cce2 RA failed at state WAIT_Msg3 (Reached msg3 max harq rounds)
[0m[93m[NR_MAC] UE 54a2 RA failed at state WAIT_Msg3 (Reached msg3 max harq rounds)
[0m[93m[NR_MAC] UE 1044 RA failed at state WAIT_Msg3 (Reached msg3 max harq rounds)
[0m[93m[NR_MAC] UE 9bd5 RA failed at state WAIT_Msg3 (Reached msg3 max harq rounds)
[0m[93m[NR_MAC] UE a091 RA failed at state WAIT_Msg3 (Reached msg3 max harq rounds)
[0m[93m[NR_MAC] UE 12c8 RA failed at state WAIT_Msg3 (Reached msg3 max harq rounds)
[0m[93m[NR_MAC] UE 28ac RA failed at state WAIT_Msg3 (Reached msg3 max harq rounds)
[0m[93m[NR_MAC] UE ecc5 RA failed at state WAIT_Msg3 (Reached msg3 max harq rounds)
[0m[93m[NR_MAC] UE fadc RA failed at state WAIT_Msg3 (Reached msg3 max harq rounds)
[0m[93m[NR_MAC] UE f02d RA failed at state WAIT_Msg3 (Reached msg3 max harq rounds)
[0m[93m[NR_MAC] No UE found with C-RNTI 7543, ignoring Msg3 to have UE come back with new RA attempt
[0m[93m[NR_MAC] UE 2dda RA failed at state WAIT_Msg3 (Reached msg3 max harq rounds)
[0m[93m[NR_MAC] UE 839f RA failed at state WAIT_Msg3 (Reached msg3 max harq rounds)
[0m[HW]     [o-du 0][rx  279516 pps   10752 kbps   43013][tx  828716 pps   31872 kbps  108900][Total Msgs_Rcvd 279516]
[0m[HW]     [FH LOAD][o-du 0] rx=43.013 Mbps tx=108.900 Mbps total=151.913 Mbps rx_pps=10752 tx_pps=31872 total_pps=42624
[0m[HW]     [o_du0][pusch0  239580 prach0   39936]
[0m[93m[NR_MAC] UE 0d02 RA failed at state WAIT_Msg3 (Reached msg3 max harq rounds)
[0m[MAC]    [RAPROC] Received SDU for CCCH length 6 for UE 9919
[0m[93m[NR_MAC] (275.6) RA Contention Resolution timer expired for UE 0x9919, RA procedure failed...
[0m[93m[NGAP]   Failed to find ue context associated with gNB ue ngap id: 1
[0m[93m[RLC]    Remove UE 39193
[0m[1;31m[NGAP]   Failed to find ue context associated with gNB ue ngap id: 1
[0m[93m[NR_MAC] UE 1af4 RA failed at state WAIT_Msg3 (Reached msg3 max harq rounds)
[0m[93m[NR_MAC] UE bb65 RA failed at state WAIT_Msg3 (Reached msg3 max harq rounds)
[0m[93m[NR_MAC] UE 6a88 RA failed at state WAIT_Msg3 (Reached msg3 max harq rounds)
[0m[93m[NR_MAC] UE 8010 RA failed at state WAIT_Msg3 (Reached msg3 max harq rounds)
[0m[93m[NR_MAC] UE 7bbb RA failed at state WAIT_Msg3 (Reached msg3 max harq rounds)
[0m[93m[NR_MAC] No UE found with C-RNTI 7e88, ignoring Msg3 to have UE come back with new RA attempt
[0m[93m[NR_MAC] No UE found with C-RNTI db13, ignoring Msg3 to have UE come back with new RA attempt
[0m[93m[NR_MAC] UE 8da8 RA failed at state WAIT_Msg3 (Reached msg3 max harq rounds)
[0m[93m[NR_MAC] UE 47ab RA failed at state WAIT_Msg3 (Reached msg3 max harq rounds)
[0m[93m[NR_MAC] UE 9a03 RA failed at state WAIT_Msg3 (Reached msg3 max harq rounds)
[0m[HW]     [o-du 0][rx  290268 pps   10752 kbps   42999][tx  860588 pps   31872 kbps  108900][Total Msgs_Rcvd 290268]
[0m[HW]     [FH LOAD][o-du 0] rx=42.999 Mbps tx=108.900 Mbps total=151.899 Mbps rx_pps=10752 tx_pps=31872 total_pps=42624
[0m[HW]     [o_du0][pusch0  248796 prach0   41472]
[0m[93m[NR_MAC] UE 05d5 RA failed at state WAIT_Msg3 (Reached msg3 max harq rounds)
[0m[93m[NR_MAC] UE 8033 RA failed at state WAIT_Msg3 (Reached msg3 max harq rounds)
[0m[93m[NR_MAC] No UE found with C-RNTI 6778, ignoring Msg3 to have UE come back with new RA attempt
[0m[93m[NR_MAC] No UE found with C-RNTI c1e0, ignoring Msg3 to have UE come back with new RA attempt
[0m[93m[NR_MAC] No UE found with C-RNTI 1c3a, ignoring Msg3 to have UE come back with new RA attempt
[0m[93m[NR_MAC] No UE found with C-RNTI af4f, ignoring Msg3 to have UE come back with new RA attempt
[0m[93m[NR_MAC] UE 7bd5 RA failed at state WAIT_Msg3 (Reached msg3 max harq rounds)
[0m[93m[NR_MAC] UE ce9f RA failed at state WAIT_Msg3 (Reached msg3 max harq rounds)
[0m[93m[NR_MAC] UE 203e RA failed at state WAIT_Msg3 (Reached msg3 max harq rounds)
[0m[93m[NR_MAC] UE 4f55 RA failed at state WAIT_Msg3 (Reached msg3 max harq rounds)
[0m[MAC]    [RAPROC] Received SDU for CCCH length 6 for UE 0ff5
[0m[93m[NR_MAC] (475.6) RA Contention Resolution timer expired for UE 0x0ff5, RA procedure failed...
[0m[93m[NGAP]   Failed to find ue context associated with gNB ue ngap id: 1
[0m[93m[RLC]    Remove UE 4085
[0m[1;31m[NGAP]   Failed to find ue context associated with gNB ue ngap id: 1
[0m[93m[NR_MAC] UE eaf4 RA failed at state WAIT_Msg3 (Reached msg3 max harq rounds)
[0m[HW]     [o-du 0][rx  301020 pps   10752 kbps   43008][tx  892460 pps   31872 kbps  108900][Total Msgs_Rcvd 301020]
[0m[HW]     [FH LOAD][o-du 0] rx=43.008 Mbps tx=108.900 Mbps total=151.908 Mbps rx_pps=10752 tx_pps=31872 total_pps=42624
[0m[HW]     [o_du0][pusch0  258012 prach0   43008]
[0m[93m[NR_MAC] UE 3eff RA failed at state WAIT_Msg3 (Reached msg3 max harq rounds)
[0m[93m[NR_MAC] UE ca7a RA failed at state WAIT_Msg3 (Reached msg3 max harq rounds)
[0m[93m[NR_MAC] UE 70aa RA failed at state WAIT_Msg3 (Reached msg3 max harq rounds)
[0m[93m[NR_MAC] UE f118 RA failed at state WAIT_Msg3 (Reached msg3 max harq rounds)
[0m[93m[NR_MAC] UE 6034 RA failed at state WAIT_Msg3 (Reached msg3 max harq rounds)
[0m[93m[NR_MAC] UE 23a8 RA failed at state WAIT_Msg3 (Reached msg3 max harq rounds)
[0m[93m[NR_MAC] UE 76cc RA failed at state WAIT_Msg3 (Reached msg3 max harq rounds)
[0m[93m[NR_MAC] No UE found with C-RNTI c3bb, ignoring Msg3 to have UE come back with new RA attempt
[0m[93m[NR_MAC] No UE found with C-RNTI e4de, ignoring Msg3 to have UE come back with new RA attempt
[0m[93m[NR_MAC] No UE found with C-RNTI bb9a, ignoring Msg3 to have UE come back with new RA attempt
[0m[93m[NR_MAC] UE 743c RA failed at state WAIT_Msg3 (Reached msg3 max harq rounds)
[0m[93m[NR_MAC] No UE found with C-RNTI a734, ignoring Msg3 to have UE come back with new RA attempt
[0m[93m[NR_MAC] UE d2b7 RA failed at state WAIT_Msg3 (Reached msg3 max harq rounds)
[0m[93m[NR_MAC] No UE found with C-RNTI 40b1, ignoring Msg3 to have UE come back with new RA attempt
[0m[93m[NR_MAC] UE 068b RA failed at state WAIT_Msg3 (Reached msg3 max harq rounds)
[0m[93m[NR_MAC] No UE found with C-RNTI abf0, ignoring Msg3 to have UE come back with new RA attempt
[0m[HW]     [o-du 0][rx  311772 pps   10752 kbps   43005][tx  924332 pps   31872 kbps  108900][Total Msgs_Rcvd 311772]
[0m[HW]     [FH LOAD][o-du 0] rx=43.005 Mbps tx=108.900 Mbps total=151.905 Mbps rx_pps=10752 tx_pps=31872 total_pps=42624
[0m[HW]     [o_du0][pusch0  267228 prach0   44544]
[0m[93m[NR_MAC] UE fd58 RA failed at state WAIT_Msg3 (Reached msg3 max harq rounds)
[0m[93m[NR_MAC] UE 9e9a RA failed at state WAIT_Msg3 (Reached msg3 max harq rounds)
[0m[93m[NR_MAC] UE 36bf RA failed at state WAIT_Msg3 (Reached msg3 max harq rounds)
[0m[MAC]    [RAPROC] Received SDU for CCCH length 6 for UE 3ab1
[0m[93m[NR_MAC] (675.6) RA Contention Resolution timer expired for UE 0x3ab1, RA procedure failed...
[0m[93m[NGAP]   Failed to find ue context associated with gNB ue ngap id: 1
[0m[93m[RLC]    Remove UE 15025
[0m[1;31m[NGAP]   Failed to find ue context associated with gNB ue ngap id: 1
[0m[93m[NR_MAC] No UE found with C-RNTI d2d1, ignoring Msg3 to have UE come back with new RA attempt
[0m[93m[NR_MAC] No UE found with C-RNTI 9814, ignoring Msg3 to have UE come back with new RA attempt
[0m[93m[NR_MAC] No UE found with C-RNTI a1ef, ignoring Msg3 to have UE come back with new RA attempt
[0m[93m[NR_MAC] UE c864 RA failed at state WAIT_Msg3 (Reached msg3 max harq rounds)
[0m[93m[NR_MAC] UE 0cff RA failed at state WAIT_Msg3 (Reached msg3 max harq rounds)
[0m[93m[NR_MAC] UE 7239 RA failed at state WAIT_Msg3 (Reached msg3 max harq rounds)
[0m[93m[NR_MAC] UE c951 RA failed at state WAIT_Msg3 (Reached msg3 max harq rounds)
[0m[93m[NR_MAC] No UE found with C-RNTI 22da, ignoring Msg3 to have UE come back with new RA attempt
[0m[93m[NR_MAC] No UE found with C-RNTI 6485, ignoring Msg3 to have UE come back with new RA attempt
[0m[HW]     [o-du 0][rx  322524 pps   10752 kbps   43002][tx  956204 pps   31872 kbps  108900][Total Msgs_Rcvd 322524]
[0m[HW]     [FH LOAD][o-du 0] rx=43.002 Mbps tx=108.900 Mbps total=151.902 Mbps rx_pps=10752 tx_pps=31872 total_pps=42624
[0m[HW]     [o_du0][pusch0  276444 prach0   46080]
[0m[93m[NR_MAC] No UE found with C-RNTI 53c1, ignoring Msg3 to have UE come back with new RA attempt
[0m[93m[NR_MAC] No UE found with C-RNTI 09a1, ignoring Msg3 to have UE come back with new RA attempt
[0m[93m[NR_MAC] No UE found with C-RNTI 6c2d, ignoring Msg3 to have UE come back with new RA attempt
[0m[93m[NR_MAC] UE 2333 RA failed at state WAIT_Msg3 (Reached msg3 max harq rounds)
[0m[93m[NR_MAC] No UE found with C-RNTI 38f0, ignoring Msg3 to have UE come back with new RA attempt
[0m[93m[NR_MAC] UE ce8b RA failed at state WAIT_Msg3 (Reached msg3 max harq rounds)
[0m[93m[NR_MAC] UE 1687 RA failed at state WAIT_Msg3 (Reached msg3 max harq rounds)
[0m[93m[NR_MAC] UE 96ee RA failed at state WAIT_Msg3 (Reached msg3 max harq rounds)
[0m[93m[NR_MAC] UE 02c0 RA failed at state WAIT_Msg3 (Reached msg3 max harq rounds)
[0m[93m[NR_MAC] No UE found with C-RNTI 31d2, ignoring Msg3 to have UE come back with new RA attempt
[0m[93m[NR_MAC] UE e477 RA failed at state WAIT_Msg3 (Reached msg3 max harq rounds)
[0m[MAC]    [RAPROC] Received SDU for CCCH length 6 for UE 9543
[0m[93m[NR_MAC] (875.6) RA Contention Resolution timer expired for UE 0x9543, RA procedure failed...
[0m[93m[NGAP]   Failed to find ue context associated with gNB ue ngap id: 1
[0m[93m[RLC]    Remove UE 38211
[0m[1;31m[NGAP]   Failed to find ue context associated with gNB ue ngap id: 1
[0m[HW]     [o-du 0][rx  333276 pps   10752 kbps   43013][tx  988076 pps   31872 kbps  108900][Total Msgs_Rcvd 333276]
[0m[HW]     [FH LOAD][o-du 0] rx=43.013 Mbps tx=108.900 Mbps total=151.913 Mbps rx_pps=10752 tx_pps=31872 total_pps=42624
[0m[HW]     [o_du0][pusch0  285660 prach0   47616]
[0m[93m[NR_MAC] UE f3f0 RA failed at state WAIT_Msg3 (Reached msg3 max harq rounds)
[0m[93m[NR_MAC] UE 3fae RA failed at state WAIT_Msg3 (Reached msg3 max harq rounds)
[0m[93m[NR_MAC] UE 5a0b RA failed at state WAIT_Msg3 (Reached msg3 max harq rounds)
[0m[93m[NR_MAC] UE 64be RA failed at state WAIT_Msg3 (Reached msg3 max harq rounds)
[0m[93m[NR_MAC] UE b417 RA failed at state WAIT_Msg3 (Reached msg3 max harq rounds)
[0m[93m[NR_MAC] No UE found with C-RNTI f71c, ignoring Msg3 to have UE come back with new RA attempt
[0m[93m[NR_MAC] UE 10f3 RA failed at state WAIT_Msg3 (Reached msg3 max harq rounds)
[0m[93m[NR_MAC] UE b942 RA failed at state WAIT_Msg3 (Reached msg3 max harq rounds)
[0m[93m[NR_MAC] UE 7864 RA failed at state WAIT_Msg3 (Reached msg3 max harq rounds)
[0m[93m[NR_MAC] No UE found with C-RNTI 1032, ignoring Msg3 to have UE come back with new RA attempt
[0m[93m[NR_MAC] No UE found with C-RNTI c8b4, ignoring Msg3 to have UE come back with new RA attempt
[0m[93m[NR_MAC] No UE found with C-RNTI 0d7a, ignoring Msg3 to have UE come back with new RA attempt
[0m[93m[NR_MAC] UE 3005 RA failed at state WAIT_Msg3 (Reached msg3 max harq rounds)
[0m[93m[NR_MAC] UE d15d RA failed at state WAIT_Msg3 (Reached msg3 max harq rounds)
[0m[93m[NR_MAC] UE b482 RA failed at state WAIT_Msg3 (Reached msg3 max harq rounds)
[0m[HW]     [o-du 0][rx  344028 pps   10752 kbps   43008][tx 1019948 pps   31872 kbps  108900][Total Msgs_Rcvd 344028]
[0m[HW]     [FH LOAD][o-du 0] rx=43.008 Mbps tx=108.900 Mbps total=151.908 Mbps rx_pps=10752 tx_pps=31872 total_pps=42624
[0m[HW]     [o_du0][pusch0  294876 prach0   49152]
[0m[PHY]    prach_I0 = 5.0 dB
[0m[93m[NR_MAC] UE c67d RA failed at state WAIT_Msg3 (Reached msg3 max harq rounds)
[0m[93m[NR_MAC] UE 560f RA failed at state WAIT_Msg3 (Reached msg3 max harq rounds)
[0m[93m[NR_MAC] UE bd6a RA failed at state WAIT_Msg3 (Reached msg3 max harq rounds)
[0m[93m[NR_MAC] UE 509b RA failed at state WAIT_Msg3 (Reached msg3 max harq rounds)
[0m[93m[NR_MAC] UE 1a1c RA failed at state WAIT_Msg3 (Reached msg3 max harq rounds)
[0m[MAC]    [RAPROC] Received SDU for CCCH length 6 for UE f95a
[0m[93m[NR_MAC] (52.6) RA Contention Resolution timer expired for UE 0xf95a, RA procedure failed...
[0m[93m[NGAP]   Failed to find ue context associated with gNB ue ngap id: 1
[0m[93m[RLC]    Remove UE 63834
[0m[1;31m[NGAP]   Failed to find ue context associated with gNB ue ngap id: 1
[0m[93m[NR_MAC] No UE found with C-RNTI a26a, ignoring Msg3 to have UE come back with new RA attempt
[0m[93m[NR_MAC] No UE found with C-RNTI 419c, ignoring Msg3 to have UE come back with new RA attempt
[0m[93m[NR_MAC] No UE found with C-RNTI 306d, ignoring Msg3 to have UE come back with new RA attempt
[0m[93m[NR_MAC] No UE found with C-RNTI 0755, ignoring Msg3 to have UE come back with new RA attempt
[0m[93m[NR_MAC] No UE found with C-RNTI 51e8, ignoring Msg3 to have UE come back with new RA attempt
[0m[93m[NR_MAC] No UE found with C-RNTI a9d7, ignoring Msg3 to have UE come back with new RA attempt
[0m[93m[NR_MAC] No UE found with C-RNTI cdb5, ignoring Msg3 to have UE come back with new RA attempt
[0m[HW]     [o-du 0][rx  354780 pps   10752 kbps   43013][tx 1051820 pps   31872 kbps  108900][Total Msgs_Rcvd 354780]
[0m[HW]     [FH LOAD][o-du 0] rx=43.013 Mbps tx=108.900 Mbps total=151.913 Mbps rx_pps=10752 tx_pps=31872 total_pps=42624
[0m[HW]     [o_du0][pusch0  304092 prach0   50688]
[0m[93m[NR_MAC] UE b6f4 RA failed at state WAIT_Msg3 (Reached msg3 max harq rounds)
[0m[93m[NR_MAC] UE b51a RA failed at state WAIT_Msg3 (Reached msg3 max harq rounds)
[0m[93m[NR_MAC] UE 2da1 RA failed at state WAIT_Msg3 (Reached msg3 max harq rounds)
[0m[93m[NR_MAC] No UE found with C-RNTI 998d, ignoring Msg3 to have UE come back with new RA attempt
[0m[93m[NR_MAC] No UE found with C-RNTI 9201, ignoring Msg3 to have UE come back with new RA attempt
[0m[93m[NR_MAC] No UE found with C-RNTI c671, ignoring Msg3 to have UE come back with new RA attempt
[0m[93m[NR_MAC] No UE found with C-RNTI 6936, ignoring Msg3 to have UE come back with new RA attempt
[0m[93m[NR_MAC] No UE found with C-RNTI d92d, ignoring Msg3 to have UE come back with new RA attempt
[0m[93m[NR_MAC] No UE found with C-RNTI 3e1b, ignoring Msg3 to have UE come back with new RA attempt
[0m[93m[NR_MAC] No UE found with C-RNTI fddd, ignoring Msg3 to have UE come back with new RA attempt
[0m[93m[NR_MAC] No UE found with C-RNTI 8939, ignoring Msg3 to have UE come back with new RA attempt
[0m[93m[NR_MAC] No UE found with C-RNTI 0cef, ignoring Msg3 to have UE come back with new RA attempt
[0m[93m[NR_MAC] UE 22eb RA failed at state WAIT_Msg3 (Reached msg3 max harq rounds)
[0m[MAC]    [RAPROC] Received SDU for CCCH length 6 for UE 8926
[0m[93m[NR_MAC] (253.6) RA Contention Resolution timer expired for UE 0x8926, RA procedure failed...
[0m[93m[NGAP]   Failed to find ue context associated with gNB ue ngap id: 1
[0m[93m[RLC]    Remove UE 35110
[0m[1;31m[NGAP]   Failed to find ue context associated with gNB ue ngap id: 1
[0m[HW]     [o-du 0][rx  365532 pps   10752 kbps   43002][tx 1083692 pps   31872 kbps  108900][Total Msgs_Rcvd 365532]
[0m[HW]     [FH LOAD][o-du 0] rx=43.002 Mbps tx=108.900 Mbps total=151.902 Mbps rx_pps=10752 tx_pps=31872 total_pps=42624
[0m[HW]     [o_du0][pusch0  313308 prach0   52224]
[0m[93m[NR_MAC] UE 2683 RA failed at state WAIT_Msg3 (Reached msg3 max harq rounds)
[0m[93m[NR_MAC] No UE found with C-RNTI acbb, ignoring Msg3 to have UE come back with new RA attempt
[0m[93m[NR_MAC] No UE found with C-RNTI 601a, ignoring Msg3 to have UE come back with new RA attempt
[0m[93m[NR_MAC] UE 6069 RA failed at state WAIT_Msg3 (Reached msg3 max harq rounds)
[0m[93m[NR_MAC] UE 5394 RA failed at state WAIT_Msg3 (Reached msg3 max harq rounds)
[0m[93m[NR_MAC] UE 9cf4 RA failed at state WAIT_Msg3 (Reached msg3 max harq rounds)
[0m[93m[NR_MAC] UE a7ea RA failed at state WAIT_Msg3 (Reached msg3 max harq rounds)
[0m[93m[NR_MAC] No UE found with C-RNTI 8f47, ignoring Msg3 to have UE come back with new RA attempt
[0m[93m[NR_MAC] No UE found with C-RNTI 889a, ignoring Msg3 to have UE come back with new RA attempt
[0m[93m[NR_MAC] UE 1e0a RA failed at state WAIT_Msg3 (Reached msg3 max harq rounds)
[0m[93m[NR_MAC] UE 5a56 RA failed at state WAIT_Msg3 (Reached msg3 max harq rounds)
[0m[93m[NR_MAC] UE 536f RA failed at state WAIT_Msg3 (Reached msg3 max harq rounds)
[0m[93m[NR_MAC] No UE found with C-RNTI 78fb, ignoring Msg3 to have UE come back with new RA attempt
[0m[HW]     [o-du 0][rx  376284 pps   10752 kbps   43008][tx 1115564 pps   31872 kbps  108900][Total Msgs_Rcvd 376284]
[0m[HW]     [FH LOAD][o-du 0] rx=43.008 Mbps tx=108.900 Mbps total=151.908 Mbps rx_pps=10752 tx_pps=31872 total_pps=42624
[0m[HW]     [o_du0][pusch0  322524 prach0   53760]
[0m[93m[NR_MAC] No UE found with C-RNTI b65c, ignoring Msg3 to have UE come back with new RA attempt
[0m[93m[NR_MAC] No UE found with C-RNTI b66b, ignoring Msg3 to have UE come back with new RA attempt
[0m[93m[NR_MAC] UE 0aa4 RA failed at state WAIT_Msg3 (Reached msg3 max harq rounds)
[0m[93m[NR_MAC] UE 0f4d RA failed at state WAIT_Msg3 (Reached msg3 max harq rounds)
[0m[93m[NR_MAC] UE b59c RA failed at state WAIT_Msg3 (Reached msg3 max harq rounds)
[0m[93m[NR_MAC] No UE found with C-RNTI 80d8, ignoring Msg3 to have UE come back with new RA attempt
[0m[93m[NR_MAC] No UE found with C-RNTI 095f, ignoring Msg3 to have UE come back with new RA attempt
[0m[MAC]    [RAPROC] Received SDU for CCCH length 6 for UE c24b
[0m[93m[NR_MAC] (453.6) RA Contention Resolution timer expired for UE 0xc24b, RA procedure failed...
[0m[93m[NGAP]   Failed to find ue context associated with gNB ue ngap id: 1
[0m[93m[RLC]    Remove UE 49739
[0m[1;31m[NGAP]   Failed to find ue context associated with gNB ue ngap id: 1
[0m[93m[NR_MAC] No UE found with C-RNTI d32f, ignoring Msg3 to have UE come back with new RA attempt
[0m[93m[NR_MAC] UE 2807 RA failed at state WAIT_Msg3 (Reached msg3 max harq rounds)
[0m[93m[NR_MAC] UE c3d1 RA failed at state WAIT_Msg3 (Reached msg3 max harq rounds)
[0m[93m[NR_MAC] UE 4316 RA failed at state WAIT_Msg3 (Reached msg3 max harq rounds)
[0m[HW]     [o-du 0][rx  387036 pps   10752 kbps   43008][tx 1147436 pps   31872 kbps  108900][Total Msgs_Rcvd 387036]
[0m[HW]     [FH LOAD][o-du 0] rx=43.008 Mbps tx=108.900 Mbps total=151.908 Mbps rx_pps=10752 tx_pps=31872 total_pps=42624
[0m[HW]     [o_du0][pusch0  331740 prach0   55296]
[0m[93m[NR_MAC] UE a152 RA failed at state WAIT_Msg3 (Reached msg3 max harq rounds)
[0m[93m[NR_MAC] No UE found with C-RNTI 9494, ignoring Msg3 to have UE come back with new RA attempt
[0m[93m[NR_MAC] No UE found with C-RNTI 99dc, ignoring Msg3 to have UE come back with new RA attempt
[0m[93m[NR_MAC] No UE found with C-RNTI cfcd, ignoring Msg3 to have UE come back with new RA attempt
[0m[93m[NR_MAC] UE 4ef3 RA failed at state WAIT_Msg3 (Reached msg3 max harq rounds)
[0m[93m[NR_MAC] UE f7be RA failed at state WAIT_Msg3 (Reached msg3 max harq rounds)
[0m[93m[NR_MAC] UE e9a5 RA failed at state WAIT_Msg3 (Reached msg3 max harq rounds)
[0m[93m[NR_MAC] No UE found with C-RNTI 38b3, ignoring Msg3 to have UE come back with new RA attempt
[0m[93m[NR_MAC] UE 6402 RA failed at state WAIT_Msg3 (Reached msg3 max harq rounds)
[0m[93m[NR_MAC] UE 4d47 RA failed at state WAIT_Msg3 (Reached msg3 max harq rounds)
[0m[93m[NR_MAC] UE 129b RA failed at state WAIT_Msg3 (Reached msg3 max harq rounds)
[0m[93m[NR_MAC] No UE found with C-RNTI 669b, ignoring Msg3 to have UE come back with new RA attempt
[0m[93m[NR_MAC] UE 04d4 RA failed at state WAIT_Msg3 (Reached msg3 max harq rounds)
[0m[93m[NR_MAC] UE 88ea RA failed at state WAIT_Msg3 (Reached msg3 max harq rounds)
[0m[93m[NR_MAC] UE 0e7c RA failed at state WAIT_Msg3 (Reached msg3 max harq rounds)
[0m[93m[NR_MAC] UE ebe6 RA failed at state WAIT_Msg3 (Reached msg3 max harq rounds)
[0m[HW]     [o-du 0][rx  397788 pps   10752 kbps   43008][tx 1179308 pps   31872 kbps  108900][Total Msgs_Rcvd 397788]
[0m[HW]     [FH LOAD][o-du 0] rx=43.008 Mbps tx=108.900 Mbps total=151.908 Mbps rx_pps=10752 tx_pps=31872 total_pps=42624
[0m[HW]     [o_du0][pusch0  340956 prach0   56832]
[0m[MAC]    [RAPROC] Received SDU for CCCH length 6 for UE 9892
[0m[93m[NR_MAC] (654.6) RA Contention Resolution timer expired for UE 0x9892, RA procedure failed...
[0m[93m[NGAP]   Failed to find ue context associated with gNB ue ngap id: 1
[0m[93m[RLC]    Remove UE 39058
[0m[1;31m[NGAP]   Failed to find ue context associated with gNB ue ngap id: 1
[0m[93m[NR_MAC] No UE found with C-RNTI 30ae, ignoring Msg3 to have UE come back with new RA attempt
[0m[93m[NR_MAC] No UE found with C-RNTI af14, ignoring Msg3 to have UE come back with new RA attempt
[0m[93m[NR_MAC] No UE found with C-RNTI ae25, ignoring Msg3 to have UE come back with new RA attempt
[0m[93m[NR_MAC] No UE found with C-RNTI 32c6, ignoring Msg3 to have UE come back with new RA attempt
[0m[93m[NR_MAC] No UE found with C-RNTI 9332, ignoring Msg3 to have UE come back with new RA attempt
[0m[93m[NR_MAC] No UE found with C-RNTI 9bba, ignoring Msg3 to have UE come back with new RA attempt
[0m[93m[NR_MAC] No UE found with C-RNTI 7cc4, ignoring Msg3 to have UE come back with new RA attempt
[0m[93m[NR_MAC] No UE found with C-RNTI d213, ignoring Msg3 to have UE come back with new RA attempt
[0m[93m[NR_MAC] UE af43 RA failed at state WAIT_Msg3 (Reached msg3 max harq rounds)
[0m[93m[NR_MAC] No UE found with C-RNTI ada8, ignoring Msg3 to have UE come back with new RA attempt
[0m[93m[NR_MAC] No UE found with C-RNTI 36cc, ignoring Msg3 to have UE come back with new RA attempt
[0m[HW]     [o-du 0][rx  408540 pps   10752 kbps   43008][tx 1211180 pps   31872 kbps  108900][Total Msgs_Rcvd 408540]
[0m[HW]     [FH LOAD][o-du 0] rx=43.008 Mbps tx=108.900 Mbps total=151.908 Mbps rx_pps=10752 tx_pps=31872 total_pps=42624
[0m[HW]     [o_du0][pusch0  350172 prach0   58368]
[0m[93m[NR_MAC] No UE found with C-RNTI 8f1f, ignoring Msg3 to have UE come back with new RA attempt
[0m[93m[NR_MAC] No UE found with C-RNTI 7b2e, ignoring Msg3 to have UE come back with new RA attempt
[0m[93m[NR_MAC] No UE found with C-RNTI e595, ignoring Msg3 to have UE come back with new RA attempt
[0m[93m[NR_MAC] No UE found with C-RNTI 8ae5, ignoring Msg3 to have UE come back with new RA attempt
[0m[93m[NR_MAC] No UE found with C-RNTI 5527, ignoring Msg3 to have UE come back with new RA attempt
[0m[93m[NR_MAC] No UE found with C-RNTI 3b29, ignoring Msg3 to have UE come back with new RA attempt
[0m[93m[NR_MAC] No UE found with C-RNTI 5853, ignoring Msg3 to have UE come back with new RA attempt
[0m[93m[NR_MAC] No UE found with C-RNTI 4771, ignoring Msg3 to have UE come back with new RA attempt
[0m[93m[NR_MAC] UE 421c RA failed at state WAIT_Msg3 (Reached msg3 max harq rounds)
[0m[MAC]    [RAPROC] Received SDU for CCCH length 6 for UE 9382
[0m[93m[NR_MAC] (855.6) RA Contention Resolution timer expired for UE 0x9382, RA procedure failed...
[0m[93m[NGAP]   Failed to find ue context associated with gNB ue ngap id: 1
[0m[93m[RLC]    Remove UE 37762
[0m[1;31m[NGAP]   Failed to find ue context associated with gNB ue ngap id: 1
[0m[93m[NR_MAC] No UE found with C-RNTI f28f, ignoring Msg3 to have UE come back with new RA attempt
[0m[93m[NR_MAC] UE f1fa RA failed at state WAIT_Msg3 (Reached msg3 max harq rounds)
[0m[HW]     [o-du 0][rx  419292 pps   10752 kbps   43005][tx 1243052 pps   31872 kbps  108900][Total Msgs_Rcvd 419292]
[0m[HW]     [FH LOAD][o-du 0] rx=43.005 Mbps tx=108.900 Mbps total=151.905 Mbps rx_pps=10752 tx_pps=31872 total_pps=42624
[0m[HW]     [o_du0][pusch0  359388 prach0   59904]
[0m[93m[NR_MAC] UE f484 RA failed at state WAIT_Msg3 (Reached msg3 max harq rounds)
[0m[93m[NR_MAC] UE cb21 RA failed at state WAIT_Msg3 (Reached msg3 max harq rounds)
[0m[93m[NR_MAC] UE 496c RA failed at state WAIT_Msg3 (Reached msg3 max harq rounds)
[0m[93m[NR_MAC] UE 3ade RA failed at state WAIT_Msg3 (Reached msg3 max harq rounds)
[0m[93m[NR_MAC] No UE found with C-RNTI b9f9, ignoring Msg3 to have UE come back with new RA attempt
[0m[93m[NR_MAC] UE 13eb RA failed at state WAIT_Msg3 (Reached msg3 max harq rounds)
[0m[93m[NR_MAC] UE 7483 RA failed at state WAIT_Msg3 (Reached msg3 max harq rounds)
[0m[93m[NR_MAC] No UE found with C-RNTI df8b, ignoring Msg3 to have UE come back with new RA attempt
[0m[93m[NR_MAC] No UE found with C-RNTI 713c, ignoring Msg3 to have UE come back with new RA attempt
[0m[93m[NR_MAC] No UE found with C-RNTI fcf2, ignoring Msg3 to have UE come back with new RA attempt
[0m[93m[NR_MAC] UE 240b RA failed at state WAIT_Msg3 (Reached msg3 max harq rounds)
[0m[93m[NR_MAC] No UE found with C-RNTI a57f, ignoring Msg3 to have UE come back with new RA attempt
[0m[93m[NR_MAC] UE cdb8 RA failed at state WAIT_Msg3 (Reached msg3 max harq rounds)
[0m[93m[NR_MAC] UE d44e RA failed at state WAIT_Msg3 (Reached msg3 max harq rounds)
[0m[93m[NR_MAC] UE 8df6 RA failed at state WAIT_Msg3 (Reached msg3 max harq rounds)
[0m[93m[NR_MAC] UE 5e67 RA failed at state WAIT_Msg3 (Reached msg3 max harq rounds)
[0m[HW]     [o-du 0][rx  430045 pps   10753 kbps   43010][tx 1274924 pps   31872 kbps  108900][Total Msgs_Rcvd 430045]
[0m[HW]     [FH LOAD][o-du 0] rx=43.010 Mbps tx=108.900 Mbps total=151.910 Mbps rx_pps=10753 tx_pps=31872 total_pps=42625
[0m[HW]     [o_du0][pusch0  368604 prach0   61440]
[0m[PHY]    prach_I0 = 2.8 dB
[0m[93m[NR_MAC] No UE found with C-RNTI fbe8, ignoring Msg3 to have UE come back with new RA attempt
[0m[93m[NR_MAC] No UE found with C-RNTI d1d9, ignoring Msg3 to have UE come back with new RA attempt
[0m[MAC]    [RAPROC] Received SDU for CCCH length 6 for UE 95af
[0m[93m[NR_MAC] (31.6) RA Contention Resolution timer expired for UE 0x95af, RA procedure failed...
[0m[93m[NGAP]   Failed to find ue context associated with gNB ue ngap id: 1
[0m[93m[RLC]    Remove UE 38319
[0m[1;31m[NGAP]   Failed to find ue context associated with gNB ue ngap id: 1
[0m[93m[NR_MAC] No UE found with C-RNTI d656, ignoring Msg3 to have UE come back with new RA attempt
[0m[93m[NR_MAC] UE b2f0 RA failed at state WAIT_Msg3 (Reached msg3 max harq rounds)
[0m[93m[NR_MAC] UE ed08 RA failed at state WAIT_Msg3 (Reached msg3 max harq rounds)
[0m[93m[NR_MAC] UE f352 RA failed at state WAIT_Msg3 (Reached msg3 max harq rounds)
[0m[93m[NR_MAC] No UE found with C-RNTI 8272, ignoring Msg3 to have UE come back with new RA attempt
[0m[93m[NR_MAC] No UE found with C-RNTI a2e2, ignoring Msg3 to have UE come back with new RA attempt
[0m[93m[NR_MAC] No UE found with C-RNTI 0324, ignoring Msg3 to have UE come back with new RA attempt
[0m[93m[NR_MAC] UE 08da RA failed at state WAIT_Msg3 (Reached msg3 max harq rounds)
[0m[93m[NR_MAC] No UE found with C-RNTI ddf8, ignoring Msg3 to have UE come back with new RA attempt
[0m[HW]     [o-du 0][rx  440797 pps   10752 kbps   43008][tx 1306796 pps   31872 kbps  108900][Total Msgs_Rcvd 440797]
[0m[HW]     [FH LOAD][o-du 0] rx=43.008 Mbps tx=108.900 Mbps total=151.908 Mbps rx_pps=10752 tx_pps=31872 total_pps=42624
[0m[HW]     [o_du0][pusch0  377820 prach0   62976]
[0m[93m[NR_MAC] No UE found with C-RNTI 370c, ignoring Msg3 to have UE come back with new RA attempt
[0m[93m[NR_MAC] UE 24fa RA failed at state WAIT_Msg3 (Reached msg3 max harq rounds)
[0m[93m[NR_MAC] No UE found with C-RNTI 7953, ignoring Msg3 to have UE come back with new RA attempt
[0m[93m[NR_MAC] UE 76e9 RA failed at state WAIT_Msg3 (Reached msg3 max harq rounds)
[0m[93m[NR_MAC] UE 2ccb RA failed at state WAIT_Msg3 (Reached msg3 max harq rounds)
[0m[93m[NR_MAC] UE 95e1 RA failed at state WAIT_Msg3 (Reached msg3 max harq rounds)
[0m[93m[NR_MAC] UE c758 RA failed at state WAIT_Msg3 (Reached msg3 max harq rounds)
[0m[93m[NR_MAC] No UE found with C-RNTI 7bd0, ignoring Msg3 to have UE come back with new RA attempt
[0m[93m[NR_MAC] No UE found with C-RNTI 52bf, ignoring Msg3 to have UE come back with new RA attempt
[0m[93m[NR_MAC] UE 8f2a RA failed at state WAIT_Msg3 (Reached msg3 max harq rounds)
[0m[93m[NR_MAC] No UE found with C-RNTI 6449, ignoring Msg3 to have UE come back with new RA attempt
[0m[MAC]    [RAPROC] Received SDU for CCCH length 6 for UE 68ed
[0m[93m[NR_MAC] (231.6) RA Contention Resolution timer expired for UE 0x68ed, RA procedure failed...
[0m[93m[NGAP]   Failed to find ue context associated with gNB ue ngap id: 1
[0m[93m[RLC]    Remove UE 26861
[0m[1;31m[NGAP]   Failed to find ue context associated with gNB ue ngap id: 1
[0m[HW]     [o-du 0][rx  451550 pps   10753 kbps   43008][tx 1338668 pps   31872 kbps  108900][Total Msgs_Rcvd 451550]
[0m[HW]     [FH LOAD][o-du 0] rx=43.008 Mbps tx=108.900 Mbps total=151.908 Mbps rx_pps=10753 tx_pps=31872 total_pps=42625
[0m[HW]     [o_du0][pusch0  387036 prach0   64512]
[0m[93m[NR_MAC] UE 2a89 RA failed at state WAIT_Msg3 (Reached msg3 max harq rounds)
[0m[93m[NR_MAC] UE 62c5 RA failed at state WAIT_Msg3 (Reached msg3 max harq rounds)
[0m[93m[NR_MAC] No UE found with C-RNTI afae, ignoring Msg3 to have UE come back with new RA attempt
[0m[93m[NR_MAC] No UE found with C-RNTI 91ce, ignoring Msg3 to have UE come back with new RA attempt
[0m[93m[NR_MAC] No UE found with C-RNTI d9d7, ignoring Msg3 to have UE come back with new RA attempt
[0m[93m[NR_MAC] No UE found with C-RNTI b434, ignoring Msg3 to have UE come back with new RA attempt
[0m[93m[NR_MAC] UE 3bbd RA failed at state WAIT_Msg3 (Reached msg3 max harq rounds)
[0m[93m[NR_MAC] No UE found with C-RNTI 2d2b, ignoring Msg3 to have UE come back with new RA attempt
[0m[93m[NR_MAC] UE b941 RA failed at state WAIT_Msg3 (Reached msg3 max harq rounds)
[0m[93m[NR_MAC] UE 4343 RA failed at state WAIT_Msg3 (Reached msg3 max harq rounds)
[0m[93m[NR_MAC] UE 0db3 RA failed at state WAIT_Msg3 (Reached msg3 max harq rounds)
[0m[93m[NR_MAC] UE 133a RA failed at state WAIT_Msg3 (Reached msg3 max harq rounds)
[0m[93m[NR_MAC] UE f780 RA failed at state WAIT_Msg3 (Reached msg3 max harq rounds)
[0m[93m[NR_MAC] UE 884b RA failed at state WAIT_Msg3 (Reached msg3 max harq rounds)
[0m[93m[NR_MAC] No UE found with C-RNTI c61c, ignoring Msg3 to have UE come back with new RA attempt
[0m[93m[NR_MAC] UE eb35 RA failed at state WAIT_Msg3 (Reached msg3 max harq rounds)
[0m[HW]     [o-du 0][rx  462302 pps   10752 kbps   43010][tx 1370540 pps   31872 kbps  108900][Total Msgs_Rcvd 462302]
[0m[HW]     [FH LOAD][o-du 0] rx=43.010 Mbps tx=108.900 Mbps total=151.910 Mbps rx_pps=10752 tx_pps=31872 total_pps=42624
[0m[HW]     [o_du0][pusch0  396252 prach0   66048]
[0m[93m[NR_MAC] UE c20b RA failed at state WAIT_Msg3 (Reached msg3 max harq rounds)
[0m[93m[NR_MAC] UE 23a3 RA failed at state WAIT_Msg3 (Reached msg3 max harq rounds)
[0m[93m[NR_MAC] UE bcd9 RA failed at state WAIT_Msg3 (Reached msg3 max harq rounds)
[0m[93m[NR_MAC] UE d203 RA failed at state WAIT_Msg3 (Reached msg3 max harq rounds)
[0m[MAC]    [RAPROC] Received SDU for CCCH length 6 for UE 2c94
[0m[93m[NR_MAC] (431.6) RA Contention Resolution timer expired for UE 0x2c94, RA procedure failed...
[0m[93m[NGAP]   Failed to find ue context associated with gNB ue ngap id: 1
[0m[93m[RLC]    Remove UE 11412
[0m[1;31m[NGAP]   Failed to find ue context associated with gNB ue ngap id: 1
[0m[93m[NR_MAC] No UE found with C-RNTI 4de2, ignoring Msg3 to have UE come back with new RA attempt
[0m[93m[NR_MAC] No UE found with C-RNTI e77c, ignoring Msg3 to have UE come back with new RA attempt
[0m[93m[NR_MAC] UE f4b7 RA failed at state WAIT_Msg3 (Reached msg3 max harq rounds)
[0m[93m[NR_MAC] UE dca1 RA failed at state WAIT_Msg3 (Reached msg3 max harq rounds)
[0m[93m[NR_MAC] UE 7569 RA failed at state WAIT_Msg3 (Reached msg3 max harq rounds)
[0m[93m[NR_MAC] UE 3d5b RA failed at state WAIT_Msg3 (Reached msg3 max harq rounds)
[0m[93m[NR_MAC] UE c4d4 RA failed at state WAIT_Msg3 (Reached msg3 max harq rounds)
[0m[HW]     [o-du 0][rx  473054 pps   10752 kbps   43008][tx 1402412 pps   31872 kbps  108900][Total Msgs_Rcvd 473054]
[0m[HW]     [FH LOAD][o-du 0] rx=43.008 Mbps tx=108.900 Mbps total=151.908 Mbps rx_pps=10752 tx_pps=31872 total_pps=42624
[0m[HW]     [o_du0][pusch0  405468 prach0   67584]
[0m[93m[NR_MAC] UE 19d5 RA failed at state WAIT_Msg3 (Reached msg3 max harq rounds)
[0m[93m[NR_MAC] UE dab0 RA failed at state WAIT_Msg3 (Reached msg3 max harq rounds)
[0m[93m[NR_MAC] UE 5788 RA failed at state WAIT_Msg3 (Reached msg3 max harq rounds)
[0m[93m[NR_MAC] UE bc22 RA failed at state WAIT_Msg3 (Reached msg3 max harq rounds)
[0m[93m[NR_MAC] UE e860 RA failed at state WAIT_Msg3 (Reached msg3 max harq rounds)
[0m[93m[NR_MAC] No UE found with C-RNTI 9dfa, ignoring Msg3 to have UE come back with new RA attempt
[0m[93m[NR_MAC] UE 78bf RA failed at state WAIT_Msg3 (Reached msg3 max harq rounds)
[0m[93m[NR_MAC] UE b324 RA failed at state WAIT_Msg3 (Reached msg3 max harq rounds)
[0m[93m[NR_MAC] UE 359c RA failed at state WAIT_Msg3 (Reached msg3 max harq rounds)
[0m[93m[NR_MAC] UE cc5f RA failed at state WAIT_Msg3 (Reached msg3 max harq rounds)
[0m[93m[NR_MAC] UE 24bd RA failed at state WAIT_Msg3 (Reached msg3 max harq rounds)
[0m[93m[NR_MAC] UE 8ae4 RA failed at state WAIT_Msg3 (Reached msg3 max harq rounds)
[0m[93m[NR_MAC] UE 4eb4 RA failed at state WAIT_Msg3 (Reached msg3 max harq rounds)
[0m[MAC]    [RAPROC] Received SDU for CCCH length 6 for UE 2586
[0m[93m[NR_MAC] (631.6) RA Contention Resolution timer expired for UE 0x2586, RA procedure failed...
[0m[93m[NGAP]   Failed to find ue context associated with gNB ue ngap id: 1
[0m[93m[RLC]    Remove UE 9606
[0m[1;31m[NGAP]   Failed to find ue context associated with gNB ue ngap id: 1
[0m[HW]     [o-du 0][rx  483806 pps   10752 kbps   43008][tx 1434284 pps   31872 kbps  108900][Total Msgs_Rcvd 483806]
[0m[HW]     [FH LOAD][o-du 0] rx=43.008 Mbps tx=108.900 Mbps total=151.908 Mbps rx_pps=10752 tx_pps=31872 total_pps=42624
[0m[HW]     [o_du0][pusch0  414684 prach0   69120]
[0m[93m[NR_MAC] No UE found with C-RNTI af7f, ignoring Msg3 to have UE come back with new RA attempt
[0m[93m[NR_MAC] UE fbe4 RA failed at state WAIT_Msg3 (Reached msg3 max harq rounds)
[0m[93m[NR_MAC] UE 6e1f RA failed at state WAIT_Msg3 (Reached msg3 max harq rounds)
[0m[93m[NR_MAC] UE 7c6c RA failed at state WAIT_Msg3 (Reached msg3 max harq rounds)
[0m[93m[NR_MAC] UE 2ec8 RA failed at state WAIT_Msg3 (Reached msg3 max harq rounds)
[0m[93m[NR_MAC] UE 6072 RA failed at state WAIT_Msg3 (Reached msg3 max harq rounds)
[0m[93m[NR_MAC] No UE found with C-RNTI 9ef9, ignoring Msg3 to have UE come back with new RA attempt
[0m[93m[NR_MAC] UE 8295 RA failed at state WAIT_Msg3 (Reached msg3 max harq rounds)
[0m[93m[NR_MAC] UE 7601 RA failed at state WAIT_Msg3 (Reached msg3 max harq rounds)
[0m[93m[NR_MAC] UE 5da7 RA failed at state WAIT_Msg3 (Reached msg3 max harq rounds)
[0m[93m[NR_MAC] No UE found with C-RNTI 710c, ignoring Msg3 to have UE come back with new RA attempt
[0m[93m[NR_MAC] UE 514f RA failed at state WAIT_Msg3 (Reached msg3 max harq rounds)
[0m[93m[NR_MAC] No UE found with C-RNTI 1d94, ignoring Msg3 to have UE come back with new RA attempt
[0m[93m[NR_MAC] No UE found with C-RNTI 821c, ignoring Msg3 to have UE come back with new RA attempt
[0m[HW]     [o-du 0][rx  494559 pps   10753 kbps   43005][tx 1466156 pps   31872 kbps  108900][Total Msgs_Rcvd 494559]
[0m[HW]     [FH LOAD][o-du 0] rx=43.005 Mbps tx=108.900 Mbps total=151.905 Mbps rx_pps=10753 tx_pps=31872 total_pps=42625
[0m[HW]     [o_du0][pusch0  423900 prach0   70656]
[0m[93m[NR_MAC] UE d576 RA failed at state WAIT_Msg3 (Reached msg3 max harq rounds)
[0m[93m[NR_MAC] No UE found with C-RNTI 0f03, ignoring Msg3 to have UE come back with new RA attempt
[0m[93m[NR_MAC] UE 6458 RA failed at state WAIT_Msg3 (Reached msg3 max harq rounds)
[0m[93m[NR_MAC] No UE found with C-RNTI 3db9, ignoring Msg3 to have UE come back with new RA attempt
[0m[93m[NR_MAC] UE 2d6d RA failed at state WAIT_Msg3 (Reached msg3 max harq rounds)
[0m[93m[NR_MAC] UE 6844 RA failed at state WAIT_Msg3 (Reached msg3 max harq rounds)
[0m[MAC]    [RAPROC] Received SDU for CCCH length 6 for UE d396
[0m[93m[NR_MAC] (831.6) RA Contention Resolution timer expired for UE 0xd396, RA procedure failed...
[0m[93m[NGAP]   Failed to find ue context associated with gNB ue ngap id: 1
[0m[93m[RLC]    Remove UE 54166
[0m[1;31m[NGAP]   Failed to find ue context associated with gNB ue ngap id: 1
[0m[93m[NR_MAC] UE 31c6 RA failed at state WAIT_Msg3 (Reached msg3 max harq rounds)
[0m[93m[NR_MAC] No UE found with C-RNTI dfe4, ignoring Msg3 to have UE come back with new RA attempt
[0m[93m[NR_MAC] No UE found with C-RNTI f528, ignoring Msg3 to have UE come back with new RA attempt
[0m[93m[NR_MAC] No UE found with C-RNTI 938a, ignoring Msg3 to have UE come back with new RA attempt
[0m[93m[NR_MAC] No UE found with C-RNTI bd5b, ignoring Msg3 to have UE come back with new RA attempt
[0m[HW]     [o-du 0][rx  505311 pps   10752 kbps   43008][tx 1498028 pps   31872 kbps  108900][Total Msgs_Rcvd 505311]
[0m[HW]     [FH LOAD][o-du 0] rx=43.008 Mbps tx=108.900 Mbps total=151.908 Mbps rx_pps=10752 tx_pps=31872 total_pps=42624
[0m[HW]     [o_du0][pusch0  433116 prach0   72192]
[0m[93m[NR_MAC] UE c5e3 RA failed at state WAIT_Msg3 (Reached msg3 max harq rounds)
[0m[93m[NR_MAC] UE 9e6a RA failed at state WAIT_Msg3 (Reached msg3 max harq rounds)
[0m[93m[NR_MAC] UE 43fc RA failed at state WAIT_Msg3 (Reached msg3 max harq rounds)
[0m[93m[NR_MAC] No UE found with C-RNTI a227, ignoring Msg3 to have UE come back with new RA attempt
[0m[93m[NR_MAC] No UE found with C-RNTI ed3d, ignoring Msg3 to have UE come back with new RA attempt
[0m[93m[NR_MAC] No UE found with C-RNTI 4e05, ignoring Msg3 to have UE come back with new RA attempt
[0m[93m[NR_MAC] No UE found with C-RNTI f293, ignoring Msg3 to have UE come back with new RA attempt
[0m[93m[NR_MAC] No UE found with C-RNTI a10c, ignoring Msg3 to have UE come back with new RA attempt
[0m[93m[NR_MAC] UE 4f4c RA failed at state WAIT_Msg3 (Reached msg3 max harq rounds)
[0m[93m[NR_MAC] No UE found with C-RNTI 714f, ignoring Msg3 to have UE come back with new RA attempt
[0m[93m[NR_MAC] No UE found with C-RNTI 0a6e, ignoring Msg3 to have UE come back with new RA attempt
[0m[93m[NR_MAC] UE d0c4 RA failed at state WAIT_Msg3 (Reached msg3 max harq rounds)
[0m[93m[NR_MAC] UE c95c RA failed at state WAIT_Msg3 (Reached msg3 max harq rounds)
[0m[93m[NR_MAC] UE 1093 RA failed at state WAIT_Msg3 (Reached msg3 max harq rounds)
[0m[93m[NR_MAC] No UE found with C-RNTI 7fa3, ignoring Msg3 to have UE come back with new RA attempt
[0m[MAC]    [RAPROC] Received SDU for CCCH length 6 for UE b91a
[0m[HW]     [o-du 0][rx  516063 pps   10752 kbps   42999][tx 1529900 pps   31872 kbps  108900][Total Msgs_Rcvd 516063]
[0m[HW]     [FH LOAD][o-du 0] rx=42.999 Mbps tx=108.900 Mbps total=151.899 Mbps rx_pps=10752 tx_pps=31872 total_pps=42624
[0m[HW]     [o_du0][pusch0  442332 prach0   73728]
[0m[PHY]    prach_I0 = 4.6 dB
[0m[93m[NR_MAC] (7.6) RA Contention Resolution timer expired for UE 0xb91a, RA procedure failed...
[0m[93m[NGAP]   Failed to find ue context associated with gNB ue ngap id: 1
[0m[93m[RLC]    Remove UE 47386
[0m[1;31m[NGAP]   Failed to find ue context associated with gNB ue ngap id: 1
[0m[93m[NR_MAC] No UE found with C-RNTI 5413, ignoring Msg3 to have UE come back with new RA attempt
[0m[93m[NR_MAC] No UE found with C-RNTI 5422, ignoring Msg3 to have UE come back with new RA attempt
[0m[93m[NR_MAC] No UE found with C-RNTI e703, ignoring Msg3 to have UE come back with new RA attempt
[0m[93m[NR_MAC] UE ccb9 RA failed at state WAIT_Msg3 (Reached msg3 max harq rounds)
[0m[93m[NR_MAC] UE de57 RA failed at state WAIT_Msg3 (Reached msg3 max harq rounds)
[0m[93m[NR_MAC] UE c625 RA failed at state WAIT_Msg3 (Reached msg3 max harq rounds)
[0m[93m[NR_MAC] UE 8209 RA failed at state WAIT_Msg3 (Reached msg3 max harq rounds)
[0m[93m[NR_MAC] UE e298 RA failed at state WAIT_Msg3 (Reached msg3 max harq rounds)
[0m[93m[NR_MAC] UE dab7 RA failed at state WAIT_Msg3 (Reached msg3 max harq rounds)
[0m[93m[NR_MAC] UE 4833 RA failed at state WAIT_Msg3 (Reached msg3 max harq rounds)
[0m[93m[NR_MAC] UE bb5c RA failed at state WAIT_Msg3 (Reached msg3 max harq rounds)
[0m[93m[NR_MAC] UE fdb6 RA failed at state WAIT_Msg3 (Reached msg3 max harq rounds)
[0m[HW]     [o-du 0][rx  526815 pps   10752 kbps   43010][tx 1561772 pps   31872 kbps  108900][Total Msgs_Rcvd 526815]
[0m[HW]     [FH LOAD][o-du 0] rx=43.010 Mbps tx=108.900 Mbps total=151.910 Mbps rx_pps=10752 tx_pps=31872 total_pps=42624
[0m[HW]     [o_du0][pusch0  451548 prach0   75264]
[0m[93m[NR_MAC] UE 0ba1 RA failed at state WAIT_Msg3 (Reached msg3 max harq rounds)
[0m[93m[NR_MAC] UE 437b RA failed at state WAIT_Msg3 (Reached msg3 max harq rounds)
[0m[93m[NR_MAC] UE c0a7 RA failed at state WAIT_Msg3 (Reached msg3 max harq rounds)
[0m[93m[NR_MAC] UE 1362 RA failed at state WAIT_Msg3 (Reached msg3 max harq rounds)
[0m[93m[NR_MAC] UE 2f6c RA failed at state WAIT_Msg3 (Reached msg3 max harq rounds)
[0m[93m[NR_MAC] No UE found with C-RNTI ce36, ignoring Msg3 to have UE come back with new RA attempt
[0m[93m[NR_MAC] No UE found with C-RNTI 7042, ignoring Msg3 to have UE come back with new RA attempt
[0m[93m[NR_MAC] UE c649 RA failed at state WAIT_Msg3 (Reached msg3 max harq rounds)
[0m[MAC]    [RAPROC] Received SDU for CCCH length 6 for UE 0f48
[0m[93m[NR_MAC] (207.6) RA Contention Resolution timer expired for UE 0x0f48, RA procedure failed...
[0m[93m[NGAP]   Failed to find ue context associated with gNB ue ngap id: 1
[0m[93m[RLC]    Remove UE 3912
[0m[1;31m[NGAP]   Failed to find ue context associated with gNB ue ngap id: 1
[0m[93m[NR_MAC] UE 0b6d RA failed at state WAIT_Msg3 (Reached msg3 max harq rounds)
[0m[93m[NR_MAC] UE 4064 RA failed at state WAIT_Msg3 (Reached msg3 max harq rounds)
[0m[93m[NR_MAC] UE 9b33 RA failed at state WAIT_Msg3 (Reached msg3 max harq rounds)
[0m[HW]     [o-du 0][rx  537567 pps   10752 kbps   43008][tx 1593644 pps   31872 kbps  108900][Total Msgs_Rcvd 537567]
[0m[HW]     [FH LOAD][o-du 0] rx=43.008 Mbps tx=108.900 Mbps total=151.908 Mbps rx_pps=10752 tx_pps=31872 total_pps=42624
[0m[HW]     [o_du0][pusch0  460764 prach0   76800]
[0m[93m[NR_MAC] UE a27b RA failed at state WAIT_Msg3 (Reached msg3 max harq rounds)
[0m[93m[NR_MAC] UE 3522 RA failed at state WAIT_Msg3 (Reached msg3 max harq rounds)
[0m[93m[NR_MAC] UE 6c94 RA failed at state WAIT_Msg3 (Reached msg3 max harq rounds)
[0m[93m[NR_MAC] No UE found with C-RNTI 7722, ignoring Msg3 to have UE come back with new RA attempt
[0m[93m[NR_MAC] UE e6cd RA failed at state WAIT_Msg3 (Reached msg3 max harq rounds)
[0m[93m[NR_MAC] UE 7c92 RA failed at state WAIT_Msg3 (Reached msg3 max harq rounds)
[0m[93m[NR_MAC] UE dd0b RA failed at state WAIT_Msg3 (Reached msg3 max harq rounds)
[0m[93m[NR_MAC] No UE found with C-RNTI 3ea0, ignoring Msg3 to have UE come back with new RA attempt
[0m[93m[NR_MAC] UE e466 RA failed at state WAIT_Msg3 (Reached msg3 max harq rounds)
[0m[93m[NR_MAC] UE 7f91 RA failed at state WAIT_Msg3 (Reached msg3 max harq rounds)
[0m[93m[NR_MAC] UE fe5d RA failed at state WAIT_Msg3 (Reached msg3 max harq rounds)
[0m[93m[NR_MAC] UE af92 RA failed at state WAIT_Msg3 (Reached msg3 max harq rounds)
[0m[93m[NR_MAC] UE 35d9 RA failed at state WAIT_Msg3 (Reached msg3 max harq rounds)
[0m[93m[NR_MAC] UE 90a6 RA failed at state WAIT_Msg3 (Reached msg3 max harq rounds)
[0m[93m[NR_MAC] UE a137 RA failed at state WAIT_Msg3 (Reached msg3 max harq rounds)
[0m[93m[NR_MAC] UE e592 RA failed at state WAIT_Msg3 (Reached msg3 max harq rounds)
[0m[HW]     [o-du 0][rx  548319 pps   10752 kbps   43013][tx 1625516 pps   31872 kbps  108900][Total Msgs_Rcvd 548319]
[0m[HW]     [FH LOAD][o-du 0] rx=43.013 Mbps tx=108.900 Mbps total=151.913 Mbps rx_pps=10752 tx_pps=31872 total_pps=42624
[0m[HW]     [o_du0][pusch0  469980 prach0   78336]
[0m[93m[NR_MAC] No UE found with C-RNTI 37e6, ignoring Msg3 to have UE come back with new RA attempt
[0m[MAC]    [RAPROC] Received SDU for CCCH length 6 for UE 6059
[0m[93m[NR_MAC] (407.6) RA Contention Resolution timer expired for UE 0x6059, RA procedure failed...
[0m[93m[NGAP]   Failed to find ue context associated with gNB ue ngap id: 1
[0m[93m[RLC]    Remove UE 24665
[0m[1;31m[NGAP]   Failed to find ue context associated with gNB ue ngap id: 1
[0m[93m[NR_MAC] UE 5e6a RA failed at state WAIT_Msg3 (Reached msg3 max harq rounds)
[0m[93m[NR_MAC] No UE found with C-RNTI e533, ignoring Msg3 to have UE come back with new RA attempt
[0m[93m[NR_MAC] UE 832f RA failed at state WAIT_Msg3 (Reached msg3 max harq rounds)
[0m[93m[NR_MAC] No UE found with C-RNTI 5941, ignoring Msg3 to have UE come back with new RA attempt
[0m[93m[NR_MAC] UE 303a RA failed at state WAIT_Msg3 (Reached msg3 max harq rounds)
[0m[93m[NR_MAC] UE 2b4a RA failed at state WAIT_Msg3 (Reached msg3 max harq rounds)
[0m[93m[NR_MAC] UE 4f27 RA failed at state WAIT_Msg3 (Reached msg3 max harq rounds)
[0m[93m[NR_MAC] UE 0144 RA failed at state WAIT_Msg3 (Reached msg3 max harq rounds)
[0m[93m[NR_MAC] No UE found with C-RNTI f0bf, ignoring Msg3 to have UE come back with new RA attempt
[0m[93m[NR_MAC] UE eb7a RA failed at state WAIT_Msg3 (Reached msg3 max harq rounds)
[0m[HW]     [o-du 0][rx  559072 pps   10753 kbps   43002][tx 1657388 pps   31872 kbps  108900][Total Msgs_Rcvd 559072]
[0m[HW]     [FH LOAD][o-du 0] rx=43.002 Mbps tx=108.900 Mbps total=151.902 Mbps rx_pps=10753 tx_pps=31872 total_pps=42625
[0m[HW]     [o_du0][pusch0  479196 prach0   79872]
[0m[93m[NR_MAC] UE 8598 RA failed at state WAIT_Msg3 (Reached msg3 max harq rounds)
[0m[93m[NR_MAC] UE e37a RA failed at state WAIT_Msg3 (Reached msg3 max harq rounds)
[0m[93m[NR_MAC] UE 3a32 RA failed at state WAIT_Msg3 (Reached msg3 max harq rounds)
[0m[93m[NR_MAC] UE e1ea RA failed at state WAIT_Msg3 (Reached msg3 max harq rounds)
[0m[93m[NR_MAC] No UE found with C-RNTI bae3, ignoring Msg3 to have UE come back with new RA attempt
[0m[93m[NR_MAC] No UE found with C-RNTI 6d1d, ignoring Msg3 to have UE come back with new RA attempt
[0m[93m[NR_MAC] UE 1b40 RA failed at state WAIT_Msg3 (Reached msg3 max harq rounds)
[0m[93m[NR_MAC] No UE found with C-RNTI 6167, ignoring Msg3 to have UE come back with new RA attempt
[0m[93m[NR_MAC] No UE found with C-RNTI a5c7, ignoring Msg3 to have UE come back with new RA attempt
[0m[93m[NR_MAC] No UE found with C-RNTI 37af, ignoring Msg3 to have UE come back with new RA attempt
[0m[MAC]    [RAPROC] Received SDU for CCCH length 6 for UE 8cdd
[0m[93m[NR_MAC] (607.6) RA Contention Resolution timer expired for UE 0x8cdd, RA procedure failed...
[0m[93m[NGAP]   Failed to find ue context associated with gNB ue ngap id: 1
[0m[93m[RLC]    Remove UE 36061
[0m[1;31m[NGAP]   Failed to find ue context associated with gNB ue ngap id: 1
[0m[93m[NR_MAC] No UE found with C-RNTI 992d, ignoring Msg3 to have UE come back with new RA attempt
[0m[HW]     [o-du 0][rx  569824 pps   10752 kbps   43010][tx 1689260 pps   31872 kbps  108900][Total Msgs_Rcvd 569824]
[0m[HW]     [FH LOAD][o-du 0] rx=43.010 Mbps tx=108.900 Mbps total=151.910 Mbps rx_pps=10752 tx_pps=31872 total_pps=42624
[0m[HW]     [o_du0][pusch0  488412 prach0   81408]
[0m[93m[NR_MAC] No UE found with C-RNTI 7ce7, ignoring Msg3 to have UE come back with new RA attempt
[0m[93m[NR_MAC] No UE found with C-RNTI 8efb, ignoring Msg3 to have UE come back with new RA attempt
[0m[93m[NR_MAC] No UE found with C-RNTI a66f, ignoring Msg3 to have UE come back with new RA attempt
[0m[93m[NR_MAC] No UE found with C-RNTI 944f, ignoring Msg3 to have UE come back with new RA attempt
[0m[93m[NR_MAC] UE 5130 RA failed at state WAIT_Msg3 (Reached msg3 max harq rounds)
[0m[93m[NR_MAC] No UE found with C-RNTI c174, ignoring Msg3 to have UE come back with new RA attempt
[0m[93m[NR_MAC] No UE found with C-RNTI 6bc8, ignoring Msg3 to have UE come back with new RA attempt
[0m[93m[NR_MAC] No UE found with C-RNTI 3110, ignoring Msg3 to have UE come back with new RA attempt
[0m[93m[NR_MAC] UE 72be RA failed at state WAIT_Msg3 (Reached msg3 max harq rounds)
[0m[93m[NR_MAC] UE 1016 RA failed at state WAIT_Msg3 (Reached msg3 max harq rounds)
[0m[93m[NR_MAC] UE 3d23 RA failed at state WAIT_Msg3 (Reached msg3 max harq rounds)
[0m[93m[NR_MAC] UE 97af RA failed at state WAIT_Msg3 (Reached msg3 max harq rounds)
[0m[93m[NR_MAC] No UE found with C-RNTI fce1, ignoring Msg3 to have UE come back with new RA attempt
[0m[93m[NR_MAC] No UE found with C-RNTI 0934, ignoring Msg3 to have UE come back with new RA attempt
[0m[93m[NR_MAC] No UE found with C-RNTI 2141, ignoring Msg3 to have UE come back with new RA attempt
[0m[93m[NR_MAC] No UE found with C-RNTI 0f5d, ignoring Msg3 to have UE come back with new RA attempt
[0m[HW]     [o-du 0][rx  580576 pps   10752 kbps   43008][tx 1721132 pps   31872 kbps  108900][Total Msgs_Rcvd 580576]
[0m[HW]     [FH LOAD][o-du 0] rx=43.008 Mbps tx=108.900 Mbps total=151.908 Mbps rx_pps=10752 tx_pps=31872 total_pps=42624
[0m[HW]     [o_du0][pusch0  497628 prach0   82944]
[0m[93m[NR_MAC] No UE found with C-RNTI 851a, ignoring Msg3 to have UE come back with new RA attempt
[0m[93m[NR_MAC] UE 9e2e RA failed at state WAIT_Msg3 (Reached msg3 max harq rounds)
[0m[93m[NR_MAC] No UE found with C-RNTI 1aa6, ignoring Msg3 to have UE come back with new RA attempt
[0m[MAC]    [RAPROC] Received SDU for CCCH length 6 for UE 991e
[0m[93m[NR_MAC] (807.6) RA Contention Resolution timer expired for UE 0x991e, RA procedure failed...
[0m[93m[NGAP]   Failed to find ue context associated with gNB ue ngap id: 1
[0m[93m[RLC]    Remove UE 39198
[0m[1;31m[NGAP]   Failed to find ue context associated with gNB ue ngap id: 1
[0m[93m[NR_MAC] No UE found with C-RNTI 8c4d, ignoring Msg3 to have UE come back with new RA attempt
[0m[93m[NR_MAC] UE a7a0 RA failed at state WAIT_Msg3 (Reached msg3 max harq rounds)
[0m[93m[NR_MAC] No UE found with C-RNTI b575, ignoring Msg3 to have UE come back with new RA attempt
[0m[93m[NR_MAC] UE bd92 RA failed at state WAIT_Msg3 (Reached msg3 max harq rounds)
[0m[93m[NR_MAC] UE 7ccb RA failed at state WAIT_Msg3 (Reached msg3 max harq rounds)
[0m[93m[NR_MAC] UE 6e62 RA failed at state WAIT_Msg3 (Reached msg3 max harq rounds)
[0m[93m[NR_MAC] UE 06a0 RA failed at state WAIT_Msg3 (Reached msg3 max harq rounds)
[0m[93m[NR_MAC] UE a7f8 RA failed at state WAIT_Msg3 (Reached msg3 max harq rounds)
[0m[HW]     [o-du 0][rx  591328 pps   10752 kbps   43005][tx 1753004 pps   31872 kbps  108900][Total Msgs_Rcvd 591328]
[0m[HW]     [FH LOAD][o-du 0] rx=43.005 Mbps tx=108.900 Mbps total=151.905 Mbps rx_pps=10752 tx_pps=31872 total_pps=42624
[0m[HW]     [o_du0][pusch0  506844 prach0   84480]
[0m[93m[NR_MAC] UE 303e RA failed at state WAIT_Msg3 (Reached msg3 max harq rounds)
[0m[93m[NR_MAC] UE baa6 RA failed at state WAIT_Msg3 (Reached msg3 max harq rounds)
[0m[93m[NR_MAC] UE e8c1 RA failed at state WAIT_Msg3 (Reached msg3 max harq rounds)
[0m[93m[NR_MAC] UE 8eeb RA failed at state WAIT_Msg3 (Reached msg3 max harq rounds)
[0m[93m[NR_MAC] UE 667b RA failed at state WAIT_Msg3 (Reached msg3 max harq rounds)
[0m[93m[NR_MAC] UE d9b5 RA failed at state WAIT_Msg3 (Reached msg3 max harq rounds)
[0m[93m[NR_MAC] UE 2eae RA failed at state WAIT_Msg3 (Reached msg3 max harq rounds)
[0m[93m[NR_MAC] UE 0ece RA failed at state WAIT_Msg3 (Reached msg3 max harq rounds)
[0m[93m[NR_MAC] UE 01e4 RA failed at state WAIT_Msg3 (Reached msg3 max harq rounds)
[0m[93m[NR_MAC] UE 2355 RA failed at state WAIT_Msg3 (Reached msg3 max harq rounds)
[0m[93m[NR_MAC] UE 2df5 RA failed at state WAIT_Msg3 (Reached msg3 max harq rounds)
[0m[93m[NR_MAC] UE 954c RA failed at state WAIT_Msg3 (Reached msg3 max harq rounds)
[0m[MAC]    [RAPROC] Received SDU for CCCH length 6 for UE 9959
[0m[93m[NR_MAC] (1007.6) RA Contention Resolution timer expired for UE 0x9959, RA procedure failed...
[0m[93m[NGAP]   Failed to find ue context associated with gNB ue ngap id: 1
[0m[93m[RLC]    Remove UE 39257
[0m[1;31m[NGAP]   Failed to find ue context associated with gNB ue ngap id: 1
[0m[HW]     [o-du 0][rx  602080 pps   10752 kbps   43008][tx 1784876 pps   31872 kbps  108900][Total Msgs_Rcvd 602080]
[0m[HW]     [FH LOAD][o-du 0] rx=43.008 Mbps tx=108.900 Mbps total=151.908 Mbps rx_pps=10752 tx_pps=31872 total_pps=42624
[0m[HW]     [o_du0][pusch0  516060 prach0   86016]
[0m[PHY]    prach_I0 = 0.0 dB
[0m[93m[NR_MAC] UE aae5 RA failed at state WAIT_Msg3 (Reached msg3 max harq rounds)
[0m[93m[NR_MAC] No UE found with C-RNTI 4cec, ignoring Msg3 to have UE come back with new RA attempt
[0m[93m[NR_MAC] UE 5acb RA failed at state WAIT_Msg3 (Reached msg3 max harq rounds)
[0m[93m[NR_MAC] No UE found with C-RNTI a334, ignoring Msg3 to have UE come back with new RA attempt
[0m[93m[NR_MAC] UE 7b71 RA failed at state WAIT_Msg3 (Reached msg3 max harq rounds)
[0m[93m[NR_MAC] UE 546a RA failed at state WAIT_Msg3 (Reached msg3 max harq rounds)
[0m[93m[NR_MAC] UE c3ce RA failed at state WAIT_Msg3 (Reached msg3 max harq rounds)
[0m[93m[NR_MAC] UE 55d8 RA failed at state WAIT_Msg3 (Reached msg3 max harq rounds)
[0m[93m[NR_MAC] UE ea0a RA failed at state WAIT_Msg3 (Reached msg3 max harq rounds)
[0m[93m[NR_MAC] No UE found with C-RNTI 12f5, ignoring Msg3 to have UE come back with new RA attempt
[0m[93m[NR_MAC] No UE found with C-RNTI 8c33, ignoring Msg3 to have UE come back with new RA attempt
[0m[93m[NR_MAC] UE a8ac RA failed at state WAIT_Msg3 (Reached msg3 max harq rounds)
[0m[93m[NR_MAC] No UE found with C-RNTI ad01, ignoring Msg3 to have UE come back with new RA attempt
[0m[93m[NR_MAC] No UE found with C-RNTI 09e9, ignoring Msg3 to have UE come back with new RA attempt
[0m[93m[NR_MAC] UE fbf1 RA failed at state WAIT_Msg3 (Reached msg3 max harq rounds)
[0m[HW]     [o-du 0][rx  612832 pps   10752 kbps   43010][tx 1816748 pps   31872 kbps  108900][Total Msgs_Rcvd 612832]
[0m[HW]     [FH LOAD][o-du 0] rx=43.010 Mbps tx=108.900 Mbps total=151.910 Mbps rx_pps=10752 tx_pps=31872 total_pps=42624
[0m[HW]     [o_du0][pusch0  525276 prach0   87552]
[0m[93m[NR_MAC] UE 41ce RA failed at state WAIT_Msg3 (Reached msg3 max harq rounds)
[0m[93m[NR_MAC] No UE found with C-RNTI adc4, ignoring Msg3 to have UE come back with new RA attempt
[0m[93m[NR_MAC] UE 735a RA failed at state WAIT_Msg3 (Reached msg3 max harq rounds)
[0m[93m[NR_MAC] UE 03ad RA failed at state WAIT_Msg3 (Reached msg3 max harq rounds)
[0m[93m[NR_MAC] UE 58e8 RA failed at state WAIT_Msg3 (Reached msg3 max harq rounds)
[0m[MAC]    [RAPROC] Received SDU for CCCH length 6 for UE 713a
[0m[93m[NR_MAC] (183.6) RA Contention Resolution timer expired for UE 0x713a, RA procedure failed...
[0m[93m[NGAP]   Failed to find ue context associated with gNB ue ngap id: 1
[0m[93m[RLC]    Remove UE 28986
[0m[1;31m[NGAP]   Failed to find ue context associated with gNB ue ngap id: 1
[0m[93m[NR_MAC] UE a0e8 RA failed at state WAIT_Msg3 (Reached msg3 max harq rounds)
[0m[93m[NR_MAC] No UE found with C-RNTI f169, ignoring Msg3 to have UE come back with new RA attempt
[0m[93m[NR_MAC] UE 0b04 RA failed at state WAIT_Msg3 (Reached msg3 max harq rounds)
[0m[93m[NR_MAC] UE 8409 RA failed at state WAIT_Msg3 (Reached msg3 max harq rounds)
[0m[93m[NR_MAC] UE c9f1 RA failed at state WAIT_Msg3 (Reached msg3 max harq rounds)
[0m[93m[NR_MAC] UE 34c2 RA failed at state WAIT_Msg3 (Reached msg3 max harq rounds)
[0m[HW]     [o-du 0][rx  623584 pps   10752 kbps   43008][tx 1848620 pps   31872 kbps  108900][Total Msgs_Rcvd 623584]
[0m[HW]     [FH LOAD][o-du 0] rx=43.008 Mbps tx=108.900 Mbps total=151.908 Mbps rx_pps=10752 tx_pps=31872 total_pps=42624
[0m[HW]     [o_du0][pusch0  534492 prach0   89088]
[0m[93m[NR_MAC] No UE found with C-RNTI ab26, ignoring Msg3 to have UE come back with new RA attempt
[0m[93m[NR_MAC] UE 6ef9 RA failed at state WAIT_Msg3 (Reached msg3 max harq rounds)
[0m[93m[NR_MAC] UE 9efa RA failed at state WAIT_Msg3 (Reached msg3 max harq rounds)
[0m[93m[NR_MAC] UE 69fa RA failed at state WAIT_Msg3 (Reached msg3 max harq rounds)
[0m[93m[NR_MAC] UE e414 RA failed at state WAIT_Msg3 (Reached msg3 max harq rounds)
[0m[93m[NR_MAC] UE c0f3 RA failed at state WAIT_Msg3 (Reached msg3 max harq rounds)
[0m[93m[NR_MAC] UE f8aa RA failed at state WAIT_Msg3 (Reached msg3 max harq rounds)
[0m[93m[NR_MAC] No UE found with C-RNTI d977, ignoring Msg3 to have UE come back with new RA attempt
[0m[93m[NR_MAC] UE 9e50 RA failed at state WAIT_Msg3 (Reached msg3 max harq rounds)
[0m[93m[NR_MAC] UE f74d RA failed at state WAIT_Msg3 (Reached msg3 max harq rounds)
[0m[93m[NR_MAC] UE cf59 RA failed at state WAIT_Msg3 (Reached msg3 max harq rounds)
[0m[93m[NR_MAC] No UE found with C-RNTI d059, ignoring Msg3 to have UE come back with new RA attempt
[0m[93m[NR_MAC] No UE found with C-RNTI 327a, ignoring Msg3 to have UE come back with new RA attempt
[0m[93m[NR_MAC] No UE found with C-RNTI 749a, ignoring Msg3 to have UE come back with new RA attempt
[0m[MAC]    [RAPROC] Received SDU for CCCH length 6 for UE 86d0
[0m[93m[NR_MAC] (383.6) RA Contention Resolution timer expired for UE 0x86d0, RA procedure failed...
[0m[93m[NGAP]   Failed to find ue context associated with gNB ue ngap id: 1
[0m[93m[RLC]    Remove UE 34512
[0m[1;31m[NGAP]   Failed to find ue context associated with gNB ue ngap id: 1
[0m[HW]     [o-du 0][rx  634336 pps   10752 kbps   43005][tx 1880492 pps   31872 kbps  108900][Total Msgs_Rcvd 634336]
[0m[HW]     [FH LOAD][o-du 0] rx=43.005 Mbps tx=108.900 Mbps total=151.905 Mbps rx_pps=10752 tx_pps=31872 total_pps=42624
[0m[HW]     [o_du0][pusch0  543708 prach0   90624]
[0m[93m[NR_MAC] No UE found with C-RNTI 3efa, ignoring Msg3 to have UE come back with new RA attempt
[0m[93m[NR_MAC] UE e297 RA failed at state WAIT_Msg3 (Reached msg3 max harq rounds)
[0m[93m[NR_MAC] UE 55b5 RA failed at state WAIT_Msg3 (Reached msg3 max harq rounds)
[0m[93m[NR_MAC] UE 90cc RA failed at state WAIT_Msg3 (Reached msg3 max harq rounds)
[0m[93m[NR_MAC] UE af2e RA failed at state WAIT_Msg3 (Reached msg3 max harq rounds)
[0m[93m[NR_MAC] No UE found with C-RNTI 3101, ignoring Msg3 to have UE come back with new RA attempt
[0m[93m[NR_MAC] No UE found with C-RNTI 4eee, ignoring Msg3 to have UE come back with new RA attempt
[0m[93m[NR_MAC] UE 0b11 RA failed at state WAIT_Msg3 (Reached msg3 max harq rounds)
[0m[93m[NR_MAC] UE 9997 RA failed at state WAIT_Msg3 (Reached msg3 max harq rounds)
[0m[93m[NR_MAC] No UE found with C-RNTI 2523, ignoring Msg3 to have UE come back with new RA attempt
[0m[93m[NR_MAC] No UE found with C-RNTI 77c6, ignoring Msg3 to have UE come back with new RA attempt
[0m[93m[NR_MAC] UE 8239 RA failed at state WAIT_Msg3 (Reached msg3 max harq rounds)
[0m[93m[NR_MAC] No UE found with C-RNTI 36b2, ignoring Msg3 to have UE come back with new RA attempt
[0m[HW]     [o-du 0][rx  645088 pps   10752 kbps   43008][tx 1912364 pps   31872 kbps  108900][Total Msgs_Rcvd 645088]
[0m[HW]     [FH LOAD][o-du 0] rx=43.008 Mbps tx=108.900 Mbps total=151.908 Mbps rx_pps=10752 tx_pps=31872 total_pps=42624
[0m[HW]     [o_du0][pusch0  552924 prach0   92160]
[0m[93m[NR_MAC] UE 79d2 RA failed at state WAIT_Msg3 (Reached msg3 max harq rounds)
[0m[93m[NR_MAC] UE 3a85 RA failed at state WAIT_Msg3 (Reached msg3 max harq rounds)
[0m[93m[NR_MAC] UE 59f3 RA failed at state WAIT_Msg3 (Reached msg3 max harq rounds)
[0m[93m[NR_MAC] No UE found with C-RNTI 01eb, ignoring Msg3 to have UE come back with new RA attempt
[0m[93m[NR_MAC] No UE found with C-RNTI 23ce, ignoring Msg3 to have UE come back with new RA attempt
[0m[93m[NR_MAC] No UE found with C-RNTI 2f3d, ignoring Msg3 to have UE come back with new RA attempt
[0m[93m[NR_MAC] UE 019e RA failed at state WAIT_Msg3 (Reached msg3 max harq rounds)
[0m[MAC]    [RAPROC] Received SDU for CCCH length 6 for UE d154
[0m[93m[NR_MAC] (583.9) RA Contention Resolution timer expired for UE 0xd154, RA procedure failed...
[0m[93m[NGAP]   Failed to find ue context associated with gNB ue ngap id: 1
[0m[93m[RLC]    Remove UE 53588
[0m[1;31m[NGAP]   Failed to find ue context associated with gNB ue ngap id: 1
[0m[93m[NR_MAC] UE a733 RA failed at state WAIT_Msg3 (Reached msg3 max harq rounds)
[0m[93m[NR_MAC] UE 0341 RA failed at state WAIT_Msg3 (Reached msg3 max harq rounds)
[0m[93m[NR_MAC] UE 9cce RA failed at state WAIT_Msg3 (Reached msg3 max harq rounds)
[0m[93m[NR_MAC] UE cfbf RA failed at state WAIT_Msg3 (Reached msg3 max harq rounds)
[0m[HW]     [o-du 0][rx  655840 pps   10752 kbps   43008][tx 1944236 pps   31872 kbps  108900][Total Msgs_Rcvd 655840]
[0m[HW]     [FH LOAD][o-du 0] rx=43.008 Mbps tx=108.900 Mbps total=151.908 Mbps rx_pps=10752 tx_pps=31872 total_pps=42624
[0m[HW]     [o_du0][pusch0  562140 prach0   93696]
[0m[93m[NR_MAC] UE 3b36 RA failed at state WAIT_Msg3 (Reached msg3 max harq rounds)
[0m[93m[NR_MAC] UE 1d42 RA failed at state WAIT_Msg3 (Reached msg3 max harq rounds)
[0m[93m[NR_MAC] UE 6153 RA failed at state WAIT_Msg3 (Reached msg3 max harq rounds)
[0m[93m[NR_MAC] UE a0ee RA failed at state WAIT_Msg3 (Reached msg3 max harq rounds)
[0m[93m[NR_MAC] UE 24f6 RA failed at state WAIT_Msg3 (Reached msg3 max harq rounds)
[0m[93m[NR_MAC] UE 03ff RA failed at state WAIT_Msg3 (Reached msg3 max harq rounds)
[0m[93m[NR_MAC] UE 25ca RA failed at state WAIT_Msg3 (Reached msg3 max harq rounds)
[0m[93m[NR_MAC] UE 842a RA failed at state WAIT_Msg3 (Reached msg3 max harq rounds)
[0m[93m[NR_MAC] UE 3397 RA failed at state WAIT_Msg3 (Reached msg3 max harq rounds)
[0m[93m[NR_MAC] UE 7170 RA failed at state WAIT_Msg3 (Reached msg3 max harq rounds)
[0m[93m[NR_MAC] UE 2449 RA failed at state WAIT_Msg3 (Reached msg3 max harq rounds)
[0m[93m[NR_MAC] UE 9ffe RA failed at state WAIT_Msg3 (Reached msg3 max harq rounds)
[0m[93m[NR_MAC] UE 9d1c RA failed at state WAIT_Msg3 (Reached msg3 max harq rounds)
[0m[93m[NR_MAC] UE ea37 RA failed at state WAIT_Msg3 (Reached msg3 max harq rounds)
[0m[93m[NR_MAC] UE a79e RA failed at state WAIT_Msg3 (Reached msg3 max harq rounds)
[0m[93m[NR_MAC] UE 85e3 RA failed at state WAIT_Msg3 (Reached msg3 max harq rounds)
[0m[HW]     [o-du 0][rx  666592 pps   10752 kbps   43008][tx 1976108 pps   31872 kbps  108900][Total Msgs_Rcvd 666592]
[0m[HW]     [FH LOAD][o-du 0] rx=43.008 Mbps tx=108.900 Mbps total=151.908 Mbps rx_pps=10752 tx_pps=31872 total_pps=42624
[0m[HW]     [o_du0][pusch0  571356 prach0   95232]
[0m[MAC]    [RAPROC] Received SDU for CCCH length 6 for UE 992b
[0m[93m[NR_MAC] (783.6) RA Contention Resolution timer expired for UE 0x992b, RA procedure failed...
[0m[93m[NGAP]   Failed to find ue context associated with gNB ue ngap id: 1
[0m[93m[RLC]    Remove UE 39211
[0m[1;31m[NGAP]   Failed to find ue context associated with gNB ue ngap id: 1
[0m[93m[NR_MAC] UE f687 RA failed at state WAIT_Msg3 (Reached msg3 max harq rounds)
[0m[93m[NR_MAC] UE 8071 RA failed at state WAIT_Msg3 (Reached msg3 max harq rounds)
[0m[93m[NR_MAC] UE a568 RA failed at state WAIT_Msg3 (Reached msg3 max harq rounds)
[0m[93m[NR_MAC] UE 7e8d RA failed at state WAIT_Msg3 (Reached msg3 max harq rounds)
[0m[93m[NR_MAC] UE 52d3 RA failed at state WAIT_Msg3 (Reached msg3 max harq rounds)
[0m[93m[NR_MAC] UE 4de5 RA failed at state WAIT_Msg3 (Reached msg3 max harq rounds)
[0m[93m[NR_MAC] UE 9e33 RA failed at state WAIT_Msg3 (Reached msg3 max harq rounds)
[0m[93m[NR_MAC] No UE found with C-RNTI 4e99, ignoring Msg3 to have UE come back with new RA attempt
[0m[93m[NR_MAC] UE 7e58 RA failed at state WAIT_Msg3 (Reached msg3 max harq rounds)
[0m[93m[NR_MAC] UE e19c RA failed at state WAIT_Msg3 (Reached msg3 max harq rounds)
[0m[93m[NR_MAC] UE 024d RA failed at state WAIT_Msg3 (Reached msg3 max harq rounds)
[0m[HW]     [o-du 0][rx  677344 pps   10752 kbps   43008][tx 2007980 pps   31872 kbps  108900][Total Msgs_Rcvd 677344]
[0m[HW]     [FH LOAD][o-du 0] rx=43.008 Mbps tx=108.900 Mbps total=151.908 Mbps rx_pps=10752 tx_pps=31872 total_pps=42624
[0m[HW]     [o_du0][pusch0  580572 prach0   96768]
[0m[93m[NR_MAC] UE 38ce RA failed at state WAIT_Msg3 (Reached msg3 max harq rounds)
[0m[93m[NR_MAC] No UE found with C-RNTI 8ad5, ignoring Msg3 to have UE come back with new RA attempt
[0m[93m[NR_MAC] UE 79f3 RA failed at state WAIT_Msg3 (Reached msg3 max harq rounds)
[0m[93m[NR_MAC] UE 6eba RA failed at state WAIT_Msg3 (Reached msg3 max harq rounds)
[0m[93m[NR_MAC] UE 038a RA failed at state WAIT_Msg3 (Reached msg3 max harq rounds)
[0m[93m[NR_MAC] UE c3dc RA failed at state WAIT_Msg3 (Reached msg3 max harq rounds)
[0m[93m[NR_MAC] UE 1996 RA failed at state WAIT_Msg3 (Reached msg3 max harq rounds)
[0m[93m[NR_MAC] No UE found with C-RNTI 7469, ignoring Msg3 to have UE come back with new RA attempt
[0m[93m[NR_MAC] UE e63f RA failed at state WAIT_Msg3 (Reached msg3 max harq rounds)
[0m[MAC]    [RAPROC] Received SDU for CCCH length 6 for UE 78cb
[0m[93m[NR_MAC] (983.6) RA Contention Resolution timer expired for UE 0x78cb, RA procedure failed...
[0m[93m[NGAP]   Failed to find ue context associated with gNB ue ngap id: 1
[0m[93m[RLC]    Remove UE 30923
[0m[1;31m[NGAP]   Failed to find ue context associated with gNB ue ngap id: 1
[0m[93m[NR_MAC] No UE found with C-RNTI be90, ignoring Msg3 to have UE come back with new RA attempt
[0m[93m[NR_MAC] UE 87f0 RA failed at state WAIT_Msg3 (Reached msg3 max harq rounds)
[0m[HW]     [o-du 0][rx  688096 pps   10752 kbps   43008][tx 2039852 pps   31872 kbps  108900][Total Msgs_Rcvd 688096]
[0m[HW]     [FH LOAD][o-du 0] rx=43.008 Mbps tx=108.900 Mbps total=151.908 Mbps rx_pps=10752 tx_pps=31872 total_pps=42624
[0m[HW]     [o_du0][pusch0  589788 prach0   98304]
[0m[PHY]    prach_I0 = 2.4 dB
[0m[93m[NR_MAC] No UE found with C-RNTI 13f5, ignoring Msg3 to have UE come back with new RA attempt
[0m[93m[NR_MAC] UE 5836 RA failed at state WAIT_Msg3 (Reached msg3 max harq rounds)
[0m[93m[NR_MAC] UE 2126 RA failed at state WAIT_Msg3 (Reached msg3 max harq rounds)
[0m[93m[NR_MAC] No UE found with C-RNTI cdfb, ignoring Msg3 to have UE come back with new RA attempt
[0m[93m[NR_MAC] UE 18a4 RA failed at state WAIT_Msg3 (Reached msg3 max harq rounds)
[0m[93m[NR_MAC] UE 97ad RA failed at state WAIT_Msg3 (Reached msg3 max harq rounds)
[0m[93m[NR_MAC] UE 78e7 RA failed at state WAIT_Msg3 (Reached msg3 max harq rounds)
[0m[93m[NR_MAC] UE b9e1 RA failed at state WAIT_Msg3 (Reached msg3 max harq rounds)
[0m[93m[NR_MAC] UE 3b1d RA failed at state WAIT_Msg3 (Reached msg3 max harq rounds)
[0m[93m[NR_MAC] No UE found with C-RNTI 2e78, ignoring Msg3 to have UE come back with new RA attempt
[0m[93m[NR_MAC] UE 06be RA failed at state WAIT_Msg3 (Reached msg3 max harq rounds)
[0m[93m[NR_MAC] No UE found with C-RNTI 3465, ignoring Msg3 to have UE come back with new RA attempt
[0m[93m[NR_MAC] UE 46e1 RA failed at state WAIT_Msg3 (Reached msg3 max harq rounds)
[0m[93m[NR_MAC] No UE found with C-RNTI cb56, ignoring Msg3 to have UE come back with new RA attempt
[0m[93m[NR_MAC] No UE found with C-RNTI 42e0, ignoring Msg3 to have UE come back with new RA attempt
[0m[93m[NR_MAC] No UE found with C-RNTI 42fc, ignoring Msg3 to have UE come back with new RA attempt
[0m[HW]     [o-du 0][rx  698849 pps   10753 kbps   43013][tx 2071724 pps   31872 kbps  108900][Total Msgs_Rcvd 698849]
[0m[HW]     [FH LOAD][o-du 0] rx=43.013 Mbps tx=108.900 Mbps total=151.913 Mbps rx_pps=10753 tx_pps=31872 total_pps=42625
[0m[HW]     [o_du0][pusch0  599004 prach0   99840]
[0m[93m[NR_MAC] UE 47da RA failed at state WAIT_Msg3 (Reached msg3 max harq rounds)
[0m[93m[NR_MAC] UE f670 RA failed at state WAIT_Msg3 (Reached msg3 max harq rounds)
[0m[93m[NR_MAC] UE 5f2f RA failed at state WAIT_Msg3 (Reached msg3 max harq rounds)
[0m[MAC]    [RAPROC] Received SDU for CCCH length 6 for UE 6bc5
[0m[93m[NR_MAC] (170.9) RA Contention Resolution timer expired for UE 0x6bc5, RA procedure failed...
[0m[93m[NGAP]   Failed to find ue context associated with gNB ue ngap id: 1
[0m[93m[RLC]    Remove UE 27589
[0m[1;31m[NGAP]   Failed to find ue context associated with gNB ue ngap id: 1
[0m[93m[NR_MAC] No UE found with C-RNTI 24c2, ignoring Msg3 to have UE come back with new RA attempt
[0m[93m[NR_MAC] UE 9e9a RA failed at state WAIT_Msg3 (Reached msg3 max harq rounds)
[0m[93m[NR_MAC] No UE found with C-RNTI 928f, ignoring Msg3 to have UE come back with new RA attempt
[0m[93m[NR_MAC] No UE found with C-RNTI d5fe, ignoring Msg3 to have UE come back with new RA attempt
[0m[93m[NR_MAC] No UE found with C-RNTI 391f, ignoring Msg3 to have UE come back with new RA attempt
[0m[93m[NR_MAC] No UE found with C-RNTI 5a15, ignoring Msg3 to have UE come back with new RA attempt
[0m[93m[NR_MAC] UE a8ee RA failed at state WAIT_Msg3 (Reached msg3 max harq rounds)
[0m[HW]     [o-du 0][rx  709601 pps   10752 kbps   43008][tx 2103596 pps   31872 kbps  108900][Total Msgs_Rcvd 709601]
[0m[HW]     [FH LOAD][o-du 0] rx=43.008 Mbps tx=108.900 Mbps total=151.908 Mbps rx_pps=10752 tx_pps=31872 total_pps=42624
[0m[HW]     [o_du0][pusch0  608220 prach0  101376]
[0m[93m[NR_MAC] UE 62d3 RA failed at state WAIT_Msg3 (Reached msg3 max harq rounds)
[0m[93m[NR_MAC] UE 615d RA failed at state WAIT_Msg3 (Reached msg3 max harq rounds)
[0m[93m[NR_MAC] UE c507 RA failed at state WAIT_Msg3 (Reached msg3 max harq rounds)
[0m[93m[NR_MAC] No UE found with C-RNTI 5166, ignoring Msg3 to have UE come back with new RA attempt
[0m[93m[NR_MAC] No UE found with C-RNTI f383, ignoring Msg3 to have UE come back with new RA attempt
[0m[93m[NR_MAC] UE af4b RA failed at state WAIT_Msg3 (Reached msg3 max harq rounds)
[0m[93m[NR_MAC] No UE found with C-RNTI 53b7, ignoring Msg3 to have UE come back with new RA attempt
[0m[93m[NR_MAC] UE 73a4 RA failed at state WAIT_Msg3 (Reached msg3 max harq rounds)
[0m[93m[NR_MAC] No UE found with C-RNTI 5088, ignoring Msg3 to have UE come back with new RA attempt
[0m[93m[NR_MAC] No UE found with C-RNTI 2a02, ignoring Msg3 to have UE come back with new RA attempt
[0m[93m[NR_MAC] No UE found with C-RNTI 67e8, ignoring Msg3 to have UE come back with new RA attempt
[0m[93m[NR_MAC] UE 6cdd RA failed at state WAIT_Msg3 (Reached msg3 max harq rounds)
[0m[93m[NR_MAC] UE 78c1 RA failed at state WAIT_Msg3 (Reached msg3 max harq rounds)
[0m[93m[NR_MAC] UE a962 RA failed at state WAIT_Msg3 (Reached msg3 max harq rounds)
[0m[MAC]    [RAPROC] Received SDU for CCCH length 6 for UE edbd
[0m[93m[NR_MAC] (382.6) RA Contention Resolution timer expired for UE 0xedbd, RA procedure failed...
[0m[93m[NGAP]   Failed to find ue context associated with gNB ue ngap id: 1
[0m[93m[RLC]    Remove UE 60861
[0m[1;31m[NGAP]   Failed to find ue context associated with gNB ue ngap id: 1
[0m[HW]     [o-du 0][rx  720353 pps   10752 kbps   43005][tx 2135468 pps   31872 kbps  108900][Total Msgs_Rcvd 720353]
[0m[HW]     [FH LOAD][o-du 0] rx=43.005 Mbps tx=108.900 Mbps total=151.905 Mbps rx_pps=10752 tx_pps=31872 total_pps=42624
[0m[HW]     [o_du0][pusch0  617436 prach0  102912]
[0m[93m[NR_MAC] No UE found with C-RNTI 04c8, ignoring Msg3 to have UE come back with new RA attempt
[0m[93m[NR_MAC] No UE found with C-RNTI 8663, ignoring Msg3 to have UE come back with new RA attempt
[0m[93m[NR_MAC] No UE found with C-RNTI f193, ignoring Msg3 to have UE come back with new RA attempt
[0m[93m[NR_MAC] UE 304b RA failed at state WAIT_Msg3 (Reached msg3 max harq rounds)
[0m[93m[NR_MAC] UE 3fa7 RA failed at state WAIT_Msg3 (Reached msg3 max harq rounds)
[0m[93m[NR_MAC] No UE found with C-RNTI c18d, ignoring Msg3 to have UE come back with new RA attempt
[0m[93m[NR_MAC] No UE found with C-RNTI c117, ignoring Msg3 to have UE come back with new RA attempt
[0m[93m[NR_MAC] No UE found with C-RNTI 7f0d, ignoring Msg3 to have UE come back with new RA attempt
[0m[93m[NR_MAC] No UE found with C-RNTI d099, ignoring Msg3 to have UE come back with new RA attempt
[0m[93m[NR_MAC] No UE found with C-RNTI 2f35, ignoring Msg3 to have UE come back with new RA attempt
[0m[93m[NR_MAC] UE 5256 RA failed at state WAIT_Msg3 (Reached msg3 max harq rounds)
[0m[93m[NR_MAC] No UE found with C-RNTI 03d9, ignoring Msg3 to have UE come back with new RA attempt
[0m[93m[NR_MAC] No UE found with C-RNTI b2bc, ignoring Msg3 to have UE come back with new RA attempt
[0m[HW]     [o-du 0][rx  731105 pps   10752 kbps   43010][tx 2167340 pps   31872 kbps  108900][Total Msgs_Rcvd 731105]
[0m[HW]     [FH LOAD][o-du 0] rx=43.010 Mbps tx=108.900 Mbps total=151.910 Mbps rx_pps=10752 tx_pps=31872 total_pps=42624
[0m[HW]     [o_du0][pusch0  626652 prach0  104448]
[0m[93m[NR_MAC] No UE found with C-RNTI 7843, ignoring Msg3 to have UE come back with new RA attempt
[0m[93m[NR_MAC] UE 0819 RA failed at state WAIT_Msg3 (Reached msg3 max harq rounds)
[0m[93m[NR_MAC] No UE found with C-RNTI dd95, ignoring Msg3 to have UE come back with new RA attempt
[0m[93m[NR_MAC] No UE found with C-RNTI 5b08, ignoring Msg3 to have UE come back with new RA attempt
[0m[93m[NR_MAC] No UE found with C-RNTI 6eb7, ignoring Msg3 to have UE come back with new RA attempt
[0m[93m[NR_MAC] No UE found with C-RNTI 5eb2, ignoring Msg3 to have UE come back with new RA attempt
[0m[93m[NR_MAC] No UE found with C-RNTI 1fa0, ignoring Msg3 to have UE come back with new RA attempt
[0m[MAC]    [RAPROC] Received SDU for CCCH length 6 for UE 0b78
[0m[93m[NR_MAC] (584.6) RA Contention Resolution timer expired for UE 0x0b78, RA procedure failed...
[0m[93m[NGAP]   Failed to find ue context associated with gNB ue ngap id: 1
[0m[93m[RLC]    Remove UE 2936
[0m[1;31m[NGAP]   Failed to find ue context associated with gNB ue ngap id: 1
[0m[93m[NR_MAC] No UE found with C-RNTI 932f, ignoring Msg3 to have UE come back with new RA attempt
[0m[93m[NR_MAC] No UE found with C-RNTI be92, ignoring Msg3 to have UE come back with new RA attempt
[0m[93m[NR_MAC] No UE found with C-RNTI bf94, ignoring Msg3 to have UE come back with new RA attempt
[0m[93m[NR_MAC] No UE found with C-RNTI f401, ignoring Msg3 to have UE come back with new RA attempt
[0m[HW]     [o-du 0][rx  741857 pps   10752 kbps   43008][tx 2199212 pps   31872 kbps  108900][Total Msgs_Rcvd 741857]
[0m[HW]     [FH LOAD][o-du 0] rx=43.008 Mbps tx=108.900 Mbps total=151.908 Mbps rx_pps=10752 tx_pps=31872 total_pps=42624
[0m[HW]     [o_du0][pusch0  635868 prach0  105984]
[0m[93m[NR_MAC] No UE found with C-RNTI 2972, ignoring Msg3 to have UE come back with new RA attempt
[0m[93m[NR_MAC] No UE found with C-RNTI 3e19, ignoring Msg3 to have UE come back with new RA attempt
[0m[93m[NR_MAC] UE 09a9 RA failed at state WAIT_Msg3 (Reached msg3 max harq rounds)
[0m[93m[NR_MAC] UE c83c RA failed at state WAIT_Msg3 (Reached msg3 max harq rounds)
[0m[93m[NR_MAC] UE 6b04 RA failed at state WAIT_Msg3 (Reached msg3 max harq rounds)
[0m[93m[NR_MAC] No UE found with C-RNTI 5149, ignoring Msg3 to have UE come back with new RA attempt
[0m[93m[NR_MAC] No UE found with C-RNTI 7d28, ignoring Msg3 to have UE come back with new RA attempt
[0m[93m[NR_MAC] No UE found with C-RNTI b0ea, ignoring Msg3 to have UE come back with new RA attempt
[0m[93m[NR_MAC] No UE found with C-RNTI 6c3d, ignoring Msg3 to have UE come back with new RA attempt
[0m[93m[NR_MAC] No UE found with C-RNTI 7eea, ignoring Msg3 to have UE come back with new RA attempt
[0m[93m[NR_MAC] No UE found with C-RNTI ea1d, ignoring Msg3 to have UE come back with new RA attempt
[0m[93m[NR_MAC] No UE found with C-RNTI 5400, ignoring Msg3 to have UE come back with new RA attempt
[0m[93m[NR_MAC] No UE found with C-RNTI 80fd, ignoring Msg3 to have UE come back with new RA attempt
[0m[93m[NR_MAC] UE c741 RA failed at state WAIT_Msg3 (Reached msg3 max harq rounds)
[0m[93m[NR_MAC] UE afce RA failed at state WAIT_Msg3 (Reached msg3 max harq rounds)
[0m[93m[NR_MAC] UE 8c59 RA failed at state WAIT_Msg3 (Reached msg3 max harq rounds)
[0m[HW]     [o-du 0][rx  752609 pps   10752 kbps   43013][tx 2231084 pps   31872 kbps  108900][Total Msgs_Rcvd 752609]
[0m[HW]     [FH LOAD][o-du 0] rx=43.013 Mbps tx=108.900 Mbps total=151.913 Mbps rx_pps=10752 tx_pps=31872 total_pps=42624
[0m[HW]     [o_du0][pusch0  645084 prach0  107520]
[0m[MAC]    [RAPROC] Received SDU for CCCH length 6 for UE 000b
[0m[93m[NR_MAC] (785.6) RA Contention Resolution timer expired for UE 0x000b, RA procedure failed...
[0m[93m[NGAP]   Failed to find ue context associated with gNB ue ngap id: 1
[0m[93m[RLC]    Remove UE 11
[0m[1;31m[NGAP]   Failed to find ue context associated with gNB ue ngap id: 1
[0m[93m[NR_MAC] UE 08d1 RA failed at state WAIT_Msg3 (Reached msg3 max harq rounds)
[0m[93m[NR_MAC] UE ea0d RA failed at state WAIT_Msg3 (Reached msg3 max harq rounds)
[0m[93m[NR_MAC] UE 3304 RA failed at state WAIT_Msg3 (Reached msg3 max harq rounds)
[0m[93m[NR_MAC] UE 90fb RA failed at state WAIT_Msg3 (Reached msg3 max harq rounds)
[0m[93m[NR_MAC] UE b4fb RA failed at state WAIT_Msg3 (Reached msg3 max harq rounds)
[0m[93m[NR_MAC] No UE found with C-RNTI 52aa, ignoring Msg3 to have UE come back with new RA attempt
[0m[93m[NR_MAC] No UE found with C-RNTI ed80, ignoring Msg3 to have UE come back with new RA attempt
[0m[93m[NR_MAC] No UE found with C-RNTI 4f74, ignoring Msg3 to have UE come back with new RA attempt
[0m[93m[NR_MAC] UE a85d RA failed at state WAIT_Msg3 (Reached msg3 max harq rounds)
[0m[93m[NR_MAC] No UE found with C-RNTI af03, ignoring Msg3 to have UE come back with new RA attempt
[0m[93m[NR_MAC] No UE found with C-RNTI 378a, ignoring Msg3 to have UE come back with new RA attempt
[0m[HW]     [o-du 0][rx  763361 pps   10752 kbps   43002][tx 2262956 pps   31872 kbps  108900][Total Msgs_Rcvd 763361]
[0m[HW]     [FH LOAD][o-du 0] rx=43.002 Mbps tx=108.900 Mbps total=151.902 Mbps rx_pps=10752 tx_pps=31872 total_pps=42624
[0m[HW]     [o_du0][pusch0  654300 prach0  109056]
[0m[93m[NR_MAC] No UE found with C-RNTI b3a3, ignoring Msg3 to have UE come back with new RA attempt
[0m[93m[NR_MAC] No UE found with C-RNTI b75d, ignoring Msg3 to have UE come back with new RA attempt
[0m[93m[NR_MAC] UE c351 RA failed at state WAIT_Msg3 (Reached msg3 max harq rounds)
[0m[93m[NR_MAC] UE 155c RA failed at state WAIT_Msg3 (Reached msg3 max harq rounds)
[0m[93m[NR_MAC] UE 4a77 RA failed at state WAIT_Msg3 (Reached msg3 max harq rounds)
[0m[93m[NR_MAC] No UE found with C-RNTI 908e, ignoring Msg3 to have UE come back with new RA attempt
[0m[93m[NR_MAC] No UE found with C-RNTI f46e, ignoring Msg3 to have UE come back with new RA attempt
[0m[93m[NR_MAC] No UE found with C-RNTI 2b0f, ignoring Msg3 to have UE come back with new RA attempt
[0m[93m[NR_MAC] UE 4ac5 RA failed at state WAIT_Msg3 (Reached msg3 max harq rounds)
[0m[MAC]    [RAPROC] Received SDU for CCCH length 6 for UE fb0c
[0m[93m[NR_MAC] (985.6) RA Contention Resolution timer expired for UE 0xfb0c, RA procedure failed...
[0m[93m[NGAP]   Failed to find ue context associated with gNB ue ngap id: 1
[0m[93m[RLC]    Remove UE 64268
[0m[1;31m[NGAP]   Failed to find ue context associated with gNB ue ngap id: 1
[0m[93m[NR_MAC] UE 50b0 RA failed at state WAIT_Msg3 (Reached msg3 max harq rounds)
[0m[93m[NR_MAC] UE fa71 RA failed at state WAIT_Msg3 (Reached msg3 max harq rounds)
[0m[HW]     [o-du 0][rx  774113 pps   10752 kbps   43008][tx 2294828 pps   31872 kbps  108900][Total Msgs_Rcvd 774113]
[0m[HW]     [FH LOAD][o-du 0] rx=43.008 Mbps tx=108.900 Mbps total=151.908 Mbps rx_pps=10752 tx_pps=31872 total_pps=42624
[0m[HW]     [o_du0][pusch0  663516 prach0  110592]
[0m[PHY]    prach_I0 = 3.2 dB
[0m[93m[NR_MAC] UE 83f2 RA failed at state WAIT_Msg3 (Reached msg3 max harq rounds)
[0m[93m[NR_MAC] No UE found with C-RNTI 1b0c, ignoring Msg3 to have UE come back with new RA attempt
[0m[93m[NR_MAC] No UE found with C-RNTI 3f58, ignoring Msg3 to have UE come back with new RA attempt
[0m[93m[NR_MAC] No UE found with C-RNTI 3f14, ignoring Msg3 to have UE come back with new RA attempt
[0m[93m[NR_MAC] No UE found with C-RNTI 08de, ignoring Msg3 to have UE come back with new RA attempt
[0m[93m[NR_MAC] UE d1cb RA failed at state WAIT_Msg3 (Reached msg3 max harq rounds)
[0m[93m[NR_MAC] No UE found with C-RNTI 8f48, ignoring Msg3 to have UE come back with new RA attempt
[0m[93m[NR_MAC] UE 48a3 RA failed at state WAIT_Msg3 (Reached msg3 max harq rounds)
[0m[93m[NR_MAC] UE ab15 RA failed at state WAIT_Msg3 (Reached msg3 max harq rounds)
[0m[93m[NR_MAC] UE eeef RA failed at state WAIT_Msg3 (Reached msg3 max harq rounds)
[0m[93m[NR_MAC] UE 8ea1 RA failed at state WAIT_Msg3 (Reached msg3 max harq rounds)
[0m[93m[NR_MAC] UE 465f RA failed at state WAIT_Msg3 (Reached msg3 max harq rounds)
[0m[93m[NR_MAC] UE 5c76 RA failed at state WAIT_Msg3 (Reached msg3 max harq rounds)
[0m[93m[NR_MAC] No UE found with C-RNTI ec0e, ignoring Msg3 to have UE come back with new RA attempt
[0m[93m[NR_MAC] UE 2aeb RA failed at state WAIT_Msg3 (Reached msg3 max harq rounds)
[0m[93m[NR_MAC] UE 54c3 RA failed at state WAIT_Msg3 (Reached msg3 max harq rounds)
[0m[HW]     [o-du 0][rx  784865 pps   10752 kbps   42999][tx 2326700 pps   31872 kbps  108900][Total Msgs_Rcvd 784865]
[0m[HW]     [FH LOAD][o-du 0] rx=42.999 Mbps tx=108.900 Mbps total=151.899 Mbps rx_pps=10752 tx_pps=31872 total_pps=42624
[0m[HW]     [o_du0][pusch0  672732 prach0  112128]
[0m[93m[NR_MAC] UE 5b1f RA failed at state WAIT_Msg3 (Reached msg3 max harq rounds)
[0m[93m[NR_MAC] UE dd21 RA failed at state WAIT_Msg3 (Reached msg3 max harq rounds)
[0m[MAC]    [RAPROC] Received SDU for CCCH length 6 for UE 4692
[0m[93m[NR_MAC] (161.6) RA Contention Resolution timer expired for UE 0x4692, RA procedure failed...
[0m[93m[NGAP]   Failed to find ue context associated with gNB ue ngap id: 1
[0m[93m[RLC]    Remove UE 18066
[0m[1;31m[NGAP]   Failed to find ue context associated with gNB ue ngap id: 1
[0m[93m[NR_MAC] UE f6c6 RA failed at state WAIT_Msg3 (Reached msg3 max harq rounds)
[0m[93m[NR_MAC] UE 4a6e RA failed at state WAIT_Msg3 (Reached msg3 max harq rounds)
[0m[93m[NR_MAC] UE 2ef5 RA failed at state WAIT_Msg3 (Reached msg3 max harq rounds)
[0m[93m[NR_MAC] UE 7a39 RA failed at state WAIT_Msg3 (Reached msg3 max harq rounds)
[0m[93m[NR_MAC] UE db90 RA failed at state WAIT_Msg3 (Reached msg3 max harq rounds)
[0m[93m[NR_MAC] UE e87c RA failed at state WAIT_Msg3 (Reached msg3 max harq rounds)
[0m[93m[NR_MAC] UE 950c RA failed at state WAIT_Msg3 (Reached msg3 max harq rounds)
[0m[93m[NR_MAC] UE a5e8 RA failed at state WAIT_Msg3 (Reached msg3 max harq rounds)
[0m[93m[NR_MAC] UE e00d RA failed at state WAIT_Msg3 (Reached msg3 max harq rounds)
[0m[HW]     [o-du 0][rx  795617 pps   10752 kbps   43013][tx 2358572 pps   31872 kbps  108900][Total Msgs_Rcvd 795617]
[0m[HW]     [FH LOAD][o-du 0] rx=43.013 Mbps tx=108.900 Mbps total=151.913 Mbps rx_pps=10752 tx_pps=31872 total_pps=42624
[0m[HW]     [o_du0][pusch0  681948 prach0  113664]
[0m[93m[NR_MAC] UE 1cb3 RA failed at state WAIT_Msg3 (Reached msg3 max harq rounds)
[0m[93m[NR_MAC] UE a1c8 RA failed at state WAIT_Msg3 (Reached msg3 max harq rounds)
[0m[93m[NR_MAC] No UE found with C-RNTI d942, ignoring Msg3 to have UE come back with new RA attempt
[0m[93m[NR_MAC] No UE found with C-RNTI 8a0e, ignoring Msg3 to have UE come back with new RA attempt
[0m[93m[NR_MAC] UE c5bc RA failed at state WAIT_Msg3 (Reached msg3 max harq rounds)
[0m[93m[NR_MAC] UE 6e8d RA failed at state WAIT_Msg3 (Reached msg3 max harq rounds)
[0m[93m[NR_MAC] UE f887 RA failed at state WAIT_Msg3 (Reached msg3 max harq rounds)
[0m[93m[NR_MAC] UE 110a RA failed at state WAIT_Msg3 (Reached msg3 max harq rounds)
[0m[93m[NR_MAC] UE 06e1 RA failed at state WAIT_Msg3 (Reached msg3 max harq rounds)
[0m[93m[NR_MAC] UE 31a9 RA failed at state WAIT_Msg3 (Reached msg3 max harq rounds)
[0m[93m[NR_MAC] UE 73fd RA failed at state WAIT_Msg3 (Reached msg3 max harq rounds)
[0m[MAC]    [RAPROC] Received SDU for CCCH length 6 for UE 4d8c
[0m[93m[NR_MAC] (361.6) RA Contention Resolution timer expired for UE 0x4d8c, RA procedure failed...
[0m[93m[NGAP]   Failed to find ue context associated with gNB ue ngap id: 1
[0m[93m[RLC]    Remove UE 19852
[0m[1;31m[NGAP]   Failed to find ue context associated with gNB ue ngap id: 1
[0m[HW]     [o-du 0][rx  806369 pps   10752 kbps   43010][tx 2390444 pps   31872 kbps  108900][Total Msgs_Rcvd 806369]
[0m[HW]     [FH LOAD][o-du 0] rx=43.010 Mbps tx=108.900 Mbps total=151.910 Mbps rx_pps=10752 tx_pps=31872 total_pps=42624
[0m[HW]     [o_du0][pusch0  691164 prach0  115200]
[0m[93m[NR_MAC] UE 51b5 RA failed at state WAIT_Msg3 (Reached msg3 max harq rounds)
[0m[93m[NR_MAC] UE f4a0 RA failed at state WAIT_Msg3 (Reached msg3 max harq rounds)
[0m[93m[NR_MAC] UE 847c RA failed at state WAIT_Msg3 (Reached msg3 max harq rounds)
[0m[93m[NR_MAC] UE d397 RA failed at state WAIT_Msg3 (Reached msg3 max harq rounds)
[0m[93m[NR_MAC] UE 65dd RA failed at state WAIT_Msg3 (Reached msg3 max harq rounds)
[0m[93m[NR_MAC] No UE found with C-RNTI 7878, ignoring Msg3 to have UE come back with new RA attempt
[0m[93m[NR_MAC] No UE found with C-RNTI 35e5, ignoring Msg3 to have UE come back with new RA attempt
[0m[93m[NR_MAC] UE 92ff RA failed at state WAIT_Msg3 (Reached msg3 max harq rounds)
[0m[93m[NR_MAC] UE 989b RA failed at state WAIT_Msg3 (Reached msg3 max harq rounds)
[0m[93m[NR_MAC] UE 6500 RA failed at state WAIT_Msg3 (Reached msg3 max harq rounds)
[0m[93m[NR_MAC] No UE found with C-RNTI 40c3, ignoring Msg3 to have UE come back with new RA attempt
[0m[93m[NR_MAC] No UE found with C-RNTI 6c03, ignoring Msg3 to have UE come back with new RA attempt
[0m[93m[NR_MAC] No UE found with C-RNTI 5f5e, ignoring Msg3 to have UE come back with new RA attempt
[0m[93m[NR_MAC] UE cd6f RA failed at state WAIT_Msg3 (Reached msg3 max harq rounds)
[0m[93m[NR_MAC] UE 7b9a RA failed at state WAIT_Msg3 (Reached msg3 max harq rounds)
[0m[93m[NR_MAC] No UE found with C-RNTI c22f, ignoring Msg3 to have UE come back with new RA attempt
[0m[HW]     [o-du 0][rx  817122 pps   10753 kbps   43008][tx 2422316 pps   31872 kbps  108900][Total Msgs_Rcvd 817122]
[0m[HW]     [FH LOAD][o-du 0] rx=43.008 Mbps tx=108.900 Mbps total=151.908 Mbps rx_pps=10753 tx_pps=31872 total_pps=42625
[0m[HW]     [o_du0][pusch0  700380 prach0  116736]
[0m[93m[NR_MAC] UE 2157 RA failed at state WAIT_Msg3 (Reached msg3 max harq rounds)
[0m[93m[NR_MAC] UE 4697 RA failed at state WAIT_Msg3 (Reached msg3 max harq rounds)
[0m[93m[NR_MAC] UE 0d73 RA failed at state WAIT_Msg3 (Reached msg3 max harq rounds)
[0m[93m[NR_MAC] UE 9712 RA failed at state WAIT_Msg3 (Reached msg3 max harq rounds)
[0m[MAC]    [RAPROC] Received SDU for CCCH length 6 for UE 940d
[0m[93m[NR_MAC] (561.6) RA Contention Resolution timer expired for UE 0x940d, RA procedure failed...
[0m[93m[NGAP]   Failed to find ue context associated with gNB ue ngap id: 1
[0m[93m[RLC]    Remove UE 37901
[0m[1;31m[NGAP]   Failed to find ue context associated with gNB ue ngap id: 1
[0m[93m[NR_MAC] UE be70 RA failed at state WAIT_Msg3 (Reached msg3 max harq rounds)
[0m[93m[NR_MAC] No UE found with C-RNTI 13ab, ignoring Msg3 to have UE come back with new RA attempt
[0m[93m[NR_MAC] No UE found with C-RNTI 2c9a, ignoring Msg3 to have UE come back with new RA attempt
[0m[93m[NR_MAC] UE b2d0 RA failed at state WAIT_Msg3 (Reached msg3 max harq rounds)
[0m[93m[NR_MAC] No UE found with C-RNTI 0b23, ignoring Msg3 to have UE come back with new RA attempt
[0m[93m[NR_MAC] UE 41c7 RA failed at state WAIT_Msg3 (Reached msg3 max harq rounds)
[0m[93m[NR_MAC] UE 1c19 RA failed at state WAIT_Msg3 (Reached msg3 max harq rounds)
[0m[HW]     [o-du 0][rx  827875 pps   10753 kbps   43013][tx 2454188 pps   31872 kbps  108900][Total Msgs_Rcvd 827875]
[0m[HW]     [FH LOAD][o-du 0] rx=43.013 Mbps tx=108.900 Mbps total=151.913 Mbps rx_pps=10753 tx_pps=31872 total_pps=42625
[0m[HW]     [o_du0][pusch0  709596 prach0  118272]
[0m[93m[NR_MAC] UE 9e87 RA failed at state WAIT_Msg3 (Reached msg3 max harq rounds)
[0m[93m[NR_MAC] UE e4ed RA failed at state WAIT_Msg3 (Reached msg3 max harq rounds)
[0m[93m[NR_MAC] No UE found with C-RNTI f999, ignoring Msg3 to have UE come back with new RA attempt
[0m[93m[NR_MAC] No UE found with C-RNTI 48c0, ignoring Msg3 to have UE come back with new RA attempt
[0m[93m[NR_MAC] No UE found with C-RNTI fb0d, ignoring Msg3 to have UE come back with new RA attempt
[0m[93m[NR_MAC] No UE found with C-RNTI 0258, ignoring Msg3 to have UE come back with new RA attempt
[0m[93m[NR_MAC] UE f092 RA failed at state WAIT_Msg3 (Reached msg3 max harq rounds)
[0m[93m[NR_MAC] No UE found with C-RNTI 6534, ignoring Msg3 to have UE come back with new RA attempt
[0m[93m[NR_MAC] UE 42ca RA failed at state WAIT_Msg3 (Reached msg3 max harq rounds)
[0m[93m[NR_MAC] No UE found with C-RNTI 0d51, ignoring Msg3 to have UE come back with new RA attempt
[0m[93m[NR_MAC] UE 882d RA failed at state WAIT_Msg3 (Reached msg3 max harq rounds)
[0m[93m[NR_MAC] UE e614 RA failed at state WAIT_Msg3 (Reached msg3 max harq rounds)
[0m[93m[NR_MAC] UE 5b10 RA failed at state WAIT_Msg3 (Reached msg3 max harq rounds)
[0m[MAC]    [RAPROC] Received SDU for CCCH length 6 for UE cfe3
[0m[93m[NR_MAC] (761.6) RA Contention Resolution timer expired for UE 0xcfe3, RA procedure failed...
[0m[93m[NGAP]   Failed to find ue context associated with gNB ue ngap id: 1
[0m[93m[RLC]    Remove UE 53219
[0m[1;31m[NGAP]   Failed to find ue context associated with gNB ue ngap id: 1
[0m[HW]     [o-du 0][rx  838627 pps   10752 kbps   43005][tx 2486060 pps   31872 kbps  108900][Total Msgs_Rcvd 838627]
[0m[HW]     [FH LOAD][o-du 0] rx=43.005 Mbps tx=108.900 Mbps total=151.905 Mbps rx_pps=10752 tx_pps=31872 total_pps=42624
[0m[HW]     [o_du0][pusch0  718812 prach0  119808]
[0m[93m[NR_MAC] No UE found with C-RNTI 56e8, ignoring Msg3 to have UE come back with new RA attempt
[0m[93m[NR_MAC] No UE found with C-RNTI 5fed, ignoring Msg3 to have UE come back with new RA attempt
[0m[93m[NR_MAC] No UE found with C-RNTI ad59, ignoring Msg3 to have UE come back with new RA attempt
[0m[93m[NR_MAC] No UE found with C-RNTI 6797, ignoring Msg3 to have UE come back with new RA attempt
[0m[93m[NR_MAC] UE c8d0 RA failed at state WAIT_Msg3 (Reached msg3 max harq rounds)
[0m[93m[NR_MAC] UE 10ee RA failed at state WAIT_Msg3 (Reached msg3 max harq rounds)
[0m[93m[NR_MAC] UE e3e6 RA failed at state WAIT_Msg3 (Reached msg3 max harq rounds)
[0m[93m[NR_MAC] No UE found with C-RNTI b604, ignoring Msg3 to have UE come back with new RA attempt
[0m[93m[NR_MAC] No UE found with C-RNTI 0901, ignoring Msg3 to have UE come back with new RA attempt
[0m[93m[NR_MAC] No UE found with C-RNTI 30ea, ignoring Msg3 to have UE come back with new RA attempt
[0m[93m[NR_MAC] UE 8dba RA failed at state WAIT_Msg3 (Reached msg3 max harq rounds)
[0m[93m[NR_MAC] UE da0d RA failed at state WAIT_Msg3 (Reached msg3 max harq rounds)
[0m[93m[NR_MAC] No UE found with C-RNTI 1520, ignoring Msg3 to have UE come back with new RA attempt
[0m[93m[NR_MAC] UE becb RA failed at state WAIT_Msg3 (Reached msg3 max harq rounds)
[0m[HW]     [o-du 0][rx  849379 pps   10752 kbps   43016][tx 2517932 pps   31872 kbps  108900][Total Msgs_Rcvd 849379]
[0m[HW]     [FH LOAD][o-du 0] rx=43.016 Mbps tx=108.900 Mbps total=151.916 Mbps rx_pps=10752 tx_pps=31872 total_pps=42624
[0m[HW]     [o_du0][pusch0  728028 prach0  121344]
[0m[93m[NR_MAC] UE 9f08 RA failed at state WAIT_Msg3 (Reached msg3 max harq rounds)
[0m[93m[NR_MAC] UE 253b RA failed at state WAIT_Msg3 (Reached msg3 max harq rounds)
[0m[93m[NR_MAC] UE 8907 RA failed at state WAIT_Msg3 (Reached msg3 max harq rounds)
[0m[93m[NR_MAC] UE 739e RA failed at state WAIT_Msg3 (Reached msg3 max harq rounds)
[0m[93m[NR_MAC] UE 89f5 RA failed at state WAIT_Msg3 (Reached msg3 max harq rounds)
[0m[93m[NR_MAC] UE 9cab RA failed at state WAIT_Msg3 (Reached msg3 max harq rounds)
[0m[MAC]    [RAPROC] Received SDU for CCCH length 6 for UE 0f03
[0m[93m[NR_MAC] (961.6) RA Contention Resolution timer expired for UE 0x0f03, RA procedure failed...
[0m[93m[NGAP]   Failed to find ue context associated with gNB ue ngap id: 1
[0m[93m[RLC]    Remove UE 3843
[0m[1;31m[NGAP]   Failed to find ue context associated with gNB ue ngap id: 1
[0m[93m[NR_MAC] UE cdf7 RA failed at state WAIT_Msg3 (Reached msg3 max harq rounds)
[0m[93m[NR_MAC] UE 62d0 RA failed at state WAIT_Msg3 (Reached msg3 max harq rounds)
[0m[93m[NR_MAC] UE 271e RA failed at state WAIT_Msg3 (Reached msg3 max harq rounds)
[0m[93m[NR_MAC] UE cbae RA failed at state WAIT_Msg3 (Reached msg3 max harq rounds)
[0m[93m[NR_MAC] UE 6599 RA failed at state WAIT_Msg3 (Reached msg3 max harq rounds)
[0m[HW]     [o-du 0][rx  860132 pps   10753 kbps   43010][tx 2549804 pps   31872 kbps  108900][Total Msgs_Rcvd 860132]
[0m[HW]     [FH LOAD][o-du 0] rx=43.010 Mbps tx=108.900 Mbps total=151.910 Mbps rx_pps=10753 tx_pps=31872 total_pps=42625
[0m[HW]     [o_du0][pusch0  737244 prach0  122880]
[0m[PHY]    prach_I0 = 3.7 dB
[0m[93m[NR_MAC] UE ec47 RA failed at state WAIT_Msg3 (Reached msg3 max harq rounds)
[0m[93m[NR_MAC] UE ea32 RA failed at state WAIT_Msg3 (Reached msg3 max harq rounds)
[0m[93m[NR_MAC] UE 9eb5 RA failed at state WAIT_Msg3 (Reached msg3 max harq rounds)
[0m[93m[NR_MAC] UE af6f RA failed at state WAIT_Msg3 (Reached msg3 max harq rounds)
[0m[93m[NR_MAC] UE 0cae RA failed at state WAIT_Msg3 (Reached msg3 max harq rounds)
[0m[93m[NR_MAC] No UE found with C-RNTI 8ab3, ignoring Msg3 to have UE come back with new RA attempt
[0m[93m[NR_MAC] UE 0f55 RA failed at state WAIT_Msg3 (Reached msg3 max harq rounds)
[0m[93m[NR_MAC] UE d543 RA failed at state WAIT_Msg3 (Reached msg3 max harq rounds)
[0m[93m[NR_MAC] UE 373b RA failed at state WAIT_Msg3 (Reached msg3 max harq rounds)
[0m[93m[NR_MAC] UE ac40 RA failed at state WAIT_Msg3 (Reached msg3 max harq rounds)
[0m[93m[NR_MAC] UE 4429 RA failed at state WAIT_Msg3 (Reached msg3 max harq rounds)
[0m[93m[NR_MAC] No UE found with C-RNTI 205f, ignoring Msg3 to have UE come back with new RA attempt
[0m[93m[NR_MAC] UE e107 RA failed at state WAIT_Msg3 (Reached msg3 max harq rounds)
[0m[93m[NR_MAC] UE 084f RA failed at state WAIT_Msg3 (Reached msg3 max harq rounds)
[0m[93m[NR_MAC] UE 17a8 RA failed at state WAIT_Msg3 (Reached msg3 max harq rounds)
[0m[HW]     [o-du 0][rx  870884 pps   10752 kbps   43005][tx 2581676 pps   31872 kbps  108900][Total Msgs_Rcvd 870884]
[0m[HW]     [FH LOAD][o-du 0] rx=43.005 Mbps tx=108.900 Mbps total=151.905 Mbps rx_pps=10752 tx_pps=31872 total_pps=42624
[0m[HW]     [o_du0][pusch0  746460 prach0  124416]
[0m[MAC]    [RAPROC] Received SDU for CCCH length 6 for UE cd93
[0m[93m[NR_MAC] (138.6) RA Contention Resolution timer expired for UE 0xcd93, RA procedure failed...
[0m[93m[NGAP]   Failed to find ue context associated with gNB ue ngap id: 1
[0m[93m[RLC]    Remove UE 52627
[0m[1;31m[NGAP]   Failed to find ue context associated with gNB ue ngap id: 1
[0m[93m[NR_MAC] No UE found with C-RNTI 7fc3, ignoring Msg3 to have UE come back with new RA attempt
[0m[93m[NR_MAC] No UE found with C-RNTI 339d, ignoring Msg3 to have UE come back with new RA attempt
[0m[93m[NR_MAC] No UE found with C-RNTI 6b6f, ignoring Msg3 to have UE come back with new RA attempt
[0m[93m[NR_MAC] No UE found with C-RNTI 638c, ignoring Msg3 to have UE come back with new RA attempt
[0m[93m[NR_MAC] No UE found with C-RNTI 194b, ignoring Msg3 to have UE come back with new RA attempt
[0m[93m[NR_MAC] No UE found with C-RNTI 04a8, ignoring Msg3 to have UE come back with new RA attempt
[0m[93m[NR_MAC] No UE found with C-RNTI afd2, ignoring Msg3 to have UE come back with new RA attempt
[0m[93m[NR_MAC] No UE found with C-RNTI 90b8, ignoring Msg3 to have UE come back with new RA attempt
[0m[93m[NR_MAC] UE c53b RA failed at state WAIT_Msg3 (Reached msg3 max harq rounds)
[0m[93m[NR_MAC] No UE found with C-RNTI a1d1, ignoring Msg3 to have UE come back with new RA attempt
[0m[93m[NR_MAC] No UE found with C-RNTI 2f4d, ignoring Msg3 to have UE come back with new RA attempt
[0m[93m[NR_MAC] No UE found with C-RNTI 7e29, ignoring Msg3 to have UE come back with new RA attempt
[0m[HW]     [o-du 0][rx  881636 pps   10752 kbps   43008][tx 2613548 pps   31872 kbps  108900][Total Msgs_Rcvd 881636]
[0m[HW]     [FH LOAD][o-du 0] rx=43.008 Mbps tx=108.900 Mbps total=151.908 Mbps rx_pps=10752 tx_pps=31872 total_pps=42624
[0m[HW]     [o_du0][pusch0  755676 prach0  125952]
[0m[93m[NR_MAC] No UE found with C-RNTI 068f, ignoring Msg3 to have UE come back with new RA attempt
[0m[93m[NR_MAC] No UE found with C-RNTI 7e63, ignoring Msg3 to have UE come back with new RA attempt
[0m[93m[NR_MAC] No UE found with C-RNTI 5843, ignoring Msg3 to have UE come back with new RA attempt
[0m[93m[NR_MAC] UE 4bf7 RA failed at state WAIT_Msg3 (Reached msg3 max harq rounds)
[0m[93m[NR_MAC] No UE found with C-RNTI 3490, ignoring Msg3 to have UE come back with new RA attempt
[0m[93m[NR_MAC] No UE found with C-RNTI 9233, ignoring Msg3 to have UE come back with new RA attempt
[0m[93m[NR_MAC] No UE found with C-RNTI 0f56, ignoring Msg3 to have UE come back with new RA attempt
[0m[93m[NR_MAC] UE 818f RA failed at state WAIT_Msg3 (Reached msg3 max harq rounds)
[0m[MAC]    [RAPROC] Received SDU for CCCH length 6 for UE 9f64
[0m[93m[NR_MAC] (339.6) RA Contention Resolution timer expired for UE 0x9f64, RA procedure failed...
[0m[93m[NGAP]   Failed to find ue context associated with gNB ue ngap id: 1
[0m[93m[RLC]    Remove UE 40804
[0m[1;31m[NGAP]   Failed to find ue context associated with gNB ue ngap id: 1
[0m[93m[NR_MAC] UE 0d1a RA failed at state WAIT_Msg3 (Reached msg3 max harq rounds)
[0m[93m[NR_MAC] No UE found with C-RNTI 9d9c, ignoring Msg3 to have UE come back with new RA attempt
[0m[93m[NR_MAC] No UE found with C-RNTI 647a, ignoring Msg3 to have UE come back with new RA attempt
[0m[HW]     [o-du 0][rx  892388 pps   10752 kbps   43010][tx 2645420 pps   31872 kbps  108900][Total Msgs_Rcvd 892388]
[0m[HW]     [FH LOAD][o-du 0] rx=43.010 Mbps tx=108.900 Mbps total=151.910 Mbps rx_pps=10752 tx_pps=31872 total_pps=42624
[0m[HW]     [o_du0][pusch0  764892 prach0  127488]
[0m[93m[NR_MAC] UE 71d6 RA failed at state WAIT_Msg3 (Reached msg3 max harq rounds)
[0m[93m[NR_MAC] UE b3a4 RA failed at state WAIT_Msg3 (Reached msg3 max harq rounds)
[0m[93m[NR_MAC] UE 2b01 RA failed at state WAIT_Msg3 (Reached msg3 max harq rounds)
[0m[93m[NR_MAC] No UE found with C-RNTI b38b, ignoring Msg3 to have UE come back with new RA attempt
[0m[93m[NR_MAC] No UE found with C-RNTI cd81, ignoring Msg3 to have UE come back with new RA attempt
[0m[93m[NR_MAC] No UE found with C-RNTI 7d68, ignoring Msg3 to have UE come back with new RA attempt
[0m[93m[NR_MAC] UE c4af RA failed at state WAIT_Msg3 (Reached msg3 max harq rounds)
[0m[93m[NR_MAC] No UE found with C-RNTI 8bc4, ignoring Msg3 to have UE come back with new RA attempt
[0m[93m[NR_MAC] No UE found with C-RNTI c7bb, ignoring Msg3 to have UE come back with new RA attempt
[0m[93m[NR_MAC] No UE found with C-RNTI 62f7, ignoring Msg3 to have UE come back with new RA attempt
[0m[93m[NR_MAC] No UE found with C-RNTI 38a6, ignoring Msg3 to have UE come back with new RA attempt
[0m[93m[NR_MAC] UE c2fc RA failed at state WAIT_Msg3 (Reached msg3 max harq rounds)
[0m[93m[NR_MAC] UE dd9d RA failed at state WAIT_Msg3 (Reached msg3 max harq rounds)
[0m[93m[NR_MAC] UE fe9e RA failed at state WAIT_Msg3 (Reached msg3 max harq rounds)
[0m[93m[NR_MAC] No UE found with C-RNTI 9cd4, ignoring Msg3 to have UE come back with new RA attempt
[0m[93m[NR_MAC] No UE found with C-RNTI a843, ignoring Msg3 to have UE come back with new RA attempt
[0m[HW]     [o-du 0][rx  903140 pps   10752 kbps   43013][tx 2677292 pps   31872 kbps  108900][Total Msgs_Rcvd 903140]
[0m[HW]     [FH LOAD][o-du 0] rx=43.013 Mbps tx=108.900 Mbps total=151.913 Mbps rx_pps=10752 tx_pps=31872 total_pps=42624
[0m[HW]     [o_du0][pusch0  774108 prach0  129024]
[0m[93m[NR_MAC] No UE found with C-RNTI b4b6, ignoring Msg3 to have UE come back with new RA attempt
[0m[MAC]    [RAPROC] Received SDU for CCCH length 6 for UE bbad
[0m[93m[NR_MAC] (539.6) RA Contention Resolution timer expired for UE 0xbbad, RA procedure failed...
[0m[93m[NGAP]   Failed to find ue context associated with gNB ue ngap id: 1
[0m[93m[RLC]    Remove UE 48045
[0m[1;31m[NGAP]   Failed to find ue context associated with gNB ue ngap id: 1
[0m[93m[NR_MAC] UE 1166 RA failed at state WAIT_Msg3 (Reached msg3 max harq rounds)
[0m[93m[NR_MAC] UE ed75 RA failed at state WAIT_Msg3 (Reached msg3 max harq rounds)
[0m[93m[NR_MAC] UE 352f RA failed at state WAIT_Msg3 (Reached msg3 max harq rounds)
[0m[93m[NR_MAC] UE 4ece RA failed at state WAIT_Msg3 (Reached msg3 max harq rounds)
[0m[93m[NR_MAC] UE 4c46 RA failed at state WAIT_Msg3 (Reached msg3 max harq rounds)
[0m[93m[NR_MAC] UE 22bb RA failed at state WAIT_Msg3 (Reached msg3 max harq rounds)
[0m[93m[NR_MAC] No UE found with C-RNTI 6656, ignoring Msg3 to have UE come back with new RA attempt
[0m[93m[NR_MAC] UE 5c78 RA failed at state WAIT_Msg3 (Reached msg3 max harq rounds)
[0m[93m[NR_MAC] No UE found with C-RNTI d2d8, ignoring Msg3 to have UE come back with new RA attempt
[0m[93m[NR_MAC] No UE found with C-RNTI c02c, ignoring Msg3 to have UE come back with new RA attempt
[0m[HW]     [o-du 0][rx  913892 pps   10752 kbps   42999][tx 2709164 pps   31872 kbps  108900][Total Msgs_Rcvd 913892]
[0m[HW]     [FH LOAD][o-du 0] rx=42.999 Mbps tx=108.900 Mbps total=151.899 Mbps rx_pps=10752 tx_pps=31872 total_pps=42624
[0m[HW]     [o_du0][pusch0  783324 prach0  130560]
[0m[93m[NR_MAC] UE 5106 RA failed at state WAIT_Msg3 (Reached msg3 max harq rounds)
[0m[93m[NR_MAC] UE 3505 RA failed at state WAIT_Msg3 (Reached msg3 max harq rounds)
[0m[93m[NR_MAC] UE fce8 RA failed at state WAIT_Msg3 (Reached msg3 max harq rounds)
[0m[93m[NR_MAC] UE 89bc RA failed at state WAIT_Msg3 (Reached msg3 max harq rounds)
[0m[93m[NR_MAC] UE 786b RA failed at state WAIT_Msg3 (Reached msg3 max harq rounds)
[0m[93m[NR_MAC] UE 291b RA failed at state WAIT_Msg3 (Reached msg3 max harq rounds)
[0m[93m[NR_MAC] No UE found with C-RNTI 5de3, ignoring Msg3 to have UE come back with new RA attempt
[0m[93m[NR_MAC] UE 4fdd RA failed at state WAIT_Msg3 (Reached msg3 max harq rounds)
[0m[93m[NR_MAC] UE 32f2 RA failed at state WAIT_Msg3 (Reached msg3 max harq rounds)
[0m[93m[NR_MAC] UE e4a3 RA failed at state WAIT_Msg3 (Reached msg3 max harq rounds)
[0m[MAC]    [RAPROC] Received SDU for CCCH length 6 for UE 43a3
[0m[93m[NR_MAC] (740.6) RA Contention Resolution timer expired for UE 0x43a3, RA procedure failed...
[0m[93m[NGAP]   Failed to find ue context associated with gNB ue ngap id: 1
[0m[93m[RLC]    Remove UE 17315
[0m[1;31m[NGAP]   Failed to find ue context associated with gNB ue ngap id: 1
[0m[93m[NR_MAC] No UE found with C-RNTI a0c5, ignoring Msg3 to have UE come back with new RA attempt
[0m[HW]     [o-du 0][rx  924644 pps   10752 kbps   43010][tx 2741036 pps   31872 kbps  108900][Total Msgs_Rcvd 924644]
[0m[HW]     [FH LOAD][o-du 0] rx=43.010 Mbps tx=108.900 Mbps total=151.910 Mbps rx_pps=10752 tx_pps=31872 total_pps=42624
[0m[HW]     [o_du0][pusch0  792540 prach0  132096]
[0m[93m[NR_MAC] No UE found with C-RNTI 45f4, ignoring Msg3 to have UE come back with new RA attempt
[0m[93m[NR_MAC] No UE found with C-RNTI 31bc, ignoring Msg3 to have UE come back with new RA attempt
[0m[93m[NR_MAC] No UE found with C-RNTI 2025, ignoring Msg3 to have UE come back with new RA attempt
[0m[93m[NR_MAC] No UE found with C-RNTI d91e, ignoring Msg3 to have UE come back with new RA attempt
[0m[93m[NR_MAC] No UE found with C-RNTI 6376, ignoring Msg3 to have UE come back with new RA attempt
[0m[93m[NR_MAC] No UE found with C-RNTI 04f3, ignoring Msg3 to have UE come back with new RA attempt
[0m[93m[NR_MAC] UE 30c7 RA failed at state WAIT_Msg3 (Reached msg3 max harq rounds)
[0m[93m[NR_MAC] UE f9ff RA failed at state WAIT_Msg3 (Reached msg3 max harq rounds)
[0m[93m[NR_MAC] No UE found with C-RNTI 2b30, ignoring Msg3 to have UE come back with new RA attempt
[0m[93m[NR_MAC] No UE found with C-RNTI f451, ignoring Msg3 to have UE come back with new RA attempt
[0m[93m[NR_MAC] No UE found with C-RNTI 7e22, ignoring Msg3 to have UE come back with new RA attempt
[0m[93m[NR_MAC] No UE found with C-RNTI e584, ignoring Msg3 to have UE come back with new RA attempt
[0m[93m[NR_MAC] No UE found with C-RNTI 295e, ignoring Msg3 to have UE come back with new RA attempt
[0m[93m[NR_MAC] No UE found with C-RNTI a808, ignoring Msg3 to have UE come back with new RA attempt
[0m[93m[NR_MAC] No UE found with C-RNTI 6403, ignoring Msg3 to have UE come back with new RA attempt
[0m[HW]     [o-du 0][rx  935397 pps   10753 kbps   43007][tx 2772908 pps   31872 kbps  108900][Total Msgs_Rcvd 935397]
[0m[HW]     [FH LOAD][o-du 0] rx=43.007 Mbps tx=108.900 Mbps total=151.907 Mbps rx_pps=10753 tx_pps=31872 total_pps=42625
[0m[HW]     [o_du0][pusch0  801756 prach0  133632]
[0m[93m[NR_MAC] UE d812 RA failed at state WAIT_Msg3 (Reached msg3 max harq rounds)
[0m[93m[NR_MAC] No UE found with C-RNTI bc3a, ignoring Msg3 to have UE come back with new RA attempt
[0m[93m[NR_MAC] No UE found with C-RNTI 44e5, ignoring Msg3 to have UE come back with new RA attempt
[0m[93m[NR_MAC] UE d68c RA failed at state WAIT_Msg3 (Reached msg3 max harq rounds)
[0m[MAC]    [RAPROC] Received SDU for CCCH length 6 for UE 9605
[0m[93m[NR_MAC] (941.6) RA Contention Resolution timer expired for UE 0x9605, RA procedure failed...
[0m[93m[NGAP]   Failed to find ue context associated with gNB ue ngap id: 1
[0m[93m[RLC]    Remove UE 38405
[0m[1;31m[NGAP]   Failed to find ue context associated with gNB ue ngap id: 1
[0m[93m[NR_MAC] No UE found with C-RNTI 1068, ignoring Msg3 to have UE come back with new RA attempt
[0m[93m[NR_MAC] UE b24d RA failed at state WAIT_Msg3 (Reached msg3 max harq rounds)
[0m[93m[NR_MAC] UE 04c0 RA failed at state WAIT_Msg3 (Reached msg3 max harq rounds)
[0m[93m[NR_MAC] UE fb75 RA failed at state WAIT_Msg3 (Reached msg3 max harq rounds)
[0m[93m[NR_MAC] UE 83f2 RA failed at state WAIT_Msg3 (Reached msg3 max harq rounds)
[0m[93m[NR_MAC] UE 13ba RA failed at state WAIT_Msg3 (Reached msg3 max harq rounds)
[0m[93m[NR_MAC] UE 8e78 RA failed at state WAIT_Msg3 (Reached msg3 max harq rounds)
[0m[HW]     [o-du 0][rx  946149 pps   10752 kbps   43010][tx 2804780 pps   31872 kbps  108900][Total Msgs_Rcvd 946149]
[0m[HW]     [FH LOAD][o-du 0] rx=43.010 Mbps tx=108.900 Mbps total=151.910 Mbps rx_pps=10752 tx_pps=31872 total_pps=42624
[0m[HW]     [o_du0][pusch0  810972 prach0  135168]
[0m[93m[NR_MAC] No UE found with C-RNTI 81d1, ignoring Msg3 to have UE come back with new RA attempt
[0m[PHY]    prach_I0 = 6.5 dB
[0m[93m[NR_MAC] No UE found with C-RNTI 0fc0, ignoring Msg3 to have UE come back with new RA attempt
[0m[93m[NR_MAC] UE 41c7 RA failed at state WAIT_Msg3 (Reached msg3 max harq rounds)
[0m[93m[NR_MAC] UE 9043 RA failed at state WAIT_Msg3 (Reached msg3 max harq rounds)
[0m[93m[NR_MAC] No UE found with C-RNTI 3db6, ignoring Msg3 to have UE come back with new RA attempt
[0m[93m[NR_MAC] No UE found with C-RNTI 5acb, ignoring Msg3 to have UE come back with new RA attempt
[0m[93m[NR_MAC] No UE found with C-RNTI c288, ignoring Msg3 to have UE come back with new RA attempt
[0m[93m[NR_MAC] UE e612 RA failed at state WAIT_Msg3 (Reached msg3 max harq rounds)
[0m[93m[NR_MAC] UE e4e8 RA failed at state WAIT_Msg3 (Reached msg3 max harq rounds)
[0m[93m[NR_MAC] UE 1d07 RA failed at state WAIT_Msg3 (Reached msg3 max harq rounds)
[0m[93m[NR_MAC] No UE found with C-RNTI c45e, ignoring Msg3 to have UE come back with new RA attempt
[0m[93m[NR_MAC] UE 21dc RA failed at state WAIT_Msg3 (Reached msg3 max harq rounds)
[0m[93m[NR_MAC] No UE found with C-RNTI 1116, ignoring Msg3 to have UE come back with new RA attempt
[0m[MAC]    [RAPROC] Received SDU for CCCH length 6 for UE b08c
[0m[93m[NR_MAC] (117.6) RA Contention Resolution timer expired for UE 0xb08c, RA procedure failed...
[0m[93m[NGAP]   Failed to find ue context associated with gNB ue ngap id: 1
[0m[93m[RLC]    Remove UE 45196
[0m[1;31m[NGAP]   Failed to find ue context associated with gNB ue ngap id: 1
[0m[HW]     [o-du 0][rx  956901 pps   10752 kbps   42999][tx 2836652 pps   31872 kbps  108900][Total Msgs_Rcvd 956901]
[0m[HW]     [FH LOAD][o-du 0] rx=42.999 Mbps tx=108.900 Mbps total=151.899 Mbps rx_pps=10752 tx_pps=31872 total_pps=42624
[0m[HW]     [o_du0][pusch0  820188 prach0  136704]
[0m[93m[NR_MAC] UE 045c RA failed at state WAIT_Msg3 (Reached msg3 max harq rounds)
[0m[93m[NR_MAC] UE 3fe7 RA failed at state WAIT_Msg3 (Reached msg3 max harq rounds)
[0m[93m[NR_MAC] UE da62 RA failed at state WAIT_Msg3 (Reached msg3 max harq rounds)
[0m[93m[NR_MAC] UE e9b8 RA failed at state WAIT_Msg3 (Reached msg3 max harq rounds)
[0m[93m[NR_MAC] No UE found with C-RNTI 30f6, ignoring Msg3 to have UE come back with new RA attempt
[0m[93m[NR_MAC] No UE found with C-RNTI 098c, ignoring Msg3 to have UE come back with new RA attempt
[0m[93m[NR_MAC] No UE found with C-RNTI cd8d, ignoring Msg3 to have UE come back with new RA attempt
[0m[93m[NR_MAC] No UE found with C-RNTI a4a4, ignoring Msg3 to have UE come back with new RA attempt
[0m[93m[NR_MAC] No UE found with C-RNTI 3070, ignoring Msg3 to have UE come back with new RA attempt
[0m[93m[NR_MAC] UE e612 RA failed at state WAIT_Msg3 (Reached msg3 max harq rounds)
[0m[93m[NR_MAC] UE 0649 RA failed at state WAIT_Msg3 (Reached msg3 max harq rounds)
[0m[93m[NR_MAC] No UE found with C-RNTI e938, ignoring Msg3 to have UE come back with new RA attempt
[0m[93m[NR_MAC] UE 51d8 RA failed at state WAIT_Msg3 (Reached msg3 max harq rounds)
[0m[93m[NR_MAC] UE df0b RA failed at state WAIT_Msg3 (Reached msg3 max harq rounds)
[0m[HW]     [o-du 0][rx  967653 pps   10752 kbps   43002][tx 2868524 pps   31872 kbps  108900][Total Msgs_Rcvd 967653]
[0m[HW]     [FH LOAD][o-du 0] rx=43.002 Mbps tx=108.900 Mbps total=151.902 Mbps rx_pps=10752 tx_pps=31872 total_pps=42624
[0m[HW]     [o_du0][pusch0  829404 prach0  138240]
[0m[93m[NR_MAC] UE 10b5 RA failed at state WAIT_Msg3 (Reached msg3 max harq rounds)
[0m[93m[NR_MAC] UE 2c30 RA failed at state WAIT_Msg3 (Reached msg3 max harq rounds)
[0m[93m[NR_MAC] No UE found with C-RNTI a249, ignoring Msg3 to have UE come back with new RA attempt
[0m[93m[NR_MAC] No UE found with C-RNTI 40ff, ignoring Msg3 to have UE come back with new RA attempt
[0m[93m[NR_MAC] No UE found with C-RNTI ba49, ignoring Msg3 to have UE come back with new RA attempt
[0m[93m[NR_MAC] No UE found with C-RNTI 60d6, ignoring Msg3 to have UE come back with new RA attempt
[0m[MAC]    [RAPROC] Received SDU for CCCH length 6 for UE 1bca
[0m[93m[NR_MAC] (317.6) RA Contention Resolution timer expired for UE 0x1bca, RA procedure failed...
[0m[93m[NGAP]   Failed to find ue context associated with gNB ue ngap id: 1
[0m[93m[RLC]    Remove UE 7114
[0m[1;31m[NGAP]   Failed to find ue context associated with gNB ue ngap id: 1
[0m[93m[NR_MAC] UE be43 RA failed at state WAIT_Msg3 (Reached msg3 max harq rounds)
[0m[93m[NR_MAC] UE 53dc RA failed at state WAIT_Msg3 (Reached msg3 max harq rounds)
[0m[93m[NR_MAC] No UE found with C-RNTI 3c92, ignoring Msg3 to have UE come back with new RA attempt
[0m[93m[NR_MAC] No UE found with C-RNTI 8e03, ignoring Msg3 to have UE come back with new RA attempt
[0m[93m[NR_MAC] No UE found with C-RNTI 4c57, ignoring Msg3 to have UE come back with new RA attempt
[0m[HW]     [o-du 0][rx  978405 pps   10752 kbps   43008][tx 2900396 pps   31872 kbps  108900][Total Msgs_Rcvd 978405]
[0m[HW]     [FH LOAD][o-du 0] rx=43.008 Mbps tx=108.900 Mbps total=151.908 Mbps rx_pps=10752 tx_pps=31872 total_pps=42624
[0m[HW]     [o_du0][pusch0  838620 prach0  139776]
[0m[93m[NR_MAC] No UE found with C-RNTI 77e2, ignoring Msg3 to have UE come back with new RA attempt
[0m[93m[NR_MAC] No UE found with C-RNTI 6653, ignoring Msg3 to have UE come back with new RA attempt
[0m[93m[NR_MAC] UE 507d RA failed at state WAIT_Msg3 (Reached msg3 max harq rounds)
[0m[93m[NR_MAC] UE a3b8 RA failed at state WAIT_Msg3 (Reached msg3 max harq rounds)
[0m[93m[NR_MAC] UE cd40 RA failed at state WAIT_Msg3 (Reached msg3 max harq rounds)
[0m[93m[NR_MAC] UE 7cd0 RA failed at state WAIT_Msg3 (Reached msg3 max harq rounds)
[0m[93m[NR_MAC] UE f29e RA failed at state WAIT_Msg3 (Reached msg3 max harq rounds)
[0m[93m[NR_MAC] UE 7b43 RA failed at state WAIT_Msg3 (Reached msg3 max harq rounds)
[0m[93m[NR_MAC] UE 526a RA failed at state WAIT_Msg3 (Reached msg3 max harq rounds)
[0m[93m[NR_MAC] No UE found with C-RNTI 4388, ignoring Msg3 to have UE come back with new RA attempt
[0m[93m[NR_MAC] UE 8b14 RA failed at state WAIT_Msg3 (Reached msg3 max harq rounds)
[0m[93m[NR_MAC] UE 6db9 RA failed at state WAIT_Msg3 (Reached msg3 max harq rounds)
[0m[93m[NR_MAC] No UE found with C-RNTI 1c9d, ignoring Msg3 to have UE come back with new RA attempt
[0m[93m[NR_MAC] UE 945d RA failed at state WAIT_Msg3 (Reached msg3 max harq rounds)
[0m[93m[NR_MAC] UE 30b2 RA failed at state WAIT_Msg3 (Reached msg3 max harq rounds)
[0m[MAC]    [RAPROC] Received SDU for CCCH length 6 for UE 1827
[0m[HW]     [o-du 0][rx  989157 pps   10752 kbps   43013][tx 2932268 pps   31872 kbps  108900][Total Msgs_Rcvd 989157]
[0m[HW]     [FH LOAD][o-du 0] rx=43.013 Mbps tx=108.900 Mbps total=151.913 Mbps rx_pps=10752 tx_pps=31872 total_pps=42624
[0m[HW]     [o_du0][pusch0  847836 prach0  141312]
[0m[93m[NR_MAC] (517.6) RA Contention Resolution timer expired for UE 0x1827, RA procedure failed...
[0m[93m[NGAP]   Failed to find ue context associated with gNB ue ngap id: 1
[0m[93m[RLC]    Remove UE 6183
[0m[1;31m[NGAP]   Failed to find ue context associated with gNB ue ngap id: 1
[0m[93m[NR_MAC] UE 6702 RA failed at state WAIT_Msg3 (Reached msg3 max harq rounds)
[0m[93m[NR_MAC] UE 64b9 RA failed at state WAIT_Msg3 (Reached msg3 max harq rounds)
[0m[93m[NR_MAC] UE 09e3 RA failed at state WAIT_Msg3 (Reached msg3 max harq rounds)
[0m[93m[NR_MAC] UE 96de RA failed at state WAIT_Msg3 (Reached msg3 max harq rounds)
[0m[93m[NR_MAC] No UE found with C-RNTI 1221, ignoring Msg3 to have UE come back with new RA attempt
[0m[93m[NR_MAC] No UE found with C-RNTI 719b, ignoring Msg3 to have UE come back with new RA attempt
[0m[93m[NR_MAC] UE b935 RA failed at state WAIT_Msg3 (Reached msg3 max harq rounds)
[0m[93m[NR_MAC] UE 55be RA failed at state WAIT_Msg3 (Reached msg3 max harq rounds)
[0m[93m[NR_MAC] UE 807d RA failed at state WAIT_Msg3 (Reached msg3 max harq rounds)
[0m[93m[NR_MAC] UE 6a7e RA failed at state WAIT_Msg3 (Reached msg3 max harq rounds)
[0m[93m[NR_MAC] UE 271f RA failed at state WAIT_Msg3 (Reached msg3 max harq rounds)
[0m[93m[NR_MAC] UE 2d2e RA failed at state WAIT_Msg3 (Reached msg3 max harq rounds)
[0m[HW]     [o-du 0][rx  999909 pps   10752 kbps   42999][tx 2964140 pps   31872 kbps  108900][Total Msgs_Rcvd 999909]
[0m[HW]     [FH LOAD][o-du 0] rx=42.999 Mbps tx=108.900 Mbps total=151.899 Mbps rx_pps=10752 tx_pps=31872 total_pps=42624
[0m[HW]     [o_du0][pusch0  857052 prach0  142848]
[0m[93m[NR_MAC] No UE found with C-RNTI 80b7, ignoring Msg3 to have UE come back with new RA attempt
[0m[93m[NR_MAC] UE 7fe7 RA failed at state WAIT_Msg3 (Reached msg3 max harq rounds)
[0m[93m[NR_MAC] No UE found with C-RNTI efa0, ignoring Msg3 to have UE come back with new RA attempt
[0m[93m[NR_MAC] No UE found with C-RNTI a026, ignoring Msg3 to have UE come back with new RA attempt
[0m[93m[NR_MAC] UE cdff RA failed at state WAIT_Msg3 (Reached msg3 max harq rounds)
[0m[93m[NR_MAC] UE 2b36 RA failed at state WAIT_Msg3 (Reached msg3 max harq rounds)
[0m[93m[NR_MAC] UE 057c RA failed at state WAIT_Msg3 (Reached msg3 max harq rounds)
[0m[93m[NR_MAC] No UE found with C-RNTI 6364, ignoring Msg3 to have UE come back with new RA attempt
[0m[MAC]    [RAPROC] Received SDU for CCCH length 6 for UE 666e
[0m[93m[NR_MAC] (717.6) RA Contention Resolution timer expired for UE 0x666e, RA procedure failed...
[0m[93m[NGAP]   Failed to find ue context associated with gNB ue ngap id: 1
[0m[93m[RLC]    Remove UE 26222
[0m[1;31m[NGAP]   Failed to find ue context associated with gNB ue ngap id: 1
[0m[93m[NR_MAC] No UE found with C-RNTI c499, ignoring Msg3 to have UE come back with new RA attempt
[0m[93m[NR_MAC] No UE found with C-RNTI ee2b, ignoring Msg3 to have UE come back with new RA attempt
[0m[93m[NR_MAC] No UE found with C-RNTI 6add, ignoring Msg3 to have UE come back with new RA attempt
[0m[HW]     [o-du 0][rx 1010661 pps   10752 kbps   43008][tx 2996012 pps   31872 kbps  108900][Total Msgs_Rcvd 1010661]
[0m[HW]     [FH LOAD][o-du 0] rx=43.008 Mbps tx=108.900 Mbps total=151.908 Mbps rx_pps=10752 tx_pps=31872 total_pps=42624
[0m[HW]     [o_du0][pusch0  866268 prach0  144384]
[0m[93m[NR_MAC] No UE found with C-RNTI 1f60, ignoring Msg3 to have UE come back with new RA attempt
[0m[93m[NR_MAC] No UE found with C-RNTI 0d8e, ignoring Msg3 to have UE come back with new RA attempt
[0m[93m[NR_MAC] No UE found with C-RNTI 98ea, ignoring Msg3 to have UE come back with new RA attempt
[0m[93m[NR_MAC] No UE found with C-RNTI 2e44, ignoring Msg3 to have UE come back with new RA attempt
[0m[93m[NR_MAC] UE 99ac RA failed at state WAIT_Msg3 (Reached msg3 max harq rounds)
[0m[93m[NR_MAC] UE 03a6 RA failed at state WAIT_Msg3 (Reached msg3 max harq rounds)
[0m[93m[NR_MAC] UE 34ff RA failed at state WAIT_Msg3 (Reached msg3 max harq rounds)
[0m[93m[NR_MAC] No UE found with C-RNTI 568c, ignoring Msg3 to have UE come back with new RA attempt
[0m[93m[NR_MAC] UE 9a40 RA failed at state WAIT_Msg3 (Reached msg3 max harq rounds)
[0m[93m[NR_MAC] UE 892b RA failed at state WAIT_Msg3 (Reached msg3 max harq rounds)
[0m[93m[NR_MAC] UE bb1a RA failed at state WAIT_Msg3 (Reached msg3 max harq rounds)
[0m[93m[NR_MAC] UE 2d71 RA failed at state WAIT_Msg3 (Reached msg3 max harq rounds)
[0m[93m[NR_MAC] No UE found with C-RNTI 4fb4, ignoring Msg3 to have UE come back with new RA attempt
[0m[93m[NR_MAC] UE b0ca RA failed at state WAIT_Msg3 (Reached msg3 max harq rounds)
[0m[93m[NR_MAC] No UE found with C-RNTI 1225, ignoring Msg3 to have UE come back with new RA attempt
[0m[93m[NR_MAC] UE e90e RA failed at state WAIT_Msg3 (Reached msg3 max harq rounds)
[0m[HW]     [o-du 0][rx 1021413 pps   10752 kbps   43002][tx 3027884 pps   31872 kbps  108900][Total Msgs_Rcvd 1021413]
[0m[HW]     [FH LOAD][o-du 0] rx=43.002 Mbps tx=108.900 Mbps total=151.902 Mbps rx_pps=10752 tx_pps=31872 total_pps=42624
[0m[HW]     [o_du0][pusch0  875484 prach0  145920]
[0m[93m[NR_MAC] UE c861 RA failed at state WAIT_Msg3 (Reached msg3 max harq rounds)
[0m[MAC]    [RAPROC] Received SDU for CCCH length 6 for UE e06d
[0m[93m[NR_MAC] (917.6) RA Contention Resolution timer expired for UE 0xe06d, RA procedure failed...
[0m[93m[NGAP]   Failed to find ue context associated with gNB ue ngap id: 1
[0m[93m[RLC]    Remove UE 57453
[0m[1;31m[NGAP]   Failed to find ue context associated with gNB ue ngap id: 1
[0m[93m[NR_MAC] No UE found with C-RNTI 1aba, ignoring Msg3 to have UE come back with new RA attempt
[0m[93m[NR_MAC] UE 746f RA failed at state WAIT_Msg3 (Reached msg3 max harq rounds)
[0m[93m[NR_MAC] No UE found with C-RNTI c76e, ignoring Msg3 to have UE come back with new RA attempt
[0m[93m[NR_MAC] No UE found with C-RNTI 9a84, ignoring Msg3 to have UE come back with new RA attempt
[0m[93m[NR_MAC] No UE found with C-RNTI 928f, ignoring Msg3 to have UE come back with new RA attempt
[0m[93m[NR_MAC] UE 3674 RA failed at state WAIT_Msg3 (Reached msg3 max harq rounds)
[0m[93m[NR_MAC] UE d0ab RA failed at state WAIT_Msg3 (Reached msg3 max harq rounds)
[0m[93m[NR_MAC] UE dfa0 RA failed at state WAIT_Msg3 (Reached msg3 max harq rounds)
[0m[93m[NR_MAC] UE 1af7 RA failed at state WAIT_Msg3 (Reached msg3 max harq rounds)
[0m[93m[NR_MAC] No UE found with C-RNTI 7d7a, ignoring Msg3 to have UE come back with new RA attempt
[0m[HW]     [o-du 0][rx 1032165 pps   10752 kbps   43013][tx 3059756 pps   31872 kbps  108900][Total Msgs_Rcvd 1032165]
[0m[HW]     [FH LOAD][o-du 0] rx=43.013 Mbps tx=108.900 Mbps total=151.913 Mbps rx_pps=10752 tx_pps=31872 total_pps=42624
[0m[HW]     [o_du0][pusch0  884700 prach0  147456]
[0m[93m[NR_MAC] No UE found with C-RNTI 5f88, ignoring Msg3 to have UE come back with new RA attempt
[0m[PHY]    prach_I0 = 6.5 dB
[0m[93m[NR_MAC] No UE found with C-RNTI fb70, ignoring Msg3 to have UE come back with new RA attempt
[0m[93m[NR_MAC] UE 99f6 RA failed at state WAIT_Msg3 (Reached msg3 max harq rounds)
[0m[93m[NR_MAC] No UE found with C-RNTI 32bc, ignoring Msg3 to have UE come back with new RA attempt
[0m[93m[NR_MAC] No UE found with C-RNTI d8bd, ignoring Msg3 to have UE come back with new RA attempt
[0m[93m[NR_MAC] No UE found with C-RNTI 6c00, ignoring Msg3 to have UE come back with new RA attempt
[0m[93m[NR_MAC] UE 1a5c RA failed at state WAIT_Msg3 (Reached msg3 max harq rounds)
[0m[93m[NR_MAC] UE 9d7a RA failed at state WAIT_Msg3 (Reached msg3 max harq rounds)
[0m[93m[NR_MAC] UE 49e5 RA failed at state WAIT_Msg3 (Reached msg3 max harq rounds)
[0m[93m[NR_MAC] UE b10a RA failed at state WAIT_Msg3 (Reached msg3 max harq rounds)
[0m[MAC]    [RAPROC] Received SDU for CCCH length 6 for UE 30f5
[0m[93m[NR_MAC] (93.6) RA Contention Resolution timer expired for UE 0x30f5, RA procedure failed...
[0m[93m[NGAP]   Failed to find ue context associated with gNB ue ngap id: 1
[0m[93m[RLC]    Remove UE 12533
[0m[1;31m[NGAP]   Failed to find ue context associated with gNB ue ngap id: 1
[0m[93m[NR_MAC] No UE found with C-RNTI 0d37, ignoring Msg3 to have UE come back with new RA attempt
[0m[HW]     [o-du 0][rx 1042917 pps   10752 kbps   43005][tx 3091628 pps   31872 kbps  108900][Total Msgs_Rcvd 1042917]
[0m[HW]     [FH LOAD][o-du 0] rx=43.005 Mbps tx=108.900 Mbps total=151.905 Mbps rx_pps=10752 tx_pps=31872 total_pps=42624
[0m[HW]     [o_du0][pusch0  893916 prach0  148992]
[0m[93m[NR_MAC] No UE found with C-RNTI 5c07, ignoring Msg3 to have UE come back with new RA attempt
[0m[93m[NR_MAC] No UE found with C-RNTI 1828, ignoring Msg3 to have UE come back with new RA attempt
[0m[93m[NR_MAC] UE 9540 RA failed at state WAIT_Msg3 (Reached msg3 max harq rounds)
[0m[93m[NR_MAC] UE 08a9 RA failed at state WAIT_Msg3 (Reached msg3 max harq rounds)
[0m[93m[NR_MAC] UE 7e36 RA failed at state WAIT_Msg3 (Reached msg3 max harq rounds)
[0m[93m[NR_MAC] UE 94f5 RA failed at state WAIT_Msg3 (Reached msg3 max harq rounds)
[0m[93m[NR_MAC] UE 8b1a RA failed at state WAIT_Msg3 (Reached msg3 max harq rounds)
[0m[93m[NR_MAC] UE 507e RA failed at state WAIT_Msg3 (Reached msg3 max harq rounds)
[0m[1;31m[NR_MAC] Invalid PDU! mac_subheader_len: 3, mac_len: 52012, remaining pdu_len: 5
[0m[1;31m[NR_MAC] Residual UL MAC PDU: [0m[1;31m[NR_MAC] Invalid PDU in 193.18 for RNTI CF98! mac_subheader_len: 3, mac_len: 52012, remaining pdu_len: 5
[0m[1;31m[NR_MAC] Residual UL MAC PDU: [0m[93m[RLC]    Radio Bearer (channel ID 0) is NULL for UE 53144
[0m[93m[RLC]    Radio Bearer (channel ID 0) is NULL for UE 53144
[0m[93m[RLC]    Radio Bearer (channel ID 0) is NULL for UE 53144
[0m[93m[RLC]    Radio Bearer (channel ID 0) is NULL for UE 53144
[0m[93m[RLC]    Radio Bearer (channel ID 0) is NULL for UE 53144
[0m[93m[RLC]    Radio Bearer (channel ID 0) is NULL for UE 53144
[0m[93m[RLC]    Radio Bearer (channel ID 0) is NULL for UE 53144
[0m[93m[RLC]    Radio Bearer (channel ID 0) is NULL for UE 53144
[0m[93m[RLC]    Radio Bearer (channel ID 0) is NULL for UE 53144
[0m[93m[RLC]    Radio Bearer (channel ID 0) is NULL for UE 53144
[0m[93m[RLC]    Radio Bearer (channel ID 0) is NULL for UE 53144
[0m[93m[RLC]    Radio Bearer (channel ID 0) is NULL for UE 53144
[0m[93m[RLC]    Radio Bearer (channel ID 0) is NULL for UE 53144
[0m[93m[RLC]    Radio Bearer (channel ID 0) is NULL for UE 53144
[0m[93m[RLC]    Radio Bearer (channel ID 0) is NULL for UE 53144
[0m[93m[RLC]    Radio Bearer (channel ID 0) is NULL for UE 53144
[0m[93m[RLC]    Radio Bearer (channel ID 0) is NULL for UE 53144
[0m[93m[RLC]    Radio Bearer (channel ID 0) is NULL for UE 53144
[0m[93m[RLC]    Radio Bearer (channel ID 0) is NULL for UE 53144
[0m[93m[RLC]    Radio Bearer (channel ID 0) is NULL for UE 53144
[0m[93m[RLC]    Radio Bearer (channel ID 0) is NULL for UE 53144
[0m[93m[RLC]    Radio Bearer (channel ID 0) is NULL for UE 53144
[0m[93m[RLC]    Radio Bearer (channel ID 0) is NULL for UE 53144
[0m[93m[RLC]    Radio Bearer (channel ID 0) is NULL for UE 53144
[0m[93m[RLC]    Radio Bearer (channel ID 0) is NULL for UE 53144
[0m[93m[RLC]    Radio Bearer (channel ID 0) is NULL for UE 53144
[0m[93m[RLC]    Radio Bearer (channel ID 0) is NULL for UE 53144
[0m[93m[RLC]    Radio Bearer (channel ID 0) is NULL for UE 53144
[0m[93m[RLC]    Radio Bearer (channel ID 0) is NULL for UE 53144
[0m[93m[RLC]    Radio Bearer (channel ID 0) is NULL for UE 53144
[0m[93m[RLC]    Radio Bearer (channel ID 0) is NULL for UE 53144
[0m[93m[RLC]    Radio Bearer (channel ID 0) is NULL for UE 53144
[0m[93m[RLC]    Radio Bearer (channel ID 0) is NULL for UE 53144
[0m[93m[RLC]    Radio Bearer (channel ID 0) is NULL for UE 53144
[0m[93m[RLC]    Radio Bearer (channel ID 0) is NULL for UE 53144
[0m[93m[RLC]    Radio Bearer (channel ID 0) is NULL for UE 53144
[0m[93m[RLC]    Radio Bearer (channel ID 0) is NULL for UE 53144
[0m[93m[RLC]    Radio Bearer (channel ID 0) is NULL for UE 53144
[0m[93m[RLC]    Radio Bearer (channel ID 0) is NULL for UE 53144
[0m[93m[RLC]    Radio Bearer (channel ID 0) is NULL for UE 53144
[0m[93m[RLC]    Radio Bearer (channel ID 0) is NULL for UE 53144
[0m[93m[RLC]    Radio Bearer (channel ID 0) is NULL for UE 53144
[0m[93m[RLC]    Radio Bearer (channel ID 0) is NULL for UE 53144
[0m[93m[RLC]    Radio Bearer (channel ID 0) is NULL for UE 53144
[0m[93m[RLC]    Radio Bearer (channel ID 0) is NULL for UE 53144
[0m[93m[RLC]    Radio Bearer (channel ID 0) is NULL for UE 53144
[0m[93m[RLC]    Radio Bearer (channel ID 0) is NULL for UE 53144
[0m[93m[RLC]    Radio Bearer (channel ID 0) is NULL for UE 53144
[0m[93m[RLC]    Radio Bearer (channel ID 0) is NULL for UE 53144
[0m[93m[RLC]    Radio Bearer (channel ID 0) is NULL for UE 53144
[0m[93m[RLC]    Radio Bearer (channel ID 0) is NULL for UE 53144
[0m[93m[RLC]    Radio Bearer (channel ID 0) is NULL for UE 53144
[0m[93m[RLC]    Radio Bearer (channel ID 0) is NULL for UE 53144
[0m[93m[RLC]    Radio Bearer (channel ID 0) is NULL for UE 53144
[0m[93m[RLC]    Radio Bearer (channel ID 0) is NULL for UE 53144
[0m[93m[RLC]    Radio Bearer (channel ID 0) is NULL for UE 53144
[0m[93m[RLC]    Radio Bearer (channel ID 0) is NULL for UE 53144
[0m[93m[RLC]    Radio Bearer (channel ID 0) is NULL for UE 53144
[0m[93m[RLC]    Radio Bearer (channel ID 0) is NULL for UE 53144
[0m[93m[RLC]    Radio Bearer (channel ID 0) is NULL for UE 53144
[0m[93m[RLC]    Radio Bearer (channel ID 0) is NULL for UE 53144
[0m[93m[RLC]    Radio Bearer (channel ID 0) is NULL for UE 53144
[0m[93m[RLC]    Radio Bearer (channel ID 0) is NULL for UE 53144
[0m[93m[RLC]    Radio Bearer (channel ID 0) is NULL for UE 53144
[0m[93m[RLC]    Radio Bearer (channel ID 0) is NULL for UE 53144
[0m[93m[RLC]    Radio Bearer (channel ID 0) is NULL for UE 53144
[0m[93m[RLC]    Radio Bearer (channel ID 0) is NULL for UE 53144
[0m[93m[RLC]    Radio Bearer (channel ID 0) is NULL for UE 53144
[0m[93m[RLC]    Radio Bearer (channel ID 0) is NULL for UE 53144
[0m[93m[RLC]    Radio Bearer (channel ID 0) is NULL for UE 53144
[0m[93m[RLC]    Radio Bearer (channel ID 0) is NULL for UE 53144
[0m[93m[RLC]    Radio Bearer (channel ID 0) is NULL for UE 53144
[0m[93m[RLC]    Radio Bearer (channel ID 0) is NULL for UE 53144
[0m[93m[RLC]    Radio Bearer (channel ID 0) is NULL for UE 53144
[0m[93m[RLC]    Radio Bearer (channel ID 0) is NULL for UE 53144
[0m[93m[RLC]    Radio Bearer (channel ID 0) is NULL for UE 53144
[0m[93m[RLC]    Radio Bearer (channel ID 0) is NULL for UE 53144
[0m[93m[RLC]    Radio Bearer (channel ID 0) is NULL for UE 53144
[0m[93m[RLC]    Radio Bearer (channel ID 0) is NULL for UE 53144
[0m[93m[RLC]    Radio Bearer (channel ID 0) is NULL for UE 53144
[0m[93m[RLC]    Radio Bearer (channel ID 0) is NULL for UE 53144
[0m[93m[RLC]    Radio Bearer (channel ID 0) is NULL for UE 53144
[0m[93m[RLC]    Radio Bearer (channel ID 0) is NULL for UE 53144
[0m[93m[RLC]    Radio Bearer (channel ID 0) is NULL for UE 53144
[0m[93m[RLC]    Radio Bearer (channel ID 0) is NULL for UE 53144
[0m[93m[RLC]    Radio Bearer (channel ID 0) is NULL for UE 53144
[0m[93m[RLC]    Radio Bearer (channel ID 0) is NULL for UE 53144
[0m[93m[RLC]    Radio Bearer (channel ID 0) is NULL for UE 53144
[0m[93m[RLC]    Radio Bearer (channel ID 0) is NULL for UE 53144
[0m[93m[RLC]    Radio Bearer (channel ID 0) is NULL for UE 53144
[0m[93m[RLC]    Radio Bearer (channel ID 0) is NULL for UE 53144
[0m[93m[RLC]    Radio Bearer (channel ID 0) is NULL for UE 53144
[0m[93m[RLC]    Radio Bearer (channel ID 0) is NULL for UE 53144
[0m[93m[RLC]    Radio Bearer (channel ID 0) is NULL for UE 53144
[0m[93m[RLC]    Radio Bearer (channel ID 0) is NULL for UE 53144
[0m[93m[RLC]    Radio Bearer (channel ID 0) is NULL for UE 53144
[0m[93m[RLC]    Radio Bearer (channel ID 0) is NULL for UE 53144
[0m[93m[RLC]    Radio Bearer (channel ID 0) is NULL for UE 53144
[0m[93m[RLC]    Radio Bearer (channel ID 0) is NULL for UE 53144
[0m[93m[RLC]    Radio Bearer (channel ID 0) is NULL for UE 53144
[0m[93m[RLC]    Radio Bearer (channel ID 0) is NULL for UE 53144
[0m[93m[RLC]    Radio Bearer (channel ID 0) is NULL for UE 53144
[0m[93m[RLC]    Radio Bearer (channel ID 0) is NULL for UE 53144
[0m[93m[RLC]    Radio Bearer (channel ID 0) is NULL for UE 53144
[0m[93m[RLC]    Radio Bearer (channel ID 0) is NULL for UE 53144
[0m[93m[RLC]    Radio Bearer (channel ID 0) is NULL for UE 53144
[0m[93m[RLC]    Radio Bearer (channel ID 0) is NULL for UE 53144
[0m[93m[RLC]    Radio Bearer (channel ID 0) is NULL for UE 53144
[0m[93m[RLC]    Radio Bearer (channel ID 0) is NULL for UE 53144
[0m[93m[NR_MAC] (201.6) RA Contention Resolution timer expired for UE 0xcf98, RA procedure failed...
[0m[93m[NR_MAC] UE 186d RA failed at state WAIT_Msg3 (Reached msg3 max harq rounds)
[0m[93m[NR_MAC] UE 4392 RA failed at state WAIT_Msg3 (Reached msg3 max harq rounds)
[0m[93m[NR_MAC] UE 744b RA failed at state WAIT_Msg3 (Reached msg3 max harq rounds)
[0m[93m[NR_MAC] UE 37b8 RA failed at state WAIT_Msg3 (Reached msg3 max harq rounds)
[0m[93m[NR_MAC] UE af77 RA failed at state WAIT_Msg3 (Reached msg3 max harq rounds)
[0m[93m[NR_MAC] UE a2a7 RA failed at state WAIT_Msg3 (Reached msg3 max harq rounds)
[0m[93m[NR_MAC] UE 75e7 RA failed at state WAIT_Msg3 (Reached msg3 max harq rounds)
[0m[HW]     [o-du 0][rx 1053669 pps   10752 kbps   43008][tx 3123500 pps   31872 kbps  108900][Total Msgs_Rcvd 1053669]
[0m[HW]     [FH LOAD][o-du 0] rx=43.008 Mbps tx=108.900 Mbps total=151.908 Mbps rx_pps=10752 tx_pps=31872 total_pps=42624
[0m[HW]     [o_du0][pusch0  903132 prach0  150528]
[0m[93m[NR_MAC] UE a487 RA failed at state WAIT_Msg3 (Reached msg3 max harq rounds)
[0m[93m[NR_MAC] UE 1cf4 RA failed at state WAIT_Msg3 (Reached msg3 max harq rounds)
[0m[93m[NR_MAC] UE 540b RA failed at state WAIT_Msg3 (Reached msg3 max harq rounds)
[0m[MAC]    [RAPROC] Received SDU for CCCH length 6 for UE 9d8d
[0m[93m[NR_MAC] (293.6) RA Contention Resolution timer expired for UE 0x9d8d, RA procedure failed...
[0m[93m[NGAP]   Failed to find ue context associated with gNB ue ngap id: 1
[0m[93m[RLC]    Remove UE 40333
[0m[1;31m[NGAP]   Failed to find ue context associated with gNB ue ngap id: 1
[0m[93m[NR_MAC] UE f5c5 RA failed at state WAIT_Msg3 (Reached msg3 max harq rounds)
[0m[93m[NR_MAC] UE 6428 RA failed at state WAIT_Msg3 (Reached msg3 max harq rounds)
[0m[93m[NR_MAC] UE 5b3b RA failed at state WAIT_Msg3 (Reached msg3 max harq rounds)
[0m[93m[NR_MAC] UE 432c RA failed at state WAIT_Msg3 (Reached msg3 max harq rounds)
[0m[93m[NR_MAC] UE 5131 RA failed at state WAIT_Msg3 (Reached msg3 max harq rounds)
[0m[93m[NR_MAC] UE a788 RA failed at state WAIT_Msg3 (Reached msg3 max harq rounds)
[0m[93m[NR_MAC] UE 4632 RA failed at state WAIT_Msg3 (Reached msg3 max harq rounds)
[0m[93m[NR_MAC] UE 9ae6 RA failed at state WAIT_Msg3 (Reached msg3 max harq rounds)
[0m[HW]     [o-du 0][rx 1064421 pps   10752 kbps   43008][tx 3155372 pps   31872 kbps  108900][Total Msgs_Rcvd 1064421]
[0m[HW]     [FH LOAD][o-du 0] rx=43.008 Mbps tx=108.900 Mbps total=151.908 Mbps rx_pps=10752 tx_pps=31872 total_pps=42624
[0m[HW]     [o_du0][pusch0  912348 prach0  152064]
[0m[93m[NR_MAC] UE bc66 RA failed at state WAIT_Msg3 (Reached msg3 max harq rounds)
[0m[93m[NR_MAC] UE 17e6 RA failed at state WAIT_Msg3 (Reached msg3 max harq rounds)
[0m[93m[NR_MAC] No UE found with C-RNTI f8bf, ignoring Msg3 to have UE come back with new RA attempt
[0m[93m[NR_MAC] No UE found with C-RNTI f2df, ignoring Msg3 to have UE come back with new RA attempt
[0m[93m[NR_MAC] UE 3b8d RA failed at state WAIT_Msg3 (Reached msg3 max harq rounds)
[0m[93m[NR_MAC] UE b193 RA failed at state WAIT_Msg3 (Reached msg3 max harq rounds)
[0m[93m[NR_MAC] UE cea5 RA failed at state WAIT_Msg3 (Reached msg3 max harq rounds)
[0m[93m[NR_MAC] UE 58d9 RA failed at state WAIT_Msg3 (Reached msg3 max harq rounds)
[0m[93m[NR_MAC] No UE found with C-RNTI 8896, ignoring Msg3 to have UE come back with new RA attempt
[0m[93m[NR_MAC] UE a2dd RA failed at state WAIT_Msg3 (Reached msg3 max harq rounds)
[0m[93m[NR_MAC] No UE found with C-RNTI fd3c, ignoring Msg3 to have UE come back with new RA attempt
[0m[93m[NR_MAC] UE 9a8d RA failed at state WAIT_Msg3 (Reached msg3 max harq rounds)
[0m[MAC]    [RAPROC] Received SDU for CCCH length 6 for UE fc49
[0m[93m[NR_MAC] (494.6) RA Contention Resolution timer expired for UE 0xfc49, RA procedure failed...
[0m[93m[NGAP]   Failed to find ue context associated with gNB ue ngap id: 1
[0m[93m[RLC]    Remove UE 64585
[0m[1;31m[NGAP]   Failed to find ue context associated with gNB ue ngap id: 1
[0m[HW]     [o-du 0][rx 1075174 pps   10753 kbps   43016][tx 3187244 pps   31872 kbps  108900][Total Msgs_Rcvd 1075174]
[0m[HW]     [FH LOAD][o-du 0] rx=43.016 Mbps tx=108.900 Mbps total=151.916 Mbps rx_pps=10753 tx_pps=31872 total_pps=42625
[0m[HW]     [o_du0][pusch0  921564 prach0  153600]
[0m[93m[NR_MAC] No UE found with C-RNTI 952b, ignoring Msg3 to have UE come back with new RA attempt
[0m[93m[NR_MAC] No UE found with C-RNTI 866e, ignoring Msg3 to have UE come back with new RA attempt
[0m[93m[NR_MAC] No UE found with C-RNTI 6019, ignoring Msg3 to have UE come back with new RA attempt
[0m[93m[NR_MAC] No UE found with C-RNTI 73fb, ignoring Msg3 to have UE come back with new RA attempt
[0m[93m[NR_MAC] No UE found with C-RNTI 3dfe, ignoring Msg3 to have UE come back with new RA attempt
[0m[93m[NR_MAC] No UE found with C-RNTI c738, ignoring Msg3 to have UE come back with new RA attempt
[0m[93m[NR_MAC] No UE found with C-RNTI 5320, ignoring Msg3 to have UE come back with new RA attempt
[0m[93m[NR_MAC] UE 7cb0 RA failed at state WAIT_Msg3 (Reached msg3 max harq rounds)
[0m[93m[NR_MAC] UE a5fb RA failed at state WAIT_Msg3 (Reached msg3 max harq rounds)
[0m[93m[NR_MAC] No UE found with C-RNTI b11b, ignoring Msg3 to have UE come back with new RA attempt
[0m[93m[NR_MAC] No UE found with C-RNTI 880c, ignoring Msg3 to have UE come back with new RA attempt
[0m[93m[NR_MAC] No UE found with C-RNTI 7ff7, ignoring Msg3 to have UE come back with new RA attempt
[0m[93m[NR_MAC] No UE found with C-RNTI 4c78, ignoring Msg3 to have UE come back with new RA attempt
[0m[93m[NR_MAC] No UE found with C-RNTI 6d3e, ignoring Msg3 to have UE come back with new RA attempt
[0m[93m[NR_MAC] No UE found with C-RNTI d880, ignoring Msg3 to have UE come back with new RA attempt
[0m[HW]     [o-du 0][rx 1085926 pps   10752 kbps   43008][tx 3219116 pps   31872 kbps  108900][Total Msgs_Rcvd 1085926]
[0m[HW]     [FH LOAD][o-du 0] rx=43.008 Mbps tx=108.900 Mbps total=151.908 Mbps rx_pps=10752 tx_pps=31872 total_pps=42624
[0m[HW]     [o_du0][pusch0  930780 prach0  155136]
[0m[93m[NR_MAC] No UE found with C-RNTI ae7b, ignoring Msg3 to have UE come back with new RA attempt
[0m[93m[NR_MAC] No UE found with C-RNTI fee2, ignoring Msg3 to have UE come back with new RA attempt
[0m[93m[NR_MAC] No UE found with C-RNTI 2079, ignoring Msg3 to have UE come back with new RA attempt
[0m[93m[NR_MAC] No UE found with C-RNTI 5e6e, ignoring Msg3 to have UE come back with new RA attempt
[0m[93m[NR_MAC] UE 81dd RA failed at state WAIT_Msg3 (Reached msg3 max harq rounds)
[0m[MAC]    [RAPROC] Received SDU for CCCH length 6 for UE 255b
[0m[93m[NR_MAC] (695.6) RA Contention Resolution timer expired for UE 0x255b, RA procedure failed...
[0m[93m[NGAP]   Failed to find ue context associated with gNB ue ngap id: 1
[0m[93m[RLC]    Remove UE 9563
[0m[1;31m[NGAP]   Failed to find ue context associated with gNB ue ngap id: 1
[0m[93m[NR_MAC] UE 5a95 RA failed at state WAIT_Msg3 (Reached msg3 max harq rounds)
[0m[93m[NR_MAC] UE ea6d RA failed at state WAIT_Msg3 (Reached msg3 max harq rounds)
[0m[93m[NR_MAC] No UE found with C-RNTI 6b1a, ignoring Msg3 to have UE come back with new RA attempt
[0m[93m[NR_MAC] UE d550 RA failed at state WAIT_Msg3 (Reached msg3 max harq rounds)
[0m[93m[NR_MAC] UE e992 RA failed at state WAIT_Msg3 (Reached msg3 max harq rounds)
[0m[93m[NR_MAC] UE a9fa RA failed at state WAIT_Msg3 (Reached msg3 max harq rounds)
[0m[HW]     [o-du 0][rx 1096678 pps   10752 kbps   42999][tx 3250988 pps   31872 kbps  108900][Total Msgs_Rcvd 1096678]
[0m[HW]     [FH LOAD][o-du 0] rx=42.999 Mbps tx=108.900 Mbps total=151.899 Mbps rx_pps=10752 tx_pps=31872 total_pps=42624
[0m[HW]     [o_du0][pusch0  939996 prach0  156672]
[0m[93m[NR_MAC] No UE found with C-RNTI c144, ignoring Msg3 to have UE come back with new RA attempt
[0m[93m[NR_MAC] No UE found with C-RNTI cc90, ignoring Msg3 to have UE come back with new RA attempt
[0m[93m[NR_MAC] No UE found with C-RNTI eb18, ignoring Msg3 to have UE come back with new RA attempt
[0m[93m[NR_MAC] No UE found with C-RNTI e601, ignoring Msg3 to have UE come back with new RA attempt
[0m[93m[NR_MAC] No UE found with C-RNTI 6512, ignoring Msg3 to have UE come back with new RA attempt
[0m[93m[NR_MAC] No UE found with C-RNTI d178, ignoring Msg3 to have UE come back with new RA attempt
[0m[93m[NR_MAC] No UE found with C-RNTI 1b19, ignoring Msg3 to have UE come back with new RA attempt
[0m[93m[NR_MAC] UE 3935 RA failed at state WAIT_Msg3 (Reached msg3 max harq rounds)
[0m[93m[NR_MAC] No UE found with C-RNTI b58f, ignoring Msg3 to have UE come back with new RA attempt
[0m[93m[NR_MAC] UE cd80 RA failed at state WAIT_Msg3 (Reached msg3 max harq rounds)
[0m[93m[NR_MAC] UE 330e RA failed at state WAIT_Msg3 (Reached msg3 max harq rounds)
[0m[93m[NR_MAC] No UE found with C-RNTI 6b90, ignoring Msg3 to have UE come back with new RA attempt
[0m[93m[NR_MAC] No UE found with C-RNTI 4f49, ignoring Msg3 to have UE come back with new RA attempt
[0m[93m[NR_MAC] No UE found with C-RNTI e323, ignoring Msg3 to have UE come back with new RA attempt
[0m[MAC]    [RAPROC] Received SDU for CCCH length 6 for UE 9b85
[0m[93m[NR_MAC] (895.6) RA Contention Resolution timer expired for UE 0x9b85, RA procedure failed...
[0m[93m[NGAP]   Failed to find ue context associated with gNB ue ngap id: 1
[0m[93m[RLC]    Remove UE 39813
[0m[1;31m[NGAP]   Failed to find ue context associated with gNB ue ngap id: 1
[0m[HW]     [o-du 0][rx 1107430 pps   10752 kbps   43016][tx 3282860 pps   31872 kbps  108900][Total Msgs_Rcvd 1107430]
[0m[HW]     [FH LOAD][o-du 0] rx=43.016 Mbps tx=108.900 Mbps total=151.916 Mbps rx_pps=10752 tx_pps=31872 total_pps=42624
[0m[HW]     [o_du0][pusch0  949212 prach0  158208]
[0m[93m[NR_MAC] No UE found with C-RNTI 3bbb, ignoring Msg3 to have UE come back with new RA attempt
[0m[93m[NR_MAC] UE 70c2 RA failed at state WAIT_Msg3 (Reached msg3 max harq rounds)
[0m[93m[NR_MAC] UE 542b RA failed at state WAIT_Msg3 (Reached msg3 max harq rounds)
[0m[93m[NR_MAC] UE f2e6 RA failed at state WAIT_Msg3 (Reached msg3 max harq rounds)
[0m[93m[NR_MAC] UE 25ee RA failed at state WAIT_Msg3 (Reached msg3 max harq rounds)
[0m[93m[NR_MAC] UE 1c27 RA failed at state WAIT_Msg3 (Reached msg3 max harq rounds)
[0m[93m[NR_MAC] No UE found with C-RNTI 14f6, ignoring Msg3 to have UE come back with new RA attempt
[0m[93m[NR_MAC] UE 48a4 RA failed at state WAIT_Msg3 (Reached msg3 max harq rounds)
[0m[93m[NR_MAC] UE ec14 RA failed at state WAIT_Msg3 (Reached msg3 max harq rounds)
[0m[93m[NR_MAC] UE 1fa3 RA failed at state WAIT_Msg3 (Reached msg3 max harq rounds)
[0m[93m[NR_MAC] UE 522f RA failed at state WAIT_Msg3 (Reached msg3 max harq rounds)
[0m[93m[NR_MAC] UE 9dd6 RA failed at state WAIT_Msg3 (Reached msg3 max harq rounds)
[0m[93m[NR_MAC] UE b03b RA failed at state WAIT_Msg3 (Reached msg3 max harq rounds)
[0m[HW]     [o-du 0][rx 1118182 pps   10752 kbps   43008][tx 3314732 pps   31872 kbps  108900][Total Msgs_Rcvd 1118182]
[0m[HW]     [FH LOAD][o-du 0] rx=43.008 Mbps tx=108.900 Mbps total=151.908 Mbps rx_pps=10752 tx_pps=31872 total_pps=42624
[0m[HW]     [o_du0][pusch0  958428 prach0  159744]
[0m[PHY]    prach_I0 = 2.8 dB
[0m[93m[NR_MAC] UE 01c6 RA failed at state WAIT_Msg3 (Reached msg3 max harq rounds)
[0m[93m[NR_MAC] UE 7ea7 RA failed at state WAIT_Msg3 (Reached msg3 max harq rounds)
[0m[93m[NR_MAC] UE 050d RA failed at state WAIT_Msg3 (Reached msg3 max harq rounds)
[0m[93m[NR_MAC] UE b31b RA failed at state WAIT_Msg3 (Reached msg3 max harq rounds)
[0m[93m[HW]     TTI processing delay detected, skipping   35. 4 =>   35. 7
[0m[1;31m[HW]     Received Time doesn't correspond to the time we think it is (slot mismatch, received 35.7, expected 35.4)
[0m[93m[NR_MAC] UE 5869 RA failed at state WAIT_Msg3 (Reached msg3 max harq rounds)
[0m[93m[NR_MAC] UE 503b RA failed at state WAIT_Msg3 (Reached msg3 max harq rounds)
[0m[93m[NR_MAC] UE d912 RA failed at state WAIT_Msg3 (Reached msg3 max harq rounds)
[0m[MAC]    [RAPROC] Received SDU for CCCH length 6 for UE 1b55
[0m[93m[NR_MAC] (72.6) RA Contention Resolution timer expired for UE 0x1b55, RA procedure failed...
[0m[93m[NGAP]   Failed to find ue context associated with gNB ue ngap id: 1
[0m[93m[RLC]    Remove UE 6997
[0m[1;31m[NGAP]   Failed to find ue context associated with gNB ue ngap id: 1
[0m[93m[NR_MAC] No UE found with C-RNTI b9bc, ignoring Msg3 to have UE come back with new RA attempt
[0m[93m[NR_MAC] No UE found with C-RNTI 6385, ignoring Msg3 to have UE come back with new RA attempt
[0m[93m[NR_MAC] No UE found with C-RNTI 0a41, ignoring Msg3 to have UE come back with new RA attempt
[0m[93m[NR_MAC] No UE found with C-RNTI b000, ignoring Msg3 to have UE come back with new RA attempt
[0m[HW]     [o-du 0][rx 1128934 pps   10752 kbps   43002][tx 3346604 pps   31872 kbps  108900][Total Msgs_Rcvd 1128934]
[0m[HW]     [FH LOAD][o-du 0] rx=43.002 Mbps tx=108.900 Mbps total=151.902 Mbps rx_pps=10752 tx_pps=31872 total_pps=42624
[0m[HW]     [o_du0][pusch0  967644 prach0  161280]
[0m[93m[NR_MAC] No UE found with C-RNTI 2a47, ignoring Msg3 to have UE come back with new RA attempt
[0m[93m[NR_MAC] No UE found with C-RNTI cf03, ignoring Msg3 to have UE come back with new RA attempt
[0m[93m[NR_MAC] No UE found with C-RNTI af9f, ignoring Msg3 to have UE come back with new RA attempt
[0m[93m[NR_MAC] UE f6c3 RA failed at state WAIT_Msg3 (Reached msg3 max harq rounds)
[0m[93m[NR_MAC] No UE found with C-RNTI fbd5, ignoring Msg3 to have UE come back with new RA attempt
[0m[93m[NR_MAC] No UE found with C-RNTI b862, ignoring Msg3 to have UE come back with new RA attempt
[0m[93m[NR_MAC] No UE found with C-RNTI 70ae, ignoring Msg3 to have UE come back with new RA attempt
[0m[93m[NR_MAC] No UE found with C-RNTI d55a, ignoring Msg3 to have UE come back with new RA attempt
[0m[93m[NR_MAC] No UE found with C-RNTI f0b1, ignoring Msg3 to have UE come back with new RA attempt
[0m[93m[NR_MAC] No UE found with C-RNTI eb5e, ignoring Msg3 to have UE come back with new RA attempt
[0m[93m[NR_MAC] No UE found with C-RNTI e806, ignoring Msg3 to have UE come back with new RA attempt
[0m[93m[NR_MAC] No UE found with C-RNTI c03b, ignoring Msg3 to have UE come back with new RA attempt
[0m[93m[NR_MAC] No UE found with C-RNTI 4f09, ignoring Msg3 to have UE come back with new RA attempt
[0m[93m[NR_MAC] No UE found with C-RNTI 80a0, ignoring Msg3 to have UE come back with new RA attempt
[0m[93m[NR_MAC] UE 4026 RA failed at state WAIT_Msg3 (Reached msg3 max harq rounds)
[0m[93m[NR_MAC] No UE found with C-RNTI 1a9a, ignoring Msg3 to have UE come back with new RA attempt
[0m[HW]     [o-du 0][rx 1139686 pps   10752 kbps   43013][tx 3378476 pps   31872 kbps  108900][Total Msgs_Rcvd 1139686]
[0m[HW]     [FH LOAD][o-du 0] rx=43.013 Mbps tx=108.900 Mbps total=151.913 Mbps rx_pps=10752 tx_pps=31872 total_pps=42624
[0m[HW]     [o_du0][pusch0  976860 prach0  162816]
[0m[MAC]    [RAPROC] Received SDU for CCCH length 6 for UE 42b4
[0m[93m[NR_MAC] (273.6) RA Contention Resolution timer expired for UE 0x42b4, RA procedure failed...
[0m[93m[NGAP]   Failed to find ue context associated with gNB ue ngap id: 1
[0m[93m[RLC]    Remove UE 17076
[0m[1;31m[NGAP]   Failed to find ue context associated with gNB ue ngap id: 1
[0m[93m[NR_MAC] No UE found with C-RNTI 22b0, ignoring Msg3 to have UE come back with new RA attempt
[0m[93m[NR_MAC] UE 12ad RA failed at state WAIT_Msg3 (Reached msg3 max harq rounds)
[0m[93m[NR_MAC] UE bc96 RA failed at state WAIT_Msg3 (Reached msg3 max harq rounds)
[0m[93m[NR_MAC] UE 9c7f RA failed at state WAIT_Msg3 (Reached msg3 max harq rounds)
[0m[93m[NR_MAC] UE a39d RA failed at state WAIT_Msg3 (Reached msg3 max harq rounds)
[0m[93m[NR_MAC] No UE found with C-RNTI 1bd6, ignoring Msg3 to have UE come back with new RA attempt
[0m[93m[NR_MAC] UE af4c RA failed at state WAIT_Msg3 (Reached msg3 max harq rounds)
[0m[93m[HW]     TTI processing delay detected, skipping  357. 4 =>  357. 7
[0m[1;31m[HW]     Received Time doesn't correspond to the time we think it is (slot mismatch, received 357.7, expected 357.4)
[0m[93m[NR_MAC] UE 14cf RA failed at state WAIT_Msg3 (Reached msg3 max harq rounds)
[0m[93m[NR_MAC] No UE found with C-RNTI 6415, ignoring Msg3 to have UE come back with new RA attempt
[0m[93m[NR_MAC] UE d9f6 RA failed at state WAIT_Msg3 (Reached msg3 max harq rounds)
[0m[93m[NR_MAC] No UE found with C-RNTI b229, ignoring Msg3 to have UE come back with new RA attempt
[0m[HW]     [o-du 0][rx 1150438 pps   10752 kbps   43008][tx 3410348 pps   31872 kbps  108900][Total Msgs_Rcvd 1150438]
[0m[HW]     [FH LOAD][o-du 0] rx=43.008 Mbps tx=108.900 Mbps total=151.908 Mbps rx_pps=10752 tx_pps=31872 total_pps=42624
[0m[HW]     [o_du0][pusch0  986076 prach0  164352]
[0m[93m[NR_MAC] No UE found with C-RNTI e227, ignoring Msg3 to have UE come back with new RA attempt
[0m[93m[NR_MAC] No UE found with C-RNTI 05a7, ignoring Msg3 to have UE come back with new RA attempt
[0m[93m[NR_MAC] No UE found with C-RNTI 7b5b, ignoring Msg3 to have UE come back with new RA attempt
[0m[93m[NR_MAC] UE 86ee RA failed at state WAIT_Msg3 (Reached msg3 max harq rounds)
[0m[93m[NR_MAC] UE 1914 RA failed at state WAIT_Msg3 (Reached msg3 max harq rounds)
[0m[93m[NR_MAC] UE 3f6c RA failed at state WAIT_Msg3 (Reached msg3 max harq rounds)
[0m[93m[NR_MAC] UE 14cd RA failed at state WAIT_Msg3 (Reached msg3 max harq rounds)
[0m[93m[NR_MAC] No UE found with C-RNTI 305f, ignoring Msg3 to have UE come back with new RA attempt
[0m[93m[NR_MAC] No UE found with C-RNTI 6a53, ignoring Msg3 to have UE come back with new RA attempt
[0m[MAC]    [RAPROC] Received SDU for CCCH length 6 for UE 9482
[0m[93m[NR_MAC] (473.6) RA Contention Resolution timer expired for UE 0x9482, RA procedure failed...
[0m[93m[NGAP]   Failed to find ue context associated with gNB ue ngap id: 1
[0m[93m[RLC]    Remove UE 38018
[0m[1;31m[NGAP]   Failed to find ue context associated with gNB ue ngap id: 1
[0m[93m[NR_MAC] UE b593 RA failed at state WAIT_Msg3 (Reached msg3 max harq rounds)
[0m[93m[NR_MAC] UE 6e51 RA failed at state WAIT_Msg3 (Reached msg3 max harq rounds)
[0m[HW]     [o-du 0][rx 1161190 pps   10752 kbps   42999][tx 3442220 pps   31872 kbps  108900][Total Msgs_Rcvd 1161190]
[0m[HW]     [FH LOAD][o-du 0] rx=42.999 Mbps tx=108.900 Mbps total=151.899 Mbps rx_pps=10752 tx_pps=31872 total_pps=42624
[0m[HW]     [o_du0][pusch0  995292 prach0  165888]
[0m[93m[NR_MAC] UE 47cc RA failed at state WAIT_Msg3 (Reached msg3 max harq rounds)
[0m[93m[NR_MAC] UE 8234 RA failed at state WAIT_Msg3 (Reached msg3 max harq rounds)
[0m[93m[NR_MAC] No UE found with C-RNTI 9c5a, ignoring Msg3 to have UE come back with new RA attempt
[0m[93m[NR_MAC] No UE found with C-RNTI 8cb9, ignoring Msg3 to have UE come back with new RA attempt
[0m[93m[NR_MAC] UE d314 RA failed at state WAIT_Msg3 (Reached msg3 max harq rounds)
[0m[93m[NR_MAC] UE f9f2 RA failed at state WAIT_Msg3 (Reached msg3 max harq rounds)
[0m[93m[NR_MAC] No UE found with C-RNTI d04a, ignoring Msg3 to have UE come back with new RA attempt
[0m[93m[NR_MAC] UE 4ce5 RA failed at state WAIT_Msg3 (Reached msg3 max harq rounds)
[0m[93m[NR_MAC] No UE found with C-RNTI de39, ignoring Msg3 to have UE come back with new RA attempt
[0m[93m[NR_MAC] No UE found with C-RNTI 618c, ignoring Msg3 to have UE come back with new RA attempt
[0m[93m[NR_MAC] UE ea6d RA failed at state WAIT_Msg3 (Reached msg3 max harq rounds)
[0m[93m[NR_MAC] UE bbf5 RA failed at state WAIT_Msg3 (Reached msg3 max harq rounds)
[0m[93m[NR_MAC] No UE found with C-RNTI a36c, ignoring Msg3 to have UE come back with new RA attempt
[0m[93m[NR_MAC] No UE found with C-RNTI cf15, ignoring Msg3 to have UE come back with new RA attempt
[0m[93m[NR_MAC] UE d73c RA failed at state WAIT_Msg3 (Reached msg3 max harq rounds)
[0m[93m[NR_MAC] No UE found with C-RNTI 69dd, ignoring Msg3 to have UE come back with new RA attempt
[0m[HW]     [o-du 0][rx 1171942 pps   10752 kbps   43016][tx 3474092 pps   31872 kbps  108900][Total Msgs_Rcvd 1171942]
[0m[HW]     [FH LOAD][o-du 0] rx=43.016 Mbps tx=108.900 Mbps total=151.916 Mbps rx_pps=10752 tx_pps=31872 total_pps=42624
[0m[HW]     [o_du0][pusch0 1004508 prach0  167424]
[0m[93m[NR_MAC] UE 0fd4 RA failed at state WAIT_Msg3 (Reached msg3 max harq rounds)
[0m[93m[NR_MAC] No UE found with C-RNTI 7e51, ignoring Msg3 to have UE come back with new RA attempt
[0m[93m[HW]     TTI processing delay detected, skipping  653. 4 =>  653. 8
[0m[1;31m[HW]     Received Time doesn't correspond to the time we think it is (slot mismatch, received 653.8, expected 653.4)
[0m[MAC]    [RAPROC] Received SDU for CCCH length 6 for UE db6c
[0m[93m[NR_MAC] (674.6) RA Contention Resolution timer expired for UE 0xdb6c, RA procedure failed...
[0m[93m[NGAP]   Failed to find ue context associated with gNB ue ngap id: 1
[0m[93m[RLC]    Remove UE 56172
[0m[1;31m[NGAP]   Failed to find ue context associated with gNB ue ngap id: 1
[0m[93m[NR_MAC] No UE found with C-RNTI 1fff, ignoring Msg3 to have UE come back with new RA attempt
[0m[93m[NR_MAC] No UE found with C-RNTI 9da0, ignoring Msg3 to have UE come back with new RA attempt
[0m[93m[NR_MAC] No UE found with C-RNTI c7c9, ignoring Msg3 to have UE come back with new RA attempt
[0m[93m[NR_MAC] No UE found with C-RNTI e58d, ignoring Msg3 to have UE come back with new RA attempt
[0m[93m[NR_MAC] UE 67d5 RA failed at state WAIT_Msg3 (Reached msg3 max harq rounds)
[0m[93m[NR_MAC] No UE found with C-RNTI 681a, ignoring Msg3 to have UE come back with new RA attempt
[0m[93m[NR_MAC] UE f7a8 RA failed at state WAIT_Msg3 (Reached msg3 max harq rounds)
[0m[93m[NR_MAC] UE d188 RA failed at state WAIT_Msg3 (Reached msg3 max harq rounds)
[0m[93m[NR_MAC] No UE found with C-RNTI 2e45, ignoring Msg3 to have UE come back with new RA attempt
[0m[HW]     [o-du 0][rx 1182694 pps   10752 kbps   43008][tx 3505964 pps   31872 kbps  108900][Total Msgs_Rcvd 1182694]
[0m[HW]     [FH LOAD][o-du 0] rx=43.008 Mbps tx=108.900 Mbps total=151.908 Mbps rx_pps=10752 tx_pps=31872 total_pps=42624
[0m[HW]     [o_du0][pusch0 1013724 prach0  168960]
[0m[93m[NR_MAC] No UE found with C-RNTI c1a9, ignoring Msg3 to have UE come back with new RA attempt
[0m[93m[NR_MAC] No UE found with C-RNTI 42dc, ignoring Msg3 to have UE come back with new RA attempt
[0m[93m[NR_MAC] No UE found with C-RNTI b9b0, ignoring Msg3 to have UE come back with new RA attempt
[0m[93m[NR_MAC] No UE found with C-RNTI 1939, ignoring Msg3 to have UE come back with new RA attempt
[0m[93m[NR_MAC] No UE found with C-RNTI 549f, ignoring Msg3 to have UE come back with new RA attempt
[0m[93m[NR_MAC] No UE found with C-RNTI 90fe, ignoring Msg3 to have UE come back with new RA attempt
[0m[93m[NR_MAC] No UE found with C-RNTI 0214, ignoring Msg3 to have UE come back with new RA attempt
[0m[93m[NR_MAC] No UE found with C-RNTI 9f11, ignoring Msg3 to have UE come back with new RA attempt
[0m[93m[NR_MAC] No UE found with C-RNTI ac3c, ignoring Msg3 to have UE come back with new RA attempt
[0m[93m[NR_MAC] UE 3492 RA failed at state WAIT_Msg3 (Reached msg3 max harq rounds)
[0m[93m[NR_MAC] UE 02c7 RA failed at state WAIT_Msg3 (Reached msg3 max harq rounds)
[0m[MAC]    [RAPROC] Received SDU for CCCH length 6 for UE 77a3
[0m[93m[NR_MAC] (875.6) RA Contention Resolution timer expired for UE 0x77a3, RA procedure failed...
[0m[93m[NGAP]   Failed to find ue context associated with gNB ue ngap id: 1
[0m[93m[RLC]    Remove UE 30627
[0m[1;31m[NGAP]   Failed to find ue context associated with gNB ue ngap id: 1
[0m[HW]     [o-du 0][rx 1193447 pps   10753 kbps   43005][tx 3537836 pps   31872 kbps  108900][Total Msgs_Rcvd 1193447]
[0m[HW]     [FH LOAD][o-du 0] rx=43.005 Mbps tx=108.900 Mbps total=151.905 Mbps rx_pps=10753 tx_pps=31872 total_pps=42625
[0m[HW]     [o_du0][pusch0 1022940 prach0  170496]
[0m[93m[NR_MAC] No UE found with C-RNTI 2098, ignoring Msg3 to have UE come back with new RA attempt
[0m[93m[NR_MAC] UE fc43 RA failed at state WAIT_Msg3 (Reached msg3 max harq rounds)
[0m[93m[NR_MAC] UE b5ef RA failed at state WAIT_Msg3 (Reached msg3 max harq rounds)
[0m[93m[NR_MAC] UE fa6b RA failed at state WAIT_Msg3 (Reached msg3 max harq rounds)
[0m[93m[NR_MAC] UE 3d36 RA failed at state WAIT_Msg3 (Reached msg3 max harq rounds)
[0m[93m[NR_MAC] UE a4b2 RA failed at state WAIT_Msg3 (Reached msg3 max harq rounds)
[0m[93m[NR_MAC] UE 7fb7 RA failed at state WAIT_Msg3 (Reached msg3 max harq rounds)
[0m[93m[NR_MAC] UE 67df RA failed at state WAIT_Msg3 (Reached msg3 max harq rounds)
[0m[93m[NR_MAC] UE b45d RA failed at state WAIT_Msg3 (Reached msg3 max harq rounds)
[0m[93m[HW]     TTI processing delay detected, skipping  975. 4 =>  975. 8
[0m[1;31m[HW]     Received Time doesn't correspond to the time we think it is (slot mismatch, received 975.8, expected 975.4)
[0m[93m[NR_MAC] UE d97e RA failed at state WAIT_Msg3 (Reached msg3 max harq rounds)
[0m[93m[NR_MAC] UE 109e RA failed at state WAIT_Msg3 (Reached msg3 max harq rounds)
[0m[93m[NR_MAC] No UE found with C-RNTI b102, ignoring Msg3 to have UE come back with new RA attempt
[0m[93m[NR_MAC] No UE found with C-RNTI 0dc7, ignoring Msg3 to have UE come back with new RA attempt
[0m[93m[NR_MAC] UE 7bb6 RA failed at state WAIT_Msg3 (Reached msg3 max harq rounds)
[0m[93m[NR_MAC] UE f3b2 RA failed at state WAIT_Msg3 (Reached msg3 max harq rounds)
[0m[HW]     [o-du 0][rx 1204199 pps   10752 kbps   43008][tx 3569708 pps   31872 kbps  108900][Total Msgs_Rcvd 1204199]
[0m[HW]     [FH LOAD][o-du 0] rx=43.008 Mbps tx=108.900 Mbps total=151.908 Mbps rx_pps=10752 tx_pps=31872 total_pps=42624
[0m[HW]     [o_du0][pusch0 1032156 prach0  172032]
[0m[PHY]    prach_I0 = 5.0 dB
[0m[93m[NR_MAC] UE 8607 RA failed at state WAIT_Msg3 (Reached msg3 max harq rounds)
[0m[93m[NR_MAC] No UE found with C-RNTI 54a2, ignoring Msg3 to have UE come back with new RA attempt
[0m[93m[NR_MAC] UE c9c8 RA failed at state WAIT_Msg3 (Reached msg3 max harq rounds)
[0m[93m[NR_MAC] No UE found with C-RNTI aafd, ignoring Msg3 to have UE come back with new RA attempt
[0m[93m[NR_MAC] UE e93c RA failed at state WAIT_Msg3 (Reached msg3 max harq rounds)
[0m[MAC]    [RAPROC] Received SDU for CCCH length 6 for UE 41d2
[0m[93m[NR_MAC] (51.6) RA Contention Resolution timer expired for UE 0x41d2, RA procedure failed...
[0m[93m[NGAP]   Failed to find ue context associated with gNB ue ngap id: 1
[0m[93m[RLC]    Remove UE 16850
[0m[1;31m[NGAP]   Failed to find ue context associated with gNB ue ngap id: 1
[0m[93m[NR_MAC] UE ef26 RA failed at state WAIT_Msg3 (Reached msg3 max harq rounds)
[0m[93m[NR_MAC] UE 771f RA failed at state WAIT_Msg3 (Reached msg3 max harq rounds)
[0m[93m[NR_MAC] UE f05e RA failed at state WAIT_Msg3 (Reached msg3 max harq rounds)
[0m[93m[NR_MAC] UE c2c1 RA failed at state WAIT_Msg3 (Reached msg3 max harq rounds)
[0m[93m[NR_MAC] No UE found with C-RNTI 60d3, ignoring Msg3 to have UE come back with new RA attempt
[0m[93m[NR_MAC] UE 5512 RA failed at state WAIT_Msg3 (Reached msg3 max harq rounds)
[0m[HW]     [o-du 0][rx 1214952 pps   10753 kbps   43010][tx 3601580 pps   31872 kbps  108900][Total Msgs_Rcvd 1214952]
[0m[HW]     [FH LOAD][o-du 0] rx=43.010 Mbps tx=108.900 Mbps total=151.910 Mbps rx_pps=10753 tx_pps=31872 total_pps=42625
[0m[HW]     [o_du0][pusch0 1041372 prach0  173568]
[0m[93m[NR_MAC] UE c055 RA failed at state WAIT_Msg3 (Reached msg3 max harq rounds)
[0m[93m[NR_MAC] UE 3358 RA failed at state WAIT_Msg3 (Reached msg3 max harq rounds)
[0m[93m[NR_MAC] No UE found with C-RNTI 6a2a, ignoring Msg3 to have UE come back with new RA attempt
[0m[93m[NR_MAC] No UE found with C-RNTI 0c63, ignoring Msg3 to have UE come back with new RA attempt
[0m[93m[NR_MAC] No UE found with C-RNTI becb, ignoring Msg3 to have UE come back with new RA attempt
[0m[93m[NR_MAC] UE 8aae RA failed at state WAIT_Msg3 (Reached msg3 max harq rounds)
[0m[93m[NR_MAC] UE f2fd RA failed at state WAIT_Msg3 (Reached msg3 max harq rounds)
[0m[93m[NR_MAC] UE 1a0c RA failed at state WAIT_Msg3 (Reached msg3 max harq rounds)
[0m[93m[NR_MAC] UE 0ae9 RA failed at state WAIT_Msg3 (Reached msg3 max harq rounds)
[0m[93m[NR_MAC] No UE found with C-RNTI fc5f, ignoring Msg3 to have UE come back with new RA attempt
[0m[93m[NR_MAC] No UE found with C-RNTI e8c0, ignoring Msg3 to have UE come back with new RA attempt
[0m[93m[NR_MAC] No UE found with C-RNTI c1ef, ignoring Msg3 to have UE come back with new RA attempt
[0m[93m[NR_MAC] No UE found with C-RNTI 169a, ignoring Msg3 to have UE come back with new RA attempt
[0m[93m[NR_MAC] No UE found with C-RNTI 89de, ignoring Msg3 to have UE come back with new RA attempt
[0m[MAC]    [RAPROC] Received SDU for CCCH length 6 for UE beaa
[0m[93m[NR_MAC] (252.6) RA Contention Resolution timer expired for UE 0xbeaa, RA procedure failed...
[0m[93m[NGAP]   Failed to find ue context associated with gNB ue ngap id: 1
[0m[93m[RLC]    Remove UE 48810
[0m[1;31m[NGAP]   Failed to find ue context associated with gNB ue ngap id: 1
[0m[HW]     [o-du 0][rx 1225704 pps   10752 kbps   43005][tx 3633452 pps   31872 kbps  108900][Total Msgs_Rcvd 1225704]
[0m[HW]     [FH LOAD][o-du 0] rx=43.005 Mbps tx=108.900 Mbps total=151.905 Mbps rx_pps=10752 tx_pps=31872 total_pps=42624
[0m[HW]     [o_du0][pusch0 1050588 prach0  175104]
[0m[93m[NR_MAC] UE aed2 RA failed at state WAIT_Msg3 (Reached msg3 max harq rounds)
[0m[93m[NR_MAC] No UE found with C-RNTI 8ca5, ignoring Msg3 to have UE come back with new RA attempt
[0m[93m[HW]     TTI processing delay detected, skipping  288. 4 =>  288. 8
[0m[1;31m[HW]     Received Time doesn't correspond to the time we think it is (slot mismatch, received 288.8, expected 288.4)
[0m[93m[NR_MAC] No UE found with C-RNTI 99e6, ignoring Msg3 to have UE come back with new RA attempt
[0m[93m[NR_MAC] No UE found with C-RNTI ab0c, ignoring Msg3 to have UE come back with new RA attempt
[0m[93m[NR_MAC] No UE found with C-RNTI f9db, ignoring Msg3 to have UE come back with new RA attempt
[0m[93m[NR_MAC] No UE found with C-RNTI 5fe9, ignoring Msg3 to have UE come back with new RA attempt
[0m[93m[NR_MAC] No UE found with C-RNTI 9bf5, ignoring Msg3 to have UE come back with new RA attempt
[0m[93m[NR_MAC] No UE found with C-RNTI 9731, ignoring Msg3 to have UE come back with new RA attempt
[0m[93m[NR_MAC] UE fbe0 RA failed at state WAIT_Msg3 (Reached msg3 max harq rounds)
[0m[93m[NR_MAC] No UE found with C-RNTI e171, ignoring Msg3 to have UE come back with new RA attempt
[0m[93m[NR_MAC] No UE found with C-RNTI bd56, ignoring Msg3 to have UE come back with new RA attempt
[0m[93m[NR_MAC] No UE found with C-RNTI 0bfb, ignoring Msg3 to have UE come back with new RA attempt
[0m[93m[NR_MAC] No UE found with C-RNTI 368c, ignoring Msg3 to have UE come back with new RA attempt
[0m[93m[NR_MAC] No UE found with C-RNTI e1f3, ignoring Msg3 to have UE come back with new RA attempt
[0m[HW]     [o-du 0][rx 1236456 pps   10752 kbps   43010][tx 3665324 pps   31872 kbps  108900][Total Msgs_Rcvd 1236456]
[0m[HW]     [FH LOAD][o-du 0] rx=43.010 Mbps tx=108.900 Mbps total=151.910 Mbps rx_pps=10752 tx_pps=31872 total_pps=42624
[0m[HW]     [o_du0][pusch0 1059804 prach0  176640]
[0m[93m[NR_MAC] No UE found with C-RNTI d66c, ignoring Msg3 to have UE come back with new RA attempt
[0m[93m[NR_MAC] No UE found with C-RNTI e255, ignoring Msg3 to have UE come back with new RA attempt
[0m[93m[NR_MAC] No UE found with C-RNTI 2f44, ignoring Msg3 to have UE come back with new RA attempt
[0m[93m[NR_MAC] No UE found with C-RNTI c1d1, ignoring Msg3 to have UE come back with new RA attempt
[0m[93m[NR_MAC] No UE found with C-RNTI 4d6d, ignoring Msg3 to have UE come back with new RA attempt
[0m[93m[NR_MAC] UE 76c9 RA failed at state WAIT_Msg3 (Reached msg3 max harq rounds)
[0m[MAC]    [RAPROC] Received SDU for CCCH length 6 for UE 6761
[0m[93m[NR_MAC] (453.6) RA Contention Resolution timer expired for UE 0x6761, RA procedure failed...
[0m[93m[NGAP]   Failed to find ue context associated with gNB ue ngap id: 1
[0m[93m[RLC]    Remove UE 26465
[0m[1;31m[NGAP]   Failed to find ue context associated with gNB ue ngap id: 1
[0m[93m[NR_MAC] UE e239 RA failed at state WAIT_Msg3 (Reached msg3 max harq rounds)
[0m[93m[NR_MAC] UE dcba RA failed at state WAIT_Msg3 (Reached msg3 max harq rounds)
[0m[93m[NR_MAC] UE 7e43 RA failed at state WAIT_Msg3 (Reached msg3 max harq rounds)
[0m[93m[NR_MAC] UE bfc2 RA failed at state WAIT_Msg3 (Reached msg3 max harq rounds)
[0m[HW]     [o-du 0][rx 1247209 pps   10753 kbps   43013][tx 3697196 pps   31872 kbps  108900][Total Msgs_Rcvd 1247209]
[0m[HW]     [FH LOAD][o-du 0] rx=43.013 Mbps tx=108.900 Mbps total=151.913 Mbps rx_pps=10753 tx_pps=31872 total_pps=42625
[0m[HW]     [o_du0][pusch0 1069020 prach0  178176]
[0m[93m[NR_MAC] UE 394a RA failed at state WAIT_Msg3 (Reached msg3 max harq rounds)
[0m[93m[NR_MAC] UE c8da RA failed at state WAIT_Msg3 (Reached msg3 max harq rounds)
[0m[93m[NR_MAC] UE d056 RA failed at state WAIT_Msg3 (Reached msg3 max harq rounds)
[0m[93m[NR_MAC] UE 5ccb RA failed at state WAIT_Msg3 (Reached msg3 max harq rounds)
[0m[93m[NR_MAC] No UE found with C-RNTI 4773, ignoring Msg3 to have UE come back with new RA attempt
[0m[93m[NR_MAC] UE 18d3 RA failed at state WAIT_Msg3 (Reached msg3 max harq rounds)
[0m[93m[NR_MAC] UE db89 RA failed at state WAIT_Msg3 (Reached msg3 max harq rounds)
[0m[93m[NR_MAC] UE 7ebf RA failed at state WAIT_Msg3 (Reached msg3 max harq rounds)
[0m[93m[NR_MAC] UE 133a RA failed at state WAIT_Msg3 (Reached msg3 max harq rounds)
[0m[93m[HW]     TTI processing delay detected, skipping  585. 4 =>  585. 9
[0m[1;31m[HW]     Received Time doesn't correspond to the time we think it is (slot mismatch, received 585.9, expected 585.4)
[0m[93m[NR_MAC] UE a605 RA failed at state WAIT_Msg3 (Reached msg3 max harq rounds)
[0m[93m[NR_MAC] UE c4cc RA failed at state WAIT_Msg3 (Reached msg3 max harq rounds)
[0m[93m[NR_MAC] UE 05e1 RA failed at state WAIT_Msg3 (Reached msg3 max harq rounds)
[0m[93m[NR_MAC] UE d8b0 RA failed at state WAIT_Msg3 (Reached msg3 max harq rounds)
[0m[93m[NR_MAC] No UE found with C-RNTI 60d8, ignoring Msg3 to have UE come back with new RA attempt
[0m[93m[NR_MAC] UE bab8 RA failed at state WAIT_Msg3 (Reached msg3 max harq rounds)
[0m[HW]     [o-du 0][rx 1257961 pps   10752 kbps   43010][tx 3729068 pps   31872 kbps  108900][Total Msgs_Rcvd 1257961]
[0m[HW]     [FH LOAD][o-du 0] rx=43.010 Mbps tx=108.900 Mbps total=151.910 Mbps rx_pps=10752 tx_pps=31872 total_pps=42624
[0m[HW]     [o_du0][pusch0 1078236 prach0  179712]
[0m[MAC]    [RAPROC] Received SDU for CCCH length 6 for UE 48f6
[0m[93m[NR_MAC] (653.6) RA Contention Resolution timer expired for UE 0x48f6, RA procedure failed...
[0m[93m[NGAP]   Failed to find ue context associated with gNB ue ngap id: 1
[0m[93m[RLC]    Remove UE 18678
[0m[1;31m[NGAP]   Failed to find ue context associated with gNB ue ngap id: 1
[0m[93m[NR_MAC] UE 4a03 RA failed at state WAIT_Msg3 (Reached msg3 max harq rounds)
[0m[93m[NR_MAC] UE 222c RA failed at state WAIT_Msg3 (Reached msg3 max harq rounds)
[0m[93m[NR_MAC] No UE found with C-RNTI 7b22, ignoring Msg3 to have UE come back with new RA attempt
[0m[93m[NR_MAC] UE 000e RA failed at state WAIT_Msg3 (Reached msg3 max harq rounds)
[0m[93m[NR_MAC] No UE found with C-RNTI e07d, ignoring Msg3 to have UE come back with new RA attempt
[0m[93m[NR_MAC] No UE found with C-RNTI 2676, ignoring Msg3 to have UE come back with new RA attempt
[0m[93m[NR_MAC] UE 3ec2 RA failed at state WAIT_Msg3 (Reached msg3 max harq rounds)
[0m[93m[NR_MAC] UE dbd5 RA failed at state WAIT_Msg3 (Reached msg3 max harq rounds)
[0m[93m[NR_MAC] No UE found with C-RNTI 49c7, ignoring Msg3 to have UE come back with new RA attempt
[0m[93m[NR_MAC] No UE found with C-RNTI 848c, ignoring Msg3 to have UE come back with new RA attempt
[0m[93m[NR_MAC] No UE found with C-RNTI 9c58, ignoring Msg3 to have UE come back with new RA attempt
[0m[HW]     [o-du 0][rx 1268713 pps   10752 kbps   43002][tx 3760940 pps   31872 kbps  108900][Total Msgs_Rcvd 1268713]
[0m[HW]     [FH LOAD][o-du 0] rx=43.002 Mbps tx=108.900 Mbps total=151.902 Mbps rx_pps=10752 tx_pps=31872 total_pps=42624
[0m[HW]     [o_du0][pusch0 1087452 prach0  181248]
[0m[93m[NR_MAC] UE e777 RA failed at state WAIT_Msg3 (Reached msg3 max harq rounds)
[0m[93m[NR_MAC] UE da27 RA failed at state WAIT_Msg3 (Reached msg3 max harq rounds)
[0m[93m[NR_MAC] UE 7112 RA failed at state WAIT_Msg3 (Reached msg3 max harq rounds)
[0m[93m[NR_MAC] No UE found with C-RNTI 9b29, ignoring Msg3 to have UE come back with new RA attempt
[0m[93m[NR_MAC] No UE found with C-RNTI efd4, ignoring Msg3 to have UE come back with new RA attempt
[0m[93m[NR_MAC] UE e0bf RA failed at state WAIT_Msg3 (Reached msg3 max harq rounds)
[0m[93m[NR_MAC] No UE found with C-RNTI 2b7c, ignoring Msg3 to have UE come back with new RA attempt
[0m[93m[NR_MAC] No UE found with C-RNTI 6655, ignoring Msg3 to have UE come back with new RA attempt
[0m[93m[NR_MAC] No UE found with C-RNTI b611, ignoring Msg3 to have UE come back with new RA attempt
[0m[MAC]    [RAPROC] Received SDU for CCCH length 6 for UE 2709
[0m[93m[NR_MAC] (854.6) RA Contention Resolution timer expired for UE 0x2709, RA procedure failed...
[0m[93m[NGAP]   Failed to find ue context associated with gNB ue ngap id: 1
[0m[93m[RLC]    Remove UE 9993
[0m[1;31m[NGAP]   Failed to find ue context associated with gNB ue ngap id: 1
[0m[93m[NR_MAC] No UE found with C-RNTI 0e03, ignoring Msg3 to have UE come back with new RA attempt
[0m[93m[NR_MAC] No UE found with C-RNTI 1060, ignoring Msg3 to have UE come back with new RA attempt
[0m[HW]     [o-du 0][rx 1279465 pps   10752 kbps   43010][tx 3792812 pps   31872 kbps  108900][Total Msgs_Rcvd 1279465]
[0m[HW]     [FH LOAD][o-du 0] rx=43.010 Mbps tx=108.900 Mbps total=151.910 Mbps rx_pps=10752 tx_pps=31872 total_pps=42624
[0m[HW]     [o_du0][pusch0 1096668 prach0  182784]
[0m[93m[NR_MAC] No UE found with C-RNTI 7493, ignoring Msg3 to have UE come back with new RA attempt
[0m[93m[NR_MAC] UE 5482 RA failed at state WAIT_Msg3 (Reached msg3 max harq rounds)
[0m[93m[NR_MAC] No UE found with C-RNTI 3428, ignoring Msg3 to have UE come back with new RA attempt
[0m[93m[HW]     TTI processing delay detected, skipping  914. 4 =>  914. 9
[0m[1;31m[HW]     Received Time doesn't correspond to the time we think it is (slot mismatch, received 914.9, expected 914.4)
[0m[93m[NR_MAC] No UE found with C-RNTI 18a3, ignoring Msg3 to have UE come back with new RA attempt
[0m[93m[NR_MAC] UE a4e8 RA failed at state WAIT_Msg3 (Reached msg3 max harq rounds)
[0m[93m[NR_MAC] UE a722 RA failed at state WAIT_Msg3 (Reached msg3 max harq rounds)
[0m[93m[NR_MAC] No UE found with C-RNTI 3cf4, ignoring Msg3 to have UE come back with new RA attempt
[0m[93m[NR_MAC] No UE found with C-RNTI a43b, ignoring Msg3 to have UE come back with new RA attempt
[0m[93m[NR_MAC] No UE found with C-RNTI ceb4, ignoring Msg3 to have UE come back with new RA attempt
[0m[93m[NR_MAC] No UE found with C-RNTI 240e, ignoring Msg3 to have UE come back with new RA attempt
[0m[93m[NR_MAC] No UE found with C-RNTI 23c5, ignoring Msg3 to have UE come back with new RA attempt
[0m[93m[NR_MAC] No UE found with C-RNTI 47a8, ignoring Msg3 to have UE come back with new RA attempt
[0m[93m[NR_MAC] No UE found with C-RNTI fa62, ignoring Msg3 to have UE come back with new RA attempt
[0m[93m[NR_MAC] No UE found with C-RNTI 1ab6, ignoring Msg3 to have UE come back with new RA attempt
[0m[93m[NR_MAC] No UE found with C-RNTI 8dfd, ignoring Msg3 to have UE come back with new RA attempt
[0m[93m[NR_MAC] No UE found with C-RNTI d2b0, ignoring Msg3 to have UE come back with new RA attempt
[0m[HW]     [o-du 0][rx 1290217 pps   10752 kbps   43008][tx 3824684 pps   31872 kbps  108900][Total Msgs_Rcvd 1290217]
[0m[HW]     [FH LOAD][o-du 0] rx=43.008 Mbps tx=108.900 Mbps total=151.908 Mbps rx_pps=10752 tx_pps=31872 total_pps=42624
[0m[HW]     [o_du0][pusch0 1105884 prach0  184320]
[0m[PHY]    prach_I0 = 7.4 dB
[0m[93m[NR_MAC] No UE found with C-RNTI 65da, ignoring Msg3 to have UE come back with new RA attempt
[0m[93m[NR_MAC] No UE found with C-RNTI 3918, ignoring Msg3 to have UE come back with new RA attempt
[0m[MAC]    [RAPROC] Received SDU for CCCH length 6 for UE 69c2
[0m[93m[NR_MAC] (31.6) RA Contention Resolution timer expired for UE 0x69c2, RA procedure failed...
[0m[93m[NGAP]   Failed to find ue context associated with gNB ue ngap id: 1
[0m[93m[RLC]    Remove UE 27074
[0m[1;31m[NGAP]   Failed to find ue context associated with gNB ue ngap id: 1
[0m[93m[NR_MAC] No UE found with C-RNTI ae1e, ignoring Msg3 to have UE come back with new RA attempt
[0m[93m[NR_MAC] No UE found with C-RNTI ab77, ignoring Msg3 to have UE come back with new RA attempt
[0m[93m[NR_MAC] UE fa88 RA failed at state WAIT_Msg3 (Reached msg3 max harq rounds)
[0m[93m[NR_MAC] UE 1b18 RA failed at state WAIT_Msg3 (Reached msg3 max harq rounds)
[0m[93m[NR_MAC] No UE found with C-RNTI 7088, ignoring Msg3 to have UE come back with new RA attempt
[0m[93m[NR_MAC] No UE found with C-RNTI 6fb9, ignoring Msg3 to have UE come back with new RA attempt
[0m[93m[NR_MAC] No UE found with C-RNTI 829c, ignoring Msg3 to have UE come back with new RA attempt
[0m[93m[NR_MAC] No UE found with C-RNTI 985f, ignoring Msg3 to have UE come back with new RA attempt
[0m[93m[NR_MAC] UE cf8f RA failed at state WAIT_Msg3 (Reached msg3 max harq rounds)
[0m[HW]     [o-du 0][rx 1300969 pps   10752 kbps   43008][tx 3856556 pps   31872 kbps  108900][Total Msgs_Rcvd 1300969]
[0m[HW]     [FH LOAD][o-du 0] rx=43.008 Mbps tx=108.900 Mbps total=151.908 Mbps rx_pps=10752 tx_pps=31872 total_pps=42624
[0m[HW]     [o_du0][pusch0 1115100 prach0  185856]
[0m[93m[NR_MAC] No UE found with C-RNTI 6e8d, ignoring Msg3 to have UE come back with new RA attempt
[0m[93m[NR_MAC] No UE found with C-RNTI 6e45, ignoring Msg3 to have UE come back with new RA attempt
[0m[93m[NR_MAC] No UE found with C-RNTI 24ab, ignoring Msg3 to have UE come back with new RA attempt
[0m[93m[NR_MAC] No UE found with C-RNTI 2155, ignoring Msg3 to have UE come back with new RA attempt
[0m[93m[NR_MAC] UE bcca RA failed at state WAIT_Msg3 (Reached msg3 max harq rounds)
[0m[93m[NR_MAC] UE bde9 RA failed at state WAIT_Msg3 (Reached msg3 max harq rounds)
[0m[93m[NR_MAC] UE 8966 RA failed at state WAIT_Msg3 (Reached msg3 max harq rounds)
[0m[93m[HW]     TTI processing delay detected, skipping  187. 4 =>  187.10
[0m[1;31m[HW]     Received Time doesn't correspond to the time we think it is (slot mismatch, received 187.10, expected 187.4)
[0m[93m[HW]     we get rach data from ru, but it is not scheduled 187.19
[0m[93m[NR_MAC] UE 0812 RA failed at state WAIT_Msg3 (Reached msg3 max harq rounds)
[0m[93m[NR_MAC] UE c498 RA failed at state WAIT_Msg3 (Reached msg3 max harq rounds)
[0m[93m[NR_MAC] UE 2508 RA failed at state WAIT_Msg3 (Reached msg3 max harq rounds)
[0m[MAC]    [RAPROC] Received SDU for CCCH length 6 for UE 049a
[0m[93m[NR_MAC] (231.6) RA Contention Resolution timer expired for UE 0x049a, RA procedure failed...
[0m[93m[NGAP]   Failed to find ue context associated with gNB ue ngap id: 1
[0m[93m[RLC]    Remove UE 1178
[0m[1;31m[NGAP]   Failed to find ue context associated with gNB ue ngap id: 1
[0m[HW]     [o-du 0][rx 1311721 pps   10752 kbps   43008][tx 3888428 pps   31872 kbps  108900][Total Msgs_Rcvd 1311721]
[0m[HW]     [FH LOAD][o-du 0] rx=43.008 Mbps tx=108.900 Mbps total=151.908 Mbps rx_pps=10752 tx_pps=31872 total_pps=42624
[0m[HW]     [o_du0][pusch0 1124316 prach0  187392]
[0m[93m[NR_MAC] UE 31a1 RA failed at state WAIT_Msg3 (Reached msg3 max harq rounds)
[0m[93m[NR_MAC] UE 0ab6 RA failed at state WAIT_Msg3 (Reached msg3 max harq rounds)
[0m[93m[NR_MAC] No UE found with C-RNTI b0b6, ignoring Msg3 to have UE come back with new RA attempt
[0m[93m[NR_MAC] UE 23f4 RA failed at state WAIT_Msg3 (Reached msg3 max harq rounds)
[0m[93m[NR_MAC] UE 4c70 RA failed at state WAIT_Msg3 (Reached msg3 max harq rounds)
[0m[93m[NR_MAC] UE 2d21 RA failed at state WAIT_Msg3 (Reached msg3 max harq rounds)
[0m[93m[NR_MAC] UE 32ce RA failed at state WAIT_Msg3 (Reached msg3 max harq rounds)
[0m[93m[NR_MAC] UE 5a8b RA failed at state WAIT_Msg3 (Reached msg3 max harq rounds)
[0m[93m[NR_MAC] UE 8f02 RA failed at state WAIT_Msg3 (Reached msg3 max harq rounds)
[0m[93m[NR_MAC] UE 62a2 RA failed at state WAIT_Msg3 (Reached msg3 max harq rounds)
[0m[93m[NR_MAC] UE 735d RA failed at state WAIT_Msg3 (Reached msg3 max harq rounds)
[0m[93m[NR_MAC] UE f128 RA failed at state WAIT_Msg3 (Reached msg3 max harq rounds)
[0m[93m[NR_MAC] UE e408 RA failed at state WAIT_Msg3 (Reached msg3 max harq rounds)
[0m[93m[NR_MAC] No UE found with C-RNTI e2b0, ignoring Msg3 to have UE come back with new RA attempt
[0m[93m[NR_MAC] UE 6a75 RA failed at state WAIT_Msg3 (Reached msg3 max harq rounds)
[0m[93m[NR_MAC] UE 3ab3 RA failed at state WAIT_Msg3 (Reached msg3 max harq rounds)
[0m[HW]     [o-du 0][rx 1322474 pps   10753 kbps   42999][tx 3920300 pps   31872 kbps  108900][Total Msgs_Rcvd 1322474]
[0m[HW]     [FH LOAD][o-du 0] rx=42.999 Mbps tx=108.900 Mbps total=151.899 Mbps rx_pps=10753 tx_pps=31872 total_pps=42625
[0m[HW]     [o_du0][pusch0 1133532 prach0  188928]
[0m[93m[NR_MAC] No UE found with C-RNTI 625f, ignoring Msg3 to have UE come back with new RA attempt
[0m[93m[NR_MAC] UE 959e RA failed at state WAIT_Msg3 (Reached msg3 max harq rounds)
[0m[93m[NR_MAC] UE 09b3 RA failed at state WAIT_Msg3 (Reached msg3 max harq rounds)
[0m[93m[NR_MAC] UE e935 RA failed at state WAIT_Msg3 (Reached msg3 max harq rounds)
[0m[MAC]    [RAPROC] Received SDU for CCCH length 6 for UE 2837
[0m[93m[NR_MAC] (432.6) RA Contention Resolution timer expired for UE 0x2837, RA procedure failed...
[0m[93m[NGAP]   Failed to find ue context associated with gNB ue ngap id: 1
[0m[93m[RLC]    Remove UE 10295
[0m[1;31m[NGAP]   Failed to find ue context associated with gNB ue ngap id: 1
[0m[93m[NR_MAC] No UE found with C-RNTI 052c, ignoring Msg3 to have UE come back with new RA attempt
[0m[93m[NR_MAC] No UE found with C-RNTI 3066, ignoring Msg3 to have UE come back with new RA attempt
[0m[93m[NR_MAC] No UE found with C-RNTI 2133, ignoring Msg3 to have UE come back with new RA attempt
[0m[93m[NR_MAC] No UE found with C-RNTI 6957, ignoring Msg3 to have UE come back with new RA attempt
[0m[93m[NR_MAC] UE 5475 RA failed at state WAIT_Msg3 (Reached msg3 max harq rounds)
[0m[93m[NR_MAC] No UE found with C-RNTI fd22, ignoring Msg3 to have UE come back with new RA attempt
[0m[93m[HW]     TTI processing delay detected, skipping  508. 4 =>  508.10
[0m[1;31m[HW]     Received Time doesn't correspond to the time we think it is (slot mismatch, received 508.10, expected 508.4)
[0m[93m[HW]     we get rach data from ru, but it is not scheduled 508.19
[0m[HW]     [o-du 0][rx 1333226 pps   10752 kbps   43010][tx 3952172 pps   31872 kbps  108900][Total Msgs_Rcvd 1333226]
[0m[HW]     [FH LOAD][o-du 0] rx=43.010 Mbps tx=108.900 Mbps total=151.910 Mbps rx_pps=10752 tx_pps=31872 total_pps=42624
[0m[HW]     [o_du0][pusch0 1142748 prach0  190464]
[0m[93m[NR_MAC] No UE found with C-RNTI 780f, ignoring Msg3 to have UE come back with new RA attempt
[0m[93m[NR_MAC] No UE found with C-RNTI 617d, ignoring Msg3 to have UE come back with new RA attempt
[0m[93m[NR_MAC] No UE found with C-RNTI 80b7, ignoring Msg3 to have UE come back with new RA attempt
[0m[93m[NR_MAC] No UE found with C-RNTI 57ca, ignoring Msg3 to have UE come back with new RA attempt
[0m[93m[NR_MAC] No UE found with C-RNTI 475e, ignoring Msg3 to have UE come back with new RA attempt
[0m[93m[NR_MAC] No UE found with C-RNTI 4705, ignoring Msg3 to have UE come back with new RA attempt
[0m[93m[NR_MAC] No UE found with C-RNTI 8e37, ignoring Msg3 to have UE come back with new RA attempt
[0m[93m[NR_MAC] No UE found with C-RNTI c78d, ignoring Msg3 to have UE come back with new RA attempt
[0m[93m[NR_MAC] No UE found with C-RNTI b23a, ignoring Msg3 to have UE come back with new RA attempt
[0m[93m[NR_MAC] No UE found with C-RNTI dac9, ignoring Msg3 to have UE come back with new RA attempt
[0m[93m[NR_MAC] UE 4d74 RA failed at state WAIT_Msg3 (Reached msg3 max harq rounds)
[0m[93m[NR_MAC] UE f79f RA failed at state WAIT_Msg3 (Reached msg3 max harq rounds)
[0m[93m[NR_MAC] UE f62d RA failed at state WAIT_Msg3 (Reached msg3 max harq rounds)
[0m[MAC]    [RAPROC] Received SDU for CCCH length 6 for UE 59a6
[0m[93m[NR_MAC] (633.6) RA Contention Resolution timer expired for UE 0x59a6, RA procedure failed...
[0m[93m[NGAP]   Failed to find ue context associated with gNB ue ngap id: 1
[0m[93m[RLC]    Remove UE 22950
[0m[1;31m[NGAP]   Failed to find ue context associated with gNB ue ngap id: 1
[0m[HW]     [o-du 0][rx 1343978 pps   10752 kbps   43016][tx 3984044 pps   31872 kbps  108900][Total Msgs_Rcvd 1343978]
[0m[HW]     [FH LOAD][o-du 0] rx=43.016 Mbps tx=108.900 Mbps total=151.916 Mbps rx_pps=10752 tx_pps=31872 total_pps=42624
[0m[HW]     [o_du0][pusch0 1151964 prach0  192000]
[0m[93m[NR_MAC] No UE found with C-RNTI a7c4, ignoring Msg3 to have UE come back with new RA attempt
[0m[93m[NR_MAC] UE 825b RA failed at state WAIT_Msg3 (Reached msg3 max harq rounds)
[0m[93m[NR_MAC] UE bbf1 RA failed at state WAIT_Msg3 (Reached msg3 max harq rounds)
[0m[93m[NR_MAC] UE 75dd RA failed at state WAIT_Msg3 (Reached msg3 max harq rounds)
[0m[93m[NR_MAC] UE e3af RA failed at state WAIT_Msg3 (Reached msg3 max harq rounds)
[0m[93m[NR_MAC] No UE found with C-RNTI ec48, ignoring Msg3 to have UE come back with new RA attempt
[0m[93m[NR_MAC] No UE found with C-RNTI 5540, ignoring Msg3 to have UE come back with new RA attempt
[0m[93m[NR_MAC] No UE found with C-RNTI bbb5, ignoring Msg3 to have UE come back with new RA attempt
[0m[93m[NR_MAC] UE 41a9 RA failed at state WAIT_Msg3 (Reached msg3 max harq rounds)
[0m[93m[NR_MAC] UE 206f RA failed at state WAIT_Msg3 (Reached msg3 max harq rounds)
[0m[93m[NR_MAC] No UE found with C-RNTI 9391, ignoring Msg3 to have UE come back with new RA attempt
[0m[93m[NR_MAC] No UE found with C-RNTI c313, ignoring Msg3 to have UE come back with new RA attempt
[0m[93m[NR_MAC] No UE found with C-RNTI f13c, ignoring Msg3 to have UE come back with new RA attempt
[0m[93m[NR_MAC] UE 9574 RA failed at state WAIT_Msg3 (Reached msg3 max harq rounds)
[0m[HW]     [o-du 0][rx 1354730 pps   10752 kbps   43016][tx 4015916 pps   31872 kbps  108900][Total Msgs_Rcvd 1354730]
[0m[HW]     [FH LOAD][o-du 0] rx=43.016 Mbps tx=108.900 Mbps total=151.916 Mbps rx_pps=10752 tx_pps=31872 total_pps=42624
[0m[HW]     [o_du0][pusch0 1161180 prach0  193536]
[0m[93m[NR_MAC] UE b621 RA failed at state WAIT_Msg3 (Reached msg3 max harq rounds)
[0m[93m[NR_MAC] UE 522e RA failed at state WAIT_Msg3 (Reached msg3 max harq rounds)
[0m[93m[NR_MAC] UE 8a40 RA failed at state WAIT_Msg3 (Reached msg3 max harq rounds)
[0m[93m[NR_MAC] No UE found with C-RNTI 93be, ignoring Msg3 to have UE come back with new RA attempt
[0m[93m[NR_MAC] No UE found with C-RNTI 9402, ignoring Msg3 to have UE come back with new RA attempt
[0m[93m[HW]     TTI processing delay detected, skipping  805. 4 =>  805.11
[0m[1;31m[HW]     Received Time doesn't correspond to the time we think it is (slot mismatch, received 805.11, expected 805.4)
[0m[93m[HW]     we get rach data from ru, but it is not scheduled 805.19
[0m[93m[HW]     we get rach data from ru, but it is not scheduled 806.19
[0m[93m[NR_MAC] No UE found with C-RNTI be0e, ignoring Msg3 to have UE come back with new RA attempt
[0m[93m[NR_MAC] UE 46dc RA failed at state WAIT_Msg3 (Reached msg3 max harq rounds)
[0m[MAC]    [RAPROC] Received SDU for CCCH length 6 for UE ed0b
[0m[93m[NR_MAC] (844.6) RA Contention Resolution timer expired for UE 0xed0b, RA procedure failed...
[0m[93m[NGAP]   Failed to find ue context associated with gNB ue ngap id: 1
[0m[93m[RLC]    Remove UE 60683
[0m[1;31m[NGAP]   Failed to find ue context associated with gNB ue ngap id: 1
[0m[93m[NR_MAC] No UE found with C-RNTI 893c, ignoring Msg3 to have UE come back with new RA attempt
[0m[93m[NR_MAC] UE f034 RA failed at state WAIT_Msg3 (Reached msg3 max harq rounds)
[0m[93m[NR_MAC] UE a5e6 RA failed at state WAIT_Msg3 (Reached msg3 max harq rounds)
[0m[HW]     [o-du 0][rx 1365482 pps   10752 kbps   42999][tx 4047788 pps   31872 kbps  108900][Total Msgs_Rcvd 1365482]
[0m[HW]     [FH LOAD][o-du 0] rx=42.999 Mbps tx=108.900 Mbps total=151.899 Mbps rx_pps=10752 tx_pps=31872 total_pps=42624
[0m[HW]     [o_du0][pusch0 1170396 prach0  195072]
[0m[93m[NR_MAC] UE e534 RA failed at state WAIT_Msg3 (Reached msg3 max harq rounds)
[0m[93m[NR_MAC] No UE found with C-RNTI 8253, ignoring Msg3 to have UE come back with new RA attempt
[0m[93m[NR_MAC] No UE found with C-RNTI 5a58, ignoring Msg3 to have UE come back with new RA attempt
[0m[93m[NR_MAC] No UE found with C-RNTI b1b3, ignoring Msg3 to have UE come back with new RA attempt
[0m[93m[NR_MAC] No UE found with C-RNTI 6741, ignoring Msg3 to have UE come back with new RA attempt
[0m[93m[NR_MAC] No UE found with C-RNTI 7ea8, ignoring Msg3 to have UE come back with new RA attempt
[0m[93m[NR_MAC] No UE found with C-RNTI ad6d, ignoring Msg3 to have UE come back with new RA attempt
[0m[93m[NR_MAC] No UE found with C-RNTI 79d2, ignoring Msg3 to have UE come back with new RA attempt
[0m[93m[NR_MAC] No UE found with C-RNTI 8b9d, ignoring Msg3 to have UE come back with new RA attempt
[0m[93m[NR_MAC] UE 0c6e RA failed at state WAIT_Msg3 (Reached msg3 max harq rounds)
[0m[93m[NR_MAC] UE c406 RA failed at state WAIT_Msg3 (Reached msg3 max harq rounds)
[0m[93m[NR_MAC] No UE found with C-RNTI d998, ignoring Msg3 to have UE come back with new RA attempt
[0m[93m[NR_MAC] No UE found with C-RNTI 718e, ignoring Msg3 to have UE come back with new RA attempt
[0m[93m[NR_MAC] No UE found with C-RNTI a227, ignoring Msg3 to have UE come back with new RA attempt
[0m[93m[NR_MAC] No UE found with C-RNTI a933, ignoring Msg3 to have UE come back with new RA attempt
[0m[93m[NR_MAC] No UE found with C-RNTI 28a6, ignoring Msg3 to have UE come back with new RA attempt
[0m[93m[NR_MAC] No UE found with C-RNTI 0e5b, ignoring Msg3 to have UE come back with new RA attempt
[0m[HW]     [o-du 0][rx 1376234 pps   10752 kbps   43016][tx 4079660 pps   31872 kbps  108900][Total Msgs_Rcvd 1376234]
[0m[HW]     [FH LOAD][o-du 0] rx=43.016 Mbps tx=108.900 Mbps total=151.916 Mbps rx_pps=10752 tx_pps=31872 total_pps=42624
[0m[HW]     [o_du0][pusch0 1179612 prach0  196608]
[0m[PHY]    prach_I0 = 5.7 dB
[0m[MAC]    [RAPROC] Received SDU for CCCH length 6 for UE cdf4
[0m[93m[NR_MAC] (21.6) RA Contention Resolution timer expired for UE 0xcdf4, RA procedure failed...
[0m[93m[NGAP]   Failed to find ue context associated with gNB ue ngap id: 1
[0m[93m[RLC]    Remove UE 52724
[0m[1;31m[NGAP]   Failed to find ue context associated with gNB ue ngap id: 1
[0m[93m[NR_MAC] No UE found with C-RNTI 22ca, ignoring Msg3 to have UE come back with new RA attempt
[0m[93m[NR_MAC] UE 0891 RA failed at state WAIT_Msg3 (Reached msg3 max harq rounds)
[0m[93m[NR_MAC] UE 588b RA failed at state WAIT_Msg3 (Reached msg3 max harq rounds)
[0m[93m[NR_MAC] UE 47fb RA failed at state WAIT_Msg3 (Reached msg3 max harq rounds)
[0m[93m[NR_MAC] UE 3238 RA failed at state WAIT_Msg3 (Reached msg3 max harq rounds)
[0m[93m[NR_MAC] UE b216 RA failed at state WAIT_Msg3 (Reached msg3 max harq rounds)
[0m[93m[NR_MAC] UE a4dd RA failed at state WAIT_Msg3 (Reached msg3 max harq rounds)
[0m[93m[NR_MAC] UE 6c7e RA failed at state WAIT_Msg3 (Reached msg3 max harq rounds)
[0m[93m[NR_MAC] UE 3a9d RA failed at state WAIT_Msg3 (Reached msg3 max harq rounds)
[0m[93m[HW]     TTI processing delay detected, skipping  121. 4 =>  121.11
[0m[1;31m[HW]     Received Time doesn't correspond to the time we think it is (slot mismatch, received 121.11, expected 121.4)
[0m[93m[HW]     we get rach data from ru, but it is not scheduled 121.19
[0m[93m[HW]     we get rach data from ru, but it is not scheduled 122.19
[0m[1;31m[NR_MAC] FAILURE:  127.19 initiating RA procedure for preamble index 56: no free RA process
[0m[HW]     [o-du 0][rx 1386986 pps   10752 kbps   43002][tx 4111532 pps   31872 kbps  108900][Total Msgs_Rcvd 1386986]
[0m[HW]     [FH LOAD][o-du 0] rx=43.002 Mbps tx=108.900 Mbps total=151.902 Mbps rx_pps=10752 tx_pps=31872 total_pps=42624
[0m[HW]     [o_du0][pusch0 1188828 prach0  198144]
[0m[1;31m[NR_MAC] FAILURE:  129.19 initiating RA procedure for preamble index 8: no free RA process
[0m[1;31m[NR_MAC] FAILURE:  131.19 initiating RA procedure for preamble index 14: no free RA process
[0m[1;31m[NR_MAC] FAILURE:  133.19 initiating RA procedure for preamble index 30: no free RA process
[0m[1;31m[NR_MAC] FAILURE:  135.19 initiating RA procedure for preamble index 26: no free RA process
[0m[1;31m[NR_MAC] FAILURE:  137.19 initiating RA procedure for preamble index 26: no free RA process
[0m[1;31m[NR_MAC] FAILURE:  139.19 initiating RA procedure for preamble index 15: no free RA process
[0m[1;31m[NR_MAC] FAILURE:  141.19 initiating RA procedure for preamble index 13: no free RA process
[0m[1;31m[NR_MAC] FAILURE:  143.19 initiating RA procedure for preamble index 32: no free RA process
[0m[1;31m[NR_MAC] FAILURE:  145.19 initiating RA procedure for preamble index 9: no free RA process
[0m[1;31m[NR_MAC] FAILURE:  152.19 initiating RA procedure for preamble index 23: no free RA process
[0m[1;31m[NR_MAC] FAILURE:  154.19 initiating RA procedure for preamble index 51: no free RA process
[0m[1;31m[NR_MAC] FAILURE:  156.19 initiating RA procedure for preamble index 30: no free RA process
[0m[1;31m[NR_MAC] FAILURE:  158.19 initiating RA procedure for preamble index 38: no free RA process
[0m[1;31m[NR_MAC] FAILURE:  160.19 initiating RA procedure for preamble index 12: no free RA process
[0m[1;31m[NR_MAC] FAILURE:  162.19 initiating RA procedure for preamble index 2: no free RA process
[0m[1;31m[NR_MAC] FAILURE:  164.19 initiating RA procedure for preamble index 8: no free RA process
[0m[1;31m[NR_MAC] FAILURE:  166.19 initiating RA procedure for preamble index 3: no free RA process
[0m[1;31m[NR_MAC] FAILURE:  168.19 initiating RA procedure for preamble index 20: no free RA process
[0m[1;31m[NR_MAC] FAILURE:  170.19 initiating RA procedure for preamble index 54: no free RA process
[0m[1;31m[NR_MAC] FAILURE:  172.19 initiating RA procedure for preamble index 62: no free RA process
[0m[1;31m[NR_MAC] FAILURE:  174.19 initiating RA procedure for preamble index 42: no free RA process
[0m[1;31m[NR_MAC] FAILURE:  176.19 initiating RA procedure for preamble index 47: no free RA process
[0m[1;31m[NR_MAC] FAILURE:  178.19 initiating RA procedure for preamble index 54: no free RA process
[0m[1;31m[NR_MAC] FAILURE:  180.19 initiating RA procedure for preamble index 31: no free RA process
[0m[1;31m[NR_MAC] FAILURE:  182.19 initiating RA procedure for preamble index 36: no free RA process
[0m[1;31m[NR_MAC] FAILURE:  184.19 initiating RA procedure for preamble index 3: no free RA process
[0m[1;31m[NR_MAC] FAILURE:  186.19 initiating RA procedure for preamble index 35: no free RA process
[0m[1;31m[NR_MAC] FAILURE:  188.19 initiating RA procedure for preamble index 30: no free RA process
[0m[1;31m[NR_MAC] FAILURE:  190.19 initiating RA procedure for preamble index 55: no free RA process
[0m[HW]     [o-du 0][rx 1397738 pps   10752 kbps   43013][tx 4143404 pps   31872 kbps  108900][Total Msgs_Rcvd 1397738]
[0m[HW]     [FH LOAD][o-du 0] rx=43.013 Mbps tx=108.900 Mbps total=151.913 Mbps rx_pps=10752 tx_pps=31872 total_pps=42624
[0m[HW]     [o_du0][pusch0 1198044 prach0  199680]
[0m[HW]     [o-du 0][rx 1408490 pps   10752 kbps   43008][tx 4175276 pps   31872 kbps  108900][Total Msgs_Rcvd 1408490]
[0m[HW]     [FH LOAD][o-du 0] rx=43.008 Mbps tx=108.900 Mbps total=151.908 Mbps rx_pps=10752 tx_pps=31872 total_pps=42624
[0m[HW]     [o_du0][pusch0 1207260 prach0  201216]
[0m[HW]     [o-du 0][rx 1419242 pps   10752 kbps   43008][tx 4207148 pps   31872 kbps  108900][Total Msgs_Rcvd 1419242]
[0m[HW]     [FH LOAD][o-du 0] rx=43.008 Mbps tx=108.900 Mbps total=151.908 Mbps rx_pps=10752 tx_pps=31872 total_pps=42624
[0m[HW]     [o_du0][pusch0 1216476 prach0  202752]
[0m[HW]     [o-du 0][rx 1429994 pps   10752 kbps   42999][tx 4239020 pps   31872 kbps  108900][Total Msgs_Rcvd 1429994]
[0m[HW]     [FH LOAD][o-du 0] rx=42.999 Mbps tx=108.900 Mbps total=151.899 Mbps rx_pps=10752 tx_pps=31872 total_pps=42624
[0m[HW]     [o_du0][pusch0 1225692 prach0  204288]
[0m[HW]     [o-du 0][rx 1440746 pps   10752 kbps   43008][tx 4270892 pps   31872 kbps  108900][Total Msgs_Rcvd 1440746]
[0m[HW]     [FH LOAD][o-du 0] rx=43.008 Mbps tx=108.900 Mbps total=151.908 Mbps rx_pps=10752 tx_pps=31872 total_pps=42624
[0m[HW]     [o_du0][pusch0 1234908 prach0  205824]
[0m[HW]     [o-du 0][rx 1451498 pps   10752 kbps   43010][tx 4302764 pps   31872 kbps  108900][Total Msgs_Rcvd 1451498]
[0m[HW]     [FH LOAD][o-du 0] rx=43.010 Mbps tx=108.900 Mbps total=151.910 Mbps rx_pps=10752 tx_pps=31872 total_pps=42624
[0m[HW]     [o_du0][pusch0 1244124 prach0  207360]
[0m